"","Acc_Index","Vehicle_Reference","Vehicle_Type","Towing_and_Articulation","Vehicle_Manoeuvre","Vehicle_Location.Restricted_Lane","Junction_Location","Skidding_and_Overturning","Hit_Object_in_Carriageway","Vehicle_Leaving_Carriageway","Hit_Object_off_Carriageway","X1st_Point_of_Impact","Was_Vehicle_Left_Hand_Drive","Journey_Purpose_of_Driver","Sex_of_Driver","Age_Band_of_Driver","Engine_Capacity_.CC.","Propulsion_Code","Age_of_Vehicle","Driver_IMD_Decile","Driver_Home_Area_Type"
"1761","201001CP00362",1,19,0,1,0,8,0,0,0,0,2,1,15,1,5,2461,2,3,2,1
"1762","201001CP00363",1,8,0,18,0,8,0,0,0,0,1,1,1,3,-1,2664,2,12,-1,-1
"1949","201001CW10168",1,1,0,5,0,8,0,0,0,0,1,1,15,1,5,-1,-1,-1,3,1
"1950","201001CW10168",2,19,0,13,0,8,0,0,0,0,4,1,15,1,6,-1,-1,-1,-1,-1
"3867","201001CW11697",1,1,0,18,0,1,0,0,0,0,3,1,1,1,6,-1,-1,-1,4,1
"3868","201001CW11697",2,9,0,7,0,1,0,0,0,0,4,1,15,1,-1,1796,1,4,4,1
"5935","201001EO40408",1,9,0,7,0,8,0,0,0,0,0,1,15,1,7,-1,-1,-1,8,1
"5936","201001EO40408",2,1,0,4,0,8,0,0,0,0,0,1,15,1,6,-1,-1,-1,10,1
"9237","201001HT20290",1,1,0,18,0,0,0,0,0,0,4,1,15,1,7,-1,-1,-1,-1,-1
"9238","201001HT20290",2,9,0,15,0,0,0,0,0,0,1,1,15,1,-1,-1,-1,-1,-1,-1
"9362","201001HT20367",1,9,0,18,0,0,0,0,0,0,1,1,15,1,8,-1,-1,-1,-1,-1
"9460","201001HT20428",1,1,0,18,9,2,0,10,1,0,3,1,2,2,6,-1,-1,-1,2,1
"9461","201001HT20428",2,19,0,13,0,2,0,0,0,0,4,1,15,3,-1,-1,-1,-1,-1,-1
"9694","201001HT20571",1,9,0,18,0,2,0,10,1,0,1,1,15,1,6,-1,-1,-1,-1,-1
"10076","201001HT20829",1,9,0,18,0,2,0,0,0,0,1,1,15,1,6,-1,-1,-1,-1,-1
"10117","201001HT20857",1,19,0,9,0,1,0,10,7,1,1,1,15,1,7,2402,2,4,-1,-1
"16375","201001LX50347",1,9,0,18,0,1,0,7,0,0,1,1,15,1,8,1598,1,13,-1,-1
"16744","201001LX50599",1,19,0,18,0,8,0,0,0,0,4,1,1,1,10,1753,2,7,3,1
"17642","201001LX51214",1,19,0,4,0,0,1,0,0,0,1,1,2,1,-1,2496,2,11,4,1
"17643","201001LX51214",2,9,0,3,0,0,0,0,0,0,2,1,15,1,-1,1360,1,8,4,1
"18799","201001MM70780",1,1,0,18,0,0,0,0,0,0,3,1,15,1,6,-1,-1,-1,2,1
"18800","201001MM70780",2,9,0,13,0,0,0,0,0,0,4,1,15,1,-1,-1,-1,-1,-1,-1
"19796","201001PL60313",1,9,0,18,0,1,0,0,0,0,3,1,15,1,-1,1896,2,7,4,1
"19797","201001PL60313",2,9,0,18,0,2,0,0,0,0,3,1,15,1,-1,-1,-1,-1,-1,-1
"20252","201001PL60589",1,9,0,1,0,8,0,0,0,0,2,1,15,1,5,1595,1,7,3,1
"20253","201001PL60589",2,19,0,3,0,8,0,0,0,0,1,1,15,1,-1,1769,2,13,-1,-1
"20681","201001PY20000",1,9,0,9,0,8,0,0,0,0,3,1,15,2,11,1389,1,13,9,1
"20682","201001PY20000",2,1,0,18,0,1,0,0,0,0,1,1,15,1,8,-1,-1,-1,-1,-1
"20683","201001PY20003",1,9,0,2,0,0,0,0,0,0,2,1,15,1,9,-1,-1,-1,7,1
"20684","201001PY20003",2,9,0,18,0,0,0,0,0,0,1,1,15,1,9,1997,1,13,-1,-1
"20685","201001PY20005",1,9,0,14,0,1,0,0,0,0,1,1,15,1,6,1997,1,12,1,1
"20686","201001PY20005",2,11,0,2,0,1,0,0,0,0,2,1,15,1,6,11630,2,16,9,1
"20687","201001PY20006",1,9,0,4,0,0,0,0,0,0,1,1,15,2,-1,-1,-1,-1,-1,-1
"20688","201001PY20007",1,11,0,4,0,1,0,0,0,0,0,1,15,1,7,9000,2,7,9,1
"20689","201001PY20008",1,19,0,5,0,2,0,0,0,0,1,1,15,1,-1,1248,2,3,7,1
"20690","201001PY20010",1,9,0,2,0,2,0,0,0,0,2,1,15,1,7,1998,1,21,1,1
"20691","201001PY20010",2,9,0,16,0,2,1,0,0,0,1,1,15,2,6,-1,-1,-1,2,1
"20692","201001PY20011",1,9,0,4,0,8,1,10,0,0,1,1,15,2,4,1388,1,6,9,1
"20693","201001PY20011",2,11,0,18,0,8,0,0,0,0,4,1,15,1,8,9200,2,7,-1,-1
"20694","201001PY20014",1,9,0,9,0,8,0,0,0,0,1,1,15,2,6,973,1,11,-1,-1
"20695","201001PY20014",2,3,0,18,0,1,0,0,0,0,2,1,15,1,6,125,1,1,-1,-1
"20696","201001PY20015",1,9,0,18,0,0,0,0,0,0,1,1,15,1,7,1242,1,13,8,1
"20697","201001PY20015",2,19,0,9,0,0,0,10,7,10,4,1,15,3,-1,1868,2,5,-1,-1
"20698","201001PY20020",1,19,0,18,0,2,0,0,0,0,3,1,15,3,-1,-1,-1,-1,-1,-1
"20699","201001PY20021",1,11,0,5,0,0,0,0,0,0,0,1,1,1,-1,8268,2,9,-1,-1
"20700","201001PY20023",1,9,0,18,0,0,0,0,0,0,3,1,15,2,9,1598,1,9,2,1
"20701","201001PY20024",1,9,0,18,0,8,0,0,0,0,4,1,15,1,4,1229,1,5,9,1
"20702","201001PY20024",2,9,0,18,0,1,0,0,0,0,1,1,15,1,10,1497,1,6,9,1
"20703","201001PY20027",1,19,0,17,0,2,1,10,1,2,1,1,15,1,8,2148,2,3,5,1
"20704","201001PY20027",2,9,0,17,0,2,1,10,1,0,1,1,15,1,8,-1,-1,-1,7,1
"20705","201001PY20028",1,9,0,18,0,0,0,0,0,0,1,1,15,2,6,-1,-1,-1,7,1
"20706","201001PY20029",1,9,0,3,0,1,0,0,0,0,2,1,15,1,6,1299,1,15,7,1
"20707","201001PY20029",2,9,0,18,0,1,0,0,0,0,1,1,15,1,-1,1397,1,1,-1,-1
"20708","201001PY20030",1,19,0,15,0,2,0,0,0,0,4,1,15,3,-1,-1,-1,-1,-1,-1
"20709","201001PY20031",1,9,0,4,0,2,5,10,1,0,1,1,2,2,4,1149,1,2,8,1
"20710","201001PY20033",1,11,0,2,0,0,0,0,0,0,2,1,15,1,7,7300,2,7,-1,-1
"20711","201001PY20033",2,19,0,18,0,0,1,0,0,0,1,1,15,1,-1,2151,2,9,-1,-1
"20712","201001PY20034",1,19,0,2,0,0,0,0,0,0,1,1,15,3,-1,2151,2,9,-1,-1
"20713","201001PY20034",2,9,0,18,0,0,0,0,0,0,2,1,15,1,-1,1800,1,3,6,1
"20714","201001PY20036",1,9,0,3,0,1,0,0,0,0,2,1,15,2,7,1910,1,3,-1,-1
"20715","201001PY20036",2,9,0,18,0,1,0,0,0,0,1,1,15,1,6,1995,2,2,3,1
"20716","201001PY20038",1,9,0,18,0,8,0,10,1,4,1,1,15,1,7,1329,1,1,3,1
"20717","201001PY20039",1,9,0,18,0,0,0,0,0,0,1,1,15,2,5,1149,1,8,-1,-1
"20718","201001PY20039",2,9,0,2,0,0,0,0,0,0,2,1,15,2,8,2171,1,9,-1,-1
"20719","201001PY20040",1,9,0,9,0,8,0,0,0,0,3,1,15,2,8,-1,-1,-1,8,1
"20720","201001PY20040",2,9,0,18,0,1,0,0,0,0,1,1,15,2,10,1275,1,15,9,1
"20721","201001PY20041",1,9,0,18,0,8,0,0,0,0,3,1,15,2,5,1590,1,8,4,1
"20722","201001PY20041",2,19,0,18,0,8,0,0,0,0,4,1,1,1,-1,1998,2,5,-1,-1
"20723","201001PY20042",1,9,0,18,0,0,0,0,0,0,4,1,15,1,8,1595,1,9,1,1
"20724","201001PY20042",2,9,0,1,0,0,0,0,0,0,2,1,15,1,4,1598,1,7,4,1
"20725","201001PY20043",1,5,0,18,0,8,0,0,0,0,2,1,15,1,6,998,1,4,7,1
"20726","201001PY20043",2,9,0,18,0,8,0,0,0,0,1,1,15,3,-1,-1,-1,-1,-1,-1
"20727","201001PY20044",1,19,0,1,0,6,0,0,0,0,2,1,15,1,8,-1,-1,-1,10,1
"20728","201001PY20045",1,19,0,18,0,1,0,0,0,0,1,1,15,1,6,2402,2,3,8,1
"20729","201001PY20045",2,17,0,4,0,1,0,0,0,0,2,1,15,1,-1,4400,2,1,-1,-1
"20730","201001PY20046",1,9,0,9,0,8,0,0,0,0,3,1,15,2,8,2435,1,7,7,1
"20731","201001PY20047",1,1,0,18,0,0,0,0,0,0,1,1,15,1,7,-1,-1,-1,10,1
"20732","201001PY20047",2,9,0,2,0,0,0,0,0,0,2,1,15,2,7,-1,-1,-1,5,1
"20733","201001PY20048",1,9,0,9,0,8,5,10,1,10,4,1,15,1,9,1272,1,16,4,1
"20734","201001PY20048",2,9,0,18,0,1,0,0,0,0,1,1,15,1,7,2967,1,8,7,1
"20735","201001PY20049",1,9,0,18,0,8,0,0,0,0,4,1,15,1,6,-1,-1,-1,2,1
"20736","201001PY20049",2,9,0,18,0,8,0,0,0,0,1,1,15,3,-1,-1,-1,-1,-1,-1
"20737","201001PY20050",1,9,0,18,0,2,0,0,0,0,1,1,15,2,11,-1,-1,-1,9,1
"20738","201001PY20051",1,9,0,7,0,2,0,0,0,0,2,1,15,2,8,-1,-1,-1,9,1
"20739","201001PY20051",2,1,0,18,0,2,0,0,0,0,1,1,15,1,8,-1,-1,-1,7,1
"20740","201001PY20052",1,9,0,9,0,8,0,0,0,0,1,1,15,2,5,1595,1,4,4,3
"20741","201001PY20054",1,1,0,18,0,1,0,0,0,0,1,1,15,1,6,-1,-1,-1,10,1
"20742","201001PY20054",2,9,0,9,0,8,0,0,0,0,3,1,15,1,-1,2497,1,7,-1,-1
"20743","201001PY20055",1,11,0,4,0,1,0,0,0,0,0,1,15,1,8,-1,2,11,9,1
"20744","201001PY20056",1,9,0,9,0,8,0,0,0,0,4,1,15,1,7,1796,1,8,2,1
"20745","201001PY20056",2,3,0,13,0,1,0,0,0,0,1,1,15,1,5,125,1,5,-1,-1
"20746","201001PY20057",1,9,0,4,0,8,0,0,0,0,2,1,15,2,7,1794,1,8,-1,-1
"20747","201001PY20057",2,9,0,5,0,8,0,0,0,0,1,1,15,1,7,1598,1,15,-1,2
"20748","201001PY20058",1,9,0,3,0,2,0,0,0,0,2,1,15,1,9,1998,2,4,10,1
"20749","201001PY20058",2,9,0,17,0,2,1,0,0,0,1,1,15,1,7,1998,2,5,4,1
"20750","201001PY20059",1,19,0,18,0,0,0,0,0,0,1,1,15,1,9,1753,2,3,6,1
"20751","201001PY20061",1,9,0,18,0,8,0,0,0,0,4,1,15,1,9,1242,1,6,7,1
"20752","201001PY20061",2,9,0,18,0,1,0,0,0,0,1,1,15,2,8,1299,1,10,4,1
"20753","201001PY20062",1,9,0,18,0,1,0,0,0,0,4,1,15,1,8,1360,1,5,2,1
"20754","201001PY20062",2,9,0,9,0,8,0,0,0,0,3,1,15,1,6,-1,-1,-1,8,1
"20755","201001PY20063",1,11,0,18,0,1,0,0,0,0,1,1,15,1,6,9200,2,7,-1,-1
"20756","201001PY20063",2,9,0,4,0,1,0,0,0,0,2,1,15,2,-1,1796,1,7,4,3
"20757","201001PY20065",1,9,0,9,0,8,0,0,0,0,0,1,15,2,6,-1,-1,-1,-1,-1
"20758","201001PY20065",2,5,0,18,0,1,1,0,0,0,0,1,15,1,8,125,1,2,-1,-1
"20759","201001PY20066",1,9,0,18,0,0,0,0,0,0,1,1,15,1,4,954,1,13,8,1
"20760","201001PY20067",1,3,0,18,0,1,1,0,0,0,0,1,15,1,8,125,1,2,1,1
"20761","201001PY20067",2,9,0,9,0,8,0,0,0,0,0,1,15,3,-1,-1,-1,-1,-1,-1
"20762","201001PY20069",1,11,0,4,0,1,0,0,0,0,0,1,15,1,7,9400,2,4,7,1
"20763","201001PY20070",1,9,0,18,0,1,0,0,0,0,1,1,15,1,8,1299,1,9,7,1
"20764","201001PY20070",2,9,0,9,0,8,0,0,0,0,3,1,15,1,7,1596,1,4,9,1
"20765","201001PY20071",1,9,0,9,0,2,0,0,0,0,1,1,15,1,7,-1,-1,-1,3,1
"20766","201001PY20071",2,1,0,18,0,6,0,0,0,0,3,1,15,1,3,-1,-1,-1,8,1
"20767","201001PY20072",1,9,0,18,0,0,0,0,0,0,2,1,15,2,5,1364,1,2,8,1
"20768","201001PY20072",2,19,0,18,0,0,0,0,0,0,1,1,15,1,-1,-1,-1,-1,-1,-1
"20769","201001PY20073",1,9,0,2,0,1,0,0,0,0,3,1,15,1,10,1796,1,10,6,1
"20770","201001PY20073",2,1,0,18,0,1,0,0,0,0,1,1,15,1,8,-1,-1,-1,3,1
"20771","201001PY20074",1,9,0,5,0,1,0,0,0,0,1,1,15,1,-1,-1,-1,-1,-1,-1
"20772","201001PY20076",1,9,0,4,0,2,5,10,0,0,2,1,15,1,4,998,1,2,2,1
"20773","201001PY20076",2,9,0,4,0,2,0,0,0,0,1,1,15,1,5,1332,1,13,-1,-1
"20774","201001PY20077",1,9,0,4,0,1,0,0,0,0,2,1,15,2,6,2979,1,7,-1,-1
"20775","201001PY20077",2,9,0,4,0,1,0,0,0,0,1,1,15,2,6,-1,-1,-1,6,1
"20776","201001PY20078",1,9,0,1,0,0,0,0,0,0,2,1,15,1,11,1242,1,13,9,1
"20777","201001PY20079",1,3,0,14,0,1,0,0,0,0,1,1,15,1,4,-1,-1,-1,3,1
"20778","201001PY20079",2,19,0,9,0,8,0,0,0,0,3,1,15,1,7,-1,-1,-1,2,1
"20779","201001PY20080",1,1,0,18,0,1,0,0,0,0,1,1,15,1,10,-1,-1,-1,9,1
"20780","201001PY20080",2,9,0,9,0,8,0,0,0,0,4,1,15,2,-1,1299,1,8,-1,-1
"20781","201001PY20082",1,9,0,18,0,0,0,0,0,0,4,1,15,1,11,998,1,10,7,1
"20782","201001PY20082",2,9,0,18,0,0,0,0,0,0,1,1,15,2,9,1781,1,20,10,1
"20783","201001PY20082",3,19,0,2,0,0,0,0,0,0,2,1,15,1,-1,2198,2,2,-1,-1
"20784","201001PY20083",1,9,0,1,0,0,0,0,0,0,2,1,15,2,-1,-1,-1,-1,-1,-1
"20785","201001PY20083",2,1,0,13,0,0,0,0,0,0,1,1,15,1,7,-1,-1,-1,3,1
"20786","201001PY20084",1,9,0,9,0,8,0,0,0,0,1,1,15,2,6,1149,1,8,2,1
"20787","201001PY20084",2,9,0,18,0,1,0,0,0,0,3,1,15,2,8,2438,1,16,9,1
"20788","201001PY20086",1,9,0,18,0,8,0,0,0,0,1,1,15,1,4,2926,2,10,-1,-1
"20789","201001PY20086",2,9,0,6,0,8,0,0,0,0,3,1,15,1,5,-1,-1,-1,-1,-1
"20790","201001PY20087",1,9,0,18,0,8,0,0,0,0,3,1,15,2,8,1242,1,12,8,1
"20791","201001PY20087",2,9,0,18,0,1,0,0,0,0,1,1,15,1,6,998,1,15,1,1
"20792","201001PY20089",1,9,0,18,0,1,0,0,0,0,3,1,15,2,8,1596,1,12,4,1
"20793","201001PY20089",2,5,0,13,0,1,0,7,0,0,1,1,15,1,6,599,1,3,1,1
"20794","201001PY20090",1,9,0,1,0,6,0,0,0,0,2,1,15,3,-1,1984,1,2,-1,-1
"20795","201001PY20092",1,9,0,9,0,8,0,0,0,0,4,1,15,1,6,1149,1,5,8,1
"20796","201001PY20092",2,1,0,18,0,1,0,0,0,0,1,1,15,1,6,-1,-1,-1,6,1
"20797","201001PY20093",1,9,0,14,0,1,0,0,0,0,4,1,15,1,9,1686,2,10,-1,-1
"20798","201001PY20094",1,9,0,9,0,8,0,0,0,0,4,1,15,1,7,1242,1,12,-1,-1
"20799","201001PY20094",2,9,0,18,0,1,0,0,0,0,1,1,15,1,5,1596,1,3,4,1
"20800","201001PY20095",1,9,0,18,0,2,0,0,0,0,3,1,15,2,-1,-1,-1,-1,-1,-1
"20801","201001PY20097",1,9,0,18,0,2,0,10,1,10,1,1,15,2,7,1665,2,13,8,1
"20802","201001PY20100",1,9,0,9,0,8,0,0,0,0,4,1,15,1,8,-1,-1,-1,9,1
"20803","201001PY20100",2,9,0,18,0,1,0,0,0,0,1,1,15,1,5,998,1,1,9,1
"20804","201001PY20102",1,9,0,9,0,0,0,0,0,0,3,1,15,1,6,1299,1,7,2,1
"20805","201001PY20102",2,9,0,18,0,0,0,0,0,0,1,1,15,1,8,-1,-1,-1,10,1
"20806","201001PY20103",1,1,0,18,0,2,0,0,0,0,1,1,15,1,7,-1,-1,-1,-1,-1
"20807","201001PY20104",1,9,0,9,0,8,0,0,0,0,3,1,15,1,9,1396,1,10,5,1
"20808","201001PY20104",2,5,0,18,0,1,0,0,0,0,1,1,15,1,7,599,1,9,-1,-1
"20809","201001PY20106",1,9,0,18,0,2,0,0,0,0,1,1,15,2,7,1275,1,11,4,1
"20810","201001PY20107",1,9,0,9,0,8,0,0,0,0,4,2,15,1,8,-1,-1,-1,-1,-1
"20811","201001PY20107",2,9,0,18,0,1,0,0,0,0,4,1,15,1,9,-1,-1,-1,-1,-1
"20812","201001PY20108",1,9,0,4,0,0,0,0,0,0,2,1,15,2,5,1598,1,6,7,1
"20813","201001PY20108",2,9,0,18,0,0,0,0,0,0,1,1,15,1,8,-1,-1,-1,4,1
"20814","201001PY20110",1,9,0,7,0,2,1,10,1,4,1,1,15,1,4,1400,1,4,8,1
"20815","201001PY20111",1,9,0,9,0,8,0,0,0,0,4,1,15,2,5,998,1,5,10,1
"20816","201001PY20111",2,9,0,18,0,1,0,10,1,10,3,1,15,2,9,1560,2,6,6,1
"20817","201001PY20112",1,3,0,18,0,8,0,0,0,0,1,1,15,1,5,125,1,2,-1,-1
"20818","201001PY20113",1,5,0,14,0,1,0,0,0,0,1,1,15,1,8,599,1,14,9,1
"20819","201001PY20113",2,9,0,14,0,1,0,0,0,0,3,1,15,2,5,1299,1,9,4,1
"20820","201001PY20114",1,9,0,18,0,8,0,0,0,0,3,1,15,2,9,1390,1,7,5,1
"20821","201001PY20114",2,3,0,18,0,8,0,0,0,0,4,1,15,1,9,1064,1,3,10,1
"20822","201001PY20115",1,9,0,14,0,0,0,0,0,0,1,1,15,1,-1,1998,1,10,-1,-1
"20823","201001PY20116",1,3,0,18,0,0,0,0,0,0,1,1,15,1,4,124,1,1,9,1
"20824","201001PY20117",1,9,0,9,0,0,0,0,0,0,4,1,15,1,5,1679,1,9,3,1
"20825","201001PY20117",2,5,0,18,0,0,0,0,0,0,1,1,15,1,7,644,1,3,9,1
"20826","201001PY20120",1,9,0,18,0,2,0,7,0,0,1,1,15,2,9,-1,-1,-1,2,1
"20827","201001PY20121",1,9,0,4,0,0,0,0,0,0,2,1,15,1,6,-1,-1,-1,3,1
"20828","201001PY20121",2,19,0,18,0,0,0,0,0,0,1,1,15,1,-1,1998,2,6,-1,-1
"20829","201001PY20122",1,9,0,9,0,8,0,0,0,0,1,1,15,2,7,1199,1,7,4,1
"20830","201001PY20122",2,9,0,18,0,1,0,0,0,0,1,1,15,1,6,2967,2,1,10,1
"20831","201001PY20123",1,9,0,18,0,8,0,0,0,0,3,1,15,1,8,1794,1,8,5,1
"20832","201001PY20123",2,3,0,18,0,8,0,0,0,0,1,1,15,1,4,50,1,9,2,1
"20833","201001PY20125",1,9,0,18,0,1,0,0,0,0,4,1,15,1,5,1390,1,4,9,1
"20834","201001PY20125",2,2,0,9,0,8,0,0,0,0,4,1,15,1,4,50,1,3,9,1
"20835","201001PY20126",1,9,0,5,0,2,0,0,0,0,4,1,15,2,8,2995,1,5,9,1
"20837","201001PY20128",1,9,0,18,0,0,0,10,1,4,1,1,15,1,4,1399,1,12,8,1
"20838","201001PY20129",1,9,0,10,0,1,0,0,0,0,2,1,15,1,6,1390,1,11,6,1
"20839","201001PY20129",2,9,0,5,0,1,0,0,0,0,1,1,15,2,-1,-1,-1,-1,-1,-1
"20840","201001PY20130",1,9,0,4,0,1,0,0,0,0,1,1,15,2,5,1149,1,6,7,1
"20841","201001PY20130",2,5,0,18,0,1,0,0,0,0,2,1,15,1,6,645,1,7,2,1
"20842","201001PY20133",1,9,0,18,0,1,0,0,0,0,3,1,15,1,10,1589,1,14,7,1
"20843","201001PY20133",2,19,0,18,0,8,0,0,0,0,1,1,1,1,7,2148,2,4,9,1
"20844","201001PY20134",1,9,0,18,0,8,0,0,0,0,3,1,15,1,10,1796,1,13,6,1
"20845","201001PY20134",2,9,0,18,0,8,0,0,0,0,1,1,15,2,5,1360,1,7,-1,-1
"20846","201001PY20135",1,9,0,18,0,1,0,0,0,0,1,1,15,1,9,1598,1,8,8,1
"20847","201001PY20135",2,3,0,7,0,8,0,0,0,0,2,1,1,1,5,49,1,4,-1,-1
"20848","201001PY20136",1,9,0,9,0,0,0,0,0,0,1,1,15,2,7,1798,1,7,9,1
"20849","201001PY20136",2,3,0,14,0,0,0,0,0,0,1,1,15,1,5,124,1,11,-1,-1
"20850","201001PY20137",1,9,0,9,0,8,0,0,0,0,1,1,15,1,10,1598,1,6,10,1
"20851","201001PY20137",2,9,0,18,0,1,0,0,0,0,4,1,15,2,11,1975,1,8,10,1
"20852","201001PY20137",3,9,0,2,0,1,0,0,0,0,2,1,15,3,-1,1398,1,9,-1,-1
"20853","201001PY20138",1,9,0,18,0,0,0,10,1,0,1,1,15,3,-1,-1,-1,-1,-1,-1
"20854","201001PY20139",1,1,0,9,0,0,0,0,0,0,1,1,15,1,6,-1,-1,-1,4,1
"20855","201001PY20139",2,9,0,14,0,0,0,0,0,0,3,1,15,1,-1,-1,-1,-1,8,1
"20856","201001PY20140",1,9,0,18,0,8,0,0,0,0,4,1,15,1,5,1368,1,2,2,1
"20857","201001PY20140",2,9,0,5,0,8,0,0,0,0,1,1,15,1,5,1796,1,8,9,1
"20858","201001PY20141",1,9,0,18,0,0,0,0,0,0,1,1,15,1,5,796,1,10,10,1
"20859","201001PY20142",1,9,0,18,0,0,5,0,0,0,1,1,15,1,11,1396,1,8,9,1
"20860","201001PY20142",2,9,0,2,0,0,0,0,0,0,1,1,15,3,-1,-1,-1,-1,-1,-1
"20861","201001PY20143",1,9,0,1,0,0,0,0,0,0,2,1,15,3,-1,-1,-1,-1,-1,-1
"20862","201001PY20148",1,9,0,16,0,0,0,0,0,0,3,1,15,1,6,-1,-1,-1,6,1
"20863","201001PY20148",2,9,0,17,0,0,0,0,0,0,3,1,15,1,6,1598,1,4,3,1
"20864","201001PY20149",1,9,0,9,0,8,0,0,0,0,1,1,15,1,6,2198,1,8,2,1
"20865","201001PY20149",2,1,0,18,0,1,0,0,0,0,1,1,15,1,6,-1,-1,-1,9,1
"20866","201001PY20151",1,9,0,18,0,1,0,0,0,0,1,1,15,2,5,1468,1,5,5,1
"20867","201001PY20152",1,1,0,18,9,1,0,0,0,0,1,1,15,1,4,-1,-1,-1,10,1
"20868","201001PY20152",2,9,0,7,0,6,0,0,0,0,4,1,15,1,-1,2494,1,9,-1,-1
"20869","201001PY20153",1,9,0,18,0,0,0,0,0,0,1,1,15,1,7,2720,2,3,9,1
"20870","201001PY20153",2,9,0,18,0,0,0,10,0,0,1,1,15,1,7,1686,2,15,7,1
"20871","201001PY20154",1,9,0,18,0,2,1,10,5,10,1,1,15,2,11,1968,2,2,-1,-1
"20872","201001PY20155",1,9,0,18,0,1,0,0,0,0,1,1,15,2,4,1598,1,8,9,1
"20873","201001PY20155",2,9,0,9,0,8,0,0,0,0,4,1,15,1,4,-1,-1,-1,10,1
"20874","201001PY20156",1,9,0,2,0,0,0,0,0,0,3,1,15,2,8,2799,1,12,2,1
"20875","201001PY20156",2,9,0,18,0,0,0,0,0,0,3,1,15,1,-1,2685,2,7,-1,-1
"20876","201001PY20157",1,9,0,9,0,8,0,0,0,0,1,1,15,2,9,973,1,13,6,1
"20877","201001PY20157",2,9,0,9,0,8,0,0,0,0,3,1,15,1,4,1560,2,5,6,1
"20878","201001PY20158",1,9,0,18,0,2,0,0,0,0,4,1,15,3,-1,-1,-1,-1,-1,-1
"20879","201001PY20159",1,9,0,3,0,0,0,0,0,0,2,1,15,2,7,1991,1,17,8,1
"20880","201001PY20159",2,9,0,18,0,0,0,0,0,0,1,1,15,1,-1,1124,1,10,9,1
"20881","201001PY20160",1,19,0,1,0,0,0,0,0,0,2,1,1,1,7,2400,2,5,8,1
"20882","201001PY20161",1,9,0,9,0,8,0,0,0,0,2,1,15,1,6,1390,1,6,2,1
"20883","201001PY20161",2,9,0,5,0,1,0,0,0,0,1,1,15,2,-1,1360,1,9,-1,-1
"20884","201001PY20162",1,9,0,18,0,0,0,0,0,0,1,1,15,1,9,1895,1,9,10,1
"20885","201001PY20162",2,9,0,17,0,0,0,10,0,0,4,1,15,1,10,1598,1,3,8,1
"20886","201001PY20164",1,9,0,5,0,0,0,0,0,0,3,1,15,1,7,1783,1,9,-1,-1
"20887","201001PY20164",2,5,0,18,0,0,0,0,0,0,1,1,15,1,6,1471,1,10,3,1
"20888","201001PY20166",1,9,0,2,0,0,0,0,0,0,3,1,15,2,7,1998,1,8,5,1
"20889","201001PY20166",2,9,0,18,0,0,0,0,0,0,4,1,15,2,-1,1242,1,3,4,1
"20890","201001PY20167",1,9,0,18,0,8,0,0,0,0,4,1,15,1,6,999,1,1,5,1
"20891","201001PY20167",2,9,0,9,0,8,0,0,0,0,1,1,15,3,-1,1596,1,8,-1,-1
"20892","201001PY20168",1,9,0,9,0,1,0,0,0,0,3,1,15,1,9,1590,1,9,3,1
"20893","201001PY20168",2,5,0,14,0,1,0,0,0,0,1,1,15,1,8,599,1,6,9,1
"20894","201001PY20169",1,9,0,13,0,0,0,0,0,0,4,1,15,2,5,1399,2,1,9,1
"20895","201001PY20169",2,1,0,18,0,0,0,0,0,0,3,1,15,1,7,-1,-1,-1,8,1
"20896","201001PY20170",1,9,0,9,0,8,0,0,0,0,2,1,15,2,5,1598,1,4,2,1
"20897","201001PY20170",2,11,0,5,0,1,0,0,0,0,1,1,1,1,8,5883,2,9,-1,-1
"20898","201001PY20171",1,9,0,18,0,8,0,10,1,10,1,1,15,2,4,1199,1,8,-1,-1
"20899","201001PY20172",1,9,0,7,0,8,0,0,0,0,4,1,15,2,8,1973,1,11,7,1
"20900","201001PY20172",2,1,0,18,0,1,0,0,0,0,1,1,15,2,7,-1,-1,-1,-1,-1
"20901","201001PY20173",1,9,0,18,0,0,0,0,0,0,3,1,15,1,6,-1,-1,-1,6,1
"20902","201001PY20173",2,9,0,18,0,0,0,0,0,0,3,1,15,1,-1,-1,-1,-1,5,1
"20903","201001PY20173",3,9,0,2,0,0,0,0,0,0,3,1,15,3,-1,1364,1,2,-1,-1
"20904","201001PY20174",1,9,0,18,0,0,0,0,0,0,3,1,15,1,10,1998,2,6,8,1
"20905","201001PY20174",2,1,0,18,0,0,0,0,0,0,1,1,15,1,4,-1,-1,-1,-1,-1
"20906","201001PY20175",1,11,0,18,0,1,0,0,0,0,0,1,1,3,-1,-1,-1,-1,-1,-1
"20907","201001PY20176",1,9,0,3,0,2,0,0,0,0,2,1,15,1,8,1198,1,6,10,1
"20908","201001PY20176",2,9,0,18,0,2,0,0,0,0,1,1,15,1,-1,1598,1,10,3,1