"","Acc_Index","Vehicle_Reference","Vehicle_Type","Towing_and_Articulation","Vehicle_Manoeuvre","Vehicle_Location.Restricted_Lane","Junction_Location","Skidding_and_Overturning","Hit_Object_in_Carriageway","Vehicle_Leaving_Carriageway","Hit_Object_off_Carriageway","X1st_Point_of_Impact","Was_Vehicle_Left_Hand_Drive","Journey_Purpose_of_Driver","Sex_of_Driver","Age_Band_of_Driver","Engine_Capacity_.CC.","Propulsion_Code","Age_of_Vehicle","Driver_IMD_Decile","Driver_Home_Area_Type"
"21423","201001PY20531",2,5,0,13,0,0,0,0,0,0,4,1,15,1,7,124,1,7,2,1
"21424","201001PY20532",1,9,0,7,0,2,0,10,1,10,1,1,15,2,9,1588,1,6,7,1
"21425","201001PY20533",1,9,0,9,0,8,0,0,0,0,3,1,15,1,5,1242,1,8,3,1
"21426","201001PY20533",2,3,0,18,0,8,0,0,0,0,1,1,15,1,4,125,1,-1,3,1
"21427","201001PY20533",3,9,0,10,0,8,0,0,0,0,3,1,15,1,10,1396,1,9,-1,-1
"21428","201001PY20534",1,9,0,9,0,8,0,0,0,0,4,1,15,2,8,1753,2,9,9,1
"21429","201001PY20534",2,1,0,18,0,8,0,0,0,0,1,1,15,2,8,-1,-1,-1,2,1
"21430","201001PY20535",1,9,0,6,0,1,0,0,0,0,3,1,15,1,7,1783,1,8,2,1
"21431","201001PY20535",2,1,0,14,0,1,0,0,0,0,1,1,15,1,8,-1,-1,-1,10,1
"21432","201001PY20536",1,9,0,7,0,8,0,0,0,0,2,1,15,2,7,1783,1,8,5,1
"21433","201001PY20536",2,1,0,18,0,8,0,0,0,0,1,1,15,1,7,-1,-1,-1,7,1
"21434","201001PY20537",1,9,0,18,0,8,0,0,0,0,4,1,15,2,11,1390,1,6,9,1
"21435","201001PY20537",2,9,0,9,0,8,0,0,0,0,1,1,15,2,7,2179,2,2,9,1
"21436","201001PY20537",3,9,0,2,0,2,0,0,0,0,3,1,15,2,8,1368,1,2,10,1
"21437","201001PY20539",1,9,0,18,0,2,0,0,0,0,4,1,15,2,5,1198,1,3,9,1
"21438","201001PY20540",1,11,0,3,0,0,0,0,0,0,0,1,1,1,8,8268,2,10,2,1
"21439","201001PY20541",1,9,0,10,0,1,0,0,0,0,2,1,15,2,7,1590,1,8,9,1
"21440","201001PY20541",2,9,0,18,0,1,0,0,0,0,1,1,15,2,6,1124,1,8,6,1
"21441","201001PY20542",1,9,0,18,0,2,0,7,0,0,1,1,15,2,8,1995,2,6,8,1
"21442","201001PY20543",1,9,0,4,0,1,0,0,0,0,2,1,15,2,4,1149,1,12,1,1
"21443","201001PY20543",2,9,0,18,0,1,0,0,0,0,1,1,15,2,-1,1390,1,-1,-1,-1
"21444","201001PY20543",3,5,0,4,0,1,0,0,0,0,2,1,15,3,-1,-1,-1,-1,-1,-1
"21445","201001PY20544",1,11,0,18,0,0,0,0,0,0,0,1,1,1,7,3900,2,4,-1,-1
"21446","201001PY20545",1,11,0,5,0,0,0,0,0,0,4,1,1,1,9,5883,2,9,10,1
"21449","201001PY20547",1,9,0,9,0,8,0,0,0,0,1,1,15,1,4,1390,1,9,9,1
"21450","201001PY20547",2,9,0,18,0,8,0,4,0,0,4,1,15,1,6,1910,2,3,8,1
"21451","201001PY20547",3,9,0,2,0,2,0,0,0,0,2,1,15,1,8,1796,1,1,5,1
"21452","201001PY20547",4,9,0,2,0,2,0,0,0,0,2,1,15,1,8,1598,1,12,7,1
"21453","201001PY20547",5,9,0,2,0,2,0,0,0,0,2,1,15,1,8,1595,1,8,-1,-1
"21454","201001PY20548",1,9,0,18,0,2,0,0,0,0,4,1,15,1,6,1598,1,15,3,1
"21455","201001PY20549",1,9,0,18,0,8,0,0,0,0,4,1,15,1,9,1599,1,11,2,1
"21456","201001PY20549",2,9,0,5,0,6,0,0,0,0,1,1,15,2,-1,1598,1,2,-1,-1
"21457","201001PY20550",1,9,0,9,0,8,0,0,0,0,1,1,15,1,6,1998,1,12,1,1
"21458","201001PY20550",2,5,0,18,0,8,0,0,0,0,4,1,1,2,5,599,1,-1,3,1
"21459","201001PY20551",1,11,0,4,0,1,0,0,0,0,0,1,1,1,6,5883,2,9,1,1
"21460","201001PY20552",1,9,0,18,0,0,0,0,0,0,1,1,1,1,7,1332,1,10,1,1
"21461","201001PY20553",1,9,0,9,0,8,0,0,0,0,4,1,1,2,6,1796,1,5,2,1
"21462","201001PY20553",2,9,0,5,0,8,0,0,0,0,2,1,15,2,7,1991,2,8,5,1
"21463","201001PY20553",3,9,0,15,0,8,0,0,0,0,1,1,15,2,6,1598,1,4,5,1
"21464","201001PY20554",1,9,0,18,0,8,0,0,0,0,1,1,2,1,8,1796,1,7,9,1
"21465","201001PY20554",2,9,0,9,0,8,0,0,0,0,3,1,1,1,6,1229,1,-1,8,1
"21466","201001PY20555",1,4,0,18,0,8,0,0,0,0,1,1,2,2,6,487,1,2,3,1
"21467","201001PY20555",2,9,0,9,0,8,0,0,0,0,3,1,2,1,5,2204,2,1,5,1
"21469","201001PY20557",1,9,0,5,0,1,0,0,0,0,1,1,15,1,7,-1,-1,-1,9,1
"21470","201001PY20557",2,9,0,3,0,1,0,0,0,0,2,1,15,2,9,2902,2,2,9,1
"21471","201001PY20558",1,9,0,18,0,1,0,0,0,0,1,1,15,1,8,1991,1,13,2,1
"21472","201001PY20559",1,9,0,2,0,1,0,0,0,0,2,1,15,2,7,2696,2,5,5,1
"21473","201001PY20559",2,9,0,18,0,1,0,4,0,0,1,1,15,1,-1,2362,1,7,4,1
"21474","201001PY20560",1,9,0,18,0,8,0,0,0,0,1,1,15,2,4,1490,1,3,8,1
"21475","201001PY20560",2,9,0,9,0,8,0,0,0,0,3,1,15,2,8,1798,1,4,8,1
"21476","201001PY20562",1,9,0,7,0,8,0,0,0,0,3,1,15,1,11,1997,2,8,2,1
"21477","201001PY20562",2,9,0,18,0,8,0,0,0,0,1,1,15,2,5,1598,1,9,3,1
"21478","201001PY20563",1,9,0,9,0,8,0,0,0,0,1,1,2,1,9,1599,1,6,9,1
"21479","201001PY20563",2,9,0,9,0,8,0,0,0,0,3,1,2,1,7,1796,1,8,4,1
"21480","201001PY20564",1,9,0,18,0,1,0,0,0,0,1,1,15,1,6,1390,1,16,7,1
"21481","201001PY20565",1,9,0,9,0,2,0,0,0,0,1,1,15,2,9,1798,1,7,7,1
"21482","201001PY20567",1,9,0,18,0,2,0,0,0,0,1,1,15,1,11,1242,1,5,9,1
"21483","201001PY20567",2,9,0,4,0,2,0,0,0,0,2,1,15,2,6,1796,1,8,-1,-1
"21484","201001PY20568",1,9,0,18,0,8,0,0,0,0,1,1,15,1,5,1199,1,9,-1,-1
"21485","201001PY20568",2,9,0,9,0,8,0,0,0,0,3,1,15,1,9,1596,1,11,3,1
"21486","201001PY20569",1,9,0,18,0,8,0,0,0,0,1,1,15,2,6,2148,2,4,2,1
"21487","201001PY20569",2,9,0,18,0,8,0,0,0,0,1,1,15,2,7,2231,2,1,-1,-1
"21488","201001PY20569",3,9,0,18,0,8,0,0,0,0,1,1,15,1,7,1997,1,8,-1,-1
"21489","201001PY20570",1,9,0,3,0,0,0,0,0,0,3,1,2,2,7,-1,-1,-1,5,1
"21490","201001PY20570",2,19,0,18,0,0,0,0,0,0,3,1,15,1,-1,-1,-1,-1,-1,-1
"21491","201001PY20571",1,19,0,5,0,1,0,0,0,0,1,1,1,1,5,1686,2,1,8,1
"21492","201001PY20571",2,9,0,3,0,1,0,0,0,0,2,1,1,1,4,599,1,8,9,1
"21493","201001PY20572",1,9,0,12,0,1,0,0,0,0,3,1,15,1,5,1299,1,13,10,1
"21494","201001PY20572",2,3,0,13,0,1,0,0,0,0,4,1,15,1,6,89,1,25,6,1
"21495","201001PY20573",1,1,0,18,0,8,0,0,0,0,1,1,15,1,7,-1,-1,-1,5,1
"21496","201001PY20573",2,9,0,7,0,8,0,0,0,0,4,1,15,1,-1,2987,2,1,-1,-1
"21497","201001PY20574",1,9,0,18,0,8,0,0,0,0,1,1,15,1,4,1392,1,12,6,1
"21498","201001PY20574",2,9,0,16,0,8,0,0,0,0,3,1,15,2,7,1560,2,1,-1,-1
"21499","201001PY20575",1,9,0,18,0,2,0,0,0,0,3,1,15,1,10,1796,1,3,9,1
"21500","201001PY20575",2,1,0,18,0,2,0,0,0,0,1,1,15,1,4,-1,-1,-1,10,1
"21501","201001PY20577",1,5,0,16,0,0,0,0,0,0,1,1,15,1,7,599,1,1,6,1
"21502","201001PY20577",2,11,0,17,0,0,0,0,0,0,3,1,1,1,6,5883,2,9,6,3
"21503","201001PY20578",1,9,0,18,0,1,1,0,0,0,1,1,15,2,7,1392,1,17,6,1
"21504","201001PY20578",2,9,0,4,0,1,0,0,0,0,2,1,2,1,-1,1994,2,8,4,1
"21505","201001PY20579",1,3,0,18,0,8,0,0,0,0,1,1,15,1,5,124,1,9,3,1
"21506","201001PY20579",2,19,0,9,0,8,0,0,0,0,4,1,1,1,4,1753,2,-1,8,1
"21507","201001PY20580",1,1,0,18,0,8,0,0,0,0,1,1,15,1,6,-1,-1,-1,9,1
"21508","201001PY20580",2,9,0,9,0,8,0,0,0,0,1,1,15,3,-1,1769,1,9,-1,-1
"21509","201001PY20581",1,9,0,18,0,8,0,0,0,0,1,1,15,1,7,1598,1,7,8,1
"21510","201001PY20581",2,1,0,18,0,8,0,0,0,0,4,1,15,1,7,-1,-1,-1,4,1
"21511","201001PY20582",1,9,0,9,0,8,0,0,0,0,3,1,15,1,4,1324,1,9,9,1
"21512","201001PY20582",2,9,0,18,0,8,0,0,0,0,1,1,15,2,6,1390,1,9,9,2
"21513","201001PY20583",1,9,0,18,0,2,0,0,0,0,1,1,15,3,-1,-1,-1,-1,-1,-1
"21514","201001PY20584",1,9,0,17,0,8,0,0,0,0,1,1,15,2,8,1597,1,14,6,1
"21515","201001PY20584",2,9,0,16,0,8,1,0,0,0,1,1,15,1,6,1389,1,9,1,1
"21516","201001PY20585",1,9,0,3,0,8,0,0,0,0,2,1,15,2,8,1762,1,10,4,1
"21517","201001PY20585",2,9,0,18,0,8,0,0,0,0,1,1,15,1,-1,2495,2,16,-1,-1
"21518","201001PY20586",1,9,0,6,0,1,0,0,0,0,3,1,15,1,6,1390,1,3,1,1
"21519","201001PY20586",2,3,0,18,0,8,0,0,0,0,1,1,15,1,-1,125,1,9,2,1
"21520","201001PY20587",1,9,0,6,0,8,0,0,0,0,3,1,15,2,7,2979,1,5,8,1
"21521","201001PY20587",2,2,0,18,0,8,0,0,0,0,1,1,15,1,4,49,1,4,-1,-1
"21522","201001PY20588",1,9,0,18,0,0,0,0,0,0,1,1,15,2,7,1242,1,4,3,1
"21523","201001PY20589",1,9,0,18,0,1,0,0,0,0,1,1,15,2,7,1598,1,7,2,1
"21524","201001PY20590",1,9,0,17,0,8,0,0,0,0,1,1,15,1,6,-1,-1,-1,9,1
"21525","201001PY20590",2,9,0,17,0,8,0,0,0,0,2,1,15,2,8,1796,1,9,9,1
"21526","201001PY20590",3,9,0,17,0,8,0,0,0,0,2,1,15,2,8,2099,2,4,9,1
"21527","201001PY20591",1,9,0,18,0,0,0,0,0,0,0,1,15,2,7,1834,1,10,2,1
"21528","201001PY20592",1,9,0,3,0,8,0,0,0,0,2,1,15,2,8,1299,1,4,9,1
"21529","201001PY20592",2,9,0,3,0,8,0,0,0,0,2,1,15,1,10,1948,1,10,7,1
"21530","201001PY20592",3,9,0,18,0,1,0,0,0,0,1,1,15,2,10,2987,2,-1,6,1
"21531","201001PY20593",1,9,0,18,0,0,0,0,0,0,1,1,15,1,7,1988,1,9,2,1
"21532","201001PY20595",1,3,0,18,0,8,0,0,0,0,1,1,1,1,4,-1,-1,-1,-1,-1
"21533","201001PY20595",2,9,0,6,0,8,0,0,0,0,1,1,15,2,10,998,1,8,9,1
"21534","201001PY20597",1,9,0,4,0,8,0,0,0,0,1,1,15,1,-1,-1,-1,-1,-1,-1
"21535","201001PY20597",2,9,0,3,0,8,0,0,0,0,2,1,15,1,7,-1,-1,-1,9,1
"21536","201001PY20598",1,9,0,16,0,8,0,0,0,0,1,1,15,1,8,-1,-1,-1,8,1
"21537","201001PY20598",2,20,0,8,0,8,0,0,0,0,2,1,15,1,9,5480,2,7,6,1
"21538","201001PY20599",1,11,0,2,0,2,0,0,0,0,0,1,15,1,7,-1,2,12,2,1
"21539","201001PY20600",1,1,0,9,0,8,0,0,0,0,1,1,15,1,5,-1,-1,-1,2,1
"21540","201001PY20600",2,9,0,9,0,8,0,0,0,0,4,1,15,1,-1,1560,2,2,-1,-1
"21541","201001PY20601",1,9,0,18,0,8,0,0,0,0,1,1,15,2,6,2199,2,-1,8,1
"21542","201001PY20601",2,9,0,4,0,8,0,0,0,0,2,1,15,2,10,999,1,10,-1,-1
"21543","201001PY20602",1,9,0,2,0,8,0,0,0,0,2,1,15,1,8,-1,-1,-1,-1,-1
"21544","201001PY20602",2,19,0,9,0,8,0,0,0,0,1,1,15,1,4,-1,-1,-1,-1,-1
"21545","201001PY20603",1,9,0,18,0,1,0,0,0,0,1,1,15,2,9,1998,1,6,9,3
"21546","201001PY20603",2,9,0,3,0,8,0,0,0,0,2,1,15,1,9,1796,1,11,9,1
"21547","201001PY20604",1,9,0,18,0,8,0,0,0,0,1,1,15,1,5,999,1,5,7,1
"21548","201001PY20604",2,5,0,9,0,8,0,0,0,0,4,1,15,2,7,955,1,7,1,1
"21549","201001PY20605",1,9,0,12,0,0,0,0,0,0,1,1,15,2,8,1596,1,4,10,1
"21550","201001PY20605",2,19,0,18,0,0,0,0,0,0,1,1,15,1,10,2446,2,18,4,1
"21551","201001PY20606",1,9,0,9,0,8,0,0,0,0,1,1,15,2,8,2035,1,5,7,1
"21552","201001PY20606",2,3,0,18,0,8,0,0,0,0,1,1,15,1,6,124,1,-1,2,1
"21553","201001PY20607",1,8,0,6,0,8,0,0,0,0,3,1,15,1,8,2496,2,12,3,1
"21554","201001PY20607",2,1,0,18,0,8,0,0,0,0,1,1,15,1,9,-1,-1,-1,7,1
"21555","201001PY20608",1,9,0,3,0,8,0,0,0,0,1,1,15,2,7,2290,1,12,10,1
"21556","201001PY20608",2,9,0,1,0,8,0,0,0,0,2,1,15,2,-1,-1,-1,-1,-1,-1
"21557","201001PY20609",1,9,0,18,0,0,0,0,0,0,0,1,15,1,8,1598,1,3,7,3
"21558","201001PY20611",1,9,0,18,0,0,0,0,0,0,1,1,3,2,8,1769,1,8,7,1
"21559","201001PY20611",2,19,0,2,0,0,0,0,0,0,3,1,15,1,8,1753,2,7,-1,-1
"21560","201001PY20611",3,9,0,2,0,0,0,0,0,0,2,1,15,2,7,2401,2,6,9,1
"21561","201001PY20612",1,9,0,6,0,8,0,0,0,0,3,1,15,1,7,1951,2,8,3,1
"21562","201001PY20612",2,5,0,18,0,8,0,0,0,0,1,1,15,1,8,647,1,13,8,2
"21563","201001PY20613",1,9,0,18,0,0,0,0,0,0,1,1,15,2,5,1275,1,11,5,1
"21564","201001PY20613",2,2,0,5,0,0,0,0,0,0,1,1,15,2,8,49,1,6,10,1
"21565","201001PY20614",1,9,0,1,0,8,0,0,0,0,2,1,15,1,8,-1,-1,-1,5,1
"21566","201001PY20614",2,90,0,18,0,8,0,0,0,0,4,1,15,1,10,-1,-1,-1,4,1
"21567","201001PY20615",1,9,0,1,0,8,0,0,0,0,2,1,15,1,8,1596,1,11,6,1
"21568","201001PY20617",1,9,0,6,0,0,0,0,0,0,3,1,15,1,7,1590,1,9,8,1
"21569","201001PY20617",2,1,0,18,0,0,0,0,0,0,1,1,15,1,9,-1,-1,-1,9,1
"21570","201001PY20618",1,19,0,13,0,2,0,10,1,1,4,1,15,1,6,-1,-1,-1,10,1
"21571","201001PY20618",2,19,0,18,0,2,0,0,0,0,3,1,15,1,8,-1,-1,-1,4,1
"21572","201001PY20619",1,5,0,7,0,5,1,0,0,0,4,1,15,1,5,599,1,10,3,1
"21573","201001PY20620",1,9,0,9,0,8,0,0,0,0,2,1,15,1,9,1150,1,2,2,1
"21574","201001PY20620",2,9,0,9,0,8,0,0,0,0,1,1,15,3,-1,-1,-1,-1,-1,-1
"21575","201001PY20621",1,3,0,18,0,1,0,0,0,0,3,1,15,1,-1,-1,-1,-1,7,1
"21576","201001PY20622",1,9,0,18,0,8,0,0,0,0,3,1,15,1,6,1560,2,4,3,1
"21577","201001PY20622",2,9,0,9,0,8,0,0,0,0,1,1,15,1,7,-1,-1,-1,1,1
"21578","201001PY20622",3,9,0,18,0,8,0,0,0,0,3,1,15,1,-1,1997,2,-1,-1,-1
"21579","201001PY20623",1,9,0,18,0,8,0,0,0,0,1,1,15,1,6,1242,1,11,9,1
"21580","201001PY20624",1,9,0,18,0,8,0,0,0,0,1,1,15,1,8,2993,2,-1,5,1
"21581","201001PY20624",2,9,0,18,0,8,0,0,0,0,1,1,15,2,10,1341,1,5,-1,-1
"21582","201001PY20625",1,9,0,18,0,0,0,0,0,0,4,1,15,2,8,998,1,7,-1,-1
"21583","201001PY20625",2,9,0,2,0,0,0,0,0,0,3,1,15,2,9,973,1,7,10,1
"21584","201001PY20626",1,5,0,18,0,8,0,0,0,0,1,1,15,1,6,-1,-1,-1,9,1
"21585","201001PY20626",2,9,0,18,0,8,0,0,0,0,3,1,15,1,11,998,1,7,9,1
"21586","201001PY20627",1,9,0,18,0,0,0,0,0,0,1,1,15,2,9,1498,1,10,9,1
"21587","201001PY20627",2,9,0,2,0,0,0,0,0,0,3,1,15,1,8,1968,2,3,10,1
"21588","201001PY20628",1,9,0,9,0,8,0,0,0,0,4,1,2,1,6,1595,1,11,9,1
"21589","201001PY20628",2,1,0,18,0,8,0,0,0,0,1,1,2,1,7,-1,-1,-1,-1,-1
"21590","201001PY20630",1,9,0,16,0,8,0,0,0,0,2,1,15,1,7,2197,1,11,2,1
"21591","201001PY20630",2,9,0,16,0,8,0,0,0,0,1,1,15,2,-1,1364,1,4,-1,-1
"21592","201001PY20631",1,9,0,18,0,8,0,0,0,0,3,1,15,2,6,1747,1,11,6,1
"21593","201001PY20631",2,9,0,9,0,8,0,0,0,0,1,1,15,2,-1,1360,1,12,-1,-1
"21594","201001PY20632",1,90,0,1,0,8,0,0,0,0,4,1,15,1,8,6370,1,8,3,1
"21595","201001PY20632",2,9,0,18,0,8,0,0,0,0,1,1,15,1,7,2000,1,20,10,1
"21596","201001PY20634",1,9,0,18,0,1,0,0,0,0,2,1,15,1,7,1896,2,6,3,1
"21597","201001PY20634",2,9,0,18,0,1,0,0,0,0,1,1,15,2,4,1596,1,6,7,1
"21598","201001PY20635",1,10,0,9,0,8,0,0,0,0,1,1,15,1,8,2402,2,3,4,1
"21599","201001PY20635",2,9,0,17,0,8,0,0,0,0,1,1,15,2,8,1598,1,7,9,1
"21600","201001PY20636",1,9,0,9,0,8,0,0,0,0,4,1,15,1,8,-1,-1,-1,10,1
"21601","201001PY20636",2,9,0,18,0,8,2,0,0,0,1,1,15,1,7,2996,1,2,8,1
"21602","201001PY20636",3,9,0,18,0,8,0,0,0,0,3,1,15,1,11,1360,1,6,9,1
"21603","201001PY20637",1,3,0,10,0,8,0,0,0,0,2,1,15,1,7,-1,-1,-1,2,1
"21604","201001PY20637",2,9,0,9,0,8,0,0,0,0,1,1,15,2,4,1242,1,2,10,1
"21605","201001PY20638",1,9,0,7,0,8,0,0,0,0,1,1,15,1,7,1968,2,-1,8,1
"21606","201001PY20639",1,1,0,9,0,8,0,0,0,0,3,1,15,1,8,-1,-1,-1,4,1
"21607","201001PY20639",2,9,0,18,0,8,0,0,0,0,1,1,15,1,-1,-1,-1,-1,-1,-1
"21608","201001PY20640",1,9,0,9,0,2,0,0,0,0,1,1,15,1,5,1368,1,4,5,1
"21609","201001PY20641",1,10,0,18,0,1,0,0,0,0,0,1,15,1,9,1968,2,-1,-1,-1
"21610","201001PY20642",1,20,0,18,0,8,0,0,0,0,0,1,15,1,8,-1,-1,-1,6,1
"21611","201001PY20642",2,9,0,18,0,8,0,0,0,0,0,1,15,2,8,1988,1,11,3,1
"21612","201001PY20643",1,9,0,12,0,0,0,0,0,0,2,1,15,2,10,1910,2,7,4,1
"21613","201001PY20643",2,9,0,18,0,0,0,0,0,0,1,1,15,1,6,1560,2,5,3,1
"21614","201001PY20644",1,9,0,18,0,0,5,0,0,0,4,1,15,2,4,998,1,2,10,1
"21615","201001PY20644",2,9,0,2,0,0,0,0,0,0,3,1,15,1,6,1598,2,-1,9,1
"21616","201001PY20645",1,9,0,18,0,8,0,0,0,0,3,1,1,1,8,2401,2,6,3,1
"21617","201001PY20645",2,9,0,1,0,8,0,0,0,0,2,1,15,2,8,3498,1,5,5,1
"21618","201001PY20646",1,1,0,18,0,8,0,0,0,0,4,1,1,1,7,-1,-1,-1,8,1
"21619","201001PY20646",2,9,0,7,0,6,0,0,0,0,1,1,1,2,7,2993,2,3,9,1
"21620","201001PY20647",1,19,0,18,0,8,0,0,0,0,1,1,15,1,10,1896,2,9,-1,-1
"21621","201001PY20648",1,9,0,18,0,8,0,0,0,0,1,1,15,1,9,2544,1,10,8,1
"21622","201001PY20648",2,1,0,17,0,8,0,0,0,0,2,1,15,1,-1,-1,-1,-1,4,1
"21623","201001PY20649",1,9,0,18,0,0,0,0,0,0,3,1,1,1,6,1598,1,12,9,1
"21624","201001PY20649",2,9,0,6,0,0,0,0,0,0,1,1,15,1,7,1868,2,8,8,1
"21625","201001PY20651",1,4,0,18,0,0,1,12,0,0,1,1,15,1,6,499,1,10,5,1
"21626","201001PY20652",1,3,0,18,0,8,0,0,0,0,1,1,15,1,4,-1,-1,-1,4,1
"21627","201001PY20652",2,9,0,18,0,8,0,0,0,0,3,1,15,2,6,1198,1,5,-1,-1
"21628","201001PY20653",1,1,0,18,0,8,0,0,0,0,4,1,15,2,6,-1,-1,-1,4,1
"21629","201001PY20653",2,9,0,18,0,8,0,0,0,0,1,1,15,1,-1,-1,-1,-1,-1,-1
"21630","201001PY20654",1,9,0,18,0,8,0,0,0,0,4,1,3,2,7,1598,1,3,9,1
"21631","201001PY20654",2,19,0,9,0,6,0,0,0,0,1,1,1,1,9,1998,2,6,6,1
"21632","201001PY20655",1,9,0,7,0,8,0,0,0,0,1,1,15,1,8,1196,1,15,8,1
"21633","201001PY20656",1,5,0,18,0,8,0,0,0,0,1,1,15,1,8,600,1,12,5,1
"21634","201001PY20656",2,9,0,2,0,8,0,0,0,0,1,1,15,2,7,1299,1,14,2,1
"21635","201001PY20657",1,9,0,9,0,8,0,0,0,0,3,1,1,1,9,1973,1,9,9,1
"21636","201001PY20657",2,4,0,18,0,8,0,0,0,0,1,1,1,1,8,499,1,10,7,1
"21637","201001PY20658",1,9,0,4,0,1,0,0,0,0,2,1,2,2,6,998,1,11,6,1
"21638","201001PY20658",2,9,0,18,0,1,0,0,0,0,1,1,3,2,4,1198,1,-1,8,1
"21639","201001PY20660",1,11,0,18,0,1,0,0,0,0,0,1,1,1,6,9000,2,7,2,1
"21642","201001PY20662",1,9,0,18,0,8,0,0,0,0,4,1,1,1,6,1753,2,1,3,1
"21643","201001PY20662",2,9,0,1,0,6,0,0,0,0,2,1,2,1,6,2979,1,5,6,1
"21644","201001PY20663",1,21,1,12,0,1,0,0,0,0,3,1,1,1,8,11967,2,-1,7,1
"21645","201001PY20663",2,3,0,18,0,1,0,0,0,0,4,1,15,1,-1,-1,-1,-1,-1,-1
"21646","201001PY20664",1,9,0,14,0,8,0,0,0,0,1,1,15,1,6,2148,2,8,8,1
"21647","201001PY20665",1,9,0,18,0,0,1,0,0,0,3,1,1,1,6,599,1,8,9,1
"21648","201001PY20666",1,9,0,5,0,0,0,0,0,0,1,1,15,1,7,1753,2,3,5,1
"21649","201001PY20666",2,5,0,13,0,0,0,0,0,0,1,1,15,1,4,848,1,6,6,1
"21650","201001PY20667",1,9,0,9,0,8,0,0,0,0,1,1,15,1,7,1968,2,3,8,1
"21651","201001PY20667",2,3,0,18,0,8,0,0,0,0,3,1,1,1,-1,85,1,8,-1,-1
"21652","201001PY20668",1,9,0,9,0,6,0,0,0,0,1,1,15,1,7,1298,1,6,8,1
"21653","201001PY20668",2,9,0,18,0,8,0,0,0,0,4,1,15,1,8,1994,1,13,5,1
"21654","201001PY20669",1,9,0,9,0,2,0,0,0,0,1,1,15,1,9,2495,2,4,9,1
"21655","201001PY20670",1,9,0,7,0,2,0,0,0,0,1,1,15,2,-1,1388,1,6,10,1
"21656","201001PY20671",1,9,0,18,0,8,0,0,0,0,4,1,15,2,7,1598,1,1,3,1
"21657","201001PY20671",2,9,0,9,0,6,0,0,0,0,1,1,15,1,7,2000,2,5,3,1
"21658","201001PY20673",1,9,0,18,0,0,0,0,0,0,3,1,15,2,6,1200,1,8,3,1
"21659","201001PY20673",2,9,0,18,0,0,0,0,0,0,3,1,15,2,8,1388,1,6,8,1
"21660","201001PY20674",1,5,0,18,0,0,0,0,0,0,4,1,2,1,8,1293,1,-1,7,1
"21661","201001PY20674",2,9,0,6,0,0,0,0,0,0,3,1,15,1,-1,1896,2,5,8,1
"21662","201001PY20675",1,19,0,1,0,0,1,0,1,0,2,1,2,1,6,1598,7,8,-1,-1
"21663","201001PY20675",2,9,0,18,0,0,1,0,0,0,4,1,2,2,10,1796,1,3,5,1
"21664","201001PY20676",1,3,0,18,0,8,0,0,0,0,1,1,15,1,8,124,1,-1,5,1
"21665","201001PY20676",2,9,0,9,0,6,0,0,0,0,3,1,15,2,6,1796,1,1,7,3
"21666","201001PY20678",1,11,0,5,0,1,0,0,0,0,4,1,1,1,6,3900,2,4,3,1
"21667","201001PY20679",1,9,0,18,0,2,0,0,0,0,1,1,15,2,7,1994,1,8,8,1
"21668","201001PY20681",1,9,0,18,0,8,0,0,0,0,1,1,15,1,7,1396,1,14,4,1
"21669","201001PY20681",2,9,0,9,0,8,0,0,0,0,4,1,15,2,4,1783,1,10,9,1
"21670","201001PY20682",1,9,0,18,0,0,0,10,1,5,1,1,15,1,7,1992,2,4,3,1
"21671","201001PY20683",1,19,0,4,0,0,0,0,0,0,2,1,15,1,11,1698,2,12,8,1
"21672","201001PY20683",2,9,0,18,0,0,0,0,0,0,1,1,15,2,-1,2099,1,6,7,1
"21673","201001PY20684",1,9,0,18,0,8,0,10,7,10,3,1,15,1,11,1598,1,11,5,1
"21674","201001PY20684",2,9,0,18,0,8,0,0,0,0,1,1,15,2,11,1390,1,-1,9,1
"21675","201001PY20685",1,9,0,10,0,1,0,0,0,0,2,1,15,2,6,2438,1,14,3,1
"21676","201001PY20685",2,9,0,18,0,1,0,0,0,0,1,1,15,1,9,1598,1,13,2,1
"21677","201001PY20686",1,9,0,4,0,1,0,0,0,0,3,1,2,2,7,998,1,2,10,1
"21678","201001PY20686",2,9,0,7,0,2,0,0,0,0,1,1,1,1,4,1149,1,3,9,1
"21679","201001PY20687",1,9,0,16,0,1,0,10,2,2,1,1,15,1,6,1991,1,10,10,1
"21680","201001PY20689",1,11,0,4,0,0,0,0,0,0,0,1,1,1,7,-1,2,10,-1,-1
"21681","201001PY20691",1,9,0,18,0,8,0,0,0,0,3,1,2,1,8,1984,1,6,1,1
"21682","201001PY20691",2,9,0,18,0,8,0,0,0,0,1,1,15,2,6,2300,1,8,8,1