"","Acc_Index","Vehicle_Reference","Vehicle_Type","Towing_and_Articulation","Vehicle_Manoeuvre","Vehicle_Location.Restricted_Lane","Junction_Location","Skidding_and_Overturning","Hit_Object_in_Carriageway","Vehicle_Leaving_Carriageway","Hit_Object_off_Carriageway","X1st_Point_of_Impact","Was_Vehicle_Left_Hand_Drive","Journey_Purpose_of_Driver","Sex_of_Driver","Age_Band_of_Driver","Engine_Capacity_.CC.","Propulsion_Code","Age_of_Vehicle","Driver_IMD_Decile","Driver_Home_Area_Type"
"21683","201001PY20692",1,9,0,9,0,8,0,0,0,0,4,1,15,2,9,998,1,2,9,1
"21684","201001PY20692",2,9,0,18,0,8,0,0,0,0,1,1,15,1,8,1998,1,12,7,1
"21685","201001PY20693",1,9,0,17,0,0,0,0,0,0,1,1,15,1,6,-1,-1,-1,4,1
"21686","201001PY20693",2,9,0,16,0,0,0,0,0,0,1,1,15,1,11,1242,1,3,7,1
"21687","201001PY20694",1,2,0,17,0,0,0,0,0,0,3,1,15,1,6,49,1,9,2,1
"21688","201001PY20695",1,19,0,16,0,0,0,7,0,0,3,1,2,1,8,1998,2,5,9,1
"21689","201001PY20696",1,5,0,18,0,1,0,2,0,0,1,1,15,1,4,599,1,13,7,1
"21690","201001PY20697",1,1,0,18,0,0,0,0,0,0,3,1,15,1,7,-1,-1,-1,2,1
"21691","201001PY20697",2,20,0,18,0,0,0,0,0,0,4,1,1,1,9,-1,-1,-1,-1,-1
"21692","201001PY20698",1,9,0,4,0,0,0,0,0,0,2,1,15,2,7,1390,1,17,8,1
"21693","201001PY20698",2,19,0,18,0,0,0,0,0,0,1,1,15,1,-1,1870,2,5,-1,-1
"21694","201001PY20700",1,9,0,18,0,1,5,10,8,10,1,1,15,2,6,1900,2,4,6,1
"21695","201001PY20701",1,9,0,18,0,1,0,0,0,0,4,1,15,2,6,1497,1,9,5,1
"21696","201001PY20701",2,9,0,5,0,1,0,0,0,0,3,1,15,1,9,1597,1,12,5,1
"21697","201001PY20702",1,9,0,18,0,8,0,0,0,0,1,1,15,1,5,1997,2,3,1,1
"21698","201001PY20702",2,9,0,9,0,8,0,0,0,0,4,1,15,2,5,1299,1,9,8,1
"21699","201001PY20703",1,9,0,18,0,1,0,0,0,0,1,1,15,3,-1,-1,-1,-1,-1,-1
"21700","201001PY20703",2,1,0,18,0,1,0,0,0,0,3,1,15,1,3,-1,-1,-1,4,1
"21701","201001PY20704",1,9,0,18,0,0,5,10,7,0,3,1,2,2,4,1398,1,8,8,3
"21702","201001PY20705",1,9,0,2,0,0,0,0,0,0,1,1,15,2,11,1390,1,13,9,1
"21703","201001PY20705",2,9,0,1,0,0,0,4,0,0,2,1,15,1,8,1968,2,2,9,1
"21704","201001PY20708",1,9,0,3,0,1,0,0,0,0,3,1,15,1,7,1686,2,4,7,1
"21705","201001PY20708",2,9,0,14,0,1,0,0,0,0,4,1,15,3,-1,1794,1,7,-1,-1
"21706","201001PY20709",1,9,0,18,0,1,0,0,0,0,1,1,2,1,5,1870,2,12,4,1
"21707","201001PY20709",2,3,0,18,0,1,0,0,0,0,2,1,2,1,5,-1,-1,-1,8,1
"21708","201001PY20710",1,19,0,18,0,1,0,0,0,0,1,1,1,1,8,2148,2,-1,6,1
"21709","201001PY20711",1,9,0,18,0,0,0,4,0,0,4,1,15,1,7,1497,1,7,3,1
"21710","201001PY20711",2,19,0,2,0,0,0,0,0,0,3,1,1,1,9,2151,2,7,-1,-1
"21711","201001PY20711",3,9,0,18,0,0,0,0,0,0,0,1,3,2,6,2438,1,12,3,1
"21712","201001PY20713",1,4,0,14,0,8,0,0,0,0,3,1,15,1,6,-1,-1,-1,8,1
"21713","201001PY20713",2,19,0,3,0,8,0,0,0,0,3,1,1,3,-1,-1,-1,-1,-1,-1
"21714","201001PY20713",3,9,0,9,0,6,0,0,0,0,1,1,15,1,6,1598,1,4,9,1
"21715","201001PY20714",1,3,0,18,0,8,1,0,0,0,0,1,2,1,5,125,1,5,2,1
"21716","201001PY20715",1,2,0,18,0,2,0,0,0,0,1,1,1,1,6,49,1,3,7,1
"21717","201001PY20716",1,9,0,18,0,1,0,10,1,2,1,1,15,1,4,1124,1,14,7,1
"21718","201001PY20717",1,9,0,3,0,0,0,0,0,0,1,1,15,1,10,1298,1,9,9,1
"21719","201001PY20717",2,9,0,3,0,0,0,0,0,0,2,1,15,2,-1,998,1,1,2,1
"21720","201001PY20717",3,9,0,4,0,0,0,0,0,0,2,1,15,1,8,3200,2,8,2,3
"21721","201001PY20718",1,9,0,3,0,2,0,0,0,0,2,1,15,2,6,1364,1,6,2,1
"21722","201001PY20718",2,9,0,18,0,2,0,0,0,0,1,1,15,1,8,1596,1,9,10,1
"21723","201001PY20719",1,9,0,7,0,8,0,0,0,0,4,1,3,1,7,2497,2,5,8,1
"21724","201001PY20720",1,9,0,18,0,0,0,0,0,0,4,1,15,2,7,1360,1,-1,2,1
"21725","201001PY20721",1,1,0,18,0,8,0,0,0,0,1,1,2,1,5,-1,-1,-1,9,1
"21726","201001PY20721",2,9,0,9,0,8,0,0,0,0,3,1,2,2,-1,2771,1,11,5,1
"21727","201001PY20722",1,9,0,18,0,0,0,0,0,0,4,1,15,3,-1,-1,-1,-1,-1,-1
"21728","201001PY20724",1,9,0,6,0,0,0,0,0,0,3,1,15,1,6,1984,1,7,9,1
"21729","201001PY20724",2,1,0,18,0,0,0,0,0,0,1,1,1,2,6,-1,-1,-1,7,2
"21730","201001PY20726",1,9,0,18,0,8,0,0,0,0,1,1,15,1,7,2979,1,6,3,1
"21731","201001PY20726",2,9,0,18,0,8,1,7,0,0,1,1,15,1,9,998,1,14,1,1
"21732","201001PY20727",1,9,0,18,0,8,0,0,0,0,4,1,15,1,7,1796,1,5,8,1
"21733","201001PY20727",2,9,0,18,0,8,0,0,0,0,1,1,15,2,7,1997,1,10,5,1
"21734","201001PY20728",1,9,0,18,0,1,0,0,0,0,4,1,2,2,8,1389,1,14,9,1
"21735","201001PY20729",1,9,0,4,0,1,0,0,0,0,2,1,15,2,8,1582,2,1,9,1
"21736","201001PY20729",2,9,0,18,0,1,0,0,0,0,1,1,15,2,7,-1,-1,-1,7,1
"21737","201001PY20730",1,9,0,3,0,2,0,0,0,0,3,1,15,2,7,2499,2,6,5,1
"21738","201001PY20730",2,9,0,18,0,1,0,4,0,0,3,1,15,1,7,1596,1,14,5,1
"21739","201001PY20730",3,9,0,2,0,2,0,0,0,0,4,1,15,3,-1,1761,1,15,-1,-1
"21742","201001PY20732",1,8,0,18,0,0,0,10,4,6,1,1,1,1,9,-1,-1,-1,5,1
"21743","201001PY20733",1,9,0,3,0,8,0,10,0,0,3,1,15,2,4,1240,1,7,10,1
"21744","201001PY20733",2,9,0,18,0,8,1,0,0,0,3,1,15,1,-1,2494,1,11,9,1
"21745","201001PY20734",1,10,0,17,0,0,1,10,1,4,4,1,1,1,7,-1,-1,-1,6,1
"21746","201001PY20735",1,9,0,3,0,1,0,0,0,0,2,1,15,1,4,1560,2,1,6,1
"21747","201001PY20735",2,9,0,18,0,1,0,0,0,0,1,1,15,1,-1,1396,1,13,-1,-1
"21748","201001PY20736",1,2,0,18,0,8,0,0,0,0,4,1,1,1,7,124,1,5,9,1
"21749","201001PY20736",2,9,0,9,0,6,0,0,0,0,1,1,15,2,-1,-1,-1,-1,-1,-1
"21750","201001PY20737",1,9,0,4,0,0,0,0,0,0,4,1,15,1,10,1598,1,8,5,1
"21751","201001PY20738",1,9,0,18,0,0,0,0,0,0,2,1,15,1,7,-1,-1,-1,3,1
"21752","201001PY20738",2,19,0,18,0,0,0,0,0,0,1,1,1,1,7,1998,2,5,8,1
"21753","201001PY20739",1,9,0,18,0,8,5,0,0,0,4,1,15,1,7,998,1,14,1,1
"21754","201001PY20739",2,9,0,9,0,6,0,0,0,0,1,1,15,2,7,1596,1,4,8,1
"21755","201001PY20741",1,9,0,18,0,8,0,0,0,0,3,1,15,1,9,698,1,6,5,1
"21756","201001PY20741",2,9,0,11,0,8,0,0,0,0,4,1,15,1,-1,2972,1,12,5,1
"21757","201001PY20742",1,9,0,17,0,8,0,0,0,0,1,1,15,1,4,1596,1,9,3,1
"21758","201001PY20742",2,9,0,7,0,8,0,0,0,0,2,1,15,2,7,1389,1,8,3,1
"21759","201001PY20742",3,9,0,17,0,8,0,0,0,0,2,1,15,1,7,-1,-1,-1,10,1
"21760","201001PY20743",1,9,0,18,0,1,5,10,0,0,1,1,15,1,4,1149,1,6,9,1
"21761","201001PY20744",1,9,0,9,0,8,0,0,0,0,3,1,15,2,6,1796,1,17,9,1
"21762","201001PY20744",2,19,0,18,0,8,0,0,0,0,1,1,1,1,5,1995,2,3,9,1
"21763","201001PY20745",1,19,0,7,0,8,0,0,0,0,1,1,15,1,11,2402,2,1,9,3
"21764","201001PY20745",2,9,0,18,0,8,0,0,0,0,3,1,15,2,8,1796,1,7,6,1
"21765","201001PY20745",3,9,0,18,0,1,0,0,0,0,1,1,15,2,8,1597,1,18,8,1
"21766","201001PY20746",1,9,0,18,0,0,1,4,0,0,1,1,15,2,7,2685,2,6,10,1
"21767","201001PY20746",2,9,0,2,0,0,0,0,0,0,1,1,15,1,-1,2401,2,7,10,1
"21768","201001PY20747",1,9,0,17,0,0,0,0,0,0,1,1,15,1,5,999,1,10,6,1
"21769","201001PY20747",2,9,0,16,0,0,0,0,0,0,1,1,15,1,8,-1,-1,-1,9,1
"21770","201001PY20748",1,9,0,17,0,0,0,10,7,4,1,1,15,1,6,1242,1,9,9,1
"21771","201001PY20749",1,19,0,18,0,8,0,0,0,0,4,1,15,1,7,2151,2,8,6,1
"21772","201001PY20749",2,9,0,9,0,6,0,0,0,0,1,1,15,1,6,1390,1,5,4,1
"21773","201001PY20750",1,19,0,18,0,8,1,0,0,0,1,1,15,1,6,1995,2,1,9,1
"21774","201001PY20750",2,9,0,4,0,8,0,0,0,0,2,1,15,3,-1,1895,1,9,-1,-1
"21775","201001PY20751",1,4,0,18,0,2,0,0,0,0,3,1,15,1,7,125,1,2,8,1
"21776","201001PY20751",2,9,0,13,0,2,0,0,0,0,4,1,15,1,10,1339,1,5,5,1
"21777","201001PY20752",1,11,0,7,0,6,0,0,0,0,0,1,1,2,-1,3900,2,4,-1,-1
"21778","201001PY20753",1,9,0,18,0,2,0,7,0,0,3,1,15,1,11,1999,1,9,4,1
"21779","201001PY20755",1,9,0,9,0,8,0,0,0,0,1,1,15,3,-1,-1,-1,-1,-1,-1
"21780","201001PY20756",1,9,0,18,0,0,0,0,0,0,1,1,15,1,-1,1242,1,1,-1,-1
"21781","201001PY20757",1,1,0,18,0,0,0,8,0,0,1,1,15,2,7,-1,-1,-1,10,1
"21782","201001PY20757",2,9,0,3,0,0,0,0,0,0,3,1,15,1,-1,3246,1,7,-1,-1
"21783","201001PY20759",1,1,0,18,0,2,0,0,0,0,3,1,15,1,8,-1,-1,-1,7,1
"21784","201001PY20759",2,9,0,18,0,2,0,0,0,0,4,1,15,3,-1,-1,-1,-1,-1,-1
"21785","201001PY20761",1,9,0,9,0,8,0,0,0,0,4,1,15,2,4,1397,1,2,7,1
"21786","201001PY20761",2,9,0,18,0,8,0,0,0,0,1,1,15,2,5,998,1,11,3,1
"21787","201001PY20761",3,9,0,3,0,8,0,0,0,0,1,1,15,1,6,-1,-1,-1,2,1
"21788","201001PY20762",1,9,0,7,0,5,0,0,0,0,4,1,15,1,-1,-1,-1,-1,-1,-1
"21789","201001PY20762",2,1,0,18,0,1,0,0,0,0,3,1,15,1,8,-1,-1,-1,10,1
"21790","201001PY20763",1,9,0,18,0,8,0,0,0,0,1,1,1,2,8,1598,2,-1,8,1
"21791","201001PY20763",2,19,0,9,0,8,0,0,0,0,4,1,1,1,6,1870,2,7,8,1
"21792","201001PY20779",1,9,0,18,0,1,0,0,0,0,1,1,15,1,6,1596,1,-1,6,1
"21793","201001PY20789",1,9,0,17,0,8,0,0,0,0,1,1,15,2,4,1242,1,7,6,1
"21794","201001PY20789",2,9,0,9,0,8,0,0,0,0,3,1,15,1,9,-1,-1,-1,4,1
"21795","201001PY29002",1,9,0,2,0,0,0,0,0,0,2,1,15,2,-1,1598,1,5,8,1
"21796","201001PY29002",2,1,0,18,0,0,0,4,0,0,1,1,15,1,7,-1,-1,-1,10,1
"21797","201001PY29008",1,9,0,18,0,0,0,0,0,0,1,1,15,1,9,1339,1,3,4,1
"21798","201001PY29008",2,2,0,18,0,0,0,0,0,0,1,1,15,1,4,49,1,8,4,1
"21799","201001PY29016",1,9,0,18,0,8,0,0,0,0,1,1,15,2,6,1598,1,5,2,1
"21800","201001PY29016",2,9,0,17,0,8,0,0,0,0,4,1,15,1,8,1896,2,8,7,1
"21801","201001PY29059",1,9,0,18,0,0,0,0,0,0,1,1,1,1,6,1461,2,6,6,1
"21802","201001PY29081",1,9,0,16,0,8,0,0,0,0,1,1,2,1,5,4266,1,12,6,1
"21803","201001PY29081",2,9,0,2,0,8,0,0,0,0,1,1,15,1,8,-1,-1,-1,7,1
"21804","201001PY29086",1,9,0,18,0,1,0,0,0,0,1,1,15,1,7,1998,1,14,9,1
"21805","201001PY29086",2,9,0,18,0,1,0,0,0,0,2,1,15,1,-1,1590,1,12,1,1
"21806","201001PY29113",1,9,0,9,0,8,0,0,0,0,1,1,15,2,8,1595,1,8,3,1
"21807","201001PY29113",2,9,0,18,0,8,0,0,0,0,4,1,15,1,5,1896,2,3,-1,-1
"21808","201001QA10001",1,9,0,18,0,1,1,0,0,0,1,1,15,1,8,2362,7,7,6,1
"21809","201001QA10003",1,9,0,18,0,0,0,0,0,0,1,1,15,1,-1,-1,-1,-1,5,1
"21810","201001QA10004",1,9,0,18,0,0,0,0,0,0,1,1,15,3,-1,2398,1,12,-1,-1
"21811","201001QA10004",2,1,0,18,0,0,0,0,0,0,3,1,15,1,5,-1,-1,-1,-1,-1
"21812","201001QA10006",1,9,0,18,0,0,1,0,0,0,4,1,15,1,6,1997,1,18,3,1
"21813","201001QA10009",1,9,0,10,0,8,0,0,0,0,2,1,15,1,6,1895,1,11,5,1
"21814","201001QA10009",2,9,0,16,0,8,0,0,0,0,1,1,15,2,7,-1,-1,-1,10,1
"21815","201001QA10010",1,9,0,16,0,8,0,0,0,0,3,1,15,1,6,1242,1,1,7,1
"21816","201001QA10010",2,9,0,7,0,8,0,0,0,0,3,1,15,3,-1,-1,-1,-1,-1,-1
"21817","201001QA10011",1,9,0,1,0,2,0,0,0,0,3,1,15,1,7,1124,1,11,5,1
"21818","201001QA10011",2,9,0,13,0,2,0,0,0,0,4,1,15,3,-1,-1,-1,-1,-1,-1
"21819","201001QA10012",1,9,0,18,0,1,0,0,0,0,1,1,15,1,-1,-1,-1,-1,-1,-1
"21820","201001QA10013",1,11,0,18,0,8,0,0,0,0,1,1,1,1,7,-1,-1,-1,-1,-1
"21821","201001QA10013",2,9,0,9,0,8,0,0,0,0,2,1,15,1,6,-1,-1,-1,2,1
"21822","201001QA10014",1,9,0,16,0,0,0,0,0,0,1,1,15,1,7,1968,2,6,6,1
"21823","201001QA10014",2,9,0,17,0,0,1,0,0,0,1,1,15,2,6,1794,1,7,6,1
"21824","201001QA10015",1,9,0,18,0,0,0,0,0,0,1,1,15,3,-1,2685,2,7,-1,-1
"21825","201001QA10016",1,11,0,18,0,8,0,0,0,0,1,1,15,1,6,5883,2,8,7,1
"21826","201001QA10016",2,9,0,7,0,8,0,0,0,0,2,1,15,1,6,2204,2,1,2,1
"21827","201001QA10017",1,11,0,5,0,0,0,0,0,0,0,1,1,1,7,7300,2,7,7,1
"21828","201001QA10018",1,9,0,18,0,8,0,0,0,0,3,1,15,1,5,2000,1,11,3,1
"21829","201001QA10018",2,9,0,2,0,8,0,0,0,0,1,1,15,3,-1,2494,2,4,-1,-1
"21830","201001QA10018",3,9,0,9,0,8,0,0,0,0,4,1,15,2,-1,2967,1,11,10,1
"21831","201001QA10020",1,9,0,18,0,0,0,0,0,0,4,1,15,1,11,1389,1,4,6,1
"21832","201001QA10021",1,9,0,9,0,8,0,0,0,0,0,1,15,2,6,1794,1,4,7,1
"21833","201001QA10021",2,3,0,18,0,8,0,0,0,0,1,1,15,1,4,125,1,2,9,1
"21834","201001QA10024",1,1,0,18,0,0,0,0,0,0,4,1,15,1,7,-1,-1,-1,6,1
"21835","201001QA10025",1,9,0,18,0,0,0,0,0,0,4,1,15,2,5,-1,-1,-1,5,1
"21836","201001QA10026",1,9,0,7,0,2,0,0,0,0,1,1,15,2,10,1298,1,8,6,1
"21837","201001QA10027",1,9,0,9,0,8,0,0,0,0,3,1,15,2,8,1598,1,6,-1,-1
"21838","201001QA10027",2,11,0,17,0,8,0,0,0,0,1,1,1,1,7,7300,2,6,-1,-1
"21840","201001QA10030",1,21,1,14,0,0,0,0,0,0,1,1,1,1,6,11705,2,8,-1,-1
"21841","201001QA10030",2,9,0,18,0,0,1,0,0,0,1,1,2,1,6,1275,1,27,9,1
"21846","201001QA10033",1,9,0,9,0,8,0,0,0,0,1,1,15,2,8,1399,1,4,-1,-1
"21847","201001QA10033",2,3,0,18,0,8,0,0,0,0,1,1,15,1,6,125,1,3,-1,-1
"21848","201001QA10034",1,9,0,18,0,8,0,0,0,0,1,1,15,2,8,1798,1,3,6,1
"21849","201001QA10034",2,9,0,9,0,8,0,0,0,0,2,1,4,1,4,973,1,7,6,1
"21850","201001QA10035",1,9,0,7,0,8,0,0,0,0,3,1,15,2,6,1794,1,5,3,1
"21851","201001QA10035",2,1,0,18,0,8,0,0,0,0,1,1,15,2,9,-1,-1,-1,4,1
"21854","201001QA10037",1,9,0,7,0,2,0,0,0,0,1,1,15,1,6,-1,-1,-1,8,1
"21855","201001QA10038",1,9,0,18,0,0,0,0,0,0,4,1,2,2,6,1332,1,14,8,1
"21856","201001QA10039",1,19,0,6,0,0,0,0,0,0,4,1,2,1,8,2151,2,8,5,1
"21857","201001QA10039",2,19,0,18,0,0,0,0,0,0,1,1,2,1,6,1870,2,5,1,1
"21858","201001QA10040",1,9,0,3,0,0,0,0,0,0,2,1,15,2,4,1242,1,9,6,1
"21859","201001QA10040",2,9,0,18,0,0,0,0,0,0,1,1,15,1,9,3195,1,3,6,1
"21860","201001QA10041",1,9,0,9,0,8,0,0,0,0,3,1,15,2,6,2494,1,7,7,1
"21861","201001QA10041",2,3,0,13,0,8,0,0,0,0,1,1,15,1,6,124,1,5,9,1
"21862","201001QA10042",1,9,0,2,0,0,0,0,0,0,2,1,15,2,6,1796,1,17,3,1
"21863","201001QA10042",2,19,0,1,0,0,0,0,0,0,2,1,1,1,-1,-1,-1,-1,-1,-1
"21864","201001QA10044",1,8,0,4,0,1,0,0,0,0,2,1,1,1,8,1794,1,7,2,1
"21865","201001QA10044",2,8,0,18,0,1,0,0,0,0,1,1,15,2,7,1242,1,13,3,1
"21866","201001QA10045",1,9,0,18,0,8,0,0,0,0,1,1,1,2,9,1596,1,8,6,1
"21867","201001QA10045",2,9,0,18,0,8,0,0,0,0,1,1,1,1,5,1598,1,1,7,1
"21868","201001QA10046",1,8,0,18,0,0,0,0,0,0,1,1,1,2,5,954,1,14,8,1
"21869","201001QA10047",1,9,0,18,0,8,0,0,0,0,2,1,15,1,5,599,1,8,8,1
"21870","201001QA10047",2,9,0,18,0,8,0,0,0,0,1,1,15,1,-1,-1,-1,-1,-1,-1
"21871","201001QA10048",1,9,0,18,0,2,0,0,0,0,4,1,15,1,9,1587,1,7,5,1
"21872","201001QA10049",1,9,0,5,0,8,1,0,0,0,2,1,15,1,9,1951,2,5,8,1
"21873","201001QA10049",2,9,0,2,0,8,0,0,0,0,1,1,15,1,7,1596,1,5,7,1
"21874","201001QA10049",3,9,0,3,0,8,0,0,0,0,1,1,15,1,5,2979,1,5,-1,-1
"21875","201001QA10049",4,9,0,6,0,8,0,0,0,0,1,1,15,1,4,-1,-1,-1,-1,-1
"21876","201001QA10051",1,9,0,2,0,0,0,0,0,0,0,1,15,2,7,-1,-1,-1,4,1
"21877","201001QA10051",2,9,0,18,0,0,0,0,0,0,1,1,15,1,-1,-1,-1,-1,-1,-1
"21878","201001QA10052",1,9,0,18,0,0,1,0,0,0,1,1,1,1,5,1149,1,11,3,1
"21879","201001QA10052",2,9,0,18,0,0,0,4,0,0,2,1,15,1,-1,1799,1,3,-1,-1
"21880","201001QA10052",3,9,0,2,0,0,0,0,0,0,2,1,15,3,-1,1493,1,12,4,1
"21881","201001QA10053",1,9,0,18,0,2,0,0,1,2,1,1,2,2,4,1124,1,9,9,1
"21882","201001QA10054",1,9,0,17,0,1,1,0,0,0,3,1,15,1,8,3982,1,15,5,1
"21883","201001QA10055",1,9,0,10,0,1,0,0,0,0,2,1,15,2,6,1360,1,6,6,1
"21884","201001QA10055",2,9,0,4,0,1,0,0,0,0,2,1,15,2,-1,1086,1,1,-1,-1
"21885","201001QA10055",3,19,0,18,0,1,0,0,0,0,1,1,15,1,-1,1248,2,3,-1,-1
"21889","201001QA10057",1,9,0,2,0,0,0,0,0,0,0,1,15,1,7,1396,1,12,7,1
"21890","201001QA10057",2,9,0,18,0,0,0,4,0,0,4,1,15,3,-1,1984,1,4,-1,-1
"21891","201001QA10058",1,9,0,5,0,8,0,0,0,0,1,1,15,2,-1,1998,1,8,5,1
"21892","201001QA10058",2,9,0,5,0,8,0,0,0,0,4,1,15,1,6,1997,2,11,8,1
"21893","201001QA10059",1,9,0,2,0,1,0,0,0,0,2,1,15,2,9,1598,1,8,7,1
"21894","201001QA10059",2,9,0,18,0,1,0,4,0,0,1,1,15,3,-1,-1,-1,-1,-1,-1
"21895","201001QA10060",1,9,0,18,6,0,0,0,0,0,1,1,15,3,-1,-1,-1,-1,-1,-1
"21896","201001QA10061",1,9,0,4,0,8,0,0,0,0,4,1,15,1,9,1240,1,6,6,1
"21897","201001QA10062",1,9,0,18,0,8,0,0,0,0,3,1,15,1,-1,1796,1,4,6,1
"21898","201001QA10062",2,9,0,9,0,8,0,0,0,0,1,1,15,2,-1,2953,2,5,3,1
"21899","201001QA10063",1,9,0,18,0,2,0,0,0,0,4,1,15,2,7,1997,2,7,6,1
"21900","201001QA10064",1,9,0,9,0,8,0,0,0,0,1,1,15,2,8,-1,-1,-1,9,1
"21901","201001QA10064",2,1,0,18,0,8,0,0,0,0,1,1,15,1,6,-1,-1,-1,-1,-1
"21902","201001QA10065",1,9,0,18,0,8,0,0,0,0,1,1,15,2,4,1868,2,11,3,1
"21903","201001QA10065",2,9,0,9,0,8,0,0,0,0,1,1,15,1,7,1896,2,3,8,1
"21904","201001QA10066",1,9,0,18,0,1,0,0,0,0,1,1,15,1,6,2488,2,5,6,1
"21905","201001QA10067",1,9,0,3,0,1,0,0,0,0,1,1,15,1,8,1392,1,18,5,1
"21906","201001QA10067",2,9,0,5,0,1,0,0,0,0,2,1,15,1,9,-1,-1,-1,5,1
"21907","201001QA10068",1,9,0,9,0,2,0,0,0,0,4,1,15,2,5,1799,1,4,7,1
"21908","201001QA10069",1,9,0,18,0,8,0,0,0,0,1,1,15,1,8,1493,1,11,-1,-1
"21909","201001QA10069",2,9,0,9,0,8,0,0,0,0,1,1,15,2,7,1749,1,9,5,1
"21910","201001QA10070",1,9,0,7,0,8,0,0,0,0,3,1,15,1,8,1341,1,6,2,1
"21911","201001QA10070",2,9,0,18,0,8,0,0,0,0,4,1,15,1,11,2799,1,15,5,1
"21912","201001QA10071",1,19,0,18,0,0,0,0,0,0,4,1,15,1,8,-1,-1,-1,-1,-1
"21913","201001QA10073",1,9,0,18,0,0,0,10,1,0,4,1,15,2,8,1370,1,13,6,1
"21914","201001QA10073",2,19,0,18,0,0,0,0,0,0,2,1,15,1,8,2299,2,12,1,1
"21915","201001QA10073",3,9,0,18,0,0,0,0,0,0,1,1,15,1,5,1800,1,11,1,1
"21916","201001QA10074",1,9,0,18,0,0,0,0,0,0,3,1,15,2,9,1997,1,5,6,1
"21917","201001QA10075",1,9,0,7,0,8,0,0,0,0,1,1,15,2,6,1598,1,7,4,1
"21918","201001QA10075",2,90,0,7,0,8,0,0,0,0,2,1,15,1,9,2970,2,2,6,1
"21919","201001QA10076",1,9,0,9,0,8,0,0,0,0,3,1,15,2,4,1242,1,12,10,1
"21920","201001QA10076",2,9,0,18,0,8,0,0,0,0,1,1,15,1,-1,1598,1,11,5,1
"21921","201001QA10077",1,9,0,4,0,0,0,0,0,0,2,1,15,2,7,1998,1,9,6,1
"21922","201001QA10077",2,9,0,4,0,0,0,0,0,0,1,1,15,1,-1,1686,2,7,-1,-1
"21923","201001QA10078",1,9,0,4,0,0,0,0,0,0,1,1,15,1,8,1124,1,13,5,1
"21924","201001QA10078",2,9,0,4,0,0,0,0,0,0,2,1,15,2,6,2171,1,9,-1,-1
"21925","201001QA10078",3,9,0,3,0,0,0,0,0,0,2,1,15,1,-1,998,1,11,3,1
"21926","201001QA10079",1,11,0,4,0,0,0,0,0,0,0,1,1,1,7,6700,2,3,4,1
"21927","201001QA10080",1,9,0,4,0,0,0,0,0,0,2,1,15,1,5,1299,1,13,2,1
"21928","201001QA10080",2,9,0,4,0,0,0,0,0,0,1,1,15,1,-1,-1,-1,-1,-1,-1
"21929","201001QA10081",1,19,0,18,0,8,0,0,0,0,1,1,15,1,6,2198,2,3,8,1
"21930","201001QA10081",2,9,0,9,0,8,0,0,0,0,4,1,15,2,6,-1,-1,-1,1,1
"21931","201001QA10082",1,9,0,18,0,0,0,0,0,0,3,1,15,3,-1,-1,-1,-1,-1,-1
"21932","201001QA10082",2,9,0,18,0,0,0,0,0,0,3,1,15,2,5,973,1,9,8,1
"21933","201001QA10083",1,9,0,5,0,8,0,0,0,0,1,1,15,1,7,1686,2,5,5,1
"21934","201001QA10084",1,9,0,18,0,8,0,0,0,0,3,1,3,2,7,1998,1,13,7,1
"21935","201001QA10084",2,9,0,18,0,8,0,0,0,0,1,1,15,1,-1,-1,-1,-1,-1,-1
"21936","201001QA10085",1,3,0,18,0,0,0,0,0,0,0,1,15,1,-1,124,1,3,6,1
"21937","201001QA10085",2,9,0,18,0,0,0,0,0,0,0,1,15,1,6,1998,1,11,5,1
"21938","201001QA10086",1,9,0,18,0,0,0,0,0,0,4,1,15,2,6,1400,1,10,6,1
"21939","201001QA10087",1,9,0,18,0,8,0,0,0,0,4,1,15,1,5,1587,1,12,8,1
"21940","201001QA10087",2,9,0,18,0,8,0,0,0,0,1,1,15,2,6,1299,1,9,7,1
"21941","201001QA10087",3,9,0,3,0,8,0,0,0,0,3,1,15,1,6,1799,1,2,4,1
"21942","201001QA10088",1,9,0,17,0,0,0,10,1,2,1,1,15,1,4,-1,-1,-1,-1,-1
"21943","201001QA10090",1,11,0,4,2,8,0,0,0,0,2,1,1,1,8,7300,2,6,4,1
"21944","201001QA10090",2,19,0,5,0,8,0,0,0,0,1,1,1,1,6,2151,2,7,4,1
"21947","201001QA10092",1,8,0,4,0,1,0,0,0,0,1,1,15,2,8,1599,1,6,10,1
"21948","201001QA10093",1,9,0,4,0,8,0,0,0,0,4,1,15,1,8,4163,1,4,3,1
"21949","201001QA10094",1,9,0,11,2,1,0,0,0,0,4,1,15,2,7,1998,1,7,5,1
"21950","201001QA10094",2,3,0,18,2,1,0,0,0,0,1,1,15,1,5,125,1,4,7,1
"21951","201001QA10095",1,9,0,4,0,0,0,0,0,0,4,1,1,2,7,5204,1,1,5,1