"","Acc_Index","Vehicle_Reference","Vehicle_Type","Towing_and_Articulation","Vehicle_Manoeuvre","Vehicle_Location.Restricted_Lane","Junction_Location","Skidding_and_Overturning","Hit_Object_in_Carriageway","Vehicle_Leaving_Carriageway","Hit_Object_off_Carriageway","X1st_Point_of_Impact","Was_Vehicle_Left_Hand_Drive","Journey_Purpose_of_Driver","Sex_of_Driver","Age_Band_of_Driver","Engine_Capacity_.CC.","Propulsion_Code","Age_of_Vehicle","Driver_IMD_Decile","Driver_Home_Area_Type"
"21952","201001QA10096",1,1,0,4,0,0,0,0,0,0,1,1,15,1,7,-1,-1,-1,10,1
"21953","201001QA10096",2,9,0,5,0,0,0,0,0,0,3,1,15,1,-1,1389,1,15,-1,-1
"21956","201001QA10099",1,9,0,18,0,1,0,0,0,0,1,1,15,1,8,1272,1,21,6,1
"21957","201001QA10099",2,9,0,3,0,1,0,0,0,0,2,1,15,2,8,988,1,20,4,1
"21958","201001QA10099",3,9,0,3,0,1,0,0,0,0,2,1,15,2,6,1895,1,9,5,1
"21959","201001QA10100",1,9,0,18,0,0,0,0,0,0,1,1,15,3,-1,-1,-1,-1,-1,-1
"21960","201001QA10102",1,9,0,18,0,1,0,0,0,0,1,1,15,2,5,2494,1,21,4,1
"21961","201001QA10102",2,9,0,3,0,8,0,0,0,0,2,1,15,2,8,1990,1,19,9,1
"21962","201001QA10103",1,8,0,4,0,1,0,0,0,0,1,1,15,1,9,2720,2,2,10,1
"21963","201001QA10103",2,1,0,18,0,1,0,0,0,0,3,1,15,1,3,-1,-1,-1,4,1
"21964","201001QA10104",1,9,0,9,0,8,0,0,0,0,1,1,15,1,6,-1,-1,-1,7,1
"21965","201001QA10104",2,9,0,18,0,8,0,0,0,0,1,1,15,1,6,2256,1,12,-1,-1
"21966","201001QA10105",1,9,0,18,0,0,0,0,0,0,4,1,15,1,9,1999,1,5,9,1
"21967","201001QA10106",1,9,0,18,0,0,0,0,0,0,1,1,15,2,-1,-1,-1,-1,9,1
"21968","201001QA10107",1,9,0,4,0,0,0,0,0,0,4,1,15,1,6,1999,1,8,7,1
"21972","201001QA10110",1,9,0,3,0,8,0,0,0,0,3,1,15,2,7,-1,-1,-1,3,1
"21973","201001QA10110",2,5,0,13,0,8,0,0,0,0,4,1,2,1,10,599,1,9,-1,-1
"21974","201001QA10111",1,9,0,3,0,1,0,0,0,0,1,1,15,2,5,1360,1,6,5,1
"21975","201001QA10111",2,9,0,5,0,1,0,0,0,0,1,1,15,1,4,1600,1,5,4,1
"21976","201001QA10112",1,9,0,18,0,8,0,0,0,0,1,1,15,2,6,1796,1,9,6,1
"21977","201001QA10112",2,9,0,3,0,8,0,0,0,0,2,1,15,1,8,-1,-1,-1,6,1
"21978","201001QA10113",1,9,0,18,0,8,0,0,0,0,4,1,15,1,9,1149,1,12,3,1
"21979","201001QA10113",2,9,0,18,0,8,0,0,0,0,1,1,15,1,6,1796,1,9,3,1
"21980","201001QA10114",1,9,0,18,0,8,0,0,0,0,1,1,15,1,6,1997,2,10,10,1
"21981","201001QA10114",2,9,0,9,0,8,0,0,0,0,4,1,15,2,6,-1,-1,-1,6,1
"21982","201001QA10115",1,11,0,17,0,8,0,0,0,0,0,1,1,1,8,7300,2,8,5,1
"21983","201001QA10116",1,9,0,18,0,8,0,0,0,0,1,1,15,1,7,1390,1,9,6,1
"21984","201001QA10116",2,19,0,18,0,8,0,0,0,0,1,1,15,2,6,1399,2,6,4,1
"21985","201001QA10117",1,9,0,4,0,1,0,0,0,0,2,1,15,1,7,1198,1,7,2,1
"21986","201001QA10117",2,9,0,18,0,1,0,0,0,0,1,1,15,1,-1,-1,-1,-1,-1,-1
"21987","201001QA10118",1,9,0,6,0,8,0,10,8,10,1,1,15,2,10,-1,-1,-1,8,1
"21990","201001QA10122",1,9,0,18,0,6,0,0,0,0,1,1,15,1,7,-1,-1,-1,4,1
"21991","201001QA10122",2,9,0,4,0,6,0,0,0,0,2,1,15,1,6,-1,-1,-1,-1,-1
"21992","201001QA10122",3,9,0,4,0,6,0,0,0,0,2,1,15,2,-1,-1,-1,-1,-1,-1
"21993","201001QA10123",1,9,0,4,0,6,0,0,0,0,2,1,15,1,10,1598,1,9,-1,-1
"21994","201001QA10123",2,9,0,18,0,6,0,0,0,0,1,1,15,1,-1,-1,-1,-1,-1,-1
"21995","201001QA10124",1,9,0,7,0,2,0,0,0,0,3,1,15,1,8,1240,1,3,-1,-1
"21996","201001QA10124",2,9,0,7,0,2,0,0,0,0,4,1,15,3,-1,-1,-1,-1,-1,-1
"21997","201001QA10125",1,9,0,9,0,6,0,0,0,0,3,1,15,1,10,-1,-1,-1,7,1
"21998","201001QA10125",2,1,0,18,0,8,0,0,0,0,4,1,15,1,6,-1,-1,-1,-1,-1
"21999","201001QA10126",1,9,0,4,9,0,0,0,0,0,3,1,15,2,7,1339,1,6,6,1
"22000","201001QA10127",1,2,0,18,0,0,0,0,0,0,1,1,15,1,7,-1,-1,-1,-1,-1
"22001","201001QA10127",2,9,0,5,0,0,0,0,0,0,4,1,15,1,-1,-1,-1,-1,-1,-1
"22002","201001QA10128",1,9,0,9,0,6,0,0,0,0,1,1,15,1,-1,-1,-1,-1,-1,-1
"22003","201001QA10128",2,9,0,18,0,6,0,0,0,0,1,1,15,1,-1,-1,-1,-1,-1,-1
"22004","201001QA10129",1,9,0,9,0,8,0,0,0,0,4,1,15,2,6,1999,1,5,4,1
"22005","201001QA10129",2,9,0,9,0,8,0,0,0,0,1,1,15,2,-1,-1,-1,-1,-1,-1
"22006","201001QA10130",1,9,0,18,0,0,0,0,0,0,1,1,15,1,11,998,1,10,9,1
"22007","201001QA10131",1,3,0,18,0,1,0,0,0,0,3,1,15,1,8,-1,-1,-1,-1,-1
"22008","201001QA10131",2,9,0,13,0,1,0,0,0,0,4,1,15,2,-1,1999,1,5,-1,-1
"22011","201001QA10133",1,9,0,18,0,0,0,0,0,0,1,1,15,1,7,2496,2,8,6,1
"22012","201001QA10135",1,9,0,9,0,2,0,0,0,0,1,1,15,2,7,2895,1,12,9,1
"22015","201001QA10138",1,9,0,10,0,8,0,0,0,0,2,1,15,2,8,1597,1,16,7,1
"22016","201001QA10138",2,9,0,3,0,8,0,0,0,0,2,1,15,1,6,-1,-1,-1,7,1
"22017","201001QA10138",3,9,0,18,0,8,0,0,0,0,2,1,15,1,6,-1,-1,-1,9,1
"22018","201001QA10139",1,9,0,9,0,1,0,0,0,0,3,1,15,2,8,1043,1,14,5,1
"22019","201001QA10140",1,9,0,3,0,0,0,0,0,0,2,1,15,1,5,1242,1,9,4,1
"22020","201001QA10140",2,9,0,4,0,0,0,0,0,0,2,1,15,1,4,998,1,17,3,1
"22021","201001QA10140",3,9,0,18,0,0,0,0,0,0,1,1,15,1,5,1995,2,4,-1,-1
"22022","201001QA10141",1,9,0,1,0,0,0,10,7,10,2,1,15,1,3,1590,1,17,-1,-1
"22023","201001QA10142",1,11,0,5,0,8,0,0,0,0,3,1,1,1,6,-1,-1,-1,-1,-1
"22024","201001QA10142",2,9,0,13,0,8,0,0,0,0,4,1,15,3,-1,1560,2,3,-1,-1
"22027","201001QA10144",1,9,0,18,0,2,0,0,0,0,1,1,15,2,7,-1,-1,-1,-1,-1
"22028","201001QA10145",1,9,0,10,0,8,0,0,0,0,2,1,15,1,-1,1769,1,4,-1,-1
"22029","201001QA10145",2,3,0,18,0,8,0,0,0,0,1,1,15,1,-1,124,1,11,-1,-1
"22030","201001QA10147",1,9,0,4,0,8,0,0,0,0,1,1,15,2,7,1598,1,5,4,1
"22031","201001QA10147",2,9,0,4,0,8,0,0,0,0,2,1,15,2,8,-1,-1,-1,6,1
"22032","201001QA10148",1,9,0,4,0,8,0,0,0,0,2,1,15,1,6,1796,1,2,2,1
"22033","201001QA10148",2,9,0,4,0,8,0,0,0,0,1,1,15,1,6,1275,1,20,6,1
"22034","201001QA10149",1,9,0,18,0,8,0,0,0,0,1,1,15,1,6,1992,2,4,-1,-1
"22035","201001QA10149",2,9,0,9,0,8,0,0,0,0,4,1,15,2,6,1794,1,8,4,1
"22036","201001QA10150",1,9,0,18,0,0,1,0,0,0,1,1,15,2,8,1598,1,3,-1,-1
"22037","201001QA10151",1,9,0,9,0,8,0,0,0,0,1,1,15,2,7,1388,1,7,7,1
"22038","201001QA10151",2,9,0,18,0,8,0,0,0,0,3,1,15,1,6,1598,1,6,4,1
"22039","201001QA10153",1,9,0,7,0,8,0,0,0,0,1,1,15,2,5,1598,1,13,-1,-1
"22040","201001QA10153",2,5,0,18,0,8,0,0,0,0,1,1,15,1,7,647,1,11,3,1
"22041","201001QA10155",1,2,0,18,0,6,0,0,0,0,1,1,15,1,-1,-1,-1,-1,-1,-1
"22042","201001QA10156",1,9,0,4,0,8,0,0,0,0,2,1,15,1,8,2231,2,4,4,1
"22043","201001QA10156",2,19,0,18,0,8,0,0,0,0,1,1,15,1,6,1753,2,6,6,1
"22044","201001QA10157",1,9,0,18,0,8,0,10,1,2,1,1,15,2,6,1587,1,9,6,1
"22045","201001QA10158",1,9,0,10,0,8,0,0,0,0,2,1,15,2,7,1360,1,9,3,1
"22046","201001QA10158",2,9,0,18,0,8,0,0,0,0,1,1,15,1,6,1596,1,4,8,2
"22047","201001QA10160",1,9,0,5,0,8,0,0,0,0,1,1,15,1,7,1400,1,4,4,1
"22048","201001QA10160",2,9,0,18,0,8,0,0,0,0,2,1,15,2,4,1360,1,8,9,1
"22049","201001QA10161",1,8,0,17,0,8,0,0,0,0,1,1,15,2,6,2995,1,6,7,1
"22050","201001QA10161",2,9,0,9,0,8,0,0,0,0,2,1,1,1,8,1995,2,3,7,1
"22051","201001QA10162",1,9,0,9,0,8,0,0,0,0,4,1,15,1,8,1896,2,13,8,1
"22052","201001QA10162",2,9,0,18,0,8,0,0,0,0,1,1,15,1,7,1800,1,10,4,1
"22053","201001QA10163",1,9,0,18,0,8,0,0,0,0,4,1,1,1,6,-1,-1,-1,7,1
"22054","201001QA10163",2,5,0,17,0,8,0,0,0,0,3,1,15,1,6,600,1,9,2,1
"22055","201001QA10164",1,9,0,18,0,0,0,0,0,0,4,1,15,2,6,1598,1,8,5,1
"22056","201001QA10164",2,9,0,1,0,0,0,0,0,0,1,1,15,2,6,1997,2,11,6,1
"22059","201001QA10167",1,9,0,4,0,8,0,0,0,0,2,1,15,1,7,1124,1,12,3,1
"22060","201001QA10167",2,9,0,18,0,8,0,0,0,0,1,1,15,1,9,2497,2,8,9,1
"22061","201001QA10168",1,9,0,18,0,6,0,0,0,0,1,1,15,2,-1,-1,-1,-1,-1,-1
"22062","201001QA10168",2,9,0,9,0,6,0,0,0,0,1,1,15,1,-1,-1,-1,-1,-1,-1
"22063","201001QA10169",1,9,0,18,0,6,0,0,0,0,1,1,15,2,-1,-1,-1,-1,-1,-1
"22064","201001QA10170",1,9,0,18,0,6,0,0,0,0,1,1,15,2,8,-1,-1,-1,-1,-1
"22065","201001QA10170",2,9,0,6,0,6,0,0,0,0,1,1,15,1,-1,-1,-1,-1,-1,-1
"22068","201001QA10172",1,9,0,9,0,8,0,0,0,0,4,1,1,1,8,-1,-1,-1,10,1
"22069","201001QA10172",2,5,0,18,0,8,0,0,0,0,1,1,1,1,8,1199,1,9,4,1
"22070","201001QA10174",1,9,0,18,0,8,0,0,0,0,1,1,15,1,9,1598,1,-1,-1,-1
"22071","201001QA10175",1,9,0,18,0,8,0,0,0,0,4,1,15,1,7,1781,1,12,2,1
"22072","201001QA10175",2,9,0,18,0,8,0,0,0,0,1,1,15,1,9,1753,2,7,10,1
"22073","201001QA10176",1,9,0,18,0,8,0,0,0,0,1,1,15,1,6,1796,1,5,6,1
"22074","201001QA10176",2,9,0,18,0,8,0,0,0,0,1,1,15,1,6,1905,2,10,4,1
"22075","201001QA10177",1,9,0,7,0,8,0,0,0,0,3,1,15,1,7,1596,1,8,-1,-1
"22076","201001QA10177",2,9,0,18,0,8,0,0,0,0,1,1,15,1,7,1998,1,4,-1,-1
"22081","201001QA10180",1,9,0,18,0,8,0,10,1,4,4,1,15,1,6,1995,2,8,6,1
"22082","201001QA10181",1,9,0,10,0,8,0,0,0,0,0,1,15,2,8,2000,1,3,8,1
"22083","201001QA10181",2,9,0,9,0,8,0,0,0,0,3,1,15,3,-1,1149,1,9,-1,-1
"22086","201001QA10183",1,9,0,18,0,0,0,10,7,2,1,1,15,1,11,1796,1,4,3,1
"22087","201001QA10184",1,9,0,5,0,0,0,0,0,0,3,1,15,1,10,1794,1,9,7,1
"22088","201001QA10184",2,1,0,13,0,0,0,0,0,0,1,1,15,1,-1,-1,-1,-1,-1,-1
"22089","201001QA10186",1,9,0,18,0,1,0,0,0,0,1,1,15,2,11,1240,1,7,10,1
"22090","201001QA10186",2,9,0,18,0,2,0,10,0,0,1,1,15,2,8,1598,1,4,9,1
"22091","201001QA10186",3,9,0,18,0,2,0,0,0,0,1,1,15,1,8,1997,2,6,6,1
"22092","201001QA10187",1,9,0,9,0,8,0,0,0,0,1,1,15,2,8,1398,1,8,9,1
"22093","201001QA10187",2,9,0,18,0,8,0,0,0,0,1,1,15,1,9,1597,1,17,6,1
"22094","201001QA10188",1,2,0,7,0,5,1,0,0,0,0,1,1,1,6,49,1,3,9,1
"22095","201001QA10189",1,9,0,18,0,0,0,0,0,0,1,1,15,2,7,1796,1,12,9,1
"22096","201001QA10190",1,9,0,18,0,8,0,0,0,0,4,1,15,2,-1,-1,-1,-1,-1,-1
"22097","201001QA10190",2,1,0,18,0,8,0,0,0,0,1,1,15,2,1,-1,-1,-1,9,1
"22098","201001QA10191",1,9,0,9,0,1,0,0,0,0,1,1,15,1,7,-1,-1,-1,6,1
"22099","201001QA10192",1,9,0,18,0,0,0,0,0,0,1,1,15,2,5,1199,1,9,9,1
"22100","201001QA10193",1,9,0,18,0,2,0,0,0,0,1,1,15,1,6,1597,1,12,6,1
"22101","201001QA10193",2,9,0,18,0,1,0,0,0,0,1,1,15,2,4,1240,1,-1,8,1
"22102","201001QA10194",1,19,0,3,0,0,0,0,0,0,4,1,2,1,7,1896,2,1,5,1
"22103","201001QA10194",2,1,0,18,4,0,0,0,0,0,1,1,2,1,8,-1,-1,-1,10,1
"22104","201001QA10195",1,9,0,18,0,0,0,0,0,0,1,1,3,1,8,1762,1,11,5,1
"22105","201001QA10196",1,19,0,4,0,1,0,0,0,0,1,1,1,1,6,2148,2,2,1,1
"22106","201001QA10196",2,19,0,3,0,1,0,0,0,0,2,1,1,1,8,-1,2,8,8,1
"22107","201001QA10197",1,9,0,2,0,0,0,0,0,0,4,1,15,2,5,-1,-1,-1,5,1
"22108","201001QA10197",2,9,0,14,0,0,0,8,0,0,3,1,15,1,5,2171,2,7,3,1
"22109","201001QA10198",1,9,0,9,0,8,0,0,0,0,3,1,3,2,5,1781,1,10,-1,-1
"22110","201001QA10198",2,3,0,13,0,8,0,0,0,0,4,1,1,1,7,124,1,11,6,1
"22111","201001QA10199",1,19,0,18,0,8,0,0,0,0,1,1,1,1,6,2151,2,9,6,1
"22112","201001QA10199",2,9,0,9,0,8,0,0,0,0,3,1,15,1,7,2155,2,16,8,1
"22113","201001QA10200",1,5,0,18,0,1,0,0,0,0,4,1,1,1,8,647,1,4,6,1
"22114","201001QA10200",2,9,0,12,0,1,0,0,0,0,3,1,1,2,9,1124,1,10,-1,-1
"22115","201001QA10201",1,9,0,1,0,2,0,0,0,0,2,1,2,1,7,2993,2,1,6,1
"22116","201001QA10201",2,9,0,7,0,2,0,0,0,0,1,1,15,2,6,1896,2,6,5,1
"22117","201001QA10202",1,9,0,18,0,2,0,0,0,0,1,1,15,1,7,998,1,10,5,1
"22118","201001QA10203",1,19,0,7,0,1,0,0,0,0,0,1,1,1,6,-1,-1,-1,3,1
"22119","201001QA10203",2,1,0,18,0,1,0,0,0,0,1,1,2,1,7,-1,-1,-1,5,1
"22123","201001QA10206",1,5,0,18,0,8,0,4,0,0,3,1,15,1,9,750,1,22,6,1
"22124","201001QA10206",2,9,0,9,0,8,0,0,0,0,4,1,15,1,5,1797,8,1,6,1
"22125","201001QA10206",3,9,0,2,0,2,0,0,0,0,2,1,15,1,-1,999,1,9,6,1
"22126","201001QA10206",4,9,0,2,0,2,0,0,0,0,2,1,15,1,-1,1242,1,10,6,1
"22129","201001QA10209",1,19,0,3,0,0,0,0,0,0,2,1,15,1,4,2496,2,12,4,1
"22130","201001QA10209",2,9,0,3,0,0,0,0,0,0,2,1,15,1,8,1796,1,-1,5,1
"22131","201001QA10209",3,9,0,4,0,0,0,0,0,0,1,1,15,3,-1,-1,-1,-1,-1,-1
"22132","201001QA10210",1,9,0,18,0,2,0,0,0,0,4,1,1,2,9,1242,1,9,7,1
"22133","201001QA10211",1,9,0,17,0,0,0,0,0,0,1,1,15,1,6,1587,1,8,4,1
"22134","201001QA10211",2,9,0,2,0,0,0,0,0,0,1,1,15,1,5,1596,1,7,4,1
"22135","201001QA10212",1,9,0,1,0,8,0,0,0,0,2,1,15,1,6,1950,2,10,7,1
"22136","201001QA10212",2,9,0,18,0,8,0,0,0,0,4,1,15,2,8,2295,1,10,8,1
"22137","201001QA10213",1,9,0,18,0,0,0,0,0,0,1,1,15,1,9,2954,1,15,8,1
"22138","201001QA10214",1,8,0,2,0,0,0,0,0,0,0,1,1,1,9,-1,-1,-1,9,1
"22141","201001QA10216",1,11,0,5,0,0,0,0,0,0,0,1,15,1,6,9000,2,1,3,1
"22142","201001QA10217",1,9,0,9,0,6,0,0,0,0,1,1,15,1,-1,-1,-1,-1,-1,-1
"22143","201001QA10217",2,9,0,18,0,6,0,0,0,0,1,1,15,1,-1,-1,-1,-1,-1,-1
"22144","201001QA10218",1,9,0,9,0,8,0,0,0,0,3,1,15,2,6,1242,1,9,9,1
"22145","201001QA10218",2,9,0,2,0,8,0,0,0,0,1,1,15,2,4,1493,2,1,7,1
"22146","201001QA10219",1,9,0,18,0,8,0,0,0,0,1,1,15,1,10,1388,1,4,8,1
"22147","201001QA10219",2,5,0,9,0,8,0,0,0,0,4,1,15,1,7,992,1,4,-1,-1
"22150","201001QA10222",1,9,0,3,0,0,0,0,0,0,2,1,15,1,5,998,1,12,4,1
"22151","201001QA10222",2,9,0,4,0,0,0,0,0,0,1,1,15,2,7,2597,1,7,1,1
"22152","201001QA10224",1,9,0,4,0,0,0,0,0,0,1,1,15,1,6,1598,1,12,3,1
"22153","201001QA10224",2,9,0,4,0,0,0,0,0,0,2,1,15,2,10,1598,1,6,9,1
"22154","201001QA10226",1,9,0,1,0,8,0,0,0,0,2,1,15,1,7,1598,1,9,3,1
"22155","201001QA10227",1,9,0,18,0,8,0,0,0,0,1,1,15,1,9,1998,1,14,4,1
"22156","201001QA10228",1,1,0,14,0,8,0,0,0,0,2,1,15,1,6,-1,-1,-1,7,1
"22157","201001QA10228",2,9,0,18,0,8,0,0,0,0,1,1,15,1,-1,-1,-1,-1,-1,-1
"22158","201001QA10229",1,9,0,4,0,8,0,0,0,0,2,1,15,2,7,1998,1,13,5,1
"22159","201001QA10229",2,9,0,18,0,8,0,0,0,0,1,1,15,1,9,2499,1,1,5,1
"22162","201001QA10231",1,9,0,10,0,1,1,0,0,0,3,1,15,2,6,1390,1,12,3,1
"22163","201001QA10231",2,9,0,18,0,1,1,10,1,0,1,1,15,2,8,1490,1,-1,9,1
"22164","201001QA10233",1,5,0,3,0,8,0,0,0,0,2,1,15,1,7,-1,-1,-1,4,1
"22165","201001QA10233",2,9,0,18,0,8,0,0,0,0,1,1,15,1,-1,1991,1,13,-1,-1
"22166","201001QA10234",1,9,0,4,0,8,0,0,0,0,2,1,15,1,7,1997,1,3,5,1
"22167","201001QA10234",2,3,0,18,0,8,0,0,0,0,1,1,15,1,4,-1,-1,-1,5,1
"22168","201001QA10236",1,9,0,8,0,8,0,0,0,0,3,1,15,2,6,1299,1,8,4,1
"22169","201001QA10236",2,9,0,18,0,8,0,0,0,0,1,1,3,2,-1,-1,-1,-1,-1,-1
"22170","201001QA10238",1,9,0,1,0,0,0,0,0,0,2,1,15,1,8,1968,2,4,-1,-1
"22171","201001QA10239",1,19,0,9,0,8,0,0,0,0,1,1,15,1,6,1560,2,3,4,1
"22172","201001QA10239",2,9,0,18,0,8,0,0,0,0,3,1,15,1,9,1995,2,5,9,1
"22173","201001QA10240",1,9,0,8,0,8,0,0,0,0,2,1,15,2,8,1968,2,2,10,1
"22174","201001QA10240",2,9,0,18,0,8,0,0,0,0,1,1,15,2,-1,1390,1,7,-1,-1
"22175","201001QA10241",1,1,0,3,0,8,0,0,0,0,2,1,15,2,6,-1,-1,-1,-1,-1
"22176","201001QA10241",2,9,0,18,0,8,0,0,0,0,1,1,15,2,-1,1289,1,10,3,1
"22177","201001QA10242",1,9,0,5,0,8,0,0,0,0,1,1,15,1,-1,998,1,15,-1,-1
"22178","201001QA10243",1,9,0,9,0,8,0,0,0,0,3,1,15,1,8,1397,1,9,5,1
"22179","201001QA10243",2,9,0,18,0,8,0,0,0,0,1,1,15,1,9,-1,-1,-1,6,1
"22180","201001QA10244",1,9,0,18,0,8,0,0,0,0,1,1,15,3,-1,-1,-1,-1,-1,-1
"22181","201001QA10245",1,9,0,18,0,0,0,0,0,0,4,1,15,2,8,1798,1,8,5,1
"22182","201001QA10245",2,1,0,18,0,0,0,0,0,0,1,1,15,1,3,-1,-1,-1,2,1
"22183","201001QA10247",1,1,0,7,0,8,0,0,0,0,1,1,15,3,-1,-1,-1,-1,-1,-1
"22184","201001QA10248",1,9,0,7,0,8,0,0,0,0,3,1,15,3,-1,1997,2,7,-1,-1
"22185","201001QA10248",2,11,0,18,0,8,0,0,0,0,1,1,1,1,9,9000,2,1,2,1
"22186","201001QA10249",1,9,0,9,0,8,0,0,0,0,1,1,15,1,5,3628,2,2,4,1
"22187","201001QA10250",1,9,0,18,0,0,0,10,1,2,1,1,15,1,5,1388,1,19,6,1
"22188","201001QA10251",1,9,0,18,0,8,0,0,0,0,1,1,15,2,-1,-1,-1,-1,-1,-1
"22189","201001QA10252",1,9,0,1,0,8,0,0,0,0,3,1,1,1,5,-1,-1,-1,4,1
"22190","201001QA10252",2,9,0,18,0,8,0,0,0,0,1,1,15,1,-1,1598,1,10,4,1
"22191","201001QA10253",1,9,0,9,0,8,0,0,0,0,1,1,15,1,6,-1,-1,-1,5,1
"22192","201001QA10253",2,5,0,18,0,8,1,0,0,0,1,1,15,1,6,600,1,6,5,1
"22193","201001QA10254",1,9,0,4,0,8,0,0,0,0,1,1,1,1,-1,3199,1,11,3,1
"22194","201001QA10254",2,9,0,18,0,8,0,0,0,0,1,1,1,1,6,1995,1,8,5,1
"22195","201001QA10255",1,9,0,5,0,6,0,0,0,0,1,1,15,2,6,1596,1,9,4,1
"22196","201001QA10255",2,9,0,4,0,1,0,0,0,0,1,1,15,2,-1,-1,-1,-1,-1,-1
"22197","201001QA10257",1,9,0,18,0,8,0,0,0,0,2,1,15,2,8,998,1,8,9,1
"22198","201001QA10257",2,9,0,9,0,8,0,0,0,0,3,1,15,1,-1,1800,1,11,2,1
"22199","201001QA10258",1,9,0,18,0,8,0,0,0,0,1,1,15,1,11,1339,1,5,9,1
"22200","201001QA10258",2,1,0,18,0,8,0,0,0,0,4,1,15,1,8,-1,-1,-1,6,1
"22201","201001QA10259",1,9,0,18,0,8,0,0,1,1,1,1,15,2,7,1498,1,7,7,1
"22202","201001QA10259",2,9,0,18,0,8,0,0,0,0,0,1,15,1,-1,-1,-1,-1,-1,-1
"22203","201001QA10260",1,9,0,18,0,0,0,0,1,3,1,1,15,1,9,1598,1,4,-1,-1
"22204","201001QA10261",1,9,0,18,0,6,0,0,0,0,1,1,15,1,6,1968,2,5,-1,-1
"22205","201001QA10261",2,9,0,18,0,6,0,0,0,0,2,1,15,1,7,-1,-1,-1,-1,-1
"22206","201001QA10262",1,9,0,18,0,8,0,4,0,0,1,1,15,2,-1,1391,1,9,6,1
"22207","201001QA10262",2,9,0,2,6,8,0,0,0,0,2,1,15,2,5,2499,1,3,5,1
"22208","201001QA10262",3,9,0,2,6,8,0,0,0,0,2,1,15,1,7,1289,1,11,3,1
"22209","201001QA10262",4,9,0,2,6,8,0,0,0,0,2,1,15,1,7,1998,1,11,8,1
"22210","201001QA10263",1,9,0,18,0,2,0,0,0,0,1,1,15,3,-1,-1,-1,-1,-1,-1
"22214","201001QA10267",1,9,0,18,0,8,1,0,0,0,1,1,15,1,7,1242,1,11,2,1
"22215","201001QA10267",2,9,0,18,0,8,0,0,0,0,1,1,15,2,5,1398,1,12,7,1
"22216","201001QA10268",1,11,0,18,0,0,0,0,0,0,0,1,1,1,7,7300,2,9,3,1
"22217","201001QA10270",1,9,0,9,0,8,0,0,0,0,1,1,15,1,-1,-1,-1,-1,-1,-1
"22218","201001QA10270",2,1,0,18,0,8,0,0,0,0,3,1,15,1,3,-1,-1,-1,6,1
"22219","201001QA10272",1,9,0,4,0,8,0,0,0,0,2,1,15,1,10,2295,1,14,4,1
"22220","201001QA10272",2,9,0,18,0,8,0,0,0,0,1,1,15,1,5,3199,1,6,2,1
"22221","201001QA10273",1,9,0,9,0,0,0,0,7,0,3,1,2,2,8,-1,-1,-1,10,1
"22222","201001QA10273",2,9,0,18,0,0,0,0,0,0,1,1,2,2,8,1598,1,4,7,1
"22223","201001QA10274",1,9,0,18,0,8,0,0,0,0,3,1,15,1,6,-1,-1,-1,7,1
"22224","201001QA10274",2,4,0,18,0,8,1,0,0,0,4,1,15,1,6,400,1,1,7,1
"22225","201001QA10275",1,9,0,9,0,8,0,0,0,0,3,1,15,2,4,1299,1,12,8,1
"22226","201001QA10275",2,9,0,18,0,8,0,0,0,0,1,1,15,1,10,1988,1,11,10,1
"22227","201001QA10276",1,9,0,16,0,8,0,0,0,0,1,1,15,2,4,1198,1,1,7,1
"22228","201001QA10276",2,1,0,18,0,8,0,0,0,0,3,1,1,1,6,-1,-1,-1,4,1
"22229","201001QA10277",1,9,0,18,0,8,0,0,0,0,4,1,15,2,5,1124,1,12,3,1
"22230","201001QA10277",2,9,0,7,0,8,0,0,0,0,1,1,15,1,9,1590,1,11,5,1
"22231","201001QA10278",1,9,0,5,0,8,0,0,0,0,1,1,15,2,7,1896,2,4,3,1
"22232","201001QA10279",1,9,0,1,9,8,0,0,0,0,2,1,15,1,11,1968,2,4,10,1
"22233","201001QA10280",1,9,0,18,0,8,0,0,0,0,3,1,15,2,10,1991,1,13,6,1
"22234","201001QA10280",2,19,0,1,0,8,0,0,0,0,2,1,15,1,-1,-1,-1,-1,-1,-1
"22235","201001QA10281",1,9,0,18,0,8,0,0,0,0,3,1,15,1,10,1984,1,8,10,1
"22236","201001QA10281",2,9,0,9,0,8,0,0,0,0,1,1,15,1,8,-1,-1,-1,5,1
"22237","201001QA10282",1,9,0,13,0,8,5,7,7,4,1,1,15,2,4,1850,1,11,9,1
"22238","201001QA10282",2,9,0,18,0,8,0,0,0,0,0,1,15,3,-1,-1,-1,-1,-1,-1
"22239","201001QA10283",1,19,0,18,0,0,0,0,0,0,1,1,15,1,6,-1,-1,-1,-1,-1
"22240","201001QA10284",1,9,0,18,0,0,1,0,0,0,2,1,15,1,7,1796,1,12,2,1
"22241","201001QA10284",2,9,0,18,0,0,0,0,0,0,1,1,15,1,-1,-1,-1,-1,-1,-1
"22242","201001QA10285",1,11,0,5,2,0,0,0,0,0,0,1,1,1,-1,-1,2,9,-1,-1