"","Acc_Index","Vehicle_Reference","Vehicle_Type","Towing_and_Articulation","Vehicle_Manoeuvre","Vehicle_Location.Restricted_Lane","Junction_Location","Skidding_and_Overturning","Hit_Object_in_Carriageway","Vehicle_Leaving_Carriageway","Hit_Object_off_Carriageway","X1st_Point_of_Impact","Was_Vehicle_Left_Hand_Drive","Journey_Purpose_of_Driver","Sex_of_Driver","Age_Band_of_Driver","Engine_Capacity_.CC.","Propulsion_Code","Age_of_Vehicle","Driver_IMD_Decile","Driver_Home_Area_Type"
"29532","201001TB00837",2,9,0,2,0,2,0,0,0,0,2,1,15,3,-1,-1,-1,-1,-1,-1
"29556","201001TB00860",1,3,0,18,0,0,1,0,0,0,3,1,15,1,6,680,1,1,7,1
"29711","201001TD00001",1,9,0,4,0,1,0,0,0,0,1,1,15,1,7,2685,2,6,7,1
"29712","201001TD00001",2,9,0,4,0,1,0,0,0,0,2,1,15,1,5,1991,1,12,9,1
"29713","201001TD00001",3,10,0,4,0,1,0,0,0,0,2,1,1,1,8,-1,-1,-1,2,1
"29718","201001TD00005",1,9,0,18,0,8,0,0,0,0,1,1,15,2,7,1396,1,8,10,1
"29719","201001TD00005",2,9,0,18,0,8,0,0,0,0,3,1,15,3,-1,1364,1,4,-1,-1
"29720","201001TD00005",3,9,0,2,0,8,0,0,0,0,1,1,15,1,10,1086,1,5,3,1
"29733","201001TD00017",1,9,0,18,0,0,0,10,7,4,1,1,15,1,9,1598,1,2,2,1
"29734","201001TD00018",1,9,0,9,0,8,0,0,0,0,4,1,15,1,8,-1,-1,-1,2,1
"29735","201001TD00018",2,5,0,18,0,8,0,0,0,0,1,1,2,1,7,-1,-1,-1,8,1
"29737","201001TD00022",1,9,0,18,0,1,0,0,0,0,4,1,15,1,5,1242,1,9,10,1
"29740","201001TD00025",1,9,0,18,0,2,1,0,1,2,1,1,15,1,8,-1,-1,-1,3,1
"29741","201001TD00025",2,9,0,18,0,2,1,1,0,0,1,1,15,1,5,1598,1,8,2,1
"29742","201001TD00025",3,19,0,2,0,2,0,0,0,0,3,1,15,1,7,2800,2,10,4,1
"29747","201001TD00030",1,9,0,7,0,8,0,0,0,0,1,1,15,1,5,-1,-1,-1,5,1
"29748","201001TD00030",2,9,0,18,0,8,0,0,0,0,4,1,1,1,-1,-1,-1,-1,-1,-1
"29749","201001TD00032",1,9,0,18,0,8,0,0,0,0,4,1,1,1,9,-1,-1,-1,9,1
"29750","201001TD00032",2,1,0,4,0,8,1,0,0,0,1,1,15,1,3,-1,-1,-1,9,1
"29753","201001TD00034",1,9,0,3,0,1,0,0,0,0,2,1,15,1,-1,1242,1,6,3,1
"29754","201001TD00034",2,9,0,4,0,1,0,0,0,0,1,1,1,1,6,1686,2,2,-1,-1
"29755","201001TD00035",1,9,0,9,0,2,0,0,0,0,1,1,1,1,6,3724,1,6,-1,-1
"29763","201001TD00041",1,9,0,1,0,0,0,4,0,0,2,1,1,2,5,-1,-1,-1,-1,-1
"29764","201001TD00041",2,9,0,2,0,0,0,0,0,0,1,1,1,1,6,-1,-1,-1,-1,-1
"29767","201001TD00044",1,9,0,3,0,1,0,0,0,0,2,1,1,1,-1,-1,-1,-1,-1,-1
"29768","201001TD00044",2,9,0,18,0,1,0,0,0,0,1,1,15,1,-1,2148,2,8,-1,-1
"29770","201001TD00046",1,11,0,18,0,2,0,0,0,0,1,1,1,1,-1,-1,-1,-1,-1,-1
"29771","201001TD00046",2,9,0,6,0,2,0,0,0,0,4,1,15,1,5,-1,-1,-1,-1,-1
"29776","201001TD00050",1,9,0,18,0,2,0,0,0,0,1,1,1,1,-1,-1,-1,-1,-1,-1
"29777","201001TD00050",2,9,0,9,0,2,1,4,7,0,1,1,15,1,4,1900,2,5,3,1
"29778","201001TD00050",3,9,0,2,0,1,0,0,0,0,1,1,15,1,-1,1794,1,6,-1,-1
"29781","201001TD00054",1,1,0,18,0,2,0,7,0,0,1,1,15,1,-1,-1,-1,-1,10,1
"29782","201001TD00055",1,9,0,18,0,0,0,0,0,0,4,1,15,2,-1,-1,-1,-1,-1,-1
"29783","201001TD00058",1,9,0,18,0,0,0,0,7,4,3,1,15,1,4,1598,1,5,10,1
"29792","201001TD00066",1,9,0,18,0,8,0,0,0,0,1,1,15,1,5,1598,1,11,10,1
"29804","201001TD00074",1,19,0,18,0,8,0,0,0,0,1,1,15,1,7,1896,2,1,6,1
"29805","201001TD00074",2,11,0,18,0,8,0,0,0,0,4,1,1,1,7,4500,2,1,4,1
"29813","201001TD00080",1,9,0,4,0,8,0,0,0,0,2,1,1,2,5,1560,2,2,2,1
"29814","201001TD00080",2,9,0,4,0,8,0,0,0,0,1,1,1,2,5,1149,1,7,-1,-1
"29815","201001TD00081",1,9,0,9,0,8,0,0,0,0,1,1,15,1,8,1497,1,9,-1,-1
"29816","201001TD00081",2,9,0,18,0,8,0,0,0,0,1,1,15,1,5,-1,-1,-1,9,1
"29819","201001TD00083",1,3,0,18,0,0,0,0,0,0,1,1,15,1,5,124,1,7,10,1
"29828","201001TD00096",1,9,0,14,0,0,0,0,0,0,1,1,15,1,4,-1,-1,-1,2,1
"29837","201001TD00105",1,4,0,18,0,2,0,0,0,0,3,1,15,1,7,798,1,1,7,1
"29841","201001TD00111",1,1,0,9,0,8,0,0,0,0,1,1,1,1,5,-1,-1,-1,2,1
"29842","201001TD00111",2,9,0,18,0,6,0,0,0,0,3,1,15,3,-1,-1,-1,-1,-1,-1
"29869","201001TE00018",1,1,0,15,4,0,0,0,0,0,1,1,15,1,-1,-1,-1,-1,5,1
"29885","201001TE00030",1,9,0,4,0,0,0,0,0,0,1,1,15,2,6,1984,1,10,8,1
"29894","201001TW60004",1,9,0,2,0,6,0,0,0,0,3,1,15,1,6,-1,-1,-1,7,1
"29895","201001TW60004",2,9,0,18,0,6,0,0,0,0,1,1,15,1,7,1998,1,12,9,1
"29896","201001TW60005",1,9,0,2,0,6,0,0,0,0,3,1,15,1,6,1984,1,4,-1,-1
"29897","201001TW60005",2,9,0,18,0,6,0,0,0,0,1,1,15,1,-1,-1,-1,-1,-1,-1
"29898","201001TW60006",1,9,0,18,0,6,0,0,0,0,1,1,15,1,7,-1,-1,-1,-1,-1
"29899","201001TW60007",1,9,0,18,0,6,0,0,0,0,1,1,15,1,9,-1,-1,-1,-1,-1
"29900","201001TW60008",1,9,0,4,0,6,0,0,0,0,2,1,15,2,6,998,1,11,-1,-1
"29901","201001TW60008",2,9,0,18,0,6,0,0,0,0,1,1,15,1,-1,-1,-1,-1,-1,-1
"29902","201001TW60009",1,9,0,18,0,6,0,10,1,10,1,1,15,1,-1,1360,1,13,-1,-1
"29903","201001TW60010",1,4,0,13,0,0,0,0,0,0,1,1,15,1,7,278,1,2,7,1
"29904","201001TW60010",2,1,0,18,0,0,0,0,0,0,0,1,15,1,6,-1,-1,-1,9,1
"29905","201001TW60011",1,9,0,18,0,6,0,0,1,2,1,1,15,1,-1,1984,1,4,-1,-1
"29906","201001TW60012",1,2,0,4,0,6,0,0,0,0,1,1,15,1,8,-1,-1,-1,-1,-1
"29907","201001TW60012",2,9,0,1,0,6,0,0,0,0,2,1,15,2,-1,-1,-1,-1,-1,-1
"29908","201001TW60013",1,1,0,18,0,1,0,10,0,0,3,1,15,1,6,-1,-1,-1,7,1
"29909","201001TW60013",2,19,0,4,0,1,0,0,0,0,4,1,15,1,-1,1896,2,14,-1,-1
"29910","201001TW60015",1,4,0,18,0,2,1,0,0,0,0,1,15,1,6,125,1,1,10,1
"29911","201001TW60016",1,9,0,5,0,6,0,0,0,0,3,1,15,1,6,-1,-1,-1,-1,-1
"29912","201001TW60016",2,9,0,18,0,6,0,0,0,0,1,1,15,1,-1,1596,1,6,-1,-1
"29916","201001TW60018",1,9,0,5,0,6,0,0,0,0,1,1,15,2,4,998,1,9,10,1
"29917","201001TW60018",2,9,0,18,0,6,0,0,0,0,1,1,15,1,8,-1,-1,-1,-1,-1
"29918","201001TW60019",1,9,0,18,0,0,0,0,0,0,1,1,15,1,4,1596,1,9,7,1
"29919","201001TW60019",2,9,0,3,0,0,0,0,0,0,2,1,15,1,7,1998,2,8,5,1
"29920","201001TW60022",1,9,0,3,0,1,0,0,0,0,2,1,15,2,7,1598,1,9,8,1
"29921","201001TW60022",2,9,0,18,0,1,0,0,0,0,1,1,15,1,6,1199,1,7,-1,-1
"29922","201001TW60023",1,9,0,18,0,6,0,0,0,0,1,1,15,1,6,-1,-1,-1,-1,-1
"29923","201001TW60023",2,4,0,4,0,6,0,0,0,0,2,1,15,1,7,-1,-1,-1,7,1
"29924","201001TW60024",1,1,0,18,0,6,0,0,0,0,1,1,15,1,6,-1,-1,-1,7,1
"29925","201001TW60025",1,9,0,9,0,6,0,0,0,0,1,1,15,1,6,1339,1,3,-1,-1
"29926","201001TW60025",2,9,0,18,0,6,0,0,0,0,1,1,15,1,4,-1,-1,-1,9,1
"29927","201001TW60026",1,9,0,18,0,6,0,0,0,0,1,1,15,2,9,1341,1,7,7,1
"29928","201001TW60027",1,9,0,4,0,0,0,0,0,0,2,1,15,1,8,796,1,10,7,1
"29929","201001TW60027",2,9,0,18,0,0,0,0,0,0,1,1,15,1,6,-1,-1,-1,-1,-1
"29930","201001TW60029",1,9,0,9,0,6,0,0,0,0,1,1,15,1,8,1995,2,5,-1,-1
"29931","201001TW60030",1,9,0,18,0,6,0,0,0,0,1,1,15,2,8,980,1,19,4,1
"29932","201001TW60031",1,2,0,18,0,6,0,0,0,0,4,1,15,1,6,-1,-1,-1,-1,-1
"29933","201001TW60032",1,9,0,18,0,6,0,0,0,0,1,1,15,2,-1,1242,1,10,-1,-1
"29934","201001TW60033",1,9,0,7,0,6,0,0,0,0,2,1,15,2,7,1986,2,3,8,1
"29935","201001TW60033",2,1,0,18,0,6,0,0,0,0,1,1,15,1,8,-1,-1,-1,10,1
"29936","201001TW60033",3,1,0,18,0,6,0,0,0,0,4,1,15,1,7,-1,-1,-1,8,1
"29937","201001TW60034",1,8,0,18,0,6,0,0,0,0,1,1,15,1,7,2402,2,5,-1,-1
"29938","201001TW60034",2,9,0,18,0,6,0,0,0,0,1,1,15,1,-1,-1,-1,-1,-1,-1
"29942","201001TW60036",1,9,0,9,0,8,0,0,0,0,4,1,15,1,-1,1796,1,6,4,1
"29943","201001TW60036",2,1,0,18,0,8,0,0,0,0,1,1,15,1,7,-1,-1,-1,7,1
"29944","201001TW60037",1,9,0,1,0,8,0,0,0,0,2,1,15,1,6,-1,-1,-1,3,1
"29945","201001TW60037",2,3,0,3,0,8,0,0,0,0,1,1,15,1,7,125,1,1,6,1
"29946","201001TW60038",1,9,0,9,0,6,0,0,0,0,1,1,15,1,8,1343,1,8,8,1
"29947","201001TW60038",2,1,0,18,0,6,0,0,0,0,1,1,15,1,7,-1,-1,-1,6,1
"29948","201001TW60039",1,9,0,18,0,0,0,0,0,0,1,1,15,1,9,2792,1,13,10,1
"29949","201001TW60040",1,9,0,14,0,0,0,0,0,0,4,1,15,1,6,1600,1,5,3,1
"29950","201001TW60040",2,9,0,5,0,0,0,0,0,0,3,1,15,1,7,1360,1,3,5,1
"29951","201001TW60041",1,9,0,9,0,8,0,0,0,0,1,1,15,1,7,1587,1,8,-1,-1
"29952","201001TW60041",2,9,0,18,0,8,0,0,0,0,4,1,1,1,7,1598,1,9,5,1
"29953","201001TW60042",1,9,0,18,0,8,0,0,0,0,1,1,15,2,6,998,1,9,1,1
"29954","201001TW60042",2,9,0,9,0,8,0,0,0,0,3,1,15,1,-1,1896,2,5,-1,-1
"29955","201001TW60043",1,9,0,18,0,6,0,0,0,0,1,1,15,1,-1,-1,-1,-1,-1,-1
"29956","201001TW60044",1,11,0,18,0,8,0,0,0,0,1,1,1,3,-1,-1,-1,-1,-1,-1
"29957","201001TW60045",1,11,0,14,0,0,0,0,0,0,1,1,15,2,9,8268,2,9,3,1
"29958","201001TW60045",2,9,0,18,0,0,0,0,0,0,2,1,15,1,4,-1,-1,-1,6,1
"29959","201001TW60046",1,1,0,18,0,6,0,0,0,0,1,1,15,1,7,-1,-1,-1,10,1
"29960","201001TW60046",2,9,0,2,0,6,0,0,0,0,4,1,15,1,-1,-1,-1,-1,-1,-1
"29961","201001TW60048",1,1,0,4,0,0,1,0,0,0,3,1,2,1,8,-1,-1,-1,9,1
"29962","201001TW60049",1,9,0,18,0,2,0,10,0,0,3,1,2,2,4,1390,1,13,-1,-1
"29963","201001TW60049",2,11,0,13,0,2,0,0,0,0,4,1,1,1,-1,4500,2,3,-1,-1
"29964","201001TW60050",1,11,0,4,0,2,0,0,0,0,0,1,1,3,-1,-1,-1,-1,-1,-1
"29965","201001TW60051",1,9,0,3,0,6,0,0,0,0,2,1,15,1,6,-1,-1,-1,-1,-1
"29966","201001TW60051",2,9,0,18,0,6,0,0,0,0,1,1,15,1,-1,-1,-1,-1,-1,-1
"29967","201001TW60053",1,9,0,1,0,1,0,0,0,0,2,1,15,2,-1,1598,1,3,-1,-1
"29968","201001TW60054",1,5,0,13,0,8,0,0,0,0,4,1,15,1,6,599,1,1,2,1
"29969","201001TW60054",2,9,0,9,0,8,0,0,0,0,3,1,15,2,-1,1388,1,7,-1,-1
"29970","201001TW60057",1,11,0,4,0,8,0,0,0,0,0,1,1,1,5,9000,2,1,2,1
"29971","201001TW60058",1,9,0,9,0,8,0,0,0,0,3,1,1,2,6,1796,1,7,10,1
"29972","201001TW60058",2,5,0,13,0,8,0,0,0,0,1,1,2,2,8,798,1,1,7,1
"29973","201001TW60059",1,9,0,3,0,1,0,0,0,0,2,1,15,2,7,-1,-1,-1,8,1
"29974","201001TW60059",2,9,0,4,0,1,0,0,0,0,1,1,15,1,-1,1984,1,7,-1,-1
"29975","201001TW60060",1,9,0,2,0,0,0,0,0,0,1,1,15,2,5,1390,1,3,8,1
"29976","201001TW60060",2,9,0,1,0,0,0,4,0,0,2,1,15,3,-1,1598,1,5,-1,-1
"29977","201001TW60061",1,9,0,9,0,8,0,0,0,0,3,1,15,2,4,1149,1,6,9,1
"29978","201001TW60061",2,1,0,18,0,8,0,0,0,0,1,1,15,1,6,-1,-1,-1,9,1
"29979","201001TW60062",1,9,0,18,0,1,0,0,0,0,1,1,15,1,11,1797,1,16,-1,-1
"29980","201001TW60063",1,9,0,1,0,0,0,0,0,0,2,1,15,1,6,1910,2,2,8,1
"29981","201001TW60063",2,9,0,3,0,0,0,0,0,0,2,1,15,2,7,3000,1,6,8,1
"29982","201001TW60063",3,9,0,18,0,0,0,0,0,0,1,1,15,2,6,1149,1,3,6,1
"29983","201001TW60064",1,9,0,3,0,0,0,0,0,0,4,1,15,1,8,-1,-1,-1,10,1
"29984","201001TW60064",2,1,0,18,0,0,0,0,0,0,1,1,15,1,7,-1,-1,-1,10,1
"29985","201001TW60065",1,8,0,18,0,8,0,0,0,0,1,1,1,1,6,-1,-1,-1,3,1
"29986","201001TW60066",1,9,0,18,0,8,0,0,0,0,1,1,15,1,5,2793,1,12,10,1
"29987","201001TW60066",2,9,0,9,0,8,0,0,0,0,4,1,15,1,7,2926,2,4,9,1
"29988","201001TW60067",1,3,0,18,0,8,0,0,0,0,1,1,15,1,5,124,1,2,6,1
"29989","201001TW60067",2,9,0,18,0,8,0,0,0,0,4,1,15,1,7,1198,1,1,5,1
"29990","201001TW60068",1,9,0,3,0,8,0,0,0,0,2,1,3,2,4,1198,1,1,10,1
"29991","201001TW60068",2,9,0,18,0,8,0,0,0,0,1,1,15,1,6,1299,1,12,6,1
"29992","201001TW60069",1,9,0,7,0,8,0,0,0,0,1,1,15,1,9,1896,2,9,9,1
"29993","201001TW60069",2,1,0,9,0,8,0,0,0,0,1,1,15,1,8,-1,-1,-1,9,1
"29994","201001TW60070",1,11,0,4,0,8,0,0,0,0,0,1,1,1,6,8268,2,9,2,1
"29995","201001TW60070",2,9,0,9,0,8,0,0,0,0,0,1,15,3,-1,1783,1,7,-1,-1
"29996","201001TW60071",1,9,0,16,0,8,0,0,0,0,1,1,15,1,8,4701,1,8,-1,-1
"29997","201001TW60071",2,1,0,9,0,8,0,0,0,0,1,1,15,1,7,-1,-1,-1,8,1
"29998","201001TW60072",1,20,0,18,0,0,0,0,0,0,1,1,1,1,6,2300,2,7,6,1
"29999","201001TW60072",2,9,0,3,0,0,0,0,0,0,1,1,2,1,8,1689,2,6,9,1
"30000","201001TW60072",3,9,0,3,0,0,0,0,0,0,2,1,2,2,7,1995,2,6,5,1
"30001","201001TW60073",1,5,0,18,0,0,0,0,0,0,3,1,15,1,8,599,1,11,3,1
"30002","201001TW60073",2,9,0,12,0,0,0,0,0,0,3,1,15,3,-1,-1,-1,-1,-1,-1
"30003","201001TW60074",1,8,0,1,0,8,0,0,0,0,2,1,1,1,6,2148,2,1,-1,-1
"30004","201001TW60074",2,9,0,18,0,8,0,0,0,0,1,1,15,1,9,1986,1,16,8,1
"30005","201001TW60075",1,19,0,9,0,8,0,0,0,0,1,1,1,1,5,1998,2,5,9,1
"30006","201001TW60075",2,1,0,18,0,8,0,0,0,0,1,1,2,1,6,-1,-1,-1,3,1
"30007","201001TW60076",1,9,0,18,0,1,0,4,0,0,4,1,15,2,11,1997,1,12,10,1
"30008","201001TW60076",2,9,0,2,0,1,0,0,0,0,3,1,15,2,-1,1498,1,5,-1,-1
"30009","201001TW60077",1,19,0,11,0,0,0,0,0,0,4,1,15,1,6,1870,2,7,7,2
"30010","201001TW60077",2,9,0,18,0,0,0,10,1,1,1,1,15,1,6,1781,1,14,8,1
"30011","201001TW60078",1,19,0,9,0,8,0,0,0,0,1,1,15,1,7,-1,-1,-1,10,1
"30012","201001TW60078",2,5,0,18,0,8,0,0,0,0,1,1,15,1,-1,600,1,6,5,1
"30013","201001TW60079",1,21,0,11,0,8,0,0,0,0,4,1,1,3,-1,-1,-1,-1,-1,-1
"30014","201001TW60079",2,1,0,18,0,8,0,10,1,10,3,1,15,1,6,-1,-1,-1,8,1
"30015","201001TW60079",3,1,0,18,0,8,0,10,1,10,3,1,15,1,7,-1,-1,-1,6,1
"30016","201001TW60080",1,9,0,9,0,8,0,0,0,0,1,1,15,1,6,1248,2,1,6,1
"30017","201001TW60080",2,1,0,18,0,8,0,0,0,0,1,1,15,1,7,-1,-1,-1,7,1
"30018","201001TW60082",1,9,0,18,0,2,0,0,0,0,1,1,15,2,7,1910,2,2,8,1
"30019","201001TW60083",1,9,0,9,0,1,0,0,0,0,3,1,15,1,6,1596,1,5,2,1
"30020","201001TW60083",2,2,0,13,0,1,0,0,0,0,4,1,15,2,7,49,1,8,9,1
"30021","201001TW60085",1,9,0,18,0,2,0,0,0,0,4,1,15,2,7,1597,1,11,-1,-1
"30022","201001TW60085",2,9,0,5,0,2,0,0,0,0,4,1,15,1,6,1781,1,8,9,1
"30023","201001TW60086",1,9,0,3,0,8,0,0,0,0,2,1,15,2,7,1360,1,3,6,1
"30024","201001TW60086",2,9,0,18,0,8,0,0,0,0,1,1,15,2,-1,1124,1,6,8,1
"30025","201001TW60087",1,9,0,18,0,8,0,0,0,0,1,1,15,1,5,1998,1,3,1,1
"30026","201001TW60087",2,3,0,9,0,8,0,0,0,0,1,1,15,1,5,124,1,4,10,1
"30027","201001TW60088",1,9,0,18,0,1,0,0,0,0,1,1,15,1,7,1360,1,9,4,1
"30028","201001TW60089",1,11,0,4,0,8,0,0,0,0,1,1,1,1,7,3900,2,5,3,1
"30029","201001TW60091",1,9,0,18,0,8,0,0,0,0,1,1,15,1,5,1398,1,7,9,1
"30030","201001TW60091",2,9,0,9,0,8,0,0,0,0,3,1,15,1,7,2497,2,9,8,1
"30031","201001TW60092",1,1,0,18,0,0,0,0,0,0,3,1,15,2,8,-1,-1,-1,2,1
"30032","201001TW60092",2,9,0,13,0,0,0,0,0,0,4,1,15,3,-1,-1,-1,-1,-1,-1
"30033","201001TW60093",1,9,0,18,0,8,0,0,0,0,1,1,15,2,4,1360,1,-1,5,1
"30034","201001TW60093",2,9,0,2,0,8,0,0,0,0,2,1,15,3,-1,1360,1,11,-1,-1
"30035","201001TW60094",1,9,0,18,0,8,0,0,0,0,1,1,15,1,9,1995,2,6,-1,-1
"30036","201001TW60094",2,19,0,18,0,8,0,0,0,0,1,1,15,1,6,1995,2,3,-1,-1
"30037","201001TW60095",1,5,0,13,0,8,0,0,0,0,1,1,15,1,8,625,1,4,-1,-1
"30038","201001TW60095",2,9,0,9,0,8,0,0,0,0,3,1,15,1,8,1984,1,3,7,1
"30039","201001TW60096",1,9,0,18,0,8,0,0,0,0,1,1,2,2,4,1124,1,8,2,1
"30040","201001TW60096",2,1,0,9,0,8,0,0,0,0,4,1,15,1,8,-1,-1,-1,3,1
"30041","201001TW60097",1,9,0,17,0,0,2,10,0,0,4,1,15,1,4,1198,1,6,4,1
"30042","201001TW60098",1,9,0,14,0,1,0,0,0,0,1,1,2,1,9,-1,-1,-1,6,2
"30043","201001TW60099",1,9,0,18,0,8,0,0,0,0,3,1,15,1,5,-1,-1,-1,-1,-1
"30044","201001TW60099",2,1,0,9,0,8,0,0,0,0,1,1,15,1,8,-1,-1,-1,7,1
"30045","201001TW60100",1,9,0,4,0,0,0,0,0,0,1,1,15,1,6,1298,1,11,7,1
"30046","201001TW60100",2,9,0,3,0,0,0,0,0,0,2,1,15,1,9,2143,2,1,-1,-1
"30047","201001TW60101",1,9,0,14,0,1,0,0,0,0,4,1,15,2,5,1896,2,8,6,1
"30048","201001TW60101",2,1,0,18,0,1,0,0,0,0,1,1,15,1,3,-1,-1,-1,8,1
"30049","201001TW60102",1,9,0,18,0,8,1,0,0,0,3,1,3,2,7,1600,2,-1,4,1
"30050","201001TW60102",2,9,0,9,0,8,0,0,0,0,1,1,15,2,-1,1985,1,10,-1,-1
"30051","201001TW60103",1,9,0,3,0,1,0,0,0,0,2,1,15,1,6,1995,2,4,4,1
"30052","201001TW60103",2,3,0,4,0,1,0,0,0,0,1,1,15,2,5,125,1,1,7,1
"30053","201001TW60104",1,9,0,9,0,8,0,0,0,0,3,1,1,2,6,1299,1,15,5,1
"30054","201001TW60104",2,5,0,14,0,8,0,0,0,0,4,1,2,1,7,782,1,7,8,3
"30055","201001TW60105",1,1,0,14,0,0,0,8,0,0,1,1,1,1,4,-1,-1,-1,9,1
"30056","201001TW60105",2,19,0,2,0,0,0,0,0,0,3,1,1,1,-1,-1,-1,-1,-1,-1
"30057","201001TW60106",1,11,0,18,0,0,0,0,0,0,0,1,1,1,-1,8268,2,7,4,1
"30058","201001TW60107",1,9,0,5,0,8,0,0,0,0,1,1,15,1,9,1598,1,8,7,1
"30059","201001TW60107",2,9,0,18,0,8,0,0,0,0,3,1,15,1,10,995,1,3,7,1
"30060","201001TW60109",1,9,0,18,0,8,0,0,0,0,4,1,15,2,7,1596,1,9,7,1
"30061","201001TW60109",2,9,0,18,0,8,0,0,0,0,1,1,15,2,6,1124,1,12,3,1
"30062","201001TW60110",1,19,0,7,0,8,0,0,0,0,0,1,1,1,6,2198,2,2,6,1
"30063","201001TW60110",2,1,0,18,0,8,0,0,0,0,3,1,1,1,7,-1,-1,-1,8,1
"30064","201001TW60111",1,9,0,18,0,1,0,0,0,0,4,1,1,2,8,1299,1,11,10,1
"30065","201001TW60112",1,9,0,18,0,0,0,0,0,0,1,1,1,1,6,1896,2,6,8,1
"30066","201001TW60112",2,3,0,18,0,0,1,0,0,0,1,1,1,1,5,-1,-1,-1,8,1
"30067","201001TW60114",1,9,0,5,0,8,0,0,0,0,1,1,15,1,11,1870,2,8,9,1
"30068","201001TW60114",2,1,0,9,0,8,0,0,0,0,4,1,15,2,6,-1,-1,-1,3,1
"30071","201001TW60116",1,9,0,18,0,0,0,4,0,0,4,1,15,2,4,1360,1,3,10,1
"30072","201001TW60116",2,9,0,2,0,0,0,0,0,0,3,1,15,1,-1,-1,-1,-1,10,1
"30073","201001TW60116",3,9,0,2,0,0,0,0,0,0,2,1,15,2,6,1998,1,7,10,1
"30074","201001TW60117",1,2,0,18,0,1,1,0,0,0,1,1,1,1,5,49,1,6,8,1
"30075","201001TW60118",1,9,0,7,0,8,0,0,0,0,4,1,15,1,8,1796,1,6,-1,-1
"30076","201001TW60118",2,1,0,18,0,8,0,0,0,0,1,1,15,1,6,-1,-1,-1,3,1
"30077","201001TW60119",1,1,0,18,0,0,0,0,0,0,3,1,15,1,8,-1,-1,-1,5,1
"30078","201001TW60119",2,9,0,13,0,0,0,0,0,0,3,1,15,1,-1,1998,1,9,-1,-1
"30079","201001TW60120",1,9,0,18,0,0,0,0,0,0,1,1,1,1,9,1762,1,13,9,1
"30080","201001TW60120",2,1,0,18,0,0,0,0,0,0,3,1,4,1,3,-1,-1,-1,9,1
"30081","201001TW60121",1,1,0,18,0,1,0,10,1,2,0,1,4,1,3,-1,-1,-1,7,1
"30082","201001TW60121",2,9,0,13,0,1,0,0,0,0,0,1,15,3,-1,-1,-1,-1,-1,-1
"30083","201001TW60122",1,9,0,9,0,8,0,0,0,0,4,1,1,2,7,1390,1,1,4,1
"30084","201001TW60122",2,1,0,18,0,8,0,0,0,0,1,1,15,1,6,-1,-1,-1,9,1
"30085","201001TW60123",1,9,0,18,0,8,0,10,1,10,1,1,15,1,7,1997,2,5,10,1
"30086","201001TW60124",1,9,0,4,0,2,0,0,0,0,1,1,15,1,6,-1,-1,-1,3,1
"30087","201001TW60124",2,9,0,3,0,2,0,0,0,0,2,1,15,1,8,1796,1,2,-1,-1
"30088","201001TW60126",1,9,0,18,0,0,0,0,0,0,1,1,3,2,-1,1360,1,11,5,1
"30089","201001TW60127",1,1,0,18,0,1,0,0,0,0,0,1,4,1,3,-1,-1,-1,4,1
"30090","201001TW60128",1,9,0,18,0,0,1,0,0,0,1,1,15,1,4,1149,1,9,7,1
"30091","201001TW60128",2,9,0,18,0,0,0,0,0,0,1,1,15,2,8,1497,8,4,4,1
"30092","201001TW60129",1,9,0,9,0,8,0,0,0,0,1,1,15,2,9,1108,1,10,9,1
"30093","201001TW60129",2,1,0,18,0,8,0,0,0,0,1,1,1,1,6,-1,-1,-1,7,1
"30094","201001TW60130",1,8,0,5,0,0,0,0,0,0,1,1,1,1,-1,2664,2,10,-1,-1
"30095","201001TW60132",1,9,0,13,4,1,0,0,0,0,4,1,15,1,10,1587,1,4,8,1
"30096","201001TW60132",2,1,0,18,4,1,0,0,0,0,3,1,15,2,8,-1,-1,-1,8,1
"30097","201001TW60133",1,9,0,6,0,8,0,0,0,0,3,1,15,1,8,1762,1,10,9,1
"30098","201001TW60133",2,2,0,18,0,8,0,0,0,0,1,1,15,1,4,-1,-1,-1,9,1
"30099","201001TW60134",1,9,0,7,0,2,0,0,0,0,1,1,15,1,10,1397,1,6,8,1
"30100","201001TW60134",2,9,0,2,0,2,0,0,0,0,2,1,15,2,-1,-1,-1,-1,10,1
"30101","201001TW60135",1,9,0,4,0,0,0,0,0,0,1,1,1,1,7,-1,-1,-1,-1,-1
"30102","201001TW60135",2,9,0,3,0,0,0,0,0,0,2,1,15,1,9,-1,-1,-1,10,3
"30103","201001TW60136",1,9,0,18,0,8,0,7,0,0,1,1,15,2,6,1798,1,-1,-1,-1
"30104","201001TW60137",1,1,0,18,0,0,0,0,0,0,3,1,15,2,4,-1,-1,-1,10,1
"30105","201001TW60137",2,9,0,13,0,0,0,0,0,0,4,1,1,2,-1,-1,-1,-1,-1,-1
"30106","201001TW60138",1,9,0,3,0,1,0,0,0,0,2,1,15,1,7,1598,1,5,-1,-1
"30107","201001TW60138",2,9,0,4,0,1,0,0,0,0,1,1,15,1,6,1968,2,1,8,1