"","Acc_Index","Vehicle_Reference","Vehicle_Type","Towing_and_Articulation","Vehicle_Manoeuvre","Vehicle_Location.Restricted_Lane","Junction_Location","Skidding_and_Overturning","Hit_Object_in_Carriageway","Vehicle_Leaving_Carriageway","Hit_Object_off_Carriageway","X1st_Point_of_Impact","Was_Vehicle_Left_Hand_Drive","Journey_Purpose_of_Driver","Sex_of_Driver","Age_Band_of_Driver","Engine_Capacity_.CC.","Propulsion_Code","Age_of_Vehicle","Driver_IMD_Decile","Driver_Home_Area_Type"
"30108","201001TW60139",1,9,0,9,0,2,0,0,0,0,4,1,15,1,10,1388,1,11,6,1
"30109","201001TW60139",2,1,0,9,0,2,0,0,0,0,3,1,2,1,5,-1,-1,-1,7,1
"30110","201001TW60140",1,9,0,4,0,2,0,0,0,0,1,1,2,2,5,1149,1,2,7,1
"30111","201001TW60140",2,9,0,3,0,2,0,0,0,0,2,1,2,1,8,2198,1,4,4,1
"30114","201001TW60142",1,9,0,7,4,8,0,0,0,0,1,1,15,2,7,2494,1,5,8,1
"30115","201001TW60142",2,1,0,18,4,8,0,0,0,0,3,1,15,1,10,-1,-1,-1,9,1
"30116","201001TW60143",1,9,0,5,0,8,0,0,0,0,4,1,2,1,6,1984,1,5,9,1
"30117","201001TW60143",2,9,0,5,0,8,0,0,0,0,3,1,15,1,7,2435,1,11,4,1
"30118","201001TW60144",1,9,0,9,0,8,0,0,0,0,4,1,15,1,4,1396,1,10,10,1
"30119","201001TW60144",2,9,0,18,0,8,0,0,0,0,1,1,15,2,10,1896,2,10,10,1
"30120","201001TW60145",1,9,0,18,0,1,0,0,0,0,1,1,1,2,5,1598,1,7,4,1
"30121","201001TW60146",1,9,0,9,0,8,0,0,0,0,4,1,15,1,6,1686,2,13,3,1
"30122","201001TW60146",2,5,0,18,0,8,0,0,0,0,1,1,15,1,8,644,1,2,6,1
"30123","201001TW60148",1,19,0,9,0,8,0,0,0,0,1,1,1,1,7,-1,-1,-1,8,1
"30124","201001TW60148",2,3,0,14,0,8,0,0,0,0,1,1,2,1,-1,124,1,1,6,1
"30125","201001TW60149",1,11,0,3,0,0,0,0,0,0,2,1,1,1,7,5883,2,8,5,1
"30126","201001TW60149",2,11,0,5,0,0,0,0,0,0,1,1,1,1,7,4500,2,2,-1,-1
"30127","201001TW60150",1,9,0,2,0,2,0,4,0,0,2,1,15,1,-1,2400,2,1,7,1
"30128","201001TW60150",2,5,0,14,0,2,0,0,0,0,1,1,15,1,7,885,1,11,4,1
"30129","201001TW60151",1,9,0,9,0,8,0,0,0,0,1,1,2,1,6,1360,1,7,4,1
"30130","201001TW60151",2,1,0,18,0,8,0,0,0,0,1,1,2,1,8,-1,-1,-1,5,1
"30131","201001TW60152",1,9,0,1,0,8,0,0,0,0,2,1,15,1,9,1497,8,5,10,1
"30132","201001TW60153",1,3,0,4,0,8,0,0,0,0,0,1,15,1,9,124,1,7,10,1
"30133","201001TW60154",1,9,0,18,0,2,0,0,0,0,1,1,2,2,8,1498,1,2,6,1
"30134","201001TW60154",2,9,0,18,0,1,0,0,0,0,1,1,15,2,10,1598,1,10,-1,-1
"30135","201001TW60154",3,9,0,18,0,1,2,0,0,0,1,1,15,2,10,1364,1,2,9,1
"30136","201001TW60156",1,1,0,18,0,0,0,0,0,0,4,1,15,1,9,-1,-1,-1,8,1
"30137","201001TW60157",1,9,0,13,0,0,0,0,0,0,4,1,15,2,-1,1597,1,12,-1,-1
"30138","201001TW60157",2,1,0,18,0,0,0,0,0,0,3,1,15,2,7,-1,-1,-1,3,1
"30139","201001TW60158",1,9,0,9,0,8,0,0,0,0,1,1,2,1,9,2435,1,4,9,1
"30140","201001TW60158",2,4,0,10,0,8,0,0,0,0,2,1,15,1,7,400,1,3,9,1
"30141","201001TW60159",1,1,0,14,0,0,0,8,0,0,1,1,15,1,10,-1,-1,-1,7,1
"30142","201001TW60159",2,9,0,2,0,0,0,0,0,0,3,1,15,1,-1,-1,-1,-1,10,1
"30143","201001TW60160",1,1,0,18,0,0,0,4,0,0,1,1,15,1,7,-1,-1,-1,7,1
"30144","201001TW60160",2,9,0,2,0,0,0,0,0,0,2,1,15,2,8,1390,1,5,4,1
"30145","201001TW60161",1,1,0,4,0,0,0,0,0,0,0,1,15,1,7,-1,-1,-1,9,1
"30146","201001TW60163",1,1,0,18,0,8,0,10,0,0,4,1,15,2,10,-1,-1,-1,8,1
"30147","201001TW60164",1,1,0,18,0,1,0,0,0,0,0,1,15,2,9,-1,-1,-1,-1,-1
"30148","201001TW60165",1,9,0,9,0,8,0,0,0,0,3,1,15,2,8,1497,8,5,6,1
"30149","201001TW60165",2,1,0,9,0,8,0,0,0,0,4,1,15,1,5,-1,-1,-1,8,1
"30150","201001TW60166",1,9,0,18,0,0,0,0,0,0,1,1,15,2,6,1299,1,5,6,1
"30151","201001TW60167",1,3,0,16,0,8,0,0,0,0,3,1,15,1,5,125,1,-1,8,1
"30152","201001TW60168",1,9,0,17,0,0,0,0,0,0,1,1,15,2,5,1390,1,12,9,1
"30153","201001TW60168",2,9,0,17,0,0,0,0,0,0,2,1,15,2,6,1390,1,11,9,1
"30154","201001TW60169",1,1,0,18,0,8,0,0,0,0,1,1,15,1,8,-1,-1,-1,8,1
"30155","201001TW60169",2,19,4,18,0,8,0,0,0,0,2,1,1,1,-1,-1,-1,-1,-1,-1
"30156","201001TW60170",1,9,0,9,0,8,0,0,0,0,3,1,15,2,5,1242,1,4,4,1
"30157","201001TW60170",2,5,0,18,0,8,0,0,0,0,1,1,15,1,7,-1,-1,-1,-1,-1
"30158","201001TW60171",1,9,0,8,0,1,0,0,0,0,1,1,15,1,7,1598,1,13,3,1
"30159","201001TW60171",2,19,0,1,0,1,0,0,0,0,2,1,1,1,-1,-1,-1,-1,-1,-1
"30160","201001TW60172",1,9,0,4,0,8,0,0,0,0,1,1,1,1,7,-1,-1,-1,7,3
"30161","201001TW60172",2,9,0,3,0,8,0,0,0,0,2,1,1,1,8,-1,-1,-1,4,1
"30162","201001TW60172",3,9,0,3,0,8,0,0,0,0,2,1,15,1,8,2401,2,7,9,1
"30163","201001TW60172",4,19,0,3,0,8,0,0,0,0,2,1,1,1,8,-1,-1,-1,8,1
"30164","201001TW60173",1,1,0,18,0,0,0,0,0,0,1,1,15,2,5,-1,-1,-1,3,1
"30165","201001TW60174",1,11,0,4,0,8,0,0,0,0,0,1,15,1,7,8268,2,9,5,1
"30166","201001TW60175",1,9,0,18,8,8,0,0,0,0,1,1,15,1,7,1900,2,10,7,1
"30167","201001TW60176",1,9,0,7,0,0,0,0,0,0,1,1,15,1,10,1390,1,9,2,1
"30168","201001TW60177",1,9,0,9,0,8,0,0,0,0,3,1,15,2,10,1587,1,4,8,1
"30169","201001TW60177",2,5,0,18,0,8,0,10,7,10,1,1,15,1,8,892,1,13,10,1
"30170","201001TW60178",1,9,0,10,0,8,0,0,0,0,2,1,15,1,6,1998,1,12,10,1
"30171","201001TW60178",2,9,0,17,0,8,0,0,0,0,1,1,15,1,7,3956,1,10,9,1
"30172","201001TW60179",1,9,0,17,0,8,0,10,3,4,1,1,15,2,10,1390,1,8,-1,-1
"30175","201001TW60181",1,1,0,13,0,0,0,0,0,0,4,1,15,1,6,-1,-1,-1,9,1
"30176","201001TW60181",2,9,0,6,0,0,0,0,0,0,3,1,15,1,7,5439,7,8,5,1
"30177","201001TW60182",1,11,0,5,0,0,0,0,0,0,0,1,15,1,7,4500,2,1,3,1
"30178","201001TW60183",1,9,0,10,0,8,0,0,0,0,2,1,15,2,8,1597,1,13,10,1
"30179","201001TW60183",2,9,0,10,0,8,0,0,0,0,2,1,15,2,5,1299,1,9,3,1
"30180","201001TW60183",3,9,0,18,0,8,0,0,0,0,1,1,15,1,5,1299,1,11,9,1
"30181","201001TW60184",1,1,0,18,0,8,0,0,0,0,1,1,2,2,4,-1,-1,-1,10,1
"30182","201001TW60184",2,9,0,9,0,8,0,0,0,0,1,1,15,2,-1,-1,-1,-1,10,1
"30183","201001TW60185",1,9,0,7,0,8,0,0,0,0,4,1,15,2,6,1598,1,5,4,1
"30184","201001TW60185",2,1,0,18,0,8,0,0,0,0,1,1,15,1,7,-1,-1,-1,-1,-1
"30185","201001TW60186",1,9,0,18,0,8,0,0,0,0,1,1,15,1,6,1388,1,1,3,1
"30186","201001TW60189",1,8,0,18,0,8,0,0,0,0,2,1,15,1,7,2402,2,5,10,1
"30187","201001TW60189",2,9,0,18,0,8,0,0,0,0,1,1,15,1,-1,2143,2,1,3,1
"30188","201001TW60190",1,9,0,9,0,8,0,0,0,0,4,1,15,1,5,1679,1,9,9,1
"30189","201001TW60190",2,3,0,18,0,8,0,0,0,0,1,1,15,1,5,124,1,-1,4,1
"30190","201001TW60191",1,9,0,7,0,8,0,0,0,0,2,1,15,1,7,1998,2,2,10,1
"30191","201001TW60191",2,3,0,17,0,8,0,0,0,0,1,1,15,1,-1,124,1,9,-1,-1
"30192","201001TW60192",1,9,0,14,0,1,0,0,0,0,4,1,15,1,-1,1598,1,1,8,1
"30193","201001TW60193",1,9,0,18,0,8,0,0,0,0,4,1,15,1,10,1796,1,8,9,1
"30194","201001TW60193",2,1,0,18,0,8,0,0,0,0,3,1,15,1,8,-1,-1,-1,-1,-1
"30195","201001TW60194",1,9,0,9,0,8,0,0,0,0,1,1,15,1,8,1896,2,8,7,1
"30196","201001TW60194",2,1,0,18,0,8,0,0,0,0,1,1,15,1,8,-1,-1,-1,8,1
"30197","201001TW60195",1,1,0,18,0,0,0,0,0,0,4,1,15,1,4,-1,-1,-1,-1,-1
"30198","201001TW60195",2,9,0,2,0,0,0,0,0,0,4,1,15,1,-1,1798,1,2,8,1
"30199","201001TW60196",1,5,0,4,0,0,1,0,0,0,4,1,15,1,7,1348,1,13,10,3
"30200","201001TW60197",1,9,0,2,0,0,0,0,0,0,2,1,15,1,11,1390,1,8,3,1
"30201","201001TW60197",2,9,0,17,0,0,0,4,1,0,1,1,15,1,8,1998,1,8,5,1
"30202","201001TW60198",1,5,0,13,0,8,0,0,0,0,1,1,15,1,5,125,1,2,5,1
"30203","201001TW60198",2,9,0,9,0,8,0,0,0,0,3,1,15,1,5,1299,1,4,3,1
"30204","201001TW60199",1,3,0,18,0,8,1,0,0,0,1,1,2,1,4,124,1,1,7,1
"30205","201001TW60199",2,9,0,9,0,8,0,0,0,0,2,1,2,2,5,1390,1,7,10,1
"30206","201001TW60200",1,9,0,16,0,0,0,0,0,0,1,1,15,2,8,-1,-1,-1,8,1
"30207","201001TW60201",1,9,0,9,0,8,0,0,0,0,1,1,15,1,7,1997,1,12,8,1
"30208","201001TW60201",2,1,0,18,0,8,0,0,0,0,1,1,15,1,6,-1,-1,-1,4,1
"30209","201001TW60202",1,9,0,10,0,8,0,0,0,0,3,1,15,1,7,1753,2,8,10,1
"30210","201001TW60202",2,9,0,7,0,8,0,0,0,0,3,1,15,2,4,1364,1,6,-1,-1
"30212","201001TW60204",1,1,0,18,0,8,0,0,0,0,3,1,15,1,9,-1,-1,-1,9,1
"30213","201001TW60204",2,20,0,13,0,8,0,0,0,0,3,1,15,1,-1,4250,2,6,9,1
"30214","201001TW60205",1,9,0,9,0,8,0,0,0,0,3,1,2,2,9,1397,1,1,10,1
"30215","201001TW60205",2,1,0,18,0,8,0,0,0,0,1,1,15,2,-1,-1,-1,-1,10,1
"30216","201001TW60206",1,9,0,6,0,1,0,0,0,0,4,1,15,2,9,1339,1,-1,2,1
"30217","201001TW60206",2,3,0,18,0,1,0,0,0,0,1,1,15,1,4,124,1,13,5,1
"30218","201001TW60207",1,1,0,18,0,2,0,0,0,0,3,1,2,1,7,-1,-1,-1,8,1
"30219","201001TW60207",2,8,0,13,0,2,0,0,0,0,4,1,1,1,-1,1997,2,2,-1,-1
"30220","201001TW60208",1,1,0,18,0,6,0,0,0,0,4,1,15,1,8,-1,-1,-1,8,1
"30221","201001TW60208",2,9,0,5,0,6,0,0,0,0,3,1,15,1,-1,-1,-1,-1,-1,-1
"30222","201001TW60211",1,9,0,5,0,6,0,0,0,0,4,1,15,1,-1,-1,-1,-1,-1,-1
"30223","201001TW60211",2,1,0,18,0,6,0,0,0,0,1,1,15,2,-1,-1,-1,-1,-1,-1
"30224","201001TW60212",1,5,0,18,0,8,0,0,0,0,1,1,15,1,8,650,1,11,3,1
"30225","201001TW60212",2,9,0,9,0,8,0,0,0,0,3,1,15,1,6,2770,2,4,8,1
"30226","201001TW60213",1,9,0,18,0,6,0,0,0,0,2,1,15,2,-1,-1,-1,-1,-1,-1
"30227","201001TW60213",2,9,0,18,0,6,0,0,0,0,1,1,15,2,-1,-1,-1,-1,-1,-1
"30228","201001TW60214",1,9,0,4,0,6,0,0,0,0,1,1,15,1,8,-1,-1,-1,3,1
"30229","201001TW60214",2,9,0,9,0,6,0,0,0,0,1,1,15,2,-1,-1,-1,-1,-1,-1
"30230","201001TW60215",1,9,0,7,0,0,0,10,1,2,1,1,15,2,6,1598,1,3,-1,-1
"30231","201001TW60216",1,20,0,4,0,6,0,0,0,0,1,1,15,1,9,-1,-1,-1,-1,-1
"30232","201001TW60216",2,9,0,18,0,6,0,0,0,0,2,1,15,2,6,-1,-1,-1,-1,-1
"30233","201001TW60218",1,4,0,14,0,0,0,0,0,0,4,1,15,1,9,-1,-1,-1,-1,-1
"30234","201001TW60219",1,9,0,9,0,0,0,0,0,0,1,1,15,1,10,-1,-1,-1,-1,-1
"30235","201001TW60219",2,1,0,18,0,0,0,0,0,0,1,1,15,1,6,-1,-1,-1,-1,-1
"30236","201001TW60220",1,2,0,4,0,8,1,0,0,0,3,1,15,2,4,49,1,12,7,1
"30237","201001TW60222",1,9,0,18,0,0,0,10,7,2,1,1,15,2,8,1870,2,3,3,3
"30238","201001TW60223",1,9,0,15,0,6,0,0,0,0,1,1,15,1,6,-1,-1,-1,-1,-1
"30239","201001TW60223",2,9,0,9,0,6,0,0,0,0,4,1,15,1,7,-1,-1,-1,-1,-1
"30240","201001TW60224",1,1,0,18,0,0,0,0,0,0,3,1,15,2,8,-1,-1,-1,-1,-1
"30241","201001TW60224",2,9,0,14,0,0,0,0,0,0,4,1,15,1,8,1588,1,8,-1,-1
"30242","201001TW60225",1,11,0,18,0,0,0,0,0,0,4,1,1,1,6,9000,2,5,5,1
"30243","201001TW60226",1,9,0,18,0,8,0,0,0,0,3,1,15,2,8,1596,1,3,7,1
"30244","201001TW60226",2,9,0,9,0,8,0,0,0,0,1,1,15,1,6,1781,1,11,-1,-1
"30245","201001TW60227",1,9,0,17,0,0,0,7,7,2,1,1,15,1,7,1896,2,3,5,1
"30246","201001TW60228",1,1,0,18,0,8,0,0,0,0,1,1,15,1,8,-1,-1,-1,7,1
"30247","201001TW60228",2,9,0,9,0,8,0,0,0,0,4,1,15,2,-1,1762,1,13,4,1
"30250","201001TW60230",1,9,0,12,0,0,0,4,0,0,1,1,15,1,5,1896,2,6,3,1
"30251","201001TW60230",2,11,0,2,0,0,0,0,0,0,1,1,15,1,9,9000,2,-1,3,1
"30252","201001TW60231",1,1,0,18,0,8,0,0,0,0,1,1,15,1,6,-1,-1,-1,5,1
"30253","201001TW60232",1,1,0,18,0,8,0,0,0,0,1,1,15,1,7,-1,-1,-1,9,1
"30254","201001TW60232",2,1,0,18,0,8,0,0,0,0,1,1,15,1,6,-1,-1,-1,8,1
"30255","201001TW60233",1,1,0,18,0,6,0,0,0,0,4,1,15,2,7,-1,-1,-1,-1,-1
"30256","201001TW60235",1,19,0,9,0,8,0,0,0,0,4,1,15,1,7,1905,2,11,6,1
"30257","201001TW60235",2,1,0,18,0,8,0,0,0,0,1,1,15,1,6,-1,-1,-1,-1,-1
"30258","201001TW60237",1,1,0,17,0,8,0,0,0,0,1,1,15,1,6,-1,-1,-1,9,1
"30259","201001TW60237",2,9,0,9,0,8,0,0,0,0,4,1,15,1,7,1595,1,9,9,1
"30260","201001TW60238",1,9,0,3,0,1,0,0,0,0,2,1,15,2,5,1242,1,10,9,1
"30261","201001TW60238",2,9,0,18,0,1,0,0,0,0,1,1,15,1,7,1997,2,-1,2,1
"30262","201001TW60239",1,9,0,11,0,1,0,0,0,0,0,1,15,3,-1,2148,2,6,-1,-1
"30263","201001TW60239",2,1,0,18,0,1,0,0,0,0,0,1,15,1,7,-1,-1,-1,4,1
"30264","201001TW60240",1,9,0,9,0,8,0,0,0,0,1,1,15,2,6,2148,2,1,8,1
"30265","201001TW60240",2,5,0,18,0,8,0,0,0,0,1,1,15,1,7,675,1,-1,-1,-1
"30266","201001TW60240",3,9,0,18,0,8,0,0,0,0,1,1,15,2,6,1390,1,19,7,1
"30267","201001TW60241",1,9,0,18,0,8,0,0,0,0,1,1,15,2,9,998,1,7,5,1
"30268","201001TW60241",2,1,0,18,0,8,0,0,0,0,1,1,15,2,6,-1,-1,-1,-1,-1
"30269","201001TW60242",1,9,0,9,0,8,0,0,0,0,3,1,15,1,8,1988,1,7,6,1
"30270","201001TW60242",2,3,0,16,0,8,0,0,0,0,1,1,15,1,6,125,1,3,3,1
"30271","201001TW60244",1,9,0,2,0,0,0,0,0,0,3,1,15,1,9,2985,2,5,7,1
"30272","201001TW60244",2,1,0,18,0,0,0,4,0,0,1,1,15,1,-1,-1,-1,-1,9,1
"30273","201001TW60245",1,9,0,10,0,8,0,0,0,0,2,1,15,1,9,1389,1,12,8,1
"30274","201001TW60245",2,9,0,18,0,8,0,0,0,0,2,1,15,2,6,1461,2,8,9,1
"30275","201001TW60245",3,9,0,18,0,8,0,0,0,0,1,1,15,2,11,2148,2,4,9,2
"30276","201001TW60246",1,9,0,9,0,8,0,0,0,0,1,1,15,1,6,1596,1,7,8,1
"30277","201001TW60246",2,9,0,18,0,8,0,0,0,0,4,1,15,1,8,-1,-1,-1,10,1
"30278","201001TW60247",1,1,0,18,0,0,0,0,0,0,0,1,15,1,4,-1,-1,-1,6,1
"30279","201001TW60248",1,11,0,9,0,8,0,0,0,0,1,1,15,1,8,-1,-1,-1,7,1
"30280","201001TW60250",1,11,0,2,0,1,0,0,0,0,0,1,1,1,-1,9000,2,1,8,1
"30281","201001TW60251",1,9,0,17,0,0,0,0,0,0,1,1,15,2,4,1389,1,14,4,1
"30282","201001TW60252",1,9,0,18,0,8,0,0,0,0,1,1,15,1,-1,-1,-1,-1,-1,-1
"30283","201001TW60253",1,3,0,18,0,0,0,0,0,0,3,1,15,1,6,124,1,1,8,1
"30284","201001TW60254",1,9,0,18,0,8,0,0,0,0,1,1,15,1,11,1896,2,5,9,1
"30285","201001TW60254",2,1,0,9,0,8,0,0,0,0,2,1,15,2,5,-1,-1,-1,10,1
"30286","201001TW60256",1,5,0,16,0,8,0,0,0,0,1,1,15,1,6,929,1,9,5,1
"30287","201001TW60256",2,19,0,16,0,8,0,0,0,0,1,1,15,1,8,2148,2,3,6,1
"30288","201001TW60256",3,9,0,16,0,8,0,0,0,0,1,1,15,1,-1,1796,1,12,5,1
"30289","201001TW60257",1,1,0,18,0,0,0,0,0,0,4,1,15,2,6,-1,-1,-1,9,1
"30290","201001TW60258",1,1,0,9,0,8,0,0,0,0,3,1,15,1,8,-1,-1,-1,10,1
"30291","201001TW60258",2,9,0,9,0,8,0,0,0,0,0,1,15,3,-1,2720,2,2,-1,-1
"30292","201001TW60259",1,5,0,17,0,8,0,0,0,0,3,1,15,1,8,-1,-1,-1,10,1
"30293","201001TW60259",2,9,0,7,0,8,0,0,0,0,0,1,15,2,6,1596,1,-1,5,1
"30294","201001TW60260",1,1,0,18,0,0,0,0,0,0,1,1,15,1,7,-1,-1,-1,-1,-1
"30295","201001TW60261",1,9,0,16,0,8,0,0,0,0,3,1,15,1,9,993,1,11,8,1
"30296","201001TW60261",2,9,0,18,0,8,0,0,0,0,4,1,15,1,-1,1997,2,8,10,1
"30297","201001TW60263",1,11,0,2,0,0,0,0,0,0,0,1,1,1,9,4500,2,1,-1,-1
"30298","201001TW60264",1,9,0,3,0,0,0,0,0,0,3,1,15,2,8,1240,1,3,9,1
"30299","201001TW60264",2,5,0,18,0,0,0,0,0,0,1,1,15,1,7,600,1,6,10,1
"30300","201001TW60265",1,9,0,18,0,8,0,0,0,0,1,1,15,1,5,1299,1,12,7,1
"30301","201001TW60265",2,9,0,2,0,8,0,0,0,0,3,1,15,1,-1,1391,1,10,-1,-1
"30302","201001TW60265",3,19,0,13,0,8,0,0,0,0,0,1,15,1,-1,-1,-1,-1,-1,-1
"30303","201001TW60266",1,9,0,18,0,8,0,0,0,0,1,1,15,1,7,1800,1,4,8,1
"30304","201001TW60266",2,9,0,3,0,8,0,0,0,0,2,1,15,1,5,1389,1,16,2,1
"30305","201001TW60267",1,9,0,9,0,8,0,0,0,0,3,1,15,2,8,1796,1,5,6,1
"30306","201001TW60267",2,3,0,18,0,8,0,0,0,0,1,1,15,1,6,124,1,1,2,1
"30307","201001TW60268",1,11,0,2,0,0,0,0,0,0,0,1,15,1,7,-1,-1,-1,7,1
"30308","201001TW60269",1,3,0,18,0,8,0,0,0,0,4,1,15,1,4,124,1,11,6,1
"30309","201001TW60269",2,9,0,12,0,1,0,0,0,0,3,1,15,1,4,1598,1,5,5,1
"30310","201001TW60270",1,9,0,18,0,0,0,0,0,0,1,1,15,1,5,1998,2,7,5,1
"30311","201001TW60270",2,5,0,4,0,0,0,0,0,0,2,1,15,1,7,599,1,3,2,1
"30312","201001TW60270",3,9,0,4,0,0,0,0,0,0,1,1,15,1,7,1995,2,-1,9,1
"30313","201001TW60271",1,9,0,9,0,8,0,0,0,0,1,1,15,1,7,1242,1,1,7,1
"30314","201001TW60271",2,9,0,18,0,8,0,0,0,0,1,1,15,1,8,4398,1,14,5,1
"30315","201001TW60273",1,9,0,18,0,8,0,0,0,0,1,1,15,1,7,2495,2,12,4,1
"30316","201001TW60274",1,9,0,18,0,0,0,0,0,0,1,1,15,1,8,2259,1,16,7,1
"30317","201001TW60276",1,9,0,18,0,0,0,0,0,0,1,1,15,1,6,1339,8,2,4,1
"30318","201001TW60277",1,9,0,6,0,8,0,0,0,0,3,1,15,1,10,2494,1,16,10,1
"30319","201001TW60278",1,19,0,18,0,8,0,4,0,0,1,1,15,2,6,2460,2,6,5,1
"30320","201001TW60278",2,9,0,2,0,8,0,0,0,0,2,1,15,1,-1,2295,1,9,-1,-1
"30321","201001TW60278",3,9,0,2,0,8,0,0,0,0,2,1,15,1,6,1242,1,-1,5,1
"30322","201001TW60279",1,9,0,18,0,1,0,0,0,0,1,1,15,1,7,2184,2,1,7,1
"30323","201001TW60279",2,9,0,3,0,1,0,0,0,0,2,1,15,2,9,1199,1,7,8,1
"30324","201001TW60280",1,3,0,18,0,8,0,0,0,0,1,1,15,1,5,-1,-1,-1,4,1
"30325","201001TW60280",2,9,0,6,0,8,0,0,0,0,3,1,15,1,-1,1896,2,14,2,1
"30326","201001TW60281",1,1,0,18,0,2,0,0,0,0,1,1,15,2,9,-1,-1,-1,9,1
"30327","201001TW60281",2,9,0,2,0,2,0,0,0,0,3,1,15,1,-1,-1,-1,-1,-1,-1
"30328","201001TW60282",1,1,0,18,0,0,0,0,0,0,0,1,15,1,4,-1,-1,-1,-1,-1
"30329","201001TW60282",2,9,0,18,0,0,0,0,0,0,0,1,15,2,7,1998,1,6,7,1
"30330","201001TW60283",1,9,0,2,0,2,0,0,0,0,3,1,15,2,-1,2204,2,3,7,1
"30331","201001TW60283",2,1,0,14,0,2,0,0,0,0,1,1,1,2,8,-1,-1,-1,10,1
"30332","201001TW60285",1,9,0,9,0,8,0,0,0,0,3,1,15,1,7,2290,1,11,10,1
"30333","201001TW60285",2,4,0,14,0,8,0,0,0,0,1,1,15,1,6,999,1,2,2,1
"30334","201001TW60286",1,2,0,7,0,8,0,0,0,0,1,1,15,1,6,102,1,4,3,1
"30335","201001TW60286",2,9,0,1,0,8,0,0,0,0,2,1,15,1,9,-1,-1,-1,9,1
"30336","201001TW60287",1,20,0,1,0,0,0,0,0,0,2,1,15,1,6,-1,-1,-1,4,1
"30337","201001TW60288",1,9,0,9,0,8,0,0,0,0,3,1,15,1,7,1767,1,9,5,1
"30338","201001TW60288",2,5,0,18,0,8,0,0,0,0,1,1,15,1,6,954,1,8,7,1
"30339","201001TW60289",1,9,0,9,0,8,0,10,0,0,3,1,15,1,4,1298,1,8,10,1
"30340","201001TW60289",2,9,0,18,0,8,0,0,0,0,1,1,15,2,11,999,1,3,9,1
"30341","201001TW60290",1,9,0,18,0,0,0,0,0,0,1,1,15,1,11,-1,-1,-1,10,1
"30342","201001TW60291",1,1,0,18,0,0,0,0,0,0,1,1,15,1,9,-1,-1,-1,-1,-1
"30343","201001TW60292",1,9,0,9,0,8,0,0,0,0,1,1,15,1,5,1973,1,11,7,1
"30344","201001TW60292",2,3,0,18,0,8,0,0,0,0,1,1,15,1,5,124,1,-1,5,1
"30345","201001TW60293",1,9,0,9,0,8,0,0,0,0,4,1,15,1,6,1998,2,7,4,1
"30346","201001TW60293",2,1,0,18,0,8,0,0,0,0,1,1,15,1,8,-1,-1,-1,3,1
"30347","201001TW60294",1,1,0,18,0,8,0,0,0,0,1,1,15,1,6,-1,-1,-1,10,1
"30348","201001TW60294",2,9,0,9,0,8,0,0,0,0,4,1,15,2,-1,1149,1,8,3,1
"30349","201001TW60295",1,11,0,2,0,8,0,0,0,0,0,1,1,1,6,4500,2,-1,2,1
"30350","201001TW60296",1,4,0,18,0,1,0,0,0,0,1,1,15,1,6,599,1,11,7,1
"30351","201001TW60297",1,5,0,15,0,8,0,0,0,0,3,1,15,1,7,647,1,5,10,2
"30352","201001TW60297",2,19,0,11,0,8,0,0,0,0,4,1,2,1,5,1248,2,2,4,1
"30353","201001TW60298",1,9,0,5,0,8,0,0,0,0,4,1,15,2,6,1299,1,9,10,2
"30354","201001TW60298",2,1,0,18,0,8,0,0,0,0,3,1,15,1,7,-1,-1,-1,4,1
"30355","201001TW60299",1,1,0,18,0,8,0,0,0,0,2,1,15,1,3,-1,-1,-1,7,1
"30356","201001TW60299",2,9,0,18,0,2,0,0,0,0,1,1,15,3,-1,-1,-1,-1,-1,-1
"30357","201001TW60300",1,9,0,9,0,8,0,0,0,0,4,1,15,1,5,1343,1,16,4,1
"30358","201001TW60300",2,9,0,18,0,8,0,0,0,0,1,1,15,2,9,1598,1,13,10,1
"30359","201001TW60301",1,5,0,18,0,0,0,0,0,0,4,1,15,1,7,675,1,3,-1,-1
"30360","201001TW60301",2,9,0,12,0,0,0,0,0,0,1,1,15,1,7,1905,2,12,5,1
"30361","201001TW60302",1,9,0,17,0,8,0,0,0,0,4,1,15,1,4,1299,1,5,6,1
"30362","201001TW60303",1,3,0,16,0,0,0,0,0,0,1,1,15,1,-1,125,1,3,-1,-1
"30363","201001TW60304",1,9,0,9,0,8,0,0,0,0,1,1,15,1,6,1248,2,4,4,1
"30364","201001TW60305",1,1,0,18,0,8,0,0,0,0,1,1,15,1,7,-1,-1,-1,9,1
"30365","201001TW60305",2,9,0,9,0,8,0,0,0,0,4,1,15,2,-1,-1,-1,-1,8,1
"30366","201001TW60306",1,9,0,18,0,8,0,0,0,0,1,1,15,2,4,1149,1,11,5,1
"30367","201001TW60306",2,9,0,18,0,8,0,0,0,0,4,1,15,1,6,1596,1,7,5,1
"30368","201001TW60307",1,9,0,18,0,0,0,0,0,0,2,1,15,1,6,2148,2,2,10,1