"","Acc_Index","Vehicle_Reference","Vehicle_Type","Towing_and_Articulation","Vehicle_Manoeuvre","Vehicle_Location.Restricted_Lane","Junction_Location","Skidding_and_Overturning","Hit_Object_in_Carriageway","Vehicle_Leaving_Carriageway","Hit_Object_off_Carriageway","X1st_Point_of_Impact","Was_Vehicle_Left_Hand_Drive","Journey_Purpose_of_Driver","Sex_of_Driver","Age_Band_of_Driver","Engine_Capacity_.CC.","Propulsion_Code","Age_of_Vehicle","Driver_IMD_Decile","Driver_Home_Area_Type"
"40831","201001ZD30211",2,9,0,18,0,2,0,0,0,0,1,1,15,1,6,1794,1,6,-1,1
"40832","201001ZD30211",3,9,0,18,0,1,0,0,0,0,1,1,15,1,8,1796,1,3,5,1
"40833","201001ZD30212",1,9,0,5,0,6,0,0,0,0,1,1,15,1,4,1598,1,4,3,1
"40834","201001ZD30213",1,9,0,18,0,1,0,0,0,0,1,1,15,1,4,1196,1,13,5,1
"40835","201001ZD30214",1,9,0,9,0,8,0,0,0,0,4,1,15,1,8,1598,1,-1,8,1
"40836","201001ZD30214",2,9,0,18,0,1,0,0,0,0,1,1,15,1,7,2874,2,15,10,1
"40837","201001ZD30215",1,9,0,18,0,0,0,0,0,0,1,1,15,1,7,973,1,11,2,1
"40838","201001ZD30215",2,9,0,9,0,0,0,0,0,0,3,1,15,1,7,-1,-1,-1,5,1
"40839","201001ZD30216",1,11,0,4,0,0,0,0,0,0,0,1,15,1,8,-1,-1,-1,3,1
"40840","201001ZD30217",1,19,0,9,0,8,0,0,0,0,4,1,1,1,7,1248,2,3,8,1
"40841","201001ZD30217",2,5,0,14,0,1,0,0,0,0,1,1,15,1,5,748,1,-1,4,1
"40842","201001ZD30218",1,9,0,4,0,1,0,0,0,0,1,1,15,1,5,1984,1,7,8,1
"40843","201001ZD30218",2,9,0,4,0,1,0,0,0,0,2,1,15,1,7,1598,1,9,4,1
"40844","201001ZD30221",1,9,0,18,0,0,0,0,0,0,1,1,15,2,-1,1198,1,5,-1,-1
"40845","201001ZD30222",1,9,0,6,0,0,0,0,0,0,3,1,15,1,4,1389,1,15,6,1
"40846","201001ZD30222",2,9,0,18,0,0,0,0,0,0,1,1,15,3,-1,-1,-1,-1,-1,-1
"40847","201001ZD30223",1,9,0,3,0,1,0,0,0,0,2,1,15,1,8,-1,-1,-1,3,1
"40848","201001ZD30223",2,9,0,4,0,1,0,0,0,0,1,1,15,2,7,2000,1,4,4,1
"40849","201001ZD30224",1,9,0,18,0,2,0,0,0,0,1,1,15,1,-1,-1,-1,-1,2,1
"40850","201001ZD30224",2,9,0,12,0,2,0,0,0,0,3,1,15,2,8,998,1,9,3,1
"40851","201001ZD30225",1,1,0,7,0,2,0,0,0,0,3,1,15,1,6,-1,-1,-1,8,1
"40852","201001ZD30225",2,9,0,7,0,2,0,0,0,0,4,2,15,1,8,-1,-1,-1,7,1
"40853","201001ZD30227",1,9,0,18,0,0,0,0,0,0,1,1,15,1,4,1242,1,9,5,1
"40854","201001ZD30227",2,9,0,2,0,0,0,0,0,0,1,1,15,2,-1,1390,1,3,-1,-1
"40855","201001ZD30229",1,9,0,6,0,0,0,0,0,0,2,1,15,1,6,2498,1,12,5,1
"40856","201001ZD30229",2,9,0,18,0,0,0,0,0,0,1,1,15,1,7,2256,1,15,2,1
"40857","201001ZD30230",1,9,0,7,0,8,0,0,0,0,3,1,15,1,4,998,1,16,8,1
"40858","201001ZD30230",2,9,0,18,0,1,0,0,0,0,1,1,15,1,-1,1399,1,5,3,1
"40859","201001ZD30232",1,9,0,9,0,6,0,0,0,0,2,1,15,2,7,1998,1,5,9,1
"40860","201001ZD30232",2,9,0,18,0,1,0,0,0,0,1,1,15,3,-1,2830,2,17,-1,-1
"40861","201001ZD30233",1,9,0,16,0,1,0,0,0,0,1,1,15,1,6,1196,1,14,5,1
"40862","201001ZD30234",1,9,0,18,0,0,0,0,0,0,1,1,15,2,8,1598,1,10,4,1
"40863","201001ZD30234",2,9,0,2,0,0,0,0,0,0,2,1,15,2,-1,1587,1,6,9,1
"40864","201001ZD30234",3,9,0,2,0,0,0,0,0,0,1,1,15,2,-1,-1,-1,-1,-1,-1
"40865","201001ZD30235",1,9,0,4,0,1,0,0,0,0,2,1,15,1,10,1796,1,11,4,1
"40866","201001ZD30235",2,9,0,18,0,1,0,0,0,0,1,1,15,1,-1,1299,1,13,3,1
"40867","201001ZD30236",1,9,0,16,0,0,0,0,0,0,1,1,15,1,9,1242,1,12,7,1
"40868","201001ZD30236",2,9,0,2,0,0,0,0,0,0,1,1,15,2,7,1598,1,12,5,1
"40869","201001ZD30237",1,9,0,6,0,0,0,0,0,0,3,1,15,1,8,1986,2,3,4,1
"40870","201001ZD30237",2,3,0,18,0,0,0,0,0,0,1,1,15,1,9,781,1,8,5,1
"40871","201001ZD30238",1,11,0,5,0,1,0,0,0,0,0,1,1,1,6,-1,2,11,5,1
"40872","201001ZD30239",1,9,0,15,0,8,0,0,0,0,1,1,15,3,-1,1299,1,10,-1,-1
"40873","201001ZD30240",1,9,0,18,0,1,0,0,0,0,1,1,15,1,7,-1,-1,-1,4,1
"40874","201001ZD30240",2,9,0,2,0,2,0,0,0,0,1,1,15,1,-1,1998,1,3,-1,-1
"40875","201001ZD30241",1,9,0,18,0,2,0,0,0,0,4,1,15,2,8,1598,1,5,5,1
"40876","201001ZD30242",1,19,0,6,0,0,0,0,0,0,4,1,15,1,6,-1,-1,-1,4,1
"40877","201001ZD30242",2,9,0,18,0,0,0,0,0,0,1,1,15,1,5,1995,2,5,9,1
"40878","201001ZD30243",1,9,0,18,0,0,0,0,0,0,1,1,15,2,6,1242,1,3,-1,-1
"40879","201001ZD30243",2,19,0,2,0,0,0,0,0,0,2,1,15,3,-1,2496,2,12,-1,-1
"40880","201001ZD30244",1,9,0,18,0,0,0,10,1,4,1,1,15,2,7,-1,-1,-1,8,1
"40881","201001ZD30245",1,9,0,9,0,2,0,0,0,0,1,1,15,1,5,1598,1,8,5,1
"40882","201001ZD30252",1,9,0,18,0,8,0,0,0,0,3,1,15,1,8,-1,-1,-1,3,1
"40883","201001ZD30252",2,9,0,18,0,8,0,0,0,0,1,1,15,1,5,1997,1,11,5,1
"40884","201001ZD30254",1,9,0,17,0,0,0,0,0,0,1,1,15,1,6,1796,1,11,6,1
"40885","201001ZD30254",2,9,0,16,0,0,0,0,0,0,1,1,15,2,7,1686,2,10,9,1
"40886","201001ZD30254",3,5,0,17,0,0,0,0,0,0,3,1,15,1,9,750,1,35,10,1
"40887","201001ZD30259",1,19,0,13,0,0,0,0,0,0,4,1,15,1,6,1995,2,11,-1,-1
"40888","201001ZD30259",2,9,0,5,0,0,0,0,0,0,3,1,15,3,-1,-1,-1,-1,-1,-1
"40889","201001ZD30260",1,9,0,4,0,0,0,0,0,0,2,1,15,2,7,1995,2,3,3,1
"40890","201001ZD30260",2,9,0,4,0,0,0,0,0,0,2,1,15,1,9,1896,2,7,5,1
"40891","201001ZD30260",3,9,0,4,0,0,0,0,0,0,2,1,15,1,-1,1998,1,11,3,1
"40892","201001ZD30260",4,9,0,18,0,0,0,0,0,0,1,1,15,2,6,1996,2,4,4,1
"40893","201001ZD30261",1,9,0,18,0,1,0,0,0,0,1,1,15,1,9,-1,-1,-1,-1,-1
"40894","201001ZD30261",2,9,0,7,0,8,0,0,0,0,3,1,15,1,-1,999,1,12,3,1
"40895","201001ZD30262",1,11,0,18,0,1,0,0,0,0,4,1,1,1,6,9200,2,7,4,1
"40896","201001ZD30262",2,9,0,9,0,8,0,0,0,0,3,1,15,1,7,1997,1,8,3,1
"40897","201001ZD30263",1,9,0,18,0,0,0,0,0,0,1,1,15,1,9,2283,2,15,1,1
"40898","201001ZD30263",2,1,0,18,0,0,0,0,0,0,3,1,15,1,3,-1,-1,-1,2,1
"40899","201001ZD30266",1,11,0,3,0,2,0,0,0,0,0,1,1,2,8,6700,2,2,6,1
"40900","201001ZD30267",1,11,0,4,0,2,0,0,0,0,0,1,1,1,8,-1,-1,-1,3,1
"40901","201001ZD30268",1,1,0,18,0,8,0,0,0,0,4,1,15,1,8,-1,-1,-1,5,1
"40902","201001ZD30268",2,9,0,18,0,8,0,0,0,0,3,1,15,1,-1,1390,1,13,6,1
"40903","201001ZD30269",1,9,0,18,0,8,0,0,0,0,3,1,15,2,6,1229,1,4,10,1
"40904","201001ZD30269",2,9,0,18,0,8,0,0,0,0,1,1,15,1,8,998,1,14,1,1
"40905","201001ZD30270",1,1,0,18,0,1,0,0,0,0,3,1,15,1,9,-1,-1,-1,2,1
"40906","201001ZD30270",2,9,0,14,0,1,0,0,0,0,1,1,15,1,-1,2494,1,9,-1,-1
"40907","201001ZD30271",1,9,0,9,0,2,0,10,7,10,1,1,15,2,8,1600,1,12,4,1
"40908","201001ZD30271",2,9,0,2,0,2,0,0,0,0,1,1,15,3,-1,1389,1,16,-1,-1
"40909","201001ZD30271",3,9,0,2,0,2,0,0,0,0,3,1,15,3,-1,1996,1,9,-1,-1
"40910","201001ZD30272",1,19,0,18,0,1,0,0,0,0,1,1,15,1,6,1997,2,5,3,1
"40911","201001ZD30272",2,9,0,4,0,1,0,0,0,0,2,1,15,2,5,-1,-1,-1,8,1
"40912","201001ZD30274",1,9,0,18,0,2,0,0,0,0,1,1,15,1,6,-1,-1,-1,4,1
"40913","201001ZD30276",1,9,0,18,0,1,0,0,0,0,4,1,15,1,8,1798,1,1,-1,-1
"40914","201001ZD30277",1,9,0,18,0,0,0,0,0,0,1,1,15,3,-1,-1,-1,-1,-1,-1
"40915","201001ZD30278",1,11,0,5,0,0,0,0,0,0,0,1,1,1,8,-1,-1,-1,3,1
"40916","201001ZD30279",1,9,0,18,0,1,0,0,0,0,4,1,15,1,10,1396,1,15,2,1
"40917","201001ZD30279",2,9,0,9,0,8,0,0,0,0,1,1,15,2,9,3960,1,12,6,1
"40918","201001ZD30281",1,9,0,18,0,1,0,0,0,0,1,1,15,1,6,1998,1,16,-1,-1
"40919","201001ZD30281",2,9,0,7,0,8,0,0,0,0,3,1,15,1,10,1199,1,9,5,1
"40920","201001ZD30282",1,9,0,18,0,0,0,0,0,0,3,1,15,2,6,1390,1,13,5,1
"40921","201001ZD30283",1,9,0,18,0,8,0,10,1,10,1,1,15,1,7,1598,1,10,3,1
"40922","201001ZD30283",2,9,0,18,0,8,0,10,1,10,4,1,15,1,7,1196,1,14,3,1
"40923","201001ZD30284",1,19,0,18,0,8,0,0,0,0,1,1,15,1,6,1686,2,12,6,1
"40924","201001ZD30284",2,9,0,18,0,8,0,0,0,0,4,1,15,2,7,1796,1,5,6,1
"40925","201001ZD30285",1,9,0,4,0,1,0,0,0,0,2,1,15,2,5,1994,1,7,6,1
"40926","201001ZD30285",2,9,0,18,0,1,0,0,0,0,1,1,15,3,-1,1242,1,8,-1,-1
"40927","201001ZD30287",1,9,0,10,0,8,0,0,0,0,4,1,15,1,4,1124,1,4,5,1
"40928","201001ZD30287",2,3,0,18,0,1,0,0,0,0,1,1,15,1,4,124,1,8,4,1
"40929","201001ZD30288",1,9,0,18,0,0,0,0,0,0,1,1,15,3,-1,-1,-1,-1,-1,-1
"40930","201001ZD30288",2,9,0,2,0,0,0,10,1,10,2,1,15,3,-1,-1,-1,-1,-1,-1
"40931","201001ZD30289",1,3,0,13,0,8,0,0,0,0,4,1,15,1,4,124,1,1,4,1
"40932","201001ZD30289",2,9,0,9,0,8,0,0,0,0,3,1,15,2,-1,1124,1,7,5,1
"40933","201001ZD30291",1,9,0,18,0,1,0,0,0,0,1,1,15,2,5,1599,1,7,5,1
"40934","201001ZD30291",2,9,0,9,0,8,0,0,0,0,4,1,15,2,8,1390,1,12,9,1
"40935","201001ZD30292",1,9,0,1,0,8,0,0,0,0,2,1,15,2,-1,1364,1,2,-1,-1
"40936","201001ZD30292",2,9,0,8,0,1,0,0,0,0,1,1,15,1,7,1984,1,7,6,1
"40937","201001ZD30296",1,9,0,18,0,1,0,0,0,0,1,1,15,1,7,1596,1,2,4,1
"40938","201001ZD30296",2,9,0,9,0,8,0,0,0,0,3,1,15,1,-1,1400,1,11,2,1
"40939","201001ZD30297",1,9,0,9,0,2,0,10,1,2,1,1,15,1,8,1124,1,8,2,1
"40940","201001ZD30299",1,9,0,9,0,8,0,0,0,0,1,1,15,1,7,1599,1,8,4,1
"40941","201001ZD30299",2,9,0,18,0,1,0,0,0,0,1,1,15,2,8,1598,1,3,10,1
"40942","201001ZD30300",1,9,0,18,0,2,0,0,0,0,4,1,15,2,9,1124,1,8,3,1
"40943","201001ZD30301",1,9,0,18,0,2,0,0,0,0,1,1,15,1,8,1995,1,8,8,1
"40944","201001ZD30302",1,3,0,18,0,1,0,0,0,0,1,1,15,1,8,124,1,6,8,1
"40945","201001ZD30302",2,9,0,7,0,8,0,0,0,0,4,1,15,3,-1,1299,1,8,-1,-1
"40946","201001ZD30305",1,9,0,18,0,0,0,0,0,0,1,1,15,2,8,1998,1,10,8,1
"40947","201001ZD30306",1,9,0,5,0,1,0,0,0,0,2,1,15,2,11,1086,1,-1,10,1
"40948","201001ZD30306",2,20,0,4,0,1,0,0,0,0,1,1,15,1,6,4461,2,-1,2,1
"40949","201001ZD30307",1,9,0,18,0,2,0,0,0,0,4,1,15,1,-1,-1,-1,-1,2,1
"40950","201001ZD30308",1,9,0,10,0,1,0,0,0,0,2,1,15,2,7,1388,1,3,4,1
"40951","201001ZD30308",2,9,0,5,0,1,0,0,0,0,1,1,15,1,-1,1988,1,5,-1,-1
"40952","201001ZD30309",1,9,0,18,0,0,0,0,0,0,1,1,15,1,7,4398,1,7,-1,-1
"40953","201001ZD30310",1,11,0,7,0,8,0,0,0,0,4,1,1,1,5,3900,2,7,7,1
"40954","201001ZD30310",2,9,0,7,0,8,0,0,0,0,3,1,15,1,6,2685,2,7,5,1
"40955","201001ZD30311",1,3,0,18,0,0,0,0,0,0,0,1,15,1,5,125,1,6,4,1
"40956","201001ZD30312",1,9,0,18,0,1,0,10,1,10,1,1,15,1,5,1686,2,5,2,1
"40957","201001ZD30312",2,9,0,18,0,8,0,0,0,0,3,1,15,1,11,1796,1,8,9,1
"40958","201001ZD30312",3,9,0,2,0,2,0,0,0,0,3,1,15,3,-1,-1,-1,-1,-1,-1
"40959","201001ZD30313",1,5,0,14,0,1,0,0,0,0,1,1,15,1,6,599,1,9,3,1
"40960","201001ZD30313",2,9,0,9,0,8,0,0,0,0,4,1,15,2,9,1595,1,3,7,1
"40961","201001ZD30314",1,9,0,18,0,0,0,0,0,0,1,1,15,1,7,1997,2,-1,3,1
"40962","201001ZD30315",1,19,0,4,0,8,0,0,0,0,1,1,1,1,8,2402,2,3,9,1
"40963","201001ZD30316",1,9,0,4,0,1,0,0,0,0,2,1,15,2,5,998,1,4,8,1
"40964","201001ZD30316",2,9,0,18,0,1,0,0,0,0,1,1,15,2,-1,-1,-1,-1,3,1
"40965","201001ZD30317",1,9,0,2,0,1,0,10,1,4,3,1,15,2,5,1997,1,12,4,1
"40966","201001ZD30317",2,9,0,18,0,1,0,4,0,0,1,1,15,1,5,3500,1,7,6,1
"40967","201001ZD30318",1,9,0,3,0,1,0,0,0,0,2,1,15,1,6,-1,-1,-1,4,1
"40968","201001ZD30318",2,9,0,18,0,1,0,0,0,0,1,1,15,1,-1,1900,2,12,4,1
"40969","201001ZD30319",1,9,0,14,0,1,0,0,0,0,1,1,15,2,8,1598,1,6,4,1
"40970","201001ZD30320",1,5,0,18,0,0,0,0,0,0,0,1,15,1,5,620,1,7,4,1
"40971","201001ZD30321",1,9,0,18,0,0,0,0,0,0,1,1,15,1,6,3498,1,9,1,1
"40972","201001ZD30321",2,9,0,18,0,0,0,0,0,0,1,1,15,1,-1,-1,-1,-1,10,1
"40973","201001ZD30322",1,9,0,18,0,8,0,0,0,0,3,1,15,1,6,1968,2,2,9,1
"40974","201001ZD30322",2,9,0,9,0,8,0,0,0,0,1,1,15,1,5,1597,1,14,1,1
"40975","201001ZD30323",1,19,0,4,0,1,0,0,0,0,2,1,1,1,6,2148,2,3,10,1
"40976","201001ZD30323",2,9,0,18,0,1,0,0,0,0,1,1,15,3,-1,1988,1,9,-1,-1
"40977","201001ZD30324",1,5,0,18,0,2,0,0,0,0,4,1,15,2,4,599,1,14,3,1
"40978","201001ZD30324",2,19,0,18,0,2,0,0,0,0,3,1,15,3,-1,2283,2,11,-1,-1
"40979","201001ZD30325",1,9,0,9,0,8,0,0,0,0,1,1,15,1,-1,1984,1,4,4,1
"40980","201001ZD30325",2,1,0,18,0,1,0,0,0,0,4,1,15,1,5,-1,-1,-1,7,1
"40981","201001ZD30326",1,9,0,18,0,0,0,0,0,0,4,1,15,2,8,2496,2,11,2,1
"40982","201001ZD30327",1,1,0,18,0,1,0,0,0,0,3,1,15,1,7,-1,-1,-1,2,1
"40983","201001ZD30327",2,9,0,7,0,1,0,0,0,0,1,1,15,3,-1,-1,-1,-1,-1,-1
"40984","201001ZD30329",1,9,0,18,0,8,0,0,0,0,1,1,15,3,-1,-1,-1,-1,-1,-1
"40985","201001ZD30330",1,9,0,9,0,8,0,0,0,0,4,1,15,2,6,1896,2,5,2,1
"40986","201001ZD30330",2,1,0,18,0,1,0,0,0,0,1,1,15,1,8,-1,-1,-1,3,1
"40987","201001ZD30332",1,9,0,4,0,2,0,0,0,0,2,1,15,1,10,-1,-1,-1,6,1
"40988","201001ZD30332",2,9,0,18,0,2,0,0,0,0,1,1,15,3,-1,-1,-1,-1,-1,-1
"40989","201001ZD30334",1,19,0,2,0,2,0,10,1,2,2,1,15,1,7,-1,-1,-1,10,1
"40990","201001ZD30334",2,9,0,9,0,2,0,0,0,0,1,1,15,1,8,-1,-1,-1,4,1
"40991","201001ZD30335",1,9,0,12,0,0,0,0,0,0,1,1,15,1,7,1686,2,14,7,1
"40992","201001ZD30335",2,3,0,18,0,0,0,0,0,0,1,1,15,1,6,125,1,2,4,1
"40993","201001ZD30336",1,1,0,18,0,1,0,0,0,0,2,1,15,1,-1,-1,-1,-1,-1,-1
"40994","201001ZD30336",2,1,0,18,0,1,0,0,0,0,1,1,15,1,3,-1,-1,-1,6,1
"40997","201001ZD30339",1,21,1,4,0,1,0,0,0,0,1,1,1,1,6,11705,2,6,1,1
"40998","201001ZD30339",2,19,0,4,0,1,0,0,0,0,2,1,1,1,7,2402,2,4,-1,-1
"40999","201001ZD30339",3,9,0,4,0,1,0,0,0,0,2,1,15,2,8,1199,1,7,4,1
"41000","201001ZD30340",1,9,0,18,0,1,0,0,0,0,1,1,15,1,5,1388,1,7,4,1
"41001","201001ZD30340",2,9,0,9,0,8,0,0,0,0,3,1,15,2,7,1598,1,13,2,1
"41002","201001ZD30341",1,9,0,18,0,8,0,0,0,0,1,1,15,1,7,1390,1,13,5,1
"41003","201001ZD30341",2,9,0,18,0,8,0,0,0,0,4,1,15,2,8,1242,1,4,2,1
"41004","201001ZD30342",1,9,0,18,0,1,0,0,0,0,3,1,15,1,7,1242,1,4,7,1
"41005","201001ZD30342",2,9,0,9,0,8,0,0,0,0,1,1,15,1,7,1360,1,9,2,1
"41006","201001ZD30343",1,9,0,5,0,1,0,0,0,0,0,1,1,1,6,1997,2,6,4,1
"41007","201001ZD30345",1,9,0,9,0,2,1,10,1,10,1,1,15,2,6,1796,1,13,5,1
"41008","201001ZD30346",1,5,0,4,0,1,0,0,0,0,2,1,15,1,-1,996,1,8,-1,-1
"41009","201001ZD30346",2,9,0,5,0,1,0,0,0,0,1,1,15,2,7,-1,-1,-1,7,1
"41010","201001ZD30347",1,9,0,18,0,1,1,7,0,0,1,1,15,1,8,998,1,10,2,1
"41011","201001ZD30349",1,19,0,18,0,8,0,0,0,0,3,1,15,1,7,2488,2,3,2,1
"41012","201001ZD30349",2,9,0,18,0,8,1,0,0,0,1,1,15,1,-1,2088,2,12,3,1
"41013","201001ZD30350",1,9,0,7,0,8,0,0,0,0,4,1,15,2,8,1679,1,10,3,1
"41014","201001ZD30350",2,2,0,15,2,1,0,0,0,0,1,1,15,1,6,49,1,1,3,1
"41015","201001ZD30351",1,19,0,2,0,1,0,0,0,0,3,1,15,1,-1,1868,2,5,5,1
"41016","201001ZD30351",2,1,0,18,0,1,0,0,0,0,4,1,15,2,7,-1,-1,-1,4,1
"41017","201001ZD30352",1,1,0,18,0,1,0,0,0,0,1,1,15,1,7,-1,-1,-1,8,1
"41018","201001ZD30352",2,19,0,9,0,8,0,0,0,0,3,1,15,1,-1,-1,-1,-1,-1,-1
"41019","201001ZD30354",1,9,0,18,9,0,0,0,0,0,1,1,15,1,-1,1762,1,12,-1,-1
"41020","201001ZD30354",2,1,0,18,9,0,0,0,0,0,4,1,15,1,3,-1,-1,-1,4,1
"41021","201001ZD30355",1,9,0,3,0,0,0,0,0,0,2,1,15,2,7,1985,1,13,3,1
"41022","201001ZD30355",2,9,0,18,0,0,0,0,0,0,1,1,15,1,-1,1390,1,12,-1,-1
"41023","201001ZD30356",1,9,0,9,0,2,0,0,0,0,1,1,15,2,8,2198,1,5,9,1
"41024","201001ZD30357",1,9,0,18,0,0,0,0,0,0,3,1,15,1,8,1489,1,12,5,1
"41025","201001ZD30358",1,9,0,7,0,2,0,0,0,0,4,1,15,1,9,998,1,11,9,1
"41026","201001ZD30359",1,3,0,13,0,1,0,0,0,0,1,1,15,1,8,125,1,3,-1,-1
"41027","201001ZD30359",2,9,0,9,0,8,0,0,0,0,3,1,15,1,7,1895,1,11,10,1
"41030","201001ZD30361",1,9,0,18,0,0,0,0,0,0,4,1,15,1,8,-1,-1,-1,2,1
"41031","201001ZD30362",1,9,0,18,0,8,0,0,0,0,3,1,15,2,7,998,1,13,4,1
"41032","201001ZD30362",2,9,0,18,0,8,0,0,0,0,1,1,15,2,-1,1587,1,7,-1,-1
"41033","201001ZD30363",1,19,0,4,0,1,0,0,0,0,2,1,15,1,6,1896,2,3,6,1
"41034","201001ZD30363",2,1,0,4,0,1,0,0,0,0,1,1,15,1,7,-1,-1,-1,5,1
"41035","201001ZD30365",1,9,0,9,0,8,0,0,0,0,1,1,15,2,9,1275,1,11,2,1
"41036","201001ZD30365",2,9,0,18,0,1,2,4,7,1,3,1,15,2,7,1590,1,11,5,1
"41037","201001ZD30365",3,9,0,2,0,2,0,0,0,0,1,1,15,1,10,-1,-1,-1,5,1
"41038","201001ZD30367",1,19,0,18,0,1,0,0,0,0,1,1,15,1,7,2148,2,6,2,1
"41039","201001ZD30367",2,9,0,9,0,8,0,0,0,0,3,1,15,2,7,998,1,5,10,1
"41040","201001ZD30368",1,9,0,9,0,8,0,0,0,0,1,1,15,2,6,1910,2,1,3,1
"41041","201001ZD30368",2,9,0,18,0,1,0,0,0,0,1,1,15,1,6,1984,1,1,8,1
"41042","201001ZD30369",1,11,0,4,0,1,0,0,0,0,1,1,1,2,6,-1,2,11,2,1
"41043","201001ZD30371",1,9,0,18,0,1,0,0,0,0,4,1,15,1,4,1124,1,12,3,1
"41044","201001ZD30371",2,1,0,9,0,1,0,0,0,0,3,1,15,2,7,-1,-1,-1,4,1
"41045","201001ZD30373",1,9,0,9,0,0,0,0,0,0,3,1,15,2,6,1390,1,14,4,1
"41046","201001ZD30373",2,3,0,18,0,0,1,0,0,0,1,1,15,1,5,-1,-1,-1,6,1
"41047","201001ZD30375",1,9,0,4,0,0,0,0,0,0,2,1,15,2,7,1596,1,10,6,1
"41048","201001ZD30375",2,9,0,18,0,0,0,0,0,0,1,1,15,2,-1,-1,-1,-1,-1,-1
"41049","201001ZD30376",1,9,0,1,0,0,0,0,0,0,2,1,15,1,4,1600,1,10,4,1
"41050","201001ZD30377",1,9,0,18,0,8,0,0,0,0,1,1,15,2,-1,1798,1,4,10,1
"41051","201001ZD30377",2,9,0,18,0,8,0,0,0,0,3,1,15,1,6,2967,1,10,5,1
"41052","201001ZD30379",1,9,0,9,0,8,0,0,0,0,1,1,1,2,7,1910,2,3,8,1
"41053","201001ZD30379",2,21,1,18,0,8,0,0,0,0,4,1,1,1,-1,11116,2,9,-1,-1
"41054","201001ZD30380",1,9,0,18,0,1,0,0,0,0,1,1,15,2,8,1590,1,13,3,1
"41055","201001ZD30380",2,9,0,3,0,1,0,0,0,0,2,1,15,2,8,1370,1,12,7,1
"41056","201001ZD30380",3,19,0,3,0,1,0,0,0,0,2,1,15,3,-1,1896,2,13,-1,-1
"41057","201001ZD30381",1,90,0,18,0,6,0,0,0,0,3,1,15,1,5,-1,-1,-1,9,1
"41058","201001ZD30381",2,9,0,18,0,1,0,0,0,0,1,1,15,1,8,1975,1,12,2,1
"41059","201001ZD30382",1,19,0,18,0,0,0,0,0,0,1,1,15,1,6,1995,2,3,-1,-1
"41060","201001ZD30382",2,9,0,4,0,0,0,0,0,0,2,1,15,1,8,1461,2,1,4,1
"41061","201001ZD30383",1,9,0,4,0,0,0,0,0,0,2,1,15,2,7,-1,-1,-1,3,1
"41062","201001ZD30383",2,9,0,4,0,0,0,0,0,0,1,1,15,2,-1,1996,1,10,-1,-1
"41063","201001ZD30384",1,9,0,18,0,1,0,0,0,0,1,1,15,1,-1,-1,-1,-1,-1,-1
"41064","201001ZD30385",1,9,0,18,0,8,0,0,0,0,1,1,15,1,8,3199,1,8,4,1
"41065","201001ZD30385",2,9,0,18,0,8,0,0,0,0,3,1,15,2,7,999,1,10,2,1
"41066","201001ZD30386",1,9,0,18,0,1,0,0,0,0,3,1,15,3,-1,-1,-1,-1,-1,-1
"41067","201001ZD30387",1,11,0,4,0,1,0,0,0,0,0,1,15,1,8,-1,2,11,1,1
"41068","201001ZD30388",1,9,0,9,0,8,0,0,0,0,3,1,15,2,8,1364,1,3,6,1
"41069","201001ZD30388",2,3,0,18,0,1,0,0,0,0,1,1,15,1,6,124,1,3,5,1
"41070","201001ZD30389",1,11,0,3,0,2,0,0,0,0,0,1,1,1,7,9200,2,7,3,1
"41071","201001ZD30390",1,9,0,9,0,8,0,0,0,0,1,1,15,2,6,1896,2,6,2,1
"41072","201001ZD30390",2,9,0,18,0,1,0,0,0,0,3,1,15,1,-1,1242,1,13,8,1
"41073","201001ZD30391",1,11,0,5,0,1,0,0,0,0,0,1,1,1,8,-1,2,10,5,1
"41074","201001ZD30393",1,9,0,9,0,8,0,0,0,0,3,1,15,1,9,1497,8,2,4,1
"41075","201001ZD30393",2,5,0,13,0,1,0,0,0,0,1,1,15,1,7,125,1,-1,-1,-1
"41076","201001ZD30394",1,9,0,18,0,0,0,4,0,0,1,1,15,1,11,998,1,8,10,1
"41077","201001ZD30394",2,19,0,2,0,0,0,0,0,0,2,1,15,3,-1,2400,2,8,-1,-1
"41078","201001ZD30395",1,20,1,7,0,8,0,0,0,0,4,1,15,1,9,6692,2,1,9,1
"41079","201001ZD30396",1,11,0,4,0,0,0,0,0,0,4,1,1,3,-1,-1,-1,-1,-1,-1
"41080","201001ZD30397",1,9,0,18,0,8,0,0,0,0,1,1,15,2,5,-1,-1,-1,10,1
"41081","201001ZD30397",2,9,0,18,0,8,0,0,0,0,1,1,15,1,10,1392,1,15,3,1
"41082","201001ZD30398",1,19,0,17,0,8,0,10,1,2,1,1,15,1,7,1868,2,9,2,1
"41083","201001ZD30401",1,9,0,4,0,1,0,0,0,0,2,1,15,1,6,1199,1,8,2,1
"41084","201001ZD30401",2,9,0,4,0,1,0,0,0,0,1,1,15,2,6,2835,2,13,9,1
"41085","201001ZD30402",1,19,0,1,0,8,0,0,0,0,1,1,1,1,4,1870,2,4,7,1
"41086","201001ZD30402",2,9,0,4,0,8,0,0,0,0,2,1,15,1,4,1299,1,10,-1,-1
"41087","201001ZD30403",1,19,0,18,0,0,0,10,1,10,1,1,15,1,6,1870,2,4,4,1
"41088","201001ZD30404",1,9,0,4,0,2,0,0,0,0,2,1,15,2,8,1598,1,11,2,1