"","Acc_Index","Vehicle_Reference","Vehicle_Type","Towing_and_Articulation","Vehicle_Manoeuvre","Vehicle_Location.Restricted_Lane","Junction_Location","Skidding_and_Overturning","Hit_Object_in_Carriageway","Vehicle_Leaving_Carriageway","Hit_Object_off_Carriageway","X1st_Point_of_Impact","Was_Vehicle_Left_Hand_Drive","Journey_Purpose_of_Driver","Sex_of_Driver","Age_Band_of_Driver","Engine_Capacity_.CC.","Propulsion_Code","Age_of_Vehicle","Driver_IMD_Decile","Driver_Home_Area_Type"
"41602","201001ZD30744",2,11,0,5,0,1,0,0,0,0,3,1,1,1,7,7300,2,4,1,1
"41603","201001ZD30745",1,9,0,1,0,8,0,0,0,0,1,1,15,1,10,1198,1,1,6,1
"41604","201001ZD30745",2,4,0,4,0,8,1,0,0,0,1,1,15,2,5,636,1,6,9,1
"41605","201001ZD30746",1,4,0,18,2,8,0,0,0,0,3,1,15,1,6,599,1,3,6,1
"41606","201001ZD30746",2,19,0,7,0,5,0,0,0,0,4,1,1,1,8,2400,2,5,2,1
"41607","201001ZD30748",1,9,0,18,0,0,0,0,0,0,1,1,15,1,8,1299,1,12,2,1
"41608","201001ZD30749",1,9,0,4,0,8,0,0,0,0,4,1,2,1,9,-1,-1,-1,-1,-1
"41609","201001ZD30749",2,9,0,9,0,6,0,0,3,0,1,1,15,2,10,1339,1,2,6,1
"41610","201001ZD30752",1,9,0,9,0,8,0,0,0,0,1,1,15,1,7,1598,1,4,7,1
"41611","201001ZD30752",2,9,0,18,0,8,0,0,0,0,1,1,15,1,9,1794,1,2,10,1
"41612","201001ZD30753",1,9,0,9,0,5,0,0,0,0,4,1,15,1,9,1390,1,13,3,1
"41613","201001ZD30753",2,5,0,4,0,8,0,0,0,0,1,1,15,1,9,660,1,5,3,1
"41614","201001ZD30754",1,9,0,17,0,8,0,0,0,0,1,1,2,1,7,2494,1,12,4,1
"41615","201001ZD30755",1,19,0,9,0,5,0,0,0,0,3,1,1,1,6,1870,2,6,10,1
"41616","201001ZD30755",2,9,0,13,0,8,0,0,0,0,1,1,15,1,8,1896,2,4,7,1
"41617","201001ZD30756",1,5,0,18,2,8,0,0,0,0,1,1,2,1,9,798,1,-1,10,1
"41618","201001ZD30757",1,9,0,18,0,1,0,0,0,0,1,1,15,1,10,1995,1,6,-1,-1
"41619","201001ZD30757",2,9,0,4,0,1,0,0,0,0,2,1,15,2,5,1388,1,6,2,1
"41620","201001ZD30759",1,9,0,18,0,1,0,0,0,0,4,1,15,1,6,1389,1,13,-1,-1
"41621","201001ZD30760",1,1,0,18,0,8,0,0,0,0,3,1,15,2,6,-1,-1,-1,3,1
"41622","201001ZD30760",2,9,0,9,0,8,0,0,0,0,1,1,15,2,6,1596,1,9,6,1
"41623","201001ZD30761",1,9,0,4,0,8,0,0,0,0,1,1,15,2,5,-1,-1,-1,8,1
"41624","201001ZD30761",2,9,0,10,0,8,0,0,0,0,2,1,15,2,8,1299,1,12,7,1
"41625","201001ZD30763",1,11,0,4,0,2,0,0,0,0,0,1,1,1,8,5900,2,4,5,1
"41626","201001ZD30764",1,19,0,4,0,8,5,7,0,0,1,1,15,1,8,-1,-1,-1,-1,-1
"41627","201001ZD30765",1,9,0,9,0,5,0,0,0,0,1,1,3,1,6,1597,1,12,-1,-1
"41628","201001ZD30765",2,3,0,15,0,8,0,0,0,0,1,1,1,1,7,125,1,8,3,1
"41629","201001ZD30765",3,9,0,8,0,8,0,0,0,0,3,1,15,2,8,2362,1,10,8,1
"41630","201001ZD30766",1,9,0,4,0,2,0,0,0,0,1,1,1,1,6,1596,1,7,8,1
"41631","201001ZD30767",1,9,0,9,0,5,0,0,0,0,3,1,15,1,9,-1,-1,-1,4,1
"41632","201001ZD30768",1,11,0,4,0,0,0,0,0,0,0,1,1,1,8,9000,2,1,-1,-1
"41633","201001ZD30769",1,11,0,4,0,2,0,0,0,0,0,1,1,1,-1,4500,2,3,-1,-1
"41634","201001ZD30770",1,9,0,9,0,2,0,4,0,0,1,1,15,1,6,1998,1,11,-1,-1
"41635","201001ZD30770",2,9,0,2,0,2,0,0,0,0,2,1,15,1,-1,2498,1,10,5,1
"41636","201001ZD30771",1,9,0,9,0,6,0,0,0,0,1,1,1,1,6,1968,2,1,-1,-1
"41637","201001ZD30773",1,9,0,3,0,2,0,0,0,0,2,1,15,1,7,1998,1,13,2,1
"41638","201001ZD30773",2,9,0,18,0,2,0,0,0,0,1,1,15,2,-1,2000,1,7,-1,-1
"41639","201001ZD30776",1,9,0,18,0,8,0,0,0,0,1,1,3,2,7,1968,2,4,3,1
"41640","201001ZD30776",2,1,0,9,0,6,0,0,0,0,2,1,1,1,-1,-1,-1,-1,4,1
"41641","201001ZD30777",1,11,0,4,0,8,0,0,0,0,0,1,1,1,6,9000,2,1,4,1
"41642","201001ZD30779",1,3,0,18,0,1,0,0,0,0,1,1,1,1,4,125,1,5,2,1
"41643","201001ZD30779",2,9,0,5,0,2,0,0,0,0,1,1,15,1,7,1598,1,-1,-1,-1
"41644","201001ZD30780",1,9,0,4,0,8,0,0,0,0,1,1,15,1,9,1998,1,12,4,1
"41645","201001ZD30780",2,9,0,18,0,8,0,0,0,0,4,1,15,1,7,2194,2,13,4,1
"41646","201001ZD30781",1,9,0,4,0,0,1,0,1,2,1,1,15,1,4,1493,1,12,6,1
"41647","201001ZD30783",1,9,0,1,0,8,0,0,0,0,2,1,15,1,6,1598,1,4,-1,-1
"41648","201001ZD30784",1,9,0,18,0,0,2,7,1,10,3,1,15,2,7,1595,1,4,5,1
"41649","201001ZD30785",1,9,0,18,0,1,0,7,0,0,1,1,15,1,7,2435,1,9,-1,-1
"41650","201001ZD30786",1,9,0,18,0,6,0,0,0,0,1,1,15,1,7,2597,1,9,3,1
"41651","201001ZD30786",2,9,0,8,0,8,0,0,0,0,2,1,3,2,6,1242,1,10,3,1
"41652","201001ZD30787",1,9,0,5,0,0,0,0,0,0,1,1,15,1,11,1199,1,11,4,1
"41653","201001ZD30787",2,2,0,8,0,0,0,0,0,0,2,1,15,2,9,49,1,-1,-1,-1
"41654","201001ZD30788",1,9,0,3,0,0,0,0,0,0,1,1,15,2,8,1587,1,13,5,1
"41655","201001ZD30788",2,9,0,18,0,0,0,0,0,0,1,1,15,2,-1,998,1,2,-1,-1
"41656","201001ZD30789",1,9,0,18,0,0,1,0,0,0,1,1,15,2,6,1149,1,11,-1,-1
"41657","201001ZD30790",1,9,0,9,0,6,0,0,0,0,1,1,15,2,7,1796,1,8,9,1
"41658","201001ZD30790",2,1,0,18,0,8,0,0,0,0,4,1,15,1,9,-1,-1,-1,6,1
"41659","201001ZD30791",1,9,0,3,0,8,0,0,0,0,2,1,15,1,8,1589,1,11,5,1
"41660","201001ZD30791",2,8,0,18,0,8,0,0,0,0,1,1,15,1,-1,1242,1,13,-1,-1
"41661","201001ZD30792",1,9,0,18,0,0,0,4,0,0,1,1,15,1,5,1199,1,10,-1,-1
"41662","201001ZD30792",2,9,0,2,0,0,0,0,0,0,3,1,15,3,-1,1796,1,5,-1,-1
"41663","201001ZD30792",3,9,0,2,0,0,0,0,0,0,3,1,15,3,-1,1199,1,6,-1,-1
"41664","201001ZD30792",4,9,0,2,0,0,0,0,0,0,3,1,15,3,-1,2438,1,15,-1,-1
"41665","201001ZD30793",1,9,0,18,0,0,0,0,0,0,1,1,3,1,4,1299,1,11,9,1
"41666","201001ZD30794",1,9,0,18,0,8,0,0,0,0,4,1,15,2,5,1149,1,9,6,2
"41667","201001ZD30794",2,1,0,18,0,8,0,0,0,0,1,1,15,1,3,-1,-1,-1,2,1
"41668","201001ZD30795",1,9,0,9,0,6,0,0,0,0,1,1,15,2,8,1339,1,4,8,1
"41669","201001ZD30795",2,9,0,18,0,8,5,7,7,2,1,1,15,1,7,1598,1,4,-1,-1
"41670","201001ZD30796",1,9,0,4,0,2,0,0,0,0,1,1,15,2,6,2688,2,5,6,1
"41671","201001ZD30798",1,11,0,18,3,2,0,0,0,0,4,1,1,1,8,9200,2,7,1,1
"41672","201001ZD30799",1,19,0,2,0,2,0,0,0,0,4,1,15,3,-1,-1,-1,-1,-1,-1
"41673","201001ZD30799",2,1,0,18,0,2,0,4,7,5,3,1,15,1,6,-1,-1,-1,5,1
"41674","201001ZD30800",1,1,0,12,0,1,0,0,0,0,3,1,15,1,6,-1,-1,-1,8,1
"41675","201001ZD30800",2,9,0,18,0,1,0,0,0,0,4,1,15,1,-1,-1,-1,-1,3,1
"41676","201001ZD30801",1,9,0,18,0,8,0,0,0,0,3,1,15,1,6,1769,1,9,2,1
"41677","201001ZD30801",2,9,0,9,0,8,0,0,0,0,3,1,15,2,4,1124,1,10,5,1
"41678","201001ZD30802",1,3,0,15,0,8,0,0,0,0,3,1,15,1,4,125,1,6,3,1
"41679","201001ZD30802",2,9,0,7,0,8,0,0,0,0,4,1,15,1,-1,1998,1,7,-1,-1
"41680","201001ZD30804",1,9,0,4,0,8,0,0,0,0,3,1,15,2,7,1998,1,11,8,1
"41681","201001ZD30804",2,9,0,7,0,8,0,0,0,0,1,1,2,1,-1,1341,1,12,5,1
"41682","201001ZD30806",1,11,0,4,0,8,0,0,0,0,0,1,1,1,7,6700,2,-1,3,1
"41683","201001ZD30807",1,9,0,9,0,5,0,0,0,0,1,1,15,1,8,2799,1,15,4,1
"41684","201001ZD30807",2,2,0,18,0,8,0,0,0,0,1,1,15,1,9,49,1,9,5,1
"41685","201001ZD30808",1,8,0,9,0,8,0,0,0,0,3,1,15,1,8,1896,2,6,5,1
"41686","201001ZD30808",2,9,0,13,0,8,0,4,1,0,4,1,15,1,5,1596,1,5,-1,-1
"41687","201001ZD30808",3,9,0,2,9,2,0,0,1,10,2,1,15,1,7,1995,1,15,2,1
"41688","201001ZD30809",1,9,0,9,0,8,0,0,0,0,1,1,15,1,7,1598,1,1,4,1
"41689","201001ZD30811",1,9,0,18,0,8,1,0,0,0,1,1,15,1,5,1990,1,15,3,1
"41690","201001ZD30811",2,9,0,9,0,5,0,0,0,0,4,1,15,2,9,-1,-1,-1,4,1
"41691","201001ZD30813",1,11,0,4,0,1,0,0,0,0,0,1,1,2,7,7300,2,4,3,1
"41692","201001ZD30814",1,9,0,5,0,8,0,0,0,0,1,1,15,2,9,-1,-1,-1,2,1
"41693","201001ZD30814",2,9,0,18,0,8,0,0,0,0,3,1,15,2,11,-1,-1,-1,7,3
"41694","201001ZD30815",1,9,0,18,0,0,0,0,0,0,1,1,15,1,10,1248,2,2,10,1
"41695","201001ZD30816",1,9,0,18,0,8,0,0,0,0,4,1,15,2,4,1796,1,11,7,3
"41696","201001ZD30817",1,9,0,7,0,5,0,0,0,0,1,1,15,1,6,1360,1,8,1,1
"41697","201001ZD30818",1,9,0,5,0,1,0,0,0,0,1,1,15,2,9,1242,1,10,9,1
"41698","201001ZD30820",1,11,0,5,0,2,0,0,0,0,4,1,1,1,9,9200,2,7,5,1
"41699","201001ZD30821",1,9,0,18,0,0,0,0,0,0,1,1,2,1,7,1895,1,10,2,1
"41700","201001ZD30823",1,9,0,9,0,8,0,0,0,0,4,1,15,1,8,1299,1,3,3,1
"41701","201001ZD30823",2,3,0,13,0,8,0,0,0,0,1,1,15,1,7,49,1,1,5,1
"41703","201001ZD30826",1,1,0,18,0,0,0,0,0,0,4,1,15,1,9,-1,-1,-1,2,1
"41704","201001ZD30826",2,9,0,13,0,0,0,0,0,0,3,1,4,2,8,1339,1,1,8,1
"41705","201001ZD30827",1,9,0,18,0,0,0,0,0,0,1,1,2,1,8,1598,1,-1,3,1
"41706","201001ZD30827",2,9,0,18,0,0,0,0,0,0,1,1,15,1,10,-1,-1,-1,2,1
"41707","201001ZD30828",1,9,0,16,0,8,0,0,0,0,3,1,15,1,4,1390,1,-1,2,1
"41708","201001ZD30828",2,9,0,16,0,8,0,0,0,0,4,1,15,1,-1,-1,-1,-1,-1,-1
"41709","201001ZD30829",1,8,0,4,0,0,0,0,0,0,2,1,1,1,9,1998,1,8,2,1
"41710","201001ZD30829",2,8,0,4,0,0,1,0,0,0,1,1,1,1,7,1796,1,8,-1,-1
"41711","201001ZD30830",1,9,0,5,0,0,0,0,0,0,1,1,1,1,7,1597,1,12,7,1
"41712","201001ZD30830",2,9,0,4,0,0,0,0,0,0,2,1,1,1,-1,1597,1,14,-1,-1
"41713","201001ZD30830",3,9,0,4,0,0,0,0,0,0,0,1,15,1,-1,1360,1,1,-1,-1
"41714","201001ZD30831",1,9,0,18,0,0,0,0,0,0,1,1,15,1,7,1951,2,8,9,1
"41715","201001ZD30832",1,5,0,14,0,0,0,0,0,0,1,1,2,2,7,535,1,10,5,1
"41716","201001ZD30832",2,9,0,6,0,0,0,0,0,0,1,1,3,2,6,1242,1,12,2,1
"41717","201001ZD30833",1,9,0,4,0,0,0,0,0,0,1,1,15,2,10,1360,1,6,5,1
"41718","201001ZD30834",1,9,0,7,0,8,0,0,0,0,4,1,15,2,9,1997,1,11,2,1
"41719","201001ZD30834",2,1,0,18,0,8,0,0,0,0,3,1,15,1,6,-1,-1,-1,3,1
"41720","201001ZD30835",1,9,0,9,0,8,0,0,0,0,1,1,15,1,8,1598,1,9,9,1
"41721","201001ZD30835",2,9,0,18,0,8,0,0,0,0,3,1,2,2,6,1343,1,8,1,1
"41722","201001ZD30836",1,9,0,7,2,1,0,0,0,0,4,1,15,1,6,1998,2,4,-1,-1
"41723","201001ZD30836",2,1,0,18,2,1,0,0,0,0,3,1,15,1,6,-1,-1,-1,2,1
"41724","201001ZD30837",1,9,0,4,0,0,0,0,0,0,2,1,1,1,10,1598,1,6,8,1
"41725","201001ZD30837",2,9,0,4,0,0,0,0,0,0,2,1,1,2,9,1296,1,2,3,1
"41726","201001ZD30837",3,9,0,11,0,0,0,0,0,0,1,1,1,2,5,1390,1,8,2,1
"41727","201001ZD30838",1,9,0,9,0,8,0,0,0,0,3,1,15,1,7,998,1,2,1,1
"41728","201001ZD30840",1,9,0,18,0,8,0,0,0,0,1,1,1,1,6,1995,2,-1,-1,-1
"41729","201001ZD30840",2,9,0,3,0,8,0,0,0,0,2,1,15,1,7,1360,1,6,5,1
"41730","201001ZD30840",3,9,0,3,0,8,0,0,0,0,2,1,15,2,-1,1299,1,7,-1,-1
"41731","201001ZD30841",1,19,0,18,1,0,0,0,7,0,2,1,2,1,5,2402,2,1,-1,-1
"41732","201001ZD30841",2,18,0,18,1,0,0,0,0,0,1,1,1,1,-1,-1,-1,-1,-1,-1
"41733","201001ZD30842",1,9,0,8,0,1,0,0,0,0,2,1,2,2,8,1124,1,9,2,1
"41734","201001ZD30842",2,9,0,18,0,1,0,0,0,0,1,1,15,1,-1,1242,1,14,1,1
"41735","201001ZD30843",1,9,0,9,0,8,0,0,0,0,1,1,2,1,9,1396,1,13,10,1
"41736","201001ZD30843",2,5,0,18,0,8,0,0,0,0,1,1,2,1,-1,-1,-1,-1,3,1
"41737","201001ZD30844",1,9,0,18,0,8,0,0,0,0,3,1,15,2,7,1341,1,12,3,1
"41738","201001ZD30844",2,19,0,18,0,8,0,0,0,0,1,1,15,1,8,2496,2,15,1,1
"41739","201001ZD30845",1,9,0,7,0,8,0,0,0,0,1,1,15,2,-1,-1,-1,-1,-1,-1
"41740","201001ZD30846",1,3,0,17,0,1,1,0,0,0,3,1,1,1,6,124,1,4,2,1
"41741","201001ZD30847",1,9,0,5,0,0,0,0,0,0,4,1,2,2,5,1796,1,-1,-1,-1
"41742","201001ZD30847",2,5,0,13,0,0,0,0,0,0,1,1,2,1,6,749,1,8,3,1
"41743","201001ZD30848",1,9,0,18,0,8,0,0,0,0,1,1,15,1,7,1905,2,16,6,1
"41744","201001ZD30848",2,1,0,9,0,8,0,0,0,0,4,1,15,1,5,-1,-1,-1,9,1
"41745","201001ZD30849",1,9,0,18,0,8,0,0,0,0,1,1,15,2,6,1800,1,11,9,1
"41746","201001ZD30849",2,9,0,9,0,8,0,0,0,0,4,1,15,2,7,1992,2,4,5,1
"41747","201001ZD30850",1,9,0,9,0,8,0,0,0,0,3,1,1,1,9,1896,2,7,4,1
"41748","201001ZD30850",2,9,0,18,0,8,1,0,0,0,1,1,15,1,8,1360,1,11,2,1
"41749","201001ZD30851",1,1,0,9,0,1,0,0,0,0,3,1,15,1,7,-1,-1,-1,3,1
"41750","201001ZD30851",2,9,0,9,0,1,0,0,0,0,4,1,15,2,6,1596,1,8,2,1
"41751","201001ZD30852",1,9,0,6,0,8,0,0,0,0,3,1,15,1,6,1998,1,15,8,1
"41752","201001ZD30852",2,3,0,14,0,8,0,0,0,0,1,1,15,1,7,124,1,-1,5,1
"41753","201001ZD30853",1,9,0,3,0,1,0,0,0,0,2,1,15,1,10,2495,1,4,6,1
"41754","201001ZD30853",2,9,0,4,0,1,0,0,0,0,1,1,15,1,4,1242,1,5,-1,-1
"41755","201001ZD30854",1,9,0,17,0,1,0,0,0,0,4,1,15,1,6,1242,1,11,4,1
"41756","201001ZD30856",1,9,0,14,0,0,0,0,0,0,4,1,15,1,4,1349,1,1,7,1
"41757","201001ZD30857",1,9,0,11,0,0,0,0,0,0,2,1,15,1,8,1998,1,13,4,1
"41758","201001ZD30857",2,9,0,18,0,0,0,0,0,0,1,1,15,1,5,1997,2,3,3,1
"41759","201001ZD30858",1,9,0,4,0,1,0,0,0,0,2,1,15,2,-1,2499,1,4,5,1
"41760","201001ZD30858",2,3,0,4,0,8,0,0,0,0,1,1,15,1,-1,124,1,-1,3,1
"41761","201001ZD30859",1,9,0,9,0,8,0,0,0,0,4,1,15,2,9,2171,2,9,9,3
"41762","201001ZD30859",2,9,0,18,0,8,0,0,0,0,1,1,15,2,8,1242,1,10,7,1
"41763","201001ZD30860",1,9,0,3,0,0,0,0,0,0,2,1,15,2,9,1896,2,2,3,1
"41764","201001ZD30860",2,9,0,5,0,0,0,0,0,0,1,1,15,1,6,1596,1,5,-1,-1
"41765","201001ZD30862",1,9,0,9,0,8,0,0,0,0,4,1,15,1,-1,-1,-1,-1,4,1
"41766","201001ZD30862",2,1,0,18,0,8,0,0,0,0,1,1,15,1,4,-1,-1,-1,8,1
"41767","201001ZD30863",1,9,0,18,0,1,0,0,0,0,1,1,15,1,-1,1598,1,5,-1,-1
"41768","201001ZD30864",1,9,0,5,0,1,0,0,0,0,3,1,2,1,5,1000,1,10,5,2
"41769","201001ZD30864",2,5,0,11,0,1,0,0,0,0,4,1,2,1,9,-1,-1,-1,8,3
"41770","201001ZD30865",1,9,0,18,0,1,0,0,0,0,1,1,3,2,7,1781,1,7,6,1
"41771","201001ZD30866",1,3,0,18,0,8,0,10,0,0,1,1,15,1,4,124,1,3,7,1
"41772","201001ZD30867",1,9,0,3,0,1,0,0,0,0,2,1,15,1,6,1686,2,5,3,1
"41773","201001ZD30867",2,19,0,4,0,1,0,0,0,0,1,1,15,1,-1,-1,-1,-1,-1,-1
"41774","201001ZD30868",1,3,0,7,0,1,0,0,0,0,4,1,15,2,4,49,1,5,2,1
"41775","201001ZD30868",2,1,0,18,0,1,0,0,0,0,3,1,15,1,6,-1,-1,-1,5,1
"41776","201001ZD30870",1,9,0,9,0,8,0,0,0,0,2,1,15,1,7,1999,1,5,9,1
"41777","201001ZD30870",2,19,0,18,0,8,0,0,0,0,1,1,15,1,8,1753,2,3,2,1
"41778","201001ZD30871",1,9,0,9,0,8,0,0,0,0,1,1,15,1,4,1368,1,4,5,1
"41779","201001ZD30871",2,9,0,18,0,8,0,0,0,0,3,1,15,2,5,1240,1,6,9,1
"41780","201001ZD30872",1,3,0,14,0,8,1,0,0,0,1,1,15,1,6,124,1,-1,2,1
"41781","201001ZD30872",2,9,0,9,0,8,0,0,0,0,3,1,15,1,8,-1,-1,-1,7,1
"41782","201001ZD30873",1,9,0,18,0,8,0,0,0,0,4,1,15,2,8,2148,2,3,6,1
"41783","201001ZD30874",1,11,0,4,0,0,0,0,0,0,0,1,15,1,6,7300,2,7,2,1
"41784","201001ZD30875",1,19,0,9,0,8,0,0,0,0,3,1,15,1,6,-1,-1,-1,2,1
"41785","201001ZD30875",2,9,0,18,0,8,0,0,0,0,1,1,15,2,6,1600,1,11,3,1
"41786","201001ZD30876",1,9,0,18,0,0,0,0,0,0,1,1,15,1,4,973,1,11,2,1
"41787","201001ZD30876",2,9,0,18,0,0,0,0,0,0,1,1,15,1,5,-1,-1,-1,5,1
"41788","201001ZD30878",1,9,0,18,0,8,0,0,0,0,1,1,15,1,6,-1,-1,-1,2,1
"41789","201001ZD30878",2,9,0,18,0,8,0,0,0,0,3,1,15,2,7,1596,1,9,8,1
"41790","201001ZD30880",1,5,0,18,0,8,1,0,0,0,1,1,2,1,7,781,1,11,7,1
"41791","201001ZD30880",2,9,0,9,0,8,0,0,0,0,3,1,2,2,7,1390,1,15,4,1
"41792","201001ZD30881",1,9,0,7,0,8,0,0,0,0,4,1,15,2,6,1364,1,3,5,1
"41793","201001ZD30882",1,3,0,18,2,8,0,0,0,0,1,1,15,1,7,998,1,1,7,1
"41794","201001ZD30882",2,9,0,9,2,8,0,0,0,0,3,1,15,1,6,1596,1,14,5,1
"41795","201001ZD30883",1,9,0,7,0,2,0,0,0,0,4,1,1,1,6,1896,2,6,4,1
"41796","201001ZD30883",2,9,0,5,0,2,0,0,0,0,3,1,3,2,6,1896,2,9,4,1
"41797","201001ZD30884",1,9,0,18,0,8,0,0,0,0,3,1,15,1,9,1905,2,18,9,1
"41798","201001ZD30884",2,9,0,18,0,8,0,0,0,0,1,1,15,2,9,1769,1,5,2,1
"41799","201001ZD30885",1,9,0,18,0,8,0,0,0,0,1,1,15,1,4,1596,1,10,2,1
"41800","201001ZD30885",2,9,0,9,0,8,0,0,0,0,4,1,15,2,6,1984,1,13,4,1
"41801","201001ZD30887",1,8,0,18,0,1,0,0,0,0,1,1,1,1,8,2402,2,5,2,1
"41802","201001ZD30887",2,9,0,6,0,2,0,0,0,0,1,1,15,1,8,2497,1,9,-1,-1
"41803","201001ZD30889",1,9,0,18,0,2,0,0,0,0,1,1,15,3,-1,-1,-1,-1,-1,-1
"41804","201001ZD30890",1,9,0,3,0,0,0,0,0,0,1,1,15,1,7,1364,1,1,4,1
"41805","201001ZD30890",2,9,0,4,0,0,0,0,0,0,2,1,15,1,6,1995,2,8,5,1
"41806","201001ZD30891",1,9,0,9,0,8,0,0,0,0,4,1,15,1,7,1968,2,2,-1,-1
"41807","201001ZD30891",2,4,0,14,0,8,0,0,0,0,1,1,1,1,7,499,1,3,2,1
"41808","201001ZD30892",1,9,0,3,0,1,0,0,0,0,2,1,15,1,8,1299,1,9,9,1
"41809","201001ZD30892",2,9,0,4,0,1,0,0,0,0,1,1,15,1,11,1596,1,9,2,1
"41810","201001ZD30892",3,9,0,4,0,1,0,0,0,0,1,1,15,1,4,1198,1,6,9,1
"41811","201001ZD30893",1,9,0,9,0,8,0,0,0,0,1,1,15,1,10,1587,1,4,8,1
"41812","201001ZD30893",2,9,0,18,0,8,0,0,0,0,1,1,15,1,7,1991,1,11,3,1
"41813","201001ZD30894",1,3,0,14,0,8,0,0,0,0,1,1,15,1,6,599,1,10,-1,-1
"41814","201001ZD30894",2,9,0,9,0,8,0,0,0,0,1,1,15,2,-1,1360,1,7,8,1
"41815","201001ZD30895",1,9,0,18,0,1,0,0,0,0,1,1,15,1,11,1999,1,5,8,1
"41816","201001ZD30895",2,19,0,3,0,1,0,0,0,0,2,1,15,1,8,1753,2,8,2,1
"41817","201001ZD30895",3,9,0,9,0,1,0,0,0,0,4,1,15,1,4,1149,1,8,9,1
"41818","201001ZD30895",4,9,0,3,0,1,0,0,0,0,2,1,15,2,6,1597,1,11,2,1
"41819","201001ZD30895",5,9,0,3,0,1,0,0,0,0,2,1,15,2,-1,-1,-1,-1,-1,-1
"41820","201001ZD30896",1,9,0,18,0,0,0,4,0,0,1,1,2,1,4,973,1,7,1,1
"41821","201001ZD30896",2,9,0,2,0,0,0,0,0,0,1,1,15,2,-1,1999,1,-1,9,1
"41822","201001ZD30897",1,9,0,18,0,8,0,0,0,0,1,1,15,1,5,1149,1,9,5,1
"41823","201001ZD30897",2,19,0,9,0,8,0,0,0,0,3,1,1,1,6,2798,2,4,9,3
"41824","201001ZD30898",1,9,0,14,0,0,0,0,0,0,1,1,15,1,8,-1,-1,-1,3,1
"41825","201001ZD30900",1,9,0,18,0,1,0,4,0,0,3,1,15,2,8,1391,1,11,4,1
"41826","201001ZD30900",2,9,0,18,0,2,0,0,0,0,3,1,15,3,-1,-1,-1,-1,-1,-1
"41827","201001ZD30900",3,9,0,2,0,1,0,0,0,0,3,1,15,3,-1,-1,-1,-1,-1,-1
"41828","201001ZD30901",1,9,0,4,0,8,0,0,0,0,1,1,2,2,6,1984,1,9,4,1
"41829","201001ZD30901",2,9,0,9,0,8,0,0,0,0,1,1,3,2,6,1386,1,7,6,1
"41830","201001ZD30903",1,19,0,7,0,1,0,0,0,0,4,1,15,1,-1,-1,-1,-1,-1,-1
"41831","201001ZD30904",1,9,0,18,0,1,0,0,0,0,1,1,15,1,9,1762,1,10,3,1
"41832","201001ZD30905",1,9,0,9,0,8,0,0,0,0,1,1,15,2,8,1587,1,5,9,1
"41833","201001ZD30906",1,9,0,18,0,1,0,0,0,0,1,1,15,1,-1,-1,-1,-1,-1,-1
"41834","201001ZD30907",1,9,0,18,0,8,0,0,0,0,3,1,15,1,7,1329,1,1,9,1
"41835","201001ZD30907",2,9,0,9,0,5,0,0,0,0,1,1,15,2,7,1590,2,2,5,2
"41836","201001ZD30908",1,9,0,4,0,1,0,0,0,0,1,1,15,1,8,-1,-1,-1,4,1
"41837","201001ZD30909",1,9,0,17,0,0,0,4,7,0,1,1,15,3,-1,954,1,12,-1,-1
"41838","201001ZD30909",2,9,0,2,0,0,0,0,0,0,4,1,15,3,-1,1242,1,12,-1,-1
"41839","201001ZD30909",3,9,0,2,0,0,0,0,0,0,4,1,15,3,-1,1198,1,4,-1,-1
"41840","201001ZD30909",4,9,0,2,0,0,0,4,0,0,2,1,15,3,-1,1149,1,2,-1,-1
"41841","201001ZD30909",5,9,0,2,0,0,0,0,0,0,2,1,15,3,-1,1896,2,8,-1,-1
"41842","201001ZD30910",1,11,0,9,0,8,0,0,0,0,4,1,1,1,5,9000,2,7,3,1
"41843","201001ZD30910",2,1,0,9,0,8,0,0,0,0,3,1,2,2,8,-1,-1,-1,8,1
"41844","201001ZD30911",1,9,0,3,0,1,0,0,0,0,2,1,15,1,6,-1,-1,-1,2,1
"41845","201001ZD30911",2,19,0,3,0,1,0,0,0,0,2,1,15,1,8,2148,2,6,6,1
"41846","201001ZD30911",3,9,0,18,0,1,0,0,0,0,1,1,15,1,-1,1995,1,-1,10,1
"41847","201001ZD30912",1,9,0,14,0,0,0,0,0,0,1,1,15,2,6,1248,2,4,2,1
"41848","201001ZD30913",1,9,0,18,0,2,0,0,0,0,1,1,15,1,6,1389,1,14,4,1
"41849","201001ZD30914",1,8,0,7,0,2,0,0,0,0,1,1,15,1,7,1796,1,8,6,1
"41850","201001ZD30914",2,9,0,7,0,2,0,0,0,0,2,1,15,2,7,1598,1,11,3,1
"41851","201001ZD30915",1,9,0,3,0,1,0,0,0,0,2,1,15,1,6,1598,1,7,9,1
"41852","201001ZD30915",2,9,0,3,0,1,0,0,0,0,2,1,15,1,4,-1,-1,-1,-1,-1
"41853","201001ZD30915",3,19,0,5,0,1,0,0,0,0,1,1,15,1,9,1995,2,2,-1,-1
"41854","201001ZD30916",1,9,0,18,0,2,2,4,0,0,1,1,15,1,4,1149,1,10,4,1
"41855","201001ZD30916",2,9,0,2,0,2,0,0,0,0,2,1,15,3,-1,1598,1,13,-1,-1
"41856","201001ZD30917",1,9,0,7,0,5,0,0,0,0,4,1,15,1,8,1781,1,12,4,1
"41857","201001ZD30917",2,1,0,18,0,8,0,0,0,0,1,1,15,2,7,-1,-1,-1,4,1