"","Acc_Index","Vehicle_Reference","Vehicle_Type","Towing_and_Articulation","Vehicle_Manoeuvre","Vehicle_Location.Restricted_Lane","Junction_Location","Skidding_and_Overturning","Hit_Object_in_Carriageway","Vehicle_Leaving_Carriageway","Hit_Object_off_Carriageway","X1st_Point_of_Impact","Was_Vehicle_Left_Hand_Drive","Journey_Purpose_of_Driver","Sex_of_Driver","Age_Band_of_Driver","Engine_Capacity_.CC.","Propulsion_Code","Age_of_Vehicle","Driver_IMD_Decile","Driver_Home_Area_Type"
"41858","201001ZD30918",1,9,0,18,0,0,0,0,0,0,4,1,3,2,7,1796,1,4,-1,-1
"41859","201001ZD30919",1,9,0,4,0,1,0,0,0,0,1,1,15,1,7,1948,1,12,9,1
"41860","201001ZD30920",1,9,0,9,0,8,0,0,0,0,3,1,15,2,5,973,1,7,8,1
"41861","201001ZD30920",2,5,0,13,0,8,0,0,0,0,4,1,15,1,8,675,1,1,3,1
"41862","201001ZD30921",1,9,0,18,0,1,0,0,0,0,1,1,15,3,-1,-1,-1,-1,-1,-1
"41863","201001ZD30922",1,9,0,18,0,8,0,0,0,0,4,1,15,2,7,1598,1,4,4,1
"41864","201001ZD30922",2,9,0,18,0,8,0,0,0,0,1,1,15,1,6,1948,1,13,6,1
"41865","201001ZD30923",1,9,0,18,0,8,0,0,0,0,4,1,15,2,8,2987,2,-1,8,1
"41866","201001ZD30924",1,9,0,18,0,0,0,4,1,10,3,1,15,1,5,1299,1,6,1,1
"41867","201001ZD30924",2,9,0,13,0,0,0,0,0,0,4,1,15,3,-1,-1,-1,-1,-1,-1
"41868","201001ZD30924",3,9,0,2,0,0,0,0,0,0,2,1,15,3,-1,2498,1,12,-1,-1
"41869","201001ZD30924",4,9,0,2,0,0,0,0,0,0,2,1,15,3,-1,-1,-1,-1,-1,-1
"41870","201001ZD30924",5,9,0,2,0,0,0,0,0,0,2,1,15,2,-1,1199,1,8,4,1
"41871","201001ZD30925",1,1,0,4,0,8,0,0,0,0,1,1,15,1,-1,-1,-1,-1,9,1
"41872","201001ZD30925",2,9,0,9,0,5,0,0,0,0,4,1,15,1,-1,1198,1,-1,-1,-1
"41873","201001ZD30927",1,3,0,18,0,8,0,0,0,0,3,1,15,1,4,125,1,7,4,1
"41874","201001ZD30927",2,9,0,7,0,8,0,0,0,0,4,1,15,1,-1,1910,2,4,-1,-1
"41875","201001ZD30928",1,9,0,18,0,1,0,0,0,0,3,1,15,1,7,-1,-1,-1,3,1
"41876","201001ZD30928",2,19,0,13,0,1,0,0,0,0,4,1,15,1,-1,2198,2,2,-1,-1
"41877","201001ZD30929",1,8,0,9,0,2,0,0,0,0,4,1,1,1,6,1761,1,11,4,1
"41878","201001ZD30930",1,5,0,13,0,8,0,0,0,0,1,1,15,1,6,645,1,7,10,1
"41879","201001ZD30930",2,9,0,7,0,6,0,0,1,0,1,1,2,2,8,1769,1,5,2,1
"41880","201001ZD30931",1,2,0,18,0,0,0,0,0,0,4,1,15,1,4,49,1,1,3,1
"41881","201001ZD30931",2,9,0,5,0,0,0,0,0,0,4,1,15,2,-1,1587,1,8,7,1
"41882","201001ZD30932",1,9,0,7,0,5,0,0,1,10,2,1,15,2,6,1597,1,16,5,1
"41883","201001ZD30932",2,19,0,18,0,8,0,0,0,0,1,1,15,1,-1,1868,2,7,-1,-1
"41884","201001ZD30933",1,9,0,18,0,0,0,0,0,0,0,1,15,2,7,-1,-1,-1,5,1
"41885","201001ZD30933",2,3,0,4,0,0,1,0,0,0,0,1,15,1,4,125,1,-1,4,1
"41886","201001ZD30934",1,9,0,4,0,8,0,0,0,0,1,1,15,2,4,973,1,7,2,1
"41887","201001ZD30934",2,9,0,3,0,8,0,0,0,0,2,1,15,1,9,1992,2,2,9,1
"41888","201001ZD30935",1,9,0,9,0,8,0,0,0,0,3,1,15,1,7,2720,2,1,8,1
"41889","201001ZD30935",2,3,0,9,0,8,0,0,0,0,1,1,15,1,6,125,1,1,4,1
"41890","201001ZD30936",1,9,0,18,0,1,0,0,0,0,1,1,15,2,7,1388,1,7,7,1
"41891","201001ZD30936",2,9,0,18,0,1,0,10,1,0,3,1,15,1,7,1769,1,9,2,1
"41892","201001ZD30936",3,9,0,18,0,3,1,0,0,0,1,1,15,2,5,998,1,10,8,1
"41893","201001ZD30937",1,11,0,18,0,0,0,0,0,0,1,1,1,1,6,9000,2,1,1,1
"41894","201001ZD30938",1,1,0,18,0,8,0,0,0,0,3,1,15,1,6,-1,-1,-1,9,1
"41895","201001ZD30938",2,9,0,9,0,8,0,0,0,0,1,1,15,3,-1,-1,-1,-1,-1,-1
"41896","201001ZD30939",1,9,0,7,0,8,0,0,0,0,1,1,15,2,9,1596,1,14,8,1
"41897","201001ZD30939",2,5,0,13,0,8,0,0,0,0,2,1,15,1,7,592,1,17,5,1
"41898","201001ZD30940",1,9,0,18,0,0,0,0,0,0,1,1,2,1,8,1397,1,11,2,1
"41899","201001ZD30941",1,9,0,18,0,0,0,0,0,0,1,1,15,1,9,1299,1,8,-1,-1
"41900","201001ZD30942",1,9,0,14,0,8,0,0,0,0,1,1,15,1,-1,-1,-1,-1,-1,-1
"41901","201001ZD30944",1,9,0,4,0,0,1,0,0,0,1,1,4,1,6,1242,1,11,7,1
"41902","201001ZD30944",2,9,0,3,0,0,0,0,0,0,2,1,15,2,8,1587,1,10,2,1
"41903","201001ZD30945",1,9,0,4,0,8,1,0,0,0,1,1,15,1,4,1390,1,3,8,1
"41904","201001ZD30945",2,9,0,9,0,5,0,0,0,0,1,1,15,1,4,-1,-1,-1,6,1
"41905","201001ZD30946",1,9,0,7,0,8,0,0,0,0,0,1,15,2,6,1796,1,10,2,1
"41906","201001ZD30946",2,19,0,9,0,8,2,0,0,0,1,1,15,3,-1,1870,2,5,-1,-1
"41907","201001ZD30948",1,3,0,4,0,2,0,0,0,0,1,1,15,1,4,-1,-1,-1,4,1
"41908","201001ZD30950",1,9,0,18,0,1,0,0,0,0,1,1,3,2,6,1997,2,8,5,1
"41909","201001ZD30952",1,9,0,18,0,0,0,0,0,0,1,1,15,1,9,1998,1,11,5,1
"41910","201001ZD30953",1,9,0,7,0,8,0,0,0,0,1,1,15,2,4,1360,1,9,-1,-1
"41911","201001ZD30953",2,9,0,4,0,8,1,0,7,4,1,1,15,2,4,1242,1,7,7,1
"41912","201001ZD30954",1,11,0,4,0,8,0,0,0,0,0,1,1,1,9,-1,-1,-1,8,1
"41913","201001ZD30955",1,9,0,9,0,6,0,0,0,0,3,1,15,1,11,1991,1,14,10,1
"41914","201001ZD30955",2,9,0,18,0,8,0,0,0,0,1,1,15,1,5,1998,1,2,9,1
"41915","201001ZD30956",1,9,0,9,0,5,0,0,0,0,3,1,15,1,6,1998,1,11,2,1
"41916","201001ZD30956",2,5,0,13,0,8,0,0,0,0,4,1,15,1,6,1255,1,3,4,1
"41917","201001ZD30957",1,9,0,4,0,8,0,0,0,0,1,1,15,2,7,1360,1,6,6,1
"41918","201001ZD30957",2,19,0,5,0,6,0,0,0,0,3,1,15,1,-1,2198,2,1,4,2
"41919","201001ZD30960",1,3,0,14,0,8,0,0,0,0,1,1,15,1,7,124,1,6,-1,-1
"41920","201001ZD30960",2,9,0,9,0,6,0,0,0,0,1,1,3,2,5,1587,1,6,10,1
"41921","201001ZD30961",1,9,0,9,0,5,0,0,0,0,4,1,15,1,7,1590,1,9,1,1
"41922","201001ZD30961",2,1,0,15,0,8,0,0,0,0,1,1,15,2,6,-1,-1,-1,8,1
"41923","201001ZD30962",1,9,0,18,0,8,0,0,0,0,1,1,15,1,6,1796,1,10,1,1
"41924","201001ZD30962",2,1,0,18,0,6,0,0,0,0,3,1,15,1,3,-1,-1,-1,3,1
"41925","201001ZD30963",1,9,0,3,0,1,0,0,0,0,3,1,15,2,6,1598,1,12,2,1
"41926","201001ZD30963",2,9,0,18,0,1,0,0,0,0,1,1,15,1,-1,1596,1,5,-1,-1
"41927","201001ZD30965",1,9,0,7,0,5,0,0,0,0,4,1,15,2,6,1596,1,-1,10,1
"41928","201001ZD30965",2,1,0,15,0,8,0,0,0,0,3,1,2,1,5,-1,-1,-1,6,1
"41929","201001ZD30966",1,9,0,3,0,1,0,0,0,0,2,1,15,2,4,1242,1,9,2,1
"41930","201001ZD30966",2,9,0,11,0,1,0,0,0,0,3,1,15,1,-1,1360,1,15,-1,-1
"41931","201001ZD30967",1,9,0,7,0,2,0,0,0,0,1,1,15,1,6,-1,-1,-1,-1,-1
"41932","201001ZD30967",2,9,0,18,0,2,0,0,0,0,4,1,15,1,5,1598,1,9,4,1
"41933","201001ZD30968",1,11,0,9,0,8,0,0,0,0,1,1,1,1,-1,-1,-1,-1,-1,-1
"41934","201001ZD30969",1,3,0,18,0,1,0,0,0,0,1,1,15,1,4,124,1,-1,2,1
"41935","201001ZD30969",2,90,0,1,0,2,0,0,0,0,2,1,15,1,6,-1,-1,-1,-1,-1
"41936","201001ZD30970",1,9,0,4,0,0,0,0,0,0,1,1,15,1,9,1596,1,9,10,1
"41937","201001ZD30970",2,9,0,10,0,0,0,0,0,0,2,1,15,2,8,1390,1,14,-1,-1
"41938","201001ZD30972",1,9,0,4,0,1,0,0,0,0,2,1,15,2,6,1360,1,-1,6,1
"41939","201001ZD30972",2,9,0,18,0,1,0,0,0,0,1,1,15,1,5,-1,-1,-1,-1,-1
"41940","201001ZD30974",1,9,0,4,0,0,0,0,0,0,1,1,15,3,-1,-1,-1,-1,-1,-1
"41941","201001ZD30975",1,9,0,18,0,8,0,0,0,0,1,1,15,2,7,-1,-1,-1,-1,-1
"41942","201001ZD30975",2,9,0,9,0,8,0,0,0,0,4,1,15,1,7,1598,1,9,4,1
"41943","201001ZD30976",1,9,0,4,2,2,0,0,0,0,1,1,15,1,-1,-1,-1,-1,5,1
"41944","201001ZD30976",2,9,0,18,0,1,0,0,0,0,1,1,15,2,7,2902,2,7,-1,-1
"41945","201001ZD30978",1,9,0,18,0,8,0,0,0,0,1,1,15,1,6,1596,1,8,4,1
"41946","201001ZD30980",1,9,0,6,0,8,0,0,0,0,4,1,15,1,7,1398,1,-1,9,1
"41947","201001ZD30980",2,5,0,18,0,8,0,0,0,0,1,1,15,1,5,649,1,1,8,1
"41948","201001ZD30982",1,9,0,18,0,0,0,4,0,0,4,1,15,2,5,1390,1,9,-1,-1
"41949","201001ZD30982",2,9,0,2,0,0,0,0,0,0,3,1,15,3,-1,1298,1,9,-1,-1
"41950","201001ZD30982",3,9,0,2,0,0,0,0,0,0,3,1,15,3,-1,1973,1,10,-1,-1
"41951","201001ZD30982",4,9,0,2,0,0,0,0,0,0,3,1,15,3,-1,1595,1,3,-1,-1
"41952","201001ZD30984",1,9,0,9,0,8,0,0,0,0,1,1,15,2,9,1198,1,5,9,1
"41953","201001ZD30984",2,9,0,18,0,8,0,0,0,0,3,1,15,1,6,1398,2,6,9,1
"41954","201001ZD30985",1,9,0,18,0,0,0,0,2,2,1,1,15,3,-1,-1,-1,-1,-1,-1
"41955","201001ZD30986",1,3,0,18,0,8,0,0,0,0,1,1,15,1,6,124,1,3,8,1
"41956","201001ZD30986",2,9,0,7,0,8,0,0,0,0,3,1,15,3,-1,-1,-1,-1,-1,-1
"41957","201001ZD30987",1,9,0,17,0,0,0,10,1,2,1,1,3,1,7,1668,1,8,6,1
"41958","201001ZD30987",2,19,0,16,0,0,0,0,0,0,0,1,15,3,-1,-1,-1,-1,-1,-1
"41959","201001ZD30988",1,9,0,18,0,1,0,0,0,0,1,1,15,2,6,2362,1,10,5,1
"41960","201001ZD30989",1,9,0,18,0,8,0,0,0,0,1,1,15,1,9,1998,2,-1,6,1
"41961","201001ZD30990",1,9,0,3,0,1,0,0,0,0,2,1,15,2,6,1242,1,6,4,1
"41962","201001ZD30990",2,19,0,4,0,1,0,0,0,0,1,1,15,3,-1,1896,2,2,-1,-1
"41963","201001ZD30991",1,9,0,3,0,1,0,0,0,0,2,1,15,2,7,2993,2,6,8,1
"41964","201001ZD30991",2,9,0,4,0,1,0,0,0,0,1,1,15,1,-1,1598,1,5,2,1
"41965","201001ZD30992",1,9,0,9,0,8,0,0,0,0,4,1,15,2,10,1124,1,10,10,1
"41966","201001ZD30992",2,9,0,18,0,8,0,0,0,0,1,1,15,1,-1,2497,2,5,8,1
"41967","201001ZD30993",1,9,0,8,0,8,0,0,0,0,2,1,15,2,5,1598,1,12,-1,-1
"41968","201001ZD30993",2,9,0,4,0,8,0,0,0,0,1,1,15,1,-1,2199,2,1,-1,-1
"41969","201001ZD30994",1,9,0,4,0,0,0,0,0,0,2,1,15,1,-1,1990,1,10,-1,-1
"41970","201001ZD30994",2,9,0,18,0,0,0,0,0,0,1,1,15,1,-1,1124,1,15,-1,-1
"41971","201001ZD30995",1,9,0,18,0,8,0,0,7,0,4,1,15,1,4,1149,1,7,4,1
"41972","201001ZD30995",2,9,0,18,0,8,0,0,0,0,1,1,15,1,-1,1796,1,8,2,1
"41973","201001ZD30996",1,9,0,18,0,0,5,0,0,0,1,1,15,2,6,1587,1,10,4,1
"41974","201001ZD30996",2,9,0,18,0,0,0,0,0,0,1,1,15,2,7,1999,1,3,8,1
"41975","201001ZD30997",1,9,0,9,0,5,0,0,0,0,0,1,15,1,6,1896,2,9,3,1
"41976","201001ZD30997",2,9,0,8,0,8,0,0,0,0,1,1,15,1,6,1896,2,9,4,1
"41977","201001ZD30997",3,3,0,18,0,8,0,0,0,0,1,1,15,2,5,124,1,9,6,1
"41978","201001ZD30998",1,9,0,18,0,0,0,0,1,0,0,1,15,2,7,1796,1,6,-1,-1
"41979","201001ZD30998",2,9,0,18,0,0,0,0,0,0,1,1,2,1,7,1497,1,6,2,1
"41980","201001ZD30998",3,9,0,18,0,0,0,0,0,0,3,1,15,1,7,2295,1,9,-1,-1
"41981","201001ZD30998",4,9,0,18,0,0,0,0,0,0,1,1,15,1,8,1596,1,6,1,1
"41982","201001ZD30999",1,9,0,2,0,1,0,0,0,0,2,1,15,3,-1,1590,1,20,-1,-1
"41983","201001ZD30999",2,1,0,4,0,1,0,0,0,0,4,1,15,1,6,-1,-1,-1,-1,-1
"41984","201001ZD31000",1,11,0,18,0,1,0,0,0,0,3,1,1,1,8,-1,2,9,6,1
"41985","201001ZD31000",2,9,0,11,0,1,0,0,0,0,4,1,15,1,-1,1991,2,2,-1,-1
"41986","201001ZD31001",1,19,0,18,0,8,0,0,0,0,3,1,1,1,8,1896,2,3,2,1
"41987","201001ZD31001",2,21,0,9,0,8,0,0,0,0,4,1,1,1,8,5880,2,4,6,1
"41988","201001ZD31001",3,9,0,2,0,8,0,0,0,0,4,1,15,3,-1,1370,1,14,-1,-1
"41989","201001ZD31001",4,9,0,2,0,8,0,0,0,0,1,1,15,3,-1,1796,1,14,-1,-1
"41990","201001ZD31002",1,9,0,6,0,0,0,0,0,0,3,1,15,2,6,1998,1,7,2,1
"41991","201001ZD31002",2,9,0,18,0,0,0,0,0,0,1,1,15,2,-1,1991,1,14,-1,-1
"41992","201001ZD31003",1,9,0,16,0,8,0,0,0,0,1,1,15,2,8,1296,1,11,2,1
"41993","201001ZD31003",2,8,0,18,0,8,1,0,0,0,1,1,15,2,7,1598,1,-1,-1,-1
"41994","201001ZD31004",1,3,0,18,0,0,1,0,0,0,3,1,15,1,4,-1,-1,-1,2,1
"41995","201001ZD31006",1,4,0,4,0,0,0,0,0,0,1,1,15,2,6,249,1,3,5,1
"41996","201001ZD31006",2,9,0,6,0,0,0,0,0,0,3,1,15,1,6,-1,-1,-1,7,1
"41997","201001ZD31007",1,9,0,18,0,2,0,0,0,0,1,1,15,2,9,1598,1,11,6,1
"41998","201001ZD31008",1,9,0,18,0,8,0,0,0,0,4,1,2,2,7,1995,1,9,3,1
"41999","201001ZD31008",2,9,0,9,0,8,0,0,0,0,1,2,15,2,5,-1,-1,-1,3,1
"42000","201001ZD31009",1,9,0,3,0,0,0,0,0,0,2,1,1,1,7,2616,1,5,3,1
"42001","201001ZD31009",2,9,0,18,0,0,0,0,0,0,1,1,15,2,-1,-1,-1,-1,-1,-1
"42002","201001ZD31010",1,9,0,7,0,0,1,0,0,0,1,1,4,1,7,2997,1,15,8,1
"42003","201001ZD31010",2,9,0,3,0,0,0,0,0,0,3,1,15,2,9,-1,-1,-1,9,1
"42004","201001ZD31011",1,9,0,18,0,0,0,0,0,0,1,1,15,1,9,1596,1,10,5,1
"42005","201001ZD31012",1,9,0,14,0,0,0,0,0,0,1,1,15,1,9,1598,1,1,-1,-1
"42006","201001ZD31013",1,9,0,3,0,0,0,0,0,0,2,1,3,2,7,2148,2,6,3,1
"42007","201001ZD31013",2,9,0,18,0,0,0,0,0,0,1,1,3,1,6,-1,-1,-1,5,1
"42008","201001ZD31015",1,11,0,5,0,2,0,0,0,0,1,1,1,1,7,9200,2,7,2,1
"42009","201001ZD31015",2,1,0,13,0,2,0,0,0,0,2,1,15,1,5,-1,-1,-1,4,1
"42010","201001ZD31016",1,9,0,18,0,8,0,4,0,0,1,1,15,1,6,1984,1,9,6,1
"42011","201001ZD31016",2,9,0,5,0,8,0,0,0,0,1,1,15,1,7,1900,2,10,3,1
"42012","201001ZD31016",3,9,0,2,0,2,0,0,0,0,4,1,15,3,-1,3226,2,10,-1,-1
"42013","201001ZD31016",4,9,0,2,0,2,0,0,0,0,1,1,15,3,-1,1598,1,2,-1,-1
"42014","201001ZD31018",1,9,0,3,0,1,0,0,0,0,2,1,15,2,7,1998,1,7,8,1
"42015","201001ZD31018",2,9,0,4,0,1,0,0,0,0,1,1,15,2,10,1386,1,3,7,1
"42016","201001ZD31018",3,9,0,18,0,1,1,0,0,0,1,1,15,1,8,-1,-1,-1,-1,-1
"42017","201001ZD31020",1,9,0,18,0,0,0,0,1,2,1,1,15,2,7,-1,-1,-1,10,1
"42018","201001ZD31021",1,11,0,3,0,1,0,0,0,0,2,1,1,1,-1,4250,2,1,6,1
"42019","201001ZD31021",2,9,0,18,0,1,0,0,0,0,1,1,15,1,8,2987,2,2,9,1
"42020","201001ZD31022",1,8,0,5,0,1,0,0,0,0,1,1,15,1,6,1753,2,3,5,1
"42021","201001ZD31022",2,9,0,3,0,1,0,0,0,0,2,1,15,2,6,1975,1,5,8,1
"42022","201001ZD31024",1,9,0,5,0,2,0,0,0,0,2,1,3,2,7,1392,1,11,5,1
"42023","201001ZD31024",2,90,0,3,0,2,0,0,0,0,1,1,15,3,-1,-1,-1,-1,-1,-1
"42024","201001ZD31028",1,9,0,18,0,0,0,0,0,0,1,1,15,3,-1,-1,-1,-1,-1,-1
"42025","201001ZD31029",1,5,0,18,0,8,0,0,0,0,3,1,15,1,6,599,1,3,3,1
"42026","201001ZD31029",2,9,0,9,0,8,0,0,0,0,1,1,15,2,8,1299,1,7,2,1
"42027","201001ZD31030",1,9,0,18,0,8,0,0,0,0,3,1,15,1,-1,1796,1,11,-1,-1
"42028","201001ZD31030",2,9,0,5,0,6,0,0,0,0,1,1,15,1,-1,1781,1,14,-1,-1
"42029","201001ZD31031",1,9,0,18,0,0,0,0,0,0,1,1,15,3,-1,-1,-1,-1,-1,-1
"42030","201001ZD31032",1,9,0,3,0,8,0,0,0,0,2,1,15,2,4,1242,1,3,-1,-1
"42031","201001ZD31032",2,9,0,18,0,8,0,0,0,0,1,1,15,1,-1,-1,-1,-1,-1,-1
"42032","201001ZD31033",1,9,0,18,0,1,0,0,0,0,1,1,15,1,7,1997,2,8,3,1
"42033","201001ZD31034",1,1,0,18,0,8,0,0,0,0,4,1,15,2,7,-1,-1,-1,6,1
"42034","201001ZD31034",2,9,0,16,0,8,0,0,0,0,1,1,15,1,-1,2398,1,12,5,1
"42035","201001ZD31035",1,9,0,10,0,1,0,0,0,0,3,1,15,1,8,2664,2,11,9,1
"42036","201001ZD31035",2,9,0,18,0,1,0,0,0,0,1,1,15,2,5,1598,1,8,5,1
"42037","201001ZD31035",3,9,0,9,0,8,0,0,0,0,4,1,15,1,9,1390,1,8,5,1
"42038","201001ZD31036",1,9,0,18,0,1,0,10,0,0,3,1,15,1,7,1560,2,2,7,3
"42039","201001ZD31036",2,21,0,11,0,1,0,0,0,0,4,1,1,3,-1,11946,2,1,-1,-1
"42040","201001ZD31037",1,19,0,4,0,2,0,0,0,0,2,1,1,1,6,1998,2,9,3,1
"42041","201001ZD31037",2,9,0,18,0,2,0,0,0,0,1,1,1,1,-1,1769,1,8,7,1
"42042","201001ZD31038",1,9,0,18,9,2,0,10,1,0,1,1,15,3,-1,-1,-1,-1,-1,-1
"42043","201001ZD31039",1,9,0,18,0,1,0,0,0,0,4,1,1,1,6,1995,1,1,3,1
"42044","201001ZD31040",1,11,0,18,0,1,0,0,0,0,0,1,1,1,7,9200,2,7,5,1
"42047","201001ZD31042",1,11,0,4,0,8,0,0,0,0,0,1,1,1,7,7300,2,4,3,1
"42048","201001ZD31044",1,9,0,18,0,0,0,0,0,0,1,1,1,1,9,1560,2,1,5,1
"42051","201001ZD31046",1,9,0,18,0,1,0,0,0,0,1,1,15,1,4,1149,1,8,4,1
"42052","201001ZD31046",2,9,0,3,0,1,0,0,0,0,2,1,15,1,5,1599,1,2,4,1
"42053","201001ZD31047",1,9,0,18,0,1,0,0,1,10,1,1,15,1,7,5439,1,7,6,1
"42054","201001ZD31048",1,11,0,18,0,2,0,0,0,0,1,1,15,1,8,4500,2,1,2,1
"42055","201001ZD31049",1,9,0,3,0,0,0,0,0,0,1,1,15,2,7,-1,-1,-1,9,1
"42056","201001ZD31049",2,9,0,1,0,0,0,0,0,0,2,1,15,3,-1,-1,-1,-1,-1,-1
"42057","201001ZD31050",1,11,0,7,0,1,0,0,0,0,2,1,1,1,7,-1,-1,-1,4,1
"42058","201001ZD31050",2,9,0,18,0,1,0,0,0,0,1,1,15,3,-1,1388,1,7,-1,-1
"42059","201001ZD31051",1,9,0,18,0,1,0,0,0,0,1,1,15,1,9,-1,-1,-1,1,1
"42060","201001ZD31053",1,9,0,9,0,5,0,0,0,0,4,1,15,2,9,1242,1,4,9,1
"42061","201001ZD31053",2,9,0,18,0,1,0,0,0,0,1,1,1,1,8,-1,-1,-1,8,1
"42062","201001ZD31054",1,3,0,18,0,2,0,0,0,0,1,1,1,1,5,125,1,1,-1,-1
"42063","201001ZD31055",1,9,0,13,0,8,0,0,0,0,4,1,15,1,5,-1,-1,-1,6,1
"42064","201001ZD31055",2,9,0,9,0,5,0,0,0,0,1,1,15,2,-1,1198,1,2,-1,-1
"42065","201001ZD31058",1,19,0,18,0,0,0,0,0,0,1,1,1,1,6,1998,2,6,3,1
"42066","201001ZD31058",2,9,0,5,0,0,0,0,0,0,1,1,15,2,8,-1,-1,-1,2,1
"42067","201001ZD31059",1,19,0,1,0,2,0,0,0,0,2,1,15,3,-1,-1,-1,-1,-1,-1
"42068","201001ZD31060",1,9,0,9,0,6,0,0,0,0,3,1,15,2,6,-1,-1,-1,10,1
"42069","201001ZD31060",2,11,0,18,0,1,0,0,0,0,1,1,1,1,11,-1,-1,-1,4,1
"42070","201001ZD31061",1,9,0,18,0,0,0,0,0,0,1,1,15,1,7,1597,1,13,2,1
"42071","201001ZD31061",2,9,0,18,0,0,0,0,0,0,1,1,15,2,10,-1,-1,-1,6,1
"42072","201001ZD31063",1,9,0,18,0,8,1,0,0,0,4,1,15,1,4,-1,-1,-1,10,1
"42073","201001ZD31064",1,9,0,9,0,8,0,0,0,0,3,1,1,1,8,2494,1,12,6,1
"42074","201001ZD31064",2,1,0,18,0,8,0,0,0,0,1,1,15,1,8,-1,-1,-1,4,1
"42075","201001ZD31065",1,9,0,9,0,8,0,0,0,0,4,1,15,2,7,2401,2,6,7,1
"42076","201001ZD31065",2,9,0,7,0,8,0,0,0,0,3,1,15,1,-1,1990,5,16,1,1
"42077","201001ZD31066",1,9,0,9,0,8,0,0,0,0,4,1,15,1,5,1400,1,10,5,1
"42078","201001ZD31066",2,9,0,1,0,8,0,0,0,0,2,1,15,1,-1,1597,1,12,-1,-1
"42079","201001ZD31067",1,9,0,1,0,2,0,0,0,0,2,1,15,2,8,2199,1,16,10,1
"42080","201001ZD31068",1,9,0,18,0,3,0,0,1,0,3,1,15,1,8,2792,1,25,3,1
"42081","201001ZD31068",2,9,0,16,0,3,0,0,0,0,1,1,15,1,-1,1794,1,17,-1,-1
"42082","201001ZD31069",1,9,0,3,0,1,0,0,0,0,2,1,15,1,6,1968,2,3,6,1
"42083","201001ZD31069",2,9,0,4,0,1,1,0,0,0,1,1,15,2,6,1242,1,4,5,1
"42084","201001ZD31070",1,9,0,18,0,1,0,0,0,0,3,1,15,1,5,1999,1,2,2,1
"42085","201001ZD31071",1,9,0,18,0,0,1,10,5,6,1,1,15,2,6,1781,1,11,6,1
"42086","201001ZD31072",1,11,0,3,0,1,0,0,0,0,2,1,1,1,8,-1,-1,-1,-1,-1
"42087","201001ZD31072",2,11,0,4,0,1,0,0,0,0,1,1,1,2,8,9200,2,7,6,1
"42088","201001ZD31073",1,9,0,18,0,8,0,0,0,0,3,1,15,2,8,1598,1,10,8,1
"42089","201001ZD31073",2,3,0,18,0,8,0,0,0,0,4,1,15,1,7,-1,-1,-1,6,1
"42090","201001ZD31075",1,19,0,2,0,0,0,0,0,0,3,1,15,2,6,1598,2,2,-1,-1
"42091","201001ZD31075",2,9,0,18,0,0,0,8,0,0,1,1,15,1,5,1597,1,15,8,1
"42092","201001ZD31076",1,9,0,16,0,2,1,10,7,10,3,1,15,2,5,1360,1,8,5,1
"42093","201001ZD31077",1,19,0,4,0,8,1,0,0,0,1,1,1,1,6,2402,2,3,6,1
"42094","201001ZD31077",2,9,0,5,0,8,0,0,0,0,3,1,15,2,-1,1799,1,11,-1,-1
"42095","201001ZD31081",1,9,0,5,0,1,0,0,0,0,1,1,15,1,7,-1,-1,-1,2,1
"42096","201001ZD31084",1,9,0,3,0,2,0,0,0,0,2,1,15,2,7,-1,-1,-1,8,1
"42097","201001ZD31084",2,9,0,9,0,8,0,0,0,0,1,1,15,1,-1,1796,1,10,-1,-1
"42098","201001ZD31085",1,9,0,18,0,8,0,0,0,0,1,1,15,1,7,1997,2,3,8,1
"42099","201001ZD31085",2,9,0,18,0,8,5,0,0,0,3,1,15,1,6,-1,-1,-1,3,1
"42100","201001ZD31086",1,9,0,18,0,0,0,10,7,0,1,1,15,2,7,1870,2,3,-1,-1
"42101","201001ZD31087",1,9,0,17,0,0,0,4,0,0,4,1,15,1,4,2204,2,3,2,1
"42102","201001ZD31087",2,9,0,2,0,0,0,0,0,0,4,1,15,3,-1,1598,1,4,-1,-1
"42103","201001ZD31088",1,9,0,18,0,1,0,0,0,0,1,1,15,1,7,1997,2,9,2,1
"42104","201001ZD31088",2,9,0,9,0,8,0,0,0,0,4,1,15,1,5,1598,1,14,8,1
"42105","201001ZD31089",1,9,0,18,0,0,0,0,0,0,1,1,15,2,7,1968,2,4,10,1
"42106","201001ZD31089",2,9,0,18,0,0,0,0,0,0,1,1,15,3,-1,4999,1,4,-1,-1
"42107","201001ZD31090",1,9,0,18,0,8,0,0,0,0,3,1,15,2,8,1360,1,11,9,1
"42108","201001ZD31090",2,9,0,18,0,8,0,0,0,0,1,1,15,1,-1,1390,1,16,-1,-1
"42109","201001ZD31091",1,11,0,5,0,1,0,0,0,0,0,1,15,1,9,6700,2,-1,4,1
"42110","201001ZD31092",1,11,0,18,0,2,0,10,1,2,1,1,1,1,8,4500,2,3,4,1
"42111","201001ZD31093",1,9,0,2,0,1,0,0,0,0,2,1,15,1,6,2494,1,9,5,1
"42112","201001ZD31093",2,9,0,18,0,1,0,4,0,0,1,1,15,2,-1,2401,2,6,-1,-1
"42113","201001ZD31099",1,9,0,10,0,1,0,0,0,0,2,1,15,1,7,1248,2,1,4,1
"42114","201001ZD31099",2,9,0,18,0,1,0,0,0,0,1,1,15,2,-1,1560,2,-1,-1,-1
"42115","201001ZD31118",1,9,0,4,0,1,0,0,0,0,2,1,15,2,7,2493,1,12,10,1