"","Acc_Index","Vehicle_Reference","Vehicle_Type","Towing_and_Articulation","Vehicle_Manoeuvre","Vehicle_Location.Restricted_Lane","Junction_Location","Skidding_and_Overturning","Hit_Object_in_Carriageway","Vehicle_Leaving_Carriageway","Hit_Object_off_Carriageway","X1st_Point_of_Impact","Was_Vehicle_Left_Hand_Drive","Journey_Purpose_of_Driver","Sex_of_Driver","Age_Band_of_Driver","Engine_Capacity_.CC.","Propulsion_Code","Age_of_Vehicle","Driver_IMD_Decile","Driver_Home_Area_Type"
"205663","201045EP51329",1,19,0,18,0,0,0,4,0,0,1,1,15,1,7,2151,2,7,4,1
"205664","201045EP51329",2,9,0,2,9,0,0,4,0,0,2,1,15,1,9,1298,1,8,3,1
"205665","201045EP51329",3,9,0,2,0,0,0,0,0,0,2,1,15,1,11,-1,-1,-1,-1,-1
"205666","201045EP51380",1,9,0,18,0,1,0,10,3,4,0,1,15,2,10,1360,1,8,6,1
"205667","201045EP51384",1,9,0,18,0,0,0,0,7,0,3,1,15,1,9,1297,1,24,7,1
"205668","201045EP51384",2,9,0,18,0,0,0,0,0,0,3,1,1,1,8,1910,2,2,10,1
"205669","201045EP51426",1,11,0,3,0,1,0,0,0,0,4,1,1,1,8,6700,2,3,4,1
"205670","201045EP51434",1,9,0,16,0,0,5,10,7,10,1,1,15,1,4,1199,1,7,10,1
"205671","201045EP51657",1,9,0,7,0,6,0,0,0,0,1,1,15,2,8,1896,2,11,10,1
"205672","201045EP51657",2,1,0,18,0,2,0,0,0,0,2,1,15,1,8,-1,-1,-1,10,1
"205673","201045EP51697",1,9,0,1,0,6,0,0,0,0,0,1,15,3,-1,-1,-1,-1,-1,-1
"205674","201045EP51697",2,9,0,3,0,1,0,0,0,0,2,1,15,1,9,1587,1,7,10,1
"205675","201045EP51697",3,9,0,3,0,1,0,0,0,0,2,1,15,1,4,-1,-1,-1,5,1
"205676","201045EP51697",4,9,0,3,0,1,0,0,0,0,2,1,15,1,6,1989,1,10,7,1
"205677","201045EP51697",5,9,0,18,0,1,0,0,0,0,1,1,15,2,9,1396,1,1,-1,-1
"205678","201045EP51918",1,3,0,13,0,0,0,0,0,0,4,1,2,1,4,124,1,9,4,1
"205679","201045EP51918",2,9,0,4,0,0,0,0,0,0,3,1,15,1,-1,-1,-1,-1,-1,-1
"205680","201045EP51935",1,4,0,4,0,0,0,0,0,0,1,1,1,1,6,125,1,-1,4,1
"205681","201045EP51935",2,9,0,4,0,0,0,0,0,0,2,1,15,1,-1,1796,1,11,5,1
"205683","201045EP52021",1,9,0,18,0,0,0,0,0,0,1,1,2,1,7,1598,1,12,3,1
"205684","201045EP52021",2,1,0,18,0,0,0,0,1,0,2,1,2,1,7,-1,-1,-1,10,1
"205685","201045EP52085",1,3,0,4,0,8,0,0,0,0,0,1,1,1,6,124,1,5,9,1
"205686","201045EP52177",1,9,0,3,0,1,0,0,0,0,2,1,1,2,-1,3342,1,3,9,1
"205687","201045EP52177",2,9,0,3,0,1,0,0,0,0,1,1,1,2,7,1199,1,10,-1,-1
"205688","201045EP52177",3,19,0,3,0,1,0,0,0,0,1,1,1,1,-1,2488,2,3,5,1
"205689","201045EP52179",1,1,0,18,0,8,0,0,0,0,1,1,2,1,7,-1,-1,-1,5,1
"205690","201045EP52179",2,9,0,18,0,4,0,0,0,0,3,1,15,1,-1,-1,-1,-1,10,1
"205691","201045EP52321",1,9,0,18,0,3,0,0,0,0,1,1,15,2,4,1124,1,8,10,1
"205692","201045EP52321",2,9,0,9,0,3,0,0,0,0,1,1,15,1,7,1796,1,13,9,1
"205693","201045EP52386",1,19,0,18,0,1,0,0,0,0,1,1,15,1,7,1995,2,3,9,1
"205694","201045EP52386",2,9,0,3,0,1,0,0,0,0,1,1,15,1,7,1795,1,12,9,1
"205695","201045EP52386",3,9,0,3,0,1,0,0,0,0,2,1,15,1,7,1796,1,7,7,1
"205696","201045EP52393",1,1,0,18,0,1,0,0,0,0,4,1,15,1,3,-1,-1,-1,4,1
"205697","201045EP52393",2,9,0,18,0,8,0,0,0,0,1,1,15,2,9,2597,1,8,6,1
"205698","201045EP52431",1,1,0,18,0,2,0,0,0,0,3,1,15,2,4,-1,-1,-1,9,3
"205699","201045EP52431",2,19,0,18,0,2,0,0,0,0,3,1,15,3,-1,-1,-1,-1,-1,-1
"205700","201045EP52530",1,2,0,4,0,1,0,0,0,0,1,1,15,1,4,49,1,-1,8,1
"205701","201045EP52530",2,9,0,4,0,1,0,0,0,0,1,1,15,1,-1,2183,2,-1,10,1
"205702","201045EP52613",1,9,0,5,0,2,0,0,0,0,1,1,15,1,6,1783,1,14,7,1
"205703","201045EP52613",2,1,0,18,0,1,0,0,0,0,2,1,15,1,7,-1,-1,-1,4,1
"205704","201045EP52738",1,9,0,5,9,8,0,0,0,0,1,1,15,2,6,599,1,8,6,1
"205705","201045EP52738",2,1,0,18,9,8,0,0,0,0,1,1,15,1,2,-1,-1,-1,9,1
"205706","201045EP52762",1,9,0,18,0,0,5,0,0,0,1,1,2,1,6,1587,1,10,4,1
"205707","201045EP52762",2,9,0,2,0,0,0,0,0,0,3,1,15,2,7,2438,1,15,4,1
"205708","201045EP52762",3,9,0,2,0,0,0,0,0,0,3,1,15,1,7,1984,1,5,4,1
"205709","201045EP52786",1,9,0,18,0,0,0,0,0,0,4,1,15,2,6,1349,1,11,7,1
"205710","201045EP52786",2,9,0,2,0,0,0,0,0,0,2,1,15,1,6,1769,1,10,10,1
"205711","201045EP52837",1,9,0,18,0,0,1,0,0,0,1,1,15,2,4,1299,1,2,9,1
"205712","201045EP52837",2,9,0,18,0,0,0,7,1,10,1,1,15,1,9,1769,1,7,8,1
"205713","201045EP52852",1,4,0,18,0,1,1,0,0,0,3,1,2,1,5,348,1,14,4,1
"205714","201045EP52852",2,9,0,13,0,1,0,0,0,0,4,1,15,3,-1,-1,-1,-1,-1,-1
"205715","201045EP52879",1,9,0,7,0,0,0,0,0,0,4,1,15,1,9,1850,1,9,9,1
"205716","201045EP52879",2,5,0,18,0,0,0,0,0,0,1,1,15,1,6,798,1,3,7,1
"205717","201045EP53118",1,9,0,6,0,0,0,0,0,0,4,1,15,1,5,1598,1,8,8,1
"205718","201045EP53118",2,9,0,13,0,0,1,0,0,0,1,1,15,1,8,1391,1,13,7,1
"205719","201045EP53180",1,9,0,18,0,1,0,0,0,0,2,1,1,1,7,-1,-1,-1,9,1
"205720","201045EP53180",2,9,0,18,0,5,0,0,0,0,1,1,15,1,8,1598,1,3,9,1
"205721","201045EP53236",1,9,0,4,0,1,0,0,0,0,2,1,15,1,4,1783,1,10,3,1
"205722","201045EP53236",2,9,0,18,0,1,0,0,0,0,1,1,15,2,8,1299,1,7,8,1
"205723","201045EP53236",3,9,0,7,0,5,0,0,0,0,0,1,15,3,-1,-1,-1,-1,-1,-1
"205724","201045EP53477",1,3,0,9,0,8,0,0,0,0,3,1,2,1,6,125,1,1,10,1
"205725","201045EP53477",2,9,0,9,0,8,0,0,0,0,4,1,15,3,-1,-1,-1,-1,-1,-1
"205726","201045EP53726",1,9,0,18,0,6,0,0,0,0,1,1,15,1,10,1796,1,6,10,1
"205727","201045EP53781",1,9,0,18,0,0,0,0,0,0,1,1,15,2,8,2290,1,11,8,1
"205728","201045EP53849",1,9,0,18,0,1,0,0,0,0,1,1,15,2,9,1242,1,12,-1,-1
"205729","201045EP53849",2,9,0,9,0,1,0,0,0,0,3,1,15,2,11,1086,1,4,10,1
"205730","201045EP53881",1,5,0,4,0,1,0,0,0,0,1,1,15,1,5,499,1,12,2,1
"205731","201045EP53881",2,9,0,4,0,1,0,0,0,0,2,1,15,2,6,1461,2,4,10,1
"205734","201045EP54164",1,9,0,9,0,1,0,0,0,0,1,1,2,1,6,1198,1,1,9,1
"205735","201045EP54164",2,9,0,18,0,1,1,0,1,10,1,1,2,2,6,1199,1,7,4,1
"205736","201045EP54282",1,9,0,7,0,4,0,0,0,0,1,1,2,1,4,1242,1,10,10,1
"205737","201045EP54282",2,1,0,18,0,8,0,0,0,0,1,1,15,1,8,-1,-1,-1,7,1
"205738","201045EP54323",1,9,0,18,0,1,1,0,0,0,2,1,15,1,4,1199,1,8,8,1
"205739","201045EP54323",2,9,0,9,0,2,1,0,1,0,0,1,15,1,9,1997,2,1,10,1
"205740","201045EP54453",1,4,0,18,0,0,0,0,0,0,4,1,15,1,5,125,1,5,-1,-1
"205741","201045EP54453",2,9,0,3,0,0,0,0,0,0,3,1,15,1,7,-1,-1,-1,3,1
"205742","201045EP54454",1,9,0,17,0,0,0,0,2,10,1,1,15,1,-1,1242,1,6,10,1
"205743","201045EP54562",1,1,0,18,9,1,0,0,0,0,1,1,15,1,4,-1,-1,-1,9,1
"205744","201045EP54562",2,9,0,18,9,6,0,0,0,0,4,1,15,2,6,1975,1,5,10,1
"205745","201045EP54577",1,9,0,16,0,3,0,0,0,0,3,1,15,1,8,1998,2,2,6,1
"205746","201045EP54577",2,9,0,16,0,8,0,7,1,10,1,1,15,2,11,1299,1,15,9,1
"205747","201045EP54583",1,9,0,9,0,8,0,0,0,0,1,1,2,1,6,1796,1,5,8,1
"205748","201045EP54583",2,1,0,18,0,8,0,0,0,0,1,1,15,1,7,-1,-1,-1,8,1
"205751","201045EP54711",1,9,0,4,0,1,0,0,0,0,1,1,15,1,7,-1,-1,-1,5,1
"205752","201045EP54711",2,9,0,3,0,1,0,0,0,0,2,1,15,2,11,1364,1,3,-1,-1
"205755","201045EP54765",1,9,0,18,0,1,0,0,0,0,1,1,15,1,10,2143,2,1,10,1
"205756","201045EP54765",2,9,0,18,0,1,0,0,0,0,3,1,15,1,10,1992,2,4,8,1
"205757","201045EP54791",1,9,0,18,0,1,0,0,0,0,2,1,15,1,10,1781,1,8,5,1
"205758","201045EP54791",2,9,0,18,0,1,0,0,0,0,1,1,15,1,10,1997,2,8,8,1
"205759","201045EP54970",1,9,0,9,0,8,0,0,0,0,1,1,15,2,9,1242,1,10,10,1
"205760","201045EP54970",2,1,0,18,0,8,0,0,0,0,4,1,15,1,-1,-1,-1,-1,4,1
"205761","201045EP54984",1,9,0,9,0,2,1,0,0,0,1,1,15,1,6,1998,1,12,6,1
"205762","201045EP54984",2,9,0,9,0,2,0,0,0,0,3,1,15,1,8,1984,1,3,8,1
"205763","201045EP54987",1,9,0,18,0,1,0,0,0,0,1,1,15,2,6,1120,1,12,4,1
"205764","201045EP55012",1,19,0,18,0,1,0,0,0,0,1,1,15,1,7,2494,2,3,4,1
"205765","201045EP55012",2,9,0,18,0,1,0,0,0,0,1,1,15,1,6,1968,2,2,6,1
"205766","201045EP55013",1,9,0,9,0,2,0,0,0,0,4,1,2,1,5,1149,1,8,10,1
"205767","201045EP55013",2,3,0,13,0,1,0,0,0,0,1,1,2,1,5,125,1,-1,7,1
"205768","201045EP55019",1,9,0,18,0,8,0,0,0,0,1,1,15,2,6,999,1,11,9,1
"205769","201045EP55019",2,9,0,4,0,2,0,0,0,0,2,1,15,1,8,1998,1,8,10,1
"205770","201045EP55041",1,9,0,4,0,0,0,0,0,0,1,1,15,1,9,1686,2,6,10,1
"205771","201045EP55041",2,9,0,3,0,0,0,0,0,0,2,1,15,1,6,1975,1,4,6,1
"205772","201045EP55041",3,9,0,10,0,0,0,0,0,0,2,1,15,2,8,999,1,10,10,1
"205773","201045EP55154",1,3,0,18,0,1,1,0,0,0,1,1,1,1,4,-1,-1,-1,4,1
"205774","201045EP55154",2,3,0,18,0,1,0,0,0,0,1,1,15,3,-1,-1,-1,-1,-1,-1
"205778","201045EP55389",1,9,0,18,9,0,0,0,7,2,3,1,15,1,5,1896,2,3,8,1
"205779","201045EP55461",1,9,0,7,0,6,0,0,0,0,1,1,2,1,6,3490,1,7,4,1
"205780","201045EP55461",2,1,0,18,0,8,0,0,0,0,1,1,1,1,7,-1,-1,-1,9,1
"205781","201045EP55495",1,9,0,18,0,0,1,0,7,10,1,1,15,2,4,1390,1,7,10,1
"205782","201045EP55495",2,9,0,2,0,0,0,0,0,0,4,1,15,2,8,1999,1,5,10,1
"205783","201045EP55495",3,9,0,2,0,0,0,0,0,0,1,1,15,2,7,1796,1,6,10,1
"205784","201045EP55495",4,19,0,2,0,0,0,0,0,0,1,1,15,1,5,1753,2,8,10,1
"205785","201045EP55500",1,9,0,18,0,4,0,10,1,1,1,1,15,2,6,1299,1,12,7,1
"205786","201045EP55727",1,1,0,9,0,2,0,0,0,0,3,1,15,1,10,-1,-1,-1,8,1
"205787","201045EP55879",1,9,0,5,0,0,0,0,0,0,2,1,2,1,7,2488,2,4,10,1
"205788","201045EP55879",2,9,0,5,0,0,0,0,0,0,1,1,2,2,6,1781,1,14,10,1
"205789","201045EP55879",3,9,0,5,0,0,0,0,0,0,1,1,15,1,8,1360,1,4,9,1
"205790","201045EP55879",4,9,0,5,0,0,0,0,0,0,1,1,15,1,9,1199,1,8,8,1
"205791","201045EP55895",1,9,0,18,0,0,0,0,1,4,4,1,15,2,9,998,1,9,10,1
"205792","201045EP55913",1,1,0,18,0,1,0,0,0,0,4,1,1,1,7,-1,-1,-1,10,1
"205793","201045EP55913",2,9,0,10,0,2,0,0,0,0,4,1,15,1,-1,-1,-1,-1,10,1
"205794","201045EP56111",1,9,0,18,0,1,0,10,1,2,1,1,15,1,8,2324,1,11,6,1
"205795","201045EP56112",1,9,0,9,0,0,0,0,0,0,1,1,1,1,6,-1,-1,-1,5,1
"205796","201045EP56112",2,9,0,18,0,0,0,0,1,10,4,1,15,2,8,1242,1,5,10,1
"205797","201045EP56124",1,9,0,18,0,1,0,0,0,0,1,1,15,1,4,973,1,12,10,1
"205798","201045EP56124",2,9,0,2,0,2,0,0,0,0,2,1,15,1,8,1834,1,7,9,1
"205799","201045EP56177",1,9,0,18,0,2,0,0,0,0,2,1,2,2,5,1598,1,13,6,1
"205800","201045EP56177",2,9,0,18,0,2,0,0,0,0,1,1,15,1,-1,5461,1,4,10,1
"205801","201045EP56208",1,9,0,10,0,1,0,0,0,0,4,1,15,1,5,1396,1,11,8,3
"205802","201045EP56208",2,9,0,18,0,1,0,0,0,0,3,1,1,1,7,2993,2,2,10,1
"205807","201045EP56585",1,9,0,18,0,0,0,0,0,0,1,1,15,1,7,1910,2,2,8,1
"205808","201045EP56698",1,9,0,18,0,8,1,0,0,0,1,1,15,1,7,2495,2,15,4,1
"205809","201045EP56698",2,9,0,18,0,8,0,0,0,0,0,1,15,1,6,2987,2,-1,10,1
"205810","201045EP56698",3,9,0,9,0,8,0,0,0,0,0,1,15,1,-1,-1,-1,-1,-1,-1
"205811","201045EP56698",4,9,0,18,0,8,0,0,0,0,1,1,15,1,11,1339,1,1,10,1
"205812","201045EP56805",1,9,0,18,0,1,0,0,0,0,1,1,15,2,7,1898,1,8,10,1
"205813","201045EP56805",2,9,0,18,0,1,0,0,0,0,1,1,15,1,11,2685,2,5,10,3
"205814","201045EP56904",1,9,0,18,0,3,0,0,1,0,0,1,15,1,8,2324,1,11,10,1
"205815","201045EP56904",2,9,0,18,0,6,0,0,0,0,0,1,15,2,4,998,1,9,9,1
"205816","201045EP57035",1,9,0,18,0,0,0,0,0,0,0,1,15,2,4,998,1,2,6,1
"205817","201045EP57044",1,9,0,18,0,1,0,0,0,0,1,1,15,1,9,1124,1,16,7,1
"205818","201045EP57153",1,9,0,4,0,1,0,0,0,0,1,1,15,2,9,2495,2,15,-1,-1
"205819","201045EP57153",2,19,0,4,0,1,1,0,0,0,2,1,1,1,5,1870,2,6,7,1
"207382","201045RE47816",1,9,0,18,0,1,1,0,1,2,1,1,15,2,5,1124,1,13,3,1
"207383","201045RE47816",2,9,0,18,0,1,0,0,0,0,1,1,15,2,6,1360,1,8,7,1
"207384","201045RE47816",3,9,0,18,0,1,0,0,0,0,3,1,15,2,-1,2902,2,6,3,1
"207491","201045RE49126",1,9,0,9,0,1,0,0,1,7,1,1,15,1,11,1390,1,3,9,1
"207696","201045RE51104",1,9,0,4,0,1,0,0,0,0,2,1,15,1,8,1896,2,6,-1,-1
"207697","201045RE51104",2,9,0,4,0,1,0,0,0,0,1,1,15,2,5,1360,1,5,7,1
"207751","201045RE51575",1,9,0,17,0,0,0,0,0,0,1,1,15,1,8,1335,1,27,9,1
"207865","201045RE52459",1,9,0,18,0,0,0,10,7,2,1,1,15,1,10,1796,1,5,10,1
"208062","201045RE54873",1,19,0,18,0,1,1,0,0,0,1,1,2,1,8,1896,2,14,9,1
"208063","201045RE54873",2,9,0,9,0,1,0,0,0,0,2,1,15,2,9,1990,1,17,10,1
"209306","201045SP52996",1,4,0,10,0,1,0,0,0,0,2,1,2,2,6,124,1,4,9,1
"209307","201045SP52996",2,9,0,18,0,1,0,0,0,0,1,1,2,2,-1,1896,2,5,8,1
"209333","201045SP53396",1,9,0,16,0,1,0,0,0,0,4,1,15,1,8,1124,1,9,7,1
"1039","201101CP00001",1,5,0,5,0,2,0,0,0,0,1,1,2,2,6,781,1,11,7,1
"1040","201101CP00001",2,19,0,5,0,2,0,0,0,0,4,1,1,1,7,4461,2,2,-1,-1
"1041","201101CP00002",1,9,0,18,0,0,0,0,0,0,1,1,6,2,5,1598,1,10,10,1
"1042","201101CP00003",1,9,0,18,0,1,0,0,0,0,1,1,1,1,8,1796,1,10,2,1
"1043","201101CP00004",1,8,0,6,0,8,0,0,0,0,4,1,1,1,8,2180,2,14,3,1
"1044","201101CP00004",2,9,0,5,0,8,0,0,0,0,1,1,6,1,6,1242,1,14,10,1
"1045","201101CP00005",1,9,0,9,0,8,0,0,0,0,1,1,6,1,6,1797,8,1,2,1
"1046","201101CP00006",1,3,0,18,2,8,0,0,0,0,1,1,6,1,5,124,1,5,2,1
"1047","201101CP00006",2,8,0,9,0,5,0,0,0,0,4,1,1,1,6,2664,2,12,-1,-1
"1048","201101CP00008",1,8,0,9,0,5,0,0,0,0,4,1,1,1,8,1968,2,5,7,1
"1049","201101CP00008",2,3,0,15,0,8,0,0,0,0,1,1,2,1,4,124,1,6,3,1
"1050","201101CP00009",1,20,0,6,0,0,0,0,0,0,0,1,1,1,7,-1,-1,-1,7,1
"1051","201101CP00009",2,3,0,3,0,0,1,0,0,0,0,1,6,2,7,124,1,3,1,1
"1052","201101CP00010",1,3,0,18,0,8,0,0,0,0,1,1,6,2,7,49,1,12,1,1
"1053","201101CP00011",1,9,0,9,0,8,0,0,0,0,1,1,6,1,9,2393,1,9,2,1
"1054","201101CP00011",2,1,0,18,0,8,0,0,0,0,1,1,6,1,7,-1,-1,-1,2,1
"1055","201101CP00012",1,19,0,1,0,6,0,0,0,0,3,1,6,1,8,1753,2,7,2,1
"1056","201101CP00012",2,5,0,18,0,8,0,0,0,0,1,1,6,1,9,650,1,28,4,1
"1057","201101CP00013",1,9,0,18,0,8,0,10,7,5,1,1,6,1,5,1390,1,4,10,1
"1058","201101CP00014",1,8,0,6,0,0,0,0,0,0,4,1,1,1,8,2402,2,8,9,1
"1059","201101CP00014",2,5,0,18,0,0,0,0,0,0,1,1,6,1,8,849,1,13,2,1
"1060","201101CP00016",1,9,0,13,0,0,0,0,0,0,4,1,6,2,9,-1,-1,-1,3,1
"1061","201101CP00016",2,1,0,18,0,0,0,0,0,0,3,1,6,2,9,-1,-1,-1,3,1
"1062","201101CP00017",1,21,0,7,0,8,0,0,0,0,4,1,1,1,5,5880,2,5,1,1
"1063","201101CP00017",2,1,0,18,0,6,0,0,0,0,1,1,6,1,5,-1,-1,-1,-1,-1
"1064","201101CP00018",1,3,0,13,0,8,0,0,0,0,4,1,6,1,4,125,1,4,4,1
"1065","201101CP00018",2,19,0,12,0,8,0,0,0,0,3,1,2,1,7,-1,-1,-1,5,1
"1066","201101CP00019",1,11,0,18,0,0,0,0,0,0,1,1,1,1,9,8268,2,7,1,1
"1067","201101CP00020",1,5,0,18,0,0,0,0,0,0,1,1,6,1,6,656,1,5,9,1
"1068","201101CP00024",1,1,0,18,0,8,0,0,0,0,3,1,6,1,7,-1,-1,-1,5,1
"1069","201101CP00024",2,19,0,9,0,5,0,0,0,0,1,1,6,1,9,-1,-1,-1,5,1
"1070","201101CP00025",1,9,0,6,0,8,0,0,0,0,1,1,6,1,6,1781,1,11,2,1
"1071","201101CP00025",2,1,0,18,0,8,0,0,0,0,1,1,6,2,6,-1,-1,-1,2,1
"1072","201101CP00026",1,11,0,5,0,0,0,0,0,0,0,1,1,1,8,-1,-1,-1,1,1
"1073","201101CP00030",1,9,0,5,0,1,0,0,0,0,4,1,6,1,6,2993,2,5,3,1
"1074","201101CP00030",2,1,0,3,0,1,0,0,0,0,3,1,6,1,5,-1,-1,-1,3,1
"1075","201101CP00031",1,19,0,18,0,0,0,0,0,0,1,1,1,2,6,1998,2,6,-1,-1
"1076","201101CP00031",2,21,0,3,0,0,0,0,0,0,2,1,1,1,9,8970,2,12,4,1
"1077","201101CP00032",1,8,0,3,0,1,0,0,0,0,4,1,1,1,8,2402,2,5,9,1
"1078","201101CP00032",2,1,0,18,4,1,0,0,0,0,1,1,2,1,8,-1,-1,-1,1,1
"1079","201101CP00033",1,9,0,4,0,1,0,0,0,0,2,1,6,1,6,1896,2,7,-1,-1
"1080","201101CP00033",2,5,0,18,0,1,0,0,0,0,1,1,2,1,7,742,1,18,10,1
"1081","201101CP00034",1,11,0,18,0,0,0,0,0,0,4,1,1,3,-1,-1,-1,-1,-1,-1
"1082","201101CP00036",1,1,0,18,0,1,0,0,0,0,3,1,2,1,6,-1,-1,-1,2,1
"1083","201101CP00036",2,8,0,11,0,1,0,0,0,0,4,1,1,3,-1,-1,-1,-1,-1,-1
"1084","201101CP00038",1,1,0,18,0,0,0,0,0,0,3,1,2,2,-1,-1,-1,-1,3,1
"1086","201101CP00042",1,5,0,14,0,2,0,0,0,0,4,1,6,1,6,675,1,3,3,1
"1087","201101CP00042",2,9,0,3,0,2,0,0,0,0,3,1,1,1,7,1910,2,5,3,1
"1088","201101CP00042",3,9,0,3,0,2,0,0,0,0,4,1,1,1,9,-1,-1,-1,3,1
"1089","201101CP00043",1,19,0,14,0,8,0,0,0,0,1,1,1,1,7,2151,2,8,1,1
"1090","201101CP00043",2,1,0,18,0,8,0,0,0,0,1,1,6,1,6,-1,-1,-1,6,1
"1091","201101CP00044",1,9,0,7,0,6,0,0,0,0,3,1,6,2,5,-1,-1,-1,6,1
"1092","201101CP00044",2,11,0,18,0,1,0,0,0,0,1,1,1,1,7,-1,2,9,2,1
"1093","201101CP00045",1,9,0,12,0,0,0,0,0,0,3,1,6,2,4,1242,1,1,2,1
"1094","201101CP00045",2,9,0,18,0,0,0,0,0,0,4,1,1,1,6,-1,-1,-1,4,1
"1095","201101CP00046",1,9,0,13,0,0,0,7,0,0,4,1,6,2,7,1598,1,9,7,1
"1096","201101CP00046",2,90,0,18,0,0,0,0,0,0,3,1,1,1,9,-1,-1,-1,2,1
"1097","201101CP00047",1,4,0,18,0,2,0,0,0,0,4,1,6,1,6,-1,-1,-1,2,1
"1098","201101CP00048",1,19,0,15,0,0,0,0,0,0,4,1,1,1,9,1995,2,3,9,1
"1099","201101CP00048",2,1,0,18,0,0,0,0,0,0,3,1,6,2,7,-1,-1,-1,2,1
"1100","201101CP00049",1,1,0,18,0,8,0,0,0,0,1,1,2,1,7,-1,-1,-1,5,1
"1101","201101CP00049",2,8,0,9,0,8,0,0,0,0,4,1,1,1,-1,2402,2,7,5,1
"1102","201101CP00050",1,90,0,6,0,0,0,0,0,0,1,1,1,1,9,-1,-1,-1,5,1
"1103","201101CP00050",2,1,0,18,0,0,0,0,0,0,1,1,2,2,9,-1,-1,-1,-1,-1
"1104","201101CP00051",1,1,0,18,0,8,0,0,0,0,1,1,6,1,7,-1,-1,-1,3,1
"1105","201101CP00052",1,4,0,18,0,2,0,0,0,0,1,1,6,1,8,249,1,3,4,1
"1106","201101CP00053",1,19,0,18,0,8,0,0,0,0,4,1,1,1,7,2461,2,9,3,1
"1107","201101CP00053",2,1,0,18,0,8,0,0,0,0,3,1,2,1,7,-1,-1,-1,1,1
"1108","201101CP00054",1,5,0,18,0,1,0,0,0,0,2,1,6,1,7,660,1,5,5,1
"1109","201101CP00054",2,8,0,11,0,1,0,0,0,0,1,1,1,1,8,-1,-1,-1,4,1
"1110","201101CP00055",1,3,0,9,0,8,1,0,0,0,0,1,6,2,7,124,1,6,2,1
"1111","201101CP00056",1,1,0,17,0,0,0,0,0,0,3,1,6,1,6,-1,-1,-1,8,1
"1112","201101CP00056",2,9,0,17,0,0,0,0,0,0,4,1,6,1,6,-1,-1,-1,10,1
"1113","201101CP00057",1,1,0,18,0,8,0,0,0,0,1,1,6,1,6,-1,-1,-1,2,1
"1114","201101CP00057",2,9,0,9,0,8,0,0,0,0,4,1,6,1,6,998,1,1,8,1
"1115","201101CP00058",1,1,0,18,0,0,0,0,0,0,1,1,6,1,6,-1,-1,-1,2,1
"1116","201101CP00058",2,8,0,6,0,0,0,0,0,0,3,1,6,1,8,2664,2,11,4,1
"1117","201101CP00059",1,1,0,18,0,1,0,0,0,0,1,1,6,1,7,-1,-1,-1,4,1
"1118","201101CP00060",1,19,0,9,0,8,0,0,0,0,1,1,6,1,7,1587,1,1,7,1
"1119","201101CP00060",2,4,0,14,0,8,0,0,0,0,4,1,6,1,7,176,1,8,9,1
"1120","201101CP00061",1,9,0,18,0,8,0,0,0,0,1,1,6,1,8,1997,1,8,1,1
"1121","201101CP00061",2,21,0,7,0,8,0,0,0,0,2,1,1,1,8,11705,2,7,10,1
"1122","201101CP00062",1,19,0,9,0,8,0,0,0,0,1,1,6,1,6,1998,1,12,5,1
"1123","201101CP00062",2,1,0,18,0,8,0,0,0,0,1,1,6,2,6,-1,-1,-1,4,1
"1124","201101CP00063",1,9,0,9,0,8,0,0,0,0,4,1,6,1,8,1991,1,13,6,1
"1125","201101CP00063",2,3,0,18,0,8,0,0,0,0,1,1,6,1,6,125,1,2,4,1
"1126","201101CP00064",1,5,0,4,0,8,1,0,0,0,0,1,6,1,7,636,1,9,5,1
"1127","201101CP00064",2,19,0,7,0,8,0,0,0,0,0,1,6,1,6,2198,2,2,7,1
"1128","201101CP00065",1,8,0,18,0,8,0,0,0,0,3,1,1,1,7,2499,2,1,10,1
"1129","201101CP00065",2,1,0,18,0,8,0,0,0,0,1,1,6,2,6,-1,-1,-1,2,1
"1131","201101CP00067",1,9,0,4,0,0,0,0,0,0,2,1,6,2,6,3179,1,6,6,1
"1132","201101CP00067",2,9,0,4,0,0,0,0,0,0,1,1,6,1,8,1998,1,11,2,1
"1133","201101CP00068",1,1,0,18,2,0,0,0,0,0,1,1,6,1,5,-1,-1,-1,5,1
"1136","201101CP00071",1,9,0,4,0,1,0,0,0,0,2,1,1,1,7,2180,2,15,5,1
"1137","201101CP00071",2,21,0,4,0,1,0,0,0,0,1,1,1,1,7,12900,2,3,2,1
"1138","201101CP00072",1,9,0,2,0,0,0,4,0,0,2,1,6,1,-1,1998,1,10,2,1
"1139","201101CP00072",2,1,0,18,0,0,0,0,0,0,1,1,6,1,-1,-1,-1,-1,-1,-1
"1140","201101CP00073",1,8,0,5,0,0,0,0,0,0,3,1,1,1,5,2402,2,9,7,1
"1141","201101CP00073",2,2,0,18,0,0,0,0,0,0,4,1,2,2,6,49,1,3,4,1
"1142","201101CP00074",1,5,0,18,0,0,1,10,7,10,1,1,6,1,7,675,1,1,8,1