"","Acc_Index","Vehicle_Reference","Vehicle_Type","Towing_and_Articulation","Vehicle_Manoeuvre","Vehicle_Location.Restricted_Lane","Junction_Location","Skidding_and_Overturning","Hit_Object_in_Carriageway","Vehicle_Leaving_Carriageway","Hit_Object_off_Carriageway","X1st_Point_of_Impact","Was_Vehicle_Left_Hand_Drive","Journey_Purpose_of_Driver","Sex_of_Driver","Age_Band_of_Driver","Engine_Capacity_.CC.","Propulsion_Code","Age_of_Vehicle","Driver_IMD_Decile","Driver_Home_Area_Type"
"1143","201101CP00075",1,11,0,3,0,0,0,0,0,0,0,1,1,1,8,-1,2,12,4,1
"1144","201101CP00076",1,9,0,9,0,8,0,0,0,0,4,1,6,1,7,1796,1,4,10,2
"1145","201101CP00076",2,1,0,15,0,8,0,0,0,0,1,1,6,1,6,-1,-1,-1,3,1
"1146","201101CP00077",1,3,0,18,0,0,0,0,0,0,1,1,6,2,6,124,1,5,3,1
"1147","201101CP00078",1,8,0,2,0,0,0,0,0,0,3,1,1,1,7,1896,2,8,6,1
"1148","201101CP00078",2,1,0,14,0,0,0,4,0,0,1,1,6,1,6,-1,-1,-1,1,1
"1149","201101CP00079",1,9,0,9,0,8,0,0,0,0,1,1,6,2,6,1364,1,4,3,1
"1150","201101CP00079",2,4,0,18,0,8,0,0,0,0,4,1,6,1,7,499,1,5,2,1
"1151","201101CP00081",1,1,0,18,0,8,0,0,0,0,1,1,6,1,6,-1,-1,-1,5,1
"1152","201101CP00081",2,9,0,9,0,8,0,0,0,0,4,1,6,1,-1,2460,2,4,8,1
"1153","201101CP00082",1,1,0,16,0,8,0,0,0,0,3,1,6,2,7,-1,-1,-1,6,1
"1154","201101CP00082",2,3,0,16,0,8,0,0,0,0,4,1,6,3,-1,-1,-1,-1,-1,-1
"1155","201101CP00083",1,19,0,5,0,1,0,0,0,0,4,1,6,1,6,2402,2,7,8,1
"1156","201101CP00083",2,1,0,18,0,1,0,0,0,0,3,1,6,2,-1,-1,-1,-1,-1,-1
"1157","201101CP00084",1,19,0,9,0,8,0,0,0,0,4,1,6,1,8,1896,2,4,-1,-1
"1158","201101CP00084",2,11,0,9,0,8,0,0,0,0,3,1,1,1,8,6692,2,1,6,1
"1159","201101CP00085",1,3,0,9,0,2,0,0,0,0,1,1,6,1,5,125,1,1,2,1
"1160","201101CP00086",1,5,0,18,0,0,0,0,0,0,4,1,1,1,7,-1,-1,-1,10,1
"1161","201101CP00087",1,11,0,4,0,2,0,0,0,0,4,1,6,1,8,-1,-1,-1,4,1
"1162","201101CP00088",1,1,0,18,0,8,0,0,0,0,1,1,6,1,8,-1,-1,-1,5,1
"1163","201101CP00088",2,9,0,7,0,8,0,0,0,0,2,1,6,1,-1,5748,1,6,10,1
"1164","201101CP00089",1,4,0,18,0,1,0,0,0,0,1,1,6,3,-1,-1,-1,-1,-1,-1
"1165","201101CP00090",1,9,0,1,0,1,0,0,0,0,2,1,6,1,7,1797,8,1,2,1
"1166","201101CP00091",1,9,0,18,0,0,0,0,0,0,4,1,1,1,7,-1,-1,-1,10,1
"1168","201101CP00093",1,9,0,9,0,8,0,0,0,0,1,1,6,2,6,1086,1,6,8,1
"1169","201101CP00093",2,1,0,18,0,8,0,0,0,0,4,1,6,2,6,-1,-1,-1,3,1
"1170","201101CP00094",1,9,0,12,0,0,0,0,0,0,3,1,6,1,8,-1,-1,-1,6,1
"1171","201101CP00094",2,1,0,18,0,0,0,0,0,0,4,1,6,1,7,-1,-1,-1,2,1
"1172","201101CP00095",1,9,0,18,0,8,0,0,0,0,3,1,6,2,6,1587,1,3,1,1
"1173","201101CP00095",2,9,0,18,0,8,0,0,0,0,1,1,6,1,7,1984,1,9,4,1
"1174","201101CP00096",1,8,0,9,0,8,0,0,0,0,3,1,6,1,9,2402,2,9,7,1
"1175","201101CP00096",2,1,0,18,0,8,0,0,0,0,1,1,6,1,8,-1,-1,-1,5,1
"1176","201101CP00097",1,21,0,7,0,8,0,0,0,0,1,1,6,1,7,11705,2,8,4,2
"1177","201101CP00097",2,1,0,15,0,8,0,0,0,0,1,1,6,2,5,-1,-1,-1,2,1
"1178","201101CP00098",1,9,0,18,0,2,0,0,0,0,1,1,6,3,-1,1360,1,6,-1,-1
"1179","201101CP00099",1,8,0,6,0,1,0,0,0,0,3,1,6,1,-1,-1,-1,-1,9,1
"1180","201101CP00099",2,3,0,13,0,1,0,0,0,0,1,1,6,2,6,-1,-1,-1,7,1
"1181","201101CP00100",1,8,0,18,0,8,0,0,0,0,4,1,1,1,8,2402,2,5,7,1
"1182","201101CP00100",2,1,0,9,0,8,0,0,0,0,3,1,6,2,4,-1,-1,-1,1,1
"1183","201101CP00102",1,9,0,18,0,2,0,0,0,0,4,1,6,1,7,2496,1,6,9,1
"1184","201101CP00102",2,1,0,15,0,2,0,0,0,0,3,1,6,1,9,-1,-1,-1,-1,-1
"1185","201101CP00103",1,8,0,9,0,2,0,0,0,0,1,1,1,1,7,2499,2,3,8,1
"1186","201101CP00103",2,1,0,18,0,2,0,0,0,0,2,1,6,2,6,-1,-1,-1,-1,-1
"1187","201101CP00104",1,9,0,18,0,1,0,10,1,1,1,1,6,1,6,1769,2,17,7,1
"1188","201101CP00105",1,8,0,9,0,5,0,0,0,0,4,1,1,1,7,2499,2,3,2,1
"1189","201101CP00105",2,2,0,18,0,8,0,0,0,0,1,1,6,1,6,124,1,1,2,1
"1190","201101CP00106",1,19,0,9,0,5,0,0,0,0,4,1,1,1,7,2500,2,5,3,1
"1191","201101CP00106",2,1,0,18,0,8,0,0,0,0,1,1,6,2,6,-1,-1,-1,3,1
"1194","201101CP00108",1,4,0,14,0,1,0,0,0,0,1,1,2,1,10,-1,-1,-1,7,1
"1195","201101CP00109",1,19,0,11,0,0,0,0,0,0,4,1,1,1,6,1998,2,5,2,1
"1196","201101CP00109",2,1,0,18,0,0,0,0,0,0,3,1,2,1,6,-1,-1,-1,5,1
"1197","201101CP00110",1,9,0,9,0,5,0,0,0,0,4,1,6,1,6,1198,1,8,3,1
"1198","201101CP00110",2,1,0,18,0,8,0,0,0,0,1,1,6,1,5,-1,-1,-1,5,1
"1199","201101CP00111",1,1,0,14,0,1,0,8,0,0,1,1,6,2,5,-1,-1,-1,1,1
"1200","201101CP00111",2,9,0,2,0,1,0,0,0,0,3,1,6,1,-1,-1,-1,-1,-1,-1
"1201","201101CP00112",1,1,0,18,0,8,0,0,0,0,3,1,6,1,7,-1,-1,-1,5,1
"1202","201101CP00112",2,8,0,7,0,5,0,0,0,0,4,1,1,1,7,2664,2,13,2,1
"1203","201101CP00113",1,1,0,18,0,8,0,0,0,0,4,1,2,1,6,-1,-1,-1,4,1
"1204","201101CP00113",2,9,0,5,0,8,0,0,0,0,1,1,6,3,-1,-1,-1,-1,-1,-1
"1205","201101CP00114",1,9,0,18,0,0,0,0,0,0,4,1,6,1,8,2143,2,1,5,1
"1206","201101CP00114",2,1,0,18,4,0,0,0,0,0,3,1,6,1,-1,-1,-1,-1,-1,-1
"1207","201101CP00115",1,11,0,17,0,8,0,0,0,0,1,1,1,1,7,-1,2,12,2,1
"1208","201101CP00115",2,1,0,5,0,8,0,0,0,0,3,1,6,1,9,-1,-1,-1,10,1
"1209","201101CP00116",1,11,0,4,0,2,0,0,0,0,0,1,1,1,8,-1,2,11,6,1
"1210","201101CP00117",1,19,0,12,0,0,0,0,0,0,0,1,6,1,7,-1,-1,-1,2,1
"1211","201101CP00117",2,5,0,18,0,0,0,0,0,0,0,1,6,1,6,1050,1,6,9,1
"1212","201101CP00118",1,19,0,1,0,0,0,4,0,0,2,1,1,1,8,2287,2,3,4,1
"12131","201101CP00118",2,9,0,2,0,0,0,0,0,0,2,1,1,1,7,1753,2,9,4,1
"12141","201101CP00119",1,11,0,17,0,2,0,0,0,0,0,1,1,2,7,3900,2,7,2,1
"12151","201101CP00120",1,1,0,18,0,0,0,0,0,0,4,1,2,1,7,-1,-1,-1,5,1
"12161","201101CP00120",2,9,0,18,0,0,0,0,0,0,1,1,6,3,-1,-1,-1,-1,-1,-1
"12171","201101CP00121",1,9,0,18,0,1,0,0,0,0,1,1,6,2,5,1595,1,6,3,1
"12181","201101CP00122",1,9,0,5,0,1,0,0,0,0,2,1,6,1,7,1596,1,2,2,1
"12191","201101CP00122",2,9,0,5,0,1,0,0,0,0,1,1,6,3,-1,1796,1,6,-1,-1
"12201","201101CP00123",1,1,0,9,0,6,0,0,0,0,3,1,6,2,6,-1,-1,-1,4,1
"1221","201101CP00123",2,4,0,14,0,8,0,0,0,0,1,1,6,1,7,1449,1,5,1,1
"12221","201101CP00124",1,1,0,18,0,1,0,0,0,0,0,1,6,1,6,-1,-1,-1,1,1
"12231","201101CP00124",2,9,0,4,0,1,0,0,0,0,0,1,6,3,-1,2143,2,1,-1,-1
"12241","201101CP00125",1,8,0,5,0,6,0,0,0,0,1,1,1,1,6,1797,8,1,4,1
"12251","201101CP00125",2,1,0,17,0,8,0,0,0,0,4,1,6,1,6,-1,-1,-1,8,1
"12261","201101CP00126",1,8,0,9,0,6,0,0,0,0,1,1,1,1,8,2402,2,5,9,1
"12271","201101CP00126",2,1,0,18,0,8,0,0,0,0,1,1,6,1,6,-1,-1,-1,3,1
"12281","201101CP00127",1,1,0,18,0,8,0,0,0,0,0,1,6,1,7,-1,-1,-1,2,1
"12291","201101CP00127",2,9,0,9,0,5,0,0,0,0,0,1,6,3,-1,-1,-1,-1,-1,-1
"12301","201101CP00128",1,11,0,5,0,0,0,0,0,0,4,1,1,1,7,8650,2,12,8,1
"12311","201101CP00129",1,3,0,9,0,8,0,0,0,0,3,1,6,1,5,125,1,2,3,1
"12321","201101CP00129",2,9,0,5,0,8,0,0,0,0,1,1,6,1,8,2987,2,5,10,1
"12331","201101CP00129",3,9,0,5,0,8,0,0,0,0,1,1,6,1,8,1998,1,8,10,1
"12341","201101CP00130",1,1,0,18,0,0,0,0,0,0,1,1,6,2,7,-1,-1,-1,4,1
"12351","201101CP00130",2,9,0,14,0,0,0,0,0,0,3,1,1,1,6,2143,2,1,2,1
"12361","201101CP00131",1,11,0,18,0,1,0,0,0,0,0,1,1,1,7,-1,2,12,2,1
"1237","201101CP00131",2,1,0,15,0,1,0,0,0,0,1,1,6,1,7,-1,-1,-1,3,1
"12381","201101CP00132",1,9,0,9,0,8,0,0,0,0,3,1,6,1,7,1598,1,3,3,1
"12391","201101CP00132",2,1,0,13,0,8,0,0,0,0,1,1,6,1,7,-1,-1,-1,9,1
"12401","201101CP00133",1,9,0,3,0,0,0,0,0,0,2,1,1,1,7,2982,2,3,6,1
"12411","201101CP00133",2,9,0,3,0,0,0,0,0,0,2,1,6,2,7,2926,2,8,6,1
"12421","201101CP00133",3,9,0,18,0,0,0,0,0,0,1,1,1,1,6,1997,2,-1,2,1
"12431","201101CP00134",1,1,0,9,0,8,0,0,0,0,3,1,6,1,7,-1,-1,-1,1,1
"12441","201101CP00134",2,9,0,18,0,8,0,0,0,0,1,1,6,2,7,1598,1,2,8,1
"12451","201101CP00135",1,9,0,7,0,5,0,0,0,0,4,1,6,1,7,-1,-1,-1,10,1
"12461","201101CP00135",2,1,0,18,0,1,0,0,0,0,1,1,6,2,6,-1,-1,-1,3,1
"12471","201101CP00136",1,9,0,18,0,8,0,0,0,0,3,1,6,2,6,4398,6,11,2,1
"12481","201101CP00136",2,1,0,18,0,8,0,0,0,0,1,1,6,1,4,-1,-1,-1,7,1
"1249","201101CP00137",1,9,0,5,0,1,0,0,0,0,1,1,6,2,6,1497,8,5,3,1
"1250","201101CP00137",2,19,0,2,0,1,0,0,0,0,2,1,1,1,10,2400,2,7,3,1
"1251","201101CP00138",1,1,0,18,0,0,0,0,0,0,1,1,6,2,6,-1,-1,-1,5,1
"12521","201101CP00138",2,9,0,13,0,0,0,0,0,0,2,1,6,3,-1,-1,-1,-1,-1,-1
"12531","201101CP00139",1,8,0,18,0,1,0,0,0,0,1,1,6,1,7,2402,2,7,9,1
"12541","201101CP00140",1,5,0,14,0,1,0,0,0,0,1,1,6,1,6,599,1,-1,3,1
"12551","201101CP00141",1,1,0,18,0,8,0,0,0,0,4,1,6,1,9,-1,-1,-1,2,1
"12561","201101CP00141",2,11,0,18,0,8,0,0,0,0,1,1,1,1,6,7300,2,9,1,1
"12571","201101CP00142",1,1,0,15,0,0,0,8,0,0,3,1,6,2,7,-1,-1,-1,1,1
"12581","201101CP00142",2,9,0,3,0,0,0,0,0,0,4,1,6,2,5,1590,1,7,3,1
"12593","201101CP00142",3,9,0,2,0,0,0,0,0,0,3,1,6,1,8,1997,2,1,10,1
"12603","201101CP00143",1,11,0,5,0,0,0,0,0,0,0,1,1,1,-1,9000,2,1,-1,-1
"12612","201101CP00144",1,1,0,18,0,2,0,0,0,0,1,1,6,2,7,-1,-1,-1,1,1
"12622","201101CP00146",1,9,0,15,0,1,0,0,0,0,1,1,6,3,-1,-1,-1,-1,-1,-1
"12631","201101CP00147",1,11,0,18,0,2,0,0,0,0,4,1,1,3,-1,-1,-1,-1,-1,-1
"12641","201101CP00148",1,3,0,18,0,1,0,0,0,0,0,1,6,2,8,-1,-1,-1,7,1
"12651","201101CP00148",2,20,0,18,0,1,0,0,0,0,0,1,6,3,-1,-1,-1,-1,-1,-1
"12661","201101CP00149",1,3,0,14,0,1,0,0,0,0,1,1,6,1,4,125,1,-1,9,1
"12672","201101CP00150",1,11,0,18,0,8,0,0,0,0,0,1,1,1,6,8268,2,8,2,1
"12681","201101CP00152",1,1,0,12,0,2,0,0,0,0,1,1,6,1,5,-1,-1,-1,3,1
"12691","201101CP00152",2,9,0,18,0,1,0,0,0,0,1,1,6,1,8,1769,1,5,4,1
"12701","201101CP00153",1,9,0,1,0,1,0,0,0,0,2,1,6,1,8,2996,1,3,2,1
"12711","201101CP00153",2,8,0,3,0,1,0,0,0,0,1,1,1,1,8,2378,1,5,1,1
"12721","201101CP00154",1,9,0,18,0,8,0,0,0,0,1,1,1,1,7,1797,8,2,2,1
"12731","201101CP00154",2,1,0,18,0,8,0,0,0,0,1,1,6,1,6,-1,-1,-1,3,1
"12742","201101CP00155",1,1,0,4,0,1,0,0,0,0,1,1,6,1,8,-1,-1,-1,3,1
"12751","201101CP00156",1,19,0,8,0,1,0,0,0,0,4,1,1,1,5,2295,7,8,2,1
"12761","201101CP00156",2,4,0,15,0,1,0,0,0,0,3,1,6,1,6,249,1,4,1,1
"12771","201101CP00157",1,8,0,9,0,8,0,0,0,0,4,1,1,1,6,1896,2,4,5,1
"1278","201101CP00157",2,5,0,18,0,8,0,0,0,0,1,1,6,1,7,781,1,11,5,1
"1279","201101CP00158",1,8,0,5,0,0,0,0,0,0,3,1,1,1,8,2402,2,8,10,1
"12801","201101CP00158",2,1,0,14,0,0,0,0,0,0,4,1,6,2,7,-1,-1,-1,5,1
"12831","201101CP00160",1,9,0,2,0,0,0,0,0,0,2,1,6,1,5,1896,2,6,2,1
"12841","201101CP00160",2,9,0,5,0,0,0,4,0,0,1,1,6,1,9,2179,2,2,6,3
"12851","201101CP00161",1,9,0,5,0,0,0,0,0,0,4,1,6,3,-1,-1,-1,-1,-1,-1
"12862","201101CP00161",2,1,0,3,0,0,0,0,0,0,3,1,6,1,6,-1,-1,-1,6,1
"12871","201101CP00162",1,5,0,14,0,0,0,0,0,0,4,1,6,3,-1,599,1,10,-1,-1
"12881","201101CP00163",1,8,0,5,0,1,0,0,0,0,0,1,1,1,-1,-1,-1,-1,-1,-1
"12891","201101CP00164",1,11,0,15,0,8,0,0,0,0,3,1,1,2,8,8300,2,5,2,1
"12901","201101CP00164",2,21,1,9,0,8,0,0,0,0,4,1,1,1,8,7790,2,5,8,1
"12911","201101CP00165",1,90,0,2,0,8,0,0,0,0,2,1,1,1,6,-1,-1,-1,2,1
"12921","201101CP00165",2,1,0,18,0,8,0,4,0,0,1,1,6,1,6,-1,-1,-1,3,1
"12931","201101CP00166",1,3,0,12,0,0,0,0,0,0,3,1,6,1,9,-1,-1,-1,4,1
"12941","201101CP00166",2,1,0,18,0,0,0,0,4,6,4,1,6,1,7,-1,-1,-1,3,1
"12951","201101CP00167",1,3,0,15,0,8,0,0,0,0,3,1,2,1,6,124,1,1,3,1
"12962","201101CP00167",2,11,0,7,0,5,0,0,0,0,4,1,1,1,7,7300,2,8,5,1
"12971","201101CP00169",1,1,0,18,0,8,0,0,0,0,1,1,2,1,7,-1,-1,-1,1,1
"12982","201101CP00169",2,9,0,7,0,5,0,0,0,0,4,1,6,3,-1,-1,-1,-1,-1,-1
"12992","201101CP00170",1,8,0,6,0,2,0,0,0,0,3,1,1,1,6,2499,2,4,7,1
"13001","201101CP00170",2,1,0,18,0,2,0,0,0,0,1,1,6,1,6,-1,-1,-1,3,1
"13013","201101CP00171",1,9,0,18,0,0,0,0,0,0,1,1,6,1,-1,5998,1,4,7,3
"13021","201101CP00172",1,1,0,3,0,1,0,0,0,0,2,1,6,2,5,-1,-1,-1,4,1
"13031","201101CP00172",2,11,0,4,0,1,0,0,0,0,1,1,1,3,-1,9000,2,2,-1,-1
"13041","201101CP00173",1,11,0,18,0,1,0,0,0,0,4,1,1,1,9,-1,-1,-1,1,1
"13051","201101CP00173",2,1,0,18,0,1,0,0,0,0,3,1,6,1,7,-1,-1,-1,1,1
"13061","201101CP00174",1,9,0,18,0,1,0,0,0,0,4,1,6,1,6,1995,2,12,3,1
"13071","201101CP00174",2,19,0,12,0,1,0,0,0,0,3,1,6,3,-1,2461,2,9,-1,-1
"13088","201101CP00175",1,21,0,9,0,5,0,0,0,0,3,1,1,1,7,11021,2,9,4,1
"13093","201101CP00175",2,1,0,13,0,8,0,0,0,0,4,1,2,1,5,-1,-1,-1,7,1
"13101","201101CP00176",1,1,0,18,0,1,0,0,0,0,1,1,6,1,7,-1,-1,-1,7,1
"13111","201101CP00178",1,9,0,18,0,8,0,0,0,0,1,1,6,1,10,1761,1,12,3,1
"13121","201101CP00178",2,90,0,1,0,8,0,0,0,0,2,1,1,1,6,-1,-1,-1,1,1
"13141","201101CP00180",1,8,0,9,0,5,0,0,0,0,3,1,1,1,8,2402,2,7,9,1
"13151","201101CP00180",2,3,0,13,0,8,0,0,0,0,4,1,6,1,5,125,1,-1,5,1
"13161","201101CP00181",1,1,0,14,0,2,0,0,0,0,1,1,6,1,6,-1,-1,-1,4,1
"13171","201101CP00182",1,11,0,18,0,8,0,0,0,0,0,1,1,1,7,6700,2,2,2,1
"13181","201101CP00183",1,8,0,18,0,1,0,0,0,0,4,1,1,1,6,2148,2,6,2,1
"13191","201101CP00183",2,8,0,12,0,1,0,0,0,0,3,1,1,1,9,1968,2,5,4,1
"13201","201101CP00184",1,1,0,18,0,8,0,0,0,0,1,1,2,2,7,-1,-1,-1,6,1
"13211","201101CP00184",2,3,0,7,0,5,0,0,0,0,2,1,2,1,5,125,1,1,4,1
"13221","201101CP00185",1,1,0,5,0,8,0,0,0,0,3,1,2,2,6,-1,-1,-1,2,1
"13231","201101CP00185",2,19,0,7,0,8,0,0,0,0,4,1,1,1,9,-1,-1,-1,1,1
"13241","201101CP00186",1,1,0,5,0,2,0,0,0,0,4,1,6,1,6,-1,-1,-1,9,1
"13253","201101CP00186",2,3,0,5,0,2,0,0,0,0,3,1,6,3,-1,125,1,6,-1,-1
"13283","201101CP00188",1,11,0,18,0,2,0,0,0,0,4,1,1,1,7,7300,2,8,8,1
"13291","201101CP00189",1,8,0,15,2,1,0,0,0,0,3,1,1,1,9,2499,2,3,10,1
"13301","201101CP00190",1,3,0,18,0,0,0,0,0,0,1,1,2,1,7,124,1,2,8,1
"13341","201101CP00194",1,19,0,1,0,8,0,0,0,0,2,1,1,1,7,2148,2,3,3,1
"13351","201101CP00195",1,9,0,9,0,5,0,0,0,0,4,1,2,1,10,1797,8,2,5,1
"13361","201101CP00195",2,1,0,18,2,8,0,0,0,0,1,1,6,1,6,-1,-1,-1,2,1
"13391","201101CP00197",1,8,0,3,0,1,0,0,0,0,4,1,1,1,9,2499,2,-1,7,1
"13401","201101CP00197",2,1,0,15,0,1,0,8,0,0,1,1,6,1,8,-1,-1,-1,6,1
"13411","201101CP00198",1,3,0,14,0,1,0,0,0,0,1,1,1,1,5,125,1,3,2,1
"13421","201101CP00199",1,5,0,5,0,8,0,0,0,0,1,1,2,1,8,647,1,4,9,1
"13431","201101CP00199",2,9,0,6,0,8,0,0,0,0,3,1,6,1,7,2987,2,3,2,1
"13441","201101CP00200",1,3,0,18,2,8,0,0,0,0,1,1,6,2,7,124,1,10,3,1
"13451","201101CP00200",2,9,0,7,0,5,0,0,0,0,4,1,6,1,8,1598,1,5,3,3
"13461","201101CP00201",1,19,0,9,0,5,0,0,0,0,4,1,1,1,8,2300,2,7,6,1
"13471","201101CP00201",2,1,0,18,0,8,0,0,0,0,1,1,6,1,7,-1,-1,-1,1,1
"13481","201101CP00202",1,3,0,14,0,1,0,0,0,0,1,1,6,2,6,-1,-1,-1,5,1
"13491","201101CP00203",1,3,0,3,0,0,0,0,0,0,2,1,6,1,5,125,1,3,2,1
"13501","201101CP00203",2,19,0,5,0,0,0,0,0,0,1,1,6,1,8,2148,2,6,3,1
"13511","201101CP00204",1,1,0,14,0,8,0,4,0,0,4,1,6,2,6,-1,-1,-1,2,1
"13521","201101CP00204",2,9,0,2,0,8,0,0,0,0,3,1,6,3,-1,1984,1,5,-1,-1
"13531","201101CP00205",1,19,0,5,0,8,0,0,0,0,1,1,6,1,5,1700,2,14,8,3
"13541","201101CP00205",2,9,0,18,0,8,0,0,0,0,4,1,6,1,6,2967,2,4,5,1
"13551","201101CP00206",1,9,0,9,0,8,0,0,0,0,4,1,6,2,9,-1,-1,-1,10,2
"13561","201101CP00206",2,1,0,15,0,8,0,0,0,0,1,1,2,2,5,-1,-1,-1,2,1
"13571","201101CP00207",1,1,0,18,0,0,0,4,0,0,1,1,2,1,5,-1,-1,-1,5,1
"1358","201101CP00207",2,9,0,2,0,0,0,0,0,0,2,1,6,1,6,1364,1,2,-1,-1
"13592","201101CP00208",1,1,0,18,0,2,0,0,0,0,1,1,6,1,6,-1,-1,-1,2,1
"13601","201101CP00209",1,20,0,5,0,0,0,0,0,0,4,1,1,1,6,11946,2,2,4,1
"13611","201101CP00209",2,1,0,5,0,0,0,0,0,0,3,1,6,2,5,-1,-1,-1,4,1
"13621","201101CP00211",1,11,0,14,0,2,0,0,0,0,0,1,1,1,8,6700,2,2,8,1
"13633","201101CP00212",1,1,0,16,0,2,0,0,1,7,1,1,6,1,8,-1,-1,-1,3,1
"13641","201101CP00213",1,8,0,4,0,1,0,0,0,0,2,1,1,1,8,2402,2,6,4,1
"13651","201101CP00213",2,1,0,18,0,1,0,0,0,0,1,1,6,1,-1,-1,-1,-1,-1,-1
"13661","201101CP00214",1,3,0,9,0,5,0,0,0,0,1,1,6,1,6,124,1,10,-1,-1
"13677","201101CP00214",2,1,0,18,0,1,0,0,0,0,3,1,6,1,8,-1,-1,-1,2,1
"13683","201101CP00216",1,11,0,4,0,1,0,0,0,0,0,1,1,1,6,8268,2,7,5,1
"13692","201101CP00217",1,9,0,3,0,1,0,0,0,0,4,1,6,1,5,1339,1,8,2,1
"13706","201101CP00217",2,1,0,15,0,1,0,8,0,0,1,1,6,1,6,-1,-1,-1,3,1
"13711","201101CP00218",1,8,0,18,0,1,0,0,0,0,4,1,1,1,8,2402,2,6,8,1
"13721","201101CP00219",1,4,0,9,0,8,0,0,0,0,4,1,6,1,7,124,1,8,5,1
"13731","201101CP00219",2,9,0,18,0,8,0,0,0,0,1,1,6,2,7,-1,-1,-1,-1,-1
"13741","201101CP00220",1,9,0,9,0,8,0,0,0,0,4,1,6,2,5,1388,1,7,2,1
"13751","201101CP00220",2,4,0,5,0,8,0,0,0,0,1,1,6,1,6,-1,-1,-1,2,1
"13761","201101CP00221",1,9,0,16,0,8,0,0,0,0,4,1,1,1,8,-1,-1,-1,3,1
"13771","201101CP00221",2,1,0,18,0,8,0,0,0,0,3,1,6,1,7,-1,-1,-1,6,1
"13781","201101CP00222",1,9,0,9,0,8,0,0,0,0,4,1,6,1,8,1598,1,8,6,1
"13791","201101CP00222",2,8,0,18,0,8,0,0,0,0,1,1,1,1,8,2664,2,13,2,1
"13801","201101CP00223",1,4,0,18,0,1,0,0,0,0,1,1,6,1,7,123,1,6,3,1
"13811","201101CP00224",1,8,0,6,0,2,0,0,0,0,4,1,1,1,7,2499,2,4,10,1
"13821","201101CP00224",2,1,0,18,2,1,0,0,0,0,1,1,6,1,-1,-1,-1,-1,10,1
"13831","201101CP00225",1,8,0,6,0,0,0,0,0,0,3,1,1,1,8,2499,2,2,2,1
"13842","201101CP00225",2,1,0,18,0,0,0,0,0,0,1,1,6,1,6,-1,-1,-1,5,1
"13851","201101CP00226",1,9,0,9,0,5,0,0,0,0,4,1,6,1,6,2995,1,5,10,1
"13861","201101CP00226",2,1,0,18,0,8,0,0,0,0,1,1,6,1,6,-1,-1,-1,3,1
"13871","201101CP00227",1,9,0,7,0,8,0,0,0,0,4,1,6,1,6,1598,1,13,1,1
"13881","201101CP00227",2,1,0,7,0,8,0,0,0,0,3,1,6,1,7,-1,-1,-1,4,1
"13891","201101CP00228",1,9,0,9,0,8,0,0,0,0,4,1,6,1,7,-1,-1,-1,9,3
"13901","201101CP00228",2,2,0,18,0,8,0,0,0,0,1,1,6,1,6,49,1,3,5,1
"13914","201101CP00229",1,11,0,18,0,8,0,0,0,0,1,1,1,1,7,9360,2,-1,1,1
"13921","201101CP00229",2,20,0,9,0,8,0,0,0,0,1,1,1,1,6,4461,2,3,9,1
"13931","201101CP00230",1,1,0,18,0,8,0,0,0,0,1,1,2,1,6,-1,-1,-1,2,1
"13941","201101CP00230",2,8,0,9,0,6,0,0,0,0,1,1,1,3,-1,2499,2,4,-1,-1
"13951","201101CP00231",1,8,0,16,0,8,0,0,0,0,3,1,1,1,8,2987,2,4,1,1
"13961","201101CP00231",2,9,0,11,0,8,0,0,0,0,4,1,6,1,9,1598,1,13,-1,-1
"13971","201101CP00232",1,8,0,18,0,2,0,0,0,0,1,1,1,1,8,-1,-1,-1,10,1
"13981","201101CP00232",2,1,0,18,0,1,0,0,0,0,1,1,6,1,3,-1,-1,-1,1,1
"13991","201101CP00233",1,8,0,4,0,1,0,0,0,0,2,1,1,1,7,2499,2,-1,-1,-1
"14003","201101CP00233",2,9,0,4,0,1,0,0,0,0,1,1,6,1,5,1596,1,6,3,1
"14011","201101CP00234",1,11,0,18,0,1,0,0,0,0,3,1,1,1,6,8268,2,8,5,1
"14021","201101CP00235",1,5,0,18,0,1,0,0,0,0,1,1,2,1,7,744,1,2,3,1
"14031","201101CP00236",1,8,0,9,0,6,0,10,1,1,1,1,1,1,7,1997,2,-1,3,1
"14053","201101CP00238",1,9,0,11,0,0,0,0,0,0,0,1,2,1,7,-1,-1,-1,3,1
"1406","201101CP00238",2,1,0,18,0,0,0,0,0,0,4,1,2,1,6,-1,-1,-1,9,1
"1407","201101CP00239",1,1,0,18,0,8,0,0,0,0,1,1,2,1,-1,-1,-1,-1,-1,-1
"14081","201101CP00239",2,8,0,9,0,5,0,0,0,0,1,1,1,1,-1,2499,2,4,6,1
"14093","201101CP00240",1,1,0,5,0,1,0,0,0,0,3,1,6,1,-1,-1,-1,-1,3,1
"14101","201101CP00240",2,9,0,13,0,1,0,0,0,0,4,1,6,3,-1,-1,-1,-1,-1,-1
"14111","201101CP00241",1,19,0,9,0,8,0,0,0,0,1,1,6,1,9,1461,2,1,7,1
"14121","201101CP00241",2,1,0,18,0,8,0,0,0,0,1,1,6,1,6,-1,-1,-1,4,1
"14131","201101CP00242",1,9,0,3,0,0,0,0,0,0,2,1,6,1,6,1598,1,11,7,1
"14141","201101CP00242",2,19,0,4,0,0,0,0,0,0,1,1,1,1,8,2874,2,16,9,3
"14151","201101CP00243",1,8,0,13,0,2,0,0,0,0,4,1,1,1,7,2148,2,7,4,1
"14163","201101CP00243",2,1,0,13,0,2,0,0,0,0,3,1,6,1,5,-1,-1,-1,1,1