"","Acc_Index","Vehicle_Reference","Vehicle_Type","Towing_and_Articulation","Vehicle_Manoeuvre","Vehicle_Location.Restricted_Lane","Junction_Location","Skidding_and_Overturning","Hit_Object_in_Carriageway","Vehicle_Leaving_Carriageway","Hit_Object_off_Carriageway","X1st_Point_of_Impact","Was_Vehicle_Left_Hand_Drive","Journey_Purpose_of_Driver","Sex_of_Driver","Age_Band_of_Driver","Engine_Capacity_.CC.","Propulsion_Code","Age_of_Vehicle","Driver_IMD_Decile","Driver_Home_Area_Type"
"14171","201101CP00243",3,1,0,18,0,2,0,0,0,0,3,1,6,1,6,-1,-1,-1,2,1
"14181","201101CP00244",1,9,0,14,0,1,0,0,0,0,4,1,6,1,6,1390,1,7,2,1
"14191","201101CP00244",2,11,0,5,0,1,0,0,0,0,3,1,1,2,-1,6700,2,4,5,1
"14201","201101CP00245",1,1,0,18,0,8,0,0,0,0,2,1,2,1,7,-1,-1,-1,4,1
"14212","201101CP00245",2,8,0,18,0,8,0,0,0,0,1,1,1,3,-1,2664,2,11,-1,-1
"14222","201101CP00246",1,9,0,3,0,1,0,0,0,0,2,1,6,1,6,-1,-1,-1,8,1
"14232","201101CP00246",2,8,0,4,0,1,0,0,0,0,1,1,6,1,8,-1,-1,-1,5,1
"14241","201101CP00247",1,9,0,18,0,1,0,0,0,0,1,1,6,2,8,1598,1,11,2,1
"14251","201101CP00247",2,9,0,9,0,6,0,0,0,0,4,1,1,1,8,-1,-1,-1,-1,-1
"14261","201101CP00248",1,9,0,18,0,1,0,0,0,0,1,1,6,3,-1,2497,2,4,-1,-1
"14271","201101CP00248",2,8,0,2,0,1,0,4,0,0,3,1,1,1,8,2664,2,13,2,1
"14282","201101CP00248",3,8,0,18,0,2,0,0,0,0,3,1,1,1,8,-1,-1,-1,1,1
"14291","201101CP00249",1,9,0,3,0,1,0,0,0,0,3,1,6,1,6,1970,1,10,4,1
"14301","201101CP00249",2,1,0,14,0,1,0,8,0,0,1,1,6,1,6,-1,-1,-1,2,1
"14312","201101CP00250",1,9,0,9,0,5,0,0,0,0,0,1,6,2,8,-1,-1,-1,2,1
"14321","201101CP00250",2,1,0,17,0,1,0,0,0,0,1,1,6,1,-1,-1,-1,-1,-1,-1
"14331","201101CP00251",1,1,0,18,0,1,0,0,0,0,1,1,6,1,6,-1,-1,-1,8,1
"14344","201101CP00252",1,3,0,14,0,1,0,0,0,0,1,1,6,1,-1,-1,-1,-1,10,1
"14351","201101CP00253",1,19,0,5,0,1,0,0,0,0,1,1,6,1,7,2287,2,1,2,1
"14363","201101CP00254",1,4,0,18,0,0,0,0,0,0,1,1,6,2,-1,-1,-1,-1,8,1
"14372","201101CP00255",1,1,0,5,0,1,0,0,0,0,2,1,6,1,-1,-1,-1,-1,9,1
"14381","201101CP00255",2,19,0,5,0,1,0,0,0,0,1,1,6,3,-1,-1,-1,-1,-1,-1
"14391","201101CP00256",1,3,0,3,0,1,0,0,0,0,2,1,6,1,6,124,1,2,4,1
"14403","201101CP00256",2,4,0,18,0,1,0,0,0,0,1,1,6,1,6,-1,-1,-1,4,1
"14411","201101CP00257",1,1,0,18,0,1,0,0,0,0,1,1,6,1,7,-1,-1,-1,9,1
"14421","201101CP00257",2,19,0,18,0,2,0,0,0,0,1,1,6,1,8,2198,2,-1,7,1
"14431","201101CP00259",1,5,0,18,0,0,0,0,0,0,2,1,6,1,6,749,1,11,3,1
"14443","201101CP00259",2,5,0,18,0,0,0,0,0,0,1,1,6,1,8,1199,1,11,9,1
"14455","201101CP00260",1,5,0,3,0,1,0,0,0,0,2,1,6,1,8,1171,1,9,7,1
"14461","201101CP00260",2,9,0,18,0,1,0,0,0,0,1,1,6,1,7,-1,-1,-1,2,1
"14472","201101CP00261",1,9,0,1,0,2,0,0,0,0,2,1,6,1,6,-1,-1,-1,3,1
"14481","201101CP00262",1,1,0,18,0,0,0,0,0,0,1,1,6,1,6,-1,-1,-1,3,1
"14491","201101CP00263",1,1,0,18,0,1,0,0,0,0,4,1,6,2,6,-1,-1,-1,-1,-1
"14501","201101CP00263",2,3,0,18,0,1,0,0,0,0,0,1,6,1,-1,-1,-1,-1,-1,-1
"14511","201101CP00264",1,9,0,9,0,8,0,0,0,0,1,1,6,1,6,1399,2,4,4,1
"14521","201101CP00264",2,1,0,18,0,8,0,0,0,0,1,1,6,1,8,-1,-1,-1,2,1
"14531","201101CP00265",1,8,0,18,0,8,0,0,0,0,4,1,6,1,9,2402,2,6,2,2
"14541","201101CP00265",2,9,0,18,0,8,0,0,0,0,1,1,6,1,6,5439,1,8,5,1
"14551","201101CP00268",1,8,0,9,0,5,0,0,0,0,3,1,6,1,10,2664,2,11,8,1
"1456","201101CP00268",2,19,0,18,0,1,0,0,0,0,1,1,6,1,9,1998,2,5,8,1
"14571","201101CP00269",1,4,0,15,4,2,0,0,0,0,1,1,6,3,-1,-1,-1,-1,-1,-1
"14581","201101CP00270",1,8,0,3,0,1,0,0,0,0,3,1,1,1,6,2148,2,2,3,1
"14591","201101CP00270",2,1,0,14,0,1,0,8,0,0,1,1,6,1,7,-1,-1,-1,1,1
"14601","201101CP00271",1,1,0,15,0,1,0,0,0,0,1,1,6,1,6,-1,-1,-1,2,1
"14611","201101CP00272",1,9,0,9,0,5,0,0,0,0,3,1,1,1,5,-1,-1,-1,2,1
"14621","201101CP00272",2,4,0,13,0,1,0,0,0,0,1,1,6,1,5,123,1,-1,5,3
"14631","201101CP00273",1,1,0,18,0,2,0,0,0,0,1,1,6,1,7,-1,-1,-1,3,1
"14641","201101CP00274",1,8,0,6,0,1,0,0,0,0,3,1,6,1,8,2499,2,-1,9,1
"14651","201101CP00274",2,5,0,18,0,1,0,0,0,0,1,1,6,1,7,599,1,3,2,1
"14661","201101CP00275",1,3,0,18,0,2,0,0,0,0,1,1,6,1,7,124,1,3,3,1
"14671","201101CP00276",1,1,0,18,0,1,0,0,0,0,1,1,6,1,6,-1,-1,-1,2,1
"14681","201101CP00276",2,8,0,13,0,1,0,0,0,0,0,1,6,3,-1,-1,-1,-1,-1,-1
"14691","201101CP00277",1,1,0,18,0,2,0,0,0,0,1,1,6,1,5,-1,-1,-1,2,1
"14701","201101CP00278",1,4,0,14,0,1,0,0,0,0,1,1,6,1,6,125,1,7,4,1
"14711","201101CP00279",1,5,0,18,0,1,0,0,0,0,1,1,6,1,8,656,1,3,1,1
"14721","201101CP00279",2,20,0,18,0,1,0,0,0,0,2,1,6,1,8,5193,2,3,9,1
"14731","201101CP00280",1,8,0,18,0,1,0,0,0,0,2,1,1,1,8,2446,2,9,1,1
"14741","201101CP00281",1,9,0,18,0,1,0,0,0,0,4,1,6,1,6,1900,2,13,1,1
"14751","201101CP00282",1,11,0,18,0,1,0,0,0,0,4,1,1,1,9,9360,2,-1,6,1
"14761","201101CP00283",1,9,0,9,0,1,0,0,0,0,1,1,6,1,6,1242,1,5,3,1
"14771","201101CP00283",2,9,0,18,0,5,0,0,0,0,3,1,6,1,6,1598,1,5,-1,1
"14781","201101CP00284",1,19,0,18,0,1,0,0,0,0,4,1,6,1,6,2463,2,5,5,1
"14791","201101CP00285",1,11,0,18,0,1,0,0,0,0,1,1,1,1,8,9000,2,1,9,1
"14801","201101CP00286",1,9,0,18,0,1,0,0,0,0,1,1,6,1,8,993,1,11,8,1
"14811","201101CP00287",1,9,0,7,0,8,0,0,0,0,1,1,6,2,6,1997,1,9,6,1
"14821","201101CP00287",2,9,0,18,0,8,0,0,0,0,4,1,6,1,6,1686,2,4,1,1
"14831","201101CP00288",1,11,0,18,0,1,0,0,0,0,0,1,6,1,7,-1,-1,-1,6,1
"1484","201101CP00289",1,1,0,15,0,1,0,0,0,0,1,1,6,1,6,-1,-1,-1,3,1
"1485","201101CP00289",2,8,0,7,0,5,0,0,0,0,4,1,6,1,8,2402,2,5,8,1
"1486","201101CP00290",1,19,0,1,0,1,0,0,0,0,2,1,6,1,7,2143,2,1,7,1
"14871","201101CP00290",2,3,0,3,0,1,0,0,0,0,1,1,6,1,7,125,1,-1,2,1
"14881","201101CP00291",1,1,0,18,0,1,0,0,0,0,3,1,6,2,5,-1,-1,-1,4,1
"14891","201101CP00291",2,19,0,7,0,1,0,0,0,0,4,1,6,3,-1,1998,2,9,-1,-1
"14901","201101CP00292",1,3,0,18,0,8,0,0,0,0,3,1,6,1,8,125,1,7,4,1
"14911","201101CP00292",2,19,0,11,0,8,0,0,0,0,4,1,6,1,5,1995,2,1,3,1
"14921","201101CP00293",1,19,0,7,0,5,0,0,0,0,3,1,1,1,7,2461,2,4,9,1
"14931","201101CP00293",2,1,0,15,0,1,0,0,0,0,3,1,6,1,5,-1,-1,-1,2,1
"14941","201101CP00294",1,11,0,4,0,0,0,0,0,0,0,1,1,1,7,8268,2,7,2,1
"14951","201101CP00295",1,1,0,7,0,1,0,0,0,0,2,1,6,2,7,-1,-1,-1,2,1
"14961","201101CP00295",2,8,0,7,0,8,0,0,0,0,1,1,1,1,8,2664,2,14,4,1
"14971","201101CP00296",1,1,0,18,0,1,0,0,0,0,1,1,6,1,7,-1,-1,-1,8,2
"14981","201101CP00297",1,11,0,18,0,0,0,0,0,0,1,1,1,1,7,-1,-1,-1,-1,-1
"14991","201101CP00298",1,1,0,15,0,1,0,0,0,0,1,1,6,1,6,-1,-1,-1,8,1
"15001","201101CP00298",2,11,0,3,0,1,0,0,0,0,0,1,1,1,-1,8268,2,8,4,1
"15011","201101CP00299",1,2,0,15,0,1,0,0,0,0,1,1,6,2,6,-1,-1,-1,10,1
"15021","201101CP00300",1,9,0,5,0,2,0,0,0,0,3,1,1,1,9,-1,-1,-1,7,1
"15031","201101CP00300",2,1,0,18,0,2,0,0,0,0,4,1,6,1,6,-1,-1,-1,8,1
"15061","201101CP00302",1,11,0,7,0,2,0,0,0,0,4,1,1,1,8,8268,2,7,2,1
"15071","201101CP00303",1,9,0,9,0,6,0,0,0,0,3,1,6,1,6,1796,1,6,6,1
"15081","201101CP00303",2,5,0,14,0,1,0,0,0,0,1,1,6,1,7,-1,-1,-1,4,1
"1509","201101CP00304",1,1,0,12,0,1,0,0,0,0,3,1,6,1,5,-1,-1,-1,10,1
"15101","201101CP00304",2,5,0,18,0,1,0,0,0,0,4,1,6,1,8,1157,1,9,7,1
"15112","201101CP00305",1,11,0,4,0,1,0,0,0,0,4,1,6,1,9,11967,2,-1,-1,-1
"15123","201101CP00306",1,1,0,16,0,8,0,0,0,0,2,1,6,1,5,-1,-1,-1,-1,-1
"15131","201101CP00306",2,9,0,18,0,8,0,0,0,0,1,1,6,3,-1,1896,2,9,-1,-1
"15142","201101CP00307",1,11,0,7,0,2,0,0,0,0,4,1,6,1,7,8268,2,9,2,1
"15151","201101CP00308",1,5,0,18,0,0,0,0,0,0,3,1,6,1,6,883,1,1,7,1
"15161","201101CP00308",2,21,0,11,0,0,0,0,0,0,4,1,6,3,-1,12900,2,4,-1,-1
"15171","201101CP00309",1,19,0,18,0,1,0,0,0,0,4,1,6,3,-1,-1,-1,-1,-1,-1
"15181","201101CP00310",1,1,0,18,0,1,0,0,0,0,3,1,6,1,6,-1,-1,-1,5,1
"15191","201101CP00310",2,8,0,4,0,1,0,0,0,0,4,1,6,3,-1,-1,-1,-1,-1,-1
"15201","201101CP00311",1,11,0,18,0,0,0,0,0,0,4,1,6,3,-1,-1,-1,-1,-1,-1
"15211","201101CP00312",1,8,0,3,0,1,0,0,0,0,4,1,1,1,9,2402,2,9,2,1
"15221","201101CP00312",2,1,0,15,0,1,0,0,0,0,1,1,6,1,6,-1,-1,-1,1,1
"15231","201101CP00313",1,9,0,18,0,8,0,0,0,0,3,1,6,1,6,1968,2,4,6,1
"15241","201101CP00313",2,1,0,18,0,8,0,0,0,0,1,1,6,1,5,-1,-1,-1,3,1
"15251","201101CP00314",1,1,0,18,0,0,0,0,0,0,3,1,6,2,6,-1,-1,-1,1,1
"15261","201101CP00315",1,1,0,18,0,1,0,0,0,0,1,1,6,1,6,-1,-1,-1,7,1
"15277","201101CP00316",1,8,0,6,0,1,0,0,0,0,3,1,6,1,6,2148,2,2,-1,-1
"15281","201101CP00316",2,5,0,18,0,1,0,0,0,0,1,1,6,1,6,599,1,8,9,1
"15291","201101CP00317",1,9,0,18,0,0,0,0,0,0,1,1,6,2,5,1390,1,2,2,1
"15302","201101CP00317",2,9,0,3,0,0,0,0,0,0,2,1,6,1,6,-1,-1,-1,2,1
"15312","201101CP00317",3,9,0,3,0,0,0,0,0,0,2,1,6,1,8,2987,2,4,4,1
"15341","201101CP00319",1,9,0,18,0,8,0,0,0,0,1,1,6,1,6,2151,2,9,6,1
"15352","201101CP00319",2,9,0,3,0,8,0,4,0,0,2,1,6,1,4,1390,1,15,6,1
"15363","201101CP00319",3,10,0,2,0,2,0,0,0,0,2,1,6,1,6,2800,2,7,-1,-1
"15371","201101CP00320",1,9,0,3,0,0,0,0,0,0,2,1,6,1,8,1794,1,7,3,1
"15381","201101CP00320",2,9,0,18,0,0,0,0,0,0,1,1,6,3,-1,-1,-1,-1,-1,-1
"15391","201101CP00321",1,11,0,18,0,1,0,0,0,0,0,1,6,1,6,-1,-1,-1,2,1
"15401","201101CP00322",1,1,0,13,0,1,0,0,0,0,4,1,6,2,6,-1,-1,-1,3,1
"15411","201101CP00322",2,1,0,18,0,1,0,0,0,0,3,1,6,2,7,-1,-1,-1,5,1
"15421","201101CP00323",1,1,0,12,0,2,0,0,0,0,2,1,6,1,6,-1,-1,-1,5,1
"15431","201101CP00323",2,8,0,5,0,2,0,0,0,0,1,1,6,1,7,2148,2,1,2,1
"15441","201101CP00324",1,1,0,17,0,8,0,0,0,0,4,1,6,2,8,-1,-1,-1,3,1
"15451","201101CP00324",2,8,0,18,0,8,0,0,0,0,1,1,6,1,7,2402,2,5,1,1
"15461","201101CP00325",1,11,0,9,0,5,0,0,0,0,1,1,6,3,-1,9360,2,-1,-1,-1
"1547","201101CP00326",1,11,0,4,0,1,0,0,0,0,0,1,1,1,9,6692,2,2,1,1
"1548","201101CP00327",1,9,0,18,0,1,0,0,0,0,1,1,6,3,-1,1598,2,-1,-1,-1
"15491","201101CP00328",1,9,0,6,0,1,0,0,0,0,1,1,6,1,7,1199,1,8,10,1
"15501","201101CP00328",2,5,0,18,0,2,0,0,0,0,3,1,6,1,9,647,1,9,10,1
"15511","201101CP00329",1,21,0,9,0,5,0,0,0,0,4,1,1,1,8,5880,2,6,1,1
"15521","201101CP00329",2,1,0,15,4,1,0,0,0,0,1,1,6,2,8,-1,-1,-1,2,1
"15531","201101CP00330",1,3,0,14,0,2,0,0,0,0,1,1,6,1,7,124,1,10,3,1
"15541","201101CP00331",1,9,0,18,0,1,0,0,0,0,1,1,6,2,6,2198,2,6,6,1
"15551","201101CP00332",1,4,0,18,0,2,0,0,0,0,3,1,6,1,6,102,1,4,7,1
"15561","201101CP00332",2,19,0,7,0,6,0,0,0,0,1,1,1,1,6,2402,2,1,2,1
"15571","201101CP00333",1,9,0,18,0,2,0,0,0,0,1,1,1,1,6,-1,-1,-1,3,1
"15581","201101CP00334",1,1,0,18,0,1,0,0,0,0,1,1,6,1,5,-1,-1,-1,5,1
"15591","201101CP00335",1,9,0,2,0,2,0,0,0,0,3,1,6,3,-1,-1,-1,-1,-1,-1
"15601","201101CP00335",2,1,0,18,0,2,0,8,0,0,1,1,6,1,6,-1,-1,-1,3,1
"1561","201101CP00336",1,8,0,18,0,0,0,0,0,0,3,1,6,3,-1,-1,-1,-1,-1,-1
"1562","201101CP00337",1,19,0,7,0,5,0,0,0,0,4,1,6,1,-1,2143,2,1,1,1
"15631","201101CP00337",2,1,0,18,4,1,0,0,0,0,3,1,6,1,8,-1,-1,-1,2,1
"15641","201101CP00338",1,9,0,9,0,5,0,0,0,0,3,1,1,1,8,3498,1,5,5,1
"15651","201101CP00338",2,1,0,15,0,1,0,0,0,0,1,1,6,1,5,-1,-1,-1,2,1
"15661","201101CP00338",3,21,0,9,0,5,0,0,0,0,1,1,1,1,8,9200,2,-1,2,1
"15671","201101CP00339",1,1,0,18,0,2,0,0,0,0,4,1,6,1,7,-1,-1,-1,10,1
"15681","201101CP00340",1,5,0,14,0,1,0,0,0,0,1,1,6,1,6,599,1,8,8,1
"15691","201101CP00340",2,9,0,3,0,1,0,0,0,0,3,1,6,1,7,-1,-1,-1,2,1
"15701","201101CP00341",1,9,0,7,0,5,0,0,0,0,4,1,6,2,5,1596,1,6,1,1
"15711","201101CP00341",2,3,0,15,2,1,0,0,0,0,3,1,6,2,6,124,1,8,4,1
"15721","201101CP00342",1,9,0,18,0,8,0,0,0,0,1,1,6,2,7,1598,1,3,2,1
"15731","201101CP00342",2,1,0,18,0,8,0,0,0,0,1,1,6,1,6,-1,-1,-1,5,1
"15741","201101CP00343",1,1,0,18,0,1,0,0,0,0,3,1,6,1,-1,-1,-1,-1,3,1
"15751","201101CP00343",2,9,0,18,0,1,0,0,0,0,3,1,6,1,-1,-1,-1,-1,3,1
"15761","201101CP00344",1,9,0,1,0,1,0,0,0,0,2,1,6,1,-1,1995,1,9,3,1
"15771","201101CP00344",2,4,0,3,0,1,0,0,0,0,1,1,6,1,7,125,1,4,6,1
"15781","201101CP00345",1,4,0,18,0,2,0,0,0,0,1,1,1,1,7,498,1,13,3,1
"15791","201101CP00346",1,20,0,18,0,1,0,0,0,0,4,1,6,3,-1,-1,-1,-1,-1,-1
"15801","201101CP00347",1,19,0,1,0,1,0,0,0,0,2,1,6,1,8,2463,2,5,4,1
"15811","201101CP00348",1,8,0,9,0,8,0,0,0,0,2,1,1,1,6,2143,2,-1,5,1
"15821","201101CP00348",2,11,0,9,0,8,0,0,0,0,1,1,2,1,7,8268,2,9,2,1
"15831","201101CP00350",1,3,0,5,0,1,0,0,0,0,1,1,6,1,7,124,1,4,-1,-1
"15841","201101CP00351",1,9,0,6,0,0,0,0,0,0,0,1,6,1,8,1595,2,1,9,1
"15851","201101CP00352",1,1,0,18,0,1,0,0,0,0,4,1,6,1,6,-1,-1,-1,4,1
"15863","201101CP00352",2,9,0,1,0,6,0,0,0,0,1,1,6,3,-1,1598,1,5,-1,-1
"15871","201101CP00353",1,8,0,4,0,0,0,0,0,0,1,1,1,1,8,2402,2,9,8,1
"15881","201101CP00354",1,11,0,18,0,0,0,0,0,0,0,1,1,1,9,-1,-1,-1,1,1
"15891","201101CP00355",1,9,0,18,0,1,0,0,0,0,1,1,1,1,7,-1,-1,-1,9,2
"15901","201101CP00357",1,1,0,18,0,1,0,0,0,0,1,1,6,1,6,-1,-1,-1,2,1
"15911","201101CP00357",2,8,0,9,0,1,0,0,0,0,4,1,6,1,10,2402,2,7,7,1
"15921","201101CP00358",1,5,0,18,0,0,1,0,0,0,1,1,6,1,5,645,1,10,2,1
"15931","201101CP00359",1,1,0,18,0,1,0,0,0,0,1,1,6,1,8,-1,-1,-1,3,1
"15941","201101CP00359",2,9,0,18,0,1,0,0,0,0,4,1,1,1,7,-1,-1,-1,2,1
"15971","201101CP00361",1,8,0,3,0,1,0,0,0,0,4,1,1,1,9,2402,2,8,2,1
"15981","201101CP00361",2,1,0,18,0,1,0,0,0,0,1,1,6,1,5,-1,-1,-1,7,1
"16011","201101CP00363",1,3,0,16,0,8,0,0,0,0,1,1,6,1,8,244,1,5,4,1
"16021","201101CP00363",2,19,0,6,0,8,0,0,0,0,4,1,6,1,9,2402,2,1,5,1
"16031","201101CP00364",1,9,0,9,0,8,0,0,0,0,4,1,6,1,6,1390,1,14,6,1
"16041","201101CP00364",2,9,0,18,0,8,0,0,0,0,1,1,6,1,9,2993,2,6,7,1
"16051","201101CP00365",1,8,0,3,0,1,0,0,0,0,4,1,6,3,-1,-1,-1,-1,-1,-1
"1606","201101CP00365",2,1,0,15,0,1,0,0,0,0,1,1,6,1,6,-1,-1,-1,1,1
"1607","201101CP00366",1,19,0,15,0,8,0,0,0,0,1,1,1,1,4,2151,2,8,1,1
"1608","201101CP00366",2,1,0,9,0,8,0,0,0,0,3,1,6,1,6,-1,-1,-1,2,1
"16091","201101CP00367",1,1,0,18,0,2,0,0,0,0,1,1,6,1,7,-1,-1,-1,7,1
"16101","201101CP00368",1,3,0,14,0,1,0,7,0,0,1,1,6,1,6,124,1,2,1,1
"16111","201101CP00369",1,20,0,4,0,2,0,0,0,0,1,1,1,1,7,-1,-1,-1,5,2
"16121","201101CP00369",2,9,0,4,0,2,0,0,0,0,2,1,6,1,7,2685,2,10,3,1
"16131","201101CP00370",1,8,0,18,0,8,0,0,0,0,1,1,1,1,9,1900,2,11,3,1
"16141","201101CP00370",2,9,0,9,0,8,0,0,0,0,4,1,6,1,6,1984,1,8,7,3
"16151","201101CP00371",1,19,0,9,0,6,0,10,1,0,4,1,1,1,6,2402,2,2,9,1
"16171","201101CP00374",1,1,0,18,0,8,0,0,0,0,3,1,6,2,6,-1,-1,-1,3,1
"16181","201101CP00374",2,19,0,9,0,8,0,0,0,0,1,1,1,1,7,2198,2,-1,8,1
"16191","201101CP00375",1,11,0,18,0,1,0,0,0,0,4,1,1,1,6,5883,2,10,1,1
"16201","201101CP00376",1,8,0,3,0,0,0,0,0,0,2,1,1,1,7,2402,2,7,2,1
"16211","201101CP00376",2,1,0,4,4,0,0,0,0,0,1,1,6,1,5,-1,-1,-1,3,1
"16221","201101CP00377",1,1,0,18,0,1,0,0,0,0,1,1,6,1,6,-1,-1,-1,7,2
"1623","201101CP00377",2,8,0,3,0,1,0,0,0,0,2,1,6,1,7,2499,2,4,1,1
"16241","201101CP00378",1,8,0,9,0,5,0,0,0,0,3,1,1,1,6,1796,1,8,2,1
"16251","201101CP00378",2,8,0,18,0,1,0,0,0,0,1,1,6,1,9,2402,2,5,6,1
"16261","201101CP00379",1,8,0,18,0,8,0,0,0,0,1,1,1,1,7,1997,2,-1,6,1
"16271","201101CP00379",2,9,0,1,0,8,0,0,0,0,4,1,6,1,7,1896,2,7,5,1
"16281","201101CP00380",1,8,0,18,0,0,0,0,0,0,1,1,6,1,9,2664,2,22,5,1
"16291","201101CP00381",1,3,0,9,0,8,0,0,0,0,1,1,6,1,5,125,1,1,2,1
"16301","201101CP00381",2,1,0,18,0,8,0,0,0,0,3,1,6,1,7,-1,-1,-1,1,1
"16331","201101CP00384",1,9,0,18,0,1,0,0,0,0,1,1,6,3,-1,-1,-1,-1,-1,-1
"16341","201101CP00385",1,8,0,18,0,0,0,0,0,0,4,1,1,1,9,2402,2,7,5,1
"16351","201101CP00386",1,3,0,15,0,0,0,0,0,0,1,1,6,2,6,124,1,-1,6,1
"16361","201101CP00386",2,9,0,3,0,0,0,0,0,0,2,1,6,1,8,5935,1,-1,7,1
"16461","201101CW10009",1,5,0,18,0,8,0,0,0,0,1,1,6,1,7,599,1,3,2,1
"2952","201101CW11082",1,8,0,18,0,1,0,0,0,0,1,1,1,1,-1,-1,-1,-1,-1,-1
"5549","201101EO40385",1,90,0,1,0,8,0,0,0,0,1,1,1,1,7,-1,-1,-1,5,1
"5550","201101EO40385",2,3,0,18,0,8,0,0,0,0,3,1,6,2,6,-1,-1,-1,8,1
"5740","201101EO40506",1,90,0,1,0,8,0,0,0,0,2,1,6,1,9,-1,-1,-1,5,1
"6097","201101EO40736",1,9,0,5,0,1,0,0,0,0,3,1,1,1,-1,-1,-1,-1,-1,-1
"8399","201101HT20007",1,9,0,9,0,8,0,0,0,0,3,1,6,1,7,1390,1,4,2,1
"8400","201101HT20007",2,2,0,13,0,8,0,0,0,0,4,1,6,1,5,125,1,7,-1,-1
"8549","201101HT20140",1,9,0,18,0,2,0,0,0,0,1,1,6,1,-1,1364,1,3,-1,-1
"8748","201101HT20291",1,1,0,18,0,8,0,0,0,0,2,1,6,2,6,-1,-1,-1,7,1
"8749","201101HT20291",2,8,0,13,0,8,0,0,0,0,1,1,1,3,-1,-1,-1,-1,-1,-1
"8903","201101HT20405",1,1,0,3,0,8,0,0,0,0,2,1,6,1,-1,-1,-1,-1,-1,-1
"8904","201101HT20405",2,8,0,5,0,8,0,0,0,0,1,1,1,3,-1,-1,-1,-1,-1,-1
"8937","201101HT20429",1,9,0,18,0,0,0,0,0,0,2,1,6,1,6,1596,1,9,2,1
"8938","201101HT20429",2,9,0,18,0,0,0,0,0,0,1,1,6,1,-1,-1,-1,-1,-1,-1
"9312","201101HT20679",1,11,0,17,0,2,0,0,0,0,1,1,1,1,7,6700,2,1,-1,-1
"9326","201101HT20688",1,9,0,3,0,2,0,0,0,0,1,1,6,1,6,1850,1,11,3,1
"9327","201101HT20688",2,9,0,1,0,1,0,0,0,0,2,1,6,1,-1,1984,1,10,-1,-1
"9497","201101HT20799",1,5,0,18,0,0,0,0,0,0,1,1,6,1,-1,-1,-1,-1,-1,-1
"9674","201101HT20925",1,11,0,18,0,8,0,0,0,0,0,1,1,1,7,6700,2,1,2,1
"15110","201101LX50067",1,19,0,18,0,8,0,0,0,0,1,1,6,1,6,2460,2,8,-1,-1
"15111","201101LX50067",2,9,0,18,0,6,0,0,1,10,3,1,6,2,7,1600,1,12,3,1
"15265","201101LX50175",1,21,1,2,0,0,0,0,0,0,4,1,1,1,5,4250,2,4,2,1
"15266","201101LX50175",2,9,0,14,0,0,0,4,0,0,1,1,6,1,-1,1390,1,8,-1,-1
"15554","201101LX50371",1,11,0,2,0,0,0,0,0,0,0,1,1,1,7,8650,2,11,2,1
"18770","201101PL60377",1,9,0,5,0,0,0,0,0,0,3,1,6,1,7,3199,1,12,4,1
"18771","201101PL60377",2,9,0,18,0,0,0,0,0,0,4,1,6,1,7,1600,2,-1,2,1
"19578","201101PY20000",1,9,0,18,0,1,0,0,0,0,2,1,2,1,6,1149,1,3,6,1
"19579","201101PY20000",2,9,0,18,0,1,0,0,0,0,1,1,2,2,-1,998,1,18,-1,-1
"19580","201101PY20001",1,11,0,5,0,0,0,0,0,0,0,1,1,1,5,9000,2,2,3,1
"19581","201101PY20003",1,9,0,18,0,0,0,0,0,0,1,1,6,1,10,-1,-1,-1,6,1
"19582","201101PY20004",1,9,0,3,0,0,0,0,0,0,2,1,6,1,9,1590,1,9,8,1
"19583","201101PY20004",2,9,0,4,0,0,0,0,0,0,1,1,6,1,8,4966,1,8,9,1
"19584","201101PY20006",1,9,0,18,0,0,0,0,0,0,1,1,6,2,10,-1,-1,-1,-1,-1
"19585","201101PY20007",1,9,0,18,0,8,0,0,0,0,1,1,6,1,5,998,1,12,7,1
"19586","201101PY20007",2,9,0,1,0,8,0,0,0,0,4,1,6,2,7,1199,1,7,2,1
"19587","201101PY20009",1,9,0,16,0,0,5,10,7,0,4,1,6,1,6,1400,1,12,4,1
"19588","201101PY20010",1,5,0,18,0,8,1,0,0,0,0,1,6,1,7,-1,-1,-1,3,1
"19589","201101PY20010",2,9,0,9,0,8,0,0,0,0,0,1,6,1,-1,-1,-1,-1,4,1
"19590","201101PY20011",1,9,0,7,0,0,0,10,1,10,1,1,6,2,8,1596,1,2,6,1
"19591","201101PY20012",1,11,0,5,0,0,0,0,0,0,0,1,1,1,8,3900,2,5,-1,-1
"19592","201101PY20013",1,9,0,18,0,0,0,0,0,0,1,1,6,3,-1,-1,-1,-1,-1,-1
"19593","201101PY20014",1,9,0,18,0,8,0,0,0,0,3,1,6,2,4,1242,1,15,6,1
"19594","201101PY20014",2,9,0,9,0,8,0,0,0,0,1,1,6,1,-1,1596,1,8,10,1
"19595","201101PY20015",1,9,0,18,0,1,0,0,0,0,1,1,1,1,9,1596,1,9,7,1
"19596","201101PY20017",1,5,0,18,0,8,0,0,0,0,3,1,1,1,6,649,1,2,3,1
"19597","201101PY20018",1,9,0,9,0,2,0,0,0,0,1,1,2,1,4,1299,1,9,9,1
"19598","201101PY20018",2,9,0,18,0,1,0,0,0,0,1,1,6,2,6,1596,1,3,10,1
"19599","201101PY20019",1,11,0,5,0,0,0,0,0,0,1,1,1,1,6,9000,2,8,2,1