"","Acc_Index","Vehicle_Reference","Vehicle_Type","Towing_and_Articulation","Vehicle_Manoeuvre","Vehicle_Location.Restricted_Lane","Junction_Location","Skidding_and_Overturning","Hit_Object_in_Carriageway","Vehicle_Leaving_Carriageway","Hit_Object_off_Carriageway","X1st_Point_of_Impact","Was_Vehicle_Left_Hand_Drive","Journey_Purpose_of_Driver","Sex_of_Driver","Age_Band_of_Driver","Engine_Capacity_.CC.","Propulsion_Code","Age_of_Vehicle","Driver_IMD_Decile","Driver_Home_Area_Type"
"19600","201101PY20020",1,9,0,7,0,2,0,0,0,0,1,1,3,2,7,1390,1,10,9,1
"19601","201101PY20021",1,9,0,16,0,0,1,0,0,0,1,1,6,1,4,1196,1,18,4,3
"19602","201101PY20021",2,9,0,17,0,0,0,0,0,0,1,1,6,2,-1,1596,1,4,5,1
"19603","201101PY20022",1,9,0,9,0,8,0,0,0,0,1,1,6,2,8,998,1,6,8,1
"19604","201101PY20022",2,9,0,18,0,8,0,0,0,0,3,1,6,2,5,1199,1,9,9,1
"19605","201101PY20023",1,9,0,18,0,8,0,0,0,0,1,1,2,1,7,1396,1,11,4,1
"19606","201101PY20023",2,9,0,9,0,8,0,0,0,0,4,1,6,2,-1,1390,1,4,8,1
"19607","201101PY20024",1,9,0,18,0,0,0,0,0,0,1,1,6,2,9,1984,1,10,5,1
"19608","201101PY20025",1,9,0,4,0,0,0,0,0,0,2,1,6,2,6,1390,1,14,6,1
"19609","201101PY20025",2,9,0,18,0,0,0,0,0,0,1,1,6,1,-1,1783,1,8,-1,-1
"19610","201101PY20026",1,9,0,3,0,1,0,0,0,0,2,1,6,2,6,1390,1,1,9,1
"19611","201101PY20026",2,9,0,18,0,1,0,0,0,0,1,1,6,1,-1,1896,2,9,-1,-1
"19612","201101PY20027",1,9,0,18,0,8,0,0,0,0,1,1,6,2,4,1149,1,5,8,1
"19613","201101PY20027",2,9,0,9,0,8,0,0,0,0,3,1,6,2,5,1598,1,6,7,3
"19614","201101PY20028",1,9,0,18,0,0,0,0,0,0,3,1,6,1,9,1587,1,11,8,1
"19615","201101PY20028",2,19,0,13,0,0,0,0,0,0,4,1,6,1,7,1248,2,5,7,1
"19616","201101PY20029",1,9,0,18,0,0,0,0,0,0,1,1,6,1,8,1390,1,6,-1,-1
"19617","201101PY20030",1,9,0,18,0,8,0,0,0,0,3,1,6,1,6,1968,2,1,3,1
"19618","201101PY20030",2,9,0,18,0,8,0,0,0,0,1,1,6,1,9,2180,2,17,8,3
"19619","201101PY20031",1,9,0,18,0,8,0,0,0,0,3,1,6,1,5,-1,-1,-1,-1,-1
"19620","201101PY20031",2,9,0,18,0,8,1,0,0,0,3,1,6,1,4,1149,1,13,4,1
"19621","201101PY20032",1,9,0,6,0,0,0,0,0,0,3,1,6,2,7,1796,1,11,7,1
"19622","201101PY20032",2,5,0,14,0,0,1,0,0,0,4,1,2,1,7,599,1,14,8,3
"19625","201101PY20034",1,9,0,18,0,0,0,10,1,4,1,1,6,1,4,2148,2,5,10,1
"19626","201101PY20035",1,9,0,18,0,0,0,4,0,0,1,1,6,2,5,1840,1,12,6,2
"19627","201101PY20035",2,8,0,2,0,0,0,0,0,0,2,1,6,1,8,2402,2,6,7,1
"19629","201101PY20037",1,9,0,9,0,8,0,0,0,0,4,1,6,2,4,1389,1,9,-1,-1
"19630","201101PY20037",2,9,0,18,0,8,0,0,0,0,1,1,2,1,7,1997,1,9,5,1
"19631","201101PY20038",1,9,0,18,0,0,0,0,0,0,1,1,6,3,-1,-1,-1,-1,-1,-1
"19632","201101PY20039",1,9,0,18,0,0,0,0,0,0,1,1,1,1,9,1998,2,10,2,1
"19633","201101PY20039",2,9,0,18,0,0,0,0,0,0,2,1,1,2,4,1240,1,6,6,1
"19634","201101PY20040",1,5,0,18,0,2,0,0,0,0,1,1,6,1,6,919,1,8,9,1
"19635","201101PY20041",1,4,0,7,0,2,0,0,0,0,0,1,1,1,9,498,1,19,4,1
"19636","201101PY20041",2,9,0,18,0,2,0,0,0,0,0,1,1,2,7,1461,2,7,2,1
"19637","201101PY20042",1,9,0,18,0,8,0,0,0,0,3,1,6,2,5,1896,2,12,2,1
"19638","201101PY20042",2,19,0,13,0,8,0,0,0,0,4,1,6,1,-1,-1,-1,-1,-1,-1
"19639","201101PY20043",1,9,0,9,0,6,0,0,0,0,1,1,2,2,5,1242,1,8,8,1
"19640","201101PY20043",2,19,0,18,0,8,0,0,0,0,4,1,2,1,6,1868,2,7,7,1
"19641","201101PY20044",1,9,0,2,0,2,0,0,0,0,3,1,2,2,6,2398,1,12,9,1
"19642","201101PY20044",2,1,0,18,0,2,0,8,0,0,1,1,2,1,-1,-1,-1,-1,6,1
"19643","201101PY20045",1,9,0,18,0,0,1,10,7,4,3,1,6,1,4,1998,1,11,4,1
"19644","201101PY20046",1,9,0,17,0,0,0,10,7,0,3,1,6,2,7,1360,1,10,7,1
"19645","201101PY20046",2,9,0,16,0,0,0,0,0,0,3,1,6,2,7,1360,1,10,1,1
"19646","201101PY20046",3,9,0,16,0,0,0,0,0,0,3,1,6,1,7,1896,2,8,5,1
"19647","201101PY20046",4,9,0,16,0,0,0,0,0,0,1,1,6,1,8,2157,1,14,7,1
"19648","201101PY20047",1,9,0,18,0,8,0,0,0,0,3,1,6,1,8,599,1,9,9,1
"19649","201101PY20047",2,9,0,9,0,8,0,0,0,0,1,1,1,2,6,1968,2,1,10,2
"19650","201101PY20048",1,9,0,9,0,8,0,0,0,0,1,1,6,2,6,1781,1,9,4,1
"19651","201101PY20051",1,1,0,9,0,8,1,0,0,0,0,1,2,2,8,-1,-1,-1,9,1
"19652","201101PY20051",2,9,0,18,0,8,0,0,0,0,0,1,6,1,-1,1596,1,2,-1,-1
"19653","201101PY20052",1,9,0,7,0,5,0,0,0,0,1,1,1,1,8,1896,2,2,8,1
"19654","201101PY20052",2,8,0,7,0,5,0,0,0,0,2,1,1,1,10,2499,2,4,10,1
"19655","201101PY20053",1,9,0,18,0,0,0,0,7,10,4,1,6,1,4,998,1,31,5,1
"19656","201101PY20054",1,9,0,18,0,8,0,0,0,0,1,1,6,2,8,1988,1,13,3,1
"19657","201101PY20054",2,9,0,9,0,8,0,0,0,0,4,1,6,1,-1,-1,-1,-1,-1,-1
"19658","201101PY20055",1,3,0,18,0,1,0,0,0,0,4,1,1,1,5,125,1,2,3,1
"19659","201101PY20055",2,9,0,5,0,1,0,0,0,0,3,1,6,1,-1,-1,-1,-1,-1,-1
"19660","201101PY20056",1,19,0,18,2,8,0,0,0,0,1,1,1,1,5,1753,2,4,4,1
"19661","201101PY20056",2,19,0,9,2,8,0,0,0,0,4,1,1,1,6,1560,2,1,9,1
"19662","201101PY20057",1,9,0,9,0,8,0,0,0,0,3,1,6,2,5,-1,-1,-1,7,1
"19663","201101PY20057",2,9,0,9,0,8,0,0,0,0,1,1,1,2,8,1998,1,10,-1,-1
"19664","201101PY20058",1,3,0,9,0,8,0,0,0,0,4,1,6,1,7,-1,-1,-1,8,1
"19665","201101PY20058",2,9,0,18,0,8,0,0,0,0,1,1,6,2,9,1240,1,6,5,1
"19666","201101PY20060",1,9,0,18,0,8,0,0,0,0,1,1,6,2,6,1598,1,3,7,1
"19667","201101PY20060",2,9,0,7,0,8,0,0,0,0,3,1,6,1,8,1995,2,6,9,1
"19668","201101PY20061",1,9,0,18,0,8,0,0,0,0,3,1,6,1,5,1799,1,13,2,1
"19669","201101PY20061",2,9,0,9,0,8,0,0,0,0,1,1,6,2,-1,-1,-1,-1,-1,-1
"19670","201101PY20062",1,9,0,18,0,0,5,4,0,0,1,1,6,1,6,-1,-1,-1,8,1
"19671","201101PY20062",2,20,0,2,0,0,0,0,0,0,2,1,6,3,-1,-1,-1,-1,-1,-1
"19672","201101PY20063",1,9,0,16,0,2,0,7,0,0,1,1,6,1,7,1686,2,6,10,1
"19673","201101PY20064",1,9,0,4,0,1,0,0,0,0,2,1,6,2,8,1388,1,3,9,1
"19674","201101PY20064",2,9,0,18,0,1,0,0,0,0,1,1,6,1,9,1299,1,11,3,1
"19675","201101PY20065",1,9,0,18,0,8,0,0,0,0,4,1,2,1,8,1796,1,9,7,1
"19676","201101PY20065",2,9,0,9,0,8,0,0,0,0,1,1,2,2,8,1390,1,8,7,1
"19677","201101PY20066",1,9,0,18,0,0,0,10,1,1,3,1,6,1,4,1196,1,15,7,1
"19678","201101PY20066",2,9,0,18,0,0,0,10,0,0,3,1,6,2,4,1199,1,9,1,1
"19679","201101PY20067",1,9,0,18,0,0,0,0,0,0,1,1,6,1,8,1596,1,5,10,1
"19680","201101PY20067",2,9,0,4,0,0,0,0,0,0,2,1,6,2,6,1598,1,8,2,1
"19681","201101PY20068",1,11,0,4,0,0,0,0,0,0,4,1,1,1,8,-1,2,8,2,1
"19682","201101PY20070",1,9,0,8,0,1,0,0,0,0,1,1,6,2,7,1386,1,8,1,1
"19683","201101PY20070",2,9,0,1,0,1,0,0,0,0,0,1,6,1,-1,-1,-1,-1,-1,-1
"19684","201101PY20071",1,9,0,7,0,5,0,7,0,0,1,1,6,1,4,1388,1,7,10,1
"19685","201101PY20072",1,9,0,3,0,0,0,0,0,0,2,1,2,2,6,1299,1,9,10,2
"19686","201101PY20072",2,9,0,18,0,0,0,0,0,0,1,1,6,1,-1,1595,2,2,8,1
"19687","201101PY20073",1,9,0,18,0,8,1,10,7,10,2,1,6,1,6,2979,1,8,8,1
"19688","201101PY20074",1,9,0,18,0,0,1,0,0,0,1,1,6,1,7,2835,2,14,7,1
"19689","201101PY20074",2,9,0,18,0,0,0,0,0,0,1,1,6,2,-1,-1,-1,-1,-1,-1
"19690","201101PY20075",1,11,0,7,0,6,0,2,0,0,4,1,1,2,8,9000,2,2,7,1
"19691","201101PY20077",1,9,0,18,0,0,0,0,0,0,3,1,6,1,6,1870,2,8,9,1
"19692","201101PY20077",2,9,0,18,0,0,1,0,0,0,3,1,6,1,6,1995,2,1,6,1
"19693","201101PY20077",3,19,0,18,0,0,0,0,0,0,3,1,6,1,8,1686,2,5,2,1
"19694","201101PY20078",1,8,0,18,0,8,0,0,0,0,4,1,1,1,-1,2402,2,5,10,1
"19695","201101PY20078",2,9,0,9,0,8,0,0,0,0,1,1,6,2,4,1364,1,6,5,1
"19698","201101PY20080",1,9,0,18,0,1,1,4,0,0,1,1,2,2,9,1598,1,7,8,1
"19699","201101PY20080",2,9,0,2,0,1,0,10,1,0,2,1,6,1,7,5343,1,22,8,1
"19700","201101PY20083",1,8,0,5,0,8,0,0,0,0,1,1,1,1,9,-1,-1,-1,5,1
"19701","201101PY20083",2,9,0,4,0,8,0,0,0,0,2,1,6,2,7,1997,2,4,4,1
"19702","201101PY20084",1,9,0,3,0,1,0,0,0,0,1,1,6,1,9,1998,1,10,10,1
"19703","201101PY20084",2,9,0,3,0,1,0,0,0,0,2,1,6,2,4,1199,1,8,4,3
"19704","201101PY20084",3,9,0,3,0,1,0,0,0,0,2,1,1,1,4,3200,1,7,4,3
"19705","201101PY20085",1,90,0,18,0,8,0,0,0,0,1,1,1,2,5,-1,-1,-1,2,1
"19706","201101PY20085",2,9,0,9,0,8,0,0,0,0,3,1,2,1,7,1951,2,9,-1,-1
"19707","201101PY20087",1,9,0,9,0,8,0,0,0,0,1,1,6,1,7,1997,2,3,9,1
"19708","201101PY20087",2,9,0,18,3,8,0,0,0,0,3,1,6,2,6,1968,1,3,9,1
"19709","201101PY20087",3,9,0,18,0,8,0,0,0,0,3,1,6,2,7,1984,1,4,10,1
"19710","201101PY20088",1,9,0,18,0,2,0,0,0,0,1,1,1,1,6,1797,8,1,10,1
"19711","201101PY20089",1,9,0,7,0,5,0,0,0,0,1,1,6,3,-1,-1,-1,-1,-1,-1
"19712","201101PY20090",1,11,0,5,0,0,0,0,0,0,0,1,1,1,-1,-1,-1,-1,-1,-1
"19713","201101PY20091",1,3,0,9,0,8,0,0,0,0,4,1,6,1,6,124,1,1,5,1
"19714","201101PY20091",2,10,0,18,0,8,0,0,0,0,1,1,6,2,7,2461,2,4,2,1
"19715","201101PY20091",3,10,0,8,0,8,0,0,0,0,1,1,6,2,8,-1,-1,-1,-1,-1
"19716","201101PY20093",1,9,0,9,0,8,0,0,0,0,3,1,6,1,4,998,1,5,9,1
"19717","201101PY20093",2,9,0,18,0,8,0,0,0,0,1,1,6,1,5,1995,1,6,8,1
"19718","201101PY20094",1,9,0,9,0,8,0,0,0,0,1,1,6,1,8,1497,8,5,10,1
"19719","201101PY20095",1,9,0,7,0,6,0,0,0,0,3,1,6,2,9,1390,1,9,10,1
"19720","201101PY20095",2,2,0,18,0,1,0,0,0,0,4,1,6,1,9,124,1,10,3,1
"19721","201101PY20096",1,9,0,18,0,0,0,0,0,0,1,1,6,2,4,1242,1,9,-1,-1
"19722","201101PY20096",2,9,0,4,0,0,0,0,0,0,2,1,6,1,4,1124,1,8,7,1
"19723","201101PY20097",1,11,0,5,0,1,0,0,0,0,1,1,1,1,8,8268,2,10,10,1
"19724","201101PY20097",2,9,0,7,0,5,0,0,0,0,4,1,1,2,5,-1,-1,-1,4,1
"19725","201101PY20098",1,9,0,18,0,1,0,0,0,0,1,1,6,1,7,1598,1,6,4,1
"19726","201101PY20098",2,9,0,3,0,1,0,0,0,0,1,1,6,2,6,1560,2,2,10,1
"19727","201101PY20098",3,9,0,9,0,5,0,0,0,0,4,1,6,2,9,1364,2,4,9,2
"19728","201101PY20099",1,5,0,16,0,1,0,0,0,0,1,1,6,1,7,996,1,8,9,1
"19729","201101PY20099",2,9,0,7,0,6,0,0,0,0,3,1,6,2,8,1951,2,6,10,1
"19730","201101PY20100",1,9,0,5,0,1,0,0,0,0,1,1,6,2,7,1240,1,2,2,1
"19731","201101PY20101",1,9,0,14,0,8,0,0,0,0,1,1,6,1,4,1229,1,3,8,1
"19732","201101PY20102",1,9,0,3,0,8,0,0,0,0,2,1,6,2,6,1360,1,5,7,1
"19733","201101PY20102",2,9,0,18,0,8,0,0,0,0,1,1,6,2,-1,1998,1,7,3,1
"19734","201101PY20103",1,9,0,7,0,8,0,0,0,0,3,1,6,1,9,2400,2,2,7,1
"19735","201101PY20103",2,3,0,18,0,8,0,0,0,0,1,1,6,1,4,124,1,9,6,1
"19736","201101PY20105",1,19,0,4,0,8,0,0,0,0,2,1,2,1,8,2402,2,11,-1,-1
"19737","201101PY20105",2,9,0,4,0,8,1,0,0,0,1,1,2,2,-1,1242,1,13,-1,-1
"19738","201101PY20106",1,9,0,18,0,8,0,0,0,0,4,1,6,2,9,1595,1,11,2,1
"19739","201101PY20106",2,9,0,18,0,8,0,0,0,0,1,1,6,2,6,1596,1,4,7,1
"19740","201101PY20107",1,9,0,18,0,0,0,0,0,0,1,1,6,1,-1,-1,-1,-1,-1,-1
"19741","201101PY20108",1,9,0,18,0,0,0,10,1,2,1,1,6,1,5,1364,1,5,-1,1
"19742","201101PY20109",1,3,0,3,0,8,0,0,0,0,2,1,6,1,4,-1,-1,-1,7,1
"19743","201101PY20109",2,9,0,18,0,8,0,0,0,0,1,1,6,2,-1,1198,1,8,7,1
"19744","201101PY20114",1,9,0,5,0,0,0,0,0,0,1,1,6,3,-1,1299,1,16,-1,-1
"19745","201101PY20115",1,9,0,17,0,0,0,4,0,0,1,1,6,2,9,1598,1,5,7,1
"19746","201101PY20115",2,9,0,2,0,0,0,0,0,0,2,1,6,2,9,1390,1,-1,3,1
"19747","201101PY20116",1,9,0,5,0,0,0,0,0,0,2,1,6,2,8,1198,1,1,2,1
"19748","201101PY20116",2,9,0,18,0,0,0,0,0,0,1,1,6,1,-1,1598,2,1,5,1
"19749","201101PY20116",3,9,0,5,0,0,0,0,0,0,2,1,6,2,6,1598,1,7,2,1
"19750","201101PY20117",1,9,0,9,0,6,0,0,0,0,3,1,6,1,4,1149,1,9,7,1
"19751","201101PY20117",2,9,0,18,0,8,0,0,0,0,1,1,6,1,6,1388,1,3,3,1
"19752","201101PY20118",1,9,0,17,0,1,1,10,1,2,1,1,6,1,6,1388,1,12,-1,-1
"19753","201101PY20119",1,9,0,18,0,8,0,0,0,0,3,1,1,1,6,2204,2,4,6,1
"19754","201101PY20119",2,3,0,17,0,8,0,0,0,0,1,1,1,2,7,124,1,2,9,1
"19755","201101PY20121",1,5,0,10,0,1,0,0,0,0,2,1,2,1,8,1198,1,12,2,1
"19756","201101PY20121",2,9,0,5,0,1,0,0,0,0,1,1,2,1,9,1796,1,1,8,1
"19757","201101PY20122",1,9,0,18,0,0,0,0,0,0,1,1,6,2,8,2000,1,3,8,1
"19758","201101PY20123",1,19,0,5,0,6,0,0,0,0,1,1,1,1,-1,1995,2,2,-1,-1
"19759","201101PY20124",1,21,1,18,0,2,0,0,0,0,1,1,1,1,-1,10837,2,1,-1,-1
"19760","201101PY20125",1,9,0,4,0,8,0,0,0,0,2,1,6,2,5,1388,1,8,4,1
"19761","201101PY20125",2,9,0,5,0,8,0,0,0,0,1,1,6,2,-1,1998,2,8,7,1
"19762","201101PY20126",1,9,0,5,0,0,0,0,0,0,1,1,6,2,5,-1,-1,-1,-1,-1
"19763","201101PY20126",2,21,0,11,0,0,0,0,0,0,4,1,6,1,-1,8867,2,3,-1,-1
"19764","201101PY20127",1,9,0,9,0,8,0,0,0,0,4,1,6,2,7,1896,2,3,8,1
"19765","201101PY20127",2,9,0,18,0,8,0,0,0,0,1,1,6,3,-1,-1,-1,-1,-1,-1
"19766","201101PY20128",1,9,0,9,0,5,0,0,0,0,3,1,6,1,4,1242,1,5,9,1
"19767","201101PY20128",2,5,0,13,0,8,0,0,0,0,1,1,6,2,9,-1,-1,-1,4,1
"19768","201101PY20129",1,9,0,18,0,8,0,0,0,0,1,1,6,1,4,1196,1,16,8,1
"19769","201101PY20129",2,9,0,9,0,8,0,0,0,0,3,1,6,2,5,1596,1,11,8,1
"19770","201101PY20130",1,9,0,18,0,0,0,0,0,0,3,1,6,1,8,1560,2,2,4,1
"19771","201101PY20131",1,3,0,9,0,8,0,0,0,0,4,1,6,1,5,-1,-1,-1,5,1
"19772","201101PY20131",2,19,0,18,0,8,0,0,0,0,1,1,6,1,6,1753,2,8,7,1
"19773","201101PY20132",1,9,0,4,0,8,0,0,0,0,4,1,6,1,4,1598,1,5,-1,-1
"19774","201101PY20132",2,9,0,9,0,8,0,0,0,0,1,1,6,1,5,1242,1,9,10,1
"19775","201101PY20133",1,9,0,7,0,6,0,0,0,0,1,1,6,1,4,1124,1,7,6,1
"19776","201101PY20133",2,9,0,18,0,8,0,4,0,0,4,1,6,2,10,998,1,16,7,1
"19777","201101PY20133",3,19,0,2,0,2,0,0,0,0,2,1,6,1,5,-1,-1,-1,6,1
"19778","201101PY20134",1,19,0,18,0,8,0,0,0,0,4,1,2,1,6,2500,2,6,-1,-1
"19779","201101PY20134",2,9,0,5,0,8,0,0,0,0,1,1,6,1,-1,2500,6,14,9,1
"19780","201101PY20135",1,9,0,18,0,0,0,0,0,0,4,1,1,1,9,1968,2,1,-1,-1
"19781","201101PY20136",1,3,0,18,0,8,0,0,0,0,4,1,2,1,4,125,1,1,9,1
"19782","201101PY20136",2,9,0,9,0,8,0,0,0,0,3,1,6,2,5,1229,1,3,4,1
"19783","201101PY20138",1,9,0,18,0,8,0,0,0,0,1,1,6,2,9,1783,1,10,9,1
"19784","201101PY20138",2,9,0,18,0,8,0,4,0,0,4,1,6,2,10,1329,1,1,9,1
"19785","201101PY20138",3,9,0,2,0,2,0,0,0,0,2,1,6,1,10,1968,2,3,9,1
"19786","201101PY20140",1,3,0,18,0,0,1,0,0,0,3,1,2,1,4,124,1,8,10,1
"19787","201101PY20141",1,9,0,18,0,0,0,4,0,0,1,1,6,1,4,1242,1,2,4,1
"19788","201101PY20141",2,9,0,2,0,0,0,4,0,0,2,1,6,2,-1,-1,-1,-1,4,1
"19789","201101PY20141",3,9,0,2,0,0,0,4,0,0,1,1,6,1,-1,1998,1,6,4,1
"19790","201101PY20141",4,19,0,2,0,0,0,4,0,0,2,1,6,1,-1,2198,2,2,4,1
"19791","201101PY20141",5,9,0,2,0,0,0,0,0,0,2,1,6,1,-1,1797,8,1,4,1
"19792","201101PY20142",1,9,0,3,0,1,0,0,0,0,3,1,6,2,6,1753,2,8,6,1
"19793","201101PY20142",2,20,0,5,0,1,0,0,0,0,4,1,6,3,-1,-1,-1,-1,-1,-1
"19794","201101PY20143",1,9,0,7,0,6,0,0,0,0,3,1,6,2,-1,-1,-1,-1,-1,-1
"19795","201101PY20145",1,9,0,18,0,0,0,0,0,0,1,1,6,2,-1,1870,2,8,2,1
"197961","201101PY20145",2,9,0,3,0,0,0,0,0,0,2,1,6,2,6,1910,2,5,6,1
"197971","201101PY20146",1,9,0,18,0,0,0,0,0,0,1,1,6,2,7,1596,1,4,10,1
"19798","201101PY20147",1,11,0,18,0,0,0,0,0,0,0,1,1,1,7,9000,2,8,2,1
"19799","201101PY20148",1,1,0,18,0,1,0,0,0,0,3,1,6,2,7,-1,-1,-1,9,1
"19800","201101PY20148",2,9,0,11,0,1,0,0,0,0,4,1,6,1,-1,1997,2,2,3,1
"19801","201101PY20149",1,11,0,18,0,0,0,0,0,0,0,1,1,1,9,-1,2,8,2,1
"19802","201101PY20150",1,9,0,18,0,0,0,0,0,0,3,1,6,2,6,1490,1,4,7,1
"19803","201101PY20150",2,19,0,18,0,0,0,0,0,0,3,1,6,1,6,-1,-1,-1,4,1
"19804","201101PY20151",1,9,0,18,0,0,0,4,0,0,1,1,6,2,9,1587,1,18,7,1
"19805","201101PY20151",2,9,0,2,0,0,0,0,0,0,2,1,6,1,7,1870,2,6,10,1
"19806","201101PY20152",1,9,0,18,0,0,0,4,0,0,1,1,6,1,4,1242,1,3,8,1
"19807","201101PY20152",2,9,0,2,0,0,0,4,0,0,1,1,6,2,9,1870,2,3,8,1
"19808","201101PY20152",3,9,0,2,0,0,0,0,0,0,1,1,6,1,7,2148,2,4,8,1
"19811","201101PY20154",1,5,0,18,0,1,0,0,0,0,4,1,2,1,7,599,1,3,4,1
"19812","201101PY20154",2,9,0,5,0,1,0,0,0,0,3,1,6,2,-1,-1,-1,-1,-1,-1
"19813","201101PY20155",1,1,0,18,0,8,0,0,0,0,1,1,6,1,7,-1,-1,-1,10,1
"19814","201101PY20155",2,9,0,9,0,8,0,0,0,0,3,1,6,2,-1,1796,1,11,8,1
"19815","201101PY20156",1,9,0,9,0,8,0,0,0,0,3,1,1,1,8,2979,1,10,7,1
"19816","201101PY20156",2,5,0,13,0,8,0,0,0,0,4,1,1,1,6,1690,1,-1,8,1
"19817","201101PY20157",1,9,0,14,0,0,0,0,0,0,1,1,1,2,5,1299,1,11,-1,-1
"19818","201101PY20158",1,9,0,18,0,0,0,10,1,0,1,1,6,2,4,1149,1,10,3,1
"19819","201101PY20160",1,9,0,18,0,2,0,0,0,0,1,1,6,1,6,3189,1,7,9,1
"19820","201101PY20160",2,19,0,4,0,2,0,0,0,0,2,1,1,1,9,2496,2,17,2,1
"19821","201101PY20162",1,1,0,18,0,8,0,0,0,0,3,1,6,1,6,-1,-1,-1,5,1
"19822","201101PY20162",2,9,0,9,0,8,0,0,0,0,1,1,6,2,-1,1398,2,7,-1,-1
"19823","201101PY20163",1,9,0,18,0,0,0,0,0,0,4,1,6,3,-1,-1,-1,-1,-1,-1
"19824","201101PY20165",1,9,0,18,0,1,0,0,0,0,1,1,6,1,8,1896,2,1,8,1
"19825","201101PY20165",2,9,0,10,0,1,0,0,0,0,2,1,6,2,5,1299,1,3,9,1
"19826","201101PY20166",1,9,0,18,0,8,0,0,0,0,1,1,6,1,7,2982,2,2,9,1
"19827","201101PY20166",2,9,0,9,0,8,0,0,0,0,3,1,6,2,8,-1,-1,-1,9,1
"19828","201101PY20167",1,8,0,18,0,0,0,4,1,10,1,1,1,1,7,2664,2,11,-1,-1
"19829","201101PY20167",2,20,0,2,0,0,0,0,0,0,2,1,6,1,-1,-1,-1,-1,-1,-1
"19830","201101PY20168",1,20,0,18,9,0,0,0,0,0,1,1,6,3,-1,-1,-1,-1,-1,-1
"19831","201101PY20169",1,9,0,18,0,8,0,0,0,0,3,1,2,1,8,2544,1,13,9,1
"19832","201101PY20169",2,19,0,9,0,8,0,0,0,0,1,1,1,1,8,2835,2,10,5,1
"19833","201101PY20170",1,9,0,9,0,8,0,0,0,0,4,1,1,1,7,-1,-1,-1,9,1
"19834","201101PY20170",2,5,0,18,0,8,1,0,0,0,1,1,2,1,8,499,1,6,4,1
"19835","201101PY20171",1,9,0,9,0,8,0,0,0,0,1,1,6,2,7,1600,1,13,5,1
"19836","201101PY20171",2,5,0,18,0,8,0,0,0,0,1,1,6,1,9,1198,1,1,9,1
"19837","201101PY20172",1,9,0,13,0,0,0,0,0,0,2,1,6,1,9,1396,1,13,9,1
"19838","201101PY20172",2,3,0,13,0,0,0,0,0,0,1,1,1,1,-1,124,1,2,7,1
"19839","201101PY20173",1,9,0,18,0,1,0,0,0,0,1,1,6,2,6,1390,1,4,8,1
"19840","201101PY20173",2,9,0,4,0,1,0,0,0,0,2,1,6,2,8,1598,1,6,3,1
"19841","201101PY20174",1,9,0,3,0,1,0,0,0,0,2,1,6,1,7,1998,1,4,5,1
"19842","201101PY20174",2,9,0,18,0,1,0,0,0,0,1,1,6,2,-1,1598,1,12,-1,-1
"19843","201101PY20175",1,9,0,18,0,2,0,0,0,0,4,1,6,3,-1,-1,-1,-1,-1,-1
"19844","201101PY20176",1,19,0,18,0,0,0,0,0,0,1,1,6,3,-1,-1,-1,-1,-1,-1
"19845","201101PY20177",1,9,0,18,0,0,0,10,1,0,1,1,6,1,-1,1598,1,9,2,1
"19846","201101PY20178",1,9,0,18,0,2,0,0,0,0,1,1,6,2,7,1796,1,12,8,1
"19847","201101PY20178",2,9,0,18,0,2,0,0,0,0,2,1,6,2,-1,2993,2,6,-1,-1
"19848","201101PY20179",1,9,0,9,0,8,0,0,0,0,1,1,1,2,8,1896,2,4,6,1
"19849","201101PY20179",2,2,0,18,0,8,0,0,0,0,3,1,1,1,5,-1,-1,-1,5,1
"19850","201101PY20180",1,9,0,18,0,0,0,10,1,4,1,1,6,1,8,3199,1,13,9,3
"19851","201101PY20181",1,9,0,18,2,0,0,0,0,0,0,1,3,2,7,1984,1,-1,4,1
"19852","201101PY20181",2,9,0,18,2,0,0,0,0,0,0,1,6,1,-1,1597,1,5,-1,-1
"19853","201101PY20182",1,9,0,18,0,2,0,10,1,7,4,1,6,1,4,-1,-1,-1,3,1
"19854","201101PY20183",1,1,0,17,0,8,0,0,0,0,4,1,6,1,7,-1,-1,-1,2,1
"19855","201101PY20183",2,19,0,5,0,6,0,0,0,0,1,1,6,1,-1,2148,2,3,-1,-1
"19856","201101PY20184",1,9,0,18,0,0,0,0,0,0,1,1,6,1,6,998,1,11,2,1
"19857","201101PY20185",1,9,0,18,0,1,0,0,0,0,1,1,6,2,-1,1461,2,1,-1,-1
"19858","201101PY20185",2,9,0,3,0,1,0,0,0,0,2,1,6,1,6,1905,2,13,8,3
"19859","201101PY20186",1,9,0,18,0,8,0,0,0,0,1,1,6,2,7,1598,1,9,2,1
"19860","201101PY20186",2,9,0,9,0,6,0,0,0,0,3,1,6,2,8,2295,1,6,8,1
"19861","201101PY20187",1,9,0,4,0,0,0,0,0,0,2,1,6,2,7,-1,-1,-1,9,1
"19862","201101PY20187",2,9,0,18,0,0,0,0,0,0,1,1,6,2,-1,1995,2,7,9,1
"19863","201101PY20188",1,19,0,18,0,0,2,4,0,0,1,1,2,1,4,1248,2,6,9,1
"19864","201101PY20188",2,19,0,2,0,0,0,0,0,0,2,1,6,3,-1,1560,2,1,-1,-1