"","Acc_Index","Vehicle_Reference","Vehicle_Type","Towing_and_Articulation","Vehicle_Manoeuvre","Vehicle_Location.Restricted_Lane","Junction_Location","Skidding_and_Overturning","Hit_Object_in_Carriageway","Vehicle_Leaving_Carriageway","Hit_Object_off_Carriageway","X1st_Point_of_Impact","Was_Vehicle_Left_Hand_Drive","Journey_Purpose_of_Driver","Sex_of_Driver","Age_Band_of_Driver","Engine_Capacity_.CC.","Propulsion_Code","Age_of_Vehicle","Driver_IMD_Decile","Driver_Home_Area_Type"
"19865","201101PY20188",3,9,0,2,0,0,0,0,0,0,2,1,6,1,-1,2498,1,13,6,1
"19866","201101PY20189",1,9,0,18,0,1,0,0,0,0,1,1,6,2,5,1900,2,5,7,1
"19867","201101PY20190",1,9,0,18,0,1,0,0,0,0,1,1,6,1,10,1396,1,11,8,1
"19868","201101PY20191",1,9,0,18,0,0,0,0,0,0,1,1,6,2,8,-1,-1,-1,-1,-1
"19869","201101PY20191",2,9,0,18,0,0,0,0,0,0,1,1,1,1,5,-1,-1,-1,2,1
"19872","201101PY20193",1,9,0,18,0,1,0,7,0,0,1,1,6,1,10,2987,2,6,9,1
"19873","201101PY20194",1,9,0,18,0,0,0,7,1,0,1,1,6,1,5,1598,1,11,2,1
"19874","201101PY20195",1,9,0,18,0,0,0,4,0,0,1,1,6,1,5,1124,1,8,8,3
"19875","201101PY20195",2,9,0,2,0,0,0,0,0,0,1,1,6,1,-1,1598,1,6,10,1
"19876","201101PY20196",1,9,0,18,0,0,0,0,0,0,4,1,6,3,-1,-1,-1,-1,-1,-1
"19877","201101PY20197",1,9,0,9,0,2,0,0,0,0,1,1,6,3,-1,1995,1,9,-1,-1
"19878","201101PY20198",1,9,0,9,0,6,0,0,0,0,3,1,6,2,5,1242,1,5,9,1
"19879","201101PY20198",2,9,0,18,0,1,0,0,0,0,1,1,6,2,4,1299,1,11,10,1
"19880","201101PY20199",1,9,0,6,0,8,0,0,0,0,4,1,6,2,8,998,1,2,7,1
"19881","201101PY20199",2,9,0,18,0,8,0,0,0,0,1,1,6,1,7,-1,-1,-1,-1,-1
"19882","201101PY20200",1,9,0,18,0,8,0,0,0,0,1,1,6,2,8,1895,1,9,10,1
"19883","201101PY20200",2,1,0,18,0,8,0,0,0,0,4,1,6,1,6,-1,-1,-1,3,1
"19884","201101PY20201",1,9,0,5,0,8,0,0,0,0,1,1,6,2,5,2000,2,6,2,1
"19885","201101PY20201",2,9,0,5,0,8,0,0,0,0,1,1,6,2,5,1956,2,-1,2,1
"19886","201101PY20201",3,9,0,2,0,8,0,0,0,0,2,1,6,1,-1,1598,1,11,-1,-1
"19887","201101PY20202",1,9,0,9,0,6,0,0,0,0,3,1,6,2,10,1240,1,7,9,1
"19888","201101PY20202",2,19,0,18,0,1,0,0,0,0,1,1,1,1,7,2287,2,3,1,1
"19889","201101PY20203",1,9,0,5,0,0,0,8,0,0,1,1,1,1,7,1587,1,8,1,1
"19890","201101PY20203",2,19,0,5,0,0,0,0,0,0,2,1,1,1,-1,2300,2,6,-1,-1
"19891","201101PY20204",1,9,0,7,0,2,0,7,0,0,1,1,6,1,6,1299,1,11,6,1
"19892","201101PY20205",1,9,0,18,9,0,0,10,1,4,1,1,6,2,11,1386,1,5,6,1
"19893","201101PY20206",1,9,0,3,0,1,0,0,0,0,2,1,6,1,-1,-1,-1,-1,-1,-1
"19894","201101PY20206",2,19,0,18,0,1,0,0,0,0,1,1,6,1,-1,1998,2,6,-1,-1
"19895","201101PY20207",1,9,0,18,0,8,0,0,0,0,3,1,6,2,11,1296,1,4,9,1
"19896","201101PY20207",2,19,0,9,0,6,0,0,0,0,1,1,1,1,7,1870,2,6,10,1
"19897","201101PY20208",1,9,0,18,0,1,0,0,0,0,1,1,6,1,4,999,1,13,7,1
"19898","201101PY20208",2,8,0,18,0,2,0,0,0,0,1,1,1,1,8,2499,2,3,8,1
"19899","201101PY20209",1,19,0,3,0,0,0,0,0,0,2,1,1,1,8,1997,2,5,4,1
"19900","201101PY20209",2,9,0,3,0,0,0,0,0,0,2,1,1,2,5,1198,1,2,10,1
"19901","201101PY20209",3,9,0,3,0,0,0,0,0,0,2,1,1,1,8,1910,2,3,1,1
"19902","201101PY20209",4,9,0,18,0,0,0,0,0,0,1,1,3,2,8,1598,1,2,8,1
"19903","201101PY20210",1,9,0,9,0,5,0,0,0,0,0,1,6,2,-1,-1,-1,-1,-1,-1
"19904","201101PY20210",2,11,0,18,0,1,0,0,0,0,0,1,1,1,6,-1,-1,-1,1,1
"19905","201101PY20211",1,9,0,9,0,5,0,0,0,0,1,1,6,2,7,1150,1,7,6,1
"19906","201101PY20211",2,5,0,18,0,1,0,0,0,0,1,1,6,1,8,999,1,9,7,1
"19907","201101PY20212",1,9,0,18,0,8,0,0,0,0,4,1,6,1,6,-1,-1,-1,10,1
"19908","201101PY20212",2,9,0,9,0,8,0,0,0,0,1,1,6,1,-1,1596,1,4,10,1
"19909","201101PY20213",1,9,0,18,0,2,0,0,0,0,4,1,6,1,11,1397,1,1,9,1
"19910","201101PY20214",1,9,0,18,0,0,0,0,0,0,1,1,6,1,-1,-1,-1,-1,-1,-1
"19914","201101PY20216",1,9,0,18,0,8,0,0,1,0,1,1,6,2,7,-1,-1,-1,6,1
"19915","201101PY20216",2,9,0,9,0,8,0,0,0,0,1,1,2,2,4,1240,1,6,9,1
"19916","201101PY20217",1,9,0,9,0,8,0,0,0,0,1,1,1,1,5,1956,2,-1,7,1
"19917","201101PY20217",2,1,0,18,0,8,0,0,0,0,3,1,6,2,7,-1,-1,-1,3,1
"19918","201101PY20218",1,9,0,5,0,8,0,0,0,0,2,1,6,2,8,-1,-1,-1,-1,-1
"19919","201101PY20218",2,9,0,18,0,8,0,0,0,0,1,1,6,2,4,1398,1,9,10,1
"19920","201101PY20220",1,9,0,2,0,0,0,0,0,0,3,1,6,1,8,1796,1,16,3,1
"19921","201101PY20220",2,1,0,18,0,0,0,8,0,0,1,1,6,1,5,-1,-1,-1,2,1
"19922","201101PY20221",1,5,0,18,0,1,0,0,0,0,4,1,6,1,7,599,1,11,6,1
"19923","201101PY20221",2,19,0,18,0,1,0,0,0,0,0,1,6,3,-1,-1,-1,-1,-1,-1
"19924","201101PY20223",1,9,0,9,0,1,0,0,0,0,3,1,1,2,5,998,1,3,-1,-1
"19925","201101PY20223",2,9,0,7,0,2,0,0,0,0,3,1,6,2,7,1360,1,6,7,1
"19926","201101PY20224",1,9,0,18,0,0,0,0,0,0,1,1,2,2,5,1364,2,6,-1,-1
"19927","201101PY20224",2,19,0,18,0,0,0,0,0,0,1,1,1,1,5,1870,2,6,8,1
"19928","201101PY20225",1,9,0,18,0,6,1,0,0,0,1,1,2,2,-1,1753,2,9,-1,-1
"19929","201101PY20227",1,9,0,5,0,0,0,0,0,0,3,1,6,2,5,1799,1,3,7,1
"19930","201101PY20227",2,9,0,18,0,0,0,0,0,0,4,1,6,3,-1,-1,-1,-1,-1,-1
"19931","201101PY20228",1,1,0,18,0,1,0,0,0,0,3,1,1,1,8,-1,-1,-1,4,1
"19932","201101PY20228",2,9,0,7,0,5,0,0,0,0,4,1,6,2,9,1299,1,8,-1,-1
"19933","201101PY20229",1,9,0,18,0,1,5,7,0,0,1,1,2,2,9,1360,1,11,-1,-1
"19934","201101PY20230",1,11,0,18,0,0,0,0,0,0,0,1,1,1,6,-1,2,11,5,1
"19935","201101PY20231",1,9,0,18,0,1,0,0,0,0,3,1,3,1,9,1596,1,13,3,1
"19936","201101PY20231",2,9,0,18,0,2,0,0,0,0,3,1,6,3,-1,-1,-1,-1,-1,-1
"19937","201101PY20232",1,9,0,4,0,8,0,0,0,0,1,1,2,1,10,1996,1,13,1,1
"19938","201101PY20233",1,9,0,9,0,8,0,0,0,0,3,1,6,2,6,998,1,9,-1,-1
"19939","201101PY20233",2,5,0,18,0,8,0,0,0,0,1,1,6,1,9,-1,-1,-1,7,3
"19940","201101PY20234",1,9,0,18,0,0,0,0,0,0,1,1,6,3,-1,973,1,11,-1,-1
"19941","201101PY20234",2,9,0,4,0,0,0,0,0,0,2,1,6,1,6,1796,1,15,9,1
"19942","201101PY20235",1,9,0,9,0,5,0,0,0,0,0,1,6,2,9,1598,1,5,7,1
"19943","201101PY20235",2,1,0,18,0,1,0,0,0,0,0,1,6,1,6,-1,-1,-1,2,3
"19944","201101PY20236",1,9,0,18,0,8,0,0,0,0,3,1,6,2,5,1360,1,9,7,1
"19945","201101PY20236",2,9,0,9,0,8,0,0,0,0,1,1,6,1,5,1149,1,6,9,1
"19946","201101PY20236",3,19,0,10,0,1,0,0,0,0,3,1,1,1,6,1996,2,1,10,2
"19947","201101PY20237",1,9,0,3,0,0,0,0,0,0,2,1,6,1,-1,1198,1,1,9,1
"19948","201101PY20237",2,9,0,4,0,0,0,0,0,0,2,1,6,2,6,1595,1,7,6,1
"19949","201101PY20237",3,9,0,18,0,0,0,0,0,0,1,1,6,2,4,1149,1,12,5,1
"19950","201101PY20239",1,9,0,18,0,1,0,0,0,0,3,1,6,3,-1,-1,-1,-1,-1,-1
"19951","201101PY20240",1,19,0,4,0,0,0,0,0,0,1,1,6,1,5,1364,1,4,2,1
"19952","201101PY20242",1,9,0,18,0,1,0,0,0,0,1,1,6,2,-1,1598,1,8,8,1
"19953","201101PY20242",2,9,0,9,0,2,0,0,0,0,1,1,6,2,-1,1388,1,9,10,1
"19954","201101PY20243",1,9,0,4,0,0,0,0,0,0,2,1,2,2,6,1968,2,5,9,1
"19955","201101PY20243",2,9,0,18,0,0,0,0,0,0,1,1,2,2,7,1984,1,12,8,1
"19956","201101PY20243",3,9,0,18,0,0,0,0,0,0,1,1,2,2,9,1794,1,8,9,1
"19957","201101PY20244",1,9,0,18,0,0,2,10,1,4,1,1,1,1,5,1998,2,10,3,1
"19958","201101PY20245",1,9,0,18,0,1,0,0,0,0,1,1,6,2,6,1587,1,7,9,1
"19959","201101PY20245",2,9,0,8,0,1,0,0,0,0,2,1,2,2,7,1124,1,11,5,1
"19960","201101PY20246",1,9,0,18,0,8,0,0,0,0,1,1,6,2,7,1896,2,2,9,1
"19961","201101PY20246",2,5,0,9,0,8,0,0,0,0,3,1,6,1,5,-1,-1,-1,-1,-1
"19962","201101PY20249",1,19,0,18,0,1,0,10,5,6,3,1,1,1,6,1870,2,7,3,1
"19963","201101PY20250",1,9,0,18,0,8,0,0,0,0,1,1,1,1,9,1598,1,7,4,1
"19964","201101PY20250",2,5,0,18,0,8,0,0,0,0,4,1,1,1,7,645,1,3,6,1
"19965","201101PY20251",1,9,0,18,0,0,0,0,0,0,1,1,6,2,11,1388,1,5,9,1
"19966","201101PY20252",1,9,0,1,0,8,0,0,0,0,1,1,6,2,5,2295,1,9,10,1
"19967","201101PY20252",2,11,0,13,0,8,0,0,0,0,4,1,6,1,-1,9200,2,8,5,1
"19968","201101PY20253",1,9,0,18,0,1,0,0,0,0,1,1,6,2,6,1997,2,3,6,1
"19969","201101PY20254",1,9,0,7,0,8,0,0,0,0,3,1,1,2,5,1199,1,7,9,1
"19970","201101PY20254",2,1,0,18,0,8,0,0,0,0,1,1,6,1,8,-1,-1,-1,-1,-1
"19971","201101PY20255",1,9,0,18,0,0,0,0,0,0,1,1,6,1,-1,-1,-1,-1,-1,-1
"19972","201101PY20256",1,9,0,18,0,8,0,0,0,0,1,1,6,1,7,-1,-1,-1,7,1
"19973","201101PY20256",2,1,0,9,0,8,0,0,0,0,4,1,6,1,8,-1,-1,-1,5,1
"19974","201101PY20257",1,8,0,9,0,8,0,0,0,0,4,1,1,1,7,1597,1,12,1,1
"19975","201101PY20257",2,9,0,18,0,8,0,0,0,0,1,1,6,2,7,5547,1,21,4,1
"19976","201101PY20258",1,9,0,9,0,5,0,0,0,0,3,1,6,2,8,-1,-1,-1,-1,-1
"19977","201101PY20258",2,5,0,13,0,8,0,0,0,0,4,1,6,1,5,1002,1,15,4,1
"19978","201101PY20259",1,9,0,18,0,1,0,0,0,0,1,1,6,3,-1,2967,1,11,-1,-1
"19979","201101PY20259",2,1,0,12,0,1,0,0,0,0,2,1,6,1,8,-1,-1,-1,3,1
"19980","201101PY20260",1,9,0,18,0,8,0,0,0,0,1,1,6,2,7,1999,1,2,2,1
"19981","201101PY20260",2,2,0,18,0,8,0,0,0,0,4,1,6,1,6,49,1,2,4,1
"19982","201101PY20261",1,9,0,18,0,0,0,4,0,0,1,1,6,2,4,1149,1,10,7,1
"19983","201101PY20261",2,9,0,2,0,0,0,4,0,0,2,1,6,2,8,1299,1,12,2,1
"19984","201101PY20261",3,9,0,2,0,0,0,0,0,0,2,1,6,2,-1,1388,1,1,1,1
"19985","201101PY20262",1,9,0,9,0,8,0,0,0,0,3,1,6,1,6,1124,1,12,3,1
"19986","201101PY20262",2,5,0,14,0,8,0,0,0,0,1,1,6,1,8,1099,1,2,5,1
"19987","201101PY20263",1,9,0,9,0,6,0,0,0,0,1,1,1,1,4,1995,1,4,9,1
"19988","201101PY20263",2,19,0,18,0,8,0,0,0,0,1,1,1,1,8,1896,2,3,5,1
"19989","201101PY20264",1,9,0,14,0,0,0,0,0,0,1,1,6,1,6,1596,1,6,-1,-1
"19990","201101PY20264",2,19,0,18,0,0,0,0,0,0,1,1,6,1,-1,2148,2,6,-1,-1
"19991","201101PY20264",3,9,0,3,0,0,0,0,0,0,3,1,6,1,-1,2362,1,10,-1,-1
"19992","201101PY20265",1,11,0,18,0,1,0,0,0,0,0,1,1,1,9,8268,2,10,2,1
"19993","201101PY20266",1,9,0,9,0,6,0,0,0,0,1,1,6,2,9,1984,1,14,7,2
"19994","201101PY20266",2,1,0,9,0,6,0,0,0,0,2,1,6,2,8,-1,-1,-1,7,1
"19995","201101PY20267",1,9,0,9,0,8,0,0,0,0,3,1,6,1,10,1794,1,7,9,1
"19996","201101PY20267",2,19,0,18,0,8,0,0,0,0,1,1,6,1,-1,-1,-1,-1,-1,-1
"19997","201101PY20268",1,9,0,9,0,8,0,0,0,0,4,1,1,2,6,1341,1,9,5,1
"19998","201101PY20268",2,9,0,18,0,8,0,0,0,0,1,1,6,2,9,1997,2,7,7,1
"19999","201101PY20269",1,9,0,6,0,2,0,0,0,0,3,1,6,1,8,1896,2,6,10,1
"20000","201101PY20269",2,1,0,18,0,2,0,0,0,0,4,1,6,1,-1,-1,-1,-1,-1,-1
"20001","201101PY20270",1,1,0,18,0,0,0,0,0,0,3,1,6,1,3,-1,-1,-1,9,1
"20002","201101PY20270",2,19,0,18,0,0,0,0,0,0,4,1,6,1,-1,-1,-1,-1,-1,-1
"20003","201101PY20271",1,11,0,4,0,0,0,0,0,0,0,1,1,1,8,7300,2,8,4,1
"20004","201101PY20272",1,9,0,9,0,8,0,0,0,0,1,1,1,1,7,1999,1,5,5,1
"20005","201101PY20272",2,1,0,18,0,8,0,0,0,0,1,1,6,1,7,-1,-1,-1,9,1
"20006","201101PY20273",1,9,0,18,0,8,0,0,0,0,1,1,2,2,8,1199,1,8,8,1
"20007","201101PY20273",2,9,0,9,0,8,0,0,0,0,4,1,6,2,6,1149,1,10,7,1
"20008","201101PY20274",1,9,0,18,0,0,0,10,4,6,3,1,1,1,9,1796,1,15,4,1
"20009","201101PY20275",1,9,0,18,0,0,0,10,7,10,1,1,6,1,5,998,1,1,2,1
"20010","201101PY20276",1,9,0,2,0,0,0,0,0,0,2,1,6,3,-1,2671,1,12,-1,-1
"20011","201101PY20276",2,1,0,18,0,0,0,4,0,0,1,1,2,1,8,-1,-1,-1,3,1
"20012","201101PY20277",1,9,0,18,0,0,0,10,8,2,1,1,6,1,5,1596,1,11,6,1
"20013","201101PY20279",1,9,0,18,0,0,0,0,0,0,1,1,6,1,11,1598,1,1,8,1
"20014","201101PY20279",2,9,0,18,0,0,0,0,0,0,1,1,6,2,7,1998,2,7,7,1
"20015","201101PY20280",1,9,0,18,0,8,0,0,0,0,4,1,6,2,5,1124,1,7,6,1
"20016","201101PY20280",2,1,0,18,0,8,0,0,0,0,1,1,6,1,2,-1,-1,-1,4,1
"20017","201101PY20281",1,9,0,5,0,0,0,0,0,0,3,1,2,2,7,1587,1,7,5,1
"20018","201101PY20281",2,9,0,18,0,0,0,0,0,0,4,1,6,2,5,998,1,20,4,3
"20019","201101PY20282",1,9,0,8,0,1,0,0,0,0,2,1,2,2,6,1124,1,11,3,1
"20020","201101PY20282",2,9,0,18,0,1,0,0,0,0,1,1,6,1,-1,2972,1,18,-1,-1
"20021","201101PY20283",1,11,0,18,0,1,0,0,0,0,0,1,1,1,8,6700,2,3,8,1
"20022","201101PY20283",2,19,0,9,0,6,0,0,0,0,0,1,6,1,-1,-1,-1,-1,-1,-1
"20023","201101PY20284",1,9,0,18,0,1,0,0,0,0,1,1,6,2,6,1396,1,6,2,1
"20024","201101PY20284",2,1,0,18,0,1,0,0,0,0,4,1,6,1,2,-1,-1,-1,2,1
"20025","201101PY20285",1,9,0,18,0,8,0,0,0,0,1,1,2,1,5,1299,1,10,2,3
"20026","201101PY20285",2,9,0,18,0,8,0,0,0,0,3,1,6,2,10,1299,1,6,10,1
"20027","201101PY20286",1,9,0,4,0,1,0,0,0,0,2,1,1,2,8,1598,1,9,10,1
"20028","201101PY20286",2,9,0,18,0,1,0,0,0,0,1,1,1,2,-1,-1,-1,-1,3,1
"20029","201101PY20287",1,19,0,18,0,0,0,0,0,0,1,1,6,1,6,2402,2,4,5,3
"20030","201101PY20287",2,9,0,18,0,0,0,0,0,0,1,1,6,2,8,1997,2,1,7,3
"20033","201101PY20289",1,2,0,18,0,0,0,0,0,0,1,1,6,3,-1,-1,-1,-1,-1,-1
"20034","201101PY20290",1,9,0,18,0,8,0,0,0,0,1,1,2,1,6,1794,1,6,4,1
"20035","201101PY20290",2,9,0,9,0,8,0,0,0,0,3,1,2,2,-1,1598,1,3,3,1
"20036","201101PY20291",1,9,0,18,0,8,0,0,0,0,3,1,6,1,5,1998,1,8,-1,-1
"20037","201101PY20291",2,9,0,9,0,8,0,0,0,0,1,1,6,2,-1,-1,-1,-1,-1,-1
"20038","201101PY20292",1,9,0,18,0,2,0,0,0,0,1,1,3,2,7,1590,1,7,10,1
"20039","201101PY20293",1,21,1,18,0,2,0,0,0,0,1,1,1,1,8,12130,2,6,4,1
"20040","201101PY20293",2,11,0,4,0,2,0,0,0,0,2,1,1,1,7,5883,2,9,9,1
"20041","201101PY20293",3,9,0,4,0,2,0,0,0,0,2,1,6,2,7,1390,1,1,8,1
"20042","201101PY20294",1,9,0,4,0,1,0,0,0,0,2,1,6,2,6,1596,1,7,4,1
"20043","201101PY20294",2,9,0,4,0,1,0,0,0,0,2,1,6,2,6,-1,-1,-1,2,1
"20044","201101PY20294",3,9,0,18,0,1,0,0,0,0,1,1,6,2,4,1199,1,10,6,1
"20045","201101PY20295",1,9,0,9,0,5,0,0,0,0,2,1,6,2,9,1299,1,10,7,1
"20046","201101PY20295",2,9,0,18,0,1,0,0,0,0,1,1,6,2,-1,1242,1,1,10,1
"20047","201101PY20296",1,11,0,3,0,0,0,0,0,0,2,1,1,3,-1,-1,-1,-1,-1,-1
"20048","201101PY20296",2,1,0,18,0,0,0,0,0,0,1,1,2,1,8,-1,-1,-1,9,1
"20049","201101PY20297",1,9,0,4,0,0,0,0,0,0,2,1,6,2,7,1997,1,4,4,1
"20050","201101PY20297",2,19,0,18,0,0,0,0,0,0,1,1,1,1,7,1995,2,1,6,1
"20051","201101PY20298",1,11,0,3,0,0,0,0,0,0,0,1,1,1,7,-1,-1,-1,8,1
"20052","201101PY20299",1,1,0,18,0,1,0,0,0,0,0,1,6,1,11,-1,-1,-1,3,1
"20053","201101PY20299",2,9,0,7,0,5,0,0,0,0,0,1,6,3,-1,-1,-1,-1,-1,-1
"20054","201101PY20300",1,9,0,18,0,8,0,0,0,0,4,1,6,1,4,-1,-1,-1,4,1
"20055","201101PY20300",2,9,0,9,0,8,0,0,0,0,1,1,6,2,8,1198,1,8,6,1
"20056","201101PY20301",1,9,0,4,0,1,0,0,0,0,2,1,6,2,7,2720,2,5,7,1
"20057","201101PY20301",2,9,0,18,0,1,0,0,0,0,1,1,6,1,7,1870,2,9,5,1
"20058","201101PY20302",1,9,0,9,0,8,0,0,0,0,1,1,6,2,4,998,1,9,10,1
"20059","201101PY20302",2,9,0,18,0,8,0,0,0,0,3,1,6,1,5,1781,1,23,9,1
"20060","201101PY20303",1,9,0,18,0,1,0,0,0,0,3,1,6,1,6,995,1,4,7,1
"20061","201101PY20304",1,9,0,18,0,8,0,0,0,0,4,1,6,1,9,1997,2,6,3,1
"20062","201101PY20304",2,9,0,9,0,8,0,0,0,0,1,1,6,2,-1,847,1,14,8,1
"20063","201101PY20305",1,11,0,18,0,0,0,0,0,0,0,1,1,1,8,-1,2,8,4,1
"20064","201101PY20306",1,9,0,18,0,8,0,0,0,0,4,1,6,2,7,1364,1,6,9,1
"20065","201101PY20306",2,9,0,18,0,8,0,0,0,0,1,1,6,2,8,-1,-1,-1,7,1
"20066","201101PY20307",1,9,0,4,0,0,0,0,0,0,2,1,6,1,8,-1,-1,-1,3,1
"20067","201101PY20307",2,9,0,18,0,0,0,0,0,0,1,1,6,1,7,1997,2,-1,6,1
"20068","201101PY20308",1,9,0,3,0,1,0,0,0,0,2,1,6,2,9,1596,1,10,9,1
"20069","201101PY20308",2,11,0,18,0,1,0,0,0,0,1,1,1,1,-1,8268,2,6,-1,-1
"20070","201101PY20309",1,9,0,18,0,8,0,0,0,0,3,1,6,2,4,1242,1,8,3,1
"20071","201101PY20309",2,9,0,18,0,8,0,0,0,0,1,1,6,1,6,-1,-1,-1,6,1
"20072","201101PY20310",1,9,0,18,0,8,0,0,0,0,1,1,1,2,6,1299,1,14,2,1
"20073","201101PY20310",2,19,0,9,0,8,0,0,0,0,3,1,1,1,8,1870,2,7,8,1
"20076","201101PY20312",1,9,0,18,0,1,0,0,0,0,1,1,6,3,-1,-1,-1,-1,-1,-1
"20077","201101PY20313",1,9,0,18,0,2,0,7,0,0,1,1,6,1,4,1149,1,10,10,1
"20078","201101PY20314",1,9,0,9,0,6,0,0,0,0,1,1,6,2,8,1596,1,10,8,1
"20079","201101PY20314",2,1,0,9,0,6,0,0,0,0,2,1,6,1,8,-1,-1,-1,3,1
"20080","201101PY20315",1,9,0,4,0,0,0,0,0,0,2,1,1,1,10,1595,1,10,9,1
"20081","201101PY20315",2,19,0,18,0,0,0,0,0,0,1,1,1,1,8,2148,2,3,2,1
"20082","201101PY20316",1,9,0,14,0,8,0,0,0,0,1,1,6,2,8,-1,-1,-1,4,1
"20083","201101PY20318",1,9,0,18,0,0,0,0,0,0,1,1,6,1,9,1798,1,32,5,1
"20084","201101PY20318",2,1,0,18,0,0,0,0,0,0,4,1,6,2,4,-1,-1,-1,7,1
"20085","201101PY20319",1,9,0,9,0,8,0,0,0,0,3,1,6,1,11,-1,-1,-1,8,1
"20086","201101PY20319",2,3,0,18,0,8,0,0,0,0,1,1,6,1,6,125,1,1,9,1
"20087","201101PY20320",1,90,0,18,0,0,0,0,0,0,1,1,6,1,7,-1,-1,-1,3,1
"20088","201101PY20321",1,9,0,9,0,8,0,0,0,0,3,1,1,1,8,3189,1,3,10,1
"20089","201101PY20321",2,5,0,18,0,8,0,0,0,0,1,1,1,1,7,599,1,1,3,1
"20090","201101PY20322",1,1,0,18,0,0,0,8,0,0,1,1,6,1,6,-1,-1,-1,10,1
"20091","201101PY20322",2,9,0,3,0,0,0,0,0,0,4,1,6,2,-1,-1,-1,-1,-1,-1
"20092","201101PY20323",1,9,0,5,0,0,0,0,0,0,3,1,1,1,8,1229,1,5,5,1
"20093","201101PY20325",1,9,0,18,0,1,0,0,0,0,1,1,6,2,-1,-1,-1,-1,-1,-1
"20094","201101PY20325",2,9,0,18,0,1,0,0,0,0,2,1,6,2,-1,1598,1,5,-1,-1
"20095","201101PY20325",3,9,0,18,0,1,0,0,0,0,2,1,6,2,-1,1999,1,9,-1,-1
"20096","201101PY20325",4,9,0,18,0,1,0,0,0,0,2,1,6,2,-1,1389,1,13,-1,-1
"20097","201101PY20326",1,19,0,1,0,0,0,0,0,0,2,1,6,1,8,1248,2,5,6,1
"20098","201101PY20326",2,5,0,3,0,0,0,0,0,0,1,1,6,1,7,750,1,2,10,1
"20101","201101PY20328",1,9,0,7,0,6,0,0,0,0,1,1,6,2,9,2401,2,4,10,1
"20102","201101PY20328",2,1,0,18,0,8,0,0,0,0,4,1,1,1,7,-1,-1,-1,4,1
"20103","201101PY20329",1,11,0,18,0,0,0,0,0,0,0,1,1,1,9,-1,-1,-1,3,1
"20104","201101PY20330",1,9,0,4,2,0,0,0,0,0,2,1,6,1,6,1870,2,7,-1,-1
"20105","201101PY20330",2,9,0,4,2,0,0,0,0,0,1,1,6,1,5,1242,1,4,9,1
"20106","201101PY20331",1,9,0,9,0,8,0,0,0,0,3,1,6,1,7,1289,1,14,3,1
"20107","201101PY20331",2,3,0,18,0,8,0,0,0,0,1,1,6,1,5,124,1,3,2,1
"20108","201101PY20332",1,9,0,9,0,8,0,0,0,0,3,1,6,2,6,1598,1,13,7,1
"20109","201101PY20332",2,9,0,18,0,8,0,0,0,0,1,1,6,1,8,1198,1,3,3,1
"20110","201101PY20333",1,9,0,17,0,0,0,4,0,0,1,1,6,2,10,1390,1,3,-1,-1
"20111","201101PY20333",2,9,0,2,0,0,0,0,0,0,2,1,6,2,-1,1370,1,12,-1,-1
"20112","201101PY20334",1,9,0,18,0,8,0,0,0,0,1,1,6,1,9,1587,1,6,4,1
"20113","201101PY20334",2,9,0,9,0,8,0,0,0,0,3,1,6,1,-1,2776,2,4,6,1
"20114","201101PY20336",1,9,0,9,0,2,0,0,0,0,1,1,6,2,10,2993,2,-1,10,1
"20115","201101PY20337",1,9,0,1,0,8,0,0,0,0,2,1,6,1,6,1390,1,2,7,1
"20116","201101PY20337",2,1,0,18,0,8,0,0,0,0,4,1,6,1,6,-1,-1,-1,2,1
"20117","201101PY20338",1,9,0,4,0,1,0,0,0,0,2,1,6,2,6,1560,2,4,2,1
"20118","201101PY20338",2,9,0,4,0,1,0,0,0,0,2,1,6,2,7,1598,1,18,9,1
"20119","201101PY20338",3,9,0,18,0,1,0,0,0,0,1,1,6,1,5,1595,1,10,3,1
"20120","201101PY20340",1,9,0,3,0,8,0,0,0,0,2,1,6,1,9,-1,-1,-1,10,1
"20121","201101PY20340",2,9,0,18,0,8,0,0,0,0,1,1,6,3,-1,-1,-1,-1,-1,-1
"20122","201101PY20341",1,19,0,16,0,2,0,10,7,10,1,1,1,1,5,-1,-1,-1,-1,-1
"20123","201101PY20342",1,9,0,18,0,1,0,7,0,0,1,1,6,2,10,1299,1,10,3,1
"20124","201101PY20343",1,9,0,18,0,8,0,0,0,0,1,1,6,2,8,1242,1,13,5,1
"20125","201101PY20343",2,9,0,9,0,8,0,0,0,0,1,1,6,2,6,973,1,11,2,1
"20126","201101PY20344",1,9,0,4,0,8,0,0,0,0,2,1,6,2,5,1364,1,7,7,1
"20127","201101PY20344",2,19,0,18,0,8,0,0,0,0,1,1,1,1,-1,2151,2,7,2,1
"20128","201101PY20345",1,19,0,7,0,8,0,0,0,0,4,1,6,1,6,2295,7,7,6,1
"20129","201101PY20345",2,1,0,18,0,8,0,0,0,0,1,1,6,1,8,-1,-1,-1,9,1
"20130","201101PY20346",1,9,0,7,0,8,0,0,0,0,4,1,6,2,8,1198,1,4,7,3
"20131","201101PY20346",2,5,0,15,0,8,0,0,0,0,1,1,6,1,6,1340,1,-1,7,1
"20132","201101PY20347",1,9,0,18,0,8,0,0,0,0,4,1,6,1,6,1796,1,8,3,1