"","Acc_Index","Vehicle_Reference","Vehicle_Type","Towing_and_Articulation","Vehicle_Manoeuvre","Vehicle_Location.Restricted_Lane","Junction_Location","Skidding_and_Overturning","Hit_Object_in_Carriageway","Vehicle_Leaving_Carriageway","Hit_Object_off_Carriageway","X1st_Point_of_Impact","Was_Vehicle_Left_Hand_Drive","Journey_Purpose_of_Driver","Sex_of_Driver","Age_Band_of_Driver","Engine_Capacity_.CC.","Propulsion_Code","Age_of_Vehicle","Driver_IMD_Decile","Driver_Home_Area_Type"
"20396","201101PY20511",2,9,0,18,0,8,0,0,0,0,4,1,2,1,5,1596,1,2,4,1
"20397","201101PY20512",1,9,0,18,0,0,0,0,0,0,4,1,6,2,8,1596,1,3,9,1
"20398","201101PY20514",1,11,0,11,0,1,0,0,0,0,4,1,1,1,7,5883,2,9,4,1
"20399","201101PY20514",2,9,0,3,0,1,0,0,0,0,3,1,6,1,9,-1,-1,-1,9,1
"20400","201101PY20515",1,9,0,18,0,1,0,0,0,0,1,1,6,1,7,1905,2,14,2,1
"20401","201101PY20516",1,9,0,18,0,1,0,0,0,0,4,1,3,2,7,1390,1,9,2,1
"20402","201101PY20517",1,9,0,18,0,8,0,0,0,0,4,1,6,1,6,1995,1,9,2,1
"20403","201101PY20517",2,9,0,18,0,6,0,0,0,0,1,1,6,1,6,1198,1,5,6,1
"20404","201101PY20519",1,11,0,4,0,1,0,0,0,0,0,1,1,1,7,8268,2,8,6,1
"20405","201101PY20519",2,9,0,5,0,1,0,0,0,0,0,1,6,1,6,1275,1,12,2,1
"20406","201101PY20520",1,9,0,3,0,0,0,0,0,0,0,1,6,1,-1,-1,-1,-1,3,1
"20407","201101PY20520",2,9,0,18,0,0,0,0,0,0,1,1,6,2,7,1388,1,-1,3,1
"20408","201101PY20520",3,9,0,14,0,0,0,0,0,0,1,1,6,1,7,1968,2,1,2,1
"20409","201101PY20521",1,9,0,5,0,1,0,0,0,0,1,1,6,3,-1,1598,1,4,-1,-1
"20410","201101PY20522",1,9,0,5,0,1,0,0,0,0,1,1,6,2,5,-1,-1,-1,7,1
"20411","201101PY20522",2,3,0,18,0,8,0,0,0,0,4,1,6,1,7,124,1,-1,2,1
"20412","201101PY20523",1,9,0,8,0,1,0,0,0,0,2,1,6,2,8,998,1,-1,6,2
"20413","201101PY20523",2,9,0,18,0,1,0,0,0,0,1,1,6,3,-1,1596,1,15,-1,-1
"20414","201101PY20524",1,1,0,18,0,8,0,0,0,0,1,1,6,1,5,-1,-1,-1,2,1
"20415","201101PY20524",2,9,0,9,0,8,0,0,0,0,3,1,6,2,-1,1388,1,7,-1,-1
"20416","201101PY20527",1,9,0,18,0,8,0,0,0,0,3,1,6,1,7,1796,1,6,3,1
"20417","201101PY20527",2,5,0,9,0,8,0,0,0,0,1,1,6,1,5,-1,-1,-1,4,1
"20418","201101PY20528",1,9,0,18,0,8,0,0,0,0,4,1,6,1,6,1149,1,9,6,1
"20419","201101PY20528",2,2,0,9,0,6,0,0,0,0,1,1,6,1,4,49,1,8,-1,-1
"20420","201101PY20529",1,9,0,18,0,1,0,0,0,0,4,1,6,2,-1,-1,-1,-1,-1,-1
"20421","201101PY20530",1,9,0,1,9,8,0,0,0,0,3,1,6,2,7,1248,1,-1,8,1
"20422","201101PY20531",1,9,0,18,0,8,0,0,0,0,1,1,6,1,6,1995,2,13,3,1
"20423","201101PY20531",2,9,0,9,0,8,0,0,0,0,3,1,6,1,11,2199,1,16,10,1
"20424","201101PY20532",1,9,0,2,0,0,0,0,0,0,3,1,3,1,6,1497,8,3,3,1
"20425","201101PY20532",2,1,0,18,0,0,0,8,0,0,1,1,6,2,6,-1,-1,-1,7,1
"20426","201101PY20533",1,9,0,18,0,8,0,0,0,0,1,1,1,2,6,1329,1,1,1,1
"20427","201101PY20533",2,9,0,9,0,8,0,0,0,0,3,1,1,1,5,1596,1,1,1,1
"20428","201101PY20534",1,11,0,3,0,0,0,0,0,0,2,1,1,1,8,2461,2,4,8,1
"20429","201101PY20534",2,9,0,18,0,0,0,0,0,0,1,1,6,1,-1,1596,1,8,9,1
"20430","201101PY20535",1,9,0,18,0,1,0,0,0,0,1,1,6,1,6,4164,2,12,8,1
"20431","201101PY20535",2,19,0,4,0,1,0,0,0,0,2,1,6,1,8,1753,2,4,8,1
"20432","201101PY20535",3,9,0,3,0,1,0,0,0,0,2,1,6,2,6,1951,2,5,8,1
"20433","201101PY20536",1,9,0,3,0,1,0,0,0,0,2,1,6,2,-1,1242,1,5,8,1
"20434","201101PY20536",2,9,0,18,0,1,0,0,0,0,1,1,6,1,-1,-1,-1,-1,9,1
"20435","201101PY20537",1,9,0,9,0,8,0,0,0,0,4,1,6,2,11,1386,1,3,5,1
"20436","201101PY20537",2,1,0,18,0,8,0,0,0,0,1,1,1,2,8,-1,-1,-1,9,1
"20437","201101PY20538",1,3,0,7,0,5,0,0,0,0,3,1,6,2,8,-1,-1,-1,9,1
"20438","201101PY20538",2,9,0,7,0,5,0,0,0,0,4,1,6,2,8,2960,1,20,5,1
"20439","201101PY20540",1,3,0,18,0,1,0,0,0,0,4,1,1,1,6,108,1,3,8,1
"20440","201101PY20540",2,19,0,5,0,1,0,0,0,0,3,1,1,1,-1,1753,2,8,-1,-1
"20441","201101PY20541",1,9,0,18,0,1,0,4,0,0,1,1,6,2,5,1390,1,-1,5,1
"20442","201101PY20541",2,8,0,2,0,2,0,0,0,0,1,1,6,1,8,2499,2,-1,5,1
"20443","201101PY20542",1,9,0,10,0,1,0,0,0,0,2,1,6,2,7,1997,1,7,3,1
"20444","201101PY20542",2,9,0,18,0,1,0,0,0,0,1,1,6,2,-1,1360,1,7,7,1
"20445","201101PY20543",1,9,0,7,0,8,0,0,0,0,4,1,6,1,10,3248,1,10,10,1
"20446","201101PY20543",2,9,0,18,0,8,0,0,0,0,3,1,6,1,7,3628,2,4,8,1
"20447","201101PY20544",1,9,0,9,0,8,0,0,0,0,4,1,6,2,9,1986,1,1,9,1
"20448","201101PY20544",2,1,0,9,0,8,0,0,0,0,3,1,6,1,7,-1,-1,-1,2,1
"20449","201101PY20545",1,9,0,3,0,1,0,0,0,0,2,1,6,1,8,1995,2,1,8,1
"20450","201101PY20545",2,9,0,3,0,1,0,0,0,0,2,1,6,1,8,1998,1,12,4,1
"20451","201101PY20545",3,9,0,4,0,1,0,0,0,0,1,1,6,1,7,1598,1,3,10,1
"20452","201101PY20546",1,9,0,4,0,8,0,0,0,0,1,1,6,2,-1,1368,1,3,9,1
"20453","201101PY20546",2,9,0,3,0,8,0,0,0,0,2,1,6,1,5,1364,1,4,7,3
"20454","201101PY20547",1,9,0,18,0,8,0,0,0,0,1,1,6,1,7,-1,-1,-1,10,1
"20455","201101PY20547",2,9,0,9,0,8,0,0,0,0,4,1,6,1,9,1560,2,5,-1,-1
"20456","201101PY20548",1,9,0,9,0,8,0,0,0,0,1,1,1,1,8,1956,2,1,4,1
"20457","201101PY20548",2,1,0,18,0,8,0,0,0,0,1,1,6,1,5,-1,-1,-1,4,1
"20458","201101PY20550",1,9,0,18,0,1,0,0,0,0,1,1,6,3,-1,-1,-1,-1,-1,-1
"20459","201101PY20552",1,9,0,2,0,0,0,10,1,10,2,1,6,2,-1,1299,1,6,8,1
"20460","201101PY20552",2,9,0,3,0,0,0,0,0,0,2,1,6,2,6,1390,1,2,9,1
"20461","201101PY20552",3,9,0,3,0,0,0,0,0,0,2,1,6,1,5,1560,2,-1,7,1
"20462","201101PY20552",4,9,0,18,0,0,0,0,0,0,1,1,6,1,9,-1,-1,-1,7,3
"20463","201101PY20553",1,9,0,18,0,8,0,0,0,0,3,1,6,1,4,1199,1,10,4,1
"20464","201101PY20553",2,9,0,9,0,8,0,0,0,0,1,1,6,1,4,1242,1,11,10,1
"20465","201101PY20554",1,9,0,9,0,8,0,0,0,0,1,1,6,2,10,1364,2,2,10,1
"20466","201101PY20554",2,9,0,18,0,8,0,0,0,0,3,1,6,2,6,1984,1,2,7,3
"20467","201101PY20555",1,9,0,18,0,8,0,10,3,1,1,1,6,1,6,-1,-1,-1,2,1
"20468","201101PY20556",1,5,0,7,0,8,0,0,0,0,1,1,6,1,6,-1,-1,-1,8,1
"20469","201101PY20556",2,9,0,2,0,8,0,0,0,0,3,1,6,1,9,1988,1,13,8,1
"20470","201101PY20558",1,1,0,4,0,8,0,0,0,0,1,1,2,1,7,-1,-1,-1,10,1
"20471","201101PY20558",2,9,0,11,0,8,0,0,0,0,2,1,6,1,-1,-1,-1,-1,8,1
"20472","201101PY20559",1,9,0,9,0,8,0,0,0,0,4,1,6,1,5,-1,-1,-1,10,1
"20473","201101PY20559",2,19,0,9,0,8,0,0,0,0,1,1,6,3,-1,-1,-1,-1,-1,-1
"20474","201101PY20560",1,9,0,7,0,8,0,0,0,0,1,1,6,2,10,1390,1,4,7,1
"20475","201101PY20561",1,9,0,9,0,8,0,0,0,0,1,1,6,2,4,-1,-1,-1,4,1
"20476","201101PY20561",2,9,0,17,0,8,0,0,0,0,4,1,6,1,5,1589,1,12,6,1
"20477","201101PY20562",1,9,0,18,0,8,0,0,0,0,1,1,2,1,7,2720,2,6,9,1
"20478","201101PY20562",2,9,0,9,0,8,0,0,0,0,4,1,2,1,7,1598,1,11,9,1
"20479","201101PY20563",1,9,0,18,0,8,0,0,0,0,1,1,6,2,7,1998,1,3,7,1
"20480","201101PY20563",2,1,0,18,0,8,0,0,0,0,4,1,6,1,2,-1,-1,-1,8,1
"20481","201101PY20564",1,9,0,9,0,8,0,0,0,0,1,1,6,1,8,2231,2,5,5,1
"20482","201101PY20566",1,9,0,18,0,0,0,0,0,0,1,1,6,1,4,1390,1,1,8,1
"20483","201101PY20566",2,19,0,4,0,0,0,0,0,0,2,1,6,1,8,1998,2,10,9,1
"20484","201101PY20568",1,9,0,18,0,0,0,0,0,0,1,1,2,1,9,2148,2,3,8,1
"20485","201101PY20569",1,9,0,18,0,8,0,0,0,0,1,1,6,1,5,1781,1,10,4,1
"20486","201101PY20569",2,9,0,18,0,8,0,0,0,0,3,1,6,1,6,1560,2,-1,2,1
"20487","201101PY20570",1,11,0,5,0,0,0,0,0,0,0,1,1,1,7,-1,2,8,-1,-1
"20488","201101PY20571",1,9,0,18,0,8,0,0,0,0,3,1,6,1,7,1968,2,4,3,1
"20489","201101PY20571",2,9,0,9,0,8,0,0,0,0,1,1,6,2,6,1364,1,4,3,1
"20490","201101PY20572",1,9,0,9,0,2,0,0,0,0,1,1,6,2,11,1240,1,5,7,1
"20491","201101PY20573",1,9,0,18,0,8,0,0,0,0,1,1,6,1,7,1560,2,1,2,1
"20492","201101PY20573",2,9,0,9,0,8,0,0,0,0,3,1,6,1,-1,998,1,12,5,1
"20493","201101PY20574",1,9,0,18,0,8,0,0,0,0,3,1,2,2,7,999,1,1,9,1
"20494","201101PY20574",2,11,0,18,0,8,0,0,0,0,1,1,1,1,9,5883,2,9,6,1
"20495","201101PY20575",1,19,0,4,0,0,0,0,0,0,1,1,6,1,8,2148,2,5,9,1
"20496","201101PY20575",2,9,0,5,0,0,0,0,0,0,2,1,6,2,11,-1,-1,-1,3,1
"20497","201101PY20575",3,9,0,18,0,0,0,0,0,0,1,1,6,2,6,-1,-1,-1,8,1
"20498","201101PY20576",1,9,0,18,0,1,0,0,0,0,1,1,2,2,5,1388,1,3,10,2
"20499","201101PY20576",2,9,0,6,0,2,0,0,0,0,1,1,6,1,11,1240,1,5,9,1
"20500","201101PY20577",1,9,0,9,0,2,0,0,0,0,1,1,6,1,6,1999,1,4,8,1
"20501","201101PY20580",1,9,0,18,0,2,0,0,0,0,1,1,6,1,10,1596,1,2,3,1
"20502","201101PY20581",1,2,0,14,0,0,0,0,0,0,1,1,6,1,4,49,1,7,4,1
"20503","201101PY20582",1,3,0,4,0,0,0,0,0,0,2,1,6,2,7,124,1,7,2,1
"20504","201101PY20582",2,9,0,18,0,0,0,0,0,0,1,1,6,2,7,1840,1,12,10,3
"20505","201101PY20583",1,9,0,18,0,8,0,0,0,0,1,1,6,1,-1,2793,1,15,-1,-1
"20506","201101PY20583",2,11,0,18,0,8,0,0,0,0,1,1,1,1,-1,3900,2,7,-1,-1
"20507","201101PY20583",3,9,0,9,0,8,0,0,0,0,1,1,6,2,5,1199,1,8,10,1
"20508","201101PY20584",1,9,0,9,0,8,0,0,0,0,3,1,6,1,7,1798,1,8,2,1
"20509","201101PY20584",2,9,0,17,0,8,0,0,0,0,1,1,6,2,7,1229,1,5,-1,-1
"20510","201101PY20585",1,9,0,17,0,8,0,0,0,0,4,1,6,2,6,1242,1,8,6,1
"20511","201101PY20585",2,9,0,5,0,8,0,0,0,0,1,1,6,2,-1,1597,1,11,-1,-1
"20512","201101PY20586",1,9,0,9,0,8,0,0,0,0,4,1,6,2,9,998,1,12,7,1
"20513","201101PY20586",2,1,0,18,0,8,0,0,0,0,1,1,6,1,7,-1,-1,-1,4,1
"20514","201101PY20588",1,1,0,18,0,8,0,0,0,0,1,1,2,1,8,-1,-1,-1,7,1
"20515","201101PY20588",2,9,0,9,0,8,0,0,0,0,3,1,6,1,-1,1896,2,5,3,1
"20516","201101PY20589",1,9,0,18,0,0,0,0,0,0,1,1,6,2,7,1985,1,14,4,1
"20517","201101PY20589",2,9,0,3,0,0,0,0,0,0,2,1,6,1,11,-1,-1,-1,7,1
"20518","201101PY20590",1,19,0,16,0,0,0,0,0,0,1,1,1,1,6,1686,2,8,2,1
"20519","201101PY20590",2,9,0,17,0,0,0,0,0,0,3,1,6,2,-1,1595,1,4,-1,-1
"20520","201101PY20591",1,9,0,4,0,1,0,0,0,0,2,1,6,2,10,1298,1,8,8,1
"20521","201101PY20591",2,19,0,18,0,1,0,0,0,0,1,1,6,1,-1,2402,2,11,-1,-1
"20522","201101PY20592",1,9,0,4,0,0,0,0,0,0,1,1,2,1,9,-1,-1,-1,-1,-1
"20523","201101PY20592",2,9,0,4,0,0,0,0,0,0,2,1,2,1,6,-1,-1,-1,8,1
"20524","201101PY20592",3,9,0,4,0,0,0,0,0,0,2,1,2,1,7,-1,-1,-1,7,1
"20525","201101PY20592",4,9,0,4,0,0,0,0,0,0,0,1,2,1,6,-1,-1,-1,3,1
"20526","201101PY20593",1,11,0,5,0,1,0,0,0,0,0,1,1,1,7,-1,2,13,5,1
"20527","201101PY20594",1,9,0,7,0,6,0,0,0,0,1,1,6,1,10,1364,1,5,4,2
"20528","201101PY20594",2,3,0,18,0,8,0,0,0,0,4,1,6,1,4,-1,-1,-1,2,1
"20529","201101PY20595",1,5,0,14,0,2,0,0,0,0,1,1,2,1,9,1170,1,3,6,1
"20530","201101PY20596",1,1,0,9,0,8,0,0,0,0,1,1,6,1,8,-1,-1,-1,5,1
"20531","201101PY20596",2,9,0,18,0,8,0,0,0,0,4,1,6,1,7,1000,1,11,8,1
"20532","201101PY20598",1,9,0,16,0,0,0,0,0,0,1,1,6,1,11,1341,1,13,10,1
"20533","201101PY20598",2,9,0,17,0,0,0,0,0,0,1,1,6,1,-1,-1,-1,-1,-1,-1
"20534","201101PY20599",1,9,0,9,0,8,0,0,0,0,3,1,6,2,4,1388,1,5,6,1
"20535","201101PY20599",2,9,0,17,0,8,0,0,0,0,1,1,6,1,7,-1,-1,-1,9,1
"20536","201101PY20600",1,9,0,18,0,8,0,0,0,0,4,1,6,2,7,-1,-1,-1,6,3
"20537","201101PY20600",2,9,0,7,0,8,0,0,0,0,1,1,6,2,7,1399,1,2,3,1
"20538","201101PY20601",1,9,0,18,0,0,0,10,7,1,1,1,6,2,5,1984,1,7,8,1
"20539","201101PY20602",1,9,0,18,0,0,0,0,0,0,1,1,6,1,8,1240,1,8,4,1
"20540","201101PY20603",1,2,0,18,0,0,0,0,0,0,1,1,6,1,4,124,1,10,3,1
"20541","201101PY20603",2,19,0,5,0,0,0,0,0,0,1,1,6,1,-1,1896,2,6,-1,-1
"20542","201101PY20604",1,5,0,18,0,0,0,0,0,0,3,1,6,1,7,781,1,9,9,1
"20543","201101PY20605",1,9,0,18,0,0,0,0,0,0,4,1,6,3,-1,-1,-1,-1,-1,-1
"20544","201101PY20606",1,9,0,9,0,8,0,0,0,0,1,1,6,1,7,1796,1,8,10,1
"20545","201101PY20606",2,3,0,18,0,8,0,0,0,0,3,1,6,1,6,124,1,10,9,1
"20546","201101PY20607",1,9,0,9,0,8,0,0,0,0,1,1,2,2,4,1595,1,9,10,1
"20547","201101PY20607",2,3,0,7,0,8,0,0,0,0,3,1,2,1,7,124,1,-1,8,1
"20548","201101PY20608",1,3,0,18,0,8,0,0,0,0,1,1,6,1,4,124,1,3,3,1
"20549","201101PY20608",2,9,0,18,0,8,0,0,0,0,3,1,6,1,11,1596,1,5,9,1
"20550","201101PY20609",1,9,0,3,0,0,0,0,0,0,2,1,6,2,6,-1,-1,-1,5,1
"20551","201101PY20609",2,9,0,18,0,0,0,0,0,0,1,1,6,2,-1,1299,1,10,7,1
"20552","201101PY20610",1,9,0,3,0,1,0,0,0,0,2,1,1,2,6,1349,1,12,2,1
"20553","201101PY20610",2,9,0,18,0,1,0,0,0,0,1,1,6,1,11,1596,1,4,2,1
"20554","201101PY20610",3,9,0,3,0,1,0,0,0,0,2,1,6,3,-1,-1,-1,-1,-1,-1
"20555","201101PY20611",1,9,0,9,0,8,0,0,0,0,3,1,6,1,4,1360,1,8,8,1
"20556","201101PY20611",2,11,0,18,0,8,0,0,0,0,1,1,1,1,6,8268,2,10,7,1
"20557","201101PY20612",1,11,0,18,0,1,0,0,0,0,0,1,1,1,9,3900,2,5,5,1
"20558","201101PY20613",1,9,0,18,0,2,0,10,7,1,1,1,6,2,11,1275,1,12,2,1
"20559","201101PY20614",1,5,0,18,0,1,0,7,0,0,1,1,6,1,6,999,1,3,2,1
"20560","201101PY20615",1,9,0,18,0,1,0,7,0,0,1,1,6,1,6,1984,1,17,4,1
"20561","201101PY20616",1,9,0,3,0,1,0,0,0,0,2,1,3,1,8,1794,1,4,5,1
"20562","201101PY20616",2,9,0,18,0,1,0,0,0,0,1,1,6,2,-1,1242,1,4,-1,-1
"20563","201101PY20617",1,9,0,9,0,2,0,0,0,0,1,1,6,2,-1,1794,1,6,3,1
"20564","201101PY20618",1,11,0,18,0,0,0,0,0,0,0,1,1,1,8,5883,2,9,4,1
"20565","201101PY20619",1,9,0,9,0,2,0,0,0,0,1,1,6,1,-1,1590,1,14,8,1
"20566","201101PY20619",2,1,0,10,0,1,0,0,0,0,1,1,6,2,9,-1,-1,-1,8,1
"20567","201101PY20620",1,9,0,7,0,8,0,0,0,0,1,1,6,1,8,1781,1,9,8,1
"20568","201101PY20621",1,9,0,18,0,0,0,4,0,0,1,1,2,2,7,1590,1,8,2,1
"20569","201101PY20621",2,9,0,2,0,0,0,0,0,0,2,1,6,1,9,2776,2,7,9,1
"20570","201101PY20622",1,9,0,14,0,8,0,0,0,0,4,1,6,3,-1,-1,-1,-1,-1,-1
"20571","201101PY20622",2,1,0,10,0,8,0,0,0,0,3,1,2,1,6,-1,-1,-1,9,1
"20572","201101PY20623",1,4,0,17,0,0,0,0,0,0,3,1,2,1,6,244,1,1,10,1
"20573","201101PY20624",1,9,0,18,0,8,0,0,0,0,4,1,6,2,8,1388,1,4,2,1
"20574","201101PY20624",2,19,0,9,0,6,0,0,0,0,1,1,6,1,-1,-1,-1,-1,-1,-1
"20575","201101PY20625",1,9,0,18,0,0,0,0,0,0,1,1,6,2,9,2765,2,13,8,1
"20576","201101PY20626",1,9,0,18,0,1,0,0,0,0,1,1,2,1,9,2148,2,5,8,3
"20577","201101PY20627",1,9,0,9,0,8,0,0,0,0,3,1,2,2,4,1388,1,7,9,1
"20578","201101PY20627",2,1,0,18,0,8,0,0,0,0,1,1,2,1,7,-1,-1,-1,5,1
"20579","201101PY20629",1,19,0,17,0,0,0,0,0,0,4,1,1,1,7,2402,2,1,3,1
"20580","201101PY20631",1,9,0,10,0,8,0,0,0,0,1,1,1,1,6,3600,1,9,9,1
"20581","201101PY20631",2,1,0,18,0,8,0,0,1,0,1,1,1,2,7,-1,-1,-1,4,1
"20582","201101PY20632",1,9,0,18,0,8,0,0,0,0,1,1,2,1,7,1998,2,2,4,1
"20583","201101PY20632",2,9,0,9,0,8,0,0,0,0,1,1,6,1,8,1587,1,8,8,1
"20584","201101PY20633",1,9,0,18,0,8,0,0,0,0,1,1,6,2,7,1242,1,2,6,1
"20585","201101PY20633",2,9,0,5,0,8,0,0,0,0,3,1,6,2,9,1360,1,12,6,1
"20586","201101PY20634",1,19,0,9,0,5,0,0,0,0,1,1,1,1,5,1997,2,5,4,1
"20587","201101PY20635",1,9,0,18,0,8,0,0,0,0,3,1,6,1,6,1781,1,12,1,1
"20588","201101PY20635",2,9,0,9,0,5,0,0,0,0,1,1,6,1,6,2148,2,3,6,1
"20589","201101PY20636",1,11,0,4,0,0,0,0,0,0,0,1,1,2,8,-1,2,8,3,1
"20590","201101PY20637",1,19,0,18,0,0,0,0,0,0,4,1,6,1,7,2198,2,4,9,1
"20591","201101PY20638",1,8,0,9,0,5,0,0,0,0,1,1,1,1,9,1997,2,3,2,1
"20592","201101PY20638",2,3,0,18,0,8,0,0,0,0,1,1,6,1,6,125,1,4,3,1
"20593","201101PY20638",3,9,0,8,0,8,0,0,0,0,1,1,6,1,6,1598,2,2,-1,-1
"20594","201101PY20640",1,3,0,18,0,8,0,0,0,0,1,1,1,1,6,102,1,6,4,1
"20595","201101PY20640",2,9,0,18,0,8,0,0,0,0,4,1,6,2,6,1686,2,7,9,1
"20596","201101PY20641",1,9,0,18,0,0,0,4,0,0,1,1,6,1,10,1998,1,15,-1,-1
"20597","201101PY20641",2,9,0,2,0,0,0,4,0,0,1,1,6,3,-1,1390,1,11,-1,-1
"20598","201101PY20641",3,9,0,2,0,0,0,0,0,0,1,1,6,2,-1,1364,1,7,1,1
"20599","201101PY20642",1,9,0,18,0,0,0,0,0,0,1,1,6,1,11,1995,2,3,8,1
"20600","201101PY20643",1,9,0,4,0,0,1,0,0,0,1,1,2,1,5,1598,1,6,3,1
"20601","201101PY20644",1,9,0,3,0,1,0,0,0,0,2,1,1,2,7,1985,1,12,7,1
"20602","201101PY20644",2,9,0,18,0,1,0,0,0,0,1,1,1,1,6,2494,1,9,9,1
"20603","201101PY20644",3,9,0,3,0,1,0,0,0,0,2,1,1,1,4,-1,-1,-1,4,1
"20604","201101PY20645",1,9,0,18,0,0,0,0,0,0,1,1,6,2,6,1895,1,10,6,1
"20605","201101PY20646",1,9,0,18,0,0,0,0,0,0,4,1,6,2,6,1391,1,16,3,1
"20606","201101PY20647",1,9,0,16,0,1,0,0,0,0,1,1,6,3,-1,-1,-1,-1,-1,-1
"20607","201101PY20648",1,11,0,18,0,0,0,0,0,0,4,1,1,3,-1,-1,-1,-1,-1,-1
"20608","201101PY20650",1,11,0,5,0,0,0,0,0,0,0,1,1,1,8,8268,2,10,-1,-1
"20609","201101PY20653",1,9,0,18,0,0,0,0,0,0,1,1,2,2,8,1388,1,7,4,1
"20610","201101PY20654",1,9,0,9,0,5,0,0,0,0,4,1,2,2,9,998,1,10,3,1
"20611","201101PY20655",1,9,0,18,0,0,0,0,0,0,4,1,6,1,-1,1299,1,11,-1,-1
"20612","201101PY20656",1,9,0,18,0,1,0,0,0,0,1,1,6,2,7,-1,-1,-1,-1,-1
"20613","201101PY20659",1,9,0,18,0,0,0,0,0,0,1,1,6,2,9,1798,1,4,10,1
"20614","201101PY20660",1,9,0,18,0,8,2,10,7,1,3,1,6,1,5,1590,1,8,10,1
"20615","201101PY20661",1,9,0,18,0,1,0,0,0,0,3,1,6,2,9,1400,1,6,8,1
"20616","201101PY20661",2,9,0,9,0,2,0,0,0,0,3,1,6,1,11,1596,1,9,7,1
"20617","201101PY20662",1,9,0,9,0,2,0,10,1,1,1,1,6,2,8,1582,2,-1,3,1
"20618","201101PY20663",1,1,0,18,0,1,0,0,0,0,4,1,6,1,5,-1,-1,-1,3,1
"20619","201101PY20663",2,9,0,18,0,1,0,0,0,0,1,1,6,3,-1,-1,-1,-1,-1,-1
"20620","201101PY20664",1,9,0,5,0,8,0,10,7,2,1,1,6,2,10,1598,1,8,9,1
"20621","201101PY20664",2,9,0,2,0,8,0,0,0,0,1,1,1,1,-1,1995,2,8,2,1
"20622","201101PY20664",3,9,0,2,0,8,0,0,0,0,1,1,6,1,5,-1,-1,-1,2,1
"20623","201101PY20665",1,5,0,18,0,0,0,0,0,0,1,1,2,1,8,644,1,4,10,1
"20624","201101PY20666",1,9,0,18,0,1,0,0,0,0,1,1,6,3,-1,-1,-1,-1,-1,-1
"20625","201101PY20667",1,9,0,9,0,8,0,0,0,0,3,1,6,1,11,1991,1,17,7,1
"20626","201101PY20667",2,9,0,18,0,8,0,10,1,2,1,1,6,2,4,1198,1,9,8,1
"20627","201101PY20667",3,9,0,2,0,8,0,0,0,0,2,1,6,3,-1,1560,2,4,-1,-1
"20628","201101PY20667",4,9,0,2,0,8,0,0,0,0,2,1,6,1,-1,2793,1,14,-1,-1
"20629","201101PY20669",1,9,0,5,0,1,0,0,0,0,1,1,6,1,-1,-1,-1,-1,-1,-1
"20630","201101PY20670",1,11,0,5,0,0,0,0,0,0,4,1,1,1,8,4500,2,3,10,1
"20631","201101PY20671",1,9,0,9,0,8,0,0,0,0,3,1,2,1,6,1800,1,6,7,1
"20632","201101PY20671",2,3,0,18,0,8,0,0,0,0,1,1,2,1,7,125,1,1,8,1
"20633","201101PY20672",1,9,0,18,0,8,0,0,0,0,1,1,2,1,9,1781,1,12,5,1
"20634","201101PY20672",2,9,0,9,0,8,0,0,0,0,4,1,6,2,4,1360,1,-1,7,3
"20635","201101PY20673",1,9,0,4,0,0,0,0,0,0,2,1,6,1,6,1799,1,14,4,1
"20636","201101PY20673",2,9,0,18,0,0,0,0,0,0,1,1,6,2,5,1398,2,4,4,1
"20637","201101PY20674",1,9,0,18,0,2,0,0,0,0,1,1,6,1,4,1595,1,4,6,1
"20638","201101PY20674",2,9,0,4,0,2,0,0,0,0,2,1,6,1,7,1388,1,8,7,1
"20639","201101PY20675",1,9,0,4,0,0,0,0,0,0,2,1,6,1,7,2231,2,3,9,1
"20640","201101PY20675",2,9,0,18,0,0,0,0,0,0,1,1,6,2,4,1299,1,4,9,1
"20641","201101PY20676",1,9,0,18,0,1,0,0,0,0,1,1,6,1,5,1600,1,7,6,1
"20642","201101PY20676",2,9,0,4,0,1,0,0,0,0,2,1,6,2,7,1388,1,5,7,1
"20643","201101PY20677",1,9,0,18,0,8,0,0,0,0,3,1,1,1,8,1968,2,-1,10,2
"20644","201101PY20677",2,1,0,17,0,8,0,0,0,0,1,1,2,1,9,-1,-1,-1,8,1
"20645","201101PY20679",1,9,0,9,0,8,0,0,0,0,3,1,6,2,4,998,1,1,4,1
"20646","201101PY20679",2,9,0,18,0,8,0,0,0,0,1,1,6,1,7,1796,1,11,4,1
"20647","201101PY20680",1,9,0,18,0,8,1,4,1,2,1,1,6,1,-1,1994,2,8,-1,-1
"20648","201101PY20680",2,9,0,2,9,8,0,4,3,4,2,1,6,3,-1,1896,2,7,-1,-1
"20649","201101PY20680",3,9,0,2,9,8,0,4,0,0,4,1,6,3,-1,1598,1,1,-1,-1
"20650","201101PY20680",4,9,0,2,9,8,0,0,3,2,3,1,6,3,-1,1995,2,4,-1,-1
"20651","201101PY20681",1,9,0,14,0,0,0,0,0,0,1,1,6,1,10,1390,1,8,6,1
"20652","201101PY20682",1,9,0,18,0,0,0,0,0,0,1,1,6,3,-1,-1,-1,-1,-1,-1
"20653","201101PY20683",1,9,0,7,0,8,0,0,0,0,2,1,6,1,7,2035,1,6,6,1