"","Acc_Index","Vehicle_Reference","Vehicle_Type","Towing_and_Articulation","Vehicle_Manoeuvre","Vehicle_Location.Restricted_Lane","Junction_Location","Skidding_and_Overturning","Hit_Object_in_Carriageway","Vehicle_Leaving_Carriageway","Hit_Object_off_Carriageway","X1st_Point_of_Impact","Was_Vehicle_Left_Hand_Drive","Journey_Purpose_of_Driver","Sex_of_Driver","Age_Band_of_Driver","Engine_Capacity_.CC.","Propulsion_Code","Age_of_Vehicle","Driver_IMD_Decile","Driver_Home_Area_Type"
"209351","201101QA10160",1,3,0,10,0,8,0,0,0,0,2,1,1,1,5,124,1,4,3,1
"209361","201101QA10160",2,9,0,18,0,8,0,0,0,0,1,1,6,1,7,1984,1,10,3,1
"209371","201101QA10161",1,9,0,9,0,8,0,0,0,0,1,1,6,1,-1,1198,1,3,10,1
"209381","201101QA10161",2,9,0,18,0,8,0,0,0,0,3,1,6,1,8,1339,8,-1,4,1
"209391","201101QA10162",1,9,0,9,0,8,0,0,0,0,1,1,6,2,8,1796,1,3,5,1
"209401","201101QA10162",2,9,0,14,0,8,0,0,0,0,1,1,6,2,9,-1,-1,-1,-1,-1
"209411","201101QA10163",1,9,0,9,0,8,0,0,0,0,3,1,6,1,7,2688,2,6,7,1
"209421","201101QA10163",2,3,0,13,0,8,0,0,0,0,4,1,6,1,6,-1,-1,-1,4,1
"209431","201101QA10165",1,9,0,18,0,1,0,0,0,0,4,1,6,2,6,2996,1,5,4,1
"209441","201101QA10166",1,9,0,3,0,0,0,0,0,0,2,1,6,1,5,1364,1,6,6,1
"209451","201101QA10166",2,9,0,5,0,0,0,0,0,0,1,1,6,2,9,-1,-1,-1,2,1
"209461","201101QA10167",1,9,0,9,0,2,0,0,0,0,1,1,6,2,9,1199,1,7,2,1
"209471","201101QA10168",1,9,0,3,0,0,0,0,0,0,2,1,6,1,7,1587,1,14,6,1
"209481","201101QA10168",2,9,0,18,0,0,0,0,0,0,1,1,6,1,4,973,1,8,-1,-1
"209491","201101QA10169",1,9,0,18,0,0,0,0,0,0,0,1,6,2,9,-1,-1,-1,8,1
"209501","201101QA10170",1,9,0,9,0,8,0,0,0,0,3,1,6,2,5,1984,1,9,-1,-1
"209511","201101QA10170",2,3,0,18,0,8,0,0,0,0,1,1,6,1,6,124,1,1,6,1
"209521","201101QA10171",1,9,0,9,0,8,0,0,0,0,4,1,6,1,8,1910,2,3,5,1
"209531","201101QA10171",2,2,0,18,0,8,0,0,0,0,1,1,6,1,6,49,1,4,8,1
"209541","201101QA10172",1,9,0,9,0,2,0,0,0,0,1,1,6,1,-1,-1,-1,-1,-1,-1
"209551","201101QA10173",1,9,0,18,0,0,0,0,0,0,4,1,6,1,7,1242,1,6,2,1
"209561","201101QA10173",2,1,0,5,0,0,0,0,0,0,2,1,6,1,4,-1,-1,-1,7,1
"209571","201101QA10174",1,11,0,18,0,0,0,0,0,0,0,1,1,1,6,-1,-1,-1,2,1
"209581","201101QA10175",1,9,0,18,0,8,0,0,0,0,1,1,6,1,9,-1,-1,-1,7,2
"209591","201101QA10175",2,9,0,9,0,8,0,0,0,0,3,1,6,1,5,-1,-1,-1,5,1
"209601","201101QA10176",1,9,0,18,0,6,0,0,0,0,1,1,6,2,6,-1,-1,-1,8,1
"209611","201101QA10176",2,9,0,9,0,8,0,0,0,0,1,1,6,2,6,1200,1,9,6,1
"209621","201101QA10177",1,9,0,18,0,0,0,0,0,0,2,1,6,1,10,1994,1,14,7,1
"209631","201101QA10177",2,9,0,18,0,0,0,0,0,0,1,1,6,1,-1,2490,2,13,-1,-1
"209641","201101QA10178",1,9,0,3,0,0,0,0,0,0,2,1,6,2,4,1598,1,1,7,3
"209651","201101QA10178",2,9,0,18,0,0,0,0,0,0,1,1,6,1,-1,2720,2,5,3,1
"209661","201101QA10179",1,11,0,4,0,1,0,0,0,0,0,1,1,1,7,7300,2,7,7,1
"209671","201101QA10180",1,9,0,18,0,0,0,0,0,0,1,1,6,2,5,1896,2,2,4,1
"209681","201101QA10180",2,9,0,2,0,0,0,0,0,0,4,1,6,1,-1,-1,-1,-1,-1,-1
"209691","201101QA10180",3,9,0,2,0,0,0,0,0,0,1,1,6,1,-1,1324,1,23,-1,-1
"209701","201101QA10181",1,11,0,2,0,8,0,0,0,0,0,1,6,1,6,9000,2,2,5,1
"209711","201101QA10182",1,9,0,9,0,1,0,0,0,0,3,1,6,1,6,-1,-1,-1,9,1
"209721","201101QA10182",2,11,0,18,0,1,0,0,0,0,4,1,1,1,5,7300,2,7,5,1
"209731","201101QA10183",1,8,0,9,0,8,0,0,0,0,1,1,6,1,-1,1896,2,9,-1,-1
"209741","201101QA10184",1,9,0,9,0,8,0,0,0,0,1,1,6,1,11,998,1,5,5,1
"209751","201101QA10184",2,3,0,18,0,8,0,0,0,0,4,1,6,1,6,125,1,3,-1,-1
"209761","201101QA10185",1,9,0,9,0,8,0,0,0,0,1,1,6,2,4,1769,1,6,2,1
"20977","201101QA10185",2,9,0,18,0,8,0,0,0,0,3,1,6,1,6,1997,1,9,5,1
"20978","201101QA10186",1,9,0,9,0,8,0,0,0,0,4,1,6,2,7,1998,1,10,3,1
"209791","201101QA10186",2,1,0,18,0,8,0,0,0,0,1,1,6,1,4,-1,-1,-1,6,1
"209811","201101QA10188",1,9,0,18,0,8,0,0,0,0,4,1,6,2,7,1364,1,3,4,1
"209821","201101QA10188",2,19,0,18,0,8,0,0,0,0,1,1,6,1,-1,1461,2,8,-1,-1
"209831","201101QA10189",1,9,0,18,0,2,0,0,0,0,1,1,6,3,-1,-1,-1,-1,-1,-1
"209841","201101QA10189",2,1,0,18,0,2,0,0,0,0,3,1,6,1,2,-1,-1,-1,-1,-1
"209851","201101QA10190",1,9,0,18,0,0,0,0,0,0,1,1,6,1,8,1995,2,3,4,1
"209861","201101QA10190",2,9,0,2,3,0,0,0,0,0,3,1,6,1,7,2993,2,1,6,1
"209871","201101QA10190",3,9,0,2,0,0,0,0,0,0,3,1,6,1,11,1597,1,17,6,1
"209881","201101QA10191",1,9,0,4,0,1,0,0,0,0,2,1,6,2,8,1590,1,11,3,1
"209891","201101QA10191",2,5,0,4,0,1,0,0,0,0,1,1,6,1,5,599,1,1,5,1
"209911","201101QA10193",1,9,0,18,0,8,0,0,0,0,1,1,6,2,9,2231,2,5,4,1
"209921","201101QA10193",2,9,0,18,0,8,0,0,0,0,1,1,6,1,6,1386,1,4,2,1
"209931","201101QA10194",1,9,0,4,0,1,0,0,0,0,2,1,1,2,8,1339,1,2,9,1
"209941","201101QA10194",2,9,0,4,0,1,0,0,0,0,1,1,6,1,4,1598,1,10,8,1
"209951","201101QA10195",1,9,0,18,0,1,0,0,0,0,3,1,1,2,5,-1,-1,-1,10,3
"209961","201101QA10196",1,3,0,18,0,0,0,0,0,0,1,1,6,1,5,124,1,-1,4,1
"209981","201101QA10198",1,9,0,18,0,8,0,0,0,0,4,1,6,1,4,1248,1,-1,9,1
"209991","201101QA10198",2,9,0,5,0,8,0,0,0,0,1,1,6,1,9,1796,1,7,3,1
"210001","201101QA10199",1,9,0,9,0,8,0,0,0,0,3,1,6,2,4,1198,1,4,7,1
"210011","201101QA10199",2,9,0,14,0,8,0,0,0,0,1,1,6,1,5,1242,1,8,-1,-1
"210021","201101QA10200",1,9,0,3,0,0,0,0,0,0,2,1,6,1,5,1360,1,4,1,1
"210031","201101QA10200",2,9,0,4,0,0,0,0,0,0,1,1,6,1,6,1799,1,5,6,1
"210041","201101QA10201",1,9,0,18,0,8,0,10,7,10,1,1,6,2,10,1598,1,5,8,1
"210051","201101QA10202",1,9,0,18,0,1,0,0,0,0,1,1,2,2,8,998,1,10,4,1
"210081","201101QA10204",1,9,0,9,0,8,0,0,0,0,4,1,6,2,9,1497,1,8,6,1
"210091","201101QA10204",2,3,0,18,0,8,0,0,0,0,3,1,6,1,10,125,1,-1,5,1
"210101","201101QA10205",1,9,0,18,0,0,0,10,7,4,1,1,6,1,6,1994,1,5,4,1
"210111","201101QA10206",1,9,0,4,0,0,0,0,0,0,1,1,6,2,6,1990,1,16,4,1
"210121","201101QA10206",2,9,0,4,0,0,0,0,0,0,2,1,6,2,5,2979,1,9,9,1
"210131","201101QA10207",1,9,0,18,0,0,0,4,0,0,1,1,6,1,8,2198,1,10,6,1
"210141","201101QA10207",2,9,0,2,0,0,0,0,0,0,2,1,6,3,-1,3222,2,7,-1,-1
"210151","201101QA10208",1,9,0,9,0,6,0,0,0,0,1,1,6,1,11,1596,1,10,6,1
"210161","201101QA10208",2,9,0,18,0,1,0,0,0,0,4,1,6,1,7,1124,1,10,7,1
"210171","201101QA10209",1,9,0,4,0,0,0,0,0,0,2,1,6,2,6,1998,1,11,8,1
"210181","201101QA10209",2,9,0,18,0,0,0,0,0,0,1,1,6,1,4,1895,1,10,-1,-1
"210191","201101QA10210",1,11,0,18,0,1,0,0,0,0,0,1,1,1,6,9000,2,7,2,1
"210201","201101QA10211",1,9,0,3,0,1,0,0,0,0,2,1,6,2,6,1997,1,9,4,1
"210211","201101QA10211",2,9,0,18,0,1,0,0,0,0,1,1,6,3,-1,-1,-1,-1,-1,-1
"210221","201101QA10212",1,9,0,18,0,1,0,0,0,0,2,1,6,2,4,998,1,10,6,1
"210231","201101QA10212",2,3,0,18,0,1,0,0,0,0,1,1,6,1,6,124,1,5,-1,-1
"210241","201101QA10213",1,9,0,18,0,0,0,0,0,0,1,1,6,1,8,998,1,13,6,1
"210251","201101QA10215",1,9,0,18,0,0,0,0,0,0,3,1,6,1,7,2429,1,10,-1,-1
"210261","201101QA10215",2,9,0,5,0,0,0,0,0,0,1,1,6,2,-1,1200,1,8,-1,-1
"210271","201101QA10216",1,9,0,18,0,0,0,0,0,0,1,1,6,1,-1,-1,-1,-1,-1,-1
"210281","201101QA10217",1,11,0,3,0,0,0,0,0,0,0,1,1,1,8,7300,2,10,5,1
"210291","201101QA10218",1,21,0,12,0,2,0,0,0,0,3,1,1,1,9,-1,-1,-1,-1,-1
"210301","201101QA10218",2,9,0,18,0,2,0,0,0,0,4,1,1,2,8,1595,1,2,7,1
"210311","201101QA10219",1,11,0,3,0,1,0,0,0,0,0,1,1,1,6,4500,2,2,2,1
"210321","201101QA10220",1,19,0,18,0,0,0,0,1,2,1,1,1,1,6,1998,2,7,5,1
"210331","201101QA10221",1,9,0,18,0,0,5,4,0,0,4,1,6,2,7,998,1,12,3,1
"210341","201101QA10221",2,9,0,2,0,0,0,0,0,0,3,1,6,2,8,1598,1,6,3,1
"210351","201101QA10222",1,1,0,4,0,0,0,0,0,0,1,1,1,2,7,-1,-1,-1,-1,-1
"210361","201101QA10223",1,9,0,18,0,8,0,0,0,0,1,1,6,1,6,-1,-1,-1,5,1
"210371","201101QA10223",2,1,0,17,0,8,0,0,0,0,4,1,6,1,7,-1,-1,-1,3,1
"210381","201101QA10224",1,9,0,17,0,0,0,0,0,0,1,1,6,1,4,1796,1,12,5,1
"210391","201101QA10224",2,9,0,16,0,0,0,0,0,0,1,1,6,1,7,2946,1,11,9,1
"210401","201101QA10225",1,9,0,18,0,8,0,0,0,0,1,1,6,1,-1,-1,-1,-1,-1,-1
"210411","201101QA10227",1,9,0,9,0,8,0,0,0,0,2,1,6,1,8,2000,1,11,6,1
"210421","201101QA10227",2,9,0,9,0,8,0,0,0,0,1,1,6,3,-1,1596,1,6,-1,-1
"210431","201101QA10228",1,9,0,16,0,1,0,0,0,0,4,1,6,3,-1,-1,-1,-1,-1,-1
"210441","201101QA10229",1,11,0,18,0,0,0,0,0,0,0,1,1,1,6,5883,2,9,7,1
"210451","201101QA10230",1,9,0,7,0,8,0,0,0,0,2,1,6,1,6,1397,1,3,7,1
"21046","201101QA10230",2,9,0,15,0,8,0,0,0,0,1,1,6,3,-1,1596,1,7,-1,-1
"210471","201101QA10231",1,9,0,3,0,1,0,0,0,0,4,1,6,1,-1,-1,-1,-1,-1,-1
"210481","201101QA10231",2,1,0,18,0,1,0,0,0,0,1,1,6,1,7,-1,-1,-1,7,1
"210491","201101QA10232",1,9,0,18,0,1,0,0,0,0,2,1,6,1,7,1598,1,9,6,1
"210501","201101QA10232",2,9,0,18,0,1,0,0,0,0,2,1,1,1,7,-1,-1,-1,6,1
"210511","201101QA10232",3,19,0,18,0,1,0,0,0,0,1,1,1,1,5,-1,-1,-1,10,1
"210521","201101QA10233",1,9,0,6,0,0,0,0,0,0,3,1,6,1,6,1896,2,9,4,1
"210531","201101QA10233",2,9,0,18,0,0,0,0,0,0,1,1,6,2,6,1596,1,5,-1,-1
"210541","201101QA10233",3,9,0,18,0,0,0,0,0,0,1,1,6,1,6,2497,2,9,6,1
"210551","201101QA10234",1,9,0,18,0,0,0,0,0,0,1,1,6,3,-1,-1,-1,-1,-1,-1
"210561","201101QA10235",1,9,0,3,0,8,0,0,0,0,2,1,6,1,8,1360,1,11,5,1
"210571","201101QA10235",2,5,0,18,0,8,0,0,0,0,1,1,6,1,-1,599,1,4,-1,-1
"210581","201101QA10238",1,9,0,18,0,0,0,0,0,0,1,1,6,1,7,-1,-1,-1,7,1
"210591","201101QA10238",2,9,0,18,0,0,0,0,0,0,1,1,6,2,6,1997,1,7,6,1
"210601","201101QA10240",1,9,0,18,0,8,0,0,0,0,1,1,6,3,-1,1400,1,5,-1,-1
"210611","201101QA10240",2,9,0,3,0,8,0,0,0,0,2,1,6,1,7,1595,1,13,6,1
"210621","201101QA10241",1,9,0,9,0,8,0,0,0,0,1,1,6,1,6,1896,2,13,6,1
"210631","201101QA10241",2,9,0,18,0,8,0,0,0,0,1,1,6,2,7,1360,1,7,7,1
"210641","201101QA10242",1,9,0,16,0,8,0,0,0,0,3,1,6,3,-1,-1,-1,-1,-1,-1
"210651","201101QA10242",2,1,0,16,0,8,0,0,0,0,4,1,6,1,6,-1,-1,-1,-1,-1
"210661","201101QA10243",1,11,0,4,0,1,0,0,0,0,0,1,1,1,-1,-1,-1,-1,-1,-1
"210671","201101QA10244",1,9,0,9,0,8,0,0,0,0,4,1,6,2,6,1360,1,4,4,1
"210681","201101QA10244",2,9,0,18,0,8,0,0,0,0,1,1,6,2,10,998,1,14,4,1
"210691","201101QA10245",1,90,0,9,0,8,0,0,0,0,4,1,1,1,7,-1,-1,-1,3,1
"210701","201101QA10245",2,9,0,18,0,8,0,0,0,0,1,1,6,1,6,1242,1,13,3,1
"210711","201101QA10246",1,11,0,4,0,8,0,0,0,0,0,1,1,1,7,7300,2,7,5,1
"210721","201101QA10247",1,9,0,17,0,8,0,0,0,0,1,1,6,1,6,1339,1,-1,9,1
"210731","201101QA10247",2,9,0,17,0,8,0,0,0,0,1,1,6,2,11,1598,1,6,7,1
"210741","201101QA10247",3,9,0,17,0,8,0,0,0,0,2,1,6,1,8,1299,1,9,2,1
"210751","201101QA10248",1,9,0,14,0,8,0,0,0,0,1,1,6,2,9,1598,1,11,5,1
"210771","201101QA10250",1,9,0,9,0,8,0,0,0,0,2,1,6,1,5,-1,-1,-1,4,1
"210781","201101QA10250",2,9,0,18,0,8,0,0,0,0,1,1,6,3,-1,1999,1,6,-1,-1
"210791","201101QA10252",1,9,0,3,0,8,0,0,0,0,2,1,6,1,9,796,1,8,5,1
"210801","201101QA10252",2,9,0,18,0,1,0,0,0,0,1,1,6,1,4,1595,1,13,5,1
"210811","201101QA10254",1,20,0,18,0,1,0,0,0,0,1,1,1,1,8,-1,-1,-1,3,1
"210821","201101QA10254",2,9,0,18,0,1,0,0,0,0,2,1,1,1,6,-1,-1,-1,3,1
"210831","201101QA10255",1,9,0,9,0,8,0,0,0,0,3,1,6,1,6,1896,2,3,5,1
"210841","201101QA10255",2,9,0,18,0,8,0,0,0,0,1,1,6,1,5,1590,1,11,4,1
"210851","201101QA10256",1,9,0,18,0,8,0,0,0,0,2,1,6,1,6,1598,1,10,10,1
"210861","201101QA10256",2,9,0,18,0,8,0,0,0,0,1,1,6,1,-1,1195,1,14,5,1
"210871","201101QA10257",1,9,0,2,0,0,0,0,0,0,0,1,6,2,9,1246,1,3,6,1
"210881","201101QA10257",2,9,0,18,0,0,0,0,0,0,1,1,6,3,-1,-1,-1,-1,-1,-1
"210891","201101QA10258",1,9,0,2,0,1,0,0,0,0,3,1,6,2,7,1598,1,10,3,1
"210901","201101QA10258",2,19,0,11,0,1,0,0,0,0,4,1,1,1,-1,2496,2,19,-1,-1
"210911","201101QA10259",1,9,0,16,0,0,0,0,0,0,1,1,6,3,-1,-1,-1,-1,-1,-1
"210941","201101QA10261",1,9,0,18,0,8,0,0,0,0,2,1,6,1,6,-1,-1,-1,5,1
"210951","201101QA10261",2,3,0,18,0,8,0,0,0,0,1,1,6,1,5,125,1,6,3,1
"210961","201101QA10262",1,9,0,3,0,8,0,0,0,0,2,1,6,1,5,1198,1,-1,3,1
"210971","201101QA10262",2,3,0,18,0,8,0,0,0,0,1,1,6,1,-1,125,1,5,-1,-1
"210981","201101QA10263",1,1,0,18,0,1,0,0,0,0,3,1,6,1,6,-1,-1,-1,4,1
"210991","201101QA10263",2,9,0,11,0,1,0,0,0,0,4,1,6,3,-1,-1,-1,-1,-1,-1
"211001","201101QA10264",1,9,0,3,0,8,0,0,0,0,2,1,6,1,6,2982,2,1,9,1
"211011","201101QA10264",2,9,0,18,0,8,0,0,0,0,1,1,6,2,7,1198,1,8,6,1
"211021","201101QA10265",1,9,0,3,0,8,0,0,0,0,2,1,6,2,6,998,1,8,4,1
"211031","201101QA10265",2,9,0,5,0,8,0,0,0,0,1,1,6,2,7,1329,1,2,2,1
"211041","201101QA10266",1,9,0,3,0,8,0,0,0,0,1,1,6,2,7,1596,1,10,-1,-1
"211051","201101QA10266",2,9,0,18,0,8,0,0,0,0,1,1,6,2,8,1600,1,13,10,1
"211061","201101QA10267",1,20,0,5,0,8,0,0,0,0,1,1,6,1,6,2800,2,9,4,1
"211071","201101QA10268",1,9,0,18,0,2,0,0,0,0,1,1,6,1,9,1686,2,6,4,1
"211081","201101QA10269",1,9,0,6,0,8,0,0,0,0,1,1,6,2,8,1388,1,7,3,1
"211091","201101QA10269",2,1,0,18,0,8,0,0,0,0,1,1,6,2,2,-1,-1,-1,4,1
"211101","201101QA10270",1,9,0,18,0,0,0,0,0,0,3,1,6,2,6,1240,1,7,6,1
"211111","201101QA10270",2,9,0,12,0,0,0,0,0,0,3,1,6,1,-1,-1,-1,-1,-1,-1
"211121","201101QA10271",1,1,0,16,0,8,0,0,0,0,1,1,6,2,6,-1,-1,-1,8,1
"211131","201101QA10271",2,9,0,7,0,8,0,0,0,0,4,1,6,1,-1,-1,-1,-1,-1,-1
"211141","201101QA10272",1,9,0,18,0,0,0,4,0,0,4,1,6,2,5,1598,1,4,8,1
"211151","201101QA10272",2,19,0,18,0,0,0,0,0,0,0,1,6,1,-1,-1,-1,-1,-1,-1
"211161","201101QA10272",3,9,0,2,0,0,0,0,0,0,3,1,6,3,-1,-1,-1,-1,-1,-1
"211171","201101QA10274",1,9,0,2,0,2,0,0,0,0,2,1,6,2,7,1396,1,14,3,1
"211181","201101QA10274",2,9,0,1,0,2,0,4,0,0,2,1,6,1,-1,1781,1,7,-1,-1
"211191","201101QA10275",1,9,0,18,0,1,0,0,0,0,1,1,6,2,6,1229,1,5,7,1
"211201","201101QA10276",1,9,0,18,0,0,0,0,0,0,1,1,6,1,-1,1796,1,10,-1,-1
"211211","201101QA10277",1,9,0,18,0,2,0,0,0,0,1,1,6,1,7,1997,2,9,5,1
"211221","201101QA10278",1,8,0,3,0,8,0,0,0,0,2,1,1,1,7,1762,1,11,6,1
"211231","201101QA10278",2,9,0,18,0,8,0,0,0,0,1,1,6,1,-1,1988,1,13,-1,-1
"211241","201101QA10279",1,9,0,18,0,8,0,10,1,3,1,1,6,2,8,1596,1,2,7,1
"211251","201101QA10280",1,9,0,16,0,0,0,0,0,0,4,1,6,2,9,2148,2,5,9,1
"211261","201101QA10280",2,9,0,12,0,0,0,0,0,0,3,1,6,3,-1,-1,-1,-1,-1,-1
"21127","201101QA10281",1,9,0,18,0,1,0,0,0,0,1,1,6,2,7,1596,1,10,5,1
"211281","201101QA10281",2,9,0,3,0,1,0,0,0,0,2,1,6,2,9,1850,1,14,7,1
"211291","201101QA10282",1,3,0,17,0,8,0,0,0,0,2,1,2,1,7,124,1,3,7,1
"211301","201101QA10282",2,9,0,9,0,8,0,0,0,0,1,1,1,2,7,1598,1,10,8,1
"211311","201101QA10283",1,9,0,18,0,0,0,0,0,0,1,1,6,3,-1,1242,1,12,-1,-1
"211321","201101QA10283",2,9,0,2,0,0,0,0,0,0,2,1,6,1,6,-1,-1,-1,6,1
"211331","201101QA10284",1,20,0,1,0,1,0,0,0,0,2,1,1,1,9,2287,2,-1,5,1
"211341","201101QA10284",2,5,0,18,0,1,0,0,0,0,1,1,6,1,8,980,1,21,5,1
"211351","201101QA10285",1,5,0,9,0,8,0,0,0,0,3,1,6,1,9,1312,1,7,8,1
"211361","201101QA10286",1,9,0,18,0,8,0,0,0,0,4,1,6,2,6,1388,1,5,5,1
"211371","201101QA10286",2,9,0,9,0,8,0,0,0,0,1,1,6,2,-1,1389,1,12,-1,-1
"211381","201101QA10287",1,9,0,16,0,1,0,0,0,0,1,1,6,2,7,1498,1,4,6,1
"211391","201101QA10287",2,9,0,16,0,1,0,0,0,0,2,1,6,2,7,1796,1,13,9,1
"211401","201101QA10288",1,9,0,4,0,8,0,0,0,0,2,1,6,1,-1,1998,2,10,5,1
"211411","201101QA10288",2,9,0,18,0,8,0,0,0,0,1,1,6,1,-1,-1,-1,-1,-1,-1
"211421","201101QA10289",1,9,0,10,0,8,0,0,0,0,2,1,6,2,7,1598,1,11,7,1
"211431","201101QA10289",2,9,0,9,0,8,0,0,0,0,1,1,6,1,-1,3498,1,5,-1,-1
"211441","201101QA10290",1,9,0,4,0,8,0,0,0,0,2,1,6,2,-1,1590,1,19,-1,-1
"211451","201101QA10290",2,9,0,18,0,8,0,0,0,0,1,1,6,1,-1,-1,-1,-1,-1,-1
"211461","201101QA10291",1,9,0,4,0,8,0,0,0,0,1,1,6,2,-1,1783,1,8,-1,-1
"211471","201101QA10291",2,9,0,18,0,8,0,0,0,0,1,1,6,1,-1,-1,-1,-1,-1,-1
"211481","201101QA10292",1,5,0,17,0,8,0,0,0,0,1,1,6,1,5,781,1,13,6,1
"211491","201101QA10292",2,8,0,9,0,8,0,0,0,0,3,1,6,1,7,2499,2,3,5,1
"211501","201101QA10293",1,3,0,18,0,8,0,0,0,0,1,1,6,1,4,-1,-1,-1,8,1
"211511","201101QA10293",2,9,0,9,0,8,0,0,0,0,1,1,6,3,-1,-1,-1,-1,-1,-1
"211521","201101QA10294",1,9,0,4,0,8,0,0,0,0,2,1,6,2,7,1397,1,4,-1,-1
"211531","201101QA10294",2,9,0,18,0,8,0,0,0,0,1,1,6,1,8,1397,1,4,4,1
"211541","201101QA10295",1,9,0,18,0,8,0,0,0,0,1,1,6,1,6,-1,-1,-1,-1,-1
"211551","201101QA10295",2,1,0,18,0,8,0,0,0,0,1,1,6,1,-1,-1,-1,-1,-1,-1
"211561","201101QA10296",1,9,0,3,0,8,0,0,0,0,2,1,6,2,6,1598,1,5,6,1
"211571","201101QA10296",2,9,0,18,0,8,0,0,0,0,1,1,6,1,-1,-1,-1,-1,7,1
"211601","201101QA10298",1,9,0,6,0,8,0,0,0,0,4,1,6,1,9,1973,1,10,3,1
"211611","201101QA10298",2,9,0,18,0,8,0,0,0,0,1,1,6,1,-1,1242,1,12,-1,-1
"211621","201101QA10299",1,1,0,18,0,8,0,0,0,0,1,1,6,1,-1,-1,-1,-1,5,1
"211631","201101QA10299",2,9,0,9,0,8,0,0,0,0,1,1,6,1,-1,-1,-1,-1,-1,-1
"211641","201101QA10300",1,9,0,18,0,8,0,0,0,0,2,1,6,1,-1,-1,-1,-1,-1,-1
"211651","201101QA10300",2,9,0,18,0,8,0,0,0,0,1,1,6,1,-1,-1,-1,-1,-1,-1
"211661","201101QA10301",1,9,0,4,0,1,0,0,0,0,2,1,6,1,6,1596,1,4,9,1
"211671","201101QA10301",2,9,0,4,0,1,0,0,0,0,1,1,6,1,8,2777,2,3,4,1
"211681","201101QA10302",1,5,0,15,0,1,0,0,0,0,1,1,6,1,6,998,1,4,8,1
"211691","201101QA10302",2,9,0,3,0,1,0,0,0,0,3,1,6,1,8,2685,2,8,7,1
"211701","201101QA10303",1,2,0,18,0,8,0,0,0,0,4,1,6,1,-1,954,1,7,3,1
"211711","201101QA10304",1,9,0,9,0,8,0,0,0,0,1,1,6,2,8,1984,1,5,8,1
"211721","201101QA10304",2,2,0,18,0,8,0,0,0,0,1,1,6,1,-1,-1,-1,-1,9,1
"211731","201101QA10306",1,2,0,18,0,8,0,0,0,0,1,1,6,2,6,-1,-1,-1,-1,-1
"211741","201101QA10306",2,1,0,4,0,8,0,0,0,0,2,1,6,1,-1,-1,-1,-1,7,1
"211751","201101QA10307",1,9,0,18,0,8,0,0,0,0,1,1,6,1,6,-1,-1,-1,4,1
"211761","201101QA10307",2,1,0,9,0,8,0,0,0,0,1,1,6,1,8,-1,-1,-1,6,1
"211771","201101QA10310",1,9,0,9,0,8,0,0,0,0,3,1,6,1,-1,2179,2,8,7,1
"211781","201101QA10310",2,2,0,14,0,8,0,0,0,0,1,1,6,1,4,49,1,8,4,1
"211811","201101QA10312",1,1,0,18,0,0,0,0,0,0,1,1,6,2,6,-1,-1,-1,10,1
"211821","201101QA10312",2,9,0,1,0,0,0,0,0,0,2,1,6,1,-1,1242,1,11,-1,-1
"211831","201101QA10314",1,9,0,18,0,0,0,7,0,0,1,1,6,1,11,1360,1,9,5,1
"211841","201101QA10315",1,9,0,18,0,0,0,0,0,0,1,1,6,1,5,1796,1,9,8,1
"211851","201101QA10316",1,9,0,5,0,1,0,0,0,0,4,1,6,2,10,1995,1,4,-1,-1
"211861","201101QA10317",1,11,0,7,0,8,0,0,0,0,3,1,1,1,7,7300,2,7,5,1
"211871","201101QA10317",2,9,0,18,0,8,0,0,0,0,1,1,6,1,7,1997,2,8,6,1
"211881","201101QA10318",1,2,0,9,0,8,0,0,0,0,1,1,6,1,-1,124,1,4,-1,-1
"211891","201101QA10318",2,9,0,18,0,8,0,0,0,0,1,1,6,1,6,1598,1,13,-1,-1
"211901","201101QA10320",1,9,0,18,0,8,0,0,0,0,1,1,6,1,10,-1,-1,-1,6,1
"211911","201101QA10321",1,9,0,18,0,1,0,0,0,0,1,1,2,1,6,1242,1,11,6,1
"211921","201101QA10321",2,9,0,3,0,1,0,0,0,0,2,1,2,2,7,1598,7,9,8,1
"211941","201101QA10323",1,9,0,18,0,0,0,0,0,0,3,1,6,3,-1,-1,-1,-1,-1,-1
"211951","201101QA10324",1,9,0,2,0,2,0,0,0,0,4,1,6,1,5,1398,2,-1,4,1
"211961","201101QA10324",2,9,0,18,0,2,0,0,0,0,3,1,6,3,-1,-1,-1,-1,-1,-1
"211971","201101QA10326",1,9,0,18,0,2,0,0,0,0,4,1,1,1,7,2231,2,5,7,1
"211981","201101QA10327",1,9,0,18,0,1,0,0,0,0,3,1,6,1,5,1598,1,10,-1,-1
"211991","201101QA10328",1,9,0,16,0,0,0,10,0,0,4,1,6,1,9,1299,1,11,7,1
"212001","201101QA10329",1,9,0,4,0,8,0,0,0,0,2,1,6,1,-1,2793,1,11,-1,-1