"","Acc_Index","Vehicle_Reference","Vehicle_Type","Towing_and_Articulation","Vehicle_Manoeuvre","Vehicle_Location.Restricted_Lane","Junction_Location","Skidding_and_Overturning","Hit_Object_in_Carriageway","Vehicle_Leaving_Carriageway","Hit_Object_off_Carriageway","X1st_Point_of_Impact","Was_Vehicle_Left_Hand_Drive","Journey_Purpose_of_Driver","Sex_of_Driver","Age_Band_of_Driver","Engine_Capacity_.CC.","Propulsion_Code","Age_of_Vehicle","Driver_IMD_Decile","Driver_Home_Area_Type"
"212011","201101QA10329",2,9,0,18,0,8,0,0,0,0,1,1,6,1,-1,1896,2,9,-1,-1
"212031","201101QA10333",1,11,0,4,0,0,0,0,0,0,0,1,1,3,-1,-1,-1,-1,-1,-1
"212041","201101QA10334",1,9,0,18,0,8,0,0,0,0,1,1,6,2,5,1360,1,11,9,1
"212051","201101QA10334",2,9,0,18,0,8,0,0,0,0,4,1,6,1,6,1389,1,17,9,1
"212061","201101QA10335",1,11,0,4,0,8,0,0,0,0,0,1,6,1,8,3900,2,5,6,1
"212071","201101QA10337",1,9,0,18,0,8,0,0,0,0,1,1,6,2,5,1598,1,11,6,1
"212081","201101QA10337",2,9,0,4,0,8,0,0,0,0,2,1,6,1,8,2000,1,7,-1,-1
"212091","201101QA10338",1,11,0,4,0,8,0,0,0,0,0,1,6,1,8,4500,2,2,3,1
"212101","201101QA10339",1,5,0,13,0,8,0,0,0,0,1,1,1,1,7,599,1,4,4,1
"212111","201101QA10339",2,9,0,6,0,8,0,0,0,0,3,1,6,1,-1,1794,1,8,4,1
"212121","201101QA10340",1,8,0,4,0,8,0,0,0,0,2,1,6,1,-1,1968,2,3,-1,-1
"212131","201101QA10340",2,19,0,4,0,8,0,0,0,0,1,1,6,1,-1,-1,-1,-1,-1,-1
"212141","201101QA10341",1,9,0,9,0,8,0,0,0,0,1,1,6,1,7,1995,2,3,7,1
"212151","201101QA10343",1,9,0,18,0,0,0,0,0,0,1,1,6,1,9,2793,1,12,5,1
"212161","201101QA10344",1,9,0,18,0,2,0,0,0,0,1,1,6,1,5,1198,1,3,-1,-1
"212171","201101QA10344",2,9,0,6,0,2,0,0,0,0,2,1,6,1,-1,2151,2,11,-1,-1
"212181","201101QA10345",1,19,0,18,0,0,0,0,0,0,1,1,6,1,7,-1,-1,-1,2,1
"212191","201101QA10347",1,9,0,18,0,2,0,0,0,0,1,1,6,1,11,999,1,11,5,1
"212201","201101QA10347",2,9,0,6,0,2,0,0,0,0,3,1,6,1,6,998,1,10,4,1
"212211","201101QA10347",3,9,0,2,0,2,0,0,0,0,2,1,6,3,-1,1587,1,10,-1,-1
"212231","201101QA10349",1,9,0,13,0,0,0,0,0,0,1,1,6,2,5,998,1,4,6,1
"212241","201101QA10349",2,9,0,6,0,0,0,0,0,0,3,1,6,2,4,1390,1,3,9,1
"212251","201101QA10352",1,9,0,18,0,8,0,0,0,0,4,1,6,1,10,-1,-1,-1,-1,-1
"212261","201101QA10354",1,9,0,7,0,8,0,0,0,0,4,1,6,2,9,1984,1,8,7,1
"212271","201101QA10354",2,1,0,18,0,8,0,0,0,0,1,1,6,1,6,-1,-1,-1,6,1
"212291","201101QA10357",1,9,0,9,0,8,0,0,0,0,3,1,6,2,5,998,1,-1,6,1
"212301","201101QA10357",2,9,0,18,0,8,0,0,0,0,1,1,6,2,9,1386,1,8,4,1
"212311","201101QA10359",1,9,0,4,0,8,0,0,0,0,2,1,6,2,9,-1,-1,-1,3,1
"212321","201101QA10359",2,9,0,4,0,8,0,0,0,0,1,1,6,2,7,1198,1,5,-1,-1
"212331","201101QA10361",1,9,0,5,0,1,0,0,0,0,1,1,6,1,6,1390,1,12,-1,-1
"212341","201101QA10362",1,9,0,18,0,8,0,0,0,0,1,1,6,1,11,-1,-1,-1,9,1
"212351","201101QA10363",1,9,0,18,0,0,0,0,0,0,1,1,6,2,6,1399,2,6,3,1
"212361","201101QA10363",2,9,0,18,0,0,0,0,0,0,1,1,6,1,5,1896,2,9,6,1
"212371","201101QA10363",3,9,0,2,0,0,0,0,0,0,2,1,6,3,-1,1997,1,10,-1,-1
"212381","201101QA10364",1,9,0,4,0,1,0,0,0,0,2,1,6,1,5,1995,1,8,5,1
"212391","201101QA10364",2,9,0,4,0,1,0,0,0,0,1,1,6,2,7,1396,1,15,6,1
"21240","201101QA10364",3,9,0,12,0,1,0,0,0,0,0,1,6,1,-1,-1,-1,-1,-1,-1
"212411","201101QA10365",1,9,0,9,0,8,0,0,0,0,3,1,6,2,6,2362,1,11,6,1
"212421","201101QA10365",2,9,0,18,0,8,0,0,0,0,1,1,6,2,7,1997,1,10,-1,-1
"212431","201101QA10366",1,19,0,18,0,0,0,0,0,0,2,1,6,1,6,-1,-1,-1,2,1
"212441","201101QA10366",2,19,0,6,0,0,0,0,0,0,3,1,6,1,9,4461,2,2,10,1
"212451","201101QA10367",1,9,0,18,0,1,0,0,0,0,1,1,6,1,8,1783,1,9,5,1
"212461","201101QA10367",2,9,0,3,0,1,0,0,0,0,2,1,6,2,7,2148,2,4,4,1
"212471","201101QA10367",3,9,0,3,0,1,0,0,0,0,2,1,6,2,7,1995,1,2,9,1
"212481","201101QA10368",1,9,0,16,0,0,0,0,0,0,1,1,6,1,7,2967,2,3,9,1
"212491","201101QA10368",2,9,0,17,0,0,0,0,0,0,1,1,6,1,6,1998,1,7,6,1
"212509","201101QA10370",1,9,0,9,0,2,0,0,0,0,1,1,6,1,5,1248,1,2,9,1
"2125110","201101QA10371",1,9,0,4,0,1,0,0,0,0,2,1,6,1,6,1596,1,4,9,1
"2125210","201101QA10371",2,9,0,4,0,1,0,0,0,0,1,1,6,2,-1,1597,1,2,9,1
"2125310","201101QA10372",1,9,0,17,0,8,0,0,0,0,3,1,6,2,10,1389,1,13,4,1
"2125410","201101QA10372",2,3,0,17,0,8,0,0,0,0,1,1,6,1,4,-1,-1,-1,3,1
"2125510","201101QA10374",1,9,0,18,0,0,0,0,0,0,4,1,6,1,-1,-1,-1,-1,-1,-1
"212566","201101QA10376",1,9,0,18,0,1,0,0,0,0,3,1,6,1,6,1229,1,2,7,1
"2125810","201101QA10378",1,9,0,18,0,1,0,0,0,0,4,1,6,2,8,1242,1,9,8,1
"21261","201101QA10380",1,1,0,13,0,0,0,10,7,5,4,1,6,1,7,-1,-1,-1,10,1
"212621","201101QA10380",2,9,0,5,0,0,0,0,0,0,3,1,6,1,-1,1149,1,4,-1,-1
"212631","201101QA10382",1,9,0,18,0,0,0,0,0,0,1,1,6,3,-1,-1,-1,-1,-1,-1
"212641","201101QA10383",1,9,0,18,0,8,0,0,0,0,1,1,6,1,9,1598,1,9,9,1
"212651","201101QA10383",2,9,0,3,0,8,0,0,0,0,2,1,6,2,7,1590,1,7,6,1
"212661","201101QA10384",1,3,0,13,0,0,0,0,0,0,4,1,6,2,5,124,1,-1,7,1
"212671","201101QA10384",2,9,0,5,0,0,0,0,0,0,3,1,6,1,8,2499,2,9,3,1
"212681","201101QA10385",1,9,0,13,0,8,0,0,0,0,4,1,6,1,7,1990,1,13,4,1
"212691","201101QA10385",2,19,0,9,0,8,0,0,0,0,3,1,6,1,7,2402,2,1,1,1
"212701","201101QA10386",1,9,0,16,0,0,0,0,0,0,1,1,6,1,4,1388,1,7,9,1
"212711","201101QA10387",1,9,0,18,0,8,0,0,0,0,4,1,6,1,6,1797,8,-1,7,1
"212721","201101QA10387",2,3,0,16,0,8,0,0,0,0,1,1,6,1,5,125,1,5,1,1
"212731","201101QA10388",1,9,0,7,0,8,0,0,0,0,4,1,6,2,8,1339,8,4,4,1
"212741","201101QA10388",2,11,0,17,0,8,0,0,0,0,3,1,6,1,7,5883,2,9,-1,-1
"212751","201101QA10389",1,9,0,4,0,1,0,0,0,0,2,1,6,2,4,998,1,4,10,2
"212761","201101QA10389",2,9,0,4,0,1,0,0,0,0,1,1,6,2,7,1388,1,9,-1,-1
"212771","201101QA10390",1,9,0,18,0,2,0,10,1,2,1,1,6,1,6,2500,1,10,8,1
"212781","201101QA10391",1,5,0,18,0,0,0,0,0,0,1,1,6,2,8,748,1,13,7,1
"212791","201101QA10392",1,9,0,18,0,8,0,0,0,0,1,1,6,1,5,1400,1,11,5,1
"212801","201101QA10392",2,9,0,9,0,8,0,0,0,0,1,1,6,2,5,1995,1,6,6,1
"212831","201101QA10396",1,9,0,18,0,1,0,0,0,0,1,1,6,2,8,2982,2,7,10,1
"212841","201101QA10397",1,5,0,18,0,8,0,0,0,0,1,1,6,1,5,598,1,15,-1,-1
"212851","201101QA10397",2,9,0,7,0,8,0,0,0,0,4,1,6,1,-1,1747,1,8,1,1
"212861","201101QA10398",1,9,0,3,0,1,0,0,0,0,2,1,6,2,9,1339,1,6,7,1
"212871","201101QA10398",2,9,0,18,0,1,0,0,0,0,1,1,6,1,-1,2387,2,10,-1,-1
"212881","201101QA10399",1,9,0,3,0,1,0,0,0,0,2,1,6,1,7,1984,1,9,10,1
"212891","201101QA10399",2,9,0,18,0,1,0,0,0,0,1,1,6,2,5,1390,1,4,8,1
"212901","201101QA10400",1,9,0,18,0,8,0,0,0,0,1,1,1,2,6,-1,-1,-1,4,1
"212911","201101QA10400",2,9,0,10,0,8,0,0,0,0,2,1,6,2,8,1596,1,-1,5,1
"212921","201101QA10403",1,9,0,18,0,0,0,0,0,0,1,1,1,1,5,1396,1,1,8,1
"212931","201101QA10403",2,9,0,2,0,0,0,0,0,0,2,1,6,1,-1,1762,1,16,-1,-1
"212941","201101QA10404",1,9,0,18,0,2,0,0,0,0,2,1,6,2,6,-1,-1,-1,5,1
"212951","201101QA10404",2,9,0,18,0,2,0,0,0,0,1,1,6,1,-1,-1,-1,-1,-1,-1
"212961","201101QA10406",1,3,0,18,0,8,0,0,0,0,1,1,6,1,4,125,1,11,4,1
"212971","201101QA10406",2,9,0,9,0,8,1,0,0,0,1,1,6,1,7,998,1,11,8,1
"212981","201101QA10410",1,19,0,5,0,0,0,0,0,0,4,1,6,3,-1,1998,2,10,-1,-1
"212991","201101QA10412",1,9,0,17,0,0,0,10,1,10,1,1,6,1,8,1360,1,13,7,1
"213001","201101QA10413",1,11,0,18,0,8,0,0,0,0,3,1,1,1,-1,-1,-1,-1,-1,-1
"213011","201101QA19039",1,9,0,9,0,8,0,0,0,0,4,1,6,2,6,1299,1,6,7,1
"213021","201101QA19039",2,2,0,18,0,8,0,0,0,0,1,1,6,1,4,-1,-1,-1,7,1
"213031","201101QA19048",1,1,0,18,0,0,0,0,0,0,3,1,6,2,5,-1,-1,-1,-1,-1
"213041","201101QA19048",2,9,0,11,0,0,0,0,0,0,4,1,6,1,-1,-1,-1,-1,-1,-1
"213051","201101QA19049",1,9,0,7,0,8,0,0,0,0,2,1,6,2,9,-1,-1,-1,5,1
"213061","201101QA19049",2,9,0,7,0,8,0,0,0,0,1,1,6,1,5,1242,1,4,-1,-1
"213071","201101QA19074",1,9,0,17,0,1,0,0,0,0,1,1,6,1,4,1998,1,10,-1,-1
"213081","201101QA19074",2,9,0,16,0,2,0,0,0,0,1,1,6,1,5,1149,1,10,4,1
"214491","201101QK50101",1,9,0,18,0,1,0,0,0,0,1,1,6,1,4,1527,2,15,2,1
"214921","201101QK50144",1,9,0,3,0,8,0,0,0,0,3,1,6,1,8,-1,-1,-1,2,1
"214931","201101QK50144",2,9,0,7,0,8,0,0,0,0,4,1,6,1,-1,2184,2,8,-1,-1
"217461","201101QK50315",1,9,0,18,0,1,0,10,2,10,0,1,6,3,-1,-1,-1,-1,-1,-1
"219151","201101QK50421",1,9,0,18,0,8,0,0,0,0,1,1,6,1,8,2685,2,7,-1,-1
"219161","201101QK50421",2,9,0,4,0,8,0,0,0,0,2,1,6,1,7,1896,2,12,4,1
"22067","201101QK50516",1,9,0,18,0,8,0,0,0,0,1,1,6,1,5,-1,-1,-1,5,1
"220681","201101QK50516",2,9,0,4,0,8,0,0,0,0,2,1,6,2,-1,1341,1,14,4,1
"22896","201101RG40263",1,21,0,7,0,8,0,0,0,0,3,1,1,1,6,6692,2,2,-1,-1
"22897","201101RG40263",2,9,0,9,0,8,0,0,0,0,4,1,6,1,10,-1,-1,-1,2,1
"23370","201101RG40574",1,9,0,18,0,8,0,0,0,0,1,1,6,2,10,1339,1,3,5,1
"23371","201101RG40574",2,9,0,18,0,8,0,0,0,0,3,1,6,1,11,1998,1,16,9,1
"26343","201101TA00012",1,1,0,18,0,8,0,0,0,0,1,1,6,1,6,-1,-1,-1,4,1
"26344","201101TA00012",2,9,0,9,0,8,0,0,0,0,4,1,6,1,8,1598,1,7,9,1
"26400","201101TA00059",1,9,0,18,0,0,0,0,0,0,1,1,6,1,10,1596,1,8,9,1
"26401","201101TA00059",2,9,0,3,0,0,0,0,0,0,2,1,6,1,7,1390,1,7,3,1
"26402","201101TA00061",1,9,0,1,0,0,0,0,0,0,2,1,6,1,-1,1896,2,7,-1,-1
"26433","201101TA00081",1,3,0,16,0,8,0,0,0,0,3,1,6,1,5,125,1,5,2,1
"26434","201101TA00081",2,9,0,9,0,8,0,0,0,0,1,1,6,1,11,2316,1,15,8,1
"26436","201101TA00083",1,9,0,18,0,0,0,0,0,0,1,1,6,1,10,1584,1,9,9,1
"26449","201101TA00095",1,9,0,18,0,1,0,0,0,0,1,1,6,2,6,1596,1,9,9,1
"26450","201101TA00095",2,9,0,4,0,1,0,0,0,0,2,1,6,2,7,1390,1,11,4,1
"26505","201101TA00135",1,1,0,18,0,1,0,8,0,0,1,1,6,1,6,-1,-1,-1,7,1
"26506","201101TA00135",2,9,0,2,0,1,0,0,0,0,3,1,6,1,8,3628,2,4,8,1
"26582","201101TA00186",1,19,0,18,0,1,0,0,0,0,1,1,6,1,6,1896,2,3,7,1
"26591","201101TA00191",1,8,0,5,0,8,0,0,0,0,3,1,6,1,6,1896,2,6,5,1
"26592","201101TA00191",2,1,0,14,0,8,0,0,0,0,1,1,6,2,6,-1,-1,-1,9,1
"26601","201101TA00197",1,1,0,18,0,8,0,8,0,0,1,1,6,1,5,-1,-1,-1,3,1
"26602","201101TA00197",2,9,0,2,0,8,0,0,0,0,3,1,6,2,-1,-1,-1,-1,7,1
"26710","201101TA00268",1,9,0,18,0,8,0,0,0,0,1,1,6,2,6,1783,1,11,9,1
"26711","201101TA00268",2,1,0,7,0,8,0,0,0,0,3,1,6,1,3,-1,-1,-1,-1,-1
"26825","201101TA00354",1,9,0,10,0,8,0,0,0,0,0,1,6,1,8,1997,1,18,5,1
"26826","201101TA00354",2,1,0,18,0,8,0,0,0,0,3,1,6,2,6,-1,-1,-1,10,1
"26836","201101TA00368",1,9,0,9,0,8,0,0,0,0,2,1,6,1,-1,-1,-1,-1,-1,-1
"26837","201101TA00368",2,1,0,18,0,8,0,0,0,0,1,1,6,1,6,-1,-1,-1,5,1
"26860","201101TA00382",1,11,0,18,0,1,0,0,0,0,1,1,1,1,8,6700,2,3,-1,-1
"26891","201101TA00403",1,9,0,6,0,8,0,0,0,0,4,1,6,1,10,-1,-1,-1,10,1
"26892","201101TA00403",2,1,0,9,0,8,0,0,0,0,1,1,6,1,11,-1,-1,-1,8,1
"26990","201101TA00487",1,9,0,11,0,0,0,0,0,0,4,1,6,1,6,1984,1,10,3,1
"26991","201101TA00487",2,1,0,18,0,0,0,0,0,0,3,1,6,1,7,-1,-1,-1,10,1
"27001","201101TA00495",1,1,0,18,0,8,0,0,0,0,2,1,6,1,-1,-1,-1,-1,-1,-1
"27002","201101TA00495",2,9,0,13,0,8,0,0,0,0,1,1,6,3,-1,-1,-1,-1,-1,-1
"27042","201101TA00525",1,9,0,7,0,8,0,0,0,0,4,1,6,2,7,1988,1,11,7,1
"27043","201101TA00525",2,1,0,18,0,8,0,0,0,0,1,1,6,1,6,-1,-1,-1,9,1
"27066","201101TA00545",1,9,0,9,0,8,0,0,0,0,4,1,6,2,9,1390,1,15,10,1
"27067","201101TA00545",2,1,0,18,0,8,0,0,0,0,1,1,1,2,5,-1,-1,-1,7,1
"27091","201101TA00561",1,9,0,18,0,8,0,0,0,0,1,1,6,1,11,2179,2,10,7,1
"27092","201101TA00561",2,9,0,3,0,8,0,0,0,0,2,1,6,2,7,1595,1,10,6,1
"27112","201101TA00580",1,9,0,2,0,0,0,0,0,0,2,1,6,3,-1,1598,1,8,-1,-1
"27113","201101TA00580",2,1,0,18,0,0,0,0,0,0,1,1,6,1,7,-1,-1,-1,3,1
"27114","201101TA00581",1,1,0,7,0,8,0,0,0,0,2,1,2,1,7,-1,-1,-1,9,1
"27115","201101TA00581",2,9,0,18,0,8,0,0,0,0,1,1,2,2,4,1796,1,8,2,1
"27168","201101TA00629",1,1,0,18,0,2,0,0,0,0,4,1,6,1,8,-1,-1,-1,1,1
"27169","201101TA00629",2,1,0,18,0,6,0,0,0,0,1,1,6,3,-1,-1,-1,-1,-1,-1
"27182","201101TA00637",1,11,0,5,0,1,0,0,0,0,0,1,6,1,6,5883,2,9,4,1
"27208","201101TA00654",1,9,0,9,4,8,0,0,0,0,4,1,6,2,8,-1,-1,-1,4,1
"27209","201101TA00654",2,1,0,15,4,8,0,0,0,0,1,1,6,2,7,-1,-1,-1,8,1
"27210","201101TA00655",1,1,0,18,0,8,0,0,0,0,3,1,6,1,7,-1,-1,-1,5,1
"27211","201101TA00655",2,9,0,14,0,8,0,0,0,0,4,1,6,1,9,-1,-1,-1,4,1
"27253","201101TA00683",1,8,0,18,0,8,0,0,0,0,1,1,6,1,8,2499,2,1,-1,-1
"27254","201101TA00683",2,1,0,18,0,8,0,0,0,0,1,1,1,1,6,-1,-1,-1,2,1
"27279","201101TA00698",1,1,0,18,0,8,0,0,0,0,1,1,6,1,7,-1,-1,-1,9,1
"27280","201101TA00698",2,5,0,18,0,8,0,0,0,0,1,1,1,1,-1,-1,-1,-1,-1,-1
"27322","201101TA00733",1,9,0,11,0,8,0,0,0,0,4,1,6,1,7,2000,2,2,10,1
"27323","201101TA00733",2,1,0,18,0,8,0,0,0,0,3,1,6,1,4,-1,-1,-1,8,1
"27350","201101TA00750",1,9,0,18,0,8,0,0,0,0,4,1,6,1,5,1997,1,12,9,1
"27351","201101TA00750",2,1,0,18,0,8,0,0,0,0,1,1,6,2,4,-1,-1,-1,9,1
"27358","201101TA00756",1,9,0,2,0,8,0,0,0,0,4,1,6,2,7,1598,1,2,9,1
"27359","201101TA00756",2,1,0,18,0,8,0,8,0,0,1,1,6,2,5,-1,-1,-1,3,1
"27375","201101TA00768",1,1,0,16,0,8,0,0,0,0,1,1,6,1,6,-1,-1,-1,9,1
"27376","201101TA00768",2,9,0,7,0,8,0,0,0,0,0,1,6,2,8,3498,1,6,3,1
"27392","201101TA00784",1,1,0,18,0,8,0,0,0,0,1,1,6,1,7,-1,-1,-1,8,1
"27411","201101TA00802",1,10,0,18,0,1,0,10,1,7,1,1,6,1,7,-1,-1,-1,2,1
"27462","201101TA00840",1,9,0,5,0,1,0,0,0,0,1,1,1,1,7,1896,2,4,4,1
"27463","201101TA00840",2,90,0,18,0,6,0,0,0,0,3,1,6,1,11,-1,-1,-1,9,1
"27486","201101TA00858",1,1,0,18,5,8,0,0,0,0,1,1,6,2,7,-1,-1,-1,5,1
"27487","201101TA00858",2,9,0,7,0,8,0,0,0,0,1,1,6,1,8,3311,8,6,7,1
"27488","201101TA00860",1,9,0,13,0,8,0,0,0,0,4,1,6,1,-1,2184,2,7,-1,-1
"27489","201101TA00860",2,1,0,18,0,8,0,0,0,0,3,1,6,1,4,-1,-1,-1,4,1
"27495","201101TA00865",1,1,0,12,0,0,0,0,0,0,3,1,6,1,10,-1,-1,-1,9,1
"27496","201101TA00865",2,1,0,13,0,0,0,0,0,0,4,1,6,1,5,-1,-1,-1,4,1
"27523","201101TA00886",1,9,0,18,0,8,0,0,0,0,1,1,6,1,7,-1,-1,-1,10,2
"27524","201101TA00886",2,9,0,4,0,8,0,0,0,0,2,1,6,1,6,1229,1,3,5,1
"27543","201101TA00901",1,9,0,18,0,0,0,0,0,0,1,1,6,1,8,1799,1,15,9,1
"27556","201101TA00909",1,9,0,5,0,8,0,0,0,0,1,1,6,2,9,1796,1,8,8,1
"27557","201101TA00909",2,1,0,5,0,8,0,0,0,0,2,1,6,1,8,-1,-1,-1,9,1
"27560","201101TA00912",1,19,0,9,0,8,0,0,0,0,3,1,1,1,9,1929,2,13,8,1
"27561","201101TA00912",2,1,0,9,0,8,0,0,0,0,4,1,6,2,8,-1,-1,-1,9,1
"27562","201101TA00913",1,9,0,9,0,8,0,0,0,0,1,1,6,2,6,1796,1,12,7,1
"27563","201101TA00913",2,1,0,18,0,8,0,0,0,0,1,1,6,2,7,-1,-1,-1,10,1
"27578","201101TA00923",1,9,0,7,0,6,0,0,0,0,4,1,6,1,9,3628,2,3,6,1
"27579","201101TA00923",2,1,0,18,4,1,0,0,0,0,1,1,6,1,5,-1,-1,-1,-1,-1
"27585","201101TA00930",1,9,0,10,0,8,0,0,0,0,2,1,6,2,10,1598,1,3,-1,-1
"27586","201101TA00930",2,9,0,18,0,8,0,0,0,0,1,1,6,1,6,1598,1,5,9,1
"27591","201101TA00935",1,1,0,18,0,8,0,0,0,0,4,1,6,1,6,-1,-1,-1,3,1
"27592","201101TA00935",2,9,0,7,0,8,0,0,0,0,1,1,6,2,7,1598,1,5,6,1
"27620","201101TA00956",1,11,0,18,0,2,0,0,0,0,0,1,1,2,6,8268,2,10,2,1
"27621","201101TA00956",2,9,0,2,0,2,0,0,0,0,3,1,6,3,-1,-1,-1,-1,-1,-1
"27635","201101TA00966",1,9,0,18,0,8,0,0,0,0,3,1,6,1,9,1587,1,4,8,1
"27636","201101TA00966",2,1,0,7,0,8,0,0,0,0,1,1,6,1,3,-1,-1,-1,10,1
"27710","201101TA01021",1,9,0,9,0,8,0,0,0,0,3,1,6,2,6,2985,2,6,7,1
"27711","201101TA01021",2,1,0,18,0,8,0,0,0,0,1,1,6,1,8,-1,-1,-1,10,1
"27714","201101TA01023",1,19,0,7,0,8,0,0,0,0,4,1,6,1,7,1686,2,9,9,1
"27715","201101TA01023",2,1,0,7,0,8,0,0,0,0,3,1,6,2,8,-1,-1,-1,9,1
"27752","201101TA01051",1,9,0,17,0,0,0,0,0,0,4,1,6,1,7,1796,1,3,8,1
"27753","201101TA01051",2,1,0,17,0,0,0,0,0,0,3,1,6,1,6,-1,-1,-1,10,1
"27765","201101TA01060",1,5,0,18,0,8,1,0,0,0,1,1,6,1,6,599,1,-1,5,1
"27766","201101TA01060",2,1,0,9,0,8,0,0,0,0,4,1,6,1,3,-1,-1,-1,9,1
"27836","201101TA01120",1,9,0,16,0,2,1,0,0,0,1,1,6,1,6,2979,1,5,5,1
"27837","201101TA01120",2,1,0,3,0,1,0,0,0,0,1,1,6,1,6,-1,-1,-1,10,1
"27863","201101TA01145",1,9,0,4,0,0,0,0,0,0,2,1,6,2,6,-1,-1,-1,5,1
"27864","201101TA01145",2,1,0,18,0,0,0,0,0,0,1,1,6,1,6,-1,-1,-1,-1,-1
"27893","201101TA01166",1,9,0,9,0,8,0,0,0,0,4,1,6,1,5,1199,1,9,-1,-1
"27894","201101TA01166",2,1,0,18,0,1,0,0,0,0,1,1,6,1,7,-1,-1,-1,7,1
"27971","201101TA01228",1,9,0,18,0,0,0,0,0,0,1,1,6,1,5,-1,-1,-1,-1,-1
"27989","201101TA01242",1,9,0,18,0,1,0,0,0,0,3,1,6,2,9,1390,1,4,8,3
"27990","201101TA01242",2,9,0,13,0,1,0,0,0,0,4,1,1,1,6,-1,-1,-1,-1,-1
"279941","201101TA01244",1,9,0,9,0,8,0,0,0,0,4,1,6,2,7,999,1,2,10,1
"27995","201101TA01244",2,9,0,18,0,1,0,0,0,0,1,1,1,1,6,-1,-1,-1,-1,-1
"28009","201101TA01265",1,5,0,18,0,0,0,0,0,0,1,1,6,1,-1,-1,-1,-1,-1,-1
"28018","201101TA01273",1,9,0,18,0,0,0,0,0,0,1,1,6,1,6,1753,2,9,9,1
"28021","201101TA01275",1,9,0,18,0,1,1,10,1,10,1,1,6,1,11,1560,2,-1,10,1
"28053","201101TA01304",1,5,0,18,0,8,0,10,0,0,1,1,6,1,7,577,1,10,2,1
"28055","201101TA01306",1,9,0,9,0,5,0,0,0,0,4,1,6,1,6,1199,1,11,9,1
"28056","201101TA01306",2,4,0,15,0,1,0,0,0,0,1,1,6,1,5,-1,-1,-1,8,1
"28057","201101TA01307",1,9,0,1,0,1,0,0,0,0,2,1,2,2,7,1390,1,10,6,1
"28112","201101TA01366",1,1,0,18,0,0,0,0,0,0,1,1,6,2,-1,-1,-1,-1,-1,-1
"28113","201101TA01366",2,9,0,18,0,0,0,0,0,0,2,1,6,3,-1,-1,-1,-1,-1,-1
"28273","201101TA01494",1,1,0,18,0,0,0,0,0,0,3,1,6,1,6,-1,-1,-1,9,1
"28274","201101TA01494",2,9,0,13,0,0,0,0,0,0,4,1,6,3,-1,-1,-1,-1,-1,-1
"28289","201101TA01508",1,9,0,2,0,0,0,0,0,0,3,1,6,2,5,1595,1,8,7,1
"28290","201101TA01508",2,1,0,14,0,0,0,0,0,0,1,1,6,1,5,-1,-1,-1,6,1
"28347","201101TA01551",1,19,0,1,0,0,0,0,0,0,2,1,6,1,4,2198,2,4,-1,-1
"28374","201101TA01568",1,3,0,18,0,0,0,0,0,0,1,1,6,1,4,-1,-1,-1,-1,-1
"28437","201101TA01620",1,11,0,18,0,2,0,0,0,0,0,1,6,1,9,4500,2,1,1,1
"28442","201101TA01625",1,9,0,9,0,8,0,0,0,0,1,1,6,1,7,1870,2,7,9,1
"28443","201101TA01625",2,1,0,18,0,8,0,0,0,0,3,1,6,1,8,-1,-1,-1,6,1
"28454","201101TA01634",1,9,0,18,0,0,0,7,0,0,1,1,6,2,11,1360,1,12,10,1
"28476","201101TA01649",1,9,0,9,0,5,0,0,0,0,3,1,2,1,5,1598,1,6,6,2
"28477","201101TA01649",2,1,0,13,0,8,0,0,0,0,4,1,6,1,7,-1,-1,-1,-1,-1
"28487","201101TA01658",1,19,0,18,0,1,0,0,0,0,1,1,1,1,7,1686,2,4,10,1
"28498","201101TA01668",1,9,0,18,0,0,0,0,0,0,1,1,6,1,6,2656,7,7,9,1
"28517","201101TA01681",1,9,0,7,0,2,0,0,0,0,1,1,1,1,7,2400,2,2,6,1
"28518","201101TA01681",2,1,0,18,0,1,0,0,0,0,1,1,6,1,6,-1,-1,-1,10,1
"28528","201101TA01691",1,9,0,18,0,8,0,0,0,0,4,1,6,2,9,-1,-1,-1,8,1
"28529","201101TA01691",2,1,0,9,0,8,0,0,0,0,1,1,6,1,9,-1,-1,-1,9,1
"28611","201101TA01769",1,3,0,9,0,8,0,0,0,0,3,1,6,1,8,-1,-1,-1,10,1
"28612","201101TA01769",2,5,0,13,0,1,0,0,0,0,1,1,6,1,6,645,1,3,4,1
"28628","201101TA01784",1,20,0,18,0,2,0,0,0,0,1,1,6,1,8,4461,2,2,5,1
"28629","201101TA01784",2,9,0,18,0,1,0,4,0,0,1,1,6,1,6,1396,1,13,5,1
"28630","201101TA01784",3,9,0,2,0,2,0,0,0,0,1,1,6,3,-1,1595,1,11,-1,-1
"28645","201101TA01798",1,9,0,9,0,5,0,0,0,0,1,1,6,1,10,998,1,4,9,1
"28696","201101TA01840",1,21,0,1,0,5,0,0,0,0,3,1,1,1,9,9200,2,8,-1,-1
"28763","201101TA01901",1,11,0,4,0,2,0,10,2,5,1,1,1,1,8,6374,2,-1,5,1
"28773","201101TA01913",1,5,0,18,0,1,0,0,0,0,3,1,6,1,7,865,1,1,3,1
"28774","201101TA01913",2,9,0,9,0,6,0,0,0,0,3,1,1,1,5,1389,1,7,8,1