"","Acc_Index","Vehicle_Reference","Vehicle_Type","Towing_and_Articulation","Vehicle_Manoeuvre","Vehicle_Location.Restricted_Lane","Junction_Location","Skidding_and_Overturning","Hit_Object_in_Carriageway","Vehicle_Leaving_Carriageway","Hit_Object_off_Carriageway","X1st_Point_of_Impact","Was_Vehicle_Left_Hand_Drive","Journey_Purpose_of_Driver","Sex_of_Driver","Age_Band_of_Driver","Engine_Capacity_.CC.","Propulsion_Code","Age_of_Vehicle","Driver_IMD_Decile","Driver_Home_Area_Type"
"31375","201101TW60102",2,9,0,18,0,8,0,0,0,0,1,1,6,1,-1,1995,2,5,8,1
"31376","201101TW60102",3,9,0,18,0,8,0,0,0,0,1,1,6,1,-1,-1,-1,-1,7,1
"31377","201101TW60103",1,1,0,18,0,8,0,0,0,0,3,1,6,1,10,-1,-1,-1,7,1
"31378","201101TW60103",2,9,0,13,0,8,0,0,0,0,4,1,6,1,-1,-1,-1,-1,-1,-1
"31379","201101TW60104",1,9,0,3,0,0,0,0,0,0,2,1,6,2,7,2393,1,9,9,1
"31380","201101TW60104",2,9,0,3,0,0,0,0,0,0,2,1,6,1,6,1597,1,15,3,1
"31381","201101TW60104",3,9,0,18,0,0,0,0,0,0,1,1,6,1,9,1984,1,4,4,1
"31382","201101TW60105",1,9,0,9,0,8,0,0,0,0,1,1,6,2,8,1595,1,15,3,1
"31383","201101TW60105",2,21,0,18,0,8,0,0,0,0,1,1,6,1,6,8970,2,12,4,1
"31384","201101TW60106",1,9,0,9,0,8,0,0,0,0,3,1,6,2,7,-1,-1,-1,3,1
"31385","201101TW60106",2,9,0,17,0,8,0,0,0,0,1,1,6,1,-1,-1,-1,-1,-1,-1
"31386","201101TW60107",1,1,0,9,0,8,0,0,0,0,4,1,6,2,4,-1,-1,-1,9,1
"31387","201101TW60107",2,9,0,9,0,8,0,0,0,0,3,1,6,2,-1,1199,2,-1,-1,-1
"31388","201101TW60108",1,9,0,18,0,8,0,0,0,0,1,1,6,1,6,1589,1,11,6,1
"31389","201101TW60109",1,9,0,4,0,0,0,0,0,0,2,1,6,1,6,1598,1,6,3,1
"31390","201101TW60109",2,2,0,18,0,0,0,0,0,0,1,1,6,1,7,49,1,4,2,1
"31391","201101TW60110",1,9,0,16,0,0,0,0,0,0,1,1,6,1,7,1997,1,10,9,1
"31392","201101TW60110",2,16,0,17,0,0,0,0,0,0,1,1,6,2,2,-1,-1,-1,6,1
"31393","201101TW60111",1,9,0,18,0,8,0,0,0,0,2,1,6,2,8,1598,1,10,10,1
"31394","201101TW60111",2,5,0,18,0,8,0,0,0,0,1,1,6,1,7,-1,-1,-1,-1,-1
"31395","201101TW60112",1,11,0,4,0,1,0,0,0,0,0,1,1,3,-1,-1,-1,-1,-1,-1
"31396","201101TW60113",1,11,0,16,0,0,0,0,0,0,4,1,6,1,7,5883,2,9,4,1
"31397","201101TW60113",2,3,0,16,0,0,0,0,0,0,4,1,6,1,7,124,1,2,9,1
"31398","201101TW60115",1,9,0,18,0,0,0,0,0,0,4,1,6,2,4,1598,1,4,2,1
"31399","201101TW60116",1,9,0,18,0,1,0,0,0,0,1,1,6,1,6,999,1,1,8,1
"31400","201101TW60117",1,9,0,8,0,8,0,0,0,0,2,1,6,1,7,2179,2,8,7,2
"31401","201101TW60117",2,9,0,8,0,1,0,0,0,0,2,1,6,2,9,1984,1,12,8,1
"31402","201101TW60117",3,19,0,17,0,1,0,0,0,0,1,1,6,1,6,2148,2,4,3,1
"31403","201101TW60119",1,9,0,18,0,8,0,0,0,0,1,1,6,2,11,1242,1,12,9,1
"31404","201101TW60120",1,9,0,9,0,8,0,0,0,0,3,1,6,1,4,973,1,11,9,1
"31405","201101TW60120",2,9,0,13,0,8,0,0,0,0,4,1,6,1,-1,1796,1,12,-1,-1
"31406","201101TW60121",1,9,0,9,0,8,0,0,0,0,1,1,6,2,6,1242,1,6,3,1
"31407","201101TW60121",2,1,0,18,0,8,0,0,0,0,1,1,6,2,7,-1,-1,-1,8,1
"31408","201101TW60122",1,9,0,18,0,0,0,0,0,0,1,1,6,1,6,1798,1,9,5,1
"31409","201101TW60123",1,9,0,9,0,8,0,0,0,0,1,1,6,2,6,1390,1,1,8,1
"31410","201101TW60123",2,9,0,9,0,8,0,0,0,0,1,1,6,1,6,993,1,12,6,1
"31411","201101TW60124",1,9,0,7,0,8,0,0,0,0,1,1,6,2,7,1998,1,5,10,1
"31412","201101TW60124",2,1,0,18,0,8,0,0,0,0,1,1,6,2,6,-1,-1,-1,8,1
"31413","201101TW60125",1,2,0,18,0,8,0,0,0,0,3,1,6,1,4,49,1,-1,8,1
"31414","201101TW60126",1,3,0,14,0,0,0,0,0,0,1,1,6,3,-1,-1,-1,-1,-1,-1
"31415","201101TW60127",1,19,0,18,0,2,0,0,0,0,1,1,6,1,-1,2494,2,4,2,1
"31416","201101TW60127",2,9,0,18,0,2,0,0,0,0,2,1,6,2,8,1996,1,15,2,1
"31417","201101TW60127",3,5,0,18,0,2,0,0,0,0,2,1,6,1,8,1171,1,6,8,1
"31418","201101TW60129",1,9,0,2,0,0,0,0,0,0,4,1,6,2,7,1896,2,9,9,1
"31419","201101TW60129",2,9,0,18,0,0,0,4,0,0,1,1,6,2,-1,2393,1,11,-1,-1
"31420","201101TW60130",1,9,0,9,0,8,0,0,0,0,0,1,6,1,8,3598,1,4,8,1
"31421","201101TW60130",2,3,0,18,0,8,0,0,0,0,3,1,6,1,7,124,1,2,-1,-1
"31422","201101TW60132",1,9,0,18,0,8,0,0,0,0,1,1,6,2,-1,1984,1,8,-1,-1
"31425","201101TW60134",1,11,0,15,0,0,0,0,0,0,1,1,1,1,7,4500,2,2,1,1
"31426","201101TW60134",2,1,0,16,0,0,0,0,0,0,2,1,6,2,6,-1,-1,-1,3,1
"31427","201101TW60135",1,1,0,18,5,8,0,0,0,0,1,1,6,2,7,-1,-1,-1,4,1
"31428","201101TW60135",2,11,0,18,0,8,0,11,0,0,4,1,6,1,-1,-1,-1,-1,-1,-1
"31429","201101TW60136",1,9,0,16,0,1,0,0,0,0,1,1,6,1,10,1796,1,4,10,1
"31430","201101TW60136",2,9,0,16,0,1,0,0,0,0,2,1,6,1,9,1043,1,21,3,1
"31431","201101TW60136",3,9,0,16,0,8,0,0,0,0,2,1,6,2,6,1390,1,1,6,1
"31432","201101TW60137",1,1,0,17,0,8,0,0,0,0,3,1,6,1,3,-1,-1,-1,9,1
"31433","201101TW60137",2,9,0,17,0,8,0,0,0,0,4,1,6,3,-1,-1,-1,-1,-1,-1
"31434","201101TW60139",1,9,0,18,0,8,0,0,0,0,1,1,6,1,8,1392,1,13,8,1
"31435","201101TW60140",1,9,0,18,0,8,0,0,0,0,3,1,6,1,7,-1,-1,-1,4,1
"31436","201101TW60140",2,1,0,9,0,8,0,0,0,0,1,1,6,2,6,-1,-1,-1,5,1
"31437","201101TW60141",1,9,0,18,0,8,0,0,0,0,1,1,6,2,7,1389,1,10,7,1
"31438","201101TW60141",2,9,0,9,0,8,0,0,0,0,1,1,6,1,-1,-1,-1,-1,-1,-1
"31439","201101TW60142",1,9,0,4,0,1,0,0,0,0,2,1,6,1,10,1240,1,1,9,1
"31440","201101TW60142",2,9,0,4,0,1,0,0,0,0,2,1,6,1,7,1596,1,13,5,1
"31441","201101TW60142",3,9,0,18,0,1,0,0,0,0,1,1,6,1,7,1896,2,5,2,1
"31442","201101TW60143",1,11,0,4,0,1,0,0,0,0,0,1,1,1,-1,-1,-1,-1,-1,-1
"31443","201101TW60144",1,11,0,9,0,8,0,0,0,0,3,1,6,1,8,4500,2,1,5,1
"31444","201101TW60144",2,1,0,18,0,8,0,0,0,0,1,1,6,2,7,-1,-1,-1,6,1
"31445","201101TW60145",1,9,0,6,0,0,0,0,0,0,1,1,6,2,6,1991,2,2,8,1
"31446","201101TW60145",2,5,0,4,0,0,1,0,0,0,4,1,2,1,7,790,1,9,9,1
"31447","201101TW60146",1,9,0,18,0,1,0,0,0,0,1,1,6,1,7,1761,1,16,7,1
"31448","201101TW60146",2,9,0,18,0,2,0,0,0,0,1,1,6,2,4,1248,1,1,5,1
"31449","201101TW60147",1,1,0,17,0,8,0,0,0,0,1,1,6,1,6,-1,-1,-1,-1,-1
"31450","201101TW60147",2,9,0,7,0,8,0,0,0,0,4,1,6,2,-1,1598,1,7,6,1
"31451","201101TW60148",1,9,0,18,0,8,0,0,0,0,1,1,6,2,11,1396,1,20,10,1
"31452","201101TW60149",1,9,0,18,0,8,0,0,0,0,4,1,6,1,8,2148,2,4,2,1
"31453","201101TW60149",2,9,0,9,0,8,0,0,0,0,1,1,6,1,9,1997,2,4,7,1
"31454","201101TW60150",1,5,0,17,0,1,0,0,0,0,1,1,6,1,7,1050,1,2,3,1
"31455","201101TW60150",2,9,0,6,0,8,0,0,0,0,3,1,6,2,5,1242,1,3,9,1
"31456","201101TW60151",1,1,0,18,0,2,0,0,0,0,1,1,6,1,7,-1,-1,-1,2,1
"31457","201101TW60151",2,9,0,18,0,2,0,0,0,0,3,1,6,1,7,2398,1,14,9,1
"31459","201101TW60154",1,9,0,6,0,1,0,0,0,0,1,1,6,1,9,1497,8,7,2,1
"31460","201101TW60154",2,1,0,17,0,1,0,0,0,0,1,1,6,2,3,-1,-1,-1,8,1
"31461","201101TW60155",1,11,0,18,0,0,0,10,8,10,1,1,6,1,6,9000,2,1,4,1
"31462","201101TW60156",1,9,0,4,0,0,0,0,0,0,2,1,6,1,-1,1598,2,-1,-1,-1
"31463","201101TW60156",2,1,0,18,0,0,0,0,0,0,1,1,6,1,7,-1,-1,-1,-1,-1
"31464","201101TW60157",1,9,0,18,0,8,0,0,0,0,1,1,6,2,9,1389,1,12,9,1
"31465","201101TW60157",2,9,0,18,0,8,0,0,0,0,2,1,6,2,-1,1124,1,12,-1,-1
"31466","201101TW60157",3,9,0,18,0,8,0,0,0,0,2,1,6,3,-1,-1,-1,-1,-1,-1
"31467","201101TW60157",4,9,0,18,0,8,0,0,0,0,1,1,6,1,-1,-1,-1,-1,-1,-1
"31468","201101TW60158",1,5,0,18,0,8,0,0,0,0,1,1,6,1,8,1298,1,12,7,3
"31469","201101TW60158",2,8,0,9,0,8,0,0,0,0,1,1,6,1,7,1896,2,9,2,1
"31470","201101TW60159",1,9,0,2,0,0,0,0,0,0,4,1,6,2,4,-1,-1,-1,7,1
"31471","201101TW60159",2,1,0,18,0,0,0,0,0,0,1,1,6,2,5,-1,-1,-1,-1,-1
"31472","201101TW60160",1,9,0,2,0,6,0,0,0,0,3,1,6,1,7,1598,1,8,4,1
"31473","201101TW60160",2,1,0,18,0,8,0,0,0,0,1,1,6,1,7,-1,-1,-1,7,1
"31474","201101TW60161",1,9,0,5,0,0,0,0,0,0,3,1,6,1,6,-1,-1,-1,-1,-1
"31475","201101TW60161",2,2,0,18,0,0,0,0,0,0,1,1,6,1,-1,125,1,5,-1,-1
"31476","201101TW60162",1,9,0,2,0,1,0,0,0,0,3,1,6,1,7,1995,1,8,10,1
"31477","201101TW60162",2,1,0,18,0,1,0,0,0,0,1,1,6,1,7,-1,-1,-1,10,1
"31478","201101TW60164",1,9,0,4,0,0,0,0,0,0,2,1,6,2,-1,-1,-1,-1,2,1
"31479","201101TW60164",2,9,0,18,0,0,0,0,0,0,1,1,6,1,6,1985,1,10,-1,-1
"31480","201101TW60165",1,9,0,2,0,0,0,0,0,0,3,1,6,1,7,-1,-1,-1,1,1
"31481","201101TW60165",2,1,0,18,0,0,0,0,0,0,1,1,6,2,6,-1,-1,-1,8,1
"31482","201101TW60166",1,11,0,5,0,8,0,0,0,0,4,1,6,1,8,-1,-1,-1,7,1
"31483","201101TW60166",2,1,0,18,0,8,0,0,0,0,1,1,6,1,6,-1,-1,-1,9,1
"31484","201101TW60167",1,9,0,7,0,8,0,0,0,0,3,1,6,1,7,1390,1,2,7,1
"31485","201101TW60167",2,1,0,18,0,8,0,0,0,0,1,1,6,1,6,-1,-1,-1,-1,-1
"31486","201101TW60168",1,9,0,9,0,8,0,0,0,0,1,1,6,2,-1,1699,1,6,-1,-1
"31487","201101TW60168",2,1,0,18,0,8,0,0,0,0,1,1,6,2,5,-1,-1,-1,8,1
"31488","201101TW60169",1,2,0,18,0,3,0,0,0,0,3,1,6,1,7,998,1,2,4,1
"31489","201101TW60170",1,9,0,18,0,8,0,0,0,0,1,1,6,2,-1,1587,1,5,7,1
"31490","201101TW60170",2,19,0,18,0,8,0,0,0,0,4,1,6,1,-1,-1,-1,-1,-1,-1
"31491","201101TW60171",1,9,0,11,0,0,0,0,0,0,4,1,6,2,10,998,1,3,7,1
"31492","201101TW60171",2,1,0,18,0,0,0,0,0,0,3,1,6,2,10,-1,-1,-1,9,1
"31493","201101TW60172",1,9,0,18,0,0,0,0,0,0,1,1,6,1,-1,-1,-1,-1,-1,-1
"31494","201101TW60173",1,9,0,18,0,8,0,0,0,0,4,1,6,2,8,1997,1,6,-1,-1
"31495","201101TW60173",2,1,0,18,0,8,0,0,0,0,1,1,6,1,7,-1,-1,-1,9,1
"31496","201101TW60174",1,9,0,18,0,8,0,0,0,0,1,1,6,1,7,-1,-1,-1,3,1
"31497","201101TW60175",1,11,0,5,0,8,0,0,0,0,0,1,1,1,9,5883,2,9,6,1
"31498","201101TW60176",1,3,0,18,0,8,0,0,0,0,1,1,6,1,9,125,1,3,10,1
"31499","201101TW60176",2,9,0,6,0,8,0,0,0,0,3,1,6,1,5,1900,2,4,9,3
"31500","201101TW60177",1,9,0,4,0,0,0,0,0,0,1,1,6,1,11,1968,2,6,7,1
"31501","201101TW60177",2,9,0,4,0,0,0,0,0,0,2,1,6,2,8,1364,2,4,10,1
"31502","201101TW60178",1,9,0,18,0,0,0,4,0,0,1,1,6,1,11,1598,1,6,8,1
"31503","201101TW60178",2,9,0,2,0,0,0,0,0,0,2,1,6,3,-1,1984,1,10,-1,-1
"31504","201101TW60179",1,9,0,4,0,1,0,0,0,0,1,1,6,2,7,1560,2,1,9,1
"31505","201101TW60179",2,9,0,4,0,1,0,0,0,0,2,1,6,2,6,2143,2,2,9,1
"31506","201101TW60180",1,9,0,18,0,0,0,0,0,0,4,1,6,2,6,1896,2,4,5,1
"315071","201101TW60181",1,9,0,18,0,0,0,8,0,0,1,1,6,1,7,1598,2,1,-1,-1
"31508","201101TW60181",2,9,0,2,0,0,0,0,0,0,3,1,6,1,9,1396,1,6,6,1
"31509","201101TW60182",1,9,0,18,0,0,0,0,0,0,1,1,6,2,7,1598,1,9,8,1
"31510","201101TW60184",1,20,0,7,0,8,0,0,0,0,4,1,1,1,10,6370,2,1,3,1
"31511","201101TW60184",2,9,0,7,0,8,0,10,1,1,3,1,6,2,10,1332,1,13,9,1
"31512","201101TW60185",1,9,0,1,0,0,0,0,0,0,0,1,6,2,11,1390,1,9,8,1
"31515","201101TW60187",1,1,0,16,0,8,0,0,0,0,1,1,6,2,-1,-1,-1,-1,-1,-1
"31516","201101TW60188",1,9,0,6,0,0,0,0,0,0,3,1,6,1,7,2993,2,1,10,1
"31517","201101TW60188",2,3,0,18,0,0,0,0,0,0,1,1,6,1,7,124,1,4,7,1
"31518","201101TW60190",1,9,0,18,0,8,0,0,0,0,1,1,6,2,4,1242,1,3,8,1
"31519","201101TW60190",2,1,0,9,0,8,0,0,0,0,3,1,6,1,4,-1,-1,-1,-1,-1
"31520","201101TW60192",1,1,0,18,0,8,0,0,0,0,1,1,6,1,4,-1,-1,-1,9,1
"31521","201101TW60192",2,9,0,7,0,8,0,0,0,0,3,1,6,2,5,998,1,15,9,3
"31522","201101TW60193",1,11,0,18,0,2,0,0,0,0,1,1,1,1,-1,-1,-1,-1,-1,-1
"31523","201101TW60194",1,9,0,18,0,0,0,0,0,0,1,1,6,2,4,1124,1,15,6,1
"31524","201101TW60194",2,19,0,4,0,0,0,0,0,0,2,1,6,1,-1,-1,-1,-1,9,1
"31525","201101TW60196",1,9,0,7,0,8,0,0,0,0,1,1,6,2,8,1998,1,7,7,1
"31526","201101TW60196",2,1,0,18,0,8,0,0,0,0,1,1,6,1,5,-1,-1,-1,-1,-1
"31527","201101TW60197",1,9,0,9,0,8,0,0,0,0,1,1,6,1,11,2179,2,7,10,1
"31528","201101TW60197",2,9,0,18,0,8,0,0,0,0,4,1,6,2,4,1149,1,10,-1,-1
"31529","201101TW60198",1,9,0,9,0,8,0,0,0,0,1,1,6,2,9,1998,1,5,7,1
"31530","201101TW60198",2,9,0,9,0,8,0,0,0,0,1,1,6,1,-1,1840,1,12,10,1
"31531","201101TW60200",1,11,0,4,0,0,0,0,0,0,1,1,1,2,-1,-1,-1,-1,-1,-1
"31532","201101TW60201",1,3,0,18,0,1,0,0,0,0,3,1,6,2,7,124,1,-1,7,1
"31533","201101TW60203",1,9,0,18,0,0,0,0,0,0,1,1,6,2,5,1198,1,7,8,1
"31534","201101TW60203",2,8,0,6,0,0,0,0,0,0,3,1,1,1,9,2499,2,4,2,1
"31535","201101TW60204",1,9,0,16,0,8,0,0,0,0,1,1,6,1,8,1896,2,6,9,3
"31536","201101TW60205",1,1,0,17,0,8,0,0,0,0,2,1,6,1,8,-1,-1,-1,3,1
"31537","201101TW60205",2,9,0,17,0,8,0,0,0,0,1,1,6,1,7,4398,1,10,5,1
"31538","201101TW60206",1,19,0,3,0,8,0,0,0,0,2,1,1,1,6,1870,2,7,6,1
"31539","201101TW60206",2,19,0,18,0,8,0,0,0,0,1,1,1,1,-1,1870,2,8,-1,-1
"31540","201101TW60207",1,9,0,4,0,1,0,0,0,0,2,1,6,2,6,1598,1,6,5,1
"31541","201101TW60207",2,9,0,18,0,1,0,0,0,0,1,1,6,2,7,1895,1,12,-1,-1
"31542","201101TW60208",1,9,0,11,0,0,0,0,0,0,4,1,6,1,6,1794,1,4,4,1
"31543","201101TW60208",2,5,0,18,0,0,0,0,0,0,3,1,6,1,7,599,1,6,-1,-1
"31544","201101TW60209",1,9,0,3,0,0,0,0,0,0,2,1,6,1,8,1896,2,8,7,1
"31545","201101TW60209",2,9,0,3,0,0,0,0,0,0,2,1,6,2,7,2494,1,11,10,1
"31546","201101TW60209",3,9,0,18,0,0,0,0,0,0,1,1,6,1,4,-1,-1,-1,10,1
"31547","201101TW60210",1,9,0,10,0,8,0,0,0,0,2,1,6,2,10,1598,1,4,9,1
"31548","201101TW60210",2,2,0,14,0,1,0,0,0,0,1,1,6,1,-1,640,1,9,6,1
"31549","201101TW60213",1,19,0,18,0,8,0,0,0,0,0,1,6,3,-1,-1,-1,-1,-1,-1
"31550","201101TW60214",1,1,0,18,0,8,0,0,0,0,0,1,6,1,7,-1,-1,-1,-1,-1
"31551","201101TW60215",1,5,0,18,0,8,0,0,0,0,1,1,6,1,7,1050,1,-1,10,1
"31552","201101TW60216",1,11,0,9,0,8,0,0,0,0,3,1,6,3,-1,-1,-1,-1,-1,-1
"31553","201101TW60216",2,1,0,18,0,8,0,0,0,0,1,1,6,1,8,-1,-1,-1,9,1
"31554","201101TW60217",1,9,0,18,0,0,0,0,0,0,2,1,6,2,7,1199,1,8,7,1
"31555","201101TW60217",2,3,0,18,0,0,0,0,0,0,1,1,1,1,6,125,1,2,8,1
"31556","201101TW60218",1,1,0,18,0,8,0,0,0,0,3,1,6,2,8,-1,-1,-1,4,1
"31557","201101TW60219",1,1,0,18,0,2,0,0,0,0,1,1,6,1,9,-1,-1,-1,9,1
"31558","201101TW60219",2,90,0,13,0,1,0,0,0,0,0,1,6,1,-1,-1,-1,-1,-1,-1
"31559","201101TW60220",1,11,0,4,0,8,0,4,0,0,4,1,1,1,9,5883,2,9,6,1
"31560","201101TW60220",2,9,0,2,0,8,0,0,0,0,3,1,6,3,-1,1896,2,6,-1,-1
"31561","201101TW60222",1,1,0,3,0,8,0,0,0,0,2,1,6,1,9,-1,-1,-1,8,1
"31562","201101TW60222",2,9,0,18,0,8,0,10,7,10,1,1,6,1,7,1598,1,13,6,1
"31563","201101TW60223",1,9,0,4,0,0,0,0,0,0,2,1,6,1,6,1399,1,4,8,1
"31564","201101TW60223",2,19,0,18,0,0,0,0,0,0,1,1,6,1,7,5880,2,3,10,1
"31565","201101TW60224",1,9,0,9,0,8,0,0,0,0,1,1,6,2,5,1198,1,1,9,1
"31566","201101TW60224",2,3,0,17,0,8,0,0,0,0,1,1,6,2,5,124,1,3,9,1
"31567","201101TW60226",1,9,0,17,0,8,0,0,0,0,3,1,6,2,7,1796,1,9,7,1
"31568","201101TW60226",2,5,0,17,0,8,0,0,0,0,1,1,6,1,6,599,1,7,8,1
"31569","201101TW60227",1,1,0,16,4,8,0,0,0,0,1,1,6,2,8,-1,-1,-1,2,1
"31570","201101TW60227",2,9,0,9,0,8,0,0,0,0,3,1,6,2,-1,1196,1,22,-1,-1
"31571","201101TW60228",1,9,0,17,0,8,0,0,0,0,1,1,6,1,6,1956,2,1,3,1
"31572","201101TW60228",2,9,0,18,0,8,1,0,0,0,1,1,6,1,6,1761,1,17,-1,-1
"31573","201101TW60229",1,5,0,18,0,8,0,0,0,0,1,1,6,2,7,599,1,1,5,1
"31574","201101TW60229",2,9,0,9,0,8,0,0,0,0,3,1,6,1,7,1596,1,6,8,1
"31575","201101TW60232",1,9,0,18,0,0,0,0,0,0,3,1,6,1,9,1956,2,2,9,1
"31576","201101TW60233",1,9,0,3,0,8,0,0,0,0,2,1,6,2,7,998,1,11,3,1
"31577","201101TW60233",2,9,0,18,0,8,0,0,0,0,1,1,6,1,-1,-1,-1,-1,-1,-1
"31578","201101TW60234",1,9,0,18,0,0,0,0,0,0,1,1,6,1,-1,1999,1,10,4,1
"31579","201101TW60235",1,9,0,16,0,2,5,0,0,0,1,1,6,1,4,1422,2,3,9,1
"31580","201101TW60236",1,9,0,3,0,1,0,0,0,0,4,1,6,1,7,1598,1,15,-1,-1
"31581","201101TW60236",2,1,0,18,0,1,0,8,0,0,1,1,6,1,7,-1,-1,-1,8,1
"31582","201101TW60237",1,9,0,4,0,0,0,0,0,0,2,1,6,1,6,-1,-1,-1,9,1
"31583","201101TW60237",2,9,0,4,0,0,0,0,0,0,2,1,6,1,8,1896,2,7,9,1
"31584","201101TW60237",3,3,0,18,0,0,0,0,0,0,1,1,6,1,7,124,1,1,9,1
"31585","201101TW60238",1,9,0,9,0,8,0,0,0,0,3,1,6,1,6,1896,2,16,9,1
"31586","201101TW60238",2,3,0,17,0,8,0,0,0,0,1,1,6,1,4,124,1,11,-1,-1
"31587","201101TW60239",1,9,0,3,0,8,0,0,0,0,4,1,6,1,6,2521,1,3,9,1
"31588","201101TW60239",2,1,0,18,0,8,0,8,0,0,1,1,6,1,7,-1,-1,-1,9,1
"31589","201101TW60240",1,9,0,18,0,8,1,0,0,0,2,1,6,1,6,2393,6,13,4,1
"31590","201101TW60240",2,9,0,12,0,8,0,0,0,0,1,1,6,1,5,1968,2,2,8,1
"31591","201101TW60241",1,3,0,4,0,8,0,0,0,0,3,1,2,1,5,124,1,1,6,1
"31592","201101TW60241",2,9,0,9,0,8,0,0,0,0,4,1,6,2,-1,1791,8,-1,-1,-1
"31594","201101TW60243",1,19,0,18,0,0,0,10,7,1,1,1,2,1,7,1868,2,6,5,3
"31595","201101TW60244",1,9,0,18,0,8,0,0,0,0,1,1,6,1,6,1396,1,15,4,1
"31596","201101TW60244",2,9,0,4,0,8,0,0,0,0,2,1,6,2,6,998,1,4,4,1
"31597","201101TW60245",1,3,0,18,0,0,0,0,0,0,1,1,6,1,6,125,1,1,3,1
"31598","201101TW60245",2,19,0,1,0,0,0,0,0,0,2,1,6,1,6,1360,1,6,8,1
"31599","201101TW60246",1,9,0,9,0,8,0,0,0,0,1,1,6,2,7,1998,1,4,8,1
"31600","201101TW60246",2,9,0,18,0,8,0,0,0,0,1,1,6,2,8,1995,1,6,10,1
"31601","201101TW60247",1,9,0,9,0,8,0,0,0,0,3,1,6,1,5,1796,1,1,5,1
"31602","201101TW60247",2,4,0,18,0,8,0,0,0,0,1,1,6,1,8,750,1,1,8,1
"31603","201101TW60248",1,9,0,16,0,8,0,0,0,0,1,1,6,1,4,998,1,7,6,1
"31604","201101TW60248",2,5,0,16,0,8,0,0,0,0,2,1,6,1,8,599,1,3,9,1
"31605","201101TW60249",1,5,0,18,0,0,0,0,0,0,1,1,6,1,6,749,1,17,5,1
"31606","201101TW60250",1,9,0,18,0,8,0,0,0,0,3,1,2,1,7,1598,1,12,9,2
"31607","201101TW60250",2,9,0,9,0,8,0,10,3,10,1,1,6,1,5,1400,1,12,2,1
"31608","201101TW60251",1,9,0,18,0,0,0,0,0,0,1,1,6,1,4,599,1,7,1,1
"31609","201101TW60252",1,9,0,4,0,8,0,0,0,0,2,1,6,1,5,1240,1,8,4,1
"31610","201101TW60252",2,9,0,18,0,8,0,0,0,0,1,1,6,1,7,1850,1,11,3,1
"31611","201101TW60253",1,9,0,18,0,0,0,0,0,0,1,1,6,2,8,1299,1,10,9,1
"31612","201101TW60254",1,9,0,18,0,1,0,0,0,0,1,1,6,1,-1,1149,1,10,-1,-1
"31613","201101TW60254",2,9,0,3,0,8,0,0,0,0,2,1,6,1,10,1339,1,5,10,1
"31614","201101TW60256",1,9,0,10,0,8,0,0,0,0,1,1,6,2,9,1598,1,7,8,1
"31615","201101TW60256",2,9,0,18,0,8,0,0,0,0,1,1,6,1,-1,1870,2,6,3,1
"31616","201101TW60256",3,9,0,10,0,8,0,0,0,0,1,1,6,2,-1,-1,-1,-1,8,1
"31617","201101TW60257",1,9,0,16,0,8,0,0,0,0,1,1,6,1,8,1997,2,1,6,1
"31618","201101TW60257",2,9,0,17,0,8,0,0,0,0,2,1,6,1,6,1388,1,1,10,1
"31619","201101TW60258",1,9,0,3,0,8,0,0,0,0,2,1,6,1,6,1988,2,7,-1,-1
"31620","201101TW60258",2,5,0,3,0,8,0,0,0,0,2,1,6,1,7,781,1,11,10,1
"31621","201101TW60258",3,9,0,3,0,1,0,0,0,0,2,1,6,1,7,1896,2,3,9,3
"31622","201101TW60258",4,9,0,18,0,1,0,0,0,0,1,1,6,1,4,-1,-1,-1,9,1
"31623","201101TW60259",1,5,0,18,0,8,0,0,0,0,3,1,6,1,8,583,1,13,9,1
"31624","201101TW60260",1,9,0,9,0,8,0,0,0,0,3,1,6,1,5,1400,1,9,3,1
"31625","201101TW60260",2,2,0,18,0,8,0,0,0,0,1,1,6,1,5,125,1,6,3,1
"31626","201101TW60261",1,9,0,18,0,8,5,0,0,0,4,1,6,1,6,1391,1,11,-1,-1
"31627","201101TW60261",2,9,0,18,0,8,0,0,0,0,1,1,6,2,8,-1,-1,-1,5,1
"31628","201101TW60265",1,9,0,18,0,0,0,0,0,0,1,1,6,2,10,1396,1,8,10,1
"31629","201101TW60266",1,9,0,3,0,8,0,0,0,0,2,1,6,2,6,1242,1,8,5,1
"31630","201101TW60266",2,9,0,18,0,8,0,0,0,0,2,1,6,2,8,1596,1,9,7,1
"31631","201101TW60266",3,9,0,18,0,8,0,0,0,0,1,1,6,1,-1,1598,1,5,-1,-1
"31632","201101TW60269",1,5,0,18,0,0,0,0,0,0,1,1,6,1,6,-1,-1,-1,-1,-1
"31633","201101TW60270",1,9,0,9,0,8,0,0,0,0,1,1,6,2,8,1598,1,6,3,1
"31634","201101TW60270",2,4,0,18,0,8,0,0,0,0,1,1,6,1,10,200,1,1,10,3
"31635","201101TW60271",1,9,0,18,0,0,0,0,0,0,4,1,6,2,11,998,1,14,4,1
"31636","201101TW60271",2,9,0,2,0,0,0,0,0,0,4,1,6,1,-1,1598,1,6,8,1
"31637","201101TW60272",1,9,0,17,0,0,1,10,1,10,1,1,6,1,6,2926,2,9,6,1