"","Acc_Index","Vehicle_Reference","Vehicle_Type","Towing_and_Articulation","Vehicle_Manoeuvre","Vehicle_Location.Restricted_Lane","Junction_Location","Skidding_and_Overturning","Hit_Object_in_Carriageway","Vehicle_Leaving_Carriageway","Hit_Object_off_Carriageway","X1st_Point_of_Impact","Was_Vehicle_Left_Hand_Drive","Journey_Purpose_of_Driver","Sex_of_Driver","Age_Band_of_Driver","Engine_Capacity_.CC.","Propulsion_Code","Age_of_Vehicle","Driver_IMD_Decile","Driver_Home_Area_Type"
"35293","201101WW50541",1,1,0,5,0,1,0,0,0,0,3,1,6,2,7,-1,-1,-1,7,1
"35294","201101WW50541",2,9,0,5,0,1,0,0,0,0,4,1,6,3,-1,1998,1,9,-1,-1
"35310","201101WW50552",1,9,0,18,0,1,5,4,0,0,4,1,6,1,10,3000,1,10,6,1
"35311","201101WW50552",2,4,0,18,0,2,0,0,0,0,1,1,6,2,7,1170,1,7,7,1
"35312","201101WW50552",3,9,0,2,0,1,0,0,0,0,3,1,6,2,6,2298,1,13,3,1
"35313","201101WW50552",4,9,0,2,0,1,0,0,0,0,2,1,1,1,7,4511,1,8,7,1
"35335","201101WW50566",1,9,0,18,0,1,0,0,0,0,1,1,6,1,6,-1,-1,-1,3,1
"35336","201101WW50566",2,5,0,14,0,2,0,0,0,0,1,1,6,1,7,-1,-1,-1,2,1
"35460","201101WW50645",1,3,0,13,0,8,1,0,0,0,4,1,1,1,5,124,1,10,3,1
"35461","201101WW50645",2,9,0,9,0,8,0,0,0,0,1,1,6,2,9,2972,1,15,6,1
"35480","201101WW50658",1,9,0,3,0,1,0,0,0,0,2,1,6,1,8,-1,-1,-1,-1,-1
"35481","201101WW50658",2,9,0,4,0,1,0,0,0,0,1,1,1,2,4,1242,1,2,8,1
"35505","201101WW50672",1,9,0,9,0,8,0,0,0,0,3,1,1,2,6,-1,-1,-1,6,3
"35506","201101WW50672",2,3,0,14,0,8,0,0,0,0,1,1,1,1,6,124,1,3,7,1
"35763","201101WW50833",1,3,0,9,0,8,0,0,0,0,3,1,1,1,6,125,1,7,5,1
"35764","201101WW50833",2,9,0,9,0,8,0,0,0,0,1,1,6,1,6,1598,1,7,7,1
"35974","201101WW50966",1,3,0,18,0,8,0,0,0,0,1,1,6,1,6,125,1,2,6,1
"35975","201101WW50966",2,9,0,9,0,8,0,0,0,0,1,1,6,2,9,3800,1,1,5,1
"411971","201101ZD30003",1,9,0,18,0,1,0,0,0,0,1,1,2,1,7,-1,-1,-1,5,1
"411981","201101ZD30005",1,9,0,14,0,8,1,7,1,0,1,1,6,2,4,1199,1,8,9,1
"411991","201101ZD30007",1,8,0,18,0,2,0,0,0,0,1,1,1,1,8,2664,2,16,6,2
"412001","201101ZD30009",1,9,0,9,0,8,0,0,0,0,3,1,1,1,9,2987,2,1,-1,-1
"412011","201101ZD30009",2,9,0,18,0,8,0,0,0,0,1,1,1,2,4,1149,1,12,8,1
"412021","201101ZD30011",1,9,0,4,0,2,0,10,0,0,1,1,2,1,4,1598,1,1,-1,-1
"412031","201101ZD30013",1,9,0,3,0,8,0,0,0,0,2,1,2,1,8,1582,2,4,8,1
"412041","201101ZD30013",2,8,0,3,0,8,0,0,0,0,2,1,2,1,7,1753,2,5,7,1
"412051","201101ZD30013",3,9,0,4,0,8,0,0,0,0,1,1,2,1,7,1598,1,11,4,1
"412061","201101ZD30014",1,9,0,14,0,1,0,0,0,0,4,1,6,1,5,1149,1,3,8,1
"412071","201101ZD30015",1,9,0,18,0,8,0,0,0,0,1,1,6,2,7,2000,1,11,-1,-1
"412081","201101ZD30015",2,9,0,9,0,6,0,0,3,0,3,1,6,2,7,-1,-1,-1,-1,-1
"412091","201101ZD30016",1,11,0,3,0,1,0,0,0,0,0,1,1,1,7,9200,2,8,3,1
"412101","201101ZD30017",1,9,0,3,0,1,0,0,0,0,4,1,3,1,8,1598,1,15,8,1
"412111","201101ZD30017",2,21,1,18,0,1,0,0,0,0,3,2,6,1,-1,-1,-1,-1,-1,-1
"412121","201101ZD30018",1,9,0,18,0,0,0,4,0,0,3,1,6,2,4,1997,1,8,4,1
"412131","201101ZD30018",2,9,0,2,0,0,0,0,0,0,3,1,6,3,-1,1990,1,8,-1,-1
"412141","201101ZD30018",3,9,0,2,0,0,0,0,0,0,1,1,6,3,-1,1998,1,13,-1,-1
"412151","201101ZD30019",1,9,0,9,0,5,1,0,0,0,2,1,1,1,7,1199,1,9,3,1
"412161","201101ZD30019",2,9,0,4,0,8,0,0,0,0,1,1,1,1,8,1242,1,12,2,1
"412171","201101ZD30019",3,19,0,18,0,8,0,0,0,0,1,1,1,1,6,2198,2,4,6,1
"412181","201101ZD30020",1,9,0,4,0,1,0,0,0,0,4,1,3,1,7,-1,-1,-1,3,1
"412191","201101ZD30022",1,3,0,4,0,0,1,0,0,0,0,1,2,1,8,85,1,9,4,1
"412201","201101ZD30022",2,9,0,9,0,0,0,0,0,0,0,1,6,1,-1,1124,1,11,-1,-1
"412211","201101ZD30024",1,9,0,4,0,8,0,0,0,0,1,1,6,1,4,1368,1,3,6,1
"412221","201101ZD30024",2,9,0,9,0,5,0,0,0,0,4,1,6,3,-1,1299,1,11,-1,-1
"412231","201101ZD30026",1,9,0,7,0,6,0,0,0,0,1,1,6,1,-1,1997,1,12,-1,-1
"412241","201101ZD30026",2,3,0,18,0,8,0,0,0,0,4,1,1,1,6,125,1,2,-1,-1
"412251","201101ZD30027",1,11,0,5,0,1,0,0,0,0,4,1,1,1,6,9200,2,8,3,1
"412261","201101ZD30028",1,9,0,7,0,8,0,0,0,0,1,1,6,1,5,2494,1,8,6,1
"412271","201101ZD30029",1,19,0,18,0,8,0,0,0,0,1,1,6,1,6,2402,2,7,3,1
"41228","201101ZD30029",2,9,0,10,0,8,0,0,0,0,2,1,6,1,8,1896,2,12,5,1
"41229","201101ZD30030",1,19,0,18,0,6,0,0,0,0,1,1,1,1,5,1248,2,4,3,1
"412301","201101ZD30030",2,9,0,9,0,6,0,0,0,0,4,1,6,1,7,-1,-1,-1,-1,-1
"412311","201101ZD30031",1,9,0,9,0,6,0,0,0,0,1,1,6,1,5,1798,1,3,3,1
"412321","201101ZD30031",2,9,0,18,0,8,0,0,0,0,4,1,6,2,-1,1753,2,14,8,1
"412331","201101ZD30032",1,19,0,7,0,8,0,0,0,0,4,1,1,1,6,2798,2,8,5,1
"412341","201101ZD30033",1,11,0,4,0,8,0,0,0,0,0,1,1,1,7,11000,2,12,5,1
"412351","201101ZD30034",1,9,0,6,2,1,0,0,0,0,1,1,6,1,6,1986,2,5,-1,-1
"412361","201101ZD30034",2,3,0,18,2,2,0,0,0,0,1,1,6,1,6,125,1,3,2,1
"412371","201101ZD30035",1,9,0,18,0,1,0,0,0,0,1,1,1,1,8,2495,2,16,8,2
"412381","201101ZD30036",1,9,0,3,0,1,0,0,0,0,2,1,6,1,5,1390,1,9,1,1
"412391","201101ZD30036",2,9,0,4,0,1,0,0,0,0,1,1,6,2,-1,1587,1,6,7,1
"412401","201101ZD30037",1,9,0,7,0,8,0,0,0,0,4,1,6,1,6,1769,1,7,7,1
"412411","201101ZD30037",2,9,0,18,0,8,0,0,0,0,1,1,6,1,-1,1968,2,2,6,1
"412421","201101ZD30039",1,19,0,18,0,0,0,0,0,0,3,1,1,1,6,2464,2,3,6,1
"412431","201101ZD30039",2,5,0,13,0,0,0,0,0,0,1,1,6,1,6,599,1,11,-1,-1
"412441","201101ZD30040",1,9,0,4,0,0,1,0,0,0,1,1,6,1,4,973,1,12,4,1
"412451","201101ZD30040",2,9,0,4,0,0,0,0,0,0,2,1,6,1,7,2156,1,14,4,1
"412461","201101ZD30040",3,4,0,7,0,0,0,0,0,0,0,1,2,1,-1,244,1,7,5,1
"412471","201101ZD30041",1,19,0,18,0,8,0,0,0,0,1,1,6,2,6,1686,2,9,7,1
"412481","201101ZD30041",2,9,0,18,0,8,0,0,0,0,3,1,6,1,6,1998,1,12,4,1
"412491","201101ZD30042",1,9,0,18,0,8,0,0,0,0,2,1,6,1,9,998,1,8,7,1
"412501","201101ZD30042",2,9,0,18,0,8,0,0,0,0,1,1,6,1,6,-1,-1,-1,8,1
"412511","201101ZD30044",1,8,0,4,0,0,0,0,0,0,2,1,6,1,7,2184,2,6,2,1
"412521","201101ZD30044",2,9,0,18,0,0,0,0,0,0,1,1,6,1,7,2498,2,14,3,1
"412531","201101ZD30045",1,19,0,1,0,8,0,0,0,0,2,1,1,1,8,1998,2,6,2,1
"412541","201101ZD30046",1,9,0,9,0,8,0,0,0,0,2,1,6,1,7,1896,2,13,4,1
"412551","201101ZD30046",2,9,0,7,0,8,0,0,0,0,1,1,6,1,-1,-1,-1,-1,-1,-1
"412561","201101ZD30048",1,9,0,4,0,1,0,0,0,0,3,1,6,1,4,1149,1,9,4,1
"412571","201101ZD30048",2,19,0,13,0,1,0,0,0,0,4,1,6,1,-1,2402,2,7,-1,-1
"412581","201101ZD30049",1,9,0,18,0,0,0,0,0,0,4,1,6,1,10,1364,1,2,5,1
"412591","201101ZD30049",2,21,1,15,0,0,0,0,0,0,3,1,6,1,-1,12777,2,3,-1,-1
"412601","201101ZD30051",1,9,0,18,0,0,0,0,0,0,1,1,6,1,6,-1,-1,-1,-1,-1
"412611","201101ZD30052",1,4,0,18,0,0,0,0,0,0,1,1,6,1,8,278,1,1,-1,-1
"412621","201101ZD30052",2,9,0,6,0,0,0,0,0,0,3,1,6,2,7,1596,1,7,9,1
"412631","201101ZD30053",1,9,0,4,0,1,1,0,0,0,1,1,2,2,6,1240,1,7,3,1
"412641","201101ZD30054",1,9,0,9,2,5,0,0,0,0,1,1,2,1,7,1794,1,6,7,1
"412651","201101ZD30054",2,3,0,4,2,8,0,0,0,0,3,1,2,2,6,124,1,2,3,1
"41266","201101ZD30055",1,9,0,18,0,8,0,0,0,0,1,1,6,2,8,1985,1,21,-1,-1
"412671","201101ZD30055",2,9,0,7,0,8,0,0,0,0,3,1,6,2,5,1360,1,9,3,1
"412681","201101ZD30056",1,9,0,4,0,0,0,0,0,0,1,1,6,1,6,1753,2,5,3,1
"412691","201101ZD30056",2,9,0,3,0,0,0,0,0,0,2,1,6,2,-1,1870,2,12,5,1
"412701","201101ZD30056",3,9,0,4,0,0,0,0,0,0,2,1,6,1,-1,1995,2,5,5,1
"412711","201101ZD30057",1,9,0,3,0,1,0,0,0,0,2,1,1,1,6,1598,1,15,2,1
"412721","201101ZD30057",2,9,0,18,0,1,0,0,0,0,1,1,6,1,10,998,1,16,3,1
"412731","201101ZD30058",1,90,0,18,0,1,0,0,0,0,0,1,1,1,9,-1,-1,-1,-1,-1
"412741","201101ZD30059",1,9,0,5,0,8,0,0,0,0,4,1,6,2,4,1242,1,3,5,1
"412751","201101ZD30059",2,9,0,5,0,8,0,0,0,0,1,1,6,1,6,998,1,7,4,1
"412761","201101ZD30060",1,9,0,4,0,8,0,0,2,7,3,2,2,1,7,1968,2,9,6,1
"412771","201101ZD30060",2,21,0,7,0,8,0,0,0,0,4,1,6,1,-1,12777,2,3,8,1
"412781","201101ZD30061",1,9,0,9,0,6,0,0,0,0,3,1,2,1,7,1769,1,10,4,1
"412791","201101ZD30061",2,5,0,4,0,8,1,0,0,0,1,1,2,1,5,749,1,4,2,1
"412801","201101ZD30062",1,9,0,4,0,8,0,0,8,7,1,1,1,1,8,1595,1,14,8,1
"412811","201101ZD30062",2,90,0,18,0,8,2,0,0,0,4,1,1,1,6,-1,-1,-1,2,1
"412821","201101ZD30063",1,3,0,18,0,1,0,0,0,0,1,1,2,1,7,124,1,4,3,1
"412831","201101ZD30065",1,9,0,18,0,0,0,0,0,0,3,1,6,2,7,3301,1,13,6,1
"412841","201101ZD30066",1,9,0,18,0,0,0,0,0,0,1,1,6,2,-1,-1,-1,-1,-1,-1
"412851","201101ZD30067",1,9,0,5,0,8,0,0,0,0,1,1,6,2,5,1368,1,4,6,1
"412861","201101ZD30067",2,9,0,18,0,8,0,0,7,10,4,1,1,1,-1,1796,1,10,6,1
"412871","201101ZD30068",1,9,0,3,0,1,0,0,0,0,2,1,6,2,8,1598,1,6,-1,-1
"412881","201101ZD30068",2,9,0,4,0,1,0,0,0,0,1,1,6,2,6,1896,2,10,2,1
"412891","201101ZD30069",1,8,0,5,0,8,0,0,0,0,1,1,6,1,7,1900,2,11,7,1
"412901","201101ZD30070",1,9,0,4,0,1,0,0,3,0,3,1,6,1,8,1781,1,10,-1,-1
"412911","201101ZD30070",2,9,0,18,0,6,0,0,3,10,1,1,6,2,10,1242,1,9,6,1
"412921","201101ZD30070",3,9,0,8,0,8,0,0,0,0,3,1,6,2,7,1896,2,7,5,1
"412931","201101ZD30072",1,5,0,14,0,8,0,0,0,0,4,1,6,1,4,600,1,4,6,1
"412941","201101ZD30072",2,8,0,9,0,5,0,0,0,0,1,1,6,1,-1,-1,-1,-1,-1,-1
"412951","201101ZD30073",1,9,0,14,0,0,0,0,0,0,1,1,6,1,5,2496,2,8,3,1
"412961","201101ZD30074",1,9,0,18,0,1,0,0,0,0,3,1,6,2,6,-1,-1,-1,-1,-1
"412971","201101ZD30074",2,19,0,11,0,1,0,0,0,0,4,1,6,3,-1,2400,2,7,-1,-1
"412981","201101ZD30075",1,9,0,18,0,2,0,0,0,0,1,1,6,1,7,1497,8,3,-1,-1
"412991","201101ZD30076",1,9,0,3,0,1,0,0,0,0,2,1,6,2,5,1299,1,9,7,1
"413001","201101ZD30076",2,9,0,18,0,1,0,0,0,0,2,1,6,1,-1,1299,1,12,-1,-1
"413011","201101ZD30076",3,9,0,18,0,1,0,0,0,0,1,1,6,3,-1,1229,1,4,-1,-1
"413021","201101ZD30077",1,20,0,4,0,2,0,0,0,0,4,1,6,3,-1,-1,-1,-1,-1,-1
"413031","201101ZD30079",1,9,0,18,0,8,0,0,1,10,3,1,2,2,8,2204,2,4,8,1
"413041","201101ZD30079",2,20,0,18,0,8,0,0,0,0,1,1,6,2,6,-1,-1,-1,5,1
"413051","201101ZD30080",1,1,0,18,0,8,0,0,0,0,4,1,2,1,7,-1,-1,-1,6,1
"413061","201101ZD30080",2,19,0,5,0,6,0,0,0,0,1,1,6,1,-1,2402,2,3,-1,-1
"413071","201101ZD30081",1,5,0,4,0,0,1,0,0,0,1,1,1,1,5,999,1,-1,6,3
"413081","201101ZD30081",2,9,0,5,0,0,0,0,0,0,1,1,6,2,6,1600,1,7,6,1
"413091","201101ZD30082",1,9,0,18,0,1,0,0,0,0,1,1,2,2,6,1596,1,10,3,1
"413101","201101ZD30082",2,9,0,9,0,5,0,0,0,0,1,1,2,2,6,1396,1,9,2,1
"413111","201101ZD30082",3,9,0,18,0,8,0,0,0,0,1,1,6,1,5,1198,1,9,2,1
"413121","201101ZD30083",1,9,0,9,0,8,0,0,0,0,4,1,6,1,6,-1,-1,-1,3,1
"413131","201101ZD30083",2,5,0,18,0,8,0,0,0,0,1,1,6,1,6,599,1,11,6,1
"413141","201101ZD30084",1,9,0,18,0,1,0,4,0,0,4,1,6,1,7,-1,-1,-1,2,1
"413151","201101ZD30084",2,9,0,2,0,1,0,10,1,0,3,1,6,3,-1,1997,2,13,-1,-1
"413161","201101ZD30085",1,9,0,18,0,2,0,0,0,0,4,1,6,1,8,1390,1,2,-1,1
"413171","201101ZD30087",1,9,0,4,0,1,0,0,0,0,1,1,1,2,6,1299,1,11,1,1
"413181","201101ZD30087",2,9,0,10,0,1,0,0,0,0,2,1,1,1,4,-1,-1,-1,4,1
"413191","201101ZD30089",1,9,0,9,0,6,0,0,0,0,1,1,6,2,6,1388,1,8,10,1
"413201","201101ZD30089",2,9,0,18,0,6,0,0,0,0,1,1,6,1,8,1762,1,12,10,1
"413211","201101ZD30090",1,9,0,18,0,0,0,0,0,0,1,1,6,2,5,1796,1,5,3,1
"413221","201101ZD30090",2,9,0,2,0,0,0,10,1,4,2,1,6,1,5,-1,-1,-1,6,1
"413231","201101ZD30091",1,9,0,9,0,6,0,7,0,0,4,1,6,2,6,1596,1,12,5,1
"413241","201101ZD30091",2,8,0,18,0,8,0,0,1,4,1,1,1,1,7,1598,1,9,2,1
"413251","201101ZD30092",1,9,0,18,0,0,0,0,0,0,4,1,6,2,4,1275,1,12,6,1
"413261","201101ZD30093",1,9,0,18,0,8,0,0,0,0,4,1,6,1,9,1753,2,3,4,1
"413271","201101ZD30094",1,9,0,18,0,0,0,0,0,0,2,1,6,1,-1,1275,1,18,3,1
"413281","201101ZD30094",2,9,0,18,0,0,0,0,0,0,1,1,6,1,-1,1762,1,11,-1,-1
"413291","201101ZD30094",3,9,0,18,0,0,0,0,0,0,3,1,6,3,-1,2720,2,5,-1,-1
"413301","201101ZD30095",1,9,0,18,0,0,0,0,0,0,2,1,6,1,10,1956,2,1,3,1
"413311","201101ZD30095",2,9,0,18,0,0,0,0,0,0,1,1,6,2,7,1896,2,11,1,1
"413321","201101ZD30097",1,3,0,18,0,8,0,0,0,0,3,1,6,1,5,124,1,7,5,1
"413331","201101ZD30097",2,9,0,9,0,8,0,0,0,0,1,1,6,3,-1,1390,1,9,-1,-1
"413341","201101ZD30098",1,9,0,18,0,8,0,0,0,0,1,1,6,1,-1,2688,2,11,-1,-1
"413351","201101ZD30098",2,19,0,18,0,8,0,0,0,0,1,1,6,1,8,1998,2,7,4,1
"413361","201101ZD30102",1,9,0,4,0,2,0,4,0,0,3,1,6,1,4,1198,1,5,-1,-1
"413371","201101ZD30102",2,9,0,2,0,2,0,0,1,0,4,1,6,3,-1,1388,1,9,-1,-1
"413381","201101ZD30102",3,9,0,2,0,2,0,4,0,0,4,1,6,1,5,2494,1,13,8,1
"413391","201101ZD30102",4,9,0,2,0,2,0,4,0,0,4,1,6,1,4,-1,-1,-1,8,1
"413401","201101ZD30103",1,9,0,3,0,2,0,0,0,0,2,1,6,1,6,1598,1,5,4,1
"413411","201101ZD30103",2,9,0,7,0,2,0,0,0,0,1,1,6,2,-1,1598,1,1,-1,-1
"413421","201101ZD30104",1,9,0,8,0,8,0,0,0,0,1,1,6,2,5,1498,1,6,3,1
"413431","201101ZD30104",2,9,0,7,0,8,1,0,0,0,3,1,6,1,-1,1598,1,14,-1,-1
"413441","201101ZD30105",1,9,0,16,0,8,0,0,0,0,1,1,6,1,5,1149,1,11,9,1
"413451","201101ZD30105",2,3,0,16,0,8,0,0,0,0,2,1,6,3,-1,-1,-1,-1,-1,-1
"413461","201101ZD30105",3,9,0,16,0,8,0,0,0,0,1,1,6,3,-1,1388,1,6,-1,-1
"413471","201101ZD30106",1,9,0,4,0,8,0,0,0,0,2,1,6,2,8,1242,1,6,9,3
"413481","201101ZD30106",2,9,0,18,0,8,0,0,0,0,1,1,6,1,7,-1,-1,-1,8,1
"413491","201101ZD30107",1,9,0,18,0,1,0,0,0,0,3,1,6,2,8,1198,1,7,2,1
"413501","201101ZD30107",2,9,0,18,0,2,0,0,0,0,3,1,6,1,6,1597,1,12,3,1
"413511","201101ZD30108",1,9,0,7,0,8,0,0,0,0,1,1,6,1,10,1998,1,19,3,1
"413521","201101ZD30108",2,9,0,8,0,8,0,0,0,0,2,1,6,1,7,998,1,12,5,1
"413531","201101ZD30109",1,9,0,18,0,8,0,0,0,0,2,1,6,2,5,1970,1,10,4,1
"413541","201101ZD30109",2,9,0,18,0,8,0,0,0,0,1,1,6,2,-1,1998,1,11,-1,-1
"413551","201101ZD30112",1,3,0,18,0,0,0,10,0,0,4,1,6,1,5,124,1,1,3,1
"413561","201101ZD30112",2,9,0,13,0,0,0,0,0,0,0,1,6,3,-1,1999,1,4,-1,-1
"413571","201101ZD30113",1,9,0,18,0,1,0,0,0,0,1,1,6,2,6,1598,1,3,10,1
"413581","201101ZD30114",1,1,0,18,0,8,0,0,0,0,1,1,6,1,4,-1,-1,-1,5,1
"413591","201101ZD30114",2,11,0,17,0,8,0,0,0,0,4,1,6,1,6,-1,2,11,5,1
"413601","201101ZD30115",1,19,0,16,0,0,0,0,0,0,1,1,6,1,6,1461,2,4,1,1
"413611","201101ZD30116",1,9,0,18,0,8,0,0,0,0,1,1,6,1,6,1400,1,13,2,1
"413621","201101ZD30116",2,9,0,9,0,8,0,0,0,0,1,1,6,3,-1,-1,-1,-1,-1,-1
"413631","201101ZD30117",1,9,0,18,0,8,0,0,0,0,1,1,6,2,10,2148,2,8,8,1
"413641","201101ZD30117",2,9,0,9,0,8,0,0,0,0,1,1,6,2,7,1794,1,9,7,1
"413651","201101ZD30120",1,9,0,3,0,1,0,0,0,0,2,1,6,2,6,1598,1,11,10,1
"413661","201101ZD30120",2,19,0,5,0,1,0,0,0,0,1,1,1,1,-1,2148,2,4,5,1
"413671","201101ZD30121",1,9,0,9,0,8,0,0,0,0,1,1,6,3,-1,998,1,1,-1,-1
"413681","201101ZD30122",1,19,0,18,0,8,0,0,0,0,4,1,2,1,6,1753,2,4,3,1
"413691","201101ZD30122",2,9,0,12,0,8,0,0,0,0,3,1,6,1,-1,1798,1,1,-1,-1
"413701","201101ZD30123",1,90,0,18,0,1,0,0,0,0,1,1,6,3,-1,-1,-1,-1,-1,-1
"413711","201101ZD30124",1,9,0,18,0,0,0,0,0,0,3,1,6,2,7,1598,1,9,7,1
"413721","201101ZD30124",2,9,0,10,0,0,0,0,0,0,3,1,6,2,8,-1,-1,-1,-1,-1
"413731","201101ZD30125",1,9,0,18,0,8,0,0,0,0,1,1,6,1,8,1984,1,5,5,1
"413741","201101ZD30125",2,9,0,9,0,8,0,0,0,0,4,1,6,1,9,1600,2,1,8,1
"413751","201101ZD30126",1,90,0,3,0,0,0,0,0,0,2,1,1,1,-1,-1,-1,-1,8,1
"413761","201101ZD30126",2,9,0,3,0,0,0,0,0,0,2,1,6,1,5,1870,2,12,2,1
"413771","201101ZD30126",3,9,0,3,0,0,0,0,0,0,2,1,6,1,5,1390,1,10,6,1
"413781","201101ZD30126",4,9,0,18,0,0,0,10,7,0,1,1,6,1,6,-1,-1,-1,-1,-1
"413791","201101ZD30126",5,9,0,2,9,0,0,0,0,0,1,1,6,3,-1,1299,1,11,-1,-1
"413801","201101ZD30127",1,9,0,9,0,6,0,0,0,0,3,1,6,1,4,1196,1,18,8,1
"413811","201101ZD30127",2,9,0,18,0,6,0,0,0,0,3,1,6,1,4,1108,1,2,10,1
"413821","201101ZD30128",1,9,0,18,0,1,0,0,0,0,1,1,6,2,8,-1,-1,-1,4,1
"413831","201101ZD30129",1,19,0,18,0,0,0,0,0,0,4,1,1,1,6,1870,2,6,3,1
"413841","201101ZD30130",1,9,0,18,0,8,0,0,0,0,1,1,6,1,5,2198,1,11,2,1
"413851","201101ZD30130",2,11,0,9,0,8,0,0,0,0,0,1,6,1,6,3900,2,8,1,1
"413861","201101ZD30132",1,9,0,18,0,0,0,0,1,2,1,1,1,2,8,1598,1,1,7,1
"413871","201101ZD30133",1,9,0,18,0,1,0,0,0,0,1,1,2,2,6,1388,1,14,5,1
"413881","201101ZD30133",2,9,0,3,0,1,0,0,0,0,2,1,6,1,11,-1,-1,-1,1,1
"413891","201101ZD30134",1,11,0,5,0,1,0,0,0,0,4,1,1,1,7,-1,2,11,3,1
"413901","201101ZD30135",1,9,0,18,0,0,0,0,0,0,1,1,6,1,5,1587,1,8,3,1
"413911","201101ZD30136",1,9,0,9,0,5,0,0,0,0,1,1,6,2,10,3199,1,14,10,1
"413921","201101ZD30136",2,4,0,4,0,8,0,0,0,0,3,1,6,1,4,125,1,3,2,1
"413951","201101ZD30138",1,9,0,18,0,8,0,0,7,10,4,1,6,1,5,1596,1,5,2,1
"413961","201101ZD30138",2,9,0,4,0,8,0,0,0,0,1,1,6,1,5,1994,2,8,2,1
"413971","201101ZD30139",1,1,0,17,0,8,0,0,0,0,4,1,6,1,9,-1,-1,-1,9,1
"413981","201101ZD30139",2,9,0,18,0,8,0,0,0,0,2,1,6,1,6,1600,1,9,7,1
"413991","201101ZD30140",1,9,0,18,0,1,0,4,0,0,1,1,6,1,8,1990,1,19,5,1
"414001","201101ZD30140",2,9,0,2,0,1,0,0,0,0,2,1,6,1,7,1598,1,4,-1,-1
"414011","201101ZD30142",1,11,0,9,0,5,0,0,0,0,0,1,1,1,6,6700,2,1,2,1
"414021","201101ZD30143",1,9,0,10,0,8,0,0,0,0,2,1,6,2,7,1296,1,4,5,1
"414031","201101ZD30143",2,9,0,17,0,8,0,0,0,0,1,1,6,3,-1,1975,1,4,-1,-1
"414041","201101ZD30144",1,9,0,4,0,0,0,0,0,0,1,1,6,2,4,1242,1,4,3,1
"414051","201101ZD30144",2,19,0,18,0,0,0,0,0,0,1,1,6,1,5,1997,2,5,6,1
"414061","201101ZD30145",1,9,0,18,0,8,0,0,0,0,4,1,6,1,7,998,1,1,6,1
"414071","201101ZD30145",2,9,0,9,0,8,0,0,0,0,1,1,6,1,-1,1896,2,4,-1,-1
"414081","201101ZD30146",1,5,0,18,2,8,0,0,0,0,1,1,6,1,6,-1,-1,-1,3,1
"414091","201101ZD30146",2,9,0,7,0,5,0,0,0,0,4,1,6,2,8,1598,1,1,-1,-1
"414101","201101ZD30147",1,19,0,9,0,8,0,0,0,0,3,1,1,1,6,-1,-1,-1,2,1
"414111","201101ZD30147",2,9,0,18,0,8,0,0,0,0,1,1,6,2,9,-1,-1,-1,-1,-1
"414121","201101ZD30148",1,9,0,4,0,2,0,0,0,0,1,1,6,1,6,1753,2,11,7,1
"414131","201101ZD30149",1,9,0,4,0,2,2,10,7,0,1,1,6,1,4,1590,1,8,3,1
"414141","201101ZD30151",1,9,0,17,0,8,0,0,0,0,1,1,2,2,5,954,1,11,8,1
"414151","201101ZD30151",2,4,0,16,0,8,0,0,0,0,1,1,2,1,7,-1,-1,-1,6,1
"414161","201101ZD30152",1,4,0,7,0,6,1,4,0,0,3,1,6,1,4,124,1,16,6,1
"414171","201101ZD30152",2,9,0,2,0,1,0,0,0,0,2,1,1,1,5,1560,2,2,10,1
"414181","201101ZD30153",1,9,0,18,0,0,0,0,0,0,1,1,6,3,-1,-1,-1,-1,-1,-1
"414191","201101ZD30154",1,19,0,18,0,1,0,0,0,0,1,1,6,3,-1,-1,-1,-1,-1,-1
"414201","201101ZD30154",2,9,0,3,0,1,0,0,0,0,2,1,6,2,4,1497,1,7,3,1
"414211","201101ZD30155",1,11,0,5,0,0,0,0,0,0,0,1,1,1,7,5900,2,5,-1,-1
"414221","201101ZD30156",1,9,0,9,0,6,0,0,0,0,4,1,3,2,-1,1796,1,1,-1,-1
"414231","201101ZD30156",2,9,0,18,0,8,0,0,0,0,3,1,2,2,9,1389,1,18,7,1
"414241","201101ZD30157",1,9,0,18,0,8,0,0,0,0,4,1,6,1,8,1761,1,12,2,1
"414251","201101ZD30157",2,9,0,9,0,6,0,0,0,0,1,1,6,2,6,1598,1,2,1,1
"414261","201101ZD30158",1,9,0,5,0,1,0,0,0,0,1,1,3,2,-1,2254,1,12,-1,-1
"414271","201101ZD30159",1,9,0,5,0,6,0,0,0,0,4,1,6,2,6,1360,1,4,3,1
"414281","201101ZD30159",2,4,0,18,0,8,0,0,0,0,1,1,6,1,5,124,1,9,3,1
"414291","201101ZD30160",1,8,0,9,0,6,0,0,0,0,3,1,1,1,-1,1896,2,5,-1,-1
"414301","201101ZD30161",1,9,0,3,0,0,0,0,0,0,2,1,3,2,7,1389,1,14,8,1
"414311","201101ZD30161",2,9,0,4,0,0,0,0,0,0,1,1,6,2,-1,1998,2,6,3,1
"414321","201101ZD30163",1,9,0,2,0,1,0,0,0,0,1,1,6,2,7,1386,1,2,3,1
"414331","201101ZD30163",2,9,0,1,0,1,0,4,0,0,2,1,6,3,-1,973,1,9,-1,-1
"414341","201101ZD30164",1,8,0,4,0,0,0,0,0,0,4,1,1,1,7,2180,2,15,4,1