"","Acc_Index","Vehicle_Reference","Vehicle_Type","Towing_and_Articulation","Vehicle_Manoeuvre","Vehicle_Location.Restricted_Lane","Junction_Location","Skidding_and_Overturning","Hit_Object_in_Carriageway","Vehicle_Leaving_Carriageway","Hit_Object_off_Carriageway","X1st_Point_of_Impact","Was_Vehicle_Left_Hand_Drive","Journey_Purpose_of_Driver","Sex_of_Driver","Age_Band_of_Driver","Engine_Capacity_.CC.","Propulsion_Code","Age_of_Vehicle","Driver_IMD_Decile","Driver_Home_Area_Type"
"414351","201101ZD30164",2,9,0,18,0,0,0,0,0,0,1,1,6,1,-1,-1,-1,-1,-1,-1
"414361","201101ZD30165",1,9,0,3,0,2,0,0,0,0,2,1,6,1,6,1686,2,-1,5,1
"414371","201101ZD30165",2,9,0,4,0,2,0,0,0,0,1,1,6,1,7,-1,-1,-1,5,1
"414381","201101ZD30165",3,9,0,3,0,2,0,0,0,0,2,1,6,2,6,1596,1,7,-1,-1
"414391","201101ZD30168",1,9,0,7,0,2,0,0,0,0,2,1,6,2,9,1299,1,9,4,1
"414401","201101ZD30168",2,9,0,7,0,2,0,0,0,0,1,1,6,1,7,1968,2,5,-1,-1
"414411","201101ZD30169",1,11,0,5,0,2,0,0,0,0,0,1,1,1,7,9200,2,8,3,1
"414421","201101ZD30170",1,9,0,5,0,0,0,0,0,0,2,1,6,1,5,1390,1,11,4,1
"414431","201101ZD30170",2,3,0,13,0,0,0,0,0,0,1,1,6,1,4,125,1,3,2,1
"414441","201101ZD30171",1,9,0,3,0,2,0,0,0,0,2,1,6,1,5,989,1,12,4,1
"414451","201101ZD30171",2,9,0,18,0,2,0,0,0,0,1,1,1,1,7,2171,1,8,4,1
"414461","201101ZD30171",3,9,0,3,0,2,0,0,0,0,2,1,1,2,8,1149,1,11,3,1
"414471","201101ZD30174",1,9,0,9,0,6,0,0,0,0,3,1,6,2,6,1598,1,10,6,1
"414481","201101ZD30174",2,9,0,18,0,8,0,0,0,0,1,1,6,1,9,2954,1,16,9,1
"414491","201101ZD30175",1,9,0,14,0,8,0,0,0,0,1,1,6,1,7,1597,1,13,7,1
"414501","201101ZD30175",2,9,0,9,0,8,0,0,0,0,1,1,6,1,5,1796,1,5,3,1
"414511","201101ZD30176",1,3,0,18,0,8,0,0,0,0,1,1,6,1,4,-1,-1,-1,3,1
"414521","201101ZD30176",2,9,0,9,0,6,0,0,0,0,3,1,6,2,8,1598,1,4,7,1
"414531","201101ZD30177",1,9,0,18,0,1,0,10,1,10,1,1,6,2,6,1242,1,7,8,1
"414541","201101ZD30178",1,9,0,9,0,8,0,0,0,0,1,1,6,1,6,1598,1,11,6,1
"414551","201101ZD30178",2,9,0,18,0,8,5,10,0,0,3,1,6,2,9,1248,1,1,3,1
"414561","201101ZD30179",1,9,0,9,0,5,0,0,0,0,2,1,6,1,6,1998,1,12,4,1
"414571","201101ZD30179",2,9,0,18,0,1,0,0,0,0,1,1,6,2,6,1796,1,11,6,1
"414581","201101ZD30180",1,9,0,7,0,5,0,0,0,0,1,1,1,2,8,2996,1,5,8,1
"414591","201101ZD30180",2,9,0,9,0,5,0,0,0,0,4,1,6,1,4,-1,-1,-1,10,1
"414601","201101ZD30181",1,11,0,9,0,5,0,0,0,0,3,1,1,1,7,-1,-1,-1,4,1
"414611","201101ZD30181",2,9,0,8,0,6,0,0,0,0,3,1,1,1,5,1995,2,8,3,1
"414621","201101ZD30182",1,9,0,5,0,1,0,0,0,0,2,1,6,2,6,1360,1,8,4,1
"414631","201101ZD30182",2,9,0,5,0,1,0,0,0,0,1,1,6,1,4,1390,1,10,3,1
"414641","201101ZD30183",1,9,0,1,0,5,0,10,1,0,2,1,1,1,6,2685,2,8,3,1
"414651","201101ZD30184",1,9,0,4,0,8,0,0,0,0,1,1,2,2,5,1171,1,16,3,1
"414661","201101ZD30184",2,9,0,4,0,8,0,0,0,0,2,1,2,1,8,1998,2,5,8,1
"414671","201101ZD30185",1,9,0,18,0,8,0,0,0,0,2,1,6,2,6,1998,2,6,2,1
"414681","201101ZD30185",2,9,0,18,0,8,0,0,0,0,1,1,6,3,-1,2148,2,8,-1,-1
"414691","201101ZD30187",1,9,0,18,0,8,0,0,0,0,1,1,2,2,6,1596,1,10,4,1
"414701","201101ZD30187",2,8,0,9,0,5,0,0,0,0,4,1,1,1,6,1900,2,11,-1,-1
"414711","201101ZD30188",1,9,0,4,0,1,0,0,0,0,4,1,6,2,6,1398,2,2,6,1
"414721","201101ZD30191",1,9,0,18,0,8,0,0,0,0,4,1,6,1,9,1910,2,4,7,1
"414731","201101ZD30191",2,9,0,5,0,6,0,0,0,0,1,1,6,2,-1,1998,1,12,3,1
"414741","201101ZD30192",1,9,0,12,0,1,0,0,0,0,1,1,6,1,6,2494,1,12,-1,-1
"414751","201101ZD30192",2,19,0,8,0,1,0,0,0,0,2,1,6,1,7,1248,2,1,4,1
"414761","201101ZD30193",1,9,0,10,0,8,0,0,0,0,2,1,6,1,5,1598,1,4,3,1
"414771","201101ZD30193",2,9,0,18,0,8,1,0,0,0,1,1,6,1,-1,-1,-1,-1,-1,-1
"414781","201101ZD30194",1,19,0,12,6,0,0,0,0,0,0,1,1,2,-1,1598,2,-1,-1,-1
"414791","201101ZD30194",2,3,0,4,2,0,1,0,0,0,0,1,2,1,6,124,1,6,4,1
"414801","201101ZD30195",1,9,0,1,9,1,0,0,0,0,2,1,6,1,-1,1796,1,9,-1,-1
"414811","201101ZD30196",1,9,0,5,0,1,0,0,0,0,3,1,6,3,-1,-1,-1,-1,-1,-1
"414821","201101ZD30197",1,9,0,18,0,0,0,0,7,4,1,1,6,1,7,1600,1,13,2,1
"414831","201101ZD30198",1,9,0,4,0,1,0,0,0,0,2,1,6,1,6,-1,-1,-1,3,1
"414841","201101ZD30198",2,9,0,18,0,1,0,0,0,0,1,1,6,3,-1,-1,-1,-1,-1,-1
"414851","201101ZD30199",1,9,0,18,0,2,0,0,0,0,4,1,6,1,5,1388,1,7,2,1
"414861","201101ZD30200",1,11,0,4,0,1,0,10,0,0,0,1,1,1,6,6700,2,3,3,1
"414871","201101ZD30201",1,9,0,18,0,8,0,0,0,0,1,1,6,1,8,1587,1,12,5,1
"414881","201101ZD30201",2,9,0,9,0,8,0,0,0,0,3,1,6,2,9,1796,1,9,4,1
"414891","201101ZD30202",1,9,0,18,0,0,0,0,0,0,4,1,6,2,-1,1794,1,6,5,1
"414901","201101ZD30203",1,9,0,18,0,1,0,10,1,2,1,1,6,1,6,1199,1,9,2,1
"414911","201101ZD30204",1,9,0,18,0,1,0,0,0,0,1,1,6,1,5,1360,1,17,2,1
"414921","201101ZD30204",2,9,0,4,0,1,0,0,0,0,2,1,6,1,6,1868,2,10,3,1
"414931","201101ZD30205",1,19,0,4,0,1,0,0,0,0,1,1,1,1,7,2148,2,6,3,1
"414941","201101ZD30205",2,9,0,4,0,1,0,0,0,0,2,1,6,1,4,1598,1,12,4,1
"414951","201101ZD30207",1,9,0,3,0,2,0,0,0,0,2,1,6,2,6,-1,-1,-1,6,1
"414961","201101ZD30207",2,9,0,18,0,2,0,0,0,0,1,1,6,2,-1,-1,-1,-1,4,1
"414971","201101ZD30208",1,9,0,18,0,1,0,0,0,0,1,1,6,1,4,1364,1,5,2,1
"414981","201101ZD30208",2,9,0,4,0,1,0,0,0,0,2,1,6,1,-1,-1,-1,-1,-1,-1
"414991","201101ZD30209",1,9,0,9,0,5,0,0,0,0,1,1,6,1,8,-1,-1,-1,3,1
"415001","201101ZD30211",1,9,0,3,0,1,0,0,0,0,2,1,6,2,-1,1800,1,12,7,1
"415011","201101ZD30211",2,9,0,18,0,1,1,0,0,0,1,1,6,1,-1,1360,1,11,-1,-1
"415021","201101ZD30212",1,9,0,9,0,5,0,0,0,0,1,1,6,2,4,1198,1,2,-1,-1
"415031","201101ZD30214",1,9,0,9,0,6,0,0,0,0,4,1,6,2,-1,1149,1,6,-1,-1
"415041","201101ZD30214",2,9,0,18,0,6,0,0,0,0,1,1,6,2,-1,1299,1,12,9,1
"415051","201101ZD30217",1,4,0,15,0,1,0,0,0,0,3,1,6,1,-1,125,1,8,7,1
"415061","201101ZD30217",2,9,0,18,0,1,0,0,0,0,4,1,1,1,7,1968,2,2,5,1
"415071","201101ZD30218",1,9,0,7,0,6,0,0,0,0,3,1,6,2,7,1896,2,6,4,1
"415081","201101ZD30218",2,9,0,18,0,1,0,0,0,0,1,1,6,2,6,-1,-1,-1,-1,-1
"415091","201101ZD30219",1,9,0,17,0,2,0,0,0,0,4,1,6,2,7,1598,1,6,4,1
"415101","201101ZD30219",2,9,0,12,0,2,0,0,0,0,3,1,6,3,-1,-1,-1,-1,-1,-1
"415111","201101ZD30220",1,9,0,10,0,1,0,0,0,0,4,1,6,1,7,1686,2,1,3,1
"415121","201101ZD30220",2,9,0,9,0,1,0,0,0,0,3,1,6,2,-1,1598,1,2,-1,-1
"415131","201101ZD30221",1,9,0,9,0,8,0,0,0,0,1,1,6,2,6,2685,2,6,2,1
"415141","201101ZD30221",2,9,0,18,0,8,0,0,0,0,4,1,6,2,7,1599,1,12,5,1
"415151","201101ZD30222",1,9,0,18,0,2,0,0,0,0,1,1,6,2,6,1600,1,11,3,1
"415161","201101ZD30223",1,9,0,18,0,1,0,0,0,0,1,1,6,3,-1,1598,1,9,-1,-1
"415171","201101ZD30224",1,11,0,4,0,0,0,0,0,0,0,1,1,1,7,-1,-1,-1,8,1
"415181","201101ZD30225",1,9,0,18,0,2,0,0,0,0,1,1,6,1,-1,-1,-1,-1,7,1
"415191","201101ZD30226",1,19,0,6,0,8,0,0,0,0,3,1,6,1,8,2402,2,6,9,1
"415201","201101ZD30226",2,5,0,13,0,8,0,0,0,0,1,1,6,1,9,498,1,10,4,1
"415211","201101ZD30227",1,9,0,18,2,1,0,0,0,0,3,1,2,2,5,1999,1,6,3,1
"415221","201101ZD30228",1,9,0,3,0,2,0,0,1,0,4,1,6,1,-1,1399,1,2,4,1
"415231","201101ZD30228",2,9,0,15,9,2,0,0,0,0,3,1,6,3,-1,1796,1,8,-1,-1
"415241","201101ZD30229",1,9,0,5,0,8,0,0,0,0,3,1,6,1,7,1392,1,13,5,1
"415251","201101ZD30229",2,9,0,18,0,8,0,0,0,0,1,1,6,1,-1,1586,1,2,9,1
"415261","201101ZD30230",1,5,0,18,0,8,0,0,0,0,0,1,6,1,-1,1050,1,6,6,1
"415271","201101ZD30230",2,9,0,9,0,5,0,0,0,0,0,1,6,1,7,-1,-1,-1,4,1
"415281","201101ZD30232",1,5,0,17,0,8,1,10,1,0,1,1,6,1,8,1255,1,2,9,3
"415291","201101ZD30232",2,4,0,17,0,8,0,0,0,0,0,1,6,1,4,125,1,7,10,1
"415301","201101ZD30233",1,9,0,4,0,1,0,0,0,0,2,1,6,2,8,1296,1,3,9,1
"415311","201101ZD30233",2,9,0,4,0,1,0,0,0,0,1,1,6,1,-1,2171,2,8,9,1
"415321","201101ZD30234",1,9,0,18,0,2,0,0,0,0,4,1,6,3,-1,-1,-1,-1,-1,-1
"415331","201101ZD30235",1,9,0,7,0,6,0,0,0,0,3,1,6,2,5,1149,1,4,5,3
"415341","201101ZD30235",2,19,0,7,0,6,0,0,0,0,4,1,6,3,-1,-1,-1,-1,-1,-1
"415351","201101ZD30236",1,1,0,18,0,8,0,0,0,0,4,1,2,1,8,-1,-1,-1,9,1
"415361","201101ZD30236",2,9,0,18,0,8,0,0,0,0,1,1,6,1,-1,-1,-1,-1,-1,-1
"415371","201101ZD30237",1,9,0,18,0,8,0,0,0,0,1,1,2,2,9,1951,2,7,2,1
"415381","201101ZD30239",1,9,0,4,0,0,0,0,0,0,1,1,6,2,5,1229,1,6,8,1
"415391","201101ZD30240",1,2,0,18,0,8,0,0,1,2,1,1,1,1,4,-1,-1,-1,2,1
"415401","201101ZD30241",1,9,0,17,0,0,0,0,0,0,1,1,6,2,7,1242,1,8,-1,-1
"415411","201101ZD30242",1,11,0,4,2,0,0,2,0,0,4,1,1,1,7,6700,2,3,7,1
"415421","201101ZD30243",1,9,0,10,0,8,0,0,0,0,2,1,6,1,9,-1,-1,-1,3,1
"415431","201101ZD30243",2,9,0,18,0,8,0,0,0,0,1,1,6,2,-1,-1,-1,-1,-1,-1
"415441","201101ZD30244",1,9,0,1,0,0,0,0,0,0,2,1,6,1,11,1596,1,9,-1,-1
"415451","201101ZD30244",2,9,0,2,0,0,0,0,0,0,2,1,6,3,-1,1753,2,12,-1,-1
"415461","201101ZD30244",3,9,0,2,0,0,0,0,0,0,1,1,6,3,-1,1598,1,5,-1,-1
"415471","201101ZD30244",4,9,0,2,0,0,0,0,0,0,2,1,6,3,-1,1364,1,6,-1,-1
"415481","201101ZD30244",5,9,0,2,0,0,0,0,0,0,4,1,6,3,-1,1598,1,4,-1,-1
"415491","201101ZD30244",6,9,0,2,0,0,0,0,0,0,4,1,6,3,-1,1149,1,1,-1,-1
"415501","201101ZD30245",1,11,0,5,0,8,0,0,0,0,3,1,1,1,8,-1,2,8,4,1
"415511","201101ZD30245",2,9,0,11,0,8,0,0,0,0,4,1,6,1,6,1248,2,4,8,1
"415521","201101ZD30246",1,2,0,4,0,0,0,0,0,0,1,1,6,1,4,124,1,-1,9,1
"415531","201101ZD30246",2,19,0,3,0,0,0,0,0,0,2,1,1,1,7,2299,2,16,8,1
"415541","201101ZD30247",1,9,0,14,0,2,0,0,0,0,1,1,2,1,8,1598,1,17,8,1
"415551","201101ZD30248",1,9,0,18,0,8,0,0,0,0,3,1,6,2,5,1596,1,4,3,1
"415561","201101ZD30248",2,9,0,11,0,8,0,0,0,0,4,1,6,2,-1,1796,1,6,6,1
"415571","201101ZD30249",1,1,0,4,0,8,0,0,0,0,1,1,6,1,7,-1,-1,-1,-1,-1
"415581","201101ZD30249",2,9,0,4,0,6,0,0,0,0,3,1,6,2,-1,-1,-1,-1,8,1
"415591","201101ZD30250",1,9,0,3,0,1,0,0,0,0,2,1,6,2,7,1999,1,2,8,1
"415601","201101ZD30250",2,9,0,18,0,1,0,0,0,0,1,1,2,1,-1,1364,1,5,8,1
"415611","201101ZD30252",1,9,0,4,0,0,0,0,0,0,2,1,6,1,4,1149,1,9,5,3
"415621","201101ZD30252",2,19,0,18,0,0,0,0,0,0,1,1,6,1,5,2300,2,6,2,1
"415631","201101ZD30253",1,9,0,5,0,0,0,0,0,0,1,1,6,1,7,1242,1,2,7,1
"415641","201101ZD30254",1,9,0,4,0,8,0,0,0,0,1,1,6,2,4,1390,1,11,9,1
"415651","201101ZD30256",1,9,0,18,0,0,5,4,0,0,1,1,6,1,7,1598,1,9,-1,-1
"415661","201101ZD30256",2,9,0,2,0,0,0,0,0,0,1,1,6,3,-1,1360,1,11,-1,-1
"415671","201101ZD30256",3,19,0,2,0,0,0,0,0,0,2,1,6,3,-1,2500,2,15,-1,-1
"41568","201101ZD30257",1,9,0,18,0,0,0,0,0,0,4,1,6,2,6,1198,1,6,3,1
"41569","201101ZD30259",1,9,0,1,0,0,0,0,0,0,4,1,6,1,-1,-1,-1,-1,-1,-1
"415701","201101ZD30261",1,11,0,5,0,0,0,0,0,0,0,1,1,1,-1,-1,-1,-1,-1,-1
"415711","201101ZD30262",1,9,0,4,0,0,0,0,0,0,4,1,2,1,8,1999,1,6,7,2
"415721","201101ZD30263",1,9,0,10,0,8,0,0,0,0,2,1,6,2,6,1360,1,9,3,1
"415731","201101ZD30263",2,9,0,18,0,8,0,0,0,0,1,1,6,1,-1,1587,1,6,8,1
"415741","201101ZD30264",1,9,0,14,0,8,0,0,0,0,4,1,6,1,6,1984,1,4,3,1
"415751","201101ZD30264",2,9,0,18,0,8,0,0,1,2,1,1,6,1,7,1999,1,5,3,1
"415761","201101ZD30265",1,9,0,18,0,8,0,0,0,0,4,1,6,1,6,2477,2,9,2,1
"415771","201101ZD30265",2,3,0,5,0,8,0,0,0,0,1,1,1,1,5,-1,-1,-1,2,1
"415781","201101ZD30266",1,9,0,9,2,5,0,0,0,0,4,1,6,2,6,1242,1,9,3,1
"415791","201101ZD30266",2,9,0,18,2,8,0,0,0,0,1,1,6,1,-1,3189,1,6,4,1
"415801","201101ZD30267",1,9,0,9,0,5,0,0,0,0,3,1,6,1,5,1390,1,11,-1,-1
"415811","201101ZD30267",2,3,0,13,0,8,0,0,0,0,4,1,6,1,7,124,1,1,6,1
"415821","201101ZD30268",1,9,0,18,0,1,1,0,1,0,1,1,6,2,4,1364,1,2,9,1
"415831","201101ZD30268",2,8,0,9,0,6,0,0,0,0,0,1,6,1,7,1999,1,6,4,1
"415841","201101ZD30269",1,9,0,18,0,1,1,10,5,2,1,1,6,1,-1,1461,2,-1,3,1
"415851","201101ZD30270",1,9,0,4,0,8,0,0,0,0,2,1,2,1,8,3222,2,7,3,1
"415861","201101ZD30270",2,9,0,4,0,8,0,0,0,0,1,1,2,1,5,1798,1,4,4,1
"415871","201101ZD30271",1,9,0,18,0,1,0,8,0,0,4,1,6,1,11,-1,-1,-1,2,1
"415881","201101ZD30271",2,9,0,2,0,1,0,0,0,0,4,1,6,3,-1,-1,-1,-1,1,1
"415891","201101ZD30272",1,9,0,18,0,0,0,0,0,0,1,1,6,1,6,1781,1,12,3,1
"415901","201101ZD30273",1,9,0,4,0,2,0,0,0,0,2,1,6,1,10,1991,2,2,10,1
"415911","201101ZD30273",2,9,0,4,0,2,0,0,0,0,2,1,6,1,-1,1199,1,7,-1,-1
"415921","201101ZD30273",3,9,0,18,0,2,0,0,0,0,2,1,6,2,6,1198,1,2,-1,-1
"415931","201101ZD30273",4,19,0,4,0,2,0,0,0,0,2,1,6,1,5,1896,2,11,-1,-1
"415941","201101ZD30273",5,9,0,4,0,2,0,0,0,0,1,1,6,2,6,1968,2,5,-1,-1
"415951","201101ZD30274",1,8,0,18,0,2,0,0,0,0,1,1,6,1,8,1796,1,7,4,1
"415961","201101ZD30275",1,9,0,18,0,0,0,0,0,0,3,1,6,1,7,1794,1,9,2,1
"415971","201101ZD30276",1,19,0,18,0,0,0,0,1,10,1,1,1,1,8,-1,-1,-1,5,1
"415981","201101ZD30278",1,3,0,7,0,8,0,0,0,0,0,1,6,1,5,-1,-1,-1,-1,-1
"415991","201101ZD30279",1,9,0,9,0,5,0,0,0,0,4,1,6,2,5,1598,1,9,4,1
"416001","201101ZD30281",1,9,0,7,0,6,0,0,0,0,1,1,6,1,8,1910,2,4,5,1
"416011","201101ZD30281",2,1,0,18,0,8,0,0,0,0,4,1,6,1,-1,-1,-1,-1,-1,-1
"416021","201101ZD30282",1,9,0,18,0,0,0,0,0,0,1,1,6,1,-1,1798,1,8,5,1
"416031","201101ZD30283",1,9,0,18,0,0,0,4,0,0,1,1,6,2,6,1796,1,5,3,1
"416041","201101ZD30283",2,9,0,2,0,0,0,4,0,0,2,1,6,2,9,1999,1,9,6,1
"416051","201101ZD30283",3,9,0,2,0,0,0,0,0,0,2,1,6,3,-1,-1,-1,-1,-1,-1
"416061","201101ZD30284",1,9,0,9,0,8,0,0,0,0,4,1,2,1,6,1242,1,7,4,1
"416071","201101ZD30284",2,9,0,18,0,8,1,0,0,0,1,1,6,2,5,1598,1,6,7,1
"416081","201101ZD30284",3,9,0,10,0,1,0,0,0,0,3,1,6,1,10,-1,-1,-1,9,1
"416091","201101ZD30286",1,9,0,2,0,2,0,0,0,0,2,1,6,2,8,1149,1,11,4,1
"416101","201101ZD30286",2,9,0,5,0,2,0,4,0,0,1,1,6,1,-1,1997,2,7,-1,-1
"416111","201101ZD30287",1,9,0,9,0,8,0,0,0,0,1,1,6,2,8,1596,1,4,5,1
"416121","201101ZD30287",2,9,0,1,0,8,0,0,0,0,2,1,6,1,-1,-1,-1,-1,-1,-1
"416131","201101ZD30288",1,19,0,5,0,8,0,0,0,0,1,1,1,1,5,1753,2,3,3,1
"416141","201101ZD30288",2,5,0,18,0,8,1,4,0,0,4,1,6,1,7,1137,1,10,3,1
"416151","201101ZD30288",3,9,0,2,0,8,0,0,0,0,1,1,6,3,-1,1595,1,10,-1,-1
"416161","201101ZD30289",1,11,0,3,0,1,0,0,0,0,0,1,1,1,7,-1,-1,-1,5,1
"416191","201101ZD30291",1,9,0,9,0,6,0,0,0,0,3,1,6,2,6,1229,1,4,10,1
"416201","201101ZD30292",1,9,0,1,0,6,0,0,0,0,2,1,6,1,8,1598,1,9,3,1
"416211","201101ZD30292",2,1,0,5,0,8,0,0,0,0,3,1,6,1,-1,-1,-1,-1,3,1
"416221","201101ZD30293",1,8,0,9,0,5,0,0,0,0,1,1,6,1,5,1997,2,6,4,1
"416231","201101ZD30293",2,9,0,18,0,8,0,0,0,0,1,1,2,2,9,1124,1,12,-1,-1
"416241","201101ZD30294",1,9,0,18,0,0,0,0,0,0,1,1,3,2,6,1598,1,8,2,1
"416251","201101ZD30294",2,9,0,18,0,0,0,0,0,0,3,1,3,2,7,1997,2,9,6,1
"416261","201101ZD30295",1,9,0,7,0,2,0,0,0,0,3,1,6,2,7,1386,1,7,10,1
"416271","201101ZD30295",2,9,0,18,0,2,0,0,0,0,1,1,6,1,-1,1994,2,9,1,1
"416281","201101ZD30296",1,11,0,4,0,1,0,0,0,0,4,1,1,1,8,9200,2,8,6,1
"416291","201101ZD30296",2,9,0,12,0,1,0,0,0,0,3,1,1,2,6,2497,1,9,-1,-1
"416301","201101ZD30297",1,9,0,6,0,0,0,0,0,0,3,1,6,2,4,1198,1,9,-1,-1
"416311","201101ZD30297",2,11,0,18,0,0,0,0,6,6,4,1,1,1,6,-1,2,2,-1,-1
"416321","201101ZD30298",1,5,0,4,0,8,1,0,0,0,0,1,1,1,5,599,1,8,6,1
"416331","201101ZD30298",2,9,0,5,0,8,0,0,0,0,0,1,3,2,-1,1996,1,13,-1,-1
"416341","201101ZD30299",1,9,0,18,0,8,0,0,0,0,1,1,6,2,4,1386,1,8,8,1
"416351","201101ZD30299",2,1,0,9,0,8,0,0,0,0,1,1,6,1,6,-1,-1,-1,2,1
"416361","201101ZD30300",1,21,0,9,0,5,0,0,0,0,1,1,1,1,8,6692,2,3,1,1
"416371","201101ZD30301",1,9,0,18,0,1,0,0,0,0,1,1,6,1,9,2720,2,7,7,1
"416381","201101ZD30302",1,9,0,18,0,0,0,0,0,0,3,1,6,1,8,-1,-1,-1,7,1
"416391","201101ZD30303",1,9,0,18,0,6,0,0,0,0,4,1,6,1,6,2993,2,2,2,1
"416401","201101ZD30303",2,9,0,5,0,6,0,0,0,0,1,1,6,2,10,3192,1,4,7,1
"416411","201101ZD30304",1,9,0,9,0,6,0,0,0,0,1,1,1,1,-1,1991,2,2,-1,-1
"416421","201101ZD30304",2,1,0,18,0,8,0,0,0,0,4,1,1,1,7,-1,-1,-1,4,1
"416431","201101ZD30306",1,1,0,4,0,8,0,0,0,0,1,1,6,2,4,-1,-1,-1,-1,-1
"416441","201101ZD30306",2,9,0,18,0,8,0,0,0,0,1,1,6,1,6,2979,1,8,4,1
"416451","201101ZD30308",1,9,0,3,0,0,0,0,0,0,2,1,6,2,6,2792,1,6,2,1
"416461","201101ZD30308",2,9,0,18,0,0,0,0,0,0,2,1,6,2,6,1598,1,7,1,1
"416471","201101ZD30308",3,9,0,18,0,0,0,0,0,0,1,1,6,2,6,998,1,12,7,1
"416481","201101ZD30310",1,11,0,18,0,8,0,0,0,0,4,1,1,1,9,-1,-1,-1,8,1
"416491","201101ZD30310",2,19,0,18,0,8,0,0,0,0,3,1,6,1,6,1870,2,5,-1,-1
"416501","201101ZD30311",1,9,0,7,0,5,0,0,0,0,4,1,6,2,8,1368,1,3,9,1
"416511","201101ZD30311",2,4,0,18,0,8,0,7,0,0,1,1,6,1,6,124,1,6,5,1
"416521","201101ZD30312",1,1,0,17,0,8,0,0,0,0,3,1,2,1,7,-1,-1,-1,3,1
"416531","201101ZD30312",2,9,0,17,0,8,0,0,0,0,4,1,2,1,7,1598,1,8,7,1
"416541","201101ZD30313",1,11,0,4,0,1,0,0,0,0,0,1,1,1,8,7300,2,8,6,1
"416551","201101ZD30314",1,9,0,18,0,0,0,0,0,0,1,1,6,2,7,1124,1,10,9,1
"416561","201101ZD30315",1,9,0,18,0,8,0,10,1,2,1,1,6,1,5,1997,2,7,4,1
"416571","201101ZD30315",2,9,0,9,0,5,0,0,0,0,1,1,6,2,7,2401,2,7,9,1
"416581","201101ZD30316",1,9,0,18,0,8,1,10,7,2,1,1,2,2,7,1400,1,11,2,1
"416591","201101ZD30317",1,5,0,18,0,0,0,4,0,0,1,1,1,1,7,636,1,9,2,1
"416601","201101ZD30317",2,9,0,2,0,0,0,0,0,0,3,1,6,3,-1,1390,1,14,-1,-1
"416611","201101ZD30318",1,9,0,4,0,8,0,0,0,0,4,1,6,1,6,1598,1,-1,3,1
"416621","201101ZD30318",2,19,0,2,0,8,0,10,0,0,4,1,6,1,8,1753,2,8,-1,-1
"416631","201101ZD30319",1,19,0,18,0,6,0,0,0,0,3,1,1,1,6,1753,2,4,9,1
"416641","201101ZD30319",2,1,0,18,0,8,0,0,0,0,1,1,6,1,8,-1,-1,-1,3,1
"416651","201101ZD30321",1,9,0,18,0,0,0,0,0,0,1,1,6,2,8,4966,1,8,9,1
"416661","201101ZD30322",1,9,0,7,0,5,0,0,0,0,4,1,6,1,6,1850,1,12,2,1
"416671","201101ZD30323",1,9,0,5,0,8,0,0,0,0,1,1,1,2,7,1968,2,-1,6,1
"416681","201101ZD30323",2,5,0,18,0,8,0,0,0,0,4,1,1,1,7,125,1,-1,5,1
"416691","201101ZD30324",1,9,0,7,0,8,0,0,0,0,4,1,6,1,6,1597,1,15,8,1
"416701","201101ZD30324",2,9,0,18,0,8,0,0,0,0,1,1,6,2,5,1360,1,7,5,1
"416711","201101ZD30325",1,9,0,8,0,1,0,0,0,0,2,1,6,2,7,1396,1,7,9,1
"416721","201101ZD30325",2,19,0,18,0,1,0,0,0,0,1,1,1,1,8,1968,2,1,5,1
"416731","201101ZD30326",1,9,0,3,0,0,0,0,0,0,2,1,6,1,9,1799,1,11,8,1
"416741","201101ZD30326",2,9,0,18,0,0,0,0,0,0,1,1,6,1,-1,1597,1,18,-1,-1
"416751","201101ZD30328",1,9,0,4,0,2,0,0,0,0,2,1,6,1,7,3000,1,13,-1,-1
"416761","201101ZD30328",2,9,0,4,0,2,0,0,0,0,1,1,6,1,6,1396,1,15,-1,-1
"416771","201101ZD30329",1,9,0,5,0,1,0,0,0,0,2,1,2,2,9,-1,-1,-1,6,1
"416781","201101ZD30329",2,9,0,5,0,1,0,0,0,0,1,1,6,2,5,1598,1,1,9,1
"416791","201101ZD30331",1,8,0,9,0,8,0,0,0,0,3,1,6,1,5,1390,1,5,4,1
"416801","201101ZD30332",1,9,0,10,0,1,0,0,0,0,2,1,6,2,5,1149,1,8,6,1
"416811","201101ZD30332",2,9,0,18,0,1,0,0,0,0,1,1,6,1,-1,1997,1,10,-1,-1
"416821","201101ZD30333",1,11,0,4,0,1,0,0,0,0,0,1,1,1,8,-1,2,11,-1,-1
"416831","201101ZD30334",1,9,0,10,0,8,0,0,0,0,3,1,6,2,6,1390,1,3,4,1
"416841","201101ZD30334",2,9,0,7,0,8,0,0,0,0,3,1,6,1,-1,-1,-1,-1,-1,-1
"416851","201101ZD30335",1,9,0,9,0,5,0,0,0,0,4,1,2,1,5,1679,1,11,4,1
"416861","201101ZD30335",2,1,0,5,0,8,0,0,0,0,1,1,6,1,8,-1,-1,-1,4,1
"416871","201101ZD30336",1,9,0,4,0,0,0,0,0,0,4,1,3,2,8,1598,1,11,4,1
"416881","201101ZD30337",1,9,0,7,0,8,0,0,0,0,3,1,6,1,5,-1,-1,-1,1,1
"416891","201101ZD30337",2,9,0,18,0,8,0,0,0,0,1,1,6,1,6,-1,-1,-1,1,1
"416901","201101ZD30338",1,9,0,18,0,8,0,0,0,0,1,1,6,1,7,2987,2,4,9,2