"","Acc_Index","Vehicle_Reference","Vehicle_Type","Towing_and_Articulation","Vehicle_Manoeuvre","Vehicle_Location.Restricted_Lane","Junction_Location","Skidding_and_Overturning","Hit_Object_in_Carriageway","Vehicle_Leaving_Carriageway","Hit_Object_off_Carriageway","X1st_Point_of_Impact","Was_Vehicle_Left_Hand_Drive","Journey_Purpose_of_Driver","Sex_of_Driver","Age_Band_of_Driver","Engine_Capacity_.CC.","Propulsion_Code","Age_of_Vehicle","Driver_IMD_Decile","Driver_Home_Area_Type"
"416911","201101ZD30338",2,1,0,5,0,8,0,0,0,0,4,1,6,1,4,-1,-1,-1,3,1
"416921","201101ZD30339",1,9,0,14,0,0,0,0,0,0,4,1,6,1,9,1600,1,7,-1,-1
"416931","201101ZD30340",1,8,0,9,0,5,0,0,0,0,3,1,6,1,7,2402,2,9,9,1
"416941","201101ZD30340",2,5,0,13,0,8,0,0,0,0,1,1,6,1,7,1130,1,10,9,2
"416951","201101ZD30341",1,9,0,18,0,8,0,0,1,7,3,1,6,1,-1,1587,1,5,5,1
"416961","201101ZD30341",2,9,0,9,0,5,0,0,0,0,1,1,6,2,9,1400,1,4,6,2
"416971","201101ZD30342",1,9,0,4,0,0,1,0,0,0,1,1,6,2,5,1595,1,14,6,1
"416981","201101ZD30342",2,9,0,17,0,0,0,0,0,0,3,1,6,1,4,1149,1,9,4,1
"416991","201101ZD30343",1,3,0,4,0,1,0,0,0,0,1,1,6,1,7,659,1,2,6,1
"417001","201101ZD30343",2,9,0,4,0,1,0,0,0,0,2,1,6,2,-1,-1,-1,-1,8,1
"417011","201101ZD30344",1,9,0,18,0,0,0,0,0,0,3,1,6,1,6,1781,1,5,5,1
"41702","201101ZD30344",2,9,0,18,0,0,0,0,0,0,3,1,6,1,6,1984,1,2,2,1
"417031","201101ZD30345",1,9,0,4,0,1,0,0,0,0,2,1,6,2,7,1598,1,4,9,1
"417041","201101ZD30345",2,9,0,18,0,1,0,0,0,0,1,1,6,1,6,1596,1,12,6,1
"417051","201101ZD30346",1,9,0,10,0,8,0,0,0,0,3,1,1,2,8,1587,1,8,2,1
"417061","201101ZD30346",2,9,0,14,0,8,0,0,0,0,4,1,6,1,-1,973,1,9,2,1
"417071","201101ZD30347",1,9,0,3,0,8,0,0,0,0,2,1,6,1,6,1388,1,12,-1,-1
"417081","201101ZD30347",2,9,0,18,0,8,0,0,0,0,1,1,6,1,-1,-1,-1,-1,-1,-1
"417091","201101ZD30348",1,9,0,18,0,8,0,0,0,0,1,1,2,1,9,2295,1,11,10,1
"417101","201101ZD30348",2,9,0,9,0,6,0,0,0,0,3,1,6,2,8,1398,1,8,-1,-1
"417111","201101ZD30349",1,9,0,8,0,1,0,0,0,0,2,1,6,1,8,998,1,13,4,1
"417121","201101ZD30349",2,9,0,18,0,1,0,0,0,0,1,1,6,2,-1,-1,-1,-1,-1,-1
"417131","201101ZD30350",1,9,0,18,0,8,0,0,0,0,4,1,2,2,8,1599,1,2,6,1
"417141","201101ZD30350",2,9,0,5,0,6,0,0,0,0,1,1,6,2,-1,1951,2,8,9,1
"417151","201101ZD30351",1,11,0,9,0,6,0,0,0,0,3,1,1,1,9,4500,2,3,3,1
"417161","201101ZD30351",2,5,0,13,0,6,0,0,0,0,1,1,6,1,-1,749,1,14,-1,-1
"417171","201101ZD30352",1,9,0,18,0,0,0,0,0,0,4,1,6,2,8,2362,1,8,4,1
"417181","201101ZD30353",1,9,0,3,0,2,0,0,0,0,2,1,6,1,9,1364,1,5,8,1
"417191","201101ZD30353",2,9,0,3,0,2,0,0,0,0,2,1,6,2,7,1587,1,8,7,1
"417201","201101ZD30353",3,9,0,18,0,2,0,0,0,0,1,1,6,1,9,1596,1,3,2,1
"417211","201101ZD30354",1,9,0,6,0,0,0,0,0,0,3,1,6,1,4,1364,1,2,4,1
"417221","201101ZD30354",2,9,0,18,0,0,0,0,0,0,1,1,6,1,-1,1910,2,7,-1,-1
"417231","201101ZD30355",1,9,0,9,0,6,0,0,0,0,1,1,6,1,6,3199,1,12,9,1
"417241","201101ZD30355",2,9,0,18,0,8,0,0,7,10,1,1,6,1,11,1392,1,15,4,1
"417251","201101ZD30356",1,9,0,18,0,8,0,0,0,0,1,1,6,2,7,1599,1,7,4,1
"417261","201101ZD30356",2,9,0,9,0,8,0,0,0,0,3,1,6,1,7,2993,2,3,5,1
"417271","201101ZD30357",1,9,0,4,0,8,1,0,1,2,1,1,6,1,4,1124,1,14,5,1
"417281","201101ZD30358",1,9,0,1,0,2,0,0,0,0,2,1,6,1,-1,1598,1,9,-1,-1
"417291","201101ZD30361",1,9,0,17,0,8,0,0,0,0,4,1,2,2,5,1242,1,1,8,1
"417301","201101ZD30361",2,9,0,7,0,8,0,0,0,0,1,1,6,1,-1,1951,2,8,3,1
"417311","201101ZD30362",1,9,0,3,0,1,0,0,0,0,2,1,2,2,5,1396,1,2,2,1
"417321","201101ZD30362",2,9,0,18,0,1,0,0,0,0,1,1,6,2,-1,1086,1,7,4,1
"417331","201101ZD30363",1,9,0,5,0,1,0,0,0,0,1,1,6,2,5,1149,1,2,5,1
"417341","201101ZD30363",2,9,0,3,0,1,0,0,0,0,2,1,6,1,8,1991,1,14,-1,-1
"417351","201101ZD30364",1,9,0,18,0,6,0,0,0,0,4,1,6,1,8,1597,1,15,3,1
"417361","201101ZD30364",2,3,0,18,0,6,0,0,0,0,1,1,6,1,4,124,1,2,-1,-1
"417371","201101ZD30365",1,9,0,7,0,5,0,10,0,0,2,1,6,1,10,-1,-1,-1,-1,-1
"417381","201101ZD30365",2,19,0,18,0,8,0,0,0,0,1,1,2,1,-1,1997,2,6,2,1
"417391","201101ZD30366",1,9,0,5,0,8,0,0,0,0,1,1,6,2,8,1596,1,12,5,1
"417401","201101ZD30366",2,8,0,18,0,8,1,0,0,0,1,1,6,1,-1,1796,1,9,-1,-1
"417411","201101ZD30366",3,9,0,3,0,8,0,0,0,0,3,1,6,1,5,1598,1,2,5,1
"417421","201101ZD30367",1,9,0,5,0,1,0,0,0,0,1,1,6,2,5,998,1,11,5,1
"417431","201101ZD30368",1,9,0,9,0,2,5,4,0,0,1,1,6,1,4,1400,1,11,5,1
"417441","201101ZD30368",2,19,0,2,0,2,0,0,0,0,4,1,6,3,-1,2198,2,-1,-1,-1
"417451","201101ZD30368",3,9,0,2,0,2,0,0,0,0,4,1,6,3,-1,3996,1,13,-1,-1
"417461","201101ZD30368",4,9,0,2,0,2,0,0,0,0,3,1,6,3,-1,2493,1,9,-1,-1
"417471","201101ZD30369",1,9,0,9,0,6,0,0,0,0,1,1,2,1,6,1997,1,10,4,1
"417481","201101ZD30370",1,9,0,9,0,5,0,0,0,0,1,1,6,2,6,1388,1,11,-1,-1
"417491","201101ZD30370",2,4,0,18,0,8,0,0,0,0,1,1,6,1,8,498,1,5,3,1
"417501","201101ZD30371",1,9,0,4,0,0,1,0,1,10,3,1,3,2,6,-1,-1,-1,8,1
"417511","201101ZD30373",1,9,0,18,0,2,0,4,0,0,1,1,6,1,11,1149,1,4,4,1
"417521","201101ZD30373",2,9,0,18,0,1,0,0,0,0,1,1,6,1,-1,-1,-1,-1,4,1
"417531","201101ZD30373",3,9,0,2,0,2,0,0,0,0,4,1,6,3,-1,-1,-1,-1,-1,-1
"417541","201101ZD30374",1,9,0,5,0,1,0,0,0,0,1,1,6,1,9,1797,8,-1,7,3
"417551","201101ZD30375",1,21,0,18,0,1,0,0,1,2,1,1,1,1,7,-1,2,12,-1,-1
"417561","201101ZD30375",2,20,0,3,0,1,0,0,0,0,2,1,1,1,9,5861,2,13,7,1
"417571","201101ZD30376",1,11,0,18,0,8,0,0,0,0,3,1,6,2,7,7300,2,5,2,1
"417581","201101ZD30376",2,9,0,5,0,6,0,0,0,0,1,1,6,1,3,-1,-1,-1,-1,-1
"417591","201101ZD30377",1,1,0,14,0,8,0,0,0,0,1,1,2,1,6,-1,-1,-1,2,1
"417601","201101ZD30377",2,9,0,9,0,6,0,0,0,0,1,1,2,2,6,1388,1,2,2,1
"417611","201101ZD30378",1,9,0,4,0,2,0,0,0,0,1,1,6,2,8,1229,1,3,4,1
"417621","201101ZD30380",1,9,0,6,0,0,0,0,0,0,3,1,6,1,6,999,1,11,-1,-1
"417631","201101ZD30380",2,3,0,14,0,0,0,4,7,0,4,1,6,1,7,125,1,3,3,1
"417641","201101ZD30380",3,9,0,2,0,0,0,0,0,0,2,1,6,3,-1,1598,1,9,-1,-1
"417651","201101ZD30382",1,1,0,18,4,8,0,0,0,0,3,1,1,1,8,-1,-1,-1,5,1
"417661","201101ZD30382",2,9,0,7,0,5,0,0,0,0,4,1,6,2,-1,1796,1,10,2,1
"417671","201101ZD30383",1,5,0,4,0,1,0,0,0,0,2,1,2,1,7,-1,-1,-1,-1,-1
"417681","201101ZD30383",2,9,0,18,0,1,0,0,0,0,1,1,6,2,-1,1600,1,12,2,1
"417691","201101ZD30384",1,9,0,14,0,0,0,0,0,0,3,1,6,1,-1,-1,-1,-1,-1,-1
"417701","201101ZD30384",2,3,0,18,0,0,0,0,0,0,4,1,6,1,7,954,1,8,6,1
"417711","201101ZD30384",3,9,0,3,0,0,0,0,0,0,0,1,6,2,-1,1242,1,1,-1,-1
"417721","201101ZD30385",1,3,0,4,2,8,0,0,0,0,1,1,1,1,6,108,1,2,6,1
"417731","201101ZD30385",2,9,0,7,0,5,0,0,0,0,4,1,6,2,10,3996,1,9,-1,-1
"417741","201101ZD30386",1,9,0,3,0,1,0,0,0,0,2,1,6,1,7,1598,1,9,2,1
"417751","201101ZD30386",2,9,0,18,0,1,0,0,0,0,1,1,6,1,-1,998,1,11,-1,-1
"417761","201101ZD30387",1,9,0,9,0,5,0,0,0,0,1,1,6,2,5,1299,1,9,5,1
"417771","201101ZD30387",2,5,0,4,2,8,0,0,0,0,3,1,6,1,6,-1,-1,-1,2,1
"417781","201101ZD30388",1,9,0,18,0,0,0,0,0,0,3,1,6,1,8,1360,1,6,4,1
"417791","201101ZD30389",1,5,0,4,0,0,1,0,0,0,0,1,6,1,6,600,1,14,4,1
"417801","201101ZD30389",2,9,0,5,0,0,0,0,0,0,0,1,6,1,6,1996,1,17,5,1
"417811","201101ZD30390",1,9,0,18,0,8,0,0,0,0,4,1,6,1,6,1597,1,16,8,1
"417821","201101ZD30390",2,1,0,18,0,6,0,0,0,0,1,1,6,1,3,-1,-1,-1,8,3
"417831","201101ZD30391",1,9,0,9,0,0,0,0,0,0,1,1,6,2,4,1000,1,11,5,1
"417841","201101ZD30391",2,9,0,2,0,0,0,0,0,0,2,1,6,3,-1,1970,1,12,-1,-1
"417851","201101ZD30392",1,9,0,11,0,2,0,0,0,0,4,1,1,1,6,1242,1,14,7,1
"417861","201101ZD30392",2,4,0,18,0,2,0,0,1,4,1,1,1,1,-1,675,1,5,8,1
"417871","201101ZD30393",1,2,0,7,0,8,0,0,0,0,0,1,2,1,6,49,1,6,-1,-1
"417881","201101ZD30394",1,9,0,7,0,6,0,0,0,0,3,1,6,1,7,2776,2,5,7,1
"417891","201101ZD30394",2,9,0,18,0,8,0,0,0,0,4,1,6,2,-1,-1,-1,-1,9,1
"417901","201101ZD30395",1,11,0,4,0,1,0,0,0,0,0,1,1,1,6,4500,2,2,2,1
"417911","201101ZD30396",1,9,0,1,0,0,0,0,0,0,2,1,1,1,7,2148,2,9,5,1
"417921","201101ZD30397",1,9,0,18,0,8,0,0,0,0,4,1,2,1,5,-1,-1,-1,6,1
"417931","201101ZD30397",2,9,0,5,0,6,0,0,0,0,1,1,2,1,7,1990,1,17,4,1
"417941","201101ZD30398",1,9,0,18,0,8,0,0,0,0,4,1,6,2,6,-1,-1,-1,8,1
"417951","201101ZD30398",2,9,0,7,0,6,0,0,0,0,1,1,6,3,-1,1390,1,19,-1,-1
"417961","201101ZD30399",1,4,0,3,0,0,0,0,0,0,2,1,6,1,9,749,1,20,-1,-1
"417971","201101ZD30399",2,9,0,4,0,0,0,0,0,0,1,1,6,2,7,1796,1,11,-1,-1
"417981","201101ZD30400",1,9,0,18,0,1,0,0,0,0,1,1,6,1,-1,-1,-1,-1,-1,-1
"417991","201101ZD30401",1,9,0,4,0,1,1,0,0,0,1,1,6,1,7,-1,-1,-1,-1,-1
"418001","201101ZD30401",2,9,0,3,0,1,1,0,0,0,2,1,6,1,7,1997,2,10,10,1
"418011","201101ZD30401",3,9,0,4,0,1,0,0,0,0,2,1,6,2,-1,1596,1,9,-1,-1
"418021","201101ZD30402",1,9,0,18,0,0,0,0,0,0,4,1,6,1,11,1769,1,7,2,1
"418031","201101ZD30403",1,1,0,18,0,8,0,0,0,0,1,1,1,1,6,-1,-1,-1,5,3
"418041","201101ZD30403",2,9,0,18,0,8,0,0,0,0,4,1,1,2,8,1997,1,15,8,1
"418051","201101ZD30404",1,9,0,9,0,6,0,0,0,0,1,1,6,1,7,-1,-1,-1,7,1
"418061","201101ZD30404",2,2,0,14,0,8,0,0,0,0,4,1,2,1,7,124,1,6,3,1
"418071","201101ZD30408",1,19,0,4,0,8,0,0,0,0,3,1,1,1,6,1998,2,8,5,1
"418081","201101ZD30408",2,1,0,18,0,6,0,0,0,0,1,1,6,1,4,-1,-1,-1,3,1
"418091","201101ZD30409",1,9,0,4,0,1,0,0,0,0,4,1,6,1,-1,3200,2,-1,2,1
"418101","201101ZD30410",1,9,0,18,0,0,0,0,0,0,4,1,6,2,8,-1,-1,-1,-1,-1
"418111","201101ZD30410",2,9,0,18,0,0,0,0,0,0,1,1,6,1,-1,-1,-1,-1,-1,-1
"418121","201101ZD30410",3,9,4,12,0,0,0,0,0,0,3,1,6,1,-1,1495,1,16,-1,-1
"418131","201101ZD30411",1,9,0,3,0,8,0,0,0,0,2,1,6,1,6,1973,1,13,4,1
"418141","201101ZD30411",2,9,0,14,0,8,0,0,0,0,1,1,6,1,-1,-1,-1,-1,-1,-1
"418151","201101ZD30413",1,9,0,3,0,2,0,0,0,0,2,1,6,1,4,1149,1,13,3,1
"418161","201101ZD30413",2,9,0,7,0,2,0,0,0,0,1,1,6,1,-1,1497,1,8,-1,-1
"418171","201101ZD30414",1,9,0,4,0,0,1,0,0,0,1,1,6,2,5,1299,1,9,-1,-1
"418181","201101ZD30414",2,9,0,3,0,0,0,0,0,0,2,1,6,1,11,1598,1,4,-1,-1
"418191","201101ZD30415",1,9,0,5,2,6,0,0,0,0,4,1,6,1,-1,1986,1,22,6,1
"418201","201101ZD30415",2,1,0,18,2,8,0,0,0,0,1,1,6,1,7,-1,-1,-1,-1,-1
"418211","201101ZD30417",1,9,0,18,9,8,0,4,7,10,1,1,6,1,4,1149,1,7,8,1
"418221","201101ZD30417",2,9,0,2,9,8,0,0,0,0,1,1,6,3,-1,1560,2,3,-1,-1
"418231","201101ZD30417",3,9,0,2,9,8,0,0,0,0,1,1,6,3,-1,1999,1,4,-1,-1
"418241","201101ZD30417",4,9,0,2,9,8,0,0,0,0,1,1,6,3,-1,1590,1,3,-1,-1
"418251","201101ZD30417",5,9,0,2,9,8,0,0,0,0,2,1,6,3,-1,1086,1,3,-1,-1
"418261","201101ZD30417",6,9,0,2,9,8,0,0,0,0,2,1,6,3,-1,1598,1,6,-1,-1
"418271","201101ZD30417",7,9,0,2,9,8,0,0,0,0,2,1,6,3,-1,1598,1,7,-1,-1
"418281","201101ZD30420",1,9,0,3,0,0,0,0,0,0,4,1,6,2,6,1598,2,-1,-1,-1
"418291","201101ZD30420",2,1,0,18,4,0,0,0,0,0,1,1,6,2,6,-1,-1,-1,3,1
"418301","201101ZD30421",1,9,0,3,0,1,0,0,0,0,2,1,6,2,5,1242,1,3,9,1
"418311","201101ZD30421",2,9,0,18,0,1,0,0,0,0,1,1,6,1,-1,1850,1,11,-1,-1
"418321","201101ZD30422",1,9,0,4,0,0,5,0,6,6,1,1,6,2,4,1242,1,3,-1,-1
"418331","201101ZD30423",1,9,0,9,0,5,0,0,0,0,2,1,6,2,8,1339,1,4,3,1
"418341","201101ZD30423",2,9,0,4,0,8,1,0,0,0,1,1,6,1,7,998,1,12,4,1
"418351","201101ZD30424",1,9,0,18,0,1,0,0,0,0,1,1,6,1,4,1229,1,6,9,1
"418361","201101ZD30424",2,9,0,3,0,1,0,0,0,0,2,1,6,2,9,2996,1,4,-1,-1
"418371","201101ZD30425",1,9,0,4,0,8,0,0,0,0,1,1,6,2,5,1598,1,2,3,1
"418381","201101ZD30425",2,9,0,9,0,8,0,0,0,0,1,1,6,1,5,1390,1,6,5,1
"418391","201101ZD30426",1,90,0,4,0,2,2,10,0,0,4,1,6,1,7,-1,-1,-1,-1,-1
"418401","201101ZD30427",1,9,0,3,0,1,0,0,0,0,2,1,6,2,5,1149,1,8,-1,1
"418411","201101ZD30427",2,19,0,4,0,1,0,0,0,0,1,1,6,1,-1,2198,2,4,-1,-1
"418421","201101ZD30428",1,9,0,10,0,1,0,0,0,0,2,1,6,1,6,1799,1,2,6,1
"418431","201101ZD30428",2,9,0,4,0,1,1,0,0,0,1,1,6,1,7,1997,1,13,4,1
"418441","201101ZD30429",1,9,0,18,0,8,0,0,0,0,4,1,1,1,7,1299,1,9,2,1
"418451","201101ZD30429",2,9,0,1,0,5,0,0,0,0,2,1,6,1,7,1998,1,16,3,1
"418461","201101ZD30430",1,5,0,4,0,8,0,0,0,0,2,1,6,1,8,865,1,2,-1,-1
"418471","201101ZD30430",2,19,0,9,0,5,0,0,0,0,1,1,6,1,6,2198,2,1,9,1
"418481","201101ZD30431",1,9,0,18,0,2,0,4,0,0,1,1,6,2,8,1493,2,5,4,1
"418491","201101ZD30431",2,9,0,2,0,2,0,4,0,0,2,1,6,3,-1,-1,-1,-1,-1,-1
"418501","201101ZD30431",3,8,0,2,0,2,0,4,0,0,2,1,6,1,8,1796,1,9,4,1
"418511","201101ZD30432",1,11,0,3,0,1,0,0,0,0,4,1,1,1,-1,-1,-1,-1,-1,-1
"418521","201101ZD30433",1,9,0,1,0,8,0,4,0,0,3,1,6,1,10,1242,1,14,2,1
"418531","201101ZD30433",2,9,0,2,0,8,0,10,0,0,1,1,1,2,-1,-1,-1,-1,-1,-1
"418541","201101ZD30434",1,9,0,18,0,0,1,0,0,0,1,1,6,1,6,1597,1,11,4,1
"418551","201101ZD30435",1,9,0,7,0,1,0,0,0,0,4,1,6,1,6,2497,1,2,3,1
"418561","201101ZD30435",2,4,0,18,2,1,0,0,1,0,3,1,1,1,9,499,1,4,3,1
"418571","201101ZD30436",1,9,0,1,0,2,0,0,0,0,2,1,6,3,-1,1598,1,12,-1,-1
"418581","201101ZD30438",1,9,0,18,0,8,0,0,0,0,3,1,6,3,-1,-1,-1,-1,-1,-1
"418591","201101ZD30438",2,1,0,18,0,6,0,0,0,0,1,1,6,1,4,-1,-1,-1,8,1
"418601","201101ZD30439",1,9,0,18,0,8,0,0,0,0,3,1,6,2,4,1339,1,7,3,1
"418611","201101ZD30439",2,9,0,11,0,8,0,0,0,0,4,1,6,1,5,1149,1,3,2,1
"418621","201101ZD30440",1,9,0,10,0,1,0,0,0,0,2,1,6,1,7,1796,1,6,7,1
"418631","201101ZD30440",2,9,0,18,0,1,0,0,0,0,1,1,6,1,5,1389,1,10,8,1
"418641","201101ZD30441",1,9,0,7,0,5,0,0,0,0,2,1,2,2,5,998,1,2,4,1
"418651","201101ZD30441",2,1,0,18,4,8,0,0,0,0,1,1,6,1,5,-1,-1,-1,7,1
"418661","201101ZD30442",1,9,0,3,0,1,0,0,0,0,2,1,6,2,9,1581,1,12,8,1
"418671","201101ZD30442",2,9,0,18,0,1,0,0,0,0,1,1,6,2,9,2799,1,16,7,1
"418681","201101ZD30443",1,9,0,1,0,0,0,0,0,0,2,1,6,2,8,1796,1,9,-1,-1
"418691","201101ZD30443",2,9,0,6,0,0,0,0,0,0,3,1,6,2,7,1600,1,13,3,1
"418701","201101ZD30444",1,9,0,18,0,0,0,7,7,2,1,1,1,1,7,1796,1,10,4,1
"418711","201101ZD30445",1,9,0,4,0,1,0,0,0,0,2,1,6,1,6,1796,1,9,3,1
"418721","201101ZD30445",2,9,0,18,0,1,0,0,0,0,1,1,6,1,10,1390,1,7,5,1
"418731","201101ZD30446",1,9,0,18,0,1,0,0,0,0,1,1,6,1,6,-1,-1,-1,8,1
"418741","201101ZD30446",2,9,0,4,0,1,0,0,0,0,2,1,6,2,7,1998,1,4,1,1
"418751","201101ZD30448",1,9,0,16,0,1,0,10,7,2,1,1,6,1,5,1781,1,12,1,1
"418761","201101ZD30450",1,9,0,18,0,0,0,4,0,0,1,1,6,1,10,1895,1,12,5,1
"418771","201101ZD30450",2,9,0,18,0,0,0,4,0,0,4,1,6,1,-1,1781,1,9,-1,-1
"418781","201101ZD30450",3,8,0,2,0,0,0,4,0,0,4,1,6,3,-1,-1,-1,-1,-1,-1
"418791","201101ZD30450",4,9,0,2,0,0,0,4,0,0,3,1,6,3,-1,2088,2,14,-1,-1
"418801","201101ZD30450",5,9,0,2,0,0,0,0,0,0,3,1,6,3,-1,1296,1,4,-1,-1
"418811","201101ZD30450",6,19,0,2,0,0,0,0,0,0,3,1,6,3,-1,2151,2,7,-1,-1
"418821","201101ZD30450",7,9,0,3,0,0,0,0,0,0,3,1,6,1,6,3189,1,7,6,1
"418831","201101ZD30451",1,9,0,18,0,0,0,0,0,0,1,1,6,1,4,1339,1,3,-1,-1
"418841","201101ZD30451",2,9,0,3,0,0,0,0,0,0,2,1,6,1,10,2198,1,3,8,1
"418851","201101ZD30451",3,9,0,3,0,0,0,0,0,0,2,1,6,1,5,1596,1,10,9,1
"418861","201101ZD30451",4,9,0,3,0,0,0,0,0,0,2,1,6,2,7,1560,2,1,5,1
"418871","201101ZD30452",1,9,0,18,0,1,0,4,0,0,1,1,6,1,7,2902,2,10,-1,-1
"418881","201101ZD30452",2,9,0,2,0,1,0,0,0,0,2,1,6,1,6,2926,2,9,6,1
"418891","201101ZD30453",1,9,0,18,0,8,1,10,7,10,3,1,1,1,5,-1,-1,-1,-1,-1
"418901","201101ZD30453",2,9,0,18,0,8,0,0,0,0,1,1,6,1,-1,1796,1,8,-1,-1
"418911","201101ZD30454",1,9,0,5,0,8,0,0,0,0,3,1,6,1,11,954,1,16,-1,-1
"418921","201101ZD30454",2,9,0,5,0,8,0,0,0,0,1,1,6,2,8,1461,2,6,4,1
"418931","201101ZD30455",1,19,0,4,0,8,0,0,0,0,4,1,1,1,7,4461,2,3,4,1
"418941","201101ZD30455",2,19,0,18,0,8,0,0,0,0,1,1,1,1,8,2874,2,12,4,1
"418951","201101ZD30456",1,18,0,13,4,2,0,0,0,0,4,1,6,3,-1,-1,-1,-1,-1,-1
"418961","201101ZD30456",2,1,0,18,4,2,0,0,0,0,3,1,6,1,6,-1,-1,-1,4,1
"418971","201101ZD30457",1,9,0,4,0,0,0,0,0,0,1,1,6,1,6,1769,1,12,6,1
"418981","201101ZD30457",2,9,0,4,0,0,0,0,0,0,2,1,6,1,5,1600,1,11,2,1
"418991","201101ZD30458",1,9,0,7,0,5,0,10,1,10,1,1,6,1,4,1900,2,5,3,1
"419001","201101ZD30459",1,9,0,18,0,0,0,0,0,0,3,1,6,2,9,1769,1,9,4,1
"419011","201101ZD30459",2,8,0,18,0,0,0,0,0,0,3,1,6,1,8,1991,1,12,2,1
"419021","201101ZD30461",1,9,0,18,0,1,0,0,0,0,4,1,6,2,5,1598,1,1,9,1
"419031","201101ZD30462",1,9,0,5,0,8,0,0,0,0,1,1,6,1,-1,1995,1,7,-1,-1
"419041","201101ZD30464",1,19,0,9,0,6,0,0,0,0,1,1,6,1,5,2198,2,5,4,1
"419051","201101ZD30464",2,9,0,18,0,8,0,0,0,0,1,1,6,1,5,1149,1,9,3,1
"419061","201101ZD30465",1,9,0,4,0,8,1,0,1,1,3,1,6,1,5,-1,-1,-1,10,1
"419071","201101ZD30465",2,9,0,5,0,8,0,0,1,10,1,1,6,1,7,1995,2,8,5,1
"419081","201101ZD30466",1,9,0,3,0,8,0,0,0,0,2,1,6,2,5,1679,1,10,9,1
"419091","201101ZD30466",2,9,0,17,0,8,0,0,0,0,1,1,6,1,6,-1,-1,-1,-1,-1
"419101","201101ZD30467",1,9,0,18,0,0,0,4,7,10,1,1,6,2,7,1998,2,2,3,1
"419111","201101ZD30467",2,9,0,3,0,0,0,0,0,0,3,1,6,1,10,1198,1,6,10,1
"419121","201101ZD30467",3,9,0,2,0,0,0,0,0,0,3,1,6,3,-1,4163,1,5,-1,-1
"419131","201101ZD30467",4,9,0,2,0,0,0,0,0,0,3,1,6,3,-1,1124,1,7,-1,-1
"419141","201101ZD30468",1,9,0,18,0,8,0,0,0,0,3,1,6,1,4,1753,2,3,3,1
"419151","201101ZD30468",2,9,0,18,0,8,0,0,0,0,3,1,6,2,6,1598,1,14,6,1
"419161","201101ZD30469",1,9,0,18,0,8,0,0,0,0,2,1,6,2,-1,1248,2,2,-1,-1
"419171","201101ZD30469",2,9,0,7,0,8,0,0,0,0,1,1,6,2,-1,1769,1,10,-1,-1
"419181","201101ZD30470",1,1,0,18,0,8,0,9,0,0,1,1,6,1,10,-1,-1,-1,8,1
"419191","201101ZD30470",2,9,0,7,0,8,0,0,0,0,3,1,6,3,-1,-1,-1,-1,-1,-1
"419201","201101ZD30471",1,9,0,8,0,0,0,0,0,0,2,1,6,1,6,1896,2,10,4,1
"419211","201101ZD30471",2,9,0,18,0,0,0,0,0,0,1,1,6,1,-1,-1,-1,-1,-1,-1
"419221","201101ZD30472",1,9,0,18,0,2,0,0,0,0,4,1,6,2,5,1388,1,1,3,1
"419231","201101ZD30474",1,4,0,18,0,0,0,0,0,0,1,1,6,1,4,-1,-1,-1,4,1
"419241","201101ZD30474",2,9,0,18,0,0,0,0,0,0,2,1,6,2,5,1196,1,14,1,1
"419251","201101ZD30475",1,9,0,5,0,8,0,0,0,0,3,1,6,2,8,3199,7,9,-1,-1
"419261","201101ZD30475",2,9,0,18,0,8,0,0,0,0,4,1,6,2,-1,998,1,16,2,1
"419271","201101ZD30476",1,9,0,5,0,1,0,0,0,0,1,1,6,2,10,1598,1,13,9,1
"419281","201101ZD30478",1,11,0,5,2,2,0,0,0,0,0,1,1,1,7,5900,2,5,4,1
"419291","201101ZD30481",1,11,0,4,0,0,0,0,0,0,0,1,1,1,8,6700,2,1,4,1
"419301","201101ZD30482",1,9,0,4,0,1,0,0,0,0,2,1,6,1,4,1595,1,14,5,1
"419311","201101ZD30482",2,3,0,4,0,1,0,0,0,0,1,1,6,1,6,124,1,10,5,1
"419321","201101ZD30483",1,9,0,9,0,6,0,0,0,0,3,1,2,2,8,1240,1,2,5,1
"419331","201101ZD30483",2,5,0,13,0,8,0,0,0,0,1,1,2,1,-1,1157,1,5,7,1
"419341","201101ZD30484",1,8,0,18,0,2,0,0,0,0,4,1,3,1,6,1598,1,4,5,1
"419351","201101ZD30485",1,9,0,18,0,1,0,0,0,0,1,1,2,2,6,-1,-1,-1,8,1
"419361","201101ZD30485",2,9,0,18,0,2,0,0,0,0,1,1,2,1,7,-1,-1,-1,-1,-1
"419371","201101ZD30487",1,9,0,9,2,5,0,0,0,0,4,1,6,2,5,1598,1,1,-1,-1
"419381","201101ZD30487",2,5,0,18,2,8,0,0,0,0,1,1,6,1,5,998,1,2,10,1
"419391","201101ZD30488",1,90,0,18,0,8,0,10,1,0,4,1,1,1,7,-1,-1,-1,5,1
"419401","201101ZD30488",2,9,0,18,0,6,0,0,0,0,1,1,6,1,7,2401,2,5,9,1
"419411","201101ZD30489",1,9,0,9,0,8,0,0,0,0,3,1,6,1,5,1364,1,4,4,1
"419421","201101ZD30489",2,9,0,18,0,8,0,0,0,0,1,1,6,2,8,1970,1,14,-1,-1
"419431","201101ZD30490",1,9,0,3,0,1,0,0,0,0,2,1,6,2,10,-1,-1,-1,-1,-1