"","Acc_Index","Vehicle_Reference","Vehicle_Type","Towing_and_Articulation","Vehicle_Manoeuvre","Vehicle_Location.Restricted_Lane","Junction_Location","Skidding_and_Overturning","Hit_Object_in_Carriageway","Vehicle_Leaving_Carriageway","Hit_Object_off_Carriageway","X1st_Point_of_Impact","Was_Vehicle_Left_Hand_Drive","Journey_Purpose_of_Driver","Sex_of_Driver","Age_Band_of_Driver","Engine_Capacity_.CC.","Propulsion_Code","Age_of_Vehicle","Driver_IMD_Decile","Driver_Home_Area_Type"
"42200","201101ZD30643",1,9,0,4,0,8,0,0,0,0,1,1,6,1,7,1997,1,11,2,1
"42201","201101ZD30643",2,9,0,9,0,6,0,0,0,0,3,1,6,2,5,998,1,3,2,1
"42202","201101ZD30644",1,9,0,18,0,8,0,0,0,0,3,1,6,2,6,1596,1,7,3,1
"42203","201101ZD30644",2,9,0,18,0,8,0,0,0,0,1,1,6,1,9,1392,1,13,3,1
"42204","201101ZD30648",1,9,0,3,0,1,0,0,0,0,2,1,2,2,6,3724,1,8,4,1
"42205","201101ZD30648",2,9,0,18,0,1,0,0,0,0,1,1,6,1,8,2000,1,11,3,3
"42206","201101ZD30649",1,11,0,9,0,6,0,0,0,0,3,1,1,1,6,3900,2,5,2,1
"42207","201101ZD30649",2,9,0,18,0,8,0,0,0,0,1,1,2,2,9,1360,1,6,4,1
"42208","201101ZD30650",1,9,0,3,0,1,0,0,0,0,1,1,6,2,6,1994,2,8,2,1
"42209","201101ZD30650",2,9,0,1,0,1,0,0,0,0,2,1,6,1,-1,-1,-1,-1,-1,-1
"42210","201101ZD30651",1,9,0,9,0,6,0,0,0,0,4,1,6,2,8,1968,2,1,3,1
"42211","201101ZD30651",2,1,0,4,0,8,0,0,0,0,1,1,6,1,7,-1,-1,-1,7,1
"42212","201101ZD30652",1,9,0,9,0,8,0,0,0,0,1,1,6,2,6,1595,1,6,3,1
"42213","201101ZD30653",1,11,0,4,0,2,0,0,0,0,0,1,1,1,7,3900,2,7,-1,-1
"42214","201101ZD30654",1,8,0,3,0,0,0,0,0,0,2,1,1,1,6,1995,2,7,5,1
"42215","201101ZD30654",2,9,0,18,0,0,0,0,0,0,1,1,6,2,-1,1997,1,10,-1,-1
"42216","201101ZD30654",3,9,0,3,0,0,0,0,0,0,2,1,6,3,-1,1995,1,8,-1,-1
"42217","201101ZD30655",1,9,0,9,0,6,0,0,0,0,3,1,6,2,10,2720,2,7,10,1
"42218","201101ZD30655",2,3,0,4,0,8,0,0,0,0,1,1,6,1,6,125,1,4,9,1
"42219","201101ZD30656",1,9,0,9,0,1,0,0,0,0,2,1,6,2,8,1240,1,8,4,1
"42220","201101ZD30656",2,9,0,7,0,1,0,0,0,0,1,1,6,1,-1,-1,-1,-1,-1,-1
"42221","201101ZD30657",1,9,0,3,0,1,0,0,0,0,1,1,6,2,7,1991,2,3,7,1
"42222","201101ZD30657",2,19,0,18,0,1,0,0,0,0,2,1,1,1,-1,2148,2,3,3,1
"42223","201101ZD30658",1,9,0,9,0,8,0,0,0,0,3,1,2,1,8,-1,-1,-1,4,1
"42224","201101ZD30658",2,19,0,9,0,8,0,0,0,0,4,1,6,1,-1,-1,-1,-1,-1,-1
"42225","201101ZD30659",1,9,0,3,0,1,0,0,0,0,1,1,6,2,7,1870,2,7,-1,-1
"42226","201101ZD30659",2,9,0,1,0,1,0,0,0,0,2,1,6,1,-1,-1,-1,-1,-1,-1
"42227","201101ZD30661",1,9,0,16,0,0,0,0,0,0,1,1,6,2,8,1242,1,9,10,1
"42228","201101ZD30661",2,9,0,17,0,0,1,0,0,0,1,1,6,1,6,1596,1,9,7,1
"42229","201101ZD30662",1,9,0,9,0,6,0,0,0,0,3,1,6,2,4,-1,-1,-1,8,1
"42230","201101ZD30662",2,9,0,18,0,8,0,0,0,0,1,1,6,1,-1,1796,1,10,8,1
"42231","201101ZD30664",1,9,0,3,0,0,0,0,0,0,2,1,1,2,7,1598,1,7,4,1
"42232","201101ZD30664",2,8,0,4,0,0,0,0,0,0,2,1,1,1,9,-1,-1,-1,-1,-1
"42233","201101ZD30664",3,9,0,4,0,0,0,0,0,0,1,1,1,1,9,999,1,1,8,1
"42234","201101ZD30665",1,11,0,4,0,0,1,0,0,0,1,1,1,1,6,3900,2,6,2,1
"42235","201101ZD30665",2,9,0,4,0,0,0,0,0,0,2,1,6,2,6,1679,1,13,2,1
"42236","201101ZD30665",3,9,0,4,0,0,0,0,0,0,2,1,6,1,7,2324,1,9,8,1
"42237","201101ZD30666",1,9,0,17,0,0,0,0,0,0,1,1,6,1,5,1896,1,13,6,1
"42238","201101ZD30666",2,9,0,16,0,0,0,0,7,0,1,1,6,2,8,-1,-1,-1,3,1
"42239","201101ZD30667",1,9,0,18,0,8,0,7,3,2,3,1,6,2,8,1998,1,5,3,1
"42240","201101ZD30667",2,9,0,9,0,8,0,0,0,0,1,1,6,2,4,1388,1,7,5,3
"42241","201101ZD30668",1,9,0,3,0,1,0,0,0,0,3,1,6,1,8,1390,1,10,2,1
"42242","201101ZD30668",2,21,1,18,0,1,0,0,0,0,4,1,6,3,-1,12777,2,4,-1,-1
"42243","201101ZD30670",1,11,0,4,0,1,0,0,0,0,0,1,1,1,7,-1,-1,-1,-1,-1
"42244","201101ZD30671",1,1,0,18,0,8,0,0,0,0,1,1,6,1,7,-1,-1,-1,-1,-1
"42245","201101ZD30671",2,9,0,9,0,8,0,0,0,0,1,1,2,1,8,1598,1,8,4,1
"42246","201101ZD30673",1,5,0,14,0,8,0,0,0,0,1,1,6,1,7,1157,1,10,8,1
"42247","201101ZD30673",2,8,0,9,0,5,0,0,0,0,3,1,6,1,10,1998,2,6,2,1
"42248","201101ZD30674",1,9,0,3,0,1,0,0,0,0,4,1,6,2,7,-1,-1,-1,5,3
"42249","201101ZD30674",2,3,0,15,0,1,0,0,0,0,3,1,6,3,-1,-1,-1,-1,-1,-1
"42250","201101ZD30675",1,9,0,4,0,8,0,0,0,0,2,1,6,2,7,1998,1,7,3,1
"42251","201101ZD30675",2,9,0,4,0,8,1,0,0,0,1,1,6,1,6,1391,1,16,4,1
"42252","201101ZD30676",1,9,0,18,0,8,0,0,0,0,1,1,6,1,9,1998,1,12,8,1
"42253","201101ZD30676",2,8,0,9,0,8,0,0,0,0,1,1,1,1,9,2401,2,7,3,1
"42254","201101ZD30677",1,11,0,4,0,0,0,0,0,0,0,1,1,1,8,-1,-1,-1,4,1
"42255","201101ZD30677",2,9,0,4,0,0,0,0,0,0,0,1,6,3,-1,1339,1,-1,-1,-1
"42256","201101ZD30678",1,11,0,4,0,1,0,0,0,0,0,1,1,1,9,-1,2,10,4,1
"42257","201101ZD30679",1,2,0,13,0,8,0,0,0,0,4,1,6,1,4,-1,-1,-1,1,1
"42258","201101ZD30679",2,20,0,9,0,5,0,0,0,0,3,1,1,1,8,-1,-1,-1,-1,-1
"42259","201101ZD30681",1,9,0,9,0,5,0,0,0,0,3,1,6,1,6,-1,-1,-1,4,1
"42260","201101ZD30681",2,3,0,13,0,8,1,0,0,0,1,1,2,1,6,124,1,9,-1,-1
"42261","201101ZD30684",1,9,0,18,0,0,0,0,0,0,3,1,6,2,11,1590,1,6,10,3
"42262","201101ZD30685",1,9,0,18,0,8,0,0,0,0,1,1,6,2,8,1598,1,-1,7,1
"42263","201101ZD30685",2,9,0,4,0,8,0,0,0,0,2,1,6,2,7,1762,1,14,4,1
"42264","201101ZD30686",1,1,0,18,0,8,0,0,0,0,3,1,2,1,6,-1,-1,-1,3,1
"42265","201101ZD30686",2,9,0,13,0,8,0,0,0,0,4,1,6,2,-1,1998,1,10,-1,-1
"42266","201101ZD30687",1,9,0,18,0,0,0,0,0,0,4,1,1,2,6,1339,1,5,6,1
"42267","201101ZD30687",2,11,0,5,0,0,0,0,0,0,3,1,1,1,6,-1,2,11,-1,-1
"42268","201101ZD30688",1,19,0,10,0,0,0,0,0,0,3,1,2,1,8,1870,2,11,9,1
"42269","201101ZD30688",2,3,0,14,0,0,0,0,0,0,1,1,6,1,5,124,1,-1,5,1
"42270","201101ZD30689",1,1,0,18,0,8,0,0,0,0,3,1,6,2,6,-1,-1,-1,2,1
"42271","201101ZD30689",2,9,0,5,0,6,0,0,0,0,1,1,6,1,-1,-1,-1,-1,-1,-1
"42272","201101ZD30690",1,9,0,9,0,6,0,0,0,0,1,1,6,2,-1,-1,-1,-1,-1,-1
"42273","201101ZD30690",2,9,0,3,0,8,0,0,0,0,1,1,6,2,7,1149,1,10,4,1
"42274","201101ZD30690",3,9,0,18,0,8,0,0,0,0,3,1,3,2,7,1970,1,10,4,1
"42275","201101ZD30691",1,1,0,4,4,8,0,0,0,0,0,1,2,1,6,-1,-1,-1,6,1
"42276","201101ZD30691",2,9,0,9,4,5,0,0,0,0,0,1,6,1,-1,1396,1,11,3,1
"42277","201101ZD30692",1,5,0,18,0,0,0,0,0,0,3,1,1,1,8,647,1,10,2,1
"42278","201101ZD30694",1,9,0,16,0,0,1,10,7,4,1,1,6,1,5,1896,2,4,-1,-1
"42279","201101ZD30695",1,1,0,3,0,1,0,0,0,0,1,1,6,1,7,-1,-1,-1,6,1
"42280","201101ZD30695",2,9,0,9,0,6,0,0,0,0,3,1,6,1,-1,-1,-1,-1,6,1
"42281","201101ZD30698",1,9,0,18,0,0,0,0,7,10,2,1,6,1,4,1149,1,8,9,1
"42282","201101ZD30698",2,19,0,18,0,0,0,0,0,0,1,1,6,1,6,-1,-1,-1,6,1
"42283","201101ZD30699",1,9,0,18,0,8,0,0,0,0,1,1,6,1,-1,1598,1,7,4,1
"42284","201101ZD30699",2,9,0,18,0,8,0,0,0,0,4,1,6,1,6,1998,1,11,3,1
"42285","201101ZD30700",1,9,0,18,0,8,0,0,0,0,4,1,6,2,6,1598,1,7,5,1
"42286","201101ZD30700",2,9,0,9,0,6,0,0,0,0,1,1,6,2,6,1390,1,1,5,1
"42287","201101ZD30701",1,9,0,3,0,1,0,0,0,0,2,1,1,1,6,1596,1,8,7,1
"42288","201101ZD30701",2,9,0,18,0,1,0,0,0,0,1,1,6,1,-1,2496,1,6,-1,-1
"42289","201101ZD30702",1,9,0,3,0,8,0,0,0,0,2,1,6,1,6,-1,-1,-1,-1,-1
"42290","201101ZD30702",2,9,0,18,0,8,0,0,0,0,1,1,6,1,-1,1229,1,2,10,1
"42291","201101ZD30702",3,20,0,3,0,8,0,0,0,0,2,1,6,1,-1,-1,-1,-1,-1,-1
"42292","201101ZD30703",1,9,0,18,0,8,0,0,0,0,1,1,6,2,-1,1870,2,10,2,1
"42293","201101ZD30703",2,19,0,4,0,8,0,0,0,0,2,1,4,1,7,1995,2,-1,9,2
"42294","201101ZD30703",3,9,0,3,0,8,0,0,0,0,2,1,6,3,-1,-1,-1,-1,-1,-1
"42295","201101ZD30704",1,9,0,4,0,8,1,0,0,0,1,1,1,1,7,1396,1,20,6,1
"42296","201101ZD30704",2,19,0,9,0,5,0,0,0,0,3,1,1,1,7,2148,2,2,5,1
"42297","201101ZD30705",1,9,0,10,0,1,0,0,0,0,2,1,6,2,8,-1,-1,-1,3,1
"42298","201101ZD30705",2,9,0,16,0,1,0,0,0,0,1,1,6,2,6,2495,2,-1,-1,-1
"42299","201101ZD30706",1,9,0,9,0,5,0,0,0,0,1,1,6,1,4,1229,1,-1,7,1
"42300","201101ZD30707",1,11,0,4,0,8,0,0,0,0,1,1,1,1,6,9000,2,2,2,1
"42301","201101ZD30707",2,9,0,18,0,6,0,0,0,0,3,1,6,1,6,1596,1,6,8,1
"42302","201101ZD30708",1,4,0,4,0,8,0,0,0,0,1,1,6,1,5,125,1,-1,3,1
"42303","201101ZD30708",2,9,0,9,0,5,0,0,0,0,3,1,3,1,-1,1596,1,7,-1,-1
"42304","201101ZD30709",1,9,0,9,0,6,0,0,0,0,1,1,3,2,6,1086,1,6,4,1
"42305","201101ZD30710",1,9,0,3,0,1,0,0,0,0,3,1,6,2,8,1388,1,7,2,1
"42306","201101ZD30710",2,9,0,18,0,2,1,0,0,0,3,1,6,1,-1,1598,1,11,-1,-1
"42307","201101ZD30711",1,9,0,4,0,8,0,0,0,0,2,1,6,1,-1,3226,2,10,7,1
"42308","201101ZD30711",2,8,0,18,0,8,0,0,0,0,1,1,6,2,-1,-1,-1,-1,-1,-1
"42309","201101ZD30712",1,19,0,18,0,8,0,0,0,0,1,1,6,1,6,1968,2,5,10,1
"42310","201101ZD30712",2,9,0,9,0,6,0,0,1,0,4,1,6,2,9,1332,1,15,5,1
"42311","201101ZD30713",1,19,0,5,0,6,0,0,0,0,3,1,6,1,-1,-1,-1,-1,-1,-1
"42312","201101ZD30713",2,1,0,4,0,8,0,0,0,0,1,1,6,2,8,-1,-1,-1,-1,-1
"42313","201101ZD30714",1,3,0,4,2,1,1,0,0,0,1,1,2,2,6,125,1,4,4,1
"42314","201101ZD30714",2,9,0,6,2,1,0,0,0,0,4,1,6,1,-1,-1,-1,-1,3,1
"42315","201101ZD30715",1,9,0,18,0,2,0,0,0,0,4,1,2,2,6,1242,1,1,-1,-1
"42316","201101ZD30716",1,9,0,18,0,0,0,0,0,0,1,1,6,2,6,1995,2,1,5,1
"42317","201101ZD30717",1,8,0,16,0,0,0,10,1,4,1,1,1,1,6,1995,2,7,4,1
"42318","201101ZD30718",1,9,0,18,0,8,0,0,0,0,2,1,6,1,6,1598,1,1,6,1
"42319","201101ZD30718",2,9,0,9,0,6,0,0,0,0,1,1,6,1,-1,1598,1,9,-1,-1
"42320","201101ZD30719",1,9,0,3,0,0,0,0,0,0,2,1,6,1,5,-1,-1,-1,-1,-1
"42321","201101ZD30719",2,9,0,18,0,0,0,0,0,0,1,1,6,1,-1,1598,1,10,-1,-1
"42322","201101ZD30720",1,9,0,7,0,2,0,0,0,0,4,1,6,1,9,-1,-1,-1,-1,-1
"42323","201101ZD30720",2,90,0,5,0,2,0,0,0,0,1,1,6,2,11,-1,-1,-1,3,1
"42324","201101ZD30721",1,9,0,5,0,8,0,0,0,0,3,1,6,1,-1,3498,1,6,-1,-1
"42325","201101ZD30721",2,1,0,5,0,8,0,0,0,0,4,1,6,1,4,-1,-1,-1,5,1
"42326","201101ZD30722",1,9,0,5,0,8,0,0,0,0,1,1,6,1,6,1598,1,9,5,1
"42327","201101ZD30722",2,9,0,4,0,8,1,0,0,0,3,1,6,1,4,998,1,6,4,1
"42328","201101ZD30723",1,3,0,9,0,8,0,0,0,0,2,1,6,1,4,49,1,1,5,1
"42329","201101ZD30723",2,9,0,18,0,8,0,0,0,0,1,1,6,1,11,-1,-1,-1,7,1
"42330","201101ZD30724",1,9,0,8,0,8,0,0,0,0,3,1,6,1,6,2494,1,10,3,1
"42331","201101ZD30724",2,1,0,18,0,6,0,0,0,0,1,1,6,1,-1,-1,-1,-1,3,1
"42332","201101ZD30725",1,3,0,18,0,1,1,0,0,0,1,1,6,1,5,125,1,-1,3,1
"42333","201101ZD30725",2,19,0,3,0,1,0,0,0,0,2,1,6,1,7,1399,2,2,8,1
"42334","201101ZD30726",1,17,0,18,0,8,1,0,0,0,1,1,1,1,8,4525,2,1,9,1
"42335","201101ZD30726",2,11,0,9,0,5,0,0,0,0,1,1,1,1,8,-1,2,11,5,1
"42336","201101ZD30727",1,9,0,18,0,8,0,0,0,0,2,1,6,1,8,1998,1,14,8,1
"42337","201101ZD30727",2,4,0,13,0,8,0,0,0,0,4,1,2,1,5,125,1,1,-1,-1
"42338","201101ZD30728",1,8,0,9,2,5,0,0,0,0,1,1,6,1,7,2402,2,7,5,1
"42339","201101ZD30728",2,5,0,4,2,8,0,0,0,0,1,1,6,1,5,1585,1,-1,10,1
"42340","201101ZD30729",1,9,0,9,2,5,0,0,0,0,4,1,6,1,5,1242,1,10,9,1
"42341","201101ZD30729",2,9,0,18,2,8,1,0,0,0,3,1,6,1,6,1246,1,6,8,1
"42342","201101ZD30730",1,9,0,1,0,2,0,0,0,0,2,1,6,1,6,1796,1,2,-1,-1
"42343","201101ZD30730",2,9,0,18,0,2,0,0,0,0,1,1,6,1,8,-1,-1,-1,-1,-1
"42344","201101ZD30731",1,3,0,18,0,8,0,0,0,0,3,1,1,1,4,85,1,20,4,1
"42345","201101ZD30731",2,9,0,9,0,8,0,0,0,0,3,1,6,3,-1,-1,-1,-1,-1,-1
"42346","201101ZD30732",1,9,0,9,0,5,0,0,0,0,1,1,6,1,7,2499,2,12,-1,-1
"42347","201101ZD30732",2,1,0,18,0,6,0,0,0,0,1,1,2,1,10,-1,-1,-1,8,1
"42350","201101ZD30734",1,1,0,9,0,8,0,0,0,0,3,1,2,1,7,-1,-1,-1,4,1
"42351","201101ZD30734",2,9,0,18,0,8,0,0,0,0,1,1,6,1,-1,1796,1,1,-1,-1
"42354","201101ZD30736",1,9,0,4,0,8,0,0,0,0,1,1,2,1,6,1997,2,8,-1,-1
"42355","201101ZD30736",2,9,0,9,0,8,0,0,0,0,4,1,6,1,5,1149,1,10,9,1
"42356","201101ZD30737",1,11,0,3,0,0,0,0,0,0,4,1,1,1,-1,-1,-1,-1,-1,-1
"42357","201101ZD30738",1,9,0,7,0,8,0,0,0,0,4,1,6,2,9,1339,1,3,10,1
"42358","201101ZD30738",2,1,0,5,0,8,0,0,0,0,1,1,6,2,8,-1,-1,-1,10,1
"42359","201101ZD30739",1,19,0,18,0,1,0,0,0,0,2,1,1,1,7,2402,2,6,2,1
"42360","201101ZD30739",2,5,0,18,0,1,0,0,7,0,1,1,2,1,7,748,1,8,9,1
"42361","201101ZD30740",1,9,0,18,0,0,0,0,0,0,4,1,1,2,6,1598,2,-1,10,1
"42362","201101ZD30741",1,4,0,18,0,1,1,0,0,0,3,1,2,1,6,124,1,10,5,1
"42363","201101ZD30741",2,9,0,14,0,1,0,0,0,0,4,1,6,1,-1,1240,1,4,-1,-1
"42364","201101ZD30742",1,9,0,18,0,8,0,0,0,0,1,1,1,1,6,1896,2,6,9,1
"42365","201101ZD30742",2,9,0,9,0,8,0,0,0,0,1,1,6,2,6,-1,-1,-1,6,1
"42366","201101ZD30743",1,9,0,18,0,1,0,0,0,0,1,1,6,1,6,-1,-1,-1,5,1
"42367","201101ZD30744",1,9,0,9,0,8,0,0,0,0,4,1,6,1,11,1298,1,4,-1,-1
"42368","201101ZD30744",2,9,0,8,0,8,0,0,0,0,1,1,1,1,8,-1,-1,-1,7,1
"42369","201101ZD30744",3,9,0,4,0,8,0,0,0,0,1,1,2,2,6,1796,1,9,2,1
"42370","201101ZD30745",1,9,0,4,0,8,0,0,0,0,1,1,6,1,6,1587,1,23,2,1
"42371","201101ZD30745",2,9,0,9,0,6,0,0,0,0,1,1,6,1,4,1149,1,8,4,1
"42372","201101ZD30746",1,9,0,18,4,0,0,0,0,0,4,1,1,2,6,1000,1,11,10,2
"42373","201101ZD30747",1,9,0,4,0,8,1,0,1,10,1,1,1,1,6,-1,-1,-1,-1,-1
"42374","201101ZD30747",2,9,0,9,0,5,0,0,7,10,1,1,6,2,7,1796,1,9,7,1
"42375","201101ZD30748",1,9,0,2,0,0,0,0,0,0,2,1,6,1,7,1796,1,8,8,1
"42376","201101ZD30748",2,9,0,18,0,0,0,0,0,0,1,1,6,1,7,1360,1,11,1,1
"42377","201101ZD30749",1,11,0,4,2,8,0,0,0,0,0,1,1,1,7,4500,2,2,10,1
"42378","201101ZD30749",2,19,0,7,2,5,0,0,0,0,0,1,6,3,-1,1868,2,4,-1,-1
"42379","201101ZD30750",1,19,0,5,0,6,0,0,1,0,3,1,6,1,8,2500,2,11,4,1
"42380","201101ZD30750",2,21,1,4,0,8,1,0,0,0,4,1,6,1,8,12777,2,4,4,1
"42381","201101ZD30751",1,9,0,9,0,6,0,0,0,0,1,1,6,2,8,1794,1,10,9,1
"42382","201101ZD30751",2,5,0,3,0,8,0,0,0,0,1,1,6,1,8,1585,1,1,3,1
"42383","201101ZD30753",1,9,0,4,0,8,0,0,0,0,2,1,6,2,6,1390,1,13,4,1
"42384","201101ZD30753",2,9,0,18,0,8,0,0,0,0,1,1,6,2,-1,1398,1,-1,-1,-1
"42385","201101ZD30754",1,11,0,4,0,0,0,0,0,0,0,1,1,1,6,9000,2,2,4,1
"42386","201101ZD30755",1,9,0,18,0,0,0,4,0,0,1,1,6,1,11,998,1,10,5,1
"42387","201101ZD30755",2,9,0,2,0,0,0,4,0,0,1,1,6,3,-1,-1,-1,-1,-1,-1
"42388","201101ZD30755",3,9,0,2,0,0,0,4,0,0,2,1,6,3,-1,1598,1,5,-1,-1
"42389","201101ZD30755",4,9,0,2,0,0,0,4,0,0,2,1,6,3,-1,2993,2,6,-1,-1
"42390","201101ZD30756",1,9,0,6,0,8,0,0,0,0,3,1,6,1,8,1781,1,12,6,1
"42391","201101ZD30756",2,3,0,13,0,8,0,10,8,10,1,1,2,1,8,998,1,6,8,1
"42392","201101ZD30758",1,9,0,18,0,8,0,0,0,0,1,1,6,1,7,1799,1,12,7,1
"42393","201101ZD30758",2,9,0,9,0,8,0,0,0,0,4,1,6,1,4,1242,1,15,7,1
"42394","201101ZD30760",1,19,0,4,0,0,0,0,0,0,2,1,2,1,8,2148,2,5,6,1
"42395","201101ZD30760",2,19,0,4,0,0,0,0,0,0,1,1,6,1,-1,1686,2,7,6,1
"42396","201101ZD30761",1,9,0,6,0,0,0,0,0,0,3,1,6,1,7,1497,1,8,-1,-1
"42397","201101ZD30761",2,3,0,14,0,0,0,0,0,0,1,1,6,1,9,1137,1,10,-1,-1
"42398","201101ZD30762",1,3,0,14,0,0,0,0,0,0,1,1,6,3,-1,-1,-1,-1,-1,-1
"42399","201101ZD30763",1,2,0,5,0,0,0,0,0,0,2,1,1,1,6,49,1,1,3,1
"42400","201101ZD30763",2,9,0,18,0,0,0,0,0,0,1,1,2,2,5,-1,-1,-1,9,1
"42401","201101ZD30765",1,9,0,9,0,5,0,0,0,0,1,1,6,2,11,1360,1,8,-1,-1
"42402","201101ZD30765",2,1,0,9,0,6,0,0,0,0,4,1,6,1,8,-1,-1,-1,9,1
"42403","201101ZD30766",1,9,0,18,0,2,5,4,0,0,4,1,6,2,8,1461,2,1,3,1
"42404","201101ZD30766",2,9,0,18,0,1,0,0,0,0,1,1,6,2,8,1686,2,5,7,1
"42405","201101ZD30766",3,9,0,2,0,1,0,0,0,0,3,1,6,3,-1,1149,1,4,-1,-1
"42406","201101ZD30767",1,9,0,4,0,1,0,0,0,0,2,1,6,2,6,1796,1,4,4,1
"42407","201101ZD30767",2,9,0,18,0,1,0,0,0,0,1,1,6,2,8,1598,1,8,6,1
"42408","201101ZD30768",1,9,0,11,0,1,0,0,0,0,4,1,6,1,5,1390,1,9,5,1
"42409","201101ZD30768",2,1,0,18,4,1,0,0,0,0,3,1,6,1,7,-1,-1,-1,5,1
"42410","201101ZD30770",1,9,0,9,0,6,0,0,0,0,1,1,6,1,7,1699,1,1,5,1
"42411","201101ZD30770",2,4,0,4,0,8,1,0,0,0,1,1,6,1,5,124,1,9,1,1
"42412","201101ZD30771",1,9,0,18,0,0,5,0,0,0,3,1,3,2,8,1248,1,1,6,1
"42413","201101ZD30771",2,9,0,2,0,0,0,0,0,0,4,1,6,3,-1,3199,1,15,-1,-1
"42414","201101ZD30772",1,9,0,4,0,1,0,0,0,0,2,1,6,2,7,2656,1,8,3,1
"42415","201101ZD30772",2,9,0,5,0,1,0,0,0,0,1,1,6,2,6,-1,-1,-1,5,1
"42416","201101ZD30773",1,9,0,3,0,8,0,0,0,0,2,1,6,1,6,2996,1,3,6,1
"42417","201101ZD30773",2,19,0,18,0,8,0,0,0,0,1,1,1,1,8,2148,2,5,6,1
"42418","201101ZD30774",1,9,0,4,0,0,0,0,0,0,1,1,6,2,7,1781,1,18,7,1
"42419","201101ZD30774",2,1,0,18,0,0,0,0,0,0,3,1,6,1,2,-1,-1,-1,1,1
"42420","201101ZD30775",1,9,0,7,0,5,0,0,0,0,4,1,6,2,7,1796,1,7,3,1
"42421","201101ZD30775",2,3,0,18,2,8,0,0,0,0,3,1,6,1,8,125,1,1,-1,-1
"42422","201101ZD30776",1,11,0,4,0,0,0,0,0,0,0,1,1,1,7,-1,-1,-1,3,1
"42423","201101ZD30777",1,9,0,18,0,8,0,0,0,0,1,1,6,1,8,1598,2,1,8,1
"42424","201101ZD30777",2,1,0,9,0,5,0,0,0,0,1,1,6,1,6,-1,-1,-1,4,1
"42425","201101ZD30778",1,2,0,18,0,8,0,0,0,0,1,1,6,2,4,50,1,3,3,1
"42426","201101ZD30778",2,9,0,9,0,8,0,0,0,0,1,1,6,2,8,1796,1,4,4,1
"42427","201101ZD30779",1,1,0,18,0,8,0,0,0,0,4,1,6,1,7,-1,-1,-1,-1,-1
"42428","201101ZD30779",2,9,0,18,0,8,0,0,0,0,1,1,6,1,-1,-1,-1,-1,-1,-1
"42429","201101ZD30780",1,5,0,15,0,8,5,0,0,0,3,1,6,1,7,599,1,5,6,1
"42430","201101ZD30780",2,8,0,7,0,5,0,0,0,0,4,1,1,1,6,1910,2,7,6,1
"42431","201101ZD30781",1,9,0,9,0,6,0,0,0,0,1,1,6,1,7,1896,2,10,2,1
"42432","201101ZD30781",2,9,0,5,0,8,0,0,0,0,1,1,6,1,6,1686,2,1,5,1
"42433","201101ZD30782",1,9,0,4,0,1,0,0,0,0,2,1,6,1,7,1598,1,9,6,1
"42434","201101ZD30782",2,9,0,18,0,1,0,0,0,0,1,1,6,2,9,1753,2,2,10,1
"42435","201101ZD30783",1,9,0,18,0,6,0,0,0,0,3,1,6,1,6,1598,1,7,4,1
"42436","201101ZD30783",2,19,0,18,0,8,0,0,0,0,1,1,6,1,7,-1,-1,-1,-1,-1
"42437","201101ZD30784",1,9,0,9,0,6,0,0,0,0,1,1,6,1,9,1596,1,7,3,1
"42438","201101ZD30784",2,9,0,18,0,8,0,0,0,0,4,1,6,1,7,-1,-1,-1,2,1
"42439","201101ZD30785",1,3,0,4,0,8,0,0,0,0,3,1,6,1,7,918,1,11,4,1
"42440","201101ZD30785",2,9,0,5,0,8,0,0,0,0,1,1,6,1,-1,-1,-1,-1,-1,-1
"42441","201101ZD30787",1,9,0,18,0,8,0,0,0,0,3,1,6,1,8,1587,1,9,4,1
"42442","201101ZD30787",2,1,0,5,0,8,0,0,0,0,1,1,6,2,6,-1,-1,-1,-1,-1
"42443","201101ZD30788",1,9,0,6,0,0,0,0,0,0,3,1,6,2,5,1598,1,12,-1,-1
"42444","201101ZD30788",2,3,0,13,0,0,0,0,0,0,1,1,6,1,4,124,1,11,8,1
"42445","201101ZD30789",1,9,0,3,0,8,0,0,0,0,2,1,6,1,6,1800,1,12,8,1
"42446","201101ZD30789",2,9,0,18,0,8,0,0,0,0,1,1,6,2,-1,1390,1,11,3,1
"42447","201101ZD30790",1,1,0,4,0,0,0,0,1,0,3,1,6,1,9,-1,-1,-1,1,1
"42448","201101ZD30790",2,19,0,14,0,0,0,0,0,0,4,1,6,1,-1,-1,-1,-1,-1,-1
"42449","201101ZD30791",1,9,0,3,0,2,0,0,0,0,1,1,3,2,6,1596,1,5,5,1
"42450","201101ZD30791",2,9,0,1,0,1,0,0,0,0,2,1,6,1,-1,1598,1,1,-1,-1
"42451","201101ZD30792",1,3,0,18,0,0,0,0,0,0,3,1,6,1,7,-1,-1,-1,-1,-1
"42452","201101ZD30792",2,21,0,18,0,0,0,0,0,0,4,1,1,3,-1,12900,2,2,-1,-1
"42453","201101ZD30796",1,9,0,18,0,8,0,4,0,0,1,1,6,2,8,1229,1,2,4,1
"42454","201101ZD30796",2,9,0,18,0,8,0,0,0,0,4,1,6,1,9,1364,1,3,5,1
"42455","201101ZD30796",3,9,0,2,0,8,0,0,0,0,2,1,6,3,-1,1998,1,14,-1,-1
"42456","201101ZD30796",4,9,0,2,0,8,0,0,0,0,4,1,6,3,-1,1850,1,11,-1,-1
"42457","201101ZD30797",1,3,0,18,0,8,1,0,0,0,0,1,6,1,6,125,1,11,6,1
"42458","201101ZD30797",2,9,0,9,0,6,0,0,0,0,0,1,6,3,-1,-1,-1,-1,-1,-1
"42459","201101ZD30798",1,5,0,9,0,8,0,0,0,0,3,1,1,1,7,1063,1,6,9,1
"42460","201101ZD30798",2,9,0,18,0,8,0,0,0,0,1,1,1,1,7,1242,1,11,5,1
"42461","201101ZD30801",1,9,0,18,0,0,0,0,0,0,4,1,3,1,7,2926,2,12,4,1