"","Acc_Index","Vehicle_Reference","Vehicle_Type","Towing_and_Articulation","Vehicle_Manoeuvre","Vehicle_Location.Restricted_Lane","Junction_Location","Skidding_and_Overturning","Hit_Object_in_Carriageway","Vehicle_Leaving_Carriageway","Hit_Object_off_Carriageway","X1st_Point_of_Impact","Was_Vehicle_Left_Hand_Drive","Journey_Purpose_of_Driver","Sex_of_Driver","Age_Band_of_Driver","Engine_Capacity_.CC.","Propulsion_Code","Age_of_Vehicle","Driver_IMD_Decile","Driver_Home_Area_Type"
"15611","201201CP00305",1,19,0,3,0,0,0,0,0,0,2,1,1,1,8,2143,2,-1,7,1
"15621","201201CP00305",2,9,0,3,0,0,0,0,0,0,2,1,6,1,8,-1,-1,-1,5,1
"15632","201201CP00305",3,19,0,18,0,0,0,0,0,0,1,1,1,1,7,2287,2,4,7,1
"15642","201201CP00306",1,11,0,16,0,0,0,0,0,0,0,1,1,1,6,6700,2,1,3,1
"15652","201201CP00308",1,1,0,18,4,8,0,0,0,0,4,1,6,1,6,-1,-1,-1,2,1
"15662","201201CP00308",2,19,0,7,0,8,0,0,0,0,1,1,1,1,7,1753,2,5,2,1
"15672","201201CP00309",1,9,0,7,0,5,0,0,0,0,2,1,6,1,6,2993,2,6,2,1
"15682","201201CP00309",2,1,0,18,0,1,0,0,0,0,1,1,6,1,4,-1,-1,-1,1,1
"15692","201201CP00310",1,3,0,15,0,0,0,0,0,0,3,1,6,1,5,108,1,-1,3,1
"15702","201201CP00310",2,9,0,18,0,0,0,0,0,0,4,1,6,1,8,1242,1,2,-1,-1
"15712","201201CP00311",1,9,0,6,0,1,0,0,0,0,4,1,1,1,7,1896,2,7,4,1
"15722","201201CP00311",2,3,0,18,0,2,0,0,0,0,1,1,6,1,6,124,1,8,3,1
"15732","201201CP00312",1,9,0,9,0,8,0,0,0,0,3,1,6,1,5,2148,2,8,3,1
"15742","201201CP00312",2,19,0,18,0,8,0,0,0,0,4,1,1,1,8,-1,-1,-1,2,1
"15752","201201CP00313",1,9,0,7,0,8,0,0,0,0,3,1,6,2,8,1248,2,6,5,1
"15762","201201CP00313",2,1,0,18,0,8,0,0,0,0,1,1,6,1,8,-1,-1,-1,2,1
"15772","201201CP00314",1,3,0,18,0,2,0,0,0,0,1,1,6,3,-1,125,1,1,-1,-1
"15782","201201CP00315",1,19,0,6,0,8,0,0,0,0,3,1,1,1,5,2402,2,6,-1,-1
"15792","201201CP00315",2,8,0,18,0,8,0,0,0,0,4,1,1,1,7,1997,2,-1,4,1
"15802","201201CP00316",1,11,0,7,0,2,0,0,0,0,4,1,1,1,7,6700,2,3,1,1
"15812","201201CP00317",1,1,0,5,0,1,0,0,0,0,3,1,6,2,6,-1,-1,-1,-1,-1
"15822","201201CP00317",2,11,0,7,0,1,0,0,0,0,4,1,6,1,8,-1,-1,-1,-1,-1
"15832","201201CP00319",1,5,0,18,0,8,0,0,0,0,4,1,6,1,10,839,1,3,2,1
"15842","201201CP00319",2,9,0,7,0,6,0,0,0,0,1,1,6,2,-1,3800,1,4,4,1
"15852","201201CP00320",1,9,0,9,0,5,0,0,0,0,4,1,6,1,5,1753,2,8,-1,-1
"15864","201201CP00320",2,11,0,18,0,1,0,0,0,0,1,1,1,1,8,9000,2,2,2,1
"15872","201201CP00321",1,9,0,9,0,8,0,0,0,0,4,1,1,1,9,2987,2,4,10,2
"15882","201201CP00321",2,9,0,18,0,8,0,0,0,0,1,1,6,1,6,1598,2,1,5,1
"15892","201201CP00322",1,11,0,13,0,1,0,0,0,0,4,1,1,1,8,-1,-1,-1,10,1
"15902","201201CP00322",2,1,0,11,0,1,0,0,0,0,3,1,6,2,5,-1,-1,-1,3,1
"15912","201201CP00323",1,9,0,3,0,0,0,0,0,0,2,1,1,2,5,-1,-1,-1,2,1
"15922","201201CP00323",2,20,0,4,0,0,0,0,0,0,1,1,1,1,10,2977,2,2,3,1
"15932","201201CP00324",1,19,0,1,0,2,0,0,0,0,2,1,6,1,8,2500,2,5,3,1
"15942","201201CP00325",1,1,0,13,0,1,0,0,0,0,4,1,6,1,7,-1,-1,-1,3,1
"15951","201201CP00325",2,19,0,6,0,1,0,0,0,0,3,1,6,3,-1,2198,2,4,-1,-1
"15961","201201CP00326",1,8,0,4,0,0,0,0,0,0,3,1,1,1,9,2499,2,4,2,1
"15972","201201CP00327",1,1,0,18,0,8,0,0,0,0,1,1,6,1,6,-1,-1,-1,7,1
"15982","201201CP00327",2,19,0,9,0,8,0,0,0,0,1,1,1,1,5,2402,2,4,8,1
"15991","201201CP00328",1,9,0,7,0,1,0,0,0,0,4,1,6,1,6,1390,1,3,2,1
"16001","201201CP00328",2,3,0,15,0,1,0,0,0,0,3,1,6,2,6,125,1,2,3,1
"16012","201201CP00329",1,8,0,18,0,0,0,0,0,0,3,1,1,1,8,2499,2,2,6,1
"16022","201201CP00330",1,19,0,9,0,6,0,0,0,0,3,1,1,1,8,1995,2,3,2,1
"16032","201201CP00330",2,1,0,14,0,1,0,0,0,0,1,1,6,1,6,-1,-1,-1,6,1
"16042","201201CP00331",1,1,0,18,0,2,0,0,0,0,1,1,6,1,5,-1,-1,-1,5,1
"16052","201201CP00331",2,8,0,6,0,2,0,0,0,0,4,1,1,1,6,1560,2,1,3,1
"16061","201201CP00332",1,3,0,18,0,8,0,0,0,0,1,1,6,3,-1,-1,-1,-1,-1,-1
"16071","201201CP00333",1,9,0,1,0,1,0,0,0,0,3,1,6,3,-1,-1,-1,-1,-1,-1
"16081","201201CP00334",1,4,0,3,0,1,0,0,0,0,2,1,6,2,7,124,1,3,7,1
"16092","201201CP00334",2,9,0,18,0,1,0,0,0,0,1,1,6,1,8,2148,2,7,4,1
"16122","201201CP00338",1,8,0,3,0,0,0,0,0,0,3,1,1,1,9,2402,2,8,-1,-1
"16132","201201CP00338",2,4,0,14,0,0,0,8,0,0,1,1,6,1,7,499,1,6,5,1
"16142","201201CP00340",1,1,0,18,0,1,0,0,0,0,3,1,6,1,7,-1,-1,-1,4,1
"16152","201201CP00340",2,19,0,7,0,5,0,0,0,0,4,1,1,1,5,1995,2,5,8,2
"16161","201201CP00341",1,1,0,18,0,8,0,0,0,0,4,1,6,1,6,-1,-1,-1,1,1
"16172","201201CP00341",2,8,0,9,0,8,0,0,0,0,1,1,1,1,6,1910,2,4,2,1
"16182","201201CP00342",1,1,0,7,0,5,0,0,0,0,4,1,6,1,7,-1,-1,-1,9,2
"16192","201201CP00343",1,1,0,18,4,1,0,8,0,0,1,1,6,1,9,-1,-1,-1,7,3
"16202","201201CP00343",2,8,0,3,0,1,0,0,0,0,4,1,1,1,6,2499,2,3,6,1
"16212","201201CP00344",1,9,0,9,0,8,0,0,0,0,3,1,6,1,10,1390,1,5,2,1
"16222","201201CP00344",2,8,0,18,0,8,0,0,0,0,3,1,6,1,7,2402,2,7,2,1
"16231","201201CP00345",1,8,0,7,0,2,0,0,0,0,3,1,1,1,9,2499,2,4,-1,3
"16242","201201CP00346",1,19,0,18,0,1,0,0,0,0,1,1,1,1,9,-1,-1,-1,-1,1
"16252","201201CP00347",1,8,0,9,0,5,0,0,0,0,4,1,1,1,9,2664,2,13,10,1
"16262","201201CP00347",2,1,0,18,0,1,0,0,0,0,1,1,6,1,7,-1,-1,-1,5,1
"16272","201201CP00348",1,11,0,18,0,1,0,0,0,0,1,1,1,1,8,9360,2,1,1,1
"16282","201201CP00349",1,9,0,13,0,2,0,0,0,0,4,1,6,1,8,1991,2,2,1,1
"16292","201201CP00349",2,5,0,18,0,2,0,0,0,0,3,1,6,1,7,-1,-1,-1,2,1
"16302","201201CP00350",1,5,0,9,0,0,0,0,0,0,3,1,1,1,7,1298,1,5,10,1
"16311","201201CP00351",1,8,0,13,0,1,0,0,0,0,4,1,1,1,8,2499,2,4,3,2
"16321","201201CP00351",2,1,0,18,0,1,0,0,0,0,3,1,6,1,7,-1,-1,-1,1,1
"16332","201201CP00354",1,9,0,9,0,1,0,0,0,0,3,1,1,1,9,-1,-1,-1,2,1
"16342","201201CP00354",2,3,0,13,0,1,0,0,0,0,1,1,6,1,7,124,1,11,1,1
"16352","201201CP00355",1,11,0,18,0,0,0,0,0,0,4,1,1,1,6,8268,2,9,1,1
"16362","201201CP00356",1,1,0,18,0,8,0,0,0,0,2,1,2,1,6,-1,-1,-1,1,1
"16371","201201CP00356",2,8,0,18,0,8,0,0,0,0,0,1,1,1,9,2148,2,3,9,2
"16381","201201CP00357",1,8,0,6,0,0,0,0,0,0,3,1,6,1,8,2402,2,7,-1,-1
"16391","201201CP00357",2,1,0,14,0,0,0,0,0,0,1,1,6,1,4,-1,-1,-1,5,1
"16401","201201CP00358",1,9,0,6,0,1,0,0,0,0,3,1,1,1,6,-1,-1,-1,8,1
"16411","201201CP00358",2,3,0,13,0,1,0,0,0,0,1,1,6,2,8,124,1,-1,3,1
"16421","201201CP00359",1,1,0,18,0,1,0,0,0,0,3,1,6,2,8,-1,-1,-1,3,1
"16431","201201CP00359",2,9,0,13,0,1,0,0,0,0,4,1,6,1,6,-1,-1,-1,2,1
"16441","201201CP00361",1,8,0,3,0,0,0,0,0,0,3,1,1,1,7,2499,2,5,-1,-1
"16451","201201CP00361",2,1,0,14,0,0,0,0,0,0,1,1,6,2,6,-1,-1,-1,1,1
"16462","201201CP00362",1,11,0,5,0,2,0,0,0,0,0,1,1,1,8,7300,2,9,4,1
"16471","201201CP00363",1,3,0,18,0,1,0,0,0,0,1,1,6,1,8,124,1,4,9,1
"16481","201201CP00364",1,8,0,9,0,6,0,0,0,0,3,1,1,1,8,-1,-1,-1,3,1
"16491","201201CP00364",2,4,0,18,0,1,0,0,0,0,1,1,6,1,7,599,1,13,3,1
"16501","201201CP00365",1,9,0,2,0,1,0,0,0,0,3,1,6,1,6,1598,1,8,2,1
"16511","201201CP00365",2,1,0,18,0,1,0,8,0,0,1,1,2,1,6,-1,-1,-1,10,1
"16521","201201CP00366",1,1,0,18,0,8,0,0,0,0,3,1,6,1,6,-1,-1,-1,2,1
"16531","201201CP00366",2,8,0,9,0,8,0,0,0,0,1,1,1,1,-1,2499,2,5,6,1
"16541","201201CP00367",1,1,0,14,0,0,0,0,0,0,1,1,6,1,5,-1,-1,-1,2,1
"16551","201201CP00368",1,9,0,9,0,6,0,0,0,0,0,1,6,1,7,1685,2,1,10,1
"16561","201201CP00368",2,5,0,18,0,8,0,0,0,0,3,1,6,1,9,1100,1,12,2,1
"16571","201201CP00369",1,8,0,3,0,1,0,0,0,0,2,1,6,1,9,1910,2,6,3,1
"16581","201201CP00369",2,9,0,18,0,1,0,0,0,0,1,1,6,3,-1,-1,-1,-1,-1,-1
"16591","201201CP00370",1,1,0,18,0,0,0,0,0,0,1,1,6,3,-1,-1,-1,-1,-1,-1
"16601","201201CP00371",1,9,0,3,0,1,0,0,0,0,1,1,6,1,9,-1,-1,-1,5,1
"16611","201201CP00371",2,9,0,1,0,1,0,0,0,0,2,1,6,3,-1,1968,2,1,-1,-1
"16621","201201CP00372",1,1,0,9,0,1,0,0,0,0,2,1,6,1,6,-1,-1,-1,4,1
"16631","201201CP00372",2,19,0,18,0,1,0,0,0,0,1,1,6,3,-1,-1,-1,-1,-1,-1
"16641","201201CP00373",1,1,0,18,0,0,0,0,0,0,1,1,6,3,-1,-1,-1,-1,-1,-1
"16651","201201CP00374",1,1,0,18,0,0,0,0,0,0,3,1,2,1,6,-1,-1,-1,5,1
"16661","201201CP00374",2,20,0,13,0,0,0,0,0,0,4,1,1,3,-1,-1,-1,-1,-1,-1
"16671","201201CP00375",1,1,0,18,0,1,0,0,0,0,1,1,6,1,-1,-1,-1,-1,-1,-1
"16681","201201CP00376",1,1,0,18,0,2,0,0,0,0,1,1,6,3,-1,-1,-1,-1,-1,-1
"16691","201201CP00377",1,8,0,18,0,1,0,0,0,0,3,1,1,1,7,1997,2,1,2,1
"16701","201201CP00378",1,3,0,18,0,8,0,0,0,0,1,1,6,1,6,124,1,7,7,1
"16711","201201CP00378",2,9,0,9,0,8,0,0,0,0,4,1,6,2,9,-1,-1,-1,4,1
"16721","201201CP00379",1,9,0,15,0,1,0,0,0,0,1,1,6,3,-1,-1,-1,-1,-1,-1
"16731","201201CP00380",1,3,0,18,0,1,0,0,0,0,4,1,1,1,7,125,1,2,1,1
"16761","201201CP00383",1,9,0,9,0,8,0,0,0,0,1,1,6,2,7,1392,1,14,3,1
"16771","201201CP00383",2,5,0,15,0,8,0,0,0,0,1,1,6,1,7,-1,-1,-1,9,1
"16781","201201CP00384",1,3,0,18,0,2,0,0,0,0,4,1,1,1,7,125,1,8,6,1
"16791","201201CP00385",1,1,0,15,0,1,0,8,0,0,1,1,1,1,6,-1,-1,-1,3,1
"16801","201201CP00385",2,9,0,3,0,1,0,0,0,0,4,1,6,1,7,1796,1,9,2,1
"16811","201201CP00386",1,19,0,9,0,8,0,0,0,0,3,1,6,1,6,-1,-1,-1,9,3
"16821","201201CP00386",2,3,0,13,0,8,0,0,0,0,1,1,1,1,6,125,1,4,2,1
"16831","201201CP00387",1,19,0,18,0,8,0,0,0,0,1,1,1,1,9,1753,2,1,3,1
"16841","201201CP00387",2,1,0,18,0,8,0,0,0,0,2,1,6,2,6,-1,-1,-1,2,1
"16851","201201CP00388",1,9,0,9,0,1,0,0,0,0,1,1,6,1,6,1229,1,-1,4,1
"16861","201201CP00389",1,3,0,5,0,8,0,0,0,0,3,1,6,2,8,125,1,10,9,1
"16871","201201CP00389",2,1,0,18,0,8,0,0,0,0,1,1,6,1,-1,-1,-1,-1,-1,-1
"16881","201201CP00390",1,9,0,18,0,1,0,0,0,0,2,1,6,1,7,1783,1,11,2,1
"16891","201201CP00390",2,9,0,7,0,6,0,0,0,0,1,1,6,1,-1,3199,1,10,2,1
"16901","201201CP00391",1,8,0,6,0,1,0,0,0,0,3,1,1,1,9,2499,2,2,3,1
"16911","201201CP00391",2,1,0,18,0,1,0,0,0,0,1,1,6,2,5,-1,-1,-1,2,1
"16921","201201CP00392",1,8,0,6,0,0,0,0,0,0,3,1,1,1,6,1497,8,3,2,1
"16931","201201CP00392",2,3,0,14,0,0,0,0,0,0,1,1,1,1,6,124,1,7,3,1
"16941","201201CP00393",1,9,0,9,0,8,0,0,0,0,4,1,1,1,9,-1,-1,-1,4,1
"16951","201201CP00393",2,1,0,18,0,8,0,0,0,0,1,1,6,1,7,-1,-1,-1,8,1
"16961","201201CP00394",1,11,0,5,0,1,0,0,0,0,1,1,1,1,7,4500,2,-1,5,1
"16971","201201CP00395",1,19,0,7,0,8,0,0,0,0,1,1,1,1,6,1753,2,7,3,1
"16981","201201CP00395",2,9,0,18,0,8,0,0,0,0,4,1,6,1,9,1984,1,2,10,1
"16991","201201CP00396",1,9,0,18,0,8,0,0,0,0,1,1,6,1,10,-1,-1,-1,7,1
"17001","201201CP00396",2,1,0,18,0,8,0,0,0,0,4,1,6,2,11,-1,-1,-1,10,1
"17011","201201CP00397",1,9,0,4,0,1,0,0,0,0,1,1,6,1,6,2143,2,1,1,1
"17021","201201CP00397",2,9,0,4,0,2,0,0,0,0,1,1,6,1,9,-1,-1,-1,8,2
"17031","201201CP00398",1,11,0,5,0,8,0,0,0,0,0,1,1,1,9,4500,2,-1,3,1
"17041","201201CP00399",1,11,0,13,0,2,0,0,0,0,4,1,6,1,7,-1,-1,-1,3,1
"17051","201201CP00399",2,1,0,18,0,2,0,0,0,0,3,1,6,2,6,-1,-1,-1,3,1
"17061","201201CP00401",1,21,0,7,0,8,0,0,0,0,3,1,1,1,7,-1,-1,-1,2,1
"17071","201201CP00401",2,1,0,15,0,8,0,0,0,0,4,1,6,2,5,-1,-1,-1,1,1
"17081","201201CP00402",1,9,0,18,0,8,0,0,0,0,3,1,6,2,6,1598,1,6,9,3
"17091","201201CP00402",2,8,0,18,0,8,0,0,0,0,1,1,1,1,9,2446,2,10,8,1
"1710","201201CP00403",1,11,0,5,0,1,0,0,0,0,1,1,1,1,8,4500,2,1,3,1
"1711","201201CP00403",2,4,0,3,0,1,0,0,0,0,2,1,1,1,8,400,1,20,3,1
"1712","201201CP00404",1,11,0,18,0,0,0,0,0,0,1,1,1,1,6,8268,2,9,2,1
"17131","201201CP00405",1,8,0,6,0,1,0,0,0,0,3,1,1,1,7,1560,2,1,3,1
"17141","201201CP00405",2,3,0,18,0,1,0,0,0,0,1,1,6,1,7,125,1,-1,3,1
"5145","201201EK40651",1,1,0,18,0,1,0,0,0,0,3,1,2,1,7,-1,-1,-1,1,1
"5146","201201EK40651",2,9,0,13,0,1,0,0,0,0,4,1,2,1,6,1797,8,1,4,1
"5471","201201EO40156",1,8,0,9,0,8,0,0,0,0,3,1,1,1,10,2664,2,13,-1,-1
"5472","201201EO40156",2,1,0,18,0,8,0,0,0,0,1,1,6,1,9,-1,-1,-1,3,1
"5555","201201EO40210",1,19,0,7,0,8,0,0,0,0,1,1,6,1,-1,-1,-1,-1,-1,-1
"5927","201201EO40442",1,9,0,9,0,8,0,0,0,0,3,1,1,1,5,-1,-1,-1,9,1
"5928","201201EO40442",2,1,0,18,0,1,0,0,0,0,1,1,2,1,5,-1,-1,-1,3,1
"9282","201201HT20278",1,9,0,16,0,8,0,0,0,0,1,1,4,2,9,1124,1,16,2,1
"9283","201201HT20278",2,20,0,9,0,8,0,0,0,0,4,1,1,1,-1,4250,2,9,5,1
"9514","201201HT20438",1,8,0,4,0,8,0,0,0,0,2,1,6,1,7,2499,2,4,2,1
"9515","201201HT20438",2,9,0,18,0,8,0,0,0,0,1,1,6,1,-1,1998,1,13,-1,-1
"10134","201201HT20812",1,9,0,18,0,0,0,0,0,0,1,1,6,1,-1,1910,2,4,-1,-1
"10288","201201HT20906",1,11,0,9,0,8,0,0,0,0,0,1,1,1,5,7300,2,9,2,1
"15825","201201LX50110",1,19,0,13,0,2,0,7,3,2,1,1,2,1,6,1997,2,7,-1,-1
"15861","201201LX50139",1,9,0,18,0,1,0,0,0,0,3,1,6,3,-1,-1,-1,-1,-1,-1
"15862","201201LX50139",2,1,0,18,0,1,0,0,0,0,1,1,6,1,8,-1,-1,-1,2,1
"16335","201201LX50429",1,9,0,18,0,0,0,4,0,0,1,1,1,1,8,1589,1,15,3,1
"16336","201201LX50429",2,19,0,2,0,0,0,0,0,0,2,1,6,3,-1,1995,2,3,-1,-1
"17019","201201LX50874",1,9,0,7,0,8,0,0,0,0,1,1,6,2,9,1598,1,6,3,1
"17020","201201LX50874",2,4,0,18,0,8,0,0,0,0,1,1,1,1,7,125,1,7,4,1
"17325","201201LX51088",1,8,0,5,0,8,0,0,0,0,0,1,6,1,-1,-1,-1,-1,-1,-1
"18541","201201MM70866",1,9,0,3,0,8,0,0,0,0,2,1,6,1,9,1796,1,13,5,1
"18542","201201MM70866",2,9,0,4,0,8,0,0,0,0,1,1,6,1,7,1596,1,12,5,1
"19152","201201PL60189",1,9,0,18,0,2,0,0,0,0,4,1,6,2,7,2979,1,8,3,1
"19306","201201PL60286",1,9,0,5,0,0,0,0,0,0,3,1,6,1,-1,1984,1,16,2,1
"19307","201201PL60286",2,1,0,18,0,0,0,0,0,0,1,1,2,1,8,-1,-1,-1,9,2
"19545","201201PL60443",1,9,0,1,0,6,0,0,0,0,2,1,6,2,7,1968,2,2,4,1
"19546","201201PL60443",2,1,0,18,0,8,0,0,0,0,4,1,6,2,7,-1,-1,-1,4,1
"195921","201201PL60468",1,9,0,18,0,0,0,0,0,0,1,1,6,1,6,2926,2,10,5,1
"195931","201201PL60468",2,9,0,6,0,0,0,0,0,0,4,1,6,2,10,1242,1,12,2,1
"202191","201201PY20001",1,9,0,18,0,1,0,0,0,0,1,1,6,1,6,-1,-1,-1,2,1
"202201","201201PY20002",1,9,0,18,0,1,0,10,1,10,1,1,6,1,-1,2495,2,8,3,1
"202211","201201PY20003",1,19,0,18,0,1,0,0,0,0,1,1,6,1,-1,2477,2,3,4,1
"202221","201201PY20004",1,5,0,4,0,8,0,0,0,0,1,1,6,1,8,600,1,12,10,1
"202231","201201PY20004",2,9,0,9,0,8,0,0,0,0,2,1,6,1,5,1149,1,9,-1,-1
"202241","201201PY20005",1,8,0,18,0,8,0,0,0,0,3,1,1,2,7,2402,2,8,-1,-1
"202251","201201PY20005",2,9,0,18,0,8,0,0,0,0,1,1,6,1,6,1968,2,6,4,1
"202261","201201PY20006",1,1,0,18,0,8,0,0,0,0,1,1,6,1,6,-1,-1,-1,-1,-1
"202273","201201PY20006",2,9,0,9,0,8,0,0,0,0,4,1,6,1,-1,1199,1,11,-1,-1
"202281","201201PY20007",1,11,0,18,0,1,0,0,0,0,0,1,1,1,7,3900,2,6,9,1
"202311","201201PY20009",1,9,0,18,0,8,0,0,0,0,1,1,6,1,6,1299,1,11,-1,-1
"202321","201201PY20010",1,9,0,9,0,8,0,0,0,0,3,1,6,1,5,2777,2,3,2,1
"202331","201201PY20010",2,9,0,18,0,8,0,0,0,0,1,1,6,1,7,-1,-1,-1,2,1
"202341","201201PY20011",1,9,0,18,0,1,0,0,0,0,1,1,6,1,11,998,1,12,5,1
"202351","201201PY20012",1,9,0,18,0,0,0,10,1,10,1,1,6,1,5,-1,-1,-1,2,1
"202361","201201PY20013",1,9,0,3,0,8,0,0,0,0,2,1,6,2,8,1598,1,8,5,1
"20237","201201PY20013",2,9,0,4,0,8,0,0,0,0,1,1,6,1,-1,-1,-1,-1,3,1
"202381","201201PY20014",1,3,0,13,0,0,0,0,0,0,1,1,6,1,5,-1,-1,-1,3,1
"202391","201201PY20014",2,9,0,9,0,0,0,0,0,0,3,1,6,1,10,-1,-1,-1,5,1
"202401","201201PY20015",1,9,0,3,0,8,0,0,0,0,2,1,6,2,10,1796,1,9,-1,-1
"202411","201201PY20015",2,9,0,4,0,8,0,0,0,0,1,1,6,2,7,1995,2,7,-1,-1
"202421","201201PY20016",1,9,0,18,0,1,0,7,0,0,3,1,6,1,8,1985,1,13,-1,-1
"202431","201201PY20017",1,9,0,7,0,8,0,0,0,0,4,1,6,1,5,1149,1,2,-1,-1
"202441","201201PY20017",2,1,0,18,0,8,0,0,0,0,1,1,2,1,7,-1,-1,-1,8,3
"202451","201201PY20018",1,9,0,2,0,1,0,0,0,0,3,1,6,2,7,1275,1,13,4,1
"202461","201201PY20018",2,1,0,18,0,1,0,4,0,0,1,1,2,1,8,-1,-1,-1,4,1
"202471","201201PY20019",1,9,0,4,0,0,0,0,0,0,1,1,6,2,6,1242,1,8,10,1
"202481","201201PY20019",2,9,0,18,0,0,0,0,0,0,1,1,6,3,-1,-1,-1,-1,-1,-1
"202491","201201PY20020",1,9,0,18,0,0,0,4,0,0,4,1,1,1,7,1910,2,5,6,1
"202501","201201PY20020",2,9,0,2,0,0,0,0,0,0,4,1,6,3,-1,1895,1,13,-1,-1
"202511","201201PY20020",3,9,0,2,0,0,0,0,0,0,3,1,6,3,-1,1596,1,6,-1,-1
"202522","201201PY20020",4,9,0,2,0,0,0,0,0,0,4,1,6,3,-1,2979,1,8,-1,-1
"202532","201201PY20020",5,9,0,2,0,0,0,0,0,0,2,1,6,3,-1,1390,1,2,-1,-1
"202541","201201PY20021",1,9,0,5,0,6,0,0,0,0,1,1,6,2,4,998,1,4,-1,-1
"202551","201201PY20021",2,9,0,9,0,6,0,0,0,0,1,1,6,1,6,1242,1,7,2,1
"202561","201201PY20022",1,9,0,1,9,6,0,0,0,0,2,1,6,2,5,1997,1,8,7,1
"202591","201201PY20024",1,9,0,17,0,2,5,10,1,10,1,1,6,1,6,-1,-1,-1,9,1
"202601","201201PY20025",1,2,0,3,0,8,0,0,0,0,2,1,6,1,-1,-1,-1,-1,9,1
"202611","201201PY20025",2,9,0,4,0,8,0,0,0,0,1,1,6,1,-1,-1,-1,-1,9,1
"202621","201201PY20027",1,10,0,18,0,8,0,0,0,0,1,1,6,2,8,1998,1,23,8,3
"202631","201201PY20028",1,9,0,7,0,8,0,0,0,0,4,1,6,1,7,1998,1,7,1,1
"202641","201201PY20029",1,9,0,18,0,2,0,0,0,0,1,1,1,1,7,1795,1,14,2,1
"202651","201201PY20030",1,9,0,3,0,1,0,0,0,0,2,1,6,2,6,1596,1,12,2,1
"202661","201201PY20030",2,9,0,4,0,1,0,0,0,0,1,1,6,2,-1,-1,-1,-1,-1,-1
"202671","201201PY20031",1,9,0,5,0,8,0,0,0,0,3,1,1,1,-1,-1,-1,-1,6,1
"202682","201201PY20031",2,1,0,18,0,8,0,0,0,0,1,1,6,1,7,-1,-1,-1,-1,-1
"202691","201201PY20033",1,9,0,18,0,1,0,10,1,5,1,1,6,2,10,1242,1,6,8,1
"202701","201201PY20034",1,9,0,18,0,8,0,0,0,0,1,1,1,2,7,1240,1,6,2,1
"202711","201201PY20034",2,9,0,9,0,8,0,0,0,0,1,1,1,1,7,1896,2,11,8,1
"202721","201201PY20035",1,9,0,18,0,0,0,0,0,0,1,1,6,2,7,1689,2,12,3,1
"202731","201201PY20036",1,3,0,4,0,1,0,0,0,0,1,1,6,1,4,124,1,1,3,1
"20274","201201PY20036",2,20,0,4,0,1,0,0,0,0,2,1,6,3,-1,-1,-1,-1,-1,-1
"202751","201201PY20037",1,9,0,18,0,8,0,0,0,0,4,1,6,2,8,1198,1,1,9,1
"202761","201201PY20037",2,9,0,5,0,8,0,0,0,0,1,1,6,1,6,-1,-1,-1,4,1
"202771","201201PY20038",1,9,0,4,0,2,0,0,0,0,2,1,2,1,5,2000,1,12,2,1
"202781","201201PY20038",2,4,0,18,0,2,0,0,0,0,1,1,6,1,6,124,1,6,2,1
"202791","201201PY20039",1,9,0,18,0,8,0,0,0,0,3,1,6,2,5,1240,1,8,9,1
"202801","201201PY20039",2,9,0,18,0,8,0,0,0,0,1,1,6,2,6,1598,1,1,9,1
"202811","201201PY20041",1,9,0,3,0,1,0,0,0,0,2,1,1,2,7,1870,2,7,10,1
"202821","201201PY20041",2,9,0,18,0,1,0,0,0,0,1,1,1,1,5,1390,1,11,8,1
"202831","201201PY20042",1,9,0,5,0,8,0,0,0,0,1,1,6,2,6,1198,1,7,9,1
"202841","201201PY20042",2,9,0,18,0,8,0,0,0,0,4,1,6,2,6,1598,1,6,10,1
"202851","201201PY20043",1,9,0,18,0,7,0,10,1,2,1,1,6,1,6,1596,1,11,2,1
"202861","201201PY20044",1,19,0,18,0,0,0,0,0,0,1,1,1,1,6,2402,2,2,4,1
"202871","201201PY20044",2,19,0,9,0,0,0,0,0,0,2,1,1,1,7,-1,-1,-1,5,1
"202881","201201PY20046",1,1,0,18,0,8,0,0,0,0,1,1,6,1,8,-1,-1,-1,10,1
"202891","201201PY20046",2,9,0,7,0,8,0,0,0,0,3,1,6,2,-1,-1,-1,-1,-1,-1
"202901","201201PY20047",1,9,0,4,0,2,1,0,0,0,1,1,6,1,9,1580,1,23,6,1
"202911","201201PY20048",1,9,0,3,0,8,0,0,0,0,2,1,6,1,9,2156,1,15,3,1
"202921","201201PY20048",2,9,0,4,0,8,0,0,0,0,1,1,6,1,11,1598,1,12,-1,-1
"202931","201201PY20049",1,9,0,14,0,8,0,0,0,0,1,1,6,1,5,1388,1,9,10,1
"202941","201201PY20049",2,9,0,18,0,8,0,0,0,0,1,1,6,1,10,2720,2,3,-1,-1
"202951","201201PY20051",1,9,0,18,0,0,0,0,0,0,1,1,6,1,8,1299,1,11,2,1
"202961","201201PY20052",1,9,0,18,0,0,1,0,1,2,1,1,6,1,7,1595,1,10,9,1
"202971","201201PY20053",1,9,0,7,0,8,0,0,0,0,4,1,6,2,-1,1995,2,5,-1,-1
"202981","201201PY20053",2,1,0,18,0,8,0,0,0,0,1,1,6,2,6,-1,-1,-1,9,1
"202991","201201PY20054",1,9,0,3,0,8,0,0,0,0,2,1,6,2,6,1968,2,3,-1,-1