"","Acc_Index","Vehicle_Reference","Vehicle_Type","Towing_and_Articulation","Vehicle_Manoeuvre","Vehicle_Location.Restricted_Lane","Junction_Location","Skidding_and_Overturning","Hit_Object_in_Carriageway","Vehicle_Leaving_Carriageway","Hit_Object_off_Carriageway","X1st_Point_of_Impact","Was_Vehicle_Left_Hand_Drive","Journey_Purpose_of_Driver","Sex_of_Driver","Age_Band_of_Driver","Engine_Capacity_.CC.","Propulsion_Code","Age_of_Vehicle","Driver_IMD_Decile","Driver_Home_Area_Type"
"203001","201201PY20054",2,9,0,4,0,8,0,0,0,0,1,1,6,1,6,1796,1,13,3,1
"203011","201201PY20055",1,20,1,18,0,8,0,0,0,0,1,1,1,1,8,2287,2,1,3,1
"203021","201201PY20055",2,9,0,7,0,8,0,0,0,0,1,1,6,1,7,2295,1,16,10,1
"203031","201201PY20055",3,9,0,18,0,8,0,10,7,10,4,1,6,2,7,1332,1,16,2,1
"203041","201201PY20056",1,9,0,18,0,1,0,7,0,0,1,1,6,1,11,1587,1,19,8,1
"203051","201201PY20058",1,9,0,18,0,8,0,0,0,0,4,1,6,2,7,1998,1,18,2,1
"203061","201201PY20058",2,9,0,18,0,8,0,0,0,0,3,1,2,1,-1,1242,1,10,2,1
"203071","201201PY20059",1,9,0,9,0,8,0,0,0,0,1,1,6,1,8,2204,2,6,10,1
"203081","201201PY20059",2,19,0,18,0,8,0,0,0,0,4,1,6,1,5,1995,2,2,1,1
"203091","201201PY20060",1,9,0,16,0,0,0,0,0,0,1,1,6,3,-1,-1,-1,-1,-1,-1
"203103","201201PY20062",1,9,0,17,0,0,0,0,0,0,3,1,6,1,5,1598,1,5,3,1
"203111","201201PY20062",2,19,0,2,0,0,0,0,0,0,1,1,6,3,-1,-1,-1,-1,-1,-1
"203121","201201PY20063",1,9,0,9,0,0,0,0,0,0,3,1,6,1,10,4196,1,4,9,1
"203131","201201PY20063",2,19,0,15,0,0,0,0,0,0,1,1,1,1,7,1995,2,12,4,1
"203141","201201PY20065",1,9,0,17,0,0,0,10,1,2,1,1,1,2,8,1360,1,6,10,1
"203151","201201PY20066",1,11,0,18,0,1,0,0,0,0,0,1,1,1,5,6700,2,1,-1,-1
"203161","201201PY20067",1,11,0,5,0,8,0,0,0,0,0,1,1,1,8,9000,2,3,8,1
"203181","201201PY20069",1,9,0,18,0,8,0,0,0,0,1,1,6,1,10,-1,-1,-1,9,1
"203191","201201PY20069",2,9,0,18,0,8,0,0,0,0,1,1,6,3,-1,1596,1,7,-1,-1
"203201","201201PY20070",1,9,0,18,0,8,0,0,0,0,1,1,1,1,7,1769,1,10,1,1
"203211","201201PY20070",2,9,0,9,0,8,0,0,0,0,4,1,1,1,6,1896,2,4,3,1
"203221","201201PY20072",1,9,0,18,0,1,0,0,0,0,1,1,6,1,9,1399,1,6,2,1
"203231","201201PY20072",2,2,0,5,0,1,0,0,0,0,1,1,6,1,2,-1,-1,-1,8,1
"20324","201201PY20073",1,9,0,18,0,8,0,0,0,0,0,1,6,2,8,1598,1,6,2,1
"20325","201201PY20073",2,19,0,1,0,8,0,0,0,0,0,1,6,3,-1,2198,2,5,-1,-1
"203261","201201PY20074",1,9,0,18,0,8,0,0,0,0,4,1,6,2,7,3199,1,13,9,1
"203271","201201PY20074",2,1,0,5,0,8,0,0,0,0,1,1,6,1,2,-1,-1,-1,6,1
"203281","201201PY20075",1,9,0,18,0,8,0,0,0,0,3,1,6,1,10,2495,2,10,2,1
"203291","201201PY20075",2,21,0,9,0,8,0,0,0,0,1,1,1,1,8,4580,2,4,5,1
"203301","201201PY20076",1,9,0,9,0,8,0,0,0,0,1,1,6,1,11,1597,1,20,5,1
"203311","201201PY20076",2,9,0,16,0,8,0,0,0,0,1,1,6,1,6,1998,1,9,5,1
"203321","201201PY20077",1,9,0,4,0,1,0,0,0,0,2,1,6,2,8,2793,1,11,10,1
"203331","201201PY20077",2,3,0,18,0,1,0,0,0,0,1,1,6,2,5,-1,-1,-1,2,1
"203341","201201PY20078",1,9,0,7,0,8,0,0,0,0,4,1,6,2,-1,-1,-1,-1,-1,-1
"203351","201201PY20078",2,1,0,18,0,8,0,0,0,0,1,1,6,2,6,-1,-1,-1,4,1
"203381","201201PY20080",1,9,0,18,0,1,5,0,0,0,1,1,6,1,7,2300,1,13,9,3
"203391","201201PY20082",1,9,0,3,0,0,0,0,0,0,2,1,1,1,-1,-1,-1,-1,-1,-1
"203401","201201PY20082",2,9,0,18,0,0,0,0,0,0,1,1,6,1,-1,1796,1,11,-1,-1
"203411","201201PY20083",1,9,0,18,0,1,0,0,0,0,1,1,6,1,6,3200,1,5,9,1
"203421","201201PY20083",2,90,0,18,0,2,0,0,0,0,3,1,6,2,7,-1,-1,-1,-1,-1
"203431","201201PY20084",1,5,0,5,0,8,0,0,0,0,4,1,1,2,8,1170,1,8,5,1
"203441","201201PY20084",2,9,0,5,0,8,0,0,0,0,3,1,6,3,-1,-1,-1,-1,-1,-1
"203451","201201PY20085",1,1,0,18,0,8,0,0,0,0,1,1,6,2,5,-1,-1,-1,5,1
"203461","201201PY20085",2,9,0,6,0,8,0,0,0,0,4,1,6,1,-1,1400,1,12,10,1
"203471","201201PY20088",1,9,0,6,0,0,0,0,0,0,1,1,6,2,7,3400,6,13,4,1
"203481","201201PY20088",2,1,0,18,0,0,0,0,0,0,1,1,6,1,5,-1,-1,-1,4,1
"203491","201201PY20089",1,1,0,5,0,8,0,0,0,0,2,1,6,1,8,-1,-1,-1,10,1
"20350","201201PY20089",2,9,0,5,0,8,0,0,0,0,1,1,1,3,-1,2926,2,9,-1,-1
"20351","201201PY20090",1,9,0,18,0,8,0,0,0,0,1,1,1,2,5,1397,1,3,8,1
"203521","201201PY20090",2,9,0,9,0,8,0,0,0,0,4,1,1,2,5,1329,1,-1,-1,-1
"203531","201201PY20091",1,5,0,18,0,8,0,0,0,0,1,1,6,1,-1,647,1,15,-1,-1
"203541","201201PY20091",2,9,0,9,0,8,0,0,0,0,4,1,6,2,-1,-1,-1,-1,7,1
"203551","201201PY20092",1,9,0,18,0,8,0,0,0,0,1,1,2,2,6,-1,-1,-1,2,1
"203561","201201PY20092",2,9,0,5,0,8,0,0,0,0,3,1,6,2,4,1598,1,7,6,1
"203571","201201PY20093",1,9,0,5,0,8,0,0,0,0,1,1,3,2,9,1896,2,5,10,1
"203581","201201PY20094",1,9,0,1,0,0,0,0,0,0,2,1,6,3,-1,-1,-1,-1,-1,-1
"203591","201201PY20095",1,9,0,18,0,0,0,0,0,0,3,1,6,1,10,2492,1,13,9,1
"203601","201201PY20095",2,9,0,18,0,0,0,0,0,0,4,1,6,1,-1,2498,1,12,-1,-1
"203611","201201PY20096",1,9,0,18,0,2,1,0,0,0,1,1,6,1,5,1598,1,5,7,1
"203621","201201PY20096",2,9,0,2,0,2,0,0,0,0,1,1,6,2,-1,2967,2,6,9,1
"203631","201201PY20097",1,1,0,15,0,2,0,0,0,0,1,1,2,1,-1,-1,-1,-1,-1,-1
"203641","201201PY20097",2,9,0,2,0,2,0,0,0,0,3,1,6,2,-1,1198,1,1,-1,-1
"203651","201201PY20098",1,9,0,9,0,8,0,10,1,10,1,1,6,2,11,1699,1,7,9,1
"203661","201201PY20099",1,9,0,7,0,8,0,0,0,0,1,1,6,2,6,1149,1,8,7,1
"203671","201201PY20100",1,9,0,7,0,8,0,0,0,0,4,1,6,1,9,2184,2,11,5,1
"203681","201201PY20100",2,1,0,18,0,8,0,0,0,0,1,1,6,1,4,-1,-1,-1,9,1
"203691","201201PY20101",1,9,0,7,0,8,0,0,0,0,1,1,6,1,7,-1,-1,-1,4,1
"203701","201201PY20101",2,9,0,18,0,8,0,0,0,0,4,1,6,1,9,1896,2,7,5,1
"203711","201201PY20102",1,9,0,18,0,1,0,0,0,0,1,1,6,3,-1,-1,-1,-1,-1,-1
"203721","201201PY20103",1,9,0,18,0,1,0,10,1,7,1,1,6,1,10,1242,1,5,-1,-1
"203731","201201PY20104",1,9,0,4,0,2,1,0,0,0,1,1,1,1,6,847,1,14,3,1
"203741","201201PY20104",2,9,0,3,0,2,0,0,0,0,2,1,1,1,7,1598,1,4,4,1
"203751","201201PY20104",3,9,0,3,0,2,0,0,0,0,2,1,1,2,8,1596,1,10,4,1
"203761","201201PY20105",1,3,0,18,0,8,0,0,0,0,4,1,2,1,6,-1,-1,-1,4,1
"203771","201201PY20105",2,9,0,9,0,6,0,0,0,0,1,1,6,2,-1,-1,-1,-1,5,1
"203781","201201PY20106",1,9,0,10,0,1,0,0,0,0,2,1,3,2,6,1689,2,11,4,1
"203791","201201PY20106",2,9,0,18,0,1,0,0,0,0,1,1,6,2,9,1596,1,9,8,1
"203801","201201PY20107",1,9,0,4,0,8,0,0,0,0,1,1,1,1,6,-1,-1,-1,4,1
"203811","201201PY20107",2,1,0,9,0,8,0,0,0,0,3,1,1,1,4,-1,-1,-1,4,1
"203821","201201PY20108",1,19,0,1,0,1,0,0,0,0,2,1,1,1,6,2463,2,8,10,1
"203831","201201PY20112",1,9,0,18,0,8,0,0,0,0,4,1,6,2,4,1298,1,11,8,1
"203841","201201PY20112",2,9,0,18,0,8,0,0,0,0,1,1,6,2,9,1799,1,16,10,1
"203871","201201PY20114",1,9,0,5,0,8,0,0,0,0,1,1,6,2,8,1968,2,5,4,1
"203881","201201PY20114",2,9,0,18,0,8,0,0,1,4,4,1,6,2,9,1360,1,3,6,1
"203891","201201PY20117",1,9,0,5,0,8,0,0,0,0,4,1,6,2,7,1360,1,13,-1,-1
"203901","201201PY20117",2,1,0,17,0,8,0,0,0,0,1,1,6,1,9,-1,-1,-1,8,1
"203911","201201PY20118",1,9,0,1,0,6,0,0,0,0,2,1,6,1,-1,1598,1,8,-1,-1
"203921","201201PY20119",1,9,0,4,0,8,0,0,0,0,2,1,2,2,6,998,1,8,-1,-1
"203931","201201PY20119",2,9,0,4,0,8,0,0,0,0,1,1,6,1,-1,-1,-1,-1,-1,-1
"203941","201201PY20120",1,9,0,18,0,0,0,0,0,0,3,1,6,1,-1,1389,1,15,4,1
"203951","201201PY20120",2,9,0,18,0,0,0,10,1,4,3,1,6,1,-1,1995,2,1,-1,-1
"203961","201201PY20121",1,9,0,18,0,8,0,0,0,0,1,1,6,2,7,1240,1,8,-1,-1
"203971","201201PY20121",2,9,0,18,0,8,0,0,0,0,4,1,6,3,-1,1242,1,3,-1,-1
"203981","201201PY20122",1,9,0,18,0,8,0,0,0,0,1,1,6,2,6,-1,-1,-1,-1,-1
"203991","201201PY20122",2,9,0,18,0,8,0,0,0,0,4,1,6,2,5,1968,2,3,10,1
"204001","201201PY20123",1,11,0,4,0,1,0,0,0,0,0,1,1,1,-1,8268,2,9,3,1
"204011","201201PY20124",1,19,0,14,0,2,0,0,0,0,4,1,6,1,-1,-1,-1,-1,-1,-1
"204021","201201PY20125",1,9,0,18,0,2,0,0,0,0,4,1,6,1,8,1493,2,5,9,1
"204031","201201PY20127",1,19,0,18,0,0,0,4,0,0,1,1,1,1,7,2198,2,2,3,1
"204041","201201PY20127",2,9,0,2,0,0,0,4,0,0,2,1,6,3,-1,1995,2,9,-1,-1
"204051","201201PY20127",3,9,0,2,0,0,0,4,0,0,2,1,6,3,-1,1399,2,2,-1,-1
"204061","201201PY20128",1,1,0,14,0,8,1,0,0,0,4,1,2,1,7,-1,-1,-1,6,1
"204071","201201PY20128",2,9,0,5,0,6,0,0,0,0,1,1,6,1,-1,1339,1,9,3,1
"204081","201201PY20129",1,9,0,18,0,8,0,7,7,2,1,1,6,1,11,1753,2,10,6,1
"204091","201201PY20130",1,9,0,9,0,8,0,0,0,0,1,1,6,1,6,998,1,8,2,1
"204101","201201PY20130",2,9,0,9,0,8,0,0,0,0,4,1,6,1,7,999,1,3,2,1
"204111","201201PY20130",3,9,0,10,0,1,0,0,0,0,1,1,6,2,6,1798,1,4,1,1
"204121","201201PY20131",1,9,0,18,0,8,0,0,0,0,1,1,2,2,5,1598,1,2,9,1
"204131","201201PY20131",2,9,0,9,0,8,0,0,0,0,4,1,6,2,-1,1298,1,9,-1,-1
"204141","201201PY20132",1,11,0,4,0,1,0,0,0,0,0,1,1,1,8,9000,2,9,1,1
"204151","201201PY20133",1,9,0,9,0,5,0,0,0,0,4,1,6,1,7,1595,1,12,2,1
"204161","201201PY20133",2,9,0,18,0,8,0,0,0,0,4,1,6,1,-1,4196,1,8,-1,-1
"204171","201201PY20135",1,9,0,3,0,8,0,0,0,0,1,1,6,1,5,1360,1,6,9,1
"204181","201201PY20135",2,9,0,9,0,6,0,0,0,0,1,1,6,2,-1,1598,1,-1,-1,-1
"204191","201201PY20136",1,11,0,18,0,1,0,0,0,0,0,1,1,2,6,-1,-1,-1,4,2
"204201","201201PY20138",1,9,0,14,0,0,5,0,0,0,1,1,6,1,6,1560,2,6,8,1
"204211","201201PY20138",2,9,0,3,0,0,0,0,0,0,2,1,3,2,6,1242,1,-1,7,3
"204221","201201PY20138",3,11,0,3,0,0,0,0,0,0,2,1,1,1,6,9400,2,6,2,1
"204231","201201PY20138",4,9,0,18,0,0,0,0,1,0,3,1,6,1,6,2720,2,4,8,1
"204261","201201PY20142",1,9,0,8,0,1,0,0,0,0,2,1,6,1,4,1391,1,16,8,1
"204271","201201PY20142",2,9,0,18,0,1,0,0,0,0,1,1,6,1,-1,2351,1,13,-1,-1
"204281","201201PY20143",1,9,0,9,0,5,0,0,0,0,0,1,2,1,5,1598,1,10,8,1
"204291","201201PY20143",2,5,0,18,0,2,1,4,0,0,1,1,6,1,8,1199,1,9,8,1
"204301","201201PY20143",3,9,0,2,0,2,0,0,0,0,1,1,6,3,-1,-1,-1,-1,-1,-1
"204311","201201PY20144",1,9,0,9,0,6,0,0,0,0,1,1,6,1,6,1997,2,5,-1,-1
"204321","201201PY20145",1,11,0,3,0,1,0,0,0,0,0,1,1,1,7,4500,2,4,8,1
"204331","201201PY20145",2,90,0,5,0,1,0,0,0,0,0,1,6,1,-1,-1,-1,-1,7,1
"204341","201201PY20146",1,9,0,9,0,6,0,0,0,0,1,1,1,1,5,1796,1,8,9,1
"204351","201201PY20147",1,9,0,9,0,5,0,10,1,2,1,1,6,2,7,1390,1,6,2,1
"204361","201201PY20148",1,9,0,4,0,0,0,0,0,0,1,1,6,2,7,2777,2,2,3,1
"204371","201201PY20148",2,9,0,4,0,0,0,0,0,0,2,1,6,2,7,1798,1,5,7,1
"204381","201201PY20148",3,9,0,3,0,0,0,0,0,0,2,1,6,2,9,-1,-1,-1,4,1
"204391","201201PY20149",1,9,0,3,0,0,0,0,0,0,2,1,2,2,5,1299,1,10,8,3
"204401","201201PY20149",2,9,0,18,0,0,0,0,0,0,1,1,6,1,-1,-1,-1,-1,-1,-1
"204411","201201PY20150",1,11,0,5,2,1,0,0,0,0,0,1,1,1,-1,9200,2,9,8,1
"204421","201201PY20151",1,9,0,3,0,8,0,0,0,0,2,1,6,2,8,2996,1,5,9,1
"204431","201201PY20151",2,5,0,4,0,8,0,0,0,0,1,1,6,1,6,918,1,12,-1,-1
"204441","201201PY20152",1,8,0,14,0,2,0,0,0,0,4,1,6,1,-1,2499,2,1,-1,-1
"204451","201201PY20154",1,9,0,18,0,1,0,0,0,0,1,1,6,1,-1,-1,-1,-1,-1,-1
"204461","201201PY20155",1,9,0,4,0,2,0,0,0,0,1,1,6,1,11,1560,2,3,8,1
"204471","201201PY20158",1,9,0,4,0,1,0,0,0,0,1,1,6,2,-1,1124,1,12,-1,-1
"204481","201201PY20158",2,9,0,3,0,1,0,0,0,0,2,1,6,1,6,2616,1,7,6,1
"204491","201201PY20159",1,9,0,18,0,0,0,0,0,0,4,1,3,2,6,1598,1,9,3,1
"204501","201201PY20161",1,9,0,5,0,8,0,0,0,0,3,1,1,2,6,1399,2,1,9,1
"204511","201201PY20161",2,9,0,17,0,8,0,0,0,0,1,1,6,1,-1,1396,1,13,5,1
"204521","201201PY20161",3,9,0,17,0,8,0,0,0,0,1,1,6,1,-1,-1,-1,-1,-1,-1
"204531","201201PY20162",1,9,0,13,0,0,0,0,0,0,4,1,6,1,10,2967,1,11,3,1
"204541","201201PY20162",2,1,0,18,0,0,0,0,0,0,3,1,6,1,6,-1,-1,-1,-1,-1
"204551","201201PY20162",3,1,0,18,0,0,0,0,0,0,3,1,6,1,6,-1,-1,-1,3,1
"204561","201201PY20163",1,9,0,7,0,2,0,4,0,0,1,1,6,1,5,1339,1,7,-1,-1
"204571","201201PY20163",2,8,0,2,0,1,0,0,0,0,1,1,6,3,-1,2402,2,9,-1,-1
"204581","201201PY20164",1,9,0,4,0,8,0,0,0,0,0,1,6,1,8,1582,2,3,6,1
"204591","201201PY20164",2,9,0,4,0,8,0,0,0,0,0,1,6,1,4,1364,1,6,7,1
"204601","201201PY20164",3,9,0,4,0,8,0,0,0,0,2,1,6,1,6,1995,1,5,3,1
"204611","201201PY20164",4,9,0,4,0,8,0,0,0,0,1,1,6,1,4,998,1,-1,7,1
"204621","201201PY20165",1,9,0,18,0,0,0,0,0,0,1,1,6,3,-1,-1,-1,-1,-1,-1
"204631","201201PY20166",1,9,0,18,0,6,0,0,0,0,1,1,6,1,9,1493,1,16,-1,-1
"204641","201201PY20166",2,1,0,18,0,8,0,0,0,0,4,1,6,2,5,-1,-1,-1,3,1
"204651","201201PY20167",1,1,0,7,0,8,0,0,0,0,1,1,6,1,-1,-1,-1,-1,10,1
"204661","201201PY20167",2,9,0,18,0,8,0,0,0,0,4,1,6,3,-1,1999,1,5,-1,-1
"204671","201201PY20168",1,9,0,9,0,8,5,0,7,2,1,1,6,2,4,1398,1,9,10,1
"204681","201201PY20169",1,9,0,18,0,8,0,0,0,0,3,1,6,1,7,-1,-1,-1,2,1
"204691","201201PY20169",2,9,0,18,0,8,0,0,0,0,1,1,1,1,8,1910,2,5,-1,-1
"204701","201201PY20170",1,9,0,5,0,2,0,0,0,0,3,1,6,2,5,1229,1,4,3,1
"204711","201201PY20170",2,3,0,16,0,2,0,0,0,0,4,1,6,1,5,124,1,6,6,1
"204721","201201PY20171",1,9,0,5,0,8,0,0,0,0,3,1,6,2,9,1999,1,3,7,1
"204731","201201PY20171",2,1,0,18,0,8,0,0,0,0,1,1,6,1,9,-1,-1,-1,8,1
"204741","201201PY20172",1,9,0,9,0,8,0,0,0,0,4,1,6,1,6,1796,1,7,3,1
"204751","201201PY20172",2,2,0,18,0,8,0,0,0,0,1,1,1,1,6,-1,-1,-1,9,1
"204761","201201PY20173",1,9,0,16,0,1,0,0,0,0,1,1,6,2,4,899,1,13,7,3
"204771","201201PY20173",2,9,0,17,0,2,5,0,0,0,1,1,6,1,-1,1240,1,8,6,1
"204781","201201PY20174",1,9,0,18,0,2,0,10,1,4,1,1,2,2,10,1493,2,4,9,2
"204791","201201PY20176",1,9,0,18,0,2,0,10,7,10,1,1,6,1,11,1339,1,10,6,1
"204801","201201PY20177",1,5,0,18,0,8,0,0,0,0,1,1,2,1,7,600,1,9,-1,-1
"204811","201201PY20178",1,9,0,18,0,2,0,0,0,0,3,1,6,1,7,3969,1,20,2,1
"204821","201201PY20179",1,9,0,9,0,8,0,0,0,0,4,1,6,1,8,2148,2,8,8,1
"204831","201201PY20179",2,4,0,18,0,8,0,0,0,0,1,1,6,1,4,-1,-1,-1,9,1
"204841","201201PY20180",1,9,0,18,0,2,0,0,0,0,4,1,6,2,7,1596,1,8,9,1
"204851","201201PY20181",1,9,0,9,0,8,0,0,0,0,3,1,6,1,7,3628,2,3,6,1
"204861","201201PY20181",2,9,0,18,0,8,0,0,0,0,1,1,6,2,-1,1598,2,3,3,1
"204871","201201PY20182",1,9,0,1,0,2,0,0,0,0,2,1,6,1,9,1389,1,9,10,1
"204881","201201PY20183",1,9,0,4,0,1,0,0,0,0,1,1,6,1,6,1995,2,3,9,1
"204891","201201PY20183",2,3,0,4,0,1,0,0,0,0,2,1,6,1,6,124,1,5,4,1
"204911","201201PY20185",1,9,0,18,0,0,0,0,0,0,1,1,6,3,-1,1598,1,10,-1,-1
"204921","201201PY20185",2,9,0,3,0,0,0,0,0,0,2,1,6,1,11,-1,-1,-1,8,1
"204931","201201PY20186",1,9,0,18,0,8,0,0,0,0,1,1,6,1,7,1998,1,5,5,1
"204941","201201PY20186",2,9,0,3,0,8,0,0,0,0,2,1,6,2,7,1984,1,14,3,1
"204951","201201PY20187",1,9,0,4,0,2,0,0,0,0,2,1,6,1,7,1490,1,5,3,1
"204961","201201PY20187",2,9,0,18,0,2,0,0,0,0,0,1,6,2,7,1998,2,12,5,1
"204971","201201PY20188",1,9,0,9,0,8,0,0,0,0,3,1,6,1,6,2400,2,4,8,1
"204981","201201PY20188",2,9,0,18,0,8,0,0,0,0,1,1,6,1,11,954,1,24,2,1
"204991","201201PY20190",1,9,0,7,0,1,0,0,0,0,1,1,6,2,5,1199,1,10,2,1
"205001","201201PY20190",2,3,0,18,0,1,0,0,0,0,4,1,1,1,5,125,1,9,4,1
"205031","201201PY20192",1,9,0,4,0,8,0,0,0,0,1,1,6,1,8,1229,1,3,10,1
"205041","201201PY20192",2,9,0,4,0,8,0,10,1,10,2,1,6,2,8,2997,1,5,9,1
"205051","201201PY20193",1,5,0,18,0,8,0,0,0,0,0,1,6,1,6,645,1,9,2,1
"205061","201201PY20194",1,9,0,3,0,8,0,0,0,0,3,1,6,2,6,1388,1,9,4,1
"205071","201201PY20194",2,9,0,9,0,8,0,0,0,0,1,1,6,1,7,2967,1,4,3,1
"205081","201201PY20195",1,9,0,18,0,0,0,0,0,0,1,1,6,1,11,989,1,12,9,1
"205091","201201PY20195",2,9,0,5,0,0,0,0,0,0,3,1,3,2,6,1796,1,3,7,1
"205101","201201PY20196",1,9,0,18,0,1,0,0,0,0,1,1,6,2,6,1600,1,14,2,1
"205111","201201PY20197",1,9,0,18,0,1,0,7,7,4,1,1,6,1,5,2979,1,8,2,1
"205121","201201PY20197",2,9,0,18,0,2,0,0,0,0,1,1,6,1,5,1998,1,4,6,1
"205131","201201PY20198",1,19,0,18,0,0,0,0,0,0,1,1,6,1,-1,-1,-1,-1,-1,-1
"205141","201201PY20199",1,9,0,9,0,8,0,0,0,0,1,1,1,1,6,2498,1,12,2,1
"205151","201201PY20199",2,9,0,5,0,8,0,0,0,0,1,1,6,1,-1,1995,2,2,8,1
"205161","201201PY20200",1,3,0,18,0,8,0,0,0,0,1,1,1,1,6,125,1,1,6,1
"205171","201201PY20200",2,9,0,18,0,8,0,0,0,0,3,1,1,1,-1,-1,-1,-1,-1,-1
"205181","201201PY20202",1,9,0,18,0,8,0,0,0,0,1,1,2,1,6,2496,1,11,6,1
"205191","201201PY20202",2,9,0,9,0,8,0,0,0,0,1,1,6,1,-1,1998,2,6,5,1
"205201","201201PY20203",1,1,0,18,0,2,0,0,0,0,1,1,2,1,8,-1,-1,-1,-1,-1
"205211","201201PY20203",2,9,0,6,0,2,0,0,0,0,4,1,6,3,-1,1951,2,11,-1,-1
"205221","201201PY20204",1,9,0,18,0,1,0,0,0,0,4,1,1,1,9,1796,1,4,7,1
"205231","201201PY20205",1,9,0,1,0,2,0,0,0,0,2,1,6,3,-1,-1,-1,-1,-1,-1
"205241","201201PY20206",1,9,0,18,0,0,5,0,0,0,4,1,2,2,9,1998,1,11,3,1
"205251","201201PY20206",2,9,0,2,0,0,0,0,0,0,3,1,6,2,5,-1,-1,-1,5,1
"205261","201201PY20207",1,9,0,5,0,8,0,0,0,0,1,1,2,1,6,1596,1,11,10,1
"205271","201201PY20207",2,9,0,18,0,8,0,0,0,0,4,1,6,1,6,1298,1,9,-1,-1
"205281","201201PY20208",1,9,0,4,0,1,0,0,0,0,2,1,6,2,4,1390,1,10,-1,-1
"205291","201201PY20208",2,9,0,4,0,1,0,0,0,0,1,1,6,3,-1,-1,-1,-1,-1,-1
"205301","201201PY20210",1,9,0,9,0,8,0,0,0,0,2,1,6,2,6,1995,2,7,9,1
"205311","201201PY20210",2,9,0,9,0,8,0,0,0,0,1,1,6,3,-1,1198,1,2,-1,-1
"205321","201201PY20211",1,9,0,18,0,0,0,0,0,0,1,1,6,3,-1,-1,-1,-1,-1,-1
"205331","201201PY20212",1,9,0,18,0,1,0,0,0,0,4,1,6,1,5,1242,1,5,1,1
"205341","201201PY20213",1,9,0,18,0,0,0,0,0,0,1,1,6,1,7,2199,2,2,9,1
"205351","201201PY20213",2,9,0,18,0,0,0,0,0,0,1,1,6,1,9,1399,1,2,-1,-1
"205361","201201PY20214",1,9,0,18,0,8,0,0,0,0,4,1,2,2,6,1587,1,9,6,2
"205371","201201PY20214",2,9,0,5,0,8,0,0,0,0,1,1,1,2,6,1461,2,7,3,1
"205381","201201PY20216",1,9,0,7,0,8,0,0,0,0,0,1,6,3,-1,999,1,4,-1,-1
"205391","201201PY20217",1,9,0,4,0,1,0,0,0,0,2,1,2,2,5,998,1,10,7,1
"205401","201201PY20217",2,19,0,18,0,1,0,0,0,0,1,1,6,3,-1,1686,2,3,-1,-1
"205411","201201PY20218",1,9,0,18,0,0,0,0,0,0,1,1,6,1,5,1390,1,5,-1,-1
"205421","201201PY20218",2,9,0,2,0,0,0,0,0,0,1,1,6,1,5,-1,-1,-1,5,1
"205431","201201PY20221",1,3,0,14,0,2,0,0,0,0,1,1,6,1,-1,278,1,2,-1,-1
"205441","201201PY20222",1,9,0,18,0,1,0,0,0,0,4,1,6,2,-1,-1,-1,-1,-1,-1
"205451","201201PY20223",1,11,0,16,0,1,0,0,0,0,0,1,6,1,8,-1,2,9,3,1
"205461","201201PY20224",1,9,0,18,0,1,0,0,0,0,1,1,6,2,6,1984,1,16,1,1
"205471","201201PY20224",2,3,0,18,0,2,1,0,0,0,1,1,6,1,6,125,1,12,4,1
"205481","201201PY20225",1,19,0,4,0,0,0,0,0,0,2,1,1,1,8,2143,2,1,9,1
"205491","201201PY20225",2,9,0,18,0,0,0,0,0,0,1,1,6,2,8,1596,1,11,2,1
"205501","201201PY20226",1,1,0,18,0,8,0,0,0,0,1,1,6,2,-1,-1,-1,-1,-1,-1
"205511","201201PY20226",2,9,0,7,0,8,0,0,0,0,4,1,6,3,-1,-1,-1,-1,-1,-1
"205521","201201PY20227",1,9,0,18,0,0,0,0,1,4,1,1,6,1,9,1299,1,9,-1,-1
"205531","201201PY20228",1,9,0,4,0,1,0,0,0,0,2,1,6,1,-1,1388,1,7,-1,-1
"205541","201201PY20228",2,9,0,4,0,1,0,0,0,0,2,1,6,1,7,1797,1,12,-1,-1
"205551","201201PY20228",3,9,0,4,0,1,0,0,0,0,1,1,6,1,11,-1,-1,-1,5,1
"205562","201201PY20229",1,9,0,2,0,1,0,0,0,0,3,1,6,2,7,-1,-1,-1,8,1
"205574","201201PY20229",2,19,0,15,0,1,0,0,0,0,4,1,6,3,-1,2198,2,1,-1,-1
"2055810","201201PY20230",1,9,0,4,0,1,0,0,0,0,1,1,6,1,8,1769,1,7,10,1
"2055910","201201PY20230",2,9,0,4,0,1,0,0,0,0,2,1,6,1,8,1796,1,5,8,1
"2056010","201201PY20232",1,9,0,18,0,0,0,0,0,0,1,1,6,1,6,1598,1,9,-1,-1
"2056110","201201PY20232",2,9,0,18,0,0,0,0,0,0,1,1,6,1,11,1796,1,10,-1,-1
"205627","201201PY20233",1,9,0,18,0,0,0,0,0,0,1,1,6,3,-1,1298,1,10,-1,-1