"","Acc_Index","Vehicle_Reference","Vehicle_Type","Towing_and_Articulation","Vehicle_Manoeuvre","Vehicle_Location.Restricted_Lane","Junction_Location","Skidding_and_Overturning","Hit_Object_in_Carriageway","Vehicle_Leaving_Carriageway","Hit_Object_off_Carriageway","X1st_Point_of_Impact","Was_Vehicle_Left_Hand_Drive","Journey_Purpose_of_Driver","Sex_of_Driver","Age_Band_of_Driver","Engine_Capacity_.CC.","Propulsion_Code","Age_of_Vehicle","Driver_IMD_Decile","Driver_Home_Area_Type"
"208251","201201PY20398",2,19,0,4,0,2,0,0,0,0,2,1,6,1,8,-1,-1,-1,8,1
"208261","201201PY20398",3,9,0,4,0,2,0,0,0,0,1,1,6,2,8,1995,2,4,9,1
"208272","201201PY20399",1,9,0,18,0,8,0,0,0,0,4,1,1,2,8,1587,1,9,5,1
"208282","201201PY20399",2,19,0,9,0,6,0,0,0,0,1,1,6,1,-1,1560,2,1,-1,-1
"2082911","201201PY20400",1,9,0,4,0,1,0,0,0,0,2,1,2,2,7,1598,1,2,7,1
"2083011","201201PY20400",2,9,0,4,0,1,0,0,0,0,1,1,6,1,6,-1,-1,-1,4,1
"2083111","201201PY20401",1,9,0,9,0,6,0,0,0,0,3,1,6,2,4,998,1,1,6,2
"2083211","201201PY20401",2,3,0,14,0,8,0,0,0,0,1,1,6,1,4,-1,-1,-1,8,1
"2083310","201201PY20402",1,9,0,9,0,8,0,0,0,0,1,1,6,1,7,1997,1,5,3,1
"208344","201201PY20402",2,9,0,4,0,8,1,0,0,0,1,1,6,1,-1,1149,1,1,-1,-1
"2083511","201201PY20403",1,9,0,9,0,6,0,0,0,0,3,1,2,1,9,1396,1,14,2,1
"2083610","201201PY20403",2,4,0,18,0,8,0,0,0,0,1,1,6,1,-1,124,1,1,-1,-1
"2083711","201201PY20404",1,9,0,5,0,8,0,0,0,0,1,1,1,2,6,1998,1,10,10,1
"2083811","201201PY20404",2,1,0,4,0,8,0,0,0,0,4,1,2,1,7,-1,-1,-1,10,1
"2083911","201201PY20406",1,9,0,18,0,0,1,7,7,1,1,1,6,1,5,1796,1,3,3,1
"2084011","201201PY20407",1,9,0,18,0,8,0,0,7,0,4,1,6,1,9,1124,1,9,9,1
"2084110","201201PY20407",2,1,0,9,0,6,0,0,0,0,1,1,1,1,7,-1,-1,-1,-1,-1
"2084211","201201PY20408",1,9,0,18,0,2,0,0,1,10,1,1,6,2,10,2993,2,1,9,1
"2084311","201201PY20409",1,5,0,16,0,1,1,7,0,0,4,1,6,1,6,781,1,10,-1,-1
"2084411","201201PY20410",1,9,0,9,0,8,0,0,0,0,4,1,6,1,4,1150,1,9,7,1
"2084511","201201PY20410",2,9,0,18,0,8,0,0,0,0,1,1,6,2,-1,1299,1,5,8,1
"2084611","201201PY20411",1,9,0,18,0,0,5,0,1,0,1,1,6,1,6,1242,1,6,3,1
"2084711","201201PY20411",2,9,0,18,0,0,0,0,0,0,0,1,6,2,7,-1,-1,-1,8,1
"2084811","201201PY20412",1,1,0,15,0,8,0,0,0,0,3,1,2,2,6,-1,-1,-1,-1,-1
"2084911","201201PY20412",2,8,0,3,0,8,0,0,0,0,4,1,1,1,-1,-1,-1,-1,-1,-1
"208504","201201PY20413",1,9,0,17,0,1,1,10,1,2,4,1,6,1,5,1796,1,9,-1,-1
"2085111","201201PY20414",1,9,0,18,0,1,0,0,0,0,3,1,6,2,4,998,1,5,8,1
"2085211","201201PY20414",2,9,0,18,0,2,0,0,0,0,3,1,6,2,-1,2597,1,8,-1,-1
"208536","201201PY20415",1,9,0,10,0,1,0,0,0,0,2,1,6,1,-1,2268,2,-1,10,1
"2085411","201201PY20415",2,9,0,10,0,1,0,0,0,0,2,1,6,2,9,1329,1,3,9,1
"2085511","201201PY20415",3,9,0,11,0,1,0,0,0,0,1,1,6,1,8,2231,2,7,2,1
"2085611","201201PY20416",1,9,0,7,0,2,0,0,0,0,1,1,6,3,-1,-1,-1,-1,-1,-1
"208574","201201PY20417",1,9,0,10,0,8,0,0,0,0,2,1,6,2,8,1995,2,5,-1,-1
"2085811","201201PY20417",2,9,0,5,0,8,0,0,0,0,1,1,6,2,7,1984,1,11,8,1
"2085910","201201PY20418",1,11,0,3,0,0,0,0,0,0,2,1,6,1,7,4500,2,1,4,1
"2086011","201201PY20418",2,1,0,18,0,0,0,0,0,0,1,1,6,1,8,-1,-1,-1,10,1
"2086110","201201PY20419",1,9,0,9,0,8,0,0,0,0,4,1,6,2,8,1598,1,10,6,3
"208623","201201PY20419",2,9,0,18,0,8,0,0,0,0,1,1,2,2,8,1598,1,14,2,1
"2086310","201201PY20420",1,9,0,18,0,1,0,7,3,2,1,1,6,1,11,-1,-1,-1,7,1
"2086411","201201PY20421",1,9,0,18,0,8,0,0,0,0,4,1,6,2,8,-1,-1,-1,8,1
"208658","201201PY20422",1,9,0,9,0,8,0,0,0,0,3,1,1,2,10,1339,1,3,8,1
"2086611","201201PY20422",2,5,0,14,0,8,0,0,0,0,4,1,1,1,6,599,1,4,6,3
"2086711","201201PY20423",1,9,0,7,0,5,0,0,0,0,1,1,6,1,5,-1,-1,-1,2,1
"2086810","201201PY20423",2,9,0,4,0,6,0,0,0,0,1,1,6,2,8,1997,1,8,3,1
"2086911","201201PY20424",1,11,0,18,0,1,0,0,0,0,0,1,1,1,8,9000,2,9,7,3
"2087011","201201PY20426",1,1,0,18,0,8,0,0,0,0,4,1,6,1,5,-1,-1,-1,-1,-1
"2087111","201201PY20426",2,9,0,7,0,6,1,0,0,0,1,1,6,1,-1,-1,-1,-1,-1,-1
"208726","201201PY20427",1,4,0,17,0,0,1,0,0,0,4,1,6,1,6,749,1,14,4,1
"2087311","201201PY20427",2,9,0,2,0,0,0,0,0,0,3,1,6,3,-1,-1,-1,-1,-1,-1
"2087411","201201PY20428",1,9,0,9,0,8,0,0,0,0,1,1,6,2,7,1800,1,13,4,1
"2087511","201201PY20428",2,9,0,18,0,8,0,0,0,0,1,1,6,2,7,-1,-1,-1,8,1
"2087611","201201PY20429",1,9,0,5,0,0,0,0,0,0,1,1,6,1,-1,-1,-1,-1,-1,-1
"2087710","201201PY20430",1,9,0,18,0,8,0,0,0,0,1,1,6,2,9,2400,2,-1,6,1
"2087811","201201PY20430",2,9,0,9,0,8,0,0,0,0,1,1,6,2,7,1199,2,1,-1,-1
"2087911","201201PY20431",1,9,0,18,0,8,0,0,0,0,4,1,6,1,4,1199,1,9,-1,-1
"208805","201201PY20431",2,9,0,18,0,8,0,0,0,0,1,1,6,1,10,-1,-1,-1,7,1
"2088111","201201PY20432",1,9,0,18,0,8,1,0,0,0,1,1,6,1,6,1596,1,7,3,1
"2088211","201201PY20432",2,9,0,9,0,8,0,0,0,0,1,1,1,2,4,-1,-1,-1,2,1
"2088311","201201PY20432",3,19,0,3,0,1,0,0,0,0,1,1,6,3,-1,-1,-1,-1,-1,-1
"2088411","201201PY20433",1,9,0,18,0,0,0,10,7,5,1,1,6,2,11,1242,1,7,7,1
"2088511","201201PY20434",1,9,0,4,0,1,0,0,0,0,2,1,6,1,9,1956,2,1,9,1
"2088611","201201PY20434",2,9,0,18,0,1,0,0,0,0,1,1,6,1,-1,1600,1,13,2,1
"2088711","201201PY20435",1,9,0,18,0,0,0,0,1,2,1,1,6,1,6,1242,1,8,9,3
"2088811","201201PY20436",1,9,0,18,0,0,0,0,0,0,2,1,6,1,6,1796,1,6,8,1
"208894","201201PY20436",2,4,0,18,0,0,1,0,0,0,1,1,6,1,5,124,1,6,5,1
"208902","201201PY20436",3,9,0,18,0,0,1,10,0,0,4,1,6,1,8,-1,-1,-1,3,1
"208912","201201PY20437",1,9,0,18,0,1,0,0,0,0,3,1,6,2,5,1461,2,11,6,1
"208922","201201PY20437",2,9,0,5,0,1,0,0,0,0,4,1,6,1,-1,1360,1,9,4,1
"208932","201201PY20438",1,21,0,5,0,2,0,0,0,0,4,1,1,1,8,15928,2,7,2,1
"208942","201201PY20438",2,1,0,5,0,2,0,0,0,0,3,1,6,1,9,-1,-1,-1,8,1
"208952","201201PY20439",1,8,0,3,0,0,0,0,0,0,2,1,1,1,9,1998,2,5,10,1
"208962","201201PY20439",2,9,0,3,0,0,0,0,0,0,1,1,6,1,-1,1598,1,9,3,1
"208972","201201PY20440",1,5,0,18,0,8,1,0,0,0,1,1,6,1,6,998,1,3,6,1
"208982","201201PY20441",1,9,0,1,0,0,0,0,0,0,2,1,6,2,-1,1596,1,10,-1,-1
"208992","201201PY20442",1,11,0,5,0,0,0,0,0,0,0,1,1,1,-1,-1,-1,-1,-1,-1
"209002","201201PY20443",1,9,0,18,0,0,1,0,0,0,4,1,6,1,6,1796,1,14,4,1
"209012","201201PY20443",2,9,0,2,0,0,0,0,0,0,3,1,6,1,-1,1124,1,11,-1,-1
"209022","201201PY20444",1,9,0,3,0,0,0,0,0,0,2,1,6,2,9,1598,1,7,2,1
"209032","201201PY20444",2,9,0,18,0,0,0,0,0,0,1,1,6,2,-1,998,1,12,-1,-1
"209042","201201PY20445",1,9,0,18,0,0,0,4,0,0,1,1,6,1,11,1796,1,11,10,1
"209052","201201PY20445",2,9,0,2,0,0,0,0,0,0,1,1,6,3,-1,1598,1,7,-1,-1
"209062","201201PY20446",1,9,0,18,0,0,0,0,0,0,4,1,6,2,7,1390,1,9,5,1
"209072","201201PY20446",2,1,0,18,0,0,0,0,0,0,1,1,6,1,7,-1,-1,-1,1,1
"209082","201201PY20447",1,8,0,18,0,8,0,0,0,0,1,1,6,1,6,1998,2,4,8,1
"209092","201201PY20447",2,9,0,9,0,8,0,0,0,0,1,1,6,2,8,-1,-1,-1,6,1
"209102","201201PY20448",1,9,0,7,0,8,0,0,0,0,3,1,6,1,4,1149,1,11,9,1
"209112","201201PY20448",2,1,0,18,0,8,0,0,0,0,1,1,6,2,6,-1,-1,-1,6,1
"209122","201201PY20451",1,9,0,9,0,2,0,0,0,0,1,1,6,1,5,-1,-1,-1,8,1
"209132","201201PY20451",2,9,0,18,0,1,0,0,0,0,1,1,6,1,7,-1,-1,-1,-1,-1
"209142","201201PY20452",1,9,0,3,0,1,0,0,0,0,2,1,6,1,5,1199,1,9,3,1
"209152","201201PY20452",2,9,0,18,0,1,1,0,0,0,1,1,6,1,4,1598,1,10,6,1
"209162","201201PY20454",1,9,0,18,0,8,0,0,0,0,3,1,6,2,9,996,1,1,7,1
"209172","201201PY20454",2,9,0,18,0,8,0,0,0,0,1,1,1,1,7,-1,-1,-1,3,1
"209182","201201PY20455",1,9,0,5,0,6,0,0,0,0,1,1,6,1,8,-1,-1,-1,10,1
"209192","201201PY20456",1,9,0,6,0,8,0,0,0,0,4,1,6,1,6,1199,1,13,3,1
"209202","201201PY20456",2,9,0,18,0,8,0,0,0,0,1,1,6,1,8,-1,-1,-1,4,1
"209212","201201PY20457",1,9,0,17,0,0,0,0,0,0,3,1,6,1,7,1910,2,6,2,1
"209222","201201PY20457",2,9,0,16,0,0,0,0,1,4,3,1,6,2,5,1198,1,8,8,1
"209232","201201PY20458",1,9,0,9,0,8,0,0,0,0,1,1,6,2,-1,1598,1,3,-1,-1
"209242","201201PY20458",2,9,0,18,0,8,0,0,0,0,1,1,6,2,8,2688,2,9,9,1
"209252","201201PY20459",1,9,0,9,0,8,0,0,0,0,1,1,6,1,6,1896,2,16,9,1
"209262","201201PY20459",2,9,0,18,0,8,0,0,0,0,4,1,6,1,5,1364,1,-1,8,3
"209272","201201PY20459",3,9,0,2,0,8,0,0,0,0,4,1,6,3,-1,1896,2,10,-1,-1
"209282","201201PY20460",1,9,0,18,0,8,0,0,0,0,1,1,6,2,5,1598,1,9,2,1
"209292","201201PY20460",2,9,0,9,0,8,0,0,0,0,3,1,6,2,8,1242,1,6,8,1
"209302","201201PY20461",1,9,0,6,0,0,0,4,0,0,3,1,6,1,4,1124,1,11,6,1
"209312","201201PY20461",2,8,0,13,0,0,0,0,0,0,1,1,6,1,6,1497,8,5,2,1
"209322","201201PY20461",3,9,0,2,0,0,0,0,0,0,3,1,6,1,-1,-1,-1,-1,-1,-1
"209332","201201PY20462",1,9,0,17,0,0,0,0,0,0,1,1,6,1,11,1199,1,9,-1,-1
"209342","201201PY20462",2,9,0,16,0,0,0,0,0,0,1,1,6,1,-1,1197,1,1,-1,-1
"209352","201201PY20463",1,9,0,18,0,8,0,0,0,0,3,1,6,1,5,1896,2,8,7,3
"209362","201201PY20463",2,9,0,9,0,8,0,0,0,0,1,1,6,2,8,1199,1,9,2,1
"209372","201201PY20464",1,9,0,8,0,1,0,0,0,0,2,1,6,2,8,973,1,10,-1,-1
"209382","201201PY20464",2,9,0,18,0,1,0,0,0,0,1,1,6,1,-1,1242,1,11,2,1
"209392","201201PY20465",1,19,0,2,0,2,0,0,0,0,1,1,1,1,7,1248,2,1,9,1
"209402","201201PY20465",2,9,0,5,0,2,0,4,0,0,2,1,6,1,7,2616,1,5,-1,-1
"209412","201201PY20466",1,9,0,9,0,5,0,0,0,0,2,1,6,1,8,1968,2,4,3,1
"209422","201201PY20466",2,9,0,18,0,1,0,0,0,0,1,1,6,2,8,-1,-1,-1,4,1
"209432","201201PY20467",1,19,0,1,0,8,0,0,0,0,2,1,6,1,9,-1,-1,-1,8,1
"209442","201201PY20467",2,9,0,18,0,8,0,0,0,0,4,1,6,2,8,-1,-1,-1,3,1
"209452","201201PY20468",1,9,0,9,0,8,0,0,0,0,4,1,6,2,7,1386,1,8,2,1
"209462","201201PY20468",2,1,0,18,0,8,0,0,0,0,1,1,6,1,5,-1,-1,-1,9,1
"209472","201201PY20469",1,9,0,18,0,0,0,0,0,0,1,1,6,2,6,2180,2,17,9,1
"209482","201201PY20469",2,1,0,18,0,0,0,0,0,0,3,1,6,1,3,-1,-1,-1,2,1
"209492","201201PY20470",1,9,0,9,0,8,0,0,0,0,4,1,6,1,8,1798,1,14,8,1
"209502","201201PY20470",2,9,0,18,0,8,0,0,0,0,1,1,6,1,6,2685,2,8,1,1
"209512","201201PY20471",1,9,0,18,0,1,0,10,0,0,4,1,6,2,6,1149,1,8,2,1
"209522","201201PY20471",2,9,0,18,0,6,0,0,0,0,1,1,6,3,-1,-1,-1,-1,-1,-1
"209532","201201PY20472",1,9,0,18,0,8,0,0,0,0,1,1,6,2,6,1390,1,10,5,2
"209542","201201PY20472",2,19,0,9,0,8,0,0,0,0,3,1,1,1,8,2148,2,2,7,1
"209552","201201PY20473",1,9,0,18,0,1,0,0,0,0,1,1,6,1,6,1870,2,11,8,1
"209562","201201PY20474",1,9,0,9,0,8,0,0,0,0,3,1,6,1,6,-1,-1,-1,5,1
"209572","201201PY20474",2,3,0,18,0,8,0,0,0,0,1,1,6,3,-1,-1,-1,-1,-1,-1
"209602","201201PY20476",1,9,0,18,0,2,0,0,0,0,1,1,6,2,7,1769,1,10,7,1
"209612","201201PY20476",2,9,0,7,0,6,0,0,0,0,3,1,6,1,5,1995,1,6,6,1
"209622","201201PY20477",1,9,0,9,0,8,0,0,0,0,4,1,6,1,5,1968,2,3,8,1
"209632","201201PY20477",2,9,0,18,0,8,0,0,0,0,1,1,6,2,10,1997,1,5,4,1
"209642","201201PY20478",1,11,0,4,0,8,0,0,0,0,0,1,1,1,9,6700,2,-1,1,1
"209652","201201PY20478",2,9,0,5,0,8,0,0,0,0,0,1,6,1,8,-1,-1,-1,-1,-1
"209662","201201PY20480",1,9,0,5,0,2,0,0,0,0,1,1,6,2,-1,-1,-1,-1,-1,-1
"209672","201201PY20481",1,9,0,18,0,0,0,0,0,0,1,1,6,2,7,1598,2,1,-1,-1
"209682","201201PY20481",2,9,0,18,0,0,0,0,0,0,1,1,6,1,8,998,1,16,-1,-1
"209692","201201PY20481",3,9,0,2,0,0,0,0,0,0,2,1,6,3,-1,-1,-1,-1,-1,-1
"209702","201201PY20482",1,5,0,13,0,8,0,0,0,0,1,1,6,1,8,600,1,9,1,1
"209712","201201PY20482",2,9,0,9,0,8,0,0,0,0,4,1,6,2,8,1900,2,6,8,1
"209722","201201PY20483",1,9,0,18,0,0,0,0,0,0,1,1,6,1,11,1596,1,5,6,1
"209732","201201PY20483",2,9,0,3,0,0,0,0,0,0,2,1,6,1,6,-1,-1,-1,10,1
"209742","201201PY20484",1,9,0,2,0,0,0,0,0,0,3,1,6,2,7,1896,2,3,5,1
"209752","201201PY20484",2,19,0,5,0,0,0,0,0,0,3,1,6,1,-1,-1,-1,-1,-1,-1
"209762","201201PY20485",1,5,0,13,0,1,0,7,0,0,1,1,6,1,6,645,1,1,2,1
"209771","201201PY20486",1,11,0,4,0,1,0,0,0,0,0,1,1,1,6,8268,2,8,7,1
"209781","201201PY20487",1,8,0,5,0,0,0,0,0,0,4,1,6,1,10,2664,2,14,8,1
"209792","201201PY20489",1,9,0,2,0,0,0,8,0,0,3,1,6,1,6,1796,1,6,10,2
"209801","201201PY20489",2,9,0,2,0,0,0,0,0,0,3,1,6,1,7,1796,1,6,5,1
"209812","201201PY20490",1,9,0,16,0,8,0,0,0,0,3,1,6,2,5,1299,1,10,4,1
"209822","201201PY20490",2,11,0,16,0,8,0,0,0,0,4,1,6,1,7,9000,2,3,1,1
"209832","201201PY20491",1,11,0,4,0,0,0,0,0,0,0,1,1,1,7,6700,2,-1,5,1
"209842","201201PY20492",1,9,0,6,0,1,0,0,1,0,3,1,6,1,-1,2148,2,9,-1,-1
"209852","201201PY20492",2,1,0,5,0,1,0,0,0,0,4,1,6,1,7,-1,-1,-1,2,1
"209862","201201PY20493",1,9,0,3,0,8,0,0,0,0,2,1,6,1,7,1995,2,2,9,1
"209872","201201PY20493",2,9,0,5,0,8,0,0,0,0,1,1,6,2,5,1198,1,2,4,1
"209882","201201PY20495",1,9,0,10,0,8,0,0,0,0,2,1,6,2,7,3199,1,11,9,1
"209892","201201PY20495",2,9,0,10,0,8,0,0,0,0,2,1,6,2,7,998,1,13,9,1
"209901","201201PY20496",1,9,0,17,0,2,0,0,0,0,3,1,6,1,9,1598,1,12,4,1
"209912","201201PY20496",2,9,0,16,0,2,0,0,0,0,1,1,6,1,-1,999,1,12,1,1
"209922","201201PY20497",1,9,0,9,0,8,0,0,0,0,4,1,6,2,4,1299,1,9,9,1
"209932","201201PY20497",2,1,0,9,0,8,0,0,0,0,3,1,6,2,9,-1,-1,-1,-1,-1
"209942","201201PY20498",1,5,0,18,0,0,0,0,0,0,1,1,6,1,8,1203,1,8,-1,-1
"209952","201201PY20499",1,9,0,18,0,8,0,0,0,0,4,1,6,2,8,2995,1,10,3,1
"209962","201201PY20499",2,9,0,18,0,8,0,0,0,0,1,1,6,2,-1,1948,1,11,9,1
"209971","201201PY20500",1,9,0,7,0,2,0,10,1,0,1,1,6,2,-1,-1,-1,-1,-1,-1
"209982","201201PY20501",1,9,0,18,0,8,0,0,0,0,4,1,6,2,7,1360,1,11,1,1
"209992","201201PY20501",2,9,0,18,0,8,0,0,0,0,1,1,6,1,8,-1,-1,-1,4,1
"210002","201201PY20503",1,19,0,18,0,0,0,0,0,0,1,1,6,1,6,-1,-1,-1,7,3
"210012","201201PY20503",2,9,0,18,0,0,0,0,0,0,1,1,6,2,6,1997,1,6,-1,-1
"210022","201201PY20504",1,9,0,18,0,8,0,0,0,0,4,1,6,2,10,1149,1,6,10,1
"210032","201201PY20504",2,9,0,9,0,8,0,0,0,0,1,1,6,2,11,1396,1,9,10,1
"210042","201201PY20505",1,11,0,4,0,1,0,0,0,0,0,1,1,1,7,6700,2,-1,3,1
"210052","201201PY20506",1,9,0,18,0,1,0,0,0,0,0,1,6,1,-1,-1,-1,-1,-1,-1
"210061","201201PY20507",1,9,0,18,0,8,0,0,0,0,3,1,6,1,8,1968,2,2,2,1
"210071","201201PY20507",2,1,0,18,0,8,0,0,0,0,1,1,6,2,-1,-1,-1,-1,-1,-1
"210082","201201PY20508",1,1,0,18,0,0,0,0,0,0,3,1,6,1,6,-1,-1,-1,4,1
"210092","201201PY20508",2,9,0,12,0,0,0,0,0,0,4,1,6,1,-1,1968,2,4,5,1
"210102","201201PY20511",1,9,0,9,0,8,0,0,0,0,1,1,6,1,8,1995,2,8,3,1
"210112","201201PY20511",2,11,0,17,0,8,0,0,0,0,1,1,1,1,7,3900,2,10,1,1
"210122","201201PY20512",1,9,0,10,0,8,0,0,0,0,4,1,6,1,-1,1390,1,3,5,1
"210132","201201PY20512",2,9,0,7,0,8,0,8,1,0,3,1,6,3,-1,1995,2,4,-1,-1
"210142","201201PY20513",1,9,0,3,0,8,0,0,0,0,2,1,6,1,8,1753,2,12,8,1
"210152","201201PY20513",2,9,0,4,0,8,0,0,0,0,1,1,6,1,-1,1994,1,10,-1,-1
"210162","201201PY20514",1,9,0,7,0,8,0,0,0,0,3,1,6,1,8,3724,1,8,7,1
"210172","201201PY20514",2,1,0,17,0,8,0,0,0,0,1,1,6,1,7,-1,-1,-1,4,1
"210182","201201PY20515",1,9,0,18,0,0,0,4,0,0,1,1,6,1,8,1124,1,11,6,1
"210192","201201PY20515",2,9,0,2,0,0,0,0,0,0,2,1,6,1,7,996,1,7,-1,-1
"210202","201201PY20516",1,9,0,9,0,8,0,0,0,0,4,1,6,1,10,1973,1,13,3,1
"210212","201201PY20516",2,1,0,17,0,8,0,0,0,0,1,1,6,1,6,-1,-1,-1,4,1
"210222","201201PY20517",1,9,0,9,0,5,0,0,0,0,1,1,1,2,5,1397,1,12,1,1
"210232","201201PY20518",1,9,0,9,0,8,0,0,0,0,1,1,6,2,7,2435,1,11,9,1
"210242","201201PY20518",2,9,0,17,0,8,0,0,0,0,1,1,6,2,4,-1,-1,-1,7,1
"210252","201201PY20519",1,11,0,4,0,0,0,0,0,0,0,1,1,1,6,9000,2,3,2,1
"210262","201201PY20520",1,11,0,10,0,1,0,0,0,0,2,1,1,1,8,9000,2,6,8,1
"210272","201201PY20520",2,9,0,18,0,1,0,0,0,0,1,1,6,1,6,1229,1,4,3,1
"210282","201201PY20521",1,9,0,8,0,8,0,0,0,0,2,1,6,2,7,1388,1,1,7,1
"210292","201201PY20521",2,21,0,18,0,8,0,0,0,0,1,1,6,1,7,-1,-1,-1,6,1
"210302","201201PY20522",1,9,0,5,0,8,0,0,0,0,3,1,6,1,11,1586,1,8,4,1
"210312","201201PY20522",2,11,0,18,0,8,0,0,0,0,4,1,1,1,8,6871,2,5,9,1
"210322","201201PY20523",1,9,0,9,0,8,0,0,0,0,1,1,6,1,9,1975,1,14,-1,3
"210332","201201PY20523",2,9,0,18,0,8,0,0,0,0,4,1,6,1,11,1999,1,5,10,1
"210342","201201PY20524",1,9,0,18,0,8,0,0,1,0,4,1,6,1,9,998,1,-1,9,1
"210352","201201PY20524",2,9,0,9,0,8,0,0,0,0,1,1,6,1,8,1850,1,15,3,1
"210362","201201PY20525",1,9,0,7,0,2,0,0,0,0,1,1,6,1,5,599,1,11,-1,-1
"210372","201201PY20525",2,9,0,2,0,2,0,0,0,0,4,1,6,1,9,1339,1,1,2,1
"210382","201201PY20526",1,1,0,18,0,8,0,0,0,0,1,1,6,1,6,-1,-1,-1,3,1
"210392","201201PY20526",2,9,0,9,0,8,0,0,0,0,4,1,6,2,7,1595,1,2,6,1
"210402","201201PY20527",1,9,0,9,0,8,0,0,0,0,4,1,6,1,8,1984,1,8,6,1
"210412","201201PY20527",2,5,0,18,0,8,0,0,0,0,1,1,6,2,5,599,1,4,4,1
"210422","201201PY20528",1,9,0,18,0,0,0,0,0,0,3,1,6,2,8,850,1,-1,4,1
"210432","201201PY20529",1,9,0,7,0,5,0,0,0,0,4,1,6,1,-1,-1,-1,-1,-1,-1
"210442","201201PY20529",2,1,0,18,0,1,0,0,0,0,3,1,2,2,-1,-1,-1,-1,7,1
"210452","201201PY20530",1,9,0,18,0,0,0,0,0,0,1,1,6,2,8,1360,1,9,2,1
"210461","201201PY20530",2,1,0,18,0,0,0,0,0,0,2,1,6,1,9,-1,-1,-1,8,1
"210472","201201PY20531",1,9,0,18,0,8,0,0,0,0,4,1,2,2,4,1199,1,8,3,1
"210482","201201PY20531",2,19,0,9,0,8,0,0,0,0,1,1,2,1,8,1686,2,8,8,1
"210492","201201PY20533",1,3,0,18,0,0,0,0,0,0,0,1,6,2,6,124,1,2,2,1
"210502","201201PY20534",1,9,0,18,0,8,0,0,0,0,3,1,6,2,5,1149,1,11,4,1
"210512","201201PY20534",2,9,0,9,0,8,0,0,0,0,1,1,6,2,-1,2171,1,9,-1,-1
"210522","201201PY20535",1,9,0,3,0,0,0,0,0,0,3,1,6,1,4,-1,-1,-1,2,1
"210532","201201PY20535",2,19,0,18,0,0,0,0,0,0,3,1,6,2,8,2299,2,14,4,3
"210542","201201PY20536",1,11,0,3,0,0,0,0,0,0,2,1,1,1,8,-1,-1,-1,3,1
"210552","201201PY20536",2,11,0,18,0,0,0,0,0,0,1,1,1,1,9,9400,2,6,9,1
"210562","201201PY20537",1,9,0,18,0,8,0,0,0,0,1,1,2,2,6,1499,1,5,8,1
"210572","201201PY20537",2,9,0,18,0,8,0,0,0,0,3,1,6,1,-1,-1,-1,-1,-1,-1
"210582","201201PY20539",1,11,0,4,0,8,0,0,0,0,0,1,1,1,-1,-1,-1,-1,-1,-1
"210592","201201PY20540",1,9,0,7,0,0,0,0,0,0,1,1,6,2,8,-1,-1,-1,8,1
"210602","201201PY20540",2,9,0,18,0,0,0,0,0,0,4,1,6,1,6,996,1,3,1,1
"210612","201201PY20541",1,9,0,18,0,1,0,0,0,0,1,1,6,1,11,1598,1,11,4,1
"210622","201201PY20542",1,9,0,18,0,1,0,0,0,0,1,1,1,2,7,1995,2,3,-1,-1
"210632","201201PY20543",1,9,0,9,0,8,0,0,0,0,4,1,6,2,5,973,1,11,10,1
"210642","201201PY20543",2,9,0,18,0,8,0,0,0,0,1,1,6,2,6,1198,1,1,9,1
"210652","201201PY20544",1,9,0,4,0,1,0,0,0,0,2,1,6,1,5,1598,1,4,6,1
"210662","201201PY20544",2,9,0,4,0,1,0,0,0,0,1,1,6,2,4,-1,-1,-1,8,1
"210672","201201PY20545",1,11,0,18,0,8,0,0,0,0,4,1,1,3,-1,-1,-1,-1,-1,-1
"210682","201201PY20547",1,9,0,9,0,8,0,0,0,0,4,1,6,1,7,1896,2,2,9,1
"210692","201201PY20547",2,9,0,18,0,8,0,0,0,0,1,1,6,2,6,1299,1,13,5,1
"210702","201201PY20548",1,5,0,18,0,8,0,7,0,0,1,1,6,1,8,600,1,6,7,1
"210712","201201PY20548",2,9,0,18,0,8,0,0,0,0,3,1,6,1,6,-1,-1,-1,6,1
"210722","201201PY20549",1,9,0,4,0,1,0,0,0,0,1,1,6,1,5,1798,1,8,-1,-1
"210732","201201PY20549",2,9,0,4,0,1,0,0,0,0,2,1,6,1,7,-1,-1,-1,3,1
"210742","201201PY20550",1,9,0,7,0,8,0,0,0,0,4,1,6,2,7,1896,2,10,6,2
"210752","201201PY20550",2,5,0,9,0,8,0,0,0,0,3,1,6,1,5,675,1,3,3,1
"210761","201201PY20551",1,3,0,18,0,1,0,0,0,0,0,1,6,1,5,124,1,4,1,1
"210772","201201PY20551",2,9,0,12,0,1,0,0,0,0,0,1,6,1,4,1796,1,13,1,1
"210782","201201PY20552",1,9,0,18,0,8,0,0,0,0,1,1,6,1,8,-1,-1,-1,6,1
"210792","201201PY20552",2,19,0,9,0,8,0,0,0,0,3,1,6,1,9,2461,2,1,4,1