"","Acc_Index","Vehicle_Reference","Vehicle_Type","Towing_and_Articulation","Vehicle_Manoeuvre","Vehicle_Location.Restricted_Lane","Junction_Location","Skidding_and_Overturning","Hit_Object_in_Carriageway","Vehicle_Leaving_Carriageway","Hit_Object_off_Carriageway","X1st_Point_of_Impact","Was_Vehicle_Left_Hand_Drive","Journey_Purpose_of_Driver","Sex_of_Driver","Age_Band_of_Driver","Engine_Capacity_.CC.","Propulsion_Code","Age_of_Vehicle","Driver_IMD_Decile","Driver_Home_Area_Type"
"213411","201201PY29095",2,9,0,3,0,8,0,0,0,0,2,1,6,1,8,1364,1,6,3,1
"213421","201201PY29096",1,11,0,18,0,8,0,0,0,0,0,1,1,1,8,9000,2,3,2,1
"213431","201201QA10001",1,9,0,9,0,8,0,0,0,0,4,1,6,3,-1,1995,1,7,-1,-1
"213481","201201QA10004",1,9,0,7,0,3,0,0,0,0,4,1,6,2,4,1108,1,4,7,1
"213491","201201QA10004",2,1,0,18,0,8,0,0,0,0,3,1,6,1,8,-1,-1,-1,9,1
"213501","201201QA10005",1,9,0,3,0,1,0,0,0,0,1,1,6,1,7,4000,1,11,7,1
"213511","201201QA10005",2,9,0,3,0,1,0,0,0,0,2,1,2,1,5,-1,-1,-1,6,1
"213521","201201QA10005",3,9,0,3,0,1,0,0,0,0,2,1,6,1,7,1796,1,10,6,1
"21353","201201QA10006",1,9,0,18,0,2,0,4,0,0,1,1,6,1,7,1956,2,2,6,1
"213541","201201QA10006",2,9,0,2,0,2,0,0,0,0,1,1,6,3,-1,1086,1,2,-1,-1
"213551","201201QA10007",1,9,0,9,0,8,0,0,0,0,2,1,6,1,6,1896,2,7,3,1
"213561","201201QA10007",2,9,0,18,0,8,0,0,0,0,1,1,6,1,5,1390,1,10,9,1
"213571","201201QA10008",1,19,0,4,0,1,0,0,0,0,1,1,6,1,6,-1,-1,-1,2,1
"213581","201201QA10008",2,9,0,4,0,1,0,0,0,0,2,1,6,1,8,1998,1,6,8,1
"213591","201201QA10009",1,9,0,3,0,8,0,0,0,0,2,1,6,1,7,1242,1,9,1,1
"213601","201201QA10009",2,9,0,3,0,8,0,0,0,0,2,1,6,1,-1,1587,1,8,-1,-1
"213611","201201QA10009",3,9,0,18,0,8,0,0,0,0,1,1,6,1,-1,-1,-1,-1,-1,-1
"213621","201201QA10010",1,9,0,18,0,1,0,0,0,0,4,1,6,2,4,1299,1,12,7,1
"213641","201201QA10012",1,9,0,1,0,1,0,0,0,0,2,1,6,1,-1,-1,-1,-1,-1,-1
"213651","201201QA10013",1,9,0,18,0,1,0,0,0,0,1,1,6,1,10,1995,2,8,6,1
"213661","201201QA10014",1,9,0,18,0,1,0,0,0,0,1,1,6,1,-1,1560,2,8,6,1
"213671","201201QA10014",2,9,0,3,0,1,0,0,0,0,2,1,6,2,9,-1,-1,-1,6,1
"213681","201201QA10015",1,9,0,3,0,1,0,0,0,0,2,1,6,1,6,1600,1,14,4,1
"213691","201201QA10015",2,9,0,18,0,1,0,0,0,0,1,1,6,1,-1,1360,1,15,-1,-1
"213701","201201QA10017",1,9,0,1,0,8,0,0,0,0,2,1,6,1,7,1390,1,11,5,1
"213711","201201QA10018",1,9,0,18,0,8,0,0,0,0,1,1,6,2,7,-1,-1,-1,6,1
"213721","201201QA10018",2,9,0,9,0,8,0,0,0,0,3,1,6,2,7,-1,-1,-1,7,1
"213731","201201QA10019",1,9,0,4,0,2,0,0,0,0,2,1,6,2,6,1598,1,11,-1,-1
"213741","201201QA10019",2,9,0,4,0,2,0,0,0,0,2,1,6,2,6,-1,-1,-1,2,1
"213751","201201QA10019",3,9,0,4,0,2,0,0,0,0,1,1,6,1,6,1598,1,3,7,1
"213761","201201QA10020",1,9,0,3,0,0,0,0,0,0,2,1,6,2,8,-1,-1,-1,7,1
"213771","201201QA10020",2,9,0,18,0,0,0,0,0,0,1,1,6,1,-1,1497,1,11,-1,-1
"213781","201201QA10021",1,9,0,9,0,2,0,0,0,0,1,1,6,1,4,1390,1,11,6,1
"213791","201201QA10022",1,5,0,18,0,0,0,0,0,0,4,1,6,1,7,599,1,13,4,1
"213801","201201QA10022",2,9,0,6,0,0,0,0,0,0,3,1,6,1,10,1988,1,11,7,1
"213811","201201QA10022",3,9,0,18,0,0,0,0,0,0,1,1,6,2,8,998,1,11,4,1
"213821","201201QA10023",1,9,0,1,0,2,0,0,0,0,2,1,6,1,10,1796,1,18,4,1
"213831","201201QA10024",1,9,0,7,0,1,0,0,0,0,4,1,6,2,6,1989,1,12,6,1
"213841","201201QA10024",2,9,0,2,0,1,0,0,0,0,3,1,6,1,7,2688,2,12,6,1
"213851","201201QA10024",3,4,0,15,0,1,0,0,0,0,1,1,6,1,5,498,1,15,9,1
"213901","201201QA10029",1,9,0,4,0,1,0,0,0,0,2,1,6,2,7,1794,1,10,6,1
"213911","201201QA10029",2,9,0,18,0,1,0,0,0,0,1,1,6,1,5,-1,-1,-1,9,1
"213921","201201QA10030",1,9,0,7,0,3,1,7,0,0,1,1,3,1,5,-1,-1,-1,9,1
"213931","201201QA10031",1,2,0,18,0,8,1,0,0,0,3,1,1,1,7,-1,-1,-1,6,1
"213941","201201QA10031",2,9,0,9,0,8,0,0,0,0,0,1,1,2,-1,1390,2,7,6,1
"213951","201201QA10032",1,9,0,5,0,1,0,0,0,0,1,1,6,2,11,1468,1,20,-1,-1
"213981","201201QA10034",1,19,0,9,0,8,0,0,0,0,1,1,1,1,8,1598,2,1,8,1
"213991","201201QA10034",2,5,0,14,0,8,0,0,0,0,3,1,6,1,5,599,1,13,-1,-1
"214001","201201QA10035",1,9,0,18,0,0,0,0,0,0,1,1,6,1,8,1391,1,17,6,1
"214011","201201QA10038",1,9,0,7,0,3,0,7,1,1,1,1,6,1,6,1988,1,10,7,1
"214021","201201QA10038",2,9,0,2,6,2,0,0,0,0,1,1,6,2,7,1968,2,2,9,1
"214031","201201QA10038",3,9,0,2,6,2,0,0,0,0,1,1,6,1,8,1299,1,8,8,1
"214041","201201QA10040",1,9,0,2,0,0,0,0,0,0,3,1,6,2,6,1896,2,10,5,1
"214051","201201QA10040",2,9,0,18,0,0,0,8,0,0,3,1,6,3,-1,-1,-1,-1,-1,-1
"214061","201201QA10041",1,9,0,9,0,8,0,0,0,0,4,1,6,2,7,-1,-1,-1,7,1
"214071","201201QA10041",2,3,0,18,0,8,0,0,0,0,1,1,6,1,4,-1,-1,-1,8,1
"214111","201201QA10043",1,9,0,8,0,1,0,0,0,0,1,1,6,2,-1,-1,-1,-1,-1,-1
"214121","201201QA10043",2,9,0,18,0,1,0,0,0,0,2,1,6,2,8,998,1,3,8,1
"214131","201201QA10044",1,9,0,18,0,1,0,0,0,0,1,1,6,2,9,1498,1,12,8,1
"214141","201201QA10045",1,9,0,18,0,8,0,0,0,0,1,1,6,1,8,1396,1,14,4,1
"214151","201201QA10045",2,9,0,18,0,8,0,0,0,0,1,1,6,1,7,1995,2,8,4,1
"214161","201201QA10046",1,9,0,18,0,8,0,0,0,0,1,1,6,2,5,1596,1,11,3,1
"214171","201201QA10046",2,9,0,18,0,8,0,0,0,0,1,1,6,1,6,1900,2,13,7,1
"214181","201201QA10051",1,9,0,5,0,1,0,0,0,0,1,1,6,1,7,2295,1,13,2,1
"214191","201201QA10053",1,9,0,10,0,1,0,0,0,0,2,1,6,1,7,1998,1,9,6,1
"214201","201201QA10053",2,9,0,18,0,1,0,0,0,0,1,1,6,1,-1,-1,-1,-1,-1,-1
"214211","201201QA10054",1,9,0,14,0,0,0,0,0,0,3,1,6,3,-1,1339,1,9,-1,-1
"214221","201201QA10054",2,9,0,3,0,0,0,0,0,0,4,1,6,2,4,1124,1,9,4,1
"214231","201201QA10055",1,11,0,7,0,2,0,0,0,0,0,1,1,1,6,9000,2,3,9,1
"214261","201201QA10057",1,9,0,18,0,0,0,0,0,0,1,1,6,2,7,1360,1,9,9,1
"214271","201201QA10058",1,9,0,7,0,1,0,0,0,0,3,1,6,1,6,1998,1,6,7,1
"214281","201201QA10059",1,9,0,9,0,8,0,0,0,0,1,1,6,1,8,-1,-1,-1,3,1
"214291","201201QA10059",2,9,0,18,0,8,0,0,0,0,3,1,6,2,8,1598,1,11,8,1
"214301","201201QA10060",1,9,0,16,0,8,0,0,0,0,1,1,6,1,4,-1,-1,-1,4,1
"214311","201201QA10060",2,9,0,9,0,8,0,0,0,0,2,1,6,1,5,1461,2,10,6,1
"214321","201201QA10061",1,9,0,18,0,2,0,0,0,0,1,1,6,2,7,1389,1,18,9,1
"214331","201201QA10061",2,9,0,2,0,2,0,0,0,0,2,1,6,3,-1,1968,2,4,-1,-1
"214341","201201QA10064",1,9,0,18,0,2,0,0,0,0,3,1,6,2,5,1364,1,1,3,1
"214351","201201QA10065",1,9,0,18,0,0,0,0,1,4,1,1,6,2,7,2204,2,1,10,1
"214361","201201QA10066",1,9,0,18,0,0,0,0,0,0,1,1,6,1,7,1229,1,7,9,1
"214371","201201QA10066",2,9,0,18,0,0,0,0,0,0,1,1,6,2,5,-1,-1,-1,9,1
"214381","201201QA10067",1,9,0,18,0,8,0,0,0,0,1,1,6,3,-1,1995,2,10,-1,-1
"214391","201201QA10068",1,9,0,18,0,2,0,0,0,0,1,1,6,3,-1,-1,-1,-1,-1,-1
"214401","201201QA10069",1,9,0,18,0,8,0,0,0,0,1,1,6,1,4,1390,1,11,6,1
"214411","201201QA10069",2,9,0,9,0,8,0,0,0,0,4,1,6,1,6,1896,2,9,6,1
"214421","201201QA10070",1,9,0,8,0,1,0,0,0,0,2,1,6,2,7,1560,2,1,9,1
"214431","201201QA10070",2,19,0,18,0,1,0,0,0,0,1,1,6,1,-1,1868,2,9,9,1
"214441","201201QA10071",1,9,0,3,0,8,0,0,0,0,2,1,6,2,7,1360,1,10,5,1
"214451","201201QA10071",2,9,0,18,0,8,0,0,0,0,1,1,6,2,-1,2688,2,10,-1,-1
"214461","201201QA10073",1,9,0,18,0,2,0,10,1,0,3,1,6,2,7,1796,1,5,9,1
"21447","201201QA10073",2,9,0,18,0,1,0,10,7,0,4,1,6,2,6,1991,2,3,10,1
"21448","201201QA10075",1,9,0,7,0,8,0,0,0,0,3,1,6,1,8,1686,2,7,3,1
"214492","201201QA10075",2,1,0,17,0,8,0,0,0,0,1,1,6,2,6,-1,-1,-1,7,1
"214501","201201QA10076",1,9,0,4,0,1,0,0,0,0,2,1,6,1,5,1390,1,7,3,1
"214511","201201QA10076",2,9,0,18,0,1,0,0,0,0,1,1,6,2,-1,998,1,13,6,1
"214521","201201QA10078",1,9,0,9,0,8,0,0,0,0,3,1,6,1,8,1560,2,2,2,1
"214531","201201QA10078",2,2,0,13,0,8,0,0,0,0,1,1,6,1,4,49,1,7,9,1
"214541","201201QA10079",1,9,0,9,0,8,0,0,0,0,3,1,6,1,6,1598,1,5,8,1
"214551","201201QA10079",2,3,0,18,0,8,0,0,0,0,1,1,6,1,-1,125,1,7,5,1
"214561","201201QA10080",1,9,0,9,0,8,0,0,0,0,3,1,6,1,9,1390,1,5,7,1
"214571","201201QA10080",2,9,0,18,0,8,0,0,0,0,1,1,6,1,-1,1798,1,11,7,1
"214581","201201QA10081",1,11,0,5,0,8,0,0,0,0,0,1,6,1,9,3900,2,6,7,1
"214591","201201QA10082",1,9,0,9,0,8,0,0,0,0,1,1,6,1,11,1590,1,8,6,1
"214601","201201QA10082",2,9,0,18,0,8,0,0,0,0,4,1,6,2,6,998,1,7,-1,-1
"214611","201201QA10083",1,9,0,18,0,8,0,0,0,0,1,1,6,1,11,1364,1,5,7,1
"214621","201201QA10084",1,9,0,17,0,8,2,7,7,2,3,1,6,2,10,1242,1,5,7,1
"214631","201201QA10085",1,9,0,10,0,8,0,0,0,0,2,1,6,2,7,1399,2,6,2,1
"214641","201201QA10085",2,9,0,18,0,8,0,0,0,0,1,1,6,3,-1,-1,-1,-1,-1,-1
"214651","201201QA10086",1,11,0,18,0,8,0,0,0,0,4,1,6,1,8,7300,2,8,8,1
"214661","201201QA10087",1,9,0,10,0,8,0,0,0,0,2,1,6,2,-1,2979,1,8,-1,-1
"214671","201201QA10087",2,19,0,18,0,8,0,0,0,0,1,1,6,1,5,2198,2,1,6,1
"21468","201201QA10088",1,9,0,18,0,0,1,0,0,0,1,1,6,1,6,998,1,13,4,1
"214691","201201QA10088",2,9,0,18,0,0,0,0,0,0,1,1,6,1,11,1799,1,3,7,1
"214701","201201QA10089",1,9,0,18,0,0,1,4,0,0,4,1,6,2,11,998,1,12,6,1
"214711","201201QA10089",2,9,0,2,0,0,0,0,0,0,3,1,6,3,-1,1598,1,10,-1,-1
"214721","201201QA10090",1,19,0,18,0,8,0,0,0,0,1,1,6,1,6,1968,2,2,3,1
"214731","201201QA10091",1,9,0,2,0,0,0,0,0,0,2,1,6,2,7,1998,1,10,9,1
"214741","201201QA10091",2,9,0,18,0,0,0,0,0,0,1,1,6,1,11,1905,2,15,5,1
"214751","201201QA10093",1,19,0,3,0,8,0,0,0,0,2,1,6,1,8,1870,2,10,7,1
"214761","201201QA10093",2,19,0,3,0,8,0,0,0,0,2,1,6,1,8,1399,2,3,10,1
"214771","201201QA10093",3,9,0,18,0,8,0,0,0,0,1,1,6,1,5,2254,1,10,5,1
"214811","201201QA10095",1,19,0,18,0,0,2,4,0,0,1,1,6,1,6,2461,2,6,3,1
"214821","201201QA10095",2,9,0,2,0,0,0,0,0,0,2,1,6,1,7,1896,2,10,5,1
"214831","201201QA10095",3,9,0,2,0,0,0,0,0,0,2,1,6,1,11,1590,1,9,8,1
"214841","201201QA10095",4,9,0,2,0,0,0,0,0,0,3,1,6,2,6,1199,1,12,8,1
"214851","201201QA10098",1,9,0,9,0,8,0,0,0,0,1,1,6,2,6,1397,1,12,7,1
"214861","201201QA10098",2,3,0,14,0,8,0,0,0,0,4,1,6,1,6,125,1,4,5,1
"214871","201201QA10099",1,11,0,9,0,8,0,0,0,0,0,1,6,1,7,9000,2,8,3,1
"214881","201201QA10100",1,9,0,9,0,6,0,0,0,0,1,1,6,2,10,1995,2,2,3,1
"214891","201201QA10100",2,19,0,18,0,1,0,0,0,0,1,1,6,1,9,-1,-1,-1,7,3
"214901","201201QA10101",1,9,0,18,0,2,1,4,0,0,1,1,6,2,5,1198,1,8,3,1
"214911","201201QA10101",2,9,0,2,0,2,0,0,0,0,2,1,6,2,-1,1396,1,8,2,1
"214922","201201QA10102",1,9,0,18,0,0,0,0,0,0,4,1,6,1,7,1798,1,7,4,1
"214932","201201QA10102",2,90,0,18,0,0,0,0,0,0,1,1,6,1,2,-1,-1,-1,-1,-1
"214941","201201QA10103",1,1,0,15,0,0,0,0,0,0,3,1,6,1,5,-1,-1,-1,10,1
"214951","201201QA10103",2,19,0,18,0,0,0,0,0,0,1,1,6,1,9,-1,-1,-1,-1,-1
"214961","201201QA10104",1,9,0,18,0,0,1,10,7,4,1,1,6,2,5,1149,1,4,6,1
"214971","201201QA10105",1,11,0,3,0,2,0,0,0,0,0,1,1,2,6,7300,2,10,5,1
"214981","201201QA10106",1,19,0,9,0,8,0,0,0,0,1,1,6,1,6,1998,2,7,-1,-1
"214991","201201QA10106",2,9,0,18,0,8,0,0,0,0,1,1,6,1,7,1997,1,9,2,1
"215001","201201QA10107",1,9,0,18,0,1,0,0,0,0,4,1,6,2,6,1600,1,12,4,1
"215011","201201QA10107",2,1,0,18,0,1,0,0,0,0,1,1,6,1,4,-1,-1,-1,4,1
"215021","201201QA10108",1,9,0,18,0,0,0,0,0,0,1,1,6,2,7,1796,1,8,9,1
"215031","201201QA10109",1,9,0,3,0,0,0,0,0,0,2,1,2,2,4,1598,1,-1,8,1
"215041","201201QA10109",2,8,0,4,0,0,0,0,0,0,2,1,1,1,6,1753,2,5,3,1
"215051","201201QA10109",3,19,0,18,0,0,1,0,0,0,1,1,1,1,7,2402,2,2,5,1
"215061","201201QA10110",1,9,0,10,0,1,0,0,0,0,2,1,6,2,6,1360,1,6,-1,-1
"215071","201201QA10110",2,4,0,18,0,1,0,0,0,0,1,1,6,1,5,487,1,11,6,1
"215101","201201QA10115",1,19,0,18,0,1,0,0,0,0,4,1,6,3,-1,-1,-1,-1,-1,-1
"215111","201201QA10116",1,9,0,3,0,1,0,0,0,0,2,1,6,2,7,1596,1,6,9,1
"215121","201201QA10116",2,9,0,18,0,1,0,0,0,0,1,1,6,1,-1,1598,1,9,-1,-1
"215161","201201QA10120",1,9,0,3,0,0,0,0,0,0,2,1,2,2,5,1240,1,6,3,1
"215171","201201QA10120",2,9,0,18,0,0,0,0,0,0,1,1,6,1,-1,1995,1,11,-1,-1
"215181","201201QA10121",1,9,0,18,0,8,0,0,0,0,1,1,2,1,5,1783,1,11,4,1
"215191","201201QA10122",1,9,0,3,0,0,0,0,0,0,2,1,1,2,6,1360,1,12,3,1
"215201","201201QA10122",2,9,0,18,0,0,0,0,0,0,2,1,6,2,5,1198,1,8,8,1
"215211","201201QA10122",3,9,0,18,0,0,0,0,0,0,2,1,1,2,6,1339,8,6,9,1
"215221","201201QA10123",1,9,0,9,0,8,0,0,0,0,4,1,6,1,6,1595,1,16,3,1
"215231","201201QA10123",2,3,0,18,0,8,0,0,0,0,1,1,6,1,5,124,1,3,9,1
"215241","201201QA10125",1,9,0,18,0,8,0,0,0,0,1,1,6,1,5,1396,1,13,9,1
"215251","201201QA10129",1,9,0,18,0,1,0,7,0,0,1,1,6,1,11,1590,1,8,6,1
"215261","201201QA10130",1,9,0,16,0,0,1,10,7,10,1,1,6,1,6,2979,1,7,2,1
"215271","201201QA10131",1,8,0,1,0,0,0,0,0,0,2,1,1,1,-1,-1,-1,-1,-1,-1
"215281","201201QA10132",1,9,0,7,0,8,0,0,0,0,4,1,6,2,6,1598,1,11,6,1
"215291","201201QA10132",2,1,0,18,0,8,0,0,0,0,1,1,6,1,7,-1,-1,-1,4,1
"215301","201201QA10133",1,90,0,18,0,8,0,0,0,0,3,1,1,2,7,-1,-1,-1,6,1
"215311","201201QA10133",2,9,0,18,0,8,0,0,0,0,1,1,6,2,6,1299,1,11,7,1
"215321","201201QA10134",1,9,0,18,0,1,1,10,1,2,1,1,6,1,5,1998,1,11,8,1
"215331","201201QA10135",1,11,0,5,0,1,0,0,0,0,3,1,1,1,6,4500,2,1,6,1
"215341","201201QA10135",2,19,0,11,0,1,0,0,0,0,4,1,6,3,-1,-1,-1,-1,-1,-1
"215351","201201QA10136",1,9,0,18,0,8,0,0,0,0,1,1,6,2,7,1910,2,5,4,1
"215361","201201QA10136",2,9,0,9,0,8,0,0,0,0,4,1,6,2,7,-1,-1,-1,7,1
"215371","201201QA10137",1,9,0,1,0,8,0,0,0,0,2,1,6,2,5,1796,1,6,3,1
"215381","201201QA10138",1,19,4,9,0,8,0,0,0,0,3,1,1,3,-1,-1,-1,-1,-1,-1
"215411","201201QA10140",1,9,0,18,0,8,0,0,0,0,1,1,6,1,8,-1,-1,-1,8,1
"215421","201201QA10140",2,9,0,18,0,8,0,0,0,0,1,1,6,2,9,1596,1,2,5,1
"215431","201201QA10141",1,9,0,18,0,8,0,0,0,0,4,1,6,1,-1,1397,1,9,-1,-1
"215441","201201QA10141",2,1,0,13,0,8,0,0,0,0,3,1,6,1,6,-1,-1,-1,6,1
"215451","201201QA10142",1,9,0,14,0,8,0,0,0,0,4,1,6,2,7,1968,2,5,9,1
"215461","201201QA10143",1,9,0,9,0,8,0,0,0,0,4,1,6,1,6,999,1,1,5,1
"215471","201201QA10143",2,9,0,18,0,8,0,0,0,0,1,1,6,1,7,1598,1,1,6,1
"215481","201201QA10144",1,1,0,18,0,0,0,0,0,0,3,1,6,1,7,-1,-1,-1,8,1
"215491","201201QA10144",2,9,0,3,0,0,0,0,0,0,4,1,6,3,-1,-1,-1,-1,-1,-1
"215501","201201QA10145",1,9,0,18,9,0,0,0,0,0,0,1,6,2,7,1397,1,12,8,1
"215511","201201QA10145",2,9,0,13,0,0,0,10,7,10,1,1,6,2,5,973,1,12,6,1
"215521","201201QA10146",1,9,0,17,8,8,0,0,0,0,1,1,6,1,5,1390,1,10,3,1
"215531","201201QA10146",2,9,0,3,0,8,0,0,0,0,2,1,6,1,7,1995,2,7,5,1
"215541","201201QA10147",1,9,0,4,0,8,0,0,0,0,2,1,6,2,11,1896,2,12,4,1
"215551","201201QA10147",2,9,0,18,0,8,0,0,0,0,1,1,6,1,7,2996,1,7,7,1
"215561","201201QA10148",1,11,0,9,0,8,0,0,0,0,3,1,6,1,8,-1,-1,-1,6,1
"215571","201201QA10148",2,9,0,7,0,8,0,0,0,0,4,1,6,1,7,1600,1,11,8,1
"215581","201201QA10149",1,19,0,1,9,8,0,0,0,0,2,1,6,1,-1,1686,2,1,1,1
"215591","201201QA10150",1,9,0,9,0,8,0,0,0,0,4,1,6,1,6,2171,1,11,5,1
"215601","201201QA10150",2,9,0,18,0,8,0,0,0,0,1,1,6,2,9,1590,1,14,6,1
"215631","201201QA10152",1,9,0,18,0,8,0,0,0,0,4,1,6,2,6,1560,2,-1,3,1
"215641","201201QA10155",1,9,0,9,0,8,0,0,0,0,3,1,6,2,7,1796,1,10,7,1
"215651","201201QA10155",2,1,0,18,0,8,0,0,0,0,1,1,6,1,9,-1,-1,-1,9,1
"215661","201201QA10157",1,9,0,14,0,8,0,0,0,0,1,1,6,1,7,-1,-1,-1,6,1
"215671","201201QA10158",1,1,0,18,0,8,0,0,0,0,2,1,6,2,7,-1,-1,-1,7,1
"215681","201201QA10158",2,9,0,18,0,8,0,0,0,0,1,1,6,1,-1,1339,1,9,-1,-1
"215691","201201QA10159",1,9,0,9,0,8,0,0,0,0,1,1,6,2,7,1794,1,7,3,1
"215701","201201QA10159",2,9,0,18,0,8,0,0,0,0,4,1,6,1,6,1796,1,8,6,1
"215711","201201QA10161",1,9,0,18,0,8,0,0,0,0,4,1,6,1,10,1390,1,1,9,1
"215721","201201QA10162",1,3,0,13,0,8,0,0,0,0,4,1,6,1,4,49,1,1,5,1
"215731","201201QA10162",2,9,0,9,0,8,0,0,0,0,3,1,6,1,-1,1781,1,14,1,1
"215741","201201QA10163",1,9,0,18,0,0,0,0,0,0,1,1,6,1,9,1995,2,8,-1,-1
"215751","201201QA10164",1,9,0,9,0,8,0,0,0,0,3,1,6,2,6,1461,2,2,7,1
"215761","201201QA10164",2,9,0,18,0,8,0,0,0,0,4,1,6,1,6,1998,2,8,5,1
"215771","201201QA10165",1,9,0,3,0,8,0,0,0,0,2,1,6,1,6,1587,1,11,5,1
"215781","201201QA10165",2,9,0,18,0,8,0,0,0,0,1,1,6,3,-1,2198,1,11,-1,-1
"215791","201201QA10166",1,9,0,18,0,8,0,0,0,0,3,1,6,1,10,-1,-1,-1,6,1
"215801","201201QA10167",1,9,0,6,0,8,0,0,0,0,3,1,6,1,9,-1,-1,-1,7,1
"215811","201201QA10167",2,3,0,18,0,8,0,0,0,0,1,1,6,1,4,-1,-1,-1,5,2
"215821","201201QA10168",1,9,0,18,0,8,0,0,0,0,1,1,6,1,-1,-1,-1,-1,-1,-1
"215831","201201QA10169",1,9,0,4,0,8,0,0,0,0,4,1,6,3,-1,-1,-1,-1,-1,-1
"215841","201201QA10170",1,9,0,18,0,8,0,0,0,0,3,1,6,1,8,1995,2,8,2,1
"215851","201201QA10171",1,9,0,18,0,8,0,0,0,0,4,1,6,3,-1,-1,-1,-1,-1,-1
"215881","201201QA10173",1,9,0,18,0,0,0,0,0,0,1,1,6,1,9,1390,1,9,4,1
"215891","201201QA10175",1,9,0,6,0,8,0,0,0,0,3,1,6,1,5,1753,2,6,2,1
"215901","201201QA10175",2,5,0,13,0,8,0,0,0,0,1,1,6,1,5,999,1,-1,6,1
"215911","201201QA10176",1,9,0,5,0,1,0,0,0,0,4,1,6,1,8,1599,1,7,8,1
"215921","201201QA10176",2,3,0,18,0,1,1,0,0,0,1,1,6,1,5,125,1,2,9,1
"215931","201201QA10177",1,9,0,9,0,8,0,0,0,0,1,1,6,1,8,1275,1,15,5,1
"215941","201201QA10178",1,9,0,10,0,8,0,0,0,0,2,1,6,2,6,998,1,1,8,1
"215951","201201QA10178",2,9,0,3,0,8,0,0,0,0,2,1,6,1,7,1896,2,8,2,1
"215961","201201QA10178",3,9,0,18,0,8,0,0,0,0,1,1,6,1,8,-1,-1,-1,3,1
"215971","201201QA10179",1,9,0,10,0,8,0,0,0,0,2,1,6,1,6,-1,-1,-1,9,1
"215981","201201QA10179",2,9,0,18,0,8,0,0,0,0,1,1,6,2,8,-1,-1,-1,8,1
"215991","201201QA10180",1,9,0,7,0,8,0,0,0,0,1,1,6,1,10,1598,1,12,6,1
"216001","201201QA10180",2,3,0,18,0,8,0,0,0,0,4,1,1,1,5,125,1,-1,2,1
"216021","201201QA10182",1,9,0,18,0,8,0,0,0,0,4,1,6,1,7,1910,2,8,3,1
"216031","201201QA10182",2,9,0,18,0,8,0,0,0,0,1,1,6,2,9,1850,1,12,8,1
"216041","201201QA10183",1,9,0,18,0,0,0,0,0,0,4,1,6,1,5,1596,1,5,10,1
"216051","201201QA10183",2,9,0,18,0,0,0,0,0,0,2,1,6,1,10,1390,1,1,10,1
"216061","201201QA10183",3,9,0,18,0,0,1,0,0,0,1,1,6,1,5,1781,1,15,10,1
"216071","201201QA10184",1,9,0,18,0,8,0,0,0,0,1,1,6,1,6,2946,1,6,2,1
"216081","201201QA10184",2,9,0,9,0,8,0,0,0,0,3,1,6,2,-1,2295,1,10,2,1
"216091","201201QA10185",1,9,0,9,0,8,0,0,0,0,4,1,6,2,5,1242,1,2,3,1
"216101","201201QA10185",2,3,0,18,0,8,0,0,0,0,1,1,6,1,7,124,1,5,2,1
"216111","201201QA10186",1,9,0,7,0,3,0,0,0,0,4,1,3,1,8,2200,2,16,6,1
"216121","201201QA10187",1,9,0,18,0,0,0,0,0,0,4,1,6,1,8,1834,1,13,8,1
"216131","201201QA10189",1,9,0,5,0,0,0,0,0,0,1,1,6,3,-1,1389,1,8,-1,-1
"216141","201201QA10190",1,19,0,7,0,1,0,0,0,0,4,1,1,1,8,-1,2,9,4,1
"216151","201201QA10190",2,9,0,7,0,1,0,0,0,0,3,1,6,2,6,1995,2,8,10,1
"216161","201201QA10191",1,9,0,18,0,0,0,0,0,0,4,1,6,2,5,1199,1,9,6,1
"216181","201201QA10193",1,9,0,3,0,1,0,0,0,0,2,1,6,2,6,1998,2,5,3,1
"216191","201201QA10193",2,9,0,3,0,1,0,0,0,0,2,1,6,2,6,1995,2,6,3,1
"216201","201201QA10193",3,9,0,4,0,1,1,0,0,0,1,1,6,2,6,1781,1,8,5,1
"216211","201201QA10194",1,9,0,9,0,8,0,0,0,0,3,1,6,1,6,1995,2,9,6,1
"216221","201201QA10194",2,11,0,17,0,8,0,0,0,0,1,1,1,1,8,4500,2,1,6,1
"216231","201201QA10195",1,9,0,17,0,8,0,0,0,0,2,1,6,2,6,1598,1,5,3,1
"216241","201201QA10195",2,9,0,17,0,8,0,0,0,0,1,1,6,3,-1,1999,1,11,-1,-1
"216271","201201QA10198",1,9,0,18,0,8,0,0,0,0,1,1,6,2,6,-1,-1,-1,5,1
"216281","201201QA10198",2,9,0,9,0,8,0,0,0,0,1,1,6,1,8,1493,1,15,-1,-1