"","Acc_Index","Vehicle_Reference","Vehicle_Type","Towing_and_Articulation","Vehicle_Manoeuvre","Vehicle_Location.Restricted_Lane","Junction_Location","Skidding_and_Overturning","Hit_Object_in_Carriageway","Vehicle_Leaving_Carriageway","Hit_Object_off_Carriageway","X1st_Point_of_Impact","Was_Vehicle_Left_Hand_Drive","Journey_Purpose_of_Driver","Sex_of_Driver","Age_Band_of_Driver","Engine_Capacity_.CC.","Propulsion_Code","Age_of_Vehicle","Driver_IMD_Decile","Driver_Home_Area_Type"
"216291","201201QA10199",1,9,0,9,0,2,0,0,0,0,1,1,4,1,4,1242,1,3,7,1
"216301","201201QA10200",1,9,0,16,0,8,0,0,0,0,1,1,6,1,10,1910,2,7,8,2
"216311","201201QA10202",1,9,0,18,0,0,2,10,0,0,1,1,6,1,9,1364,1,2,8,1
"216321","201201QA10202",2,9,0,12,0,0,0,0,0,0,1,1,6,1,6,1396,1,11,5,1
"216331","201201QA10202",3,9,0,18,0,0,0,10,0,0,4,1,6,1,9,1781,1,15,3,1
"216341","201201QA10203",1,11,0,18,0,1,0,0,0,0,0,1,1,1,6,8268,2,9,-1,-1
"216351","201201QA10204",1,11,0,18,0,0,0,0,0,0,0,1,1,1,8,7300,2,8,6,1
"216361","201201QA10205",1,9,0,7,0,1,0,0,0,0,4,1,6,2,7,1598,1,11,4,1
"216371","201201QA10205",2,1,0,18,0,1,0,0,0,0,3,1,2,1,5,-1,-1,-1,8,1
"216381","201201QA10206",1,9,0,1,0,8,0,0,0,0,4,1,6,1,10,1799,1,4,6,1
"216391","201201QA10207",1,9,0,18,0,0,2,10,0,0,1,1,6,1,4,-1,-1,-1,-1,-1
"21640","201201QA10207",2,9,0,2,0,0,0,0,0,0,2,1,6,1,8,1910,2,4,4,1
"21641","201201QA10207",3,9,0,2,0,0,0,0,0,0,2,1,6,1,-1,1598,1,7,6,1
"216441","201201QA10209",1,9,0,3,0,0,0,0,0,0,2,1,2,1,6,1229,1,4,7,1
"216451","201201QA10209",2,9,0,18,0,0,0,0,0,0,1,1,6,2,-1,1399,2,6,9,3
"216461","201201QA10211",1,9,0,9,0,8,0,0,0,0,3,1,6,2,8,1360,1,11,7,1
"216471","201201QA10211",2,19,0,18,0,8,0,0,0,0,1,1,6,1,5,2198,2,2,7,1
"216481","201201QA10212",1,9,0,7,0,8,0,0,0,0,3,1,6,2,4,1198,1,9,6,1
"216491","201201QA10212",2,9,0,18,0,8,0,0,0,0,1,1,6,1,6,1398,2,5,6,1
"216501","201201QA10213",1,9,0,9,0,8,0,0,0,0,1,1,6,2,6,1200,1,10,4,1
"216511","201201QA10213",2,9,0,18,0,8,0,0,0,0,1,1,6,1,5,1339,1,5,5,1
"216541","201201QA10215",1,19,0,18,0,0,0,0,0,0,1,1,1,1,6,2198,2,2,4,1
"216551","201201QA10215",2,9,0,3,0,0,0,0,0,0,2,1,6,2,6,1598,1,9,-1,-1
"216561","201201QA10216",1,9,0,18,0,8,0,0,0,0,3,1,6,1,9,2398,1,12,6,1
"216571","201201QA10216",2,9,0,2,0,8,0,0,0,0,3,1,6,3,-1,1700,2,12,-1,-1
"216581","201201QA10216",3,3,0,18,0,8,0,0,0,0,0,1,6,1,5,125,1,4,4,1
"216591","201201QA10217",1,9,0,9,0,8,0,0,0,0,3,1,6,1,8,1596,1,15,7,1
"216601","201201QA10217",2,9,0,9,0,8,0,0,0,0,3,1,6,2,11,1299,1,8,8,1
"216611","201201QA10218",1,9,0,9,0,8,0,0,0,0,3,1,6,1,9,1364,1,3,9,1
"216621","201201QA10218",2,3,0,18,0,8,0,0,0,0,1,1,6,1,6,125,1,-1,7,1
"216631","201201QA10219",1,9,0,16,0,0,0,0,0,0,0,1,6,2,6,1149,1,7,8,1
"216641","201201QA10220",1,9,0,4,0,8,0,0,0,0,2,1,6,1,5,2793,1,12,3,1
"216651","201201QA10220",2,9,0,4,0,8,0,0,0,0,2,1,6,1,7,1398,2,-1,6,1
"216661","201201QA10220",3,9,0,18,0,8,1,0,0,0,1,1,6,2,4,1124,1,7,2,1
"216671","201201QA10220",4,9,0,18,0,8,0,0,0,0,1,1,6,1,6,1339,8,3,4,1
"216701","201201QA10222",1,4,0,4,0,8,0,0,0,0,0,1,6,1,5,249,1,1,4,1
"216711","201201QA10223",1,9,0,3,0,8,0,0,0,0,2,1,6,2,6,1498,1,7,4,1
"216721","201201QA10223",2,9,0,3,0,8,0,0,0,0,2,1,6,1,6,1586,1,10,5,1
"216731","201201QA10223",3,9,0,18,0,8,0,0,0,0,1,1,6,2,5,1598,1,9,6,1
"216741","201201QA10224",1,9,0,9,0,8,0,0,0,0,3,1,6,1,6,-1,-1,-1,8,1
"216751","201201QA10224",2,1,0,13,0,8,0,0,0,0,1,1,6,1,4,-1,-1,-1,4,1
"216761","201201QA10225",1,9,0,9,0,8,0,0,0,0,4,1,6,2,-1,1995,2,12,-1,-1
"216771","201201QA10225",2,9,0,18,0,8,0,0,0,0,1,1,6,2,7,1400,2,7,8,1
"216781","201201QA10226",1,9,0,18,0,8,0,0,0,0,2,1,6,1,9,2088,2,15,3,1
"216791","201201QA10226",2,9,0,18,0,8,0,0,0,0,1,1,6,1,7,1753,2,5,6,1
"216801","201201QA10227",1,9,0,10,0,0,0,0,0,0,2,1,6,1,8,1390,1,13,3,1
"216811","201201QA10227",2,9,0,18,0,0,0,0,0,0,1,1,6,1,6,-1,-1,-1,8,1
"216821","201201QA10228",1,9,0,9,0,8,0,0,0,0,1,1,6,2,6,1400,1,12,6,1
"216831","201201QA10228",2,9,0,18,0,8,0,0,0,0,4,1,6,1,5,1598,1,13,-1,-1
"216841","201201QA10230",1,9,0,18,0,0,0,0,0,0,1,1,6,1,10,1360,1,7,6,1
"216851","201201QA10231",1,1,0,18,9,0,0,0,0,0,0,1,6,1,7,-1,-1,-1,10,1
"216861","201201QA10232",1,3,0,3,0,0,0,0,0,0,1,1,6,1,-1,124,1,2,4,1
"216871","201201QA10232",2,9,0,1,0,0,0,0,0,0,2,1,6,2,-1,-1,-1,-1,-1,-1
"216881","201201QA10233",1,9,0,5,0,8,0,0,0,0,2,1,6,1,6,-1,-1,-1,5,1
"216891","201201QA10233",2,9,0,18,0,8,0,0,0,0,1,1,6,1,8,1999,1,8,5,1
"216901","201201QA10235",1,3,0,18,0,0,1,0,0,0,0,1,6,1,4,124,1,11,5,1
"216911","201201QA10236",1,9,0,18,0,8,1,0,0,0,3,1,6,2,7,1781,1,5,9,1
"216921","201201QA10236",2,9,0,18,0,8,1,10,1,10,3,1,6,3,-1,1598,1,8,-1,-1
"216931","201201QA10237",1,9,0,18,0,0,0,0,0,0,1,1,6,2,6,1991,2,7,4,1
"216941","201201QA10238",1,9,0,18,0,0,0,0,0,0,3,1,6,2,6,2200,2,18,5,1
"216951","201201QA10238",2,9,0,18,0,0,0,0,0,0,3,1,6,1,6,2967,2,3,7,1
"216981","201201QA10240",1,9,0,18,0,8,0,0,0,0,1,1,6,1,7,-1,-1,-1,6,1
"216991","201201QA10240",2,9,0,9,0,8,0,0,0,0,3,1,6,1,8,1598,1,12,5,1
"217001","201201QA10241",1,9,0,18,0,8,0,0,0,0,1,1,6,2,5,1390,1,7,6,1
"217011","201201QA10242",1,11,0,18,0,0,0,0,0,0,0,1,1,1,9,7300,2,8,2,1
"217021","201201QA10243",1,9,0,3,0,8,0,0,0,0,2,1,6,1,9,1995,2,9,2,1
"217031","201201QA10243",2,9,0,18,0,8,0,0,0,0,1,1,6,2,5,1242,1,14,5,1
"217041","201201QA10244",1,9,0,2,0,8,0,0,0,0,3,1,6,2,8,973,1,11,7,1
"217051","201201QA10244",2,21,0,14,0,8,0,0,0,0,4,1,6,3,-1,-1,-1,-1,-1,-1
"217061","201201QA10245",1,9,0,18,0,0,0,0,0,0,1,1,6,1,9,-1,-1,-1,6,1
"217071","201201QA10245",2,11,0,2,0,0,0,0,0,0,2,1,1,1,9,7300,2,8,-1,-1
"217081","201201QA10246",1,9,0,4,0,8,0,0,0,0,2,1,6,2,9,1796,1,5,8,1
"217091","201201QA10246",2,9,0,18,0,8,0,0,0,0,1,1,6,1,-1,-1,-1,-1,-1,-1
"217101","201201QA10247",1,9,0,18,0,0,0,0,0,0,1,1,6,2,8,1240,1,9,6,1
"217111","201201QA10247",2,9,0,18,0,0,0,0,0,0,1,1,6,1,4,1995,1,9,4,1
"217121","201201QA10247",3,9,0,2,0,0,0,0,0,0,3,1,6,1,-1,-1,-1,-1,-1,-1
"217131","201201QA10248",1,9,0,18,0,0,0,0,0,0,1,1,6,1,-1,-1,-1,-1,-1,-1
"217141","201201QA10250",1,9,0,18,0,0,0,0,0,0,1,1,6,1,11,1398,1,1,4,1
"217151","201201QA10250",2,9,0,2,0,0,0,0,0,0,2,1,6,3,-1,2295,1,15,-1,-1
"217181","201201QA10252",1,20,0,6,0,8,5,0,0,0,0,1,1,1,6,1642,2,1,2,1
"217211","201201QA10254",1,9,0,18,0,0,0,0,0,0,1,1,6,1,9,1461,2,3,10,2
"217221","201201QA10254",2,9,0,18,0,0,0,0,0,0,1,1,6,2,7,-1,-1,-1,9,1
"217251","201201QA10256",1,9,0,9,0,8,0,0,0,0,1,1,2,1,6,1390,1,12,7,1
"217261","201201QA10256",2,2,0,18,0,8,0,0,0,0,1,1,1,1,7,124,1,4,7,1
"217271","201201QA10257",1,9,0,18,0,2,0,0,0,0,4,1,6,1,10,1896,2,14,5,1
"217281","201201QA10258",1,9,0,9,0,0,0,0,0,0,1,1,6,2,-1,998,1,4,6,1
"217291","201201QA10258",2,9,0,18,0,0,0,0,0,0,1,1,6,2,-1,1298,1,9,7,1
"217301","201201QA10259",1,9,0,18,0,1,0,0,0,0,1,1,2,2,5,1984,1,14,8,1
"217311","201201QA10259",2,9,0,18,0,1,0,0,0,0,2,1,6,1,8,1769,1,11,3,1
"217321","201201QA10260",1,19,0,18,0,8,1,0,0,0,1,1,1,1,8,2461,2,7,5,1
"217331","201201QA10260",2,9,0,10,0,8,0,0,0,0,3,1,6,2,7,-1,-1,-1,8,1
"217341","201201QA10261",1,9,0,2,0,0,0,0,0,0,3,1,6,1,9,1898,1,12,4,1
"217351","201201QA10261",2,1,0,18,0,0,0,8,0,0,1,1,6,1,8,-1,-1,-1,7,1
"217391","201201QA10266",1,9,0,8,0,8,0,0,0,0,2,1,6,2,5,1390,1,4,4,1
"21740","201201QA10266",2,5,0,18,0,8,0,0,0,0,1,1,6,1,8,680,1,4,8,1
"21741","201201QA10267",1,9,0,1,0,0,0,0,0,0,4,1,1,1,8,-1,-1,-1,4,1
"217421","201201QA10268",1,9,0,7,0,8,0,0,0,0,1,1,6,1,8,1368,1,6,8,1
"217431","201201QA10268",2,3,0,18,0,8,0,0,0,0,1,1,6,1,5,645,1,11,9,1
"217462","201201QA10270",1,9,0,18,0,2,0,0,0,0,1,1,6,1,-1,1796,1,9,-1,-1
"217471","201201QA10270",2,9,0,3,0,2,0,0,0,0,2,1,6,1,7,1390,1,3,6,1
"217481","201201QA10271",1,3,0,18,0,8,0,0,0,0,1,1,6,1,5,124,1,1,5,1
"217491","201201QA10271",2,9,0,18,0,8,0,0,0,0,1,1,6,1,7,2148,2,3,4,1
"217501","201201QA10272",1,9,0,5,0,0,0,0,0,0,1,1,6,1,7,-1,-1,-1,6,1
"217511","201201QA10272",2,9,0,18,0,0,0,0,0,0,1,1,6,2,7,1493,1,18,3,1
"217521","201201QA10273",1,9,0,18,0,0,0,0,0,0,1,1,6,1,9,1598,1,5,4,1
"217531","201201QA10273",2,3,0,18,0,0,0,0,0,0,1,1,6,1,6,599,1,14,3,1
"217541","201201QA10274",1,19,0,9,0,8,0,0,0,0,1,1,6,1,6,2402,2,4,-1,-1
"217551","201201QA10274",2,9,0,18,0,8,0,0,0,0,1,1,6,1,6,1339,1,8,6,1
"217561","201201QA10275",1,9,0,10,0,1,1,0,0,0,2,1,6,1,8,2148,2,7,8,1
"217571","201201QA10275",2,9,0,18,0,1,0,0,0,0,1,1,6,1,-1,1998,2,11,-1,-1
"217581","201201QA10276",1,9,0,4,0,1,0,0,0,0,1,1,6,2,5,1796,1,8,10,1
"217591","201201QA10276",2,2,0,3,0,1,0,0,0,0,2,1,1,1,5,125,1,8,7,1
"217601","201201QA10277",1,9,0,1,0,0,0,0,0,0,2,1,6,1,6,2926,2,9,4,1
"217661","201201QA10281",1,9,0,9,0,2,0,0,0,0,3,1,6,2,7,1968,2,5,8,1
"217691","201201QA10283",1,9,0,18,0,0,0,0,0,0,1,1,6,2,7,1386,1,7,4,1
"217701","201201QA10283",2,3,0,18,0,0,0,0,0,0,1,1,6,1,6,125,1,1,6,1
"217711","201201QA10284",1,9,0,18,0,0,0,0,0,0,3,1,6,2,8,1598,1,2,3,1
"217721","201201QA10284",2,9,0,18,0,0,0,0,0,0,3,1,6,1,6,1598,1,4,4,1
"217731","201201QA10284",3,19,0,18,0,0,0,0,0,0,3,1,6,1,8,2402,2,8,6,1
"217741","201201QA10285",1,9,0,3,0,1,0,0,0,0,4,1,6,1,7,1560,2,5,9,1
"217751","201201QA10285",2,9,0,5,0,1,0,0,0,0,1,1,6,2,8,2494,1,12,10,1
"217761","201201QA10286",1,11,0,4,0,0,0,0,0,0,0,1,1,1,8,3900,2,6,-1,-1
"217771","201201QA10286",2,9,0,4,0,0,0,0,0,0,0,1,6,3,-1,-1,-1,-1,-1,-1
"217801","201201QA10288",1,9,0,18,0,8,0,0,0,0,1,1,6,2,7,1598,1,8,8,1
"217811","201201QA10288",2,9,0,9,0,8,0,0,0,0,1,1,6,2,5,1587,1,9,9,1
"217821","201201QA10289",1,9,0,18,0,8,0,0,0,0,1,1,6,1,-1,-1,-1,-1,-1,-1
"217831","201201QA10289",2,4,0,9,0,8,0,0,0,0,1,1,6,1,4,599,1,13,6,1
"217841","201201QA10290",1,9,0,4,0,2,0,0,0,0,2,1,6,2,6,1587,1,14,2,1
"217851","201201QA10290",2,19,0,4,0,2,0,0,0,0,1,1,6,3,-1,2198,2,6,-1,-1
"217861","201201QA10291",1,1,0,18,0,0,0,0,0,0,1,1,6,2,8,-1,-1,-1,9,1
"217871","201201QA10291",2,9,0,2,0,0,0,0,0,0,3,1,6,1,-1,1596,1,11,-1,-1
"217881","201201QA10292",1,9,4,18,0,8,2,0,0,0,1,1,6,1,9,2987,2,4,9,1
"217891","201201QA10292",2,3,0,7,0,8,0,0,0,0,1,1,6,1,8,124,1,2,7,1
"217901","201201QA10293",1,9,0,18,0,8,0,0,0,0,4,1,6,1,9,1988,1,8,9,1
"217911","201201QA10293",2,9,0,9,0,8,0,0,0,0,3,1,6,1,7,1598,1,2,7,1
"217921","201201QA10294",1,8,0,18,0,8,0,0,0,0,3,1,6,1,6,2995,1,7,3,1
"217931","201201QA10294",2,9,0,9,0,8,0,0,0,0,1,1,6,1,4,1497,1,11,7,1
"217941","201201QA10296",1,1,0,18,0,8,0,0,0,0,3,1,6,1,6,-1,-1,-1,2,1
"217951","201201QA10296",2,9,0,7,0,8,0,0,0,0,4,1,6,3,-1,1995,2,10,-1,-1
"217961","201201QA10297",1,9,0,9,0,8,0,7,0,0,4,1,6,1,8,1388,1,3,10,3
"217971","201201QA10298",1,9,0,1,0,0,0,0,0,0,2,1,6,1,-1,1364,1,5,-1,-1
"217981","201201QA10299",1,9,0,9,0,8,0,0,0,0,4,1,6,1,11,1998,1,5,7,1
"217991","201201QA10299",2,3,0,18,0,8,0,0,0,0,1,1,6,1,8,-1,-1,-1,2,1
"218001","201201QA10300",1,9,0,3,0,8,0,0,0,0,2,1,6,1,7,1799,1,12,9,1
"218011","201201QA10300",2,3,0,18,0,8,0,0,0,0,1,1,6,1,7,124,1,-1,9,1
"218021","201201QA10301",1,9,0,2,0,1,0,0,0,0,3,1,6,1,7,1796,1,3,7,1
"218031","201201QA10301",2,9,0,9,0,1,0,4,0,0,3,1,6,1,6,1895,1,10,6,1
"218041","201201QA10302",1,1,0,16,0,1,0,0,0,0,3,1,6,1,6,-1,-1,-1,5,1
"218051","201201QA10302",2,9,0,7,0,1,0,0,0,0,4,1,6,1,-1,1360,1,-1,-1,-1
"218061","201201QA10303",1,1,0,18,0,8,0,0,0,0,1,1,6,1,6,-1,-1,-1,4,1
"218071","201201QA10303",2,9,0,18,0,8,0,0,0,0,1,1,6,1,6,1797,8,2,5,1
"218081","201201QA10304",1,9,0,9,0,0,0,0,0,0,4,1,6,1,9,1598,1,4,6,1
"218091","201201QA10304",2,9,0,18,0,0,0,0,0,0,1,1,6,1,11,1988,1,18,9,1
"218101","201201QA10305",1,9,0,4,0,0,0,0,0,0,1,1,6,3,-1,-1,-1,-1,-1,-1
"218111","201201QA10307",1,9,0,4,0,0,0,0,0,0,2,1,6,1,8,-1,-1,-1,5,1
"218121","201201QA10307",2,9,0,18,0,0,0,0,0,0,1,1,6,1,-1,1299,1,15,-1,-1
"218131","201201QA10308",1,1,0,18,0,8,0,0,0,0,1,1,6,1,7,-1,-1,-1,10,1
"218141","201201QA10308",2,9,0,9,0,8,0,0,0,0,4,1,6,2,-1,1339,1,6,-1,-1
"218151","201201QA10309",1,9,0,9,0,8,0,0,0,0,1,1,6,1,6,1999,1,7,8,1
"218161","201201QA10309",2,9,0,10,0,8,0,0,0,0,1,1,6,1,8,-1,-1,-1,2,1
"218171","201201QA10310",1,9,0,4,0,8,0,0,0,0,2,1,6,1,-1,-1,-1,-1,-1,-1
"218181","201201QA10310",2,1,0,18,0,8,0,0,0,0,1,1,6,1,4,-1,-1,-1,5,1
"218191","201201QA10311",1,9,0,18,0,8,0,0,0,0,1,1,6,2,6,1299,1,9,-1,-1
"218201","201201QA10311",2,9,0,9,0,8,0,0,0,0,1,1,6,2,9,2494,1,13,8,1
"218211","201201QA10312",1,9,0,4,0,0,0,0,0,0,2,1,6,1,6,1796,1,10,2,1
"218221","201201QA10312",2,9,0,18,0,0,0,0,0,0,1,1,6,1,5,1587,1,10,5,1
"218231","201201QA10313",1,9,0,3,0,1,0,0,0,0,2,1,6,2,6,998,1,11,7,1
"218241","201201QA10313",2,9,0,3,0,1,0,0,0,0,1,1,6,1,6,1598,1,9,5,1
"218251","201201QA10314",1,9,0,9,0,8,0,0,0,0,3,1,6,1,8,1598,1,11,7,1
"218261","201201QA10314",2,9,0,18,0,8,0,0,0,0,1,1,6,2,-1,1240,1,7,8,1
"218271","201201QA10315",1,9,0,18,0,0,0,0,0,0,1,1,6,1,-1,-1,-1,-1,-1,-1
"218281","201201QA10316",1,11,0,5,0,0,0,0,0,0,0,1,1,1,7,-1,-1,-1,4,1
"218291","201201QA10317",1,2,0,18,0,0,0,0,0,0,1,1,6,1,6,125,1,6,7,1
"218301","201201QA10317",2,9,0,4,0,0,0,0,0,0,2,1,6,2,4,2685,2,9,6,1
"218331","201201QA10320",1,9,0,18,0,8,0,0,0,0,1,1,6,2,9,1497,1,9,9,1
"218341","201201QA10320",2,9,0,18,0,8,0,0,0,0,1,1,6,1,7,796,1,2,3,1
"218351","201201QA10321",1,9,0,18,0,8,0,0,0,0,1,1,6,1,6,-1,-1,-1,2,1
"218361","201201QA10321",2,9,0,9,0,8,0,0,0,0,1,1,6,1,-1,1896,2,8,-1,-1
"218371","201201QA10322",1,9,0,18,0,8,0,0,0,0,1,1,6,1,6,-1,-1,-1,6,1
"218381","201201QA10322",2,1,0,18,0,8,0,0,0,0,4,1,6,1,-1,-1,-1,-1,7,1
"21839","201201QA10323",1,2,0,18,0,8,0,0,0,0,1,1,6,2,-1,125,1,5,4,1
"218401","201201QA10323",2,9,0,18,0,8,0,0,0,0,1,1,6,1,4,-1,-1,-1,-1,-1
"218411","201201QA10324",1,9,0,18,0,0,0,0,0,0,1,1,6,1,8,-1,-1,-1,5,1
"21842","201201QA10324",2,9,0,18,0,0,0,0,0,0,2,1,6,2,5,-1,-1,-1,-1,-1
"21843","201201QA10324",3,9,0,18,0,0,0,0,0,0,2,1,6,2,5,1400,1,3,6,1
"21844","201201QA10325",1,9,0,18,0,0,0,0,0,0,1,1,6,2,8,1242,1,6,6,1
"21845","201201QA10326",1,19,0,4,0,2,0,0,0,0,1,1,6,1,7,1998,2,8,8,1
"218461","201201QA10326",2,9,0,4,0,2,0,0,0,0,2,1,6,1,7,1598,1,10,-1,-1
"218471","201201QA10327",1,9,0,18,0,8,0,10,1,2,1,1,6,2,8,973,1,11,4,1
"218481","201201QA10328",1,9,0,18,0,8,1,10,1,10,1,1,2,1,10,1895,1,12,5,1
"218491","201201QA10328",2,19,0,9,0,8,0,0,0,0,4,1,1,1,5,2198,2,-1,3,1
"218501","201201QA10329",1,9,0,18,0,0,0,4,0,0,1,1,6,3,-1,1124,1,11,-1,-1
"218511","201201QA10329",2,9,0,2,0,0,0,0,0,0,1,1,6,1,6,1598,1,5,-1,-1
"21852","201201QA10330",1,8,0,10,0,1,0,0,0,0,2,1,1,1,8,1896,2,8,4,1
"21853","201201QA10330",2,90,0,4,0,1,0,0,0,0,1,1,1,1,-1,-1,-1,-1,-1,-1
"218541","201201QA10331",1,9,0,5,0,8,0,0,0,0,2,1,6,2,5,1587,1,5,6,1
"218551","201201QA10331",2,9,0,5,0,8,0,0,0,0,1,1,1,1,7,899,1,12,9,1
"218561","201201QA10332",1,8,0,5,0,8,0,0,0,0,3,1,1,1,8,2499,2,5,5,1
"218571","201201QA10332",2,9,0,18,0,8,0,0,0,0,1,1,2,1,7,1597,1,14,5,1
"218581","201201QA10333",1,9,0,18,0,1,0,0,0,0,2,1,6,1,5,1596,1,2,9,1
"218591","201201QA10333",2,9,0,13,0,1,0,0,0,0,1,1,6,1,-1,1896,2,10,-1,-1
"218601","201201QA10334",1,9,0,18,0,8,0,0,0,0,1,1,6,1,4,1242,1,11,-1,-1
"218611","201201QA10334",2,9,0,18,0,8,0,0,0,0,2,1,6,1,6,1149,1,8,-1,-1
"218621","201201QA10335",1,9,0,18,0,8,0,0,0,0,3,1,6,2,6,1598,1,3,3,1
"218631","201201QA10335",2,9,0,9,0,8,0,0,0,0,1,1,6,1,-1,1896,2,14,7,1
"218641","201201QA10336",1,3,0,18,0,3,1,0,0,0,2,1,6,1,7,124,1,3,4,1
"218651","201201QA10336",2,9,0,18,0,8,0,0,0,0,1,1,6,1,9,1596,1,10,2,1
"218661","201201QA10337",1,5,0,9,0,8,0,0,0,0,2,1,6,1,5,998,1,7,5,1
"218671","201201QA10337",2,9,0,18,0,8,0,0,0,0,1,1,6,1,11,-1,-1,-1,-1,-1
"218681","201201QA10338",1,9,0,18,0,8,0,0,0,0,1,1,2,2,8,1997,2,7,4,1
"218691","201201QA10338",2,9,0,9,0,8,0,0,0,0,4,1,1,1,5,-1,-1,-1,5,1
"218701","201201QA10339",1,19,0,4,0,0,0,0,0,0,4,1,1,3,-1,-1,-1,-1,-1,-1
"218711","201201QA10340",1,9,0,9,0,8,0,0,0,0,3,1,6,1,4,1242,1,7,2,1
"218721","201201QA10340",2,1,0,18,0,8,0,0,0,0,1,1,6,1,7,-1,-1,-1,2,1
"218731","201201QA10341",1,9,0,3,0,1,0,0,0,0,2,1,2,2,4,1199,1,8,4,1
"218741","201201QA10341",2,9,0,18,0,1,0,0,0,0,1,1,2,1,8,1762,1,13,6,1
"218751","201201QA10342",1,9,0,3,0,0,0,0,0,0,2,1,2,1,4,1149,1,9,4,1
"218761","201201QA10342",2,9,0,3,0,0,0,0,0,0,2,1,2,1,6,-1,-1,-1,-1,-1
"218771","201201QA10342",3,9,0,18,0,0,0,0,0,0,1,1,6,1,-1,-1,-1,-1,-1,-1
"218781","201201QA10343",1,9,0,18,0,8,0,0,0,0,1,1,6,1,8,1910,2,5,5,1
"218791","201201QA10343",2,4,0,9,0,8,0,0,0,0,4,1,6,1,6,124,1,3,5,1
"218801","201201QA10344",1,9,0,1,0,0,0,0,0,0,2,1,6,2,-1,1998,2,7,-1,-1
"218811","201201QA10345",1,2,0,18,0,1,0,0,0,0,4,1,6,1,4,49,1,17,3,1
"218821","201201QA10345",2,9,0,5,0,1,0,0,0,0,3,1,6,1,-1,-1,-1,-1,-1,-1
"218831","201201QA10346",1,9,0,18,0,8,0,0,0,0,1,1,6,1,5,1590,1,13,4,1
"218841","201201QA10346",2,9,0,7,0,6,0,0,0,0,1,1,6,2,5,1598,1,8,5,1
"218851","201201QA10347",1,9,0,17,0,0,0,0,0,0,1,1,2,2,6,1296,1,6,9,1
"21886","201201QA10347",2,9,0,16,0,0,0,0,0,0,0,1,6,1,-1,1968,2,1,-1,-1
"21887","201201QA10348",1,9,0,1,0,0,0,0,0,0,2,1,6,1,5,998,1,16,5,1
"218911","201201QA10350",1,1,0,18,0,8,0,0,0,0,3,1,6,2,6,-1,-1,-1,7,1
"218921","201201QA10350",2,9,0,18,0,8,0,0,0,0,1,1,6,1,-1,-1,-1,-1,-1,-1
"218931","201201QA10352",1,9,0,3,0,0,0,0,0,0,2,1,6,2,4,1389,1,16,5,1
"218941","201201QA10352",2,9,0,18,0,0,0,0,0,0,1,1,6,1,-1,1995,2,10,-1,-1
"218951","201201QA10353",1,9,0,7,0,1,0,0,0,0,3,1,6,1,5,1388,1,15,5,1
"218961","201201QA10353",2,9,0,9,0,8,0,0,0,0,3,1,6,2,6,1998,1,12,6,1
"218971","201201QA10354",1,9,0,18,0,0,0,0,0,0,1,1,6,1,6,1910,2,6,6,1
"218981","201201QA10354",2,9,0,18,0,0,0,0,0,0,2,1,6,2,6,1299,1,8,-1,-1
"218991","201201QA10354",3,9,0,18,0,0,0,0,0,0,2,1,6,1,7,1360,1,12,7,1
"219001","201201QA10355",1,9,0,3,0,2,0,0,0,0,3,1,6,2,6,1386,1,1,4,1
"219011","201201QA10355",2,9,0,14,0,1,0,0,0,0,1,1,6,2,7,1590,1,7,9,1
"219021","201201QA10355",3,9,0,3,0,2,0,0,0,0,2,1,6,1,10,-1,-1,-1,4,1
"219031","201201QA10357",1,9,0,18,0,0,2,10,1,4,1,1,6,2,4,1124,1,11,10,1
"219041","201201QA10358",1,5,0,4,0,1,0,0,0,0,2,1,1,1,6,600,1,7,4,1
"219051","201201QA10358",2,19,0,4,0,1,0,0,0,0,1,1,1,1,5,2143,2,1,6,1
"219061","201201QA10359",1,9,0,18,0,0,0,0,0,0,4,1,6,1,11,1986,1,3,8,1
"219071","201201QA10360",1,9,0,4,0,0,0,0,0,0,2,1,6,1,8,1246,1,7,3,1
"219081","201201QA10360",2,9,0,18,0,0,0,0,0,0,1,1,6,2,4,1149,1,1,10,1
"219091","201201QA10361",1,9,0,18,0,0,0,0,0,0,4,1,6,1,7,2401,2,9,4,1
"219131","201201QA10363",1,9,0,4,0,8,0,0,0,0,2,1,6,2,7,-1,-1,-1,4,1
"219141","201201QA10363",2,9,0,4,0,8,0,0,0,0,2,1,6,2,-1,-1,-1,-1,-1,-1
"219152","201201QA10363",3,9,0,4,0,8,0,0,0,0,2,1,6,2,-1,-1,-1,-1,-1,-1
"219162","201201QA10363",4,9,0,18,0,8,0,0,0,0,1,1,6,2,-1,1560,2,1,-1,-1
"219171","201201QA10364",1,9,0,6,0,1,0,0,0,0,3,1,6,2,8,1299,1,9,10,1
"219181","201201QA10364",2,5,0,14,0,1,0,0,0,0,1,1,6,1,6,748,1,14,10,1