"","Acc_Index","Vehicle_Reference","Vehicle_Type","Towing_and_Articulation","Vehicle_Manoeuvre","Vehicle_Location.Restricted_Lane","Junction_Location","Skidding_and_Overturning","Hit_Object_in_Carriageway","Vehicle_Leaving_Carriageway","Hit_Object_off_Carriageway","X1st_Point_of_Impact","Was_Vehicle_Left_Hand_Drive","Journey_Purpose_of_Driver","Sex_of_Driver","Age_Band_of_Driver","Engine_Capacity_.CC.","Propulsion_Code","Age_of_Vehicle","Driver_IMD_Decile","Driver_Home_Area_Type"
"219191","201201QA10365",1,11,0,17,0,0,0,0,0,0,0,1,1,1,7,-1,-1,-1,2,1
"219201","201201QA10366",1,9,0,18,0,0,0,0,0,0,1,1,6,1,6,1597,1,3,4,1
"219211","201201QA10366",2,9,0,18,0,0,0,0,0,0,1,1,6,1,7,998,1,13,5,1
"219221","201201QA10367",1,9,0,18,0,0,0,0,0,0,4,1,6,2,6,1896,2,11,5,1
"219231","201201QA10367",2,9,0,15,0,0,0,0,0,0,3,1,6,2,-1,1390,1,12,4,1
"219241","201201QA10368",1,3,0,5,0,8,0,0,0,0,4,1,1,1,6,125,1,5,4,1
"219251","201201QA10368",2,9,0,18,0,8,0,0,0,0,1,1,6,2,-1,1390,1,9,4,1
"219261","201201QA10369",1,9,0,3,0,1,0,0,0,0,2,1,6,2,8,1870,2,12,10,1
"219271","201201QA10369",2,9,0,3,0,1,0,0,0,0,2,1,6,2,-1,1900,2,6,3,1
"219281","201201QA10369",3,9,0,18,0,1,0,0,0,0,1,1,6,1,-1,-1,-1,-1,-1,-1
"219291","201201QA10370",1,11,0,5,0,1,0,0,0,0,4,1,1,1,7,9200,2,6,4,1
"219301","201201QA10371",1,19,0,9,0,8,0,0,0,0,4,1,6,1,7,1968,2,1,8,1
"219311","201201QA10371",2,5,0,18,0,8,0,0,0,0,1,1,6,1,6,599,1,1,1,1
"219321","201201QA10372",1,9,0,1,0,6,0,0,0,0,2,1,6,3,-1,-1,-1,-1,-1,-1
"219331","201201QA10374",1,11,0,18,0,0,0,0,0,0,3,1,1,1,8,4500,2,1,-1,-1
"219341","201201QA10374",2,1,0,18,0,0,0,0,0,0,4,1,6,1,3,-1,-1,-1,5,1
"219351","201201QA10376",1,90,0,18,0,8,0,0,0,0,2,1,6,2,8,-1,-1,-1,-1,-1
"219361","201201QA10376",2,19,0,18,0,8,0,0,0,0,1,1,6,1,-1,2402,2,4,3,1
"219371","201201QA10377",1,9,0,1,0,0,0,0,0,0,2,1,6,2,7,2926,2,9,6,1
"219381","201201QA10377",2,9,0,3,0,0,0,0,0,0,1,1,6,1,7,-1,-1,-1,5,1
"219391","201201QA10379",1,19,0,1,0,8,0,0,0,0,2,1,6,1,-1,2198,2,-1,7,1
"219401","201201QA10380",1,19,0,3,0,8,0,0,0,0,2,1,6,1,9,1753,2,11,6,1
"219411","201201QA10380",2,9,0,18,0,8,0,0,0,0,1,1,6,1,5,-1,-1,-1,4,1
"219421","201201QA10381",1,9,0,18,0,8,0,0,0,0,1,1,6,1,11,1598,1,10,4,1
"219431","201201QA10382",1,9,0,17,0,8,0,0,0,0,2,1,3,1,8,1275,1,15,9,1
"219441","201201QA10382",2,9,0,17,0,8,0,0,0,0,1,1,6,3,-1,-1,-1,-1,-1,-1
"21945","201201QA10384",1,9,0,7,0,8,0,0,0,0,4,1,6,1,7,-1,-1,-1,9,1
"21946","201201QA10384",2,3,0,18,0,8,0,0,0,0,1,1,6,1,5,124,1,8,3,1
"219471","201201QA10385",1,9,0,9,0,8,0,0,0,0,3,1,6,1,6,-1,-1,-1,5,1
"219481","201201QA10385",2,9,0,9,0,8,0,0,0,0,1,1,6,2,7,1390,1,8,5,1
"219491","201201QA10387",1,1,0,13,0,0,0,0,0,0,3,1,6,1,8,-1,-1,-1,9,1
"219501","201201QA10387",2,9,0,18,0,0,0,0,0,0,4,1,6,3,-1,-1,-1,-1,-1,-1
"219511","201201QA10389",1,9,0,14,0,0,0,0,0,0,1,1,6,1,-1,-1,-1,-1,-1,-1
"219521","201201QA10391",1,9,0,18,0,8,0,0,0,0,1,1,6,3,-1,-1,-1,-1,-1,-1
"219531","201201QA10393",1,9,0,5,0,0,0,0,0,0,4,1,6,1,8,1896,2,2,7,1
"21954","201201QA10393",2,3,0,18,0,0,0,0,0,0,1,1,6,2,6,124,1,-1,5,1
"21955","201201QA10394",1,9,0,3,0,8,0,0,0,0,2,1,6,1,7,1390,1,14,4,1
"219561","201201QA10394",2,9,0,3,0,8,0,0,0,0,2,1,6,1,8,-1,-1,-1,9,1
"219571","201201QA10394",3,9,0,18,0,8,0,0,0,0,1,1,6,2,7,1998,1,8,9,1
"219581","201201QA10395",1,9,0,3,0,8,0,0,0,0,2,1,6,2,10,1332,1,15,6,1
"219591","201201QA10395",2,9,0,18,0,8,0,0,0,0,1,1,6,2,4,1229,1,4,10,1
"219601","201201QA10396",1,11,0,5,0,8,0,0,0,0,0,1,6,1,8,4500,2,1,4,1
"219611","201201QA10398",1,9,0,17,0,0,0,0,0,0,1,1,6,2,6,1198,1,7,5,1
"219621","201201QA10398",2,19,0,16,0,0,0,0,0,0,1,1,6,1,6,1753,2,8,9,1
"219651","201201QA10400",1,9,0,18,0,0,0,0,0,0,1,1,6,2,7,-1,-1,-1,-1,-1
"219671","201201QA10402",1,9,0,18,0,8,0,0,0,0,1,1,6,1,8,1998,1,19,4,1
"219681","201201QA10402",2,9,0,18,0,8,0,0,0,0,1,1,6,3,-1,-1,-1,-1,-1,-1
"21969","201201QA10403",1,9,0,18,0,8,0,0,0,0,1,1,6,3,-1,-1,-1,-1,-1,-1
"219721","201201QA10405",1,9,0,5,0,8,0,0,0,0,3,1,6,2,6,1229,1,4,2,1
"219731","201201QA10405",2,9,0,18,0,8,0,0,0,0,4,1,6,1,8,1560,2,1,6,1
"219741","201201QA10407",1,9,0,1,0,8,0,0,0,0,2,1,6,1,9,4398,1,8,6,1
"219751","201201QA10407",2,5,0,3,0,8,0,0,0,0,1,1,6,1,9,885,1,11,6,1
"219761","201201QA10408",1,9,0,18,0,0,0,0,0,0,3,1,6,1,5,1242,1,11,10,1
"219771","201201QA10408",2,9,0,18,0,0,0,0,0,0,3,1,6,1,4,1242,1,6,1,1
"219781","201201QA10409",1,9,0,3,0,1,0,0,0,0,2,1,6,1,7,1896,2,5,6,1
"219791","201201QA10409",2,9,0,3,0,1,0,0,0,0,2,1,6,2,-1,-1,-1,-1,2,1
"219801","201201QA10409",3,8,0,4,0,1,0,0,0,0,1,1,6,1,7,2231,2,5,5,1
"219811","201201QA10410",1,9,0,18,0,0,0,0,0,0,1,1,6,1,-1,-1,-1,-1,-1,-1
"219821","201201QA10411",1,9,0,7,0,8,0,0,0,0,1,1,6,1,6,1910,2,5,6,1
"219831","201201QA10412",1,3,0,7,0,8,0,0,0,0,0,1,6,1,5,124,1,4,5,1
"219841","201201QA10413",1,1,0,18,0,0,0,0,0,0,1,1,6,1,6,-1,-1,-1,2,1
"219851","201201QA10413",2,9,0,18,0,0,0,0,0,0,1,1,6,3,-1,-1,-1,-1,-1,-1
"219861","201201QA10414",1,9,0,18,0,0,5,4,0,0,1,1,6,2,5,1398,1,-1,8,1
"219871","201201QA10415",1,9,0,3,0,8,0,0,0,0,1,1,6,1,6,1399,1,5,3,1
"21988","201201QA10415",2,9,0,1,0,8,0,0,0,0,2,1,6,3,-1,-1,-1,-1,-1,-1
"21989","201201QA10416",1,9,0,1,0,1,0,0,0,0,2,1,6,1,8,1149,1,8,1,1
"219901","201201QA10417",1,9,0,18,0,8,0,0,0,0,1,1,6,2,6,1240,1,8,4,1
"219911","201201QA10417",2,9,0,9,0,8,0,0,0,0,3,1,6,1,9,1400,1,7,-1,-1
"219921","201201QA10418",1,9,0,18,0,1,0,0,0,0,1,1,6,1,-1,2494,1,9,-1,-1
"219931","201201QA10418",2,9,0,4,0,1,0,0,0,0,2,1,6,2,5,1390,1,1,7,1
"219941","201201QA10418",3,9,0,3,0,1,0,0,0,0,2,1,6,3,10,2902,2,8,-1,-1
"219951","201201QA10418",4,9,0,3,0,1,0,0,0,0,3,1,6,2,6,1390,1,11,8,1
"219961","201201QA10419",1,2,0,18,9,1,0,0,0,0,1,1,6,3,-1,-1,-1,-1,-1,-1
"219971","201201QA10420",1,9,0,7,0,2,0,0,0,0,1,1,6,1,9,2597,1,9,9,1
"219981","201201QA10421",1,9,0,18,0,0,0,0,0,0,3,1,6,1,7,1598,2,-1,8,1
"219991","201201QA10422",1,9,0,9,0,8,0,0,0,0,1,1,6,1,6,1995,1,4,2,1
"220001","201201QA10422",2,9,0,18,0,8,0,0,0,0,3,1,6,2,9,1598,1,-1,3,1
"220011","201201QA10423",1,9,0,16,0,0,0,0,7,4,1,1,6,2,6,1598,1,7,5,1
"220021","201201QA10424",1,8,0,9,0,2,0,0,0,0,3,1,1,1,6,1598,1,5,-1,-1
"220031","201201QA10425",1,9,0,18,0,8,0,0,0,0,1,1,6,1,9,2151,2,10,10,1
"220041","201201QA10425",2,9,0,18,0,8,0,0,0,0,4,1,6,2,4,973,1,12,5,1
"220051","201201QA10428",1,9,0,18,0,1,0,0,0,0,4,1,6,1,6,-1,-1,-1,3,1
"220061","201201QA10430",1,9,0,16,0,0,0,0,1,4,1,1,6,1,8,2720,2,3,5,1
"220071","201201QA10431",1,9,0,2,0,1,0,0,0,0,3,1,6,1,7,2987,2,2,9,1
"220081","201201QA10431",2,1,0,18,4,1,0,4,0,0,1,1,6,1,5,-1,-1,-1,10,1
"22009","201201QA10433",1,9,0,9,0,8,0,0,0,0,3,1,6,1,7,1339,1,10,6,1
"22010","201201QA10433",2,9,0,14,0,8,0,0,0,0,1,1,6,1,7,1896,2,5,3,1
"220111","201201QA10435",1,9,0,9,0,8,0,0,0,0,4,1,6,2,5,1240,1,6,10,1
"220121","201201QA10435",2,9,0,18,0,8,0,0,0,0,1,1,6,2,8,2429,1,8,5,1
"22013","201201QA10436",1,9,0,9,0,8,0,0,0,0,1,1,6,1,8,1388,1,9,-1,-1
"22014","201201QA10436",2,4,0,18,0,8,0,0,0,0,4,1,6,1,5,125,1,7,3,1
"220171","201201QA10440",1,9,0,9,0,8,0,0,0,0,3,1,6,2,5,1199,1,10,6,1
"220181","201201QA10440",2,9,0,18,0,8,0,0,0,0,1,1,6,1,5,1600,1,14,3,1
"220191","201201QA10443",1,9,0,3,0,1,0,0,0,0,2,1,6,1,5,1229,1,6,5,1
"220201","201201QA10443",2,9,0,5,0,1,0,0,0,0,1,1,6,1,-1,1998,1,10,-1,-1
"220211","201201QA10444",1,9,0,18,0,1,0,0,0,0,1,1,6,1,-1,-1,-1,-1,-1,-1
"220221","201201QA10445",1,9,0,5,0,8,0,0,0,0,1,1,6,1,5,1364,1,5,5,1
"220231","201201QA10445",2,1,0,18,0,8,0,0,0,0,3,1,6,1,7,-1,-1,-1,10,1
"220241","201201QA10446",1,9,0,18,0,0,0,4,7,4,1,1,6,1,5,1598,1,12,5,1
"22026","201201QA10449",1,9,0,18,0,8,0,0,0,0,4,1,6,1,11,2148,2,8,6,1
"220271","201201QA10449",2,9,0,5,0,8,0,0,0,0,1,1,6,1,-1,1598,1,12,3,1
"220281","201201QA19001",1,9,0,5,0,1,0,0,0,0,2,1,6,2,8,1799,1,3,6,2
"220291","201201QA19001",2,9,0,5,0,1,0,0,0,0,1,1,6,1,-1,-1,-1,-1,7,1
"220301","201201QA19005",1,9,0,18,0,8,0,0,0,0,2,1,6,2,6,1896,2,5,6,1
"220311","201201QA19005",2,9,0,7,0,8,0,0,0,0,1,1,6,2,-1,-1,-1,-1,-1,-1
"220321","201201QA19007",1,5,0,18,0,0,0,0,0,0,3,1,6,1,7,645,1,9,5,1
"220331","201201QA19007",2,9,0,11,0,0,0,0,0,0,4,1,6,1,-1,-1,-1,-1,-1,-1
"220341","201201QA19016",1,9,0,18,0,0,0,0,0,0,1,1,6,1,-1,-1,-1,-1,-1,-1
"220351","201201QA19018",1,9,0,17,0,8,0,0,0,0,4,1,6,2,9,1587,1,12,9,1
"220361","201201QA19018",2,9,0,18,0,8,0,0,0,0,1,1,6,1,-1,-1,-1,-1,-1,-1
"220391","201201QA19032",1,9,0,7,0,8,0,0,0,0,0,1,6,2,10,1329,1,-1,9,1
"220401","201201QA19032",2,5,0,17,0,8,0,0,0,0,3,1,6,1,5,599,1,9,8,1
"220411","201201QA19055",1,9,0,4,0,8,0,0,0,0,4,1,6,1,7,2401,2,10,6,1
"220421","201201QA19055",2,9,0,9,0,8,0,0,0,0,3,1,6,1,-1,1400,1,6,-1,-1
"221891","201201QK50110",1,11,0,7,0,8,0,0,1,7,4,1,3,1,7,5900,2,7,-1,-1
"225601","201201QK50352",1,9,0,18,0,8,0,0,0,0,4,1,6,3,-1,-1,-1,-1,-1,-1
"22639","201201QK50404",1,9,0,18,0,0,0,0,0,0,1,1,6,1,6,-1,-1,-1,5,1
"22640","201201QK50404",2,9,0,1,0,0,0,0,0,0,2,1,6,1,-1,-1,-1,-1,-1,-1
"22901","201201QK50571",1,19,0,18,0,8,0,0,0,0,4,1,6,1,8,1868,2,11,3,1
"22902","201201QK50571",2,1,0,18,0,8,0,0,0,0,1,1,6,1,7,-1,-1,-1,5,1
"22905","201201QK50573",1,9,0,9,0,8,0,0,0,0,1,1,6,1,5,-1,-1,-1,-1,-1
"22906","201201QK50573",2,9,0,9,0,8,0,0,0,0,1,1,6,1,5,1598,1,6,6,1
"22947","201201QK50597",1,9,0,4,0,0,0,0,0,0,2,1,6,1,6,1896,2,11,5,1
"22948","201201QK50597",2,9,0,4,0,0,0,0,0,0,1,1,6,1,11,-1,-1,-1,6,1
"23348","201201RG40027",1,9,0,18,0,8,0,0,0,0,4,1,6,2,7,1397,1,5,5,1
"23349","201201RG40027",2,9,0,7,0,8,0,0,0,0,1,1,6,1,-1,1997,2,3,10,1
"23830","201201RG40379",1,9,0,18,0,8,0,0,0,0,1,1,6,1,8,1390,1,13,2,1
"23831","201201RG40379",2,3,0,9,0,8,0,0,0,0,4,1,6,1,9,599,1,14,9,1
"24936","201201RY10398",1,9,0,18,0,0,0,0,0,0,3,1,6,2,6,1461,2,6,2,1
"24937","201201RY10398",2,19,0,11,0,0,0,0,0,0,4,1,6,1,-1,1896,2,3,-1,-1
"25656","201201SX20408",1,9,0,18,0,0,0,0,0,0,1,1,6,3,-1,-1,-1,-1,-1,-1
"26869","201201TA00052",1,11,0,9,0,0,0,10,7,10,1,1,1,1,8,-1,-1,-1,-1,-1
"26901","201201TA00072",1,9,0,9,0,6,0,0,0,0,3,1,6,2,9,-1,-1,-1,3,1
"26902","201201TA00072",2,1,0,13,0,1,0,0,0,0,1,1,6,1,9,-1,-1,-1,9,1
"26916","201201TA00084",1,9,0,10,0,0,0,0,0,0,1,1,1,1,6,-1,-1,-1,-1,-1
"26917","201201TA00084",2,2,0,18,0,0,0,0,0,0,3,1,6,1,5,124,1,14,3,1
"26924","201201TA00088",1,9,0,18,0,2,0,0,0,0,1,1,6,2,-1,1596,1,7,2,1
"27036","201201TA00176",1,1,0,18,0,1,0,0,0,0,1,1,6,1,6,-1,-1,-1,7,1
"27051","201201TA00189",1,9,0,18,0,0,0,0,0,0,3,1,6,1,9,1997,1,2,9,1
"270661","201201TA00199",1,5,0,9,0,2,0,0,0,0,3,1,6,1,6,599,1,2,6,1
"27071","201201TA00206",1,11,0,3,0,1,0,0,0,0,0,1,1,1,8,4500,2,2,3,1
"27103","201201TA00230",1,8,0,5,0,1,0,0,0,0,1,1,6,3,-1,-1,-1,-1,-1,-1
"27138","201201TA00252",1,9,0,18,0,1,0,0,0,0,4,1,6,1,6,1896,2,2,5,1
"27167","201201TA00274",1,1,0,18,5,0,0,0,0,0,4,1,6,1,6,-1,-1,-1,10,1
"27185","201201TA00291",1,3,0,18,0,2,0,0,0,0,1,1,6,1,5,125,1,13,-1,-1
"27221","201201TA00318",1,9,0,18,0,0,0,0,7,10,1,1,6,1,9,1781,1,15,4,1
"27222","201201TA00318",2,1,0,18,0,0,0,0,0,0,1,1,6,2,6,-1,-1,-1,7,1
"27238","201201TA00330",1,2,0,18,0,1,0,0,0,0,1,1,1,1,7,-1,-1,-1,6,1
"27239","201201TA00330",2,9,0,4,0,1,0,0,0,0,2,1,1,1,7,-1,-1,-1,-1,-1
"27272","201201TA00352",1,9,0,18,0,8,0,0,0,0,1,1,6,1,7,1149,1,7,10,1
"27273","201201TA00352",2,9,0,18,0,8,0,0,0,0,1,1,1,1,7,1686,2,9,-1,-1
"27274","201201TA00352",3,90,0,18,0,8,0,0,0,0,4,1,1,1,-1,-1,-1,-1,-1,-1
"27326","201201TA00390",1,9,0,18,0,2,0,0,0,0,1,1,6,1,6,1796,1,16,7,1
"273581","201201TA00413",1,9,0,6,0,0,0,0,0,0,1,1,6,2,5,1242,1,4,7,1
"27365","201201TA00418",1,9,0,18,0,0,0,0,0,0,0,1,1,1,6,-1,-1,-1,-1,-1
"27366","201201TA00418",2,9,0,14,0,0,0,0,0,0,4,1,6,1,4,1242,1,13,-1,-1
"27367","201201TA00418",3,1,0,18,0,0,0,0,0,0,3,1,6,2,-1,-1,-1,-1,9,1
"27379","201201TA00426",1,9,0,5,0,1,0,0,0,0,1,1,6,1,7,1998,1,6,4,1
"27398","201201TA00439",1,9,0,9,0,8,0,0,0,0,4,1,6,1,5,-1,-1,-1,2,1
"27399","201201TA00439",2,1,0,7,5,8,0,0,0,0,3,1,6,1,7,-1,-1,-1,3,1
"27401","201201TA00441",1,9,0,6,0,1,0,0,0,0,3,1,6,1,4,1339,1,4,9,3
"27402","201201TA00441",2,4,0,14,0,1,0,0,0,0,1,1,6,1,7,299,1,-1,9,1
"27409","201201TA00448",1,9,0,1,9,0,0,0,0,0,2,1,1,1,-1,-1,-1,-1,-1,-1
"27413","201201TA00453",1,9,0,3,0,1,0,0,0,0,4,1,6,1,8,1968,2,3,8,1
"27414","201201TA00453",2,1,0,18,4,1,0,8,0,0,1,1,6,1,6,-1,-1,-1,8,1
"27429","201201TA00462",1,5,0,18,0,2,0,10,7,0,1,1,6,1,6,1052,1,14,-1,-1
"27430","201201TA00462",2,9,0,3,0,1,0,0,0,0,1,1,6,1,7,973,1,10,-1,-1
"27439","201201TA00468",1,9,0,9,0,1,0,0,0,0,4,1,6,1,-1,1598,1,8,5,1
"27440","201201TA00468",2,1,0,18,0,1,0,0,0,0,1,1,6,1,8,-1,-1,-1,7,1
"27537","201201TA00543",1,9,0,4,0,0,0,0,0,0,2,1,6,1,9,-1,-1,-1,8,1
"27538","201201TA00543",2,1,0,18,0,0,0,0,0,0,1,1,6,1,3,-1,-1,-1,3,1
"27588","201201TA00582",1,9,0,18,0,0,0,0,0,0,1,1,6,2,6,1390,1,4,9,1
"27673","201201TA00643",1,9,0,18,0,0,0,0,0,0,2,1,6,2,9,1796,1,21,6,1
"27674","201201TA00643",2,1,0,18,0,0,0,0,0,0,1,1,6,1,7,-1,-1,-1,7,1
"27685","201201TA00653",1,9,0,3,0,8,0,0,0,0,4,1,6,1,9,899,1,13,-1,-1
"27686","201201TA00653",2,1,0,18,0,6,0,0,0,0,1,1,6,1,8,-1,-1,-1,10,1
"27687","201201TA00655",1,1,0,18,0,0,0,0,0,0,3,1,6,1,6,-1,-1,-1,10,1
"27750","201201TA00698",1,9,0,5,0,1,0,0,0,0,3,1,6,1,11,1948,1,14,4,1
"27767","201201TA00713",1,11,0,18,0,1,0,0,0,0,2,1,1,1,8,7300,2,9,6,1
"27768","201201TA00713",2,1,0,18,0,1,0,0,0,0,1,1,6,1,7,-1,-1,-1,10,1
"27826","201201TA00749",1,9,0,7,0,5,0,0,0,0,1,1,6,1,5,1995,2,10,5,1
"27898","201201TA00798",1,19,0,4,0,8,0,0,0,0,1,1,6,3,-1,-1,-1,-1,-1,-1
"27899","201201TA00798",2,1,0,18,0,8,0,0,0,0,1,1,6,2,8,-1,-1,-1,-1,-1
"27984","201201TA00862",1,9,0,1,0,6,0,0,0,0,2,1,1,1,8,1968,2,4,-1,-1
"27997","201201TA00870",1,9,0,14,0,1,0,0,0,0,1,1,6,3,-1,-1,-1,-1,-1,-1
"27998","201201TA00870",2,9,0,2,0,1,0,0,0,0,2,1,6,3,-1,-1,-1,-1,-1,-1
"27999","201201TA00870",3,9,0,3,0,1,0,0,0,0,2,1,6,1,6,1968,2,2,-1,-1
"28000","201201TA00870",4,9,0,14,0,1,0,0,0,0,0,1,1,1,7,-1,-1,-1,-1,-1
"28020","201201TA00882",1,9,0,9,0,5,0,0,0,0,4,1,6,1,5,1596,1,6,7,1
"280211","201201TA00882",2,1,0,18,0,1,0,0,0,0,1,1,6,2,8,-1,-1,-1,7,1
"280791","201201TA00925",1,9,0,18,0,1,0,0,0,0,1,1,6,1,10,2996,1,3,8,1
"28080","201201TA00925",2,9,0,4,0,1,0,0,0,0,2,1,6,2,6,2967,2,1,5,1
"28095","201201TA00933",1,9,0,18,0,8,0,0,0,0,1,1,6,1,5,-1,-1,-1,10,1
"28098","201201TA00935",1,9,0,18,9,0,0,10,1,2,1,1,6,2,7,-1,-1,-1,4,1
"28117","201201TA00947",1,19,0,2,0,8,0,0,0,0,3,1,6,1,4,-1,-1,-1,4,1
"28118","201201TA00947",2,1,0,14,0,8,0,4,0,0,4,1,6,1,7,-1,-1,-1,6,1
"28237","201201TA01040",1,9,0,9,0,6,0,0,0,0,3,1,6,1,7,1968,2,-1,8,1
"28238","201201TA01040",2,5,0,14,0,1,0,0,0,0,1,1,1,1,-1,-1,-1,-1,-1,-1
"28256","201201TA01062",1,9,0,18,0,1,0,0,0,0,1,1,1,1,6,1997,2,-1,3,1
"28328","201201TB00023",1,9,0,18,0,8,0,0,0,0,0,1,1,1,6,-1,-1,-1,-1,-1
"28329","201201TB00023",2,21,0,18,0,1,0,0,0,0,1,1,1,1,7,12130,2,5,7,1
"28330","201201TB00023",3,19,0,4,0,1,0,0,0,0,2,1,1,1,6,-1,-1,-1,9,2
"28333","201201TB00025",1,9,0,18,0,0,0,0,0,0,1,1,6,1,9,1896,2,13,1,1
"28343","201201TB00033",1,9,0,7,0,6,0,0,0,0,1,1,6,1,-1,1896,2,3,-1,-1
"28344","201201TB00033",2,9,0,18,0,1,0,0,0,0,2,1,6,2,7,1199,1,11,10,1
"28345","201201TB00033",3,9,0,7,0,6,0,0,0,0,0,1,1,2,-1,-1,-1,-1,-1,-1
"28349","201201TB00036",1,9,0,18,0,1,0,0,0,0,1,1,6,1,8,1998,2,9,4,1
"28350","201201TB00036",2,1,0,18,9,6,0,0,0,0,3,1,6,1,2,-1,-1,-1,6,1
"28351","201201TB00037",1,9,0,18,0,2,0,0,0,0,1,1,6,2,5,998,1,12,7,1
"28357","201201TB00042",1,19,0,7,0,8,0,0,0,0,3,1,6,1,7,1998,2,10,7,1
"28358","201201TB00042",2,9,0,14,0,8,0,0,0,0,3,1,6,1,8,999,1,11,10,1
"28388","201201TB00063",1,1,0,9,0,8,0,0,0,0,4,1,6,1,9,-1,-1,-1,7,3
"28389","201201TB00063",2,20,0,9,0,8,0,0,0,0,3,1,6,3,-1,-1,-1,-1,-1,-1
"28401","201201TB00078",1,9,0,18,0,1,0,0,0,0,1,1,6,1,10,1794,1,7,6,1
"28407","201201TB00087",1,9,0,18,0,8,0,0,0,0,1,1,1,1,6,1896,2,5,-1,-1
"28408","201201TB00087",2,1,0,18,0,8,0,0,0,0,3,1,6,1,6,-1,-1,-1,6,1
"28409","201201TB00088",1,9,0,18,0,1,0,0,0,0,1,1,1,1,5,1795,1,12,-1,-1
"28412","201201TB00091",1,9,0,18,0,1,0,0,0,0,1,1,6,2,-1,1986,2,4,5,1
"28417","201201TB00094",1,9,0,18,0,0,0,4,0,0,1,1,6,1,5,1799,1,5,-1,-1
"28418","201201TB00094",2,9,0,2,0,0,0,0,0,0,1,1,6,1,8,1769,1,8,4,1
"284191","201201TB00094",3,9,0,18,0,0,0,0,0,0,0,1,1,1,7,-1,-1,-1,-1,-1
"28420","201201TB00094",4,9,0,5,0,0,0,0,0,0,4,1,6,2,7,998,1,14,3,1
"28447","201201TB00118",1,9,0,14,0,1,0,0,0,0,3,1,1,1,7,-1,-1,-1,-1,-1
"28448","201201TB00118",2,9,0,9,0,8,0,0,0,0,3,1,1,2,7,2996,2,2,3,1
"28449","201201TB00118",3,9,0,3,0,1,0,0,0,0,3,1,6,2,8,1390,1,5,-1,-1
"28450","201201TB00119",1,9,0,18,0,1,0,0,0,0,4,1,6,1,10,1995,2,5,9,1
"28456","201201TB00124",1,9,0,18,0,1,0,0,0,0,1,1,1,1,7,-1,-1,-1,-1,-1
"28457","201201TB00124",2,9,0,5,0,1,0,0,0,0,2,1,6,2,4,1198,1,2,7,1
"28458","201201TB00124",3,9,0,5,0,1,0,0,0,0,2,1,6,1,6,1600,1,13,7,1
"28504","201201TB00157",1,19,0,9,0,6,0,0,0,0,3,1,1,1,8,2143,2,1,2,1
"28505","201201TB00157",2,19,0,3,0,1,0,0,0,0,1,1,1,1,8,1996,2,2,9,1
"28506","201201TB00157",3,20,0,18,0,1,0,0,0,0,1,1,1,1,10,-1,-1,-1,-1,-1
"28509","201201TB00161",1,9,0,1,0,1,0,0,0,0,2,1,1,1,6,-1,-1,-1,-1,-1
"28510","201201TB00161",2,9,0,2,0,1,0,0,0,0,1,1,6,3,-1,2688,2,10,-1,-1
"28545","201201TB00190",1,11,0,14,0,1,0,0,0,0,1,1,6,1,7,-1,-1,-1,7,1
"28546","201201TB00191",1,9,0,18,0,8,0,0,0,0,4,1,6,1,7,2401,2,10,6,1
"28547","201201TB00191",2,9,0,9,0,8,0,0,0,0,1,1,6,3,-1,-1,-1,-1,-1,-1
"28559","201201TB00200",1,9,0,6,0,0,0,0,0,0,2,1,6,1,10,1990,1,17,7,1
"28560","201201TB00202",1,9,0,18,0,0,0,0,0,0,1,1,6,1,6,1299,1,7,4,1
"28563","201201TB00204",1,1,0,16,0,1,0,0,0,0,3,1,6,1,6,-1,-1,-1,2,1
"285641","201201TB00204",2,9,0,7,0,6,0,0,0,0,1,1,6,2,-1,-1,-1,-1,9,1
"285771","201201TB00220",1,11,0,3,0,0,0,0,0,0,4,1,1,1,6,9000,2,6,-1,-1
"28581","201201TB00223",1,9,0,18,0,1,0,0,0,0,1,1,6,3,-1,-1,-1,-1,-1,-1
"28586","201201TB00228",1,9,0,18,0,0,0,0,0,0,1,1,6,2,7,1198,1,8,4,1
"28604","201201TB00247",1,9,0,18,0,0,0,4,0,0,1,1,6,1,6,1990,1,17,9,1
"28605","201201TB00247",2,9,0,2,0,0,0,0,0,0,3,1,6,1,8,-1,-1,-1,-1,-1
"28606","201201TB00247",3,9,0,2,0,0,0,0,0,0,3,1,6,2,6,1598,1,9,6,1
"28607","201201TB00247",4,9,0,2,0,0,0,0,0,0,3,1,6,1,7,1490,1,7,6,1
"28608","201201TB00247",5,19,0,2,0,0,0,0,0,0,3,1,6,1,6,-1,-1,-1,6,1
"28619","201201TB00261",1,9,0,18,0,0,0,0,0,0,3,1,6,1,6,1364,1,6,3,1
"28622","201201TB00264",1,9,0,18,0,1,0,4,7,10,4,1,6,2,10,1596,1,7,9,1
"28623","201201TB00264",2,9,0,2,0,1,0,0,0,0,3,1,6,3,-1,-1,-1,-1,-1,-1
"28632","201201TB00272",1,9,0,15,0,1,0,0,0,0,1,1,6,1,-1,-1,-1,-1,-1,-1
"28671","201201TB00309",1,9,0,6,0,0,0,10,1,10,1,1,6,1,6,1398,2,1,4,1
"28674","201201TB00311",1,9,0,9,0,2,0,0,0,0,1,1,1,1,7,1796,1,8,2,1