"","Acc_Index","Vehicle_Reference","Vehicle_Type","Towing_and_Articulation","Vehicle_Manoeuvre","Vehicle_Location.Restricted_Lane","Junction_Location","Skidding_and_Overturning","Hit_Object_in_Carriageway","Vehicle_Leaving_Carriageway","Hit_Object_off_Carriageway","X1st_Point_of_Impact","Was_Vehicle_Left_Hand_Drive","Journey_Purpose_of_Driver","Sex_of_Driver","Age_Band_of_Driver","Engine_Capacity_.CC.","Propulsion_Code","Age_of_Vehicle","Driver_IMD_Decile","Driver_Home_Area_Type"
"412542","201201ZD30262",2,3,0,4,0,1,1,0,0,0,1,1,6,1,-1,-1,-1,-1,-1,-1
"412552","201201ZD30263",1,3,0,18,0,8,0,0,0,0,4,1,6,1,4,124,1,1,7,1
"412562","201201ZD30263",2,9,0,5,0,8,0,0,0,0,1,1,6,2,-1,2494,1,10,5,1
"412572","201201ZD30264",1,5,0,18,0,8,0,0,0,0,1,1,6,1,7,953,1,9,2,1
"412582","201201ZD30264",2,9,0,9,0,8,0,0,0,0,4,1,6,2,6,1796,1,9,2,1
"412592","201201ZD30265",1,9,0,1,0,0,0,0,0,0,2,1,2,1,9,1598,1,11,2,1
"412602","201201ZD30267",1,5,0,18,0,8,0,0,0,0,3,1,6,1,6,1130,1,8,-1,3
"412612","201201ZD30267",2,9,0,9,0,8,0,0,0,0,1,1,6,2,-1,1798,1,8,8,1
"412622","201201ZD30268",1,9,0,18,0,8,0,0,0,0,1,1,1,2,8,1390,1,10,2,1
"412632","201201ZD30268",2,9,0,18,0,8,0,0,0,0,4,1,6,2,6,1984,1,4,8,1
"412642","201201ZD30269",1,9,0,5,0,8,0,0,0,0,1,1,6,2,6,1388,1,7,5,1
"412652","201201ZD30269",2,9,0,18,0,8,0,0,0,0,3,1,6,1,8,1596,1,8,5,1
"412661","201201ZD30271",1,9,0,3,0,8,0,0,0,0,2,1,6,1,6,1794,1,12,7,3
"412672","201201ZD30271",2,9,0,4,0,8,0,0,0,0,1,1,6,1,-1,-1,-1,-1,-1,-1
"412682","201201ZD30272",1,2,0,18,0,8,0,0,0,0,1,1,6,1,4,50,1,4,-1,-1
"412692","201201ZD30272",2,9,0,9,0,8,0,0,0,0,4,1,6,2,7,1997,1,5,5,1
"412702","201201ZD30273",1,5,0,15,0,2,0,0,0,0,3,1,6,1,8,1402,1,9,7,1
"412712","201201ZD30274",1,9,0,18,0,0,0,0,0,0,4,1,6,2,7,1275,1,19,6,1
"412722","201201ZD30276",1,9,0,3,0,1,0,0,0,0,2,1,6,1,9,1248,1,1,8,1
"412732","201201ZD30276",2,8,0,18,0,1,1,0,0,0,1,1,6,1,-1,-1,-1,-1,-1,-1
"412742","201201ZD30277",1,9,0,18,0,2,0,0,0,0,3,1,2,1,8,2996,2,15,4,1
"412752","201201ZD30278",1,1,0,18,0,1,0,0,0,0,4,1,6,1,9,-1,-1,-1,2,1
"412762","201201ZD30279",1,2,0,4,0,8,0,0,0,0,4,1,2,1,7,124,1,6,5,1
"412772","201201ZD30279",2,9,0,9,0,6,0,0,0,0,3,1,2,1,6,1995,2,1,2,1
"412782","201201ZD30280",1,9,0,4,0,0,0,0,0,0,2,1,6,1,9,2996,2,13,9,1
"412792","201201ZD30280",2,11,0,18,0,0,0,0,0,0,1,1,1,1,7,900,2,3,8,2
"412802","201201ZD30281",1,9,0,18,0,8,0,0,0,0,1,1,6,1,8,3301,1,10,8,1
"412812","201201ZD30281",2,8,0,18,0,8,0,0,0,0,3,1,1,1,8,1910,2,6,4,1
"412822","201201ZD30282",1,9,0,18,0,8,0,0,0,0,4,1,6,1,6,2494,1,14,2,1
"412832","201201ZD30282",2,9,0,18,0,8,0,0,0,0,1,1,6,3,-1,973,1,10,-1,-1
"412842","201201ZD30283",1,9,0,18,0,8,0,0,0,0,4,1,6,2,6,2688,2,12,4,1
"412852","201201ZD30283",2,9,0,7,0,8,0,0,0,0,1,1,6,1,-1,2000,1,4,9,1
"412862","201201ZD30284",1,9,0,18,0,8,0,0,0,0,1,1,6,1,7,1796,1,9,2,1
"412872","201201ZD30284",2,9,0,18,0,8,0,0,0,0,1,1,6,2,8,1275,1,12,8,1
"412882","201201ZD30285",1,9,0,18,0,1,0,0,0,0,1,1,6,2,7,1240,1,3,5,1
"412892","201201ZD30285",2,9,0,6,0,1,0,0,0,0,3,1,6,2,7,1596,1,17,3,1
"412902","201201ZD30286",1,9,0,9,0,6,0,0,0,0,4,1,6,1,6,-1,-1,-1,6,1
"412912","201201ZD30290",1,9,0,9,0,8,0,0,1,10,1,1,6,1,5,1796,1,9,2,1
"412922","201201ZD30290",2,19,0,2,0,8,0,0,0,0,3,1,6,3,-1,2500,2,5,-1,-1
"412932","201201ZD30291",1,9,0,4,0,1,0,0,0,0,2,1,6,1,9,2400,2,3,10,1
"412942","201201ZD30291",2,9,0,4,0,1,0,0,0,0,1,1,6,3,-1,1240,1,7,-1,-1
"412952","201201ZD30292",1,9,0,16,0,2,0,0,0,0,1,1,6,1,9,1119,1,17,6,1
"412962","201201ZD30292",2,19,0,17,0,1,0,0,0,0,1,1,6,1,8,1995,2,4,3,1
"412972","201201ZD30294",1,9,0,18,0,0,0,0,0,0,1,1,6,1,8,-1,-1,-1,8,1
"412982","201201ZD30295",1,9,0,18,0,8,0,0,1,1,1,1,6,2,-1,1198,1,2,-1,-1
"412992","201201ZD30296",1,9,0,1,0,2,0,0,0,0,2,1,6,2,6,1796,1,9,2,1
"413002","201201ZD30296",2,9,0,2,0,2,0,0,0,0,1,1,6,2,4,1198,1,5,6,1
"413012","201201ZD30298",1,9,0,18,0,8,0,0,0,0,1,1,3,1,8,1762,1,16,2,1
"413022","201201ZD30298",2,9,0,18,0,8,0,0,0,0,4,1,2,2,6,1781,1,12,2,1
"413032","201201ZD30299",1,9,0,18,0,1,0,0,0,0,1,1,6,2,8,2720,2,3,-1,-1
"413042","201201ZD30299",2,9,0,18,0,1,0,0,0,0,1,1,6,2,6,1198,1,1,8,1
"413052","201201ZD30299",3,9,0,4,0,1,0,0,0,0,2,1,6,1,-1,-1,-1,-1,4,1
"413062","201201ZD30300",1,11,0,4,0,2,0,0,0,0,0,1,1,1,6,9200,2,9,8,1
"413072","201201ZD30301",1,9,0,18,0,2,0,0,0,0,3,1,1,1,5,-1,-1,-1,10,1
"413082","201201ZD30302",1,9,0,18,0,8,0,0,0,0,1,1,2,2,9,1386,1,3,8,3
"413092","201201ZD30303",1,9,0,18,0,8,0,0,0,0,1,1,1,1,8,-1,-1,-1,3,1
"413102","201201ZD30303",2,9,0,9,0,8,0,0,0,0,4,1,6,2,8,1199,2,1,3,1
"413112","201201ZD30304",1,1,0,17,0,8,0,0,0,0,1,1,6,1,9,-1,-1,-1,9,1
"413122","201201ZD30304",2,9,0,5,0,8,0,0,0,0,3,1,6,3,-1,-1,-1,-1,-1,-1
"413132","201201ZD30305",1,11,0,5,0,0,0,0,0,0,4,1,1,1,-1,-1,-1,-1,-1,-1
"413142","201201ZD30307",1,9,0,4,0,1,0,0,0,0,2,1,6,2,10,1388,1,5,9,1
"413152","201201ZD30307",2,9,0,18,0,1,0,0,0,0,1,1,6,2,5,1149,1,10,2,1
"413162","201201ZD30307",3,9,0,18,0,1,0,0,0,0,2,1,6,1,6,1398,1,1,7,1
"413172","201201ZD30308",1,9,0,4,0,5,1,0,0,0,1,1,6,1,-1,1360,1,8,5,1
"413182","201201ZD30309",1,9,0,9,0,5,0,0,0,0,4,1,6,2,6,1596,1,-1,-1,-1
"413192","201201ZD30309",2,1,0,15,0,8,0,0,0,0,1,1,6,1,7,-1,-1,-1,10,1
"413202","201201ZD30315",1,11,0,4,0,1,0,0,0,0,0,1,1,1,7,9000,2,3,3,1
"413212","201201ZD30317",1,9,0,18,1,8,0,0,0,0,1,1,6,2,8,-1,-1,-1,9,1
"413222","201201ZD30318",1,9,0,18,0,0,0,0,0,0,1,1,6,3,-1,-1,-1,-1,-1,-1
"413232","201201ZD30319",1,9,0,9,0,8,0,0,0,0,1,1,6,1,4,2793,1,16,-1,-1
"413242","201201ZD30319",2,9,0,18,0,8,0,0,0,0,1,1,6,1,6,1998,1,10,4,1
"413252","201201ZD30319",3,9,0,2,0,8,0,0,0,0,3,1,6,1,6,1595,1,13,1,1
"413262","201201ZD30319",4,3,0,2,0,8,0,0,0,0,1,1,6,1,6,124,1,9,6,1
"413272","201201ZD30320",1,9,0,9,0,0,0,0,0,0,4,1,6,2,8,1598,1,8,4,1
"413282","201201ZD30320",2,9,0,18,0,0,0,0,0,0,1,1,1,1,7,1968,2,1,2,1
"413292","201201ZD30321",1,9,0,18,0,1,0,0,0,0,1,1,6,1,6,1998,1,10,4,1
"413302","201201ZD30322",1,9,0,18,0,1,0,10,7,0,1,1,6,1,10,1398,1,1,1,1
"413312","201201ZD30323",1,9,0,5,0,8,0,0,0,0,0,1,1,1,8,1896,2,5,7,1
"413322","201201ZD30323",2,4,0,4,0,8,1,0,0,0,0,1,6,1,4,124,1,7,3,1
"413332","201201ZD30324",1,19,0,13,0,1,0,0,0,0,1,1,1,1,8,1998,2,9,-1,-1
"413342","201201ZD30324",2,1,0,18,0,1,0,0,0,0,2,1,6,1,6,-1,-1,-1,5,1
"413352","201201ZD30325",1,9,0,18,0,8,0,0,1,0,3,1,6,2,7,2295,1,11,8,1
"413362","201201ZD30325",2,9,0,13,0,8,5,0,0,0,1,1,6,1,6,1796,1,6,3,1
"413372","201201ZD30325",3,9,0,9,0,5,0,0,0,0,3,1,6,1,7,875,1,1,5,1
"413382","201201ZD30326",1,8,0,7,0,6,0,0,0,0,1,1,1,1,6,1995,2,6,6,1
"413392","201201ZD30326",2,9,0,18,0,8,0,0,0,0,1,1,6,2,6,1796,1,4,5,1
"413402","201201ZD30327",1,9,0,18,0,8,0,0,0,0,1,1,6,2,9,1596,1,7,3,1
"413412","201201ZD30327",2,9,0,9,0,8,0,0,0,0,4,1,6,1,8,2354,1,8,3,1
"413422","201201ZD30328",1,9,0,3,0,0,0,0,0,0,3,1,6,2,5,1598,1,-1,3,1
"413432","201201ZD30328",2,19,0,14,0,0,0,0,0,0,1,1,1,1,-1,4249,2,4,-1,-1
"413442","201201ZD30329",1,8,0,9,0,5,0,0,0,0,1,1,1,1,8,1910,2,4,3,1
"413452","201201ZD30329",2,3,0,18,0,8,0,0,0,0,1,1,1,1,5,125,1,2,3,1
"413462","201201ZD30330",1,9,0,18,0,0,0,0,0,0,3,1,6,3,-1,-1,-1,-1,-1,-1
"413472","201201ZD30331",1,9,0,18,0,1,5,7,7,2,1,1,6,2,7,1275,1,13,-1,-1
"413482","201201ZD30332",1,9,0,18,0,8,0,0,0,0,2,1,6,2,5,1390,1,13,2,1
"413492","201201ZD30332",2,9,0,18,0,8,0,0,0,0,1,1,6,1,-1,1796,1,7,-1,-1
"413502","201201ZD30334",1,9,0,3,0,1,0,0,0,0,2,1,6,1,8,1988,2,7,9,1
"413512","201201ZD30334",2,9,0,3,0,1,0,0,0,0,2,1,6,1,8,1248,2,3,3,1
"413522","201201ZD30334",3,9,0,4,0,1,1,0,0,0,1,1,6,1,4,2663,2,16,-1,-1
"413532","201201ZD30335",1,9,0,18,0,0,0,0,0,0,1,1,6,1,6,1587,1,13,5,1
"413542","201201ZD30335",2,1,0,18,0,0,0,0,0,0,3,1,6,1,-1,-1,-1,-1,-1,-1
"413552","201201ZD30336",1,9,0,18,0,8,0,0,0,0,1,1,6,1,9,1997,2,9,8,1
"413562","201201ZD30337",1,11,0,4,0,6,0,0,0,0,0,1,1,1,6,7300,2,7,3,1
"413572","201201ZD30338",1,9,0,18,0,0,1,0,1,2,1,1,2,1,7,1497,1,8,2,1
"413582","201201ZD30339",1,3,0,9,0,8,0,0,0,0,4,1,6,1,9,125,1,4,3,1
"413592","201201ZD30339",2,9,0,18,0,8,0,0,0,0,1,1,6,1,9,3800,1,2,9,1
"413602","201201ZD30340",1,9,0,18,0,1,0,10,1,10,1,1,6,1,5,1598,2,1,-1,-1
"413612","201201ZD30341",1,11,0,3,0,2,0,0,0,0,0,1,1,1,8,4500,2,3,4,1
"413622","201201ZD30342",1,9,0,10,0,8,0,0,0,0,2,1,6,1,8,1896,2,7,7,1
"413632","201201ZD30342",2,9,0,18,0,8,0,0,0,0,1,1,6,1,-1,1984,1,8,-1,-1
"413642","201201ZD30343",1,9,0,18,0,1,0,0,0,0,1,1,6,3,-1,-1,-1,-1,-1,-1
"413652","201201ZD30345",1,21,4,9,0,5,0,0,0,0,4,1,1,1,7,9200,2,7,4,1
"413662","201201ZD30345",2,19,0,4,0,8,0,0,0,0,2,1,6,1,6,1560,2,4,6,1
"413672","201201ZD30345",3,9,0,4,0,8,0,0,0,0,2,1,1,2,8,1997,2,8,8,1
"413682","201201ZD30345",4,19,0,3,0,8,0,0,0,0,2,1,1,1,8,2402,2,5,3,1
"413692","201201ZD30346",1,9,0,3,0,2,0,0,0,0,2,1,2,2,6,1991,2,3,3,1
"413702","201201ZD30346",2,9,0,4,0,2,1,0,0,0,1,1,6,2,5,-1,-1,-1,3,1
"413712","201201ZD30347",1,9,0,4,0,8,0,0,0,0,4,1,6,2,6,1149,1,6,-1,-1
"413722","201201ZD30347",2,9,0,9,0,8,0,0,1,0,1,1,6,1,-1,-1,-1,-1,-1,-1
"413732","201201ZD30349",1,9,0,18,0,0,5,7,1,4,1,1,6,2,6,1149,1,11,9,1
"413742","201201ZD30350",1,9,0,4,0,1,0,0,0,0,4,1,6,2,9,1560,2,6,8,1
"413752","201201ZD30351",1,9,0,3,0,8,0,0,0,0,2,1,6,2,9,-1,-1,-1,-1,-1
"413762","201201ZD30351",2,9,0,18,0,8,0,0,0,0,1,1,6,2,9,1299,1,11,9,1
"413772","201201ZD30353",1,1,0,18,4,8,0,0,0,0,1,1,6,1,7,-1,-1,-1,9,1
"413782","201201ZD30353",2,9,0,7,0,5,0,0,0,0,4,1,6,1,-1,1242,1,10,-1,-1
"413792","201201ZD30354",1,9,0,4,0,1,0,0,0,0,2,1,6,1,7,1998,1,10,3,1
"413802","201201ZD30354",2,9,0,4,0,1,0,0,0,0,1,1,6,1,-1,998,1,19,-1,-1
"413812","201201ZD30355",1,11,0,4,0,1,1,0,0,0,1,1,1,1,8,-1,2,12,5,1
"413822","201201ZD30355",2,9,0,10,0,1,0,0,0,0,2,1,6,1,5,1198,1,9,3,1
"413832","201201ZD30355",3,9,0,10,0,1,0,0,0,0,2,1,6,1,7,1598,1,10,5,1
"413842","201201ZD30357",1,9,0,9,0,8,0,0,0,0,1,1,6,2,6,1390,1,2,-1,-1
"413852","201201ZD30357",2,9,0,18,0,8,0,0,0,0,3,1,1,1,6,1968,2,2,-1,-1
"413862","201201ZD30359",1,9,0,4,0,8,0,0,0,0,4,1,6,2,7,1598,1,7,10,3
"413872","201201ZD30361",1,9,0,18,0,0,0,0,0,0,1,1,2,2,6,1364,1,4,8,1
"413882","201201ZD30361",2,9,0,9,0,0,0,0,0,0,1,1,6,2,-1,-1,-1,-1,-1,-1
"413892","201201ZD30362",1,9,0,18,0,8,0,0,0,0,1,1,6,1,5,1360,1,14,2,1
"413902","201201ZD30362",2,9,0,18,0,8,0,0,0,0,3,1,6,1,4,1497,1,9,3,1
"413912","201201ZD30364",1,9,0,9,0,8,0,0,0,0,4,1,6,1,6,1968,2,1,5,1
"413922","201201ZD30364",2,4,0,18,0,8,0,0,0,0,1,1,6,1,4,-1,-1,-1,5,1
"413931","201201ZD30365",1,9,0,18,0,0,0,0,0,0,1,1,6,2,6,1587,1,10,5,1
"413941","201201ZD30366",1,9,0,7,0,5,0,0,0,0,4,1,6,3,-1,-1,-1,-1,-1,-1
"413952","201201ZD30366",2,1,0,18,0,8,0,0,0,0,1,1,6,1,4,-1,-1,-1,4,1
"413962","201201ZD30367",1,9,0,18,0,8,0,0,1,4,1,1,6,1,7,1595,1,7,-1,-1
"413972","201201ZD30371",1,9,0,10,0,8,0,0,0,0,3,1,6,1,5,796,1,12,3,1
"413982","201201ZD30371",2,5,0,18,0,8,0,0,0,0,1,1,6,1,5,599,1,3,-1,-1
"413992","201201ZD30373",1,1,0,18,0,8,0,0,0,0,1,1,1,2,7,-1,-1,-1,2,1
"414002","201201ZD30373",2,9,0,9,0,8,0,0,0,0,4,1,6,1,-1,-1,-1,-1,-1,-1
"414012","201201ZD30374",1,9,0,9,0,6,0,0,0,0,4,1,6,2,6,1589,1,16,4,1
"414022","201201ZD30375",1,9,0,10,0,8,0,0,0,0,1,1,6,1,6,1598,1,12,1,1
"414032","201201ZD30375",2,9,0,18,0,8,0,0,7,2,1,1,6,1,11,1951,2,7,4,1
"414042","201201ZD30377",1,9,0,18,0,0,0,0,0,0,4,1,6,2,10,1769,1,7,5,1
"414052","201201ZD30378",1,9,0,18,0,0,0,0,0,0,2,1,6,1,-1,1951,2,9,4,1
"414062","201201ZD30378",2,5,0,15,0,0,0,0,0,0,1,1,6,1,7,1170,1,5,4,1
"414072","201201ZD30379",1,8,0,18,0,1,0,10,1,4,1,1,1,1,9,1896,2,7,3,1
"414082","201201ZD30380",1,9,0,18,0,8,0,0,0,0,1,1,6,1,8,1596,1,14,-1,-1
"414092","201201ZD30380",2,9,0,18,0,8,0,0,0,0,1,1,6,1,5,-1,-1,-1,8,1
"414102","201201ZD30382",1,9,0,4,0,0,0,0,0,0,2,1,6,2,4,1149,1,13,8,1
"414112","201201ZD30382",2,11,0,4,0,0,0,0,0,0,2,1,1,1,8,9200,2,9,5,1
"414122","201201ZD30382",3,90,0,18,0,0,0,0,0,0,1,1,1,3,-1,-1,-1,-1,-1,-1
"414132","201201ZD30384",1,9,0,3,0,0,0,0,0,0,2,1,6,2,9,3199,1,13,-1,-1
"414142","201201ZD30384",2,9,0,18,0,0,0,0,0,0,1,1,6,1,-1,-1,-1,-1,-1,-1
"414152","201201ZD30385",1,9,0,18,0,8,0,0,0,0,1,1,6,2,7,1598,1,15,2,1
"414162","201201ZD30386",1,9,0,7,0,2,0,10,1,10,1,1,6,1,10,1597,1,15,3,1
"414172","201201ZD30386",2,9,0,2,0,2,0,0,0,0,4,1,6,2,7,1998,1,11,3,1
"414182","201201ZD30388",1,9,0,14,0,1,0,0,0,0,1,1,6,2,5,1360,1,13,2,1
"414192","201201ZD30389",1,20,0,4,0,8,0,0,0,0,1,1,6,1,9,5193,2,5,4,1
"414202","201201ZD30389",2,9,0,18,0,8,0,0,0,0,3,1,6,2,11,995,1,8,8,1
"414212","201201ZD30390",1,1,0,18,4,8,0,0,0,0,1,1,1,1,7,-1,-1,-1,6,1
"414222","201201ZD30390",2,9,0,9,0,5,0,0,0,0,1,1,6,2,7,1149,1,3,4,1
"414232","201201ZD30391",1,4,0,18,0,8,0,0,0,0,1,1,2,1,6,645,1,9,5,1
"414242","201201ZD30391",2,9,0,5,0,8,0,0,0,0,3,1,2,1,7,2995,7,11,8,1
"414252","201201ZD30392",1,9,0,18,0,1,0,7,0,0,1,1,6,2,9,1299,1,4,5,1
"414262","201201ZD30393",1,9,0,10,0,1,0,0,0,0,2,1,6,2,6,1360,1,14,3,1
"414272","201201ZD30393",2,9,0,18,0,1,0,0,0,0,1,1,6,2,-1,-1,-1,-1,-1,-1
"414282","201201ZD30394",1,9,0,18,0,2,0,0,0,0,1,1,6,1,10,1242,1,2,5,1
"414292","201201ZD30394",2,1,0,5,0,2,0,0,0,0,1,1,6,2,4,-1,-1,-1,2,1
"414302","201201ZD30395",1,9,0,18,0,8,0,0,0,0,4,1,6,2,6,1968,2,4,5,1
"414312","201201ZD30395",2,1,0,18,0,8,0,0,0,0,1,1,6,1,5,-1,-1,-1,-1,-1
"414322","201201ZD30396",1,9,0,18,0,2,0,0,0,0,1,1,6,3,-1,-1,-1,-1,-1,-1
"414332","201201ZD30397",1,9,0,18,0,1,0,0,0,0,1,1,3,2,7,-1,-1,-1,10,1
"414342","201201ZD30397",2,9,0,4,0,1,0,0,0,0,2,1,6,1,-1,1597,1,15,4,1
"414352","201201ZD30399",1,9,0,18,0,1,0,0,0,0,1,1,6,3,-1,-1,-1,-1,-1,-1
"414362","201201ZD30400",1,9,0,5,0,8,0,0,0,0,3,1,6,2,8,1998,1,5,2,1
"414372","201201ZD30401",1,9,0,18,0,2,0,0,0,0,1,1,6,1,4,1364,1,6,4,1
"414382","201201ZD30402",1,9,0,15,0,2,0,0,0,0,1,1,6,1,7,1995,2,5,4,1
"414392","201201ZD30403",1,9,0,2,0,2,0,0,0,0,1,1,6,2,5,1198,1,10,4,1
"414402","201201ZD30403",2,9,0,1,0,2,0,0,0,0,2,1,6,1,-1,-1,-1,-1,-1,-1
"414412","201201ZD30404",1,9,0,18,0,2,0,0,0,0,1,1,6,2,11,1590,1,14,3,1
"414422","201201ZD30404",2,9,0,2,0,2,0,0,0,0,2,1,6,1,8,2156,1,18,6,1
"414432","201201ZD30404",3,9,0,2,0,2,0,0,0,0,1,1,6,2,-1,998,1,11,6,1
"414442","201201ZD30406",1,9,0,4,0,0,0,0,0,0,1,1,6,1,9,1248,1,3,6,1
"414452","201201ZD30406",2,9,0,18,0,0,0,0,0,0,1,1,6,1,-1,1870,2,11,6,1
"414462","201201ZD30407",1,9,0,18,0,0,0,0,0,0,1,1,6,1,10,2200,1,12,5,1
"414472","201201ZD30408",1,19,0,18,0,1,0,0,0,0,4,1,1,1,6,-1,-1,-1,6,1
"414482","201201ZD30409",1,9,0,9,0,8,0,0,0,0,4,1,6,1,8,1596,1,10,2,1
"414492","201201ZD30409",2,9,0,7,0,8,0,0,0,0,1,1,6,2,-1,1390,1,3,8,1
"414502","201201ZD30410",1,9,0,17,0,8,0,0,0,0,3,1,6,2,5,1587,1,8,3,1
"414512","201201ZD30410",2,9,0,17,0,8,0,0,0,0,4,1,6,1,-1,-1,-1,-1,-1,-1
"414522","201201ZD30411",1,9,0,4,0,0,0,0,0,0,1,1,6,1,5,2143,2,1,4,1
"414532","201201ZD30411",2,9,0,3,0,0,0,0,0,0,1,1,6,1,7,1679,1,13,2,1
"414542","201201ZD30411",3,9,0,9,0,0,0,0,0,0,4,1,6,2,6,875,1,2,9,1
"414552","201201ZD30412",1,9,0,18,0,2,1,0,0,0,4,1,6,3,-1,-1,-1,-1,-1,-1
"414562","201201ZD30413",1,9,0,18,0,2,0,0,0,0,1,1,1,1,7,1497,8,4,2,1
"414572","201201ZD30413",2,9,0,18,0,1,0,0,0,0,1,1,6,2,5,1299,1,12,4,1
"414582","201201ZD30414",1,9,0,9,0,8,0,0,0,0,3,1,6,1,6,1995,2,8,-1,-1
"414592","201201ZD30414",2,9,0,18,0,8,0,0,0,0,4,1,6,2,6,1796,1,7,5,1
"414602","201201ZD30415",1,8,0,18,0,8,0,0,0,0,4,1,6,1,-1,-1,-1,-1,-1,-1
"414612","201201ZD30415",2,9,0,18,0,8,0,0,0,0,1,1,6,3,-1,-1,-1,-1,-1,-1
"414622","201201ZD30416",1,9,0,9,0,0,0,0,0,0,4,1,6,1,9,1590,1,7,6,1
"414632","201201ZD30416",2,1,0,18,2,0,0,0,0,0,1,1,6,1,5,-1,-1,-1,9,1
"414642","201201ZD30417",1,9,0,18,0,0,0,0,0,0,1,1,6,3,-1,-1,-1,-1,-1,-1
"414652","201201ZD30418",1,5,0,18,0,8,0,0,0,0,1,1,6,1,6,124,1,8,2,1
"414662","201201ZD30418",2,9,0,9,0,8,0,0,0,0,1,1,1,1,7,1968,2,5,2,1
"414672","201201ZD30418",3,9,0,18,0,8,0,0,0,0,1,1,6,2,6,-1,-1,-1,-1,-1
"414682","201201ZD30419",1,1,0,18,0,1,0,0,0,0,2,1,6,1,7,-1,-1,-1,7,1
"414692","201201ZD30419",2,9,0,13,0,1,0,0,0,0,1,1,6,1,-1,2985,2,6,4,1
"414702","201201ZD30420",1,9,0,18,0,0,0,10,1,10,1,1,6,1,-1,-1,-1,-1,4,1
"414712","201201ZD30422",1,3,0,3,0,3,0,0,0,0,2,1,6,2,4,124,1,6,2,1
"414722","201201ZD30422",2,9,0,18,0,3,0,0,0,0,1,1,6,3,-1,1796,1,12,-1,-1
"414732","201201ZD30423",1,9,0,3,0,1,0,0,0,0,2,1,6,2,6,1598,1,6,10,1
"414742","201201ZD30423",2,9,0,4,0,1,0,0,0,0,1,1,6,1,8,-1,-1,-1,-1,-1
"414752","201201ZD30425",1,9,0,9,0,8,0,0,0,0,4,1,6,1,9,-1,-1,-1,-1,-1
"414762","201201ZD30425",2,2,0,18,0,8,0,0,0,0,1,1,6,1,7,-1,-1,-1,6,1
"414772","201201ZD30426",1,9,0,5,0,8,0,0,0,0,1,1,6,1,-1,-1,-1,-1,6,1
"414782","201201ZD30426",2,9,0,3,0,8,0,0,0,0,1,1,6,2,6,1388,1,12,3,1
"414792","201201ZD30427",1,9,0,4,0,1,0,0,0,0,1,1,1,1,5,1390,1,6,-1,-1
"414802","201201ZD30427",2,9,0,4,0,1,0,0,0,0,2,1,6,1,6,1597,1,26,10,1
"414812","201201ZD30430",1,9,0,9,0,8,0,0,0,0,3,1,6,2,7,998,1,3,6,1
"414822","201201ZD30430",2,5,0,13,0,8,0,0,0,0,1,1,6,1,5,-1,-1,-1,-1,-1
"414832","201201ZD30432",1,9,0,18,0,8,0,0,0,0,1,1,1,1,9,1995,2,8,-1,-1
"414842","201201ZD30432",2,9,0,9,0,8,0,0,0,0,4,1,6,1,9,-1,-1,-1,7,1
"414852","201201ZD30433",1,9,0,18,0,8,0,7,0,0,2,1,6,1,5,1999,1,9,-1,-1
"414862","201201ZD30433",2,9,0,18,0,8,0,0,0,0,1,1,6,1,-1,-1,-1,-1,2,1
"414872","201201ZD30434",1,19,0,3,0,2,0,0,0,0,2,1,6,1,6,1686,2,9,9,1
"414882","201201ZD30434",2,9,0,4,0,2,0,0,0,0,1,1,6,1,-1,1998,1,5,3,1
"414892","201201ZD30435",1,9,0,18,0,0,0,0,0,0,1,1,1,1,6,-1,-1,-1,8,3
"414902","201201ZD30435",2,9,0,4,0,0,0,0,0,0,2,1,1,2,5,1596,1,5,6,1
"414912","201201ZD30435",3,9,0,4,0,0,0,0,0,0,2,1,1,1,7,1997,2,8,6,1
"414922","201201ZD30437",1,9,0,13,0,0,0,0,0,0,3,1,6,2,11,1999,1,6,10,1
"414932","201201ZD30437",2,5,0,15,0,0,1,0,0,0,4,1,6,1,7,599,1,2,3,1
"414942","201201ZD30437",3,9,0,9,0,0,0,0,0,0,0,1,6,1,10,2494,1,14,10,1
"414952","201201ZD30439",1,9,0,7,0,8,0,0,0,0,4,1,6,3,-1,-1,-1,-1,-1,-1
"414962","201201ZD30439",2,1,0,18,0,8,0,0,0,0,2,1,6,1,7,-1,-1,-1,7,1
"414972","201201ZD30440",1,9,0,5,0,1,0,0,0,0,1,1,6,3,-1,-1,-1,-1,-1,-1
"414982","201201ZD30441",1,9,0,9,0,2,0,0,0,0,1,1,2,1,6,1399,2,2,8,3
"414992","201201ZD30441",2,1,0,18,0,1,0,0,0,0,3,1,6,1,7,-1,-1,-1,-1,-1
"415002","201201ZD30441",3,1,0,18,0,1,0,0,0,0,3,1,6,1,-1,-1,-1,-1,-1,-1
"415012","201201ZD30442",1,9,0,17,0,2,0,0,1,10,1,1,6,1,4,1242,1,9,9,1
"415022","201201ZD30443",1,9,0,4,0,0,0,0,0,0,0,1,6,2,8,-1,-1,-1,4,1
"415032","201201ZD30443",2,9,0,18,0,0,0,0,0,0,1,1,6,2,-1,3490,1,15,3,1
"415042","201201ZD30444",1,9,0,10,0,1,0,0,0,0,2,1,6,2,8,998,1,2,10,1
"415052","201201ZD30444",2,9,0,18,0,1,0,0,0,0,1,1,6,1,6,1968,2,5,2,1
"415062","201201ZD30445",1,9,0,18,0,0,0,0,0,0,1,1,6,1,6,1796,1,10,-1,-1
"415072","201201ZD30445",2,9,0,18,0,0,0,0,0,0,1,1,6,3,-1,1896,2,9,-1,-1