"","Acc_Index","Vehicle_Reference","Vehicle_Type","Towing_and_Articulation","Vehicle_Manoeuvre","Vehicle_Location.Restricted_Lane","Junction_Location","Skidding_and_Overturning","Hit_Object_in_Carriageway","Vehicle_Leaving_Carriageway","Hit_Object_off_Carriageway","X1st_Point_of_Impact","Was_Vehicle_Left_Hand_Drive","Journey_Purpose_of_Driver","Sex_of_Driver","Age_Band_of_Driver","Engine_Capacity_.CC.","Propulsion_Code","Age_of_Vehicle","Driver_IMD_Decile","Driver_Home_Area_Type"
"415082","201201ZD30446",1,9,0,18,0,8,0,0,0,0,1,1,6,2,6,1796,1,8,5,1
"415092","201201ZD30448",1,9,0,18,0,1,0,7,0,0,1,1,6,1,4,1388,1,10,7,1
"415102","201201ZD30448",2,9,0,18,0,2,0,0,0,0,3,1,6,1,6,1794,1,6,-1,-1
"415112","201201ZD30450",1,9,0,18,0,0,0,0,0,0,1,1,6,2,10,-1,-1,-1,8,1
"415122","201201ZD30450",2,9,0,2,0,0,0,0,0,0,2,1,6,1,9,1995,2,1,8,1
"415132","201201ZD30450",3,9,0,2,0,0,0,0,0,0,2,1,6,1,-1,-1,-1,-1,4,1
"415142","201201ZD30451",1,9,0,18,0,8,0,0,0,0,3,1,1,1,7,1998,2,10,4,1
"415152","201201ZD30451",2,9,0,16,0,8,0,0,0,0,1,1,6,3,-1,3969,1,16,-1,-1
"415162","201201ZD30452",1,9,0,18,0,1,0,0,0,0,1,1,6,3,-1,1839,1,11,-1,-1
"415172","201201ZD30452",2,1,0,18,0,1,0,0,0,0,2,1,6,1,7,-1,-1,-1,-1,-1
"415182","201201ZD30453",1,1,0,18,0,0,0,0,0,0,3,1,6,1,3,-1,-1,-1,8,1
"415192","201201ZD30453",2,9,0,1,0,0,0,0,0,0,2,1,6,3,-1,-1,-1,-1,-1,-1
"415202","201201ZD30455",1,9,0,13,0,1,0,0,0,0,0,1,6,2,7,1799,1,5,4,1
"415212","201201ZD30455",2,1,0,18,0,1,0,0,0,0,0,1,1,1,8,-1,-1,-1,9,1
"415222","201201ZD30456",1,3,0,18,0,1,0,0,0,0,2,1,6,1,5,125,1,2,3,1
"415232","201201ZD30456",2,9,0,18,0,1,0,0,0,0,1,1,6,1,-1,2198,1,11,2,1
"415242","201201ZD30457",1,19,0,12,0,0,0,0,0,0,3,1,1,1,5,1753,2,11,-1,-1
"415252","201201ZD30457",2,5,0,18,0,0,0,0,0,0,4,1,6,1,-1,918,1,16,6,1
"415262","201201ZD30459",1,9,0,18,0,8,0,0,0,0,4,1,6,3,-1,-1,-1,-1,-1,-1
"415272","201201ZD30460",1,3,0,5,0,2,0,0,0,0,3,1,2,1,6,125,1,2,7,1
"415282","201201ZD30460",2,9,0,5,0,1,0,0,0,0,3,1,6,1,-1,1388,1,7,-1,-1
"415292","201201ZD30461",1,9,0,18,0,8,0,0,0,0,1,1,6,2,8,1332,1,13,-1,-1
"415302","201201ZD30461",2,9,0,9,0,8,0,0,0,0,4,1,6,1,8,2995,7,7,9,3
"415312","201201ZD30462",1,9,0,4,0,0,0,0,0,0,1,1,6,1,8,1870,2,5,7,1
"415322","201201ZD30462",2,9,0,3,0,0,0,0,0,0,2,1,6,2,5,989,1,12,6,1
"415332","201201ZD30462",3,9,0,3,0,0,0,0,0,0,2,1,6,1,6,989,1,12,2,1
"415342","201201ZD30464",1,9,0,5,0,8,0,0,0,0,1,1,6,1,7,1796,1,10,4,1
"415352","201201ZD30465",1,9,0,4,0,2,0,0,0,0,1,1,6,1,8,-1,-1,-1,-1,-1
"415362","201201ZD30465",2,9,0,4,0,2,0,0,0,0,2,1,6,1,5,1400,1,12,5,1
"415372","201201ZD30466",1,11,0,4,0,0,0,0,0,0,2,1,1,1,8,4500,2,-1,-1,-1
"415382","201201ZD30466",2,9,0,4,0,0,0,0,0,0,1,1,6,2,7,1360,1,8,-1,-1
"415392","201201ZD30468",1,11,0,2,0,1,0,0,0,0,1,1,1,1,7,670,2,2,2,1
"415402","201201ZD30468",2,9,0,1,0,2,0,4,0,0,2,1,6,1,6,-1,-1,-1,7,1
"415412","201201ZD30469",1,9,0,18,0,0,0,10,1,4,1,1,6,2,6,1834,1,10,3,1
"415422","201201ZD30471",1,9,0,7,0,8,0,0,0,0,4,1,1,1,7,1299,1,12,3,1
"415432","201201ZD30473",1,9,0,9,0,8,0,0,0,0,4,1,6,1,4,1329,1,2,6,1
"415442","201201ZD30473",2,3,0,18,0,8,0,0,0,0,1,1,6,1,5,125,1,-1,4,1
"415452","201201ZD30474",1,9,0,18,0,2,0,0,0,0,1,1,6,2,6,2685,2,7,10,1
"415462","201201ZD30474",2,9,0,4,0,2,0,0,0,0,2,1,6,2,8,1390,1,10,3,1
"415472","201201ZD30474",3,9,0,4,0,2,0,0,0,0,2,1,6,3,-1,-1,-1,-1,-1,-1
"415482","201201ZD30475",1,9,0,15,0,1,0,0,0,0,4,1,6,1,4,1995,1,8,3,1
"415492","201201ZD30475",2,9,0,18,0,1,0,0,0,0,3,1,6,1,8,2179,2,7,-1,-1
"415502","201201ZD30476",1,9,0,3,0,1,0,0,0,0,2,1,6,2,6,1598,1,6,1,1
"415512","201201ZD30476",2,9,0,18,0,1,0,0,0,0,1,1,6,1,-1,-1,-1,-1,-1,-1
"415522","201201ZD30477",1,9,0,18,0,0,0,0,0,0,1,1,6,2,7,1400,1,13,3,1
"415532","201201ZD30477",2,9,0,2,0,0,0,0,0,0,2,1,6,2,7,2435,1,9,3,1
"415542","201201ZD30478",1,9,0,18,0,0,0,0,0,0,1,1,6,2,7,1796,1,13,3,1
"415552","201201ZD30479",1,9,0,5,0,1,0,0,0,0,1,1,6,2,8,1797,8,2,10,1
"415562","201201ZD30479",2,9,0,3,0,1,0,0,0,0,2,1,6,2,9,1339,1,6,2,1
"415572","201201ZD30480",1,9,0,14,0,1,0,0,0,0,1,1,6,2,4,1299,1,15,9,1
"415582","201201ZD30481",1,9,0,18,0,0,0,0,0,0,1,1,6,1,7,1997,2,3,3,1
"415592","201201ZD30482",1,9,0,10,0,8,0,0,0,0,2,1,6,1,7,1461,2,3,2,1
"415602","201201ZD30482",2,9,0,18,0,8,0,0,0,0,1,1,2,2,7,1398,2,9,2,1
"415612","201201ZD30483",1,11,0,2,0,1,0,0,0,0,1,1,1,1,8,7300,2,10,3,1
"415622","201201ZD30483",2,11,0,1,0,1,0,4,0,0,2,1,1,1,-1,3900,2,9,-1,-1
"415632","201201ZD30484",1,9,0,18,0,8,0,0,0,0,3,1,1,1,9,1984,2,5,8,1
"415642","201201ZD30484",2,9,0,18,0,8,0,0,0,0,1,1,6,2,-1,1199,1,12,2,1
"415652","201201ZD30485",1,90,0,4,0,1,0,0,0,0,1,1,1,1,-1,-1,-1,-1,-1,-1
"415662","201201ZD30485",2,9,0,4,0,1,0,0,0,0,2,1,6,1,8,1999,1,11,4,1
"415672","201201ZD30486",1,9,0,7,0,8,0,0,0,0,3,1,6,2,5,1587,1,9,7,1
"415681","201201ZD30486",2,5,0,18,0,8,1,0,0,0,1,1,6,1,6,600,1,10,6,1
"415691","201201ZD30487",1,9,0,18,0,1,0,0,0,0,1,1,6,1,8,1590,1,13,3,1
"415702","201201ZD30488",1,9,0,9,0,8,0,0,0,0,1,1,1,1,11,-1,-1,-1,9,1
"415712","201201ZD30488",2,1,0,1,0,8,0,0,0,0,3,1,6,1,7,-1,-1,-1,-1,-1
"415722","201201ZD30489",1,9,0,9,0,8,0,0,0,0,4,1,6,1,10,1587,1,9,9,1
"415732","201201ZD30489",2,9,0,18,0,8,0,0,0,0,1,1,6,2,7,1299,1,8,3,1
"415742","201201ZD30490",1,9,0,18,0,2,0,0,0,0,1,1,6,2,5,1896,2,15,6,1
"415752","201201ZD30490",2,19,0,2,0,2,0,0,0,0,2,1,6,3,-1,-1,-1,-1,-1,-1
"415762","201201ZD30491",1,9,0,9,0,8,0,0,0,0,4,1,6,1,5,2143,2,2,2,1
"415772","201201ZD30491",2,3,0,18,0,8,0,0,0,0,1,1,6,1,5,125,1,6,6,1
"415782","201201ZD30492",1,9,0,7,0,8,0,0,0,0,3,1,1,1,7,1995,2,8,4,1
"415792","201201ZD30492",2,11,0,18,0,8,0,0,0,0,1,1,1,1,7,-1,-1,-1,3,1
"415802","201201ZD30493",1,9,0,18,0,1,0,7,3,10,1,1,6,2,8,-1,-1,-1,5,1
"415812","201201ZD30493",2,9,0,18,0,2,0,0,0,0,0,1,6,3,-1,-1,-1,-1,-1,-1
"415822","201201ZD30494",1,9,0,4,0,2,0,0,0,0,2,1,6,2,5,2497,1,8,10,1
"415832","201201ZD30494",2,9,0,4,0,2,2,0,0,0,1,1,6,2,6,1598,1,6,3,1
"415842","201201ZD30495",1,9,0,18,0,8,0,0,0,0,4,1,6,1,7,998,1,12,2,1
"415852","201201ZD30495",2,9,0,18,0,8,0,0,0,0,1,1,6,1,-1,2362,1,10,5,1
"415862","201201ZD30496",1,9,0,7,0,8,0,0,0,0,3,1,6,1,7,1119,1,17,2,1
"415872","201201ZD30496",2,9,0,18,0,8,0,0,0,0,1,1,6,1,6,1598,1,14,3,1
"415882","201201ZD30497",1,4,0,7,0,8,0,0,0,0,1,1,6,2,5,-1,-1,-1,2,1
"415892","201201ZD30497",2,9,0,3,0,8,0,0,0,0,4,1,6,2,7,2179,2,4,9,1
"415902","201201ZD30498",1,9,0,9,0,8,0,0,0,0,3,1,6,1,6,2295,1,10,5,1
"415912","201201ZD30498",2,5,0,13,0,8,0,0,0,0,1,1,6,1,-1,1215,1,-1,5,3
"415922","201201ZD30500",1,9,0,18,0,0,0,0,0,0,4,1,6,1,8,1998,1,12,7,1
"415932","201201ZD30500",2,3,0,18,0,0,0,0,0,0,3,1,6,1,6,124,1,8,2,1
"415942","201201ZD30502",1,9,0,18,0,6,0,0,0,0,4,1,6,2,6,1598,1,11,2,1
"415952","201201ZD30502",2,1,0,18,4,8,0,0,0,0,1,1,6,1,7,-1,-1,-1,8,1
"415962","201201ZD30503",1,9,0,3,0,8,0,0,0,0,2,1,6,1,-1,1360,1,10,3,1
"415972","201201ZD30503",2,9,0,14,0,8,0,0,0,0,1,1,6,1,-1,1896,2,9,-1,-1
"415982","201201ZD30505",1,9,0,16,0,2,0,0,0,0,2,1,6,2,8,2295,1,12,-1,-1
"415992","201201ZD30505",2,9,0,16,0,2,0,0,0,0,1,1,6,3,-1,-1,-1,-1,-1,-1
"416002","201201ZD30506",1,9,0,18,0,2,0,0,0,0,1,1,6,2,7,1598,1,6,4,1
"416012","201201ZD30507",1,9,0,9,0,8,0,0,0,0,4,1,6,1,9,1968,2,7,9,1
"416022","201201ZD30507",2,9,0,18,0,8,0,0,0,0,1,1,6,1,6,1598,1,8,4,1
"416032","201201ZD30508",1,19,0,6,0,1,0,0,0,0,3,1,6,1,6,2198,2,-1,-1,-1
"416042","201201ZD30508",2,11,0,18,0,1,0,0,0,0,1,1,1,1,7,4250,2,3,-1,-1
"416052","201201ZD30509",1,9,0,15,0,1,0,0,0,0,4,1,6,1,5,1198,1,10,4,1
"416062","201201ZD30510",1,9,0,18,0,1,0,0,0,0,1,1,6,3,-1,-1,-1,-1,-1,-1
"416072","201201ZD30511",1,9,0,3,0,1,0,0,0,0,2,1,6,2,9,1198,1,1,7,1
"416082","201201ZD30511",2,9,0,4,0,1,0,0,0,0,1,1,6,1,-1,-1,-1,-1,3,1
"416092","201201ZD30512",1,9,0,4,0,8,0,0,0,0,2,1,6,2,6,-1,-1,-1,5,1
"416102","201201ZD30512",2,9,0,4,0,8,0,0,0,0,1,1,6,1,9,2290,1,14,1,1
"416112","201201ZD30514",1,9,0,4,0,2,0,0,0,0,2,1,6,2,6,998,1,9,7,1
"416122","201201ZD30514",2,9,0,4,0,2,0,0,0,0,2,1,6,1,4,-1,-1,-1,5,1
"416132","201201ZD30514",3,9,0,4,0,2,0,0,0,0,1,1,6,2,7,1246,1,5,-1,-1
"416142","201201ZD30515",1,9,0,18,0,1,0,0,0,0,1,1,6,2,5,1596,1,8,8,1
"416152","201201ZD30516",1,1,0,9,0,8,0,0,0,0,2,1,6,1,-1,-1,-1,-1,-1,-1
"416162","201201ZD30516",2,9,0,18,0,8,0,0,0,0,1,1,6,1,-1,1896,2,2,-1,-1
"416171","201201ZD30517",1,9,0,18,0,8,0,0,0,0,3,1,6,2,8,1299,1,12,4,1
"416181","201201ZD30517",2,9,0,9,0,8,0,0,0,0,1,1,6,1,-1,-1,-1,-1,5,1
"416192","201201ZD30518",1,9,0,18,0,0,0,4,0,0,1,1,6,2,11,1240,1,8,10,1
"416202","201201ZD30518",2,9,0,2,0,0,0,0,0,0,2,1,6,1,9,1597,1,16,6,1
"416212","201201ZD30520",1,9,0,15,0,8,0,0,0,0,3,1,6,1,8,1988,1,12,5,1
"416222","201201ZD30520",2,9,0,7,0,8,0,0,0,0,4,1,6,2,8,3199,1,10,7,1
"416232","201201ZD30521",1,9,0,3,0,8,0,0,0,0,2,1,1,1,6,1598,1,8,4,1
"416242","201201ZD30521",2,9,0,4,0,8,0,0,0,0,1,1,6,3,-1,-1,-1,-1,-1,-1
"416252","201201ZD30522",1,9,0,10,0,8,0,0,0,0,2,1,6,2,5,1124,1,11,-1,-1
"416262","201201ZD30522",2,9,0,4,0,8,0,0,0,0,1,1,6,1,7,2035,1,6,5,1
"416272","201201ZD30524",1,1,0,3,0,1,0,0,0,0,2,1,6,1,5,-1,-1,-1,3,1
"416282","201201ZD30524",2,9,0,4,0,1,0,0,0,0,1,1,6,2,6,2295,1,12,5,1
"416292","201201ZD30525",1,9,0,9,0,8,0,0,0,0,1,1,6,1,6,3189,1,6,1,1
"416302","201201ZD30525",2,9,0,18,0,8,0,0,0,0,4,1,6,1,8,2987,2,2,3,1
"416312","201201ZD30526",1,9,0,18,0,8,0,0,0,0,1,1,6,1,-1,2295,1,15,-1,-1
"416322","201201ZD30526",2,9,0,9,0,8,0,0,0,0,3,1,6,1,4,1199,1,8,10,1
"416332","201201ZD30526",3,9,0,3,0,8,0,0,0,0,1,1,6,2,5,1587,1,9,9,1
"416342","201201ZD30527",1,9,0,4,0,8,0,0,0,0,1,1,6,2,5,1390,1,10,9,1
"416352","201201ZD30527",2,9,0,4,0,8,0,0,0,0,2,1,6,1,7,1598,1,10,7,1
"416362","201201ZD30528",1,11,0,18,0,8,0,0,0,0,1,1,1,1,6,3900,2,9,2,1
"416372","201201ZD30528",2,9,0,18,0,8,0,0,0,0,1,1,6,3,-1,-1,-1,-1,-1,-1
"416382","201201ZD30529",1,9,0,18,1,8,0,0,0,0,1,1,6,1,5,1560,2,-1,10,1
"416392","201201ZD30529",2,8,0,18,1,8,0,0,0,0,4,1,1,1,7,-1,-1,-1,3,1
"416402","201201ZD30530",1,9,0,18,0,1,0,0,0,0,3,1,1,1,9,2295,1,15,6,1
"416412","201201ZD30530",2,3,0,13,0,1,0,0,0,0,4,1,6,1,6,124,1,13,3,1
"416422","201201ZD30535",1,9,0,8,0,8,0,0,0,0,2,1,6,2,8,1796,1,2,7,1
"416432","201201ZD30535",2,19,0,4,0,8,0,0,0,0,1,1,1,1,5,2400,2,12,2,1
"416442","201201ZD30536",1,9,0,4,0,8,0,0,0,0,1,1,6,1,6,3199,1,12,5,1
"416452","201201ZD30536",2,9,0,3,0,8,0,0,0,0,2,1,6,2,6,1390,1,3,10,1
"416462","201201ZD30536",3,9,0,3,0,8,0,0,0,0,2,1,6,1,5,1398,2,11,5,1
"416472","201201ZD30537",1,9,0,18,0,2,0,0,0,0,1,1,6,2,8,1242,1,4,7,1
"416482","201201ZD30538",1,9,0,18,0,8,0,0,0,0,1,1,6,1,7,1794,1,3,3,1
"416492","201201ZD30538",2,9,0,9,0,8,0,0,0,0,4,1,6,1,9,1108,1,2,1,1
"416502","201201ZD30539",1,9,0,18,0,0,0,10,7,4,1,1,6,1,6,1998,1,8,4,1
"416512","201201ZD30540",1,3,0,18,0,8,0,0,0,0,1,1,6,2,7,125,1,8,9,1
"416522","201201ZD30540",2,9,0,9,0,8,0,0,0,0,3,1,6,1,-1,1600,1,14,6,1
"416532","201201ZD30541",1,9,0,18,0,2,0,0,0,0,1,1,6,2,8,1242,1,4,7,1
"416542","201201ZD30542",1,19,0,18,0,1,0,0,0,0,4,1,6,1,8,-1,-1,-1,5,1
"416552","201201ZD30543",1,9,0,18,0,1,0,0,0,0,1,1,6,3,-1,-1,-1,-1,-1,-1
"416562","201201ZD30544",1,9,0,3,0,0,0,0,0,0,2,1,6,2,5,1299,1,12,-1,-1
"416572","201201ZD30544",2,9,0,4,0,0,0,0,0,0,1,1,6,1,5,1124,1,10,6,1
"416582","201201ZD30544",3,9,0,3,0,0,0,0,0,0,2,1,6,2,6,1461,2,9,1,1
"416592","201201ZD30545",1,9,0,18,0,8,0,0,0,0,1,1,6,2,4,2000,1,3,9,1
"416602","201201ZD30545",2,9,0,18,0,8,0,0,0,0,3,1,6,2,5,1339,1,6,-1,-1
"416612","201201ZD30546",1,9,0,4,0,1,1,0,0,0,1,1,6,1,6,1596,1,11,4,1
"416622","201201ZD30546",2,9,0,3,0,1,0,0,0,0,2,1,6,2,6,1998,1,7,4,1
"416632","201201ZD30546",3,9,0,3,0,1,0,0,0,0,2,1,1,1,8,1997,2,7,-1,-1
"416642","201201ZD30547",1,9,0,4,0,8,0,0,0,0,2,1,6,2,6,1299,1,11,2,1
"416652","201201ZD30547",2,9,0,4,0,8,0,0,0,0,1,1,6,2,-1,-1,-1,-1,6,1
"416662","201201ZD30548",1,9,0,7,0,8,0,0,0,0,3,1,6,1,6,1598,1,9,5,1
"416672","201201ZD30548",2,1,0,18,0,8,0,0,0,0,1,1,6,1,-1,-1,-1,-1,-1,-1
"416682","201201ZD30551",1,9,0,18,0,1,0,0,0,0,1,1,6,2,7,1796,1,5,9,1
"416692","201201ZD30552",1,9,0,3,0,2,0,0,0,0,2,1,6,2,7,1598,1,4,10,1
"416702","201201ZD30552",2,9,0,4,0,2,0,0,0,0,1,1,6,1,-1,1590,1,11,-1,-1
"416712","201201ZD30553",1,19,0,18,0,2,0,0,0,0,1,1,1,1,6,1995,2,-1,5,1
"416722","201201ZD30554",1,11,0,1,0,2,0,4,0,0,2,1,1,1,9,-1,2,11,-1,-1
"416732","201201ZD30554",2,11,0,2,0,1,0,0,0,0,1,1,1,3,-1,-1,2,9,-1,-1
"416742","201201ZD30555",1,9,0,9,0,0,0,0,0,0,3,1,6,1,9,2776,2,7,5,1
"416752","201201ZD30555",2,3,0,13,0,0,0,0,0,0,1,1,6,1,4,100,1,12,4,1
"416762","201201ZD30557",1,9,0,13,0,1,0,0,0,0,1,1,6,1,5,1796,1,5,9,1
"416772","201201ZD30557",2,9,0,18,0,1,0,0,0,0,2,1,6,2,6,1587,1,6,6,1
"416782","201201ZD30559",1,4,0,14,0,0,0,4,0,0,4,1,6,1,5,448,1,3,3,1
"416792","201201ZD30559",2,9,0,2,0,0,0,0,0,0,3,1,6,2,6,2499,1,3,7,1
"416802","201201ZD30560",1,9,0,18,0,1,0,0,0,0,1,1,6,3,-1,-1,-1,-1,-1,-1
"416812","201201ZD30562",1,3,0,18,0,2,0,0,0,0,1,1,6,1,4,125,1,1,3,1
"416822","201201ZD30562",2,9,0,18,0,2,0,0,0,0,2,1,6,2,8,1999,1,2,6,1
"416832","201201ZD30563",1,9,0,18,0,1,0,0,0,0,1,1,6,3,-1,-1,-1,-1,-1,-1
"416842","201201ZD30563",2,1,0,18,0,1,0,0,0,0,3,1,6,2,2,-1,-1,-1,-1,-1
"416852","201201ZD30565",1,9,0,9,0,8,0,0,0,0,3,1,6,2,-1,1242,1,-1,7,1
"416862","201201ZD30565",2,5,0,13,0,8,0,0,0,0,1,1,6,1,7,883,1,23,4,1
"416872","201201ZD30567",1,9,0,18,0,0,0,0,0,0,1,1,6,1,8,1895,1,11,8,1
"416882","201201ZD30568",1,3,0,17,0,8,0,0,0,0,1,1,6,1,4,125,1,4,2,1
"416892","201201ZD30568",2,9,0,7,0,8,0,0,0,0,3,1,6,2,8,1242,1,1,6,1
"416902","201201ZD30569",1,9,0,6,0,2,0,0,0,0,1,1,6,1,4,-1,-1,-1,3,1
"416912","201201ZD30570",1,19,0,4,0,1,0,0,0,0,1,1,1,1,7,2402,2,1,3,1
"416922","201201ZD30570",2,9,0,3,0,1,0,0,0,0,2,1,6,2,6,796,1,7,7,1
"416932","201201ZD30570",3,9,0,3,0,1,0,0,0,0,2,1,6,1,6,1242,1,1,2,1
"416942","201201ZD30571",1,9,0,18,0,8,0,0,0,0,1,1,1,1,7,1995,2,-1,2,1
"416952","201201ZD30571",2,9,0,18,0,8,0,0,0,0,4,1,6,1,5,1560,2,6,3,1
"416962","201201ZD30572",1,9,0,18,0,1,0,0,0,0,1,1,6,2,5,1149,1,14,8,1
"416972","201201ZD30572",2,9,0,11,0,1,0,0,0,0,2,1,6,1,6,1198,1,9,6,1
"416982","201201ZD30572",3,9,0,3,0,1,0,0,0,0,1,1,6,1,9,1968,2,3,2,1
"416992","201201ZD30572",4,9,0,3,0,1,0,0,0,0,1,1,6,1,8,3123,1,5,7,1
"417002","201201ZD30573",1,9,0,2,0,0,0,0,0,0,3,1,6,1,6,1597,1,15,3,1
"417012","201201ZD30573",2,11,0,14,0,0,0,8,0,0,1,1,1,3,-1,-1,-1,-1,-1,-1
"417021","201201ZD30574",1,9,0,18,0,8,0,0,0,0,4,1,6,3,-1,-1,-1,-1,-1,-1
"417032","201201ZD30575",1,9,0,18,0,2,0,0,0,0,1,1,6,2,7,998,1,3,6,1
"417042","201201ZD30576",1,9,0,7,0,5,0,0,0,0,4,1,1,1,6,1590,1,7,3,1
"417052","201201ZD30576",2,1,0,18,2,8,0,0,0,0,1,1,1,1,6,-1,-1,-1,5,1
"417062","201201ZD30577",1,9,0,13,0,8,1,0,0,0,4,1,1,1,4,973,1,10,8,1
"417072","201201ZD30577",2,9,0,9,0,5,0,0,0,0,3,1,6,2,6,1986,2,7,8,1
"417082","201201ZD30578",1,9,0,18,0,8,0,0,0,0,1,1,6,1,7,998,1,13,4,1
"417092","201201ZD30578",2,1,0,9,0,8,0,0,0,0,4,1,6,1,5,-1,-1,-1,3,1
"417102","201201ZD30579",1,1,0,14,0,1,0,4,0,0,1,1,6,1,4,-1,-1,-1,8,1
"417112","201201ZD30579",2,9,0,2,0,1,0,0,0,0,3,1,6,3,-1,1799,1,15,-1,-1
"417122","201201ZD30580",1,9,0,18,0,2,0,0,0,0,1,1,6,1,9,2184,2,6,9,1
"417132","201201ZD30581",1,9,0,18,0,1,0,0,0,0,1,1,6,1,7,1984,1,10,4,1
"417142","201201ZD30582",1,19,0,18,0,8,0,0,0,0,3,1,6,1,6,1753,2,8,2,1
"417152","201201ZD30582",2,11,0,5,0,8,0,0,0,0,1,1,1,1,8,4500,2,3,3,1
"417162","201201ZD30583",1,9,0,3,0,1,0,0,0,0,1,1,6,2,5,1870,2,8,2,1
"417172","201201ZD30583",2,9,0,1,0,2,0,0,0,0,2,1,6,1,-1,1242,1,-1,4,1
"417182","201201ZD30584",1,90,0,18,0,8,0,0,3,0,3,1,6,1,6,-1,-1,-1,-1,-1
"417192","201201ZD30584",2,9,0,18,0,6,0,0,3,0,1,1,6,2,7,1598,2,1,2,1
"417202","201201ZD30585",1,9,0,7,4,5,0,0,0,0,4,1,6,2,6,1995,2,7,3,1
"417212","201201ZD30585",2,1,0,18,4,8,0,0,0,0,3,1,6,1,6,-1,-1,-1,5,1
"417222","201201ZD30586",1,1,0,18,0,8,0,0,0,0,3,1,6,1,7,-1,-1,-1,4,1
"417232","201201ZD30586",2,9,0,18,0,8,0,0,0,0,2,1,6,3,-1,1796,1,12,-1,-1
"417242","201201ZD30587",1,9,0,9,0,8,0,0,0,0,3,1,1,1,6,1242,1,7,6,1
"417252","201201ZD30587",2,1,0,1,0,8,0,0,0,0,1,1,6,3,-1,-1,-1,-1,-1,-1
"417262","201201ZD30590",1,9,0,4,0,1,0,0,0,0,2,1,6,2,9,1149,1,13,9,1
"417272","201201ZD30590",2,9,0,4,0,1,0,0,0,0,1,1,6,1,9,-1,-1,-1,8,1
"417282","201201ZD30592",1,9,0,9,0,8,0,0,0,0,1,1,6,2,4,1149,1,10,6,1
"417292","201201ZD30592",2,9,0,18,0,8,0,0,0,0,3,1,6,1,7,1997,2,4,5,1
"417302","201201ZD30593",1,5,0,5,0,8,0,0,0,0,1,1,6,1,8,800,1,1,4,1
"417312","201201ZD30593",2,9,0,18,0,8,0,0,0,0,4,1,6,1,-1,1986,2,6,8,3
"417322","201201ZD30595",1,19,0,7,0,5,0,0,0,0,4,1,1,1,-1,1968,2,-1,-1,-1
"417332","201201ZD30596",1,9,0,4,0,8,0,0,0,0,2,1,6,1,6,1781,1,11,2,1
"417342","201201ZD30596",2,9,0,4,0,8,0,0,0,0,1,1,6,1,7,1995,2,5,2,1
"417352","201201ZD30597",1,9,0,9,0,8,0,0,0,0,1,1,6,1,4,3189,1,8,3,1
"417362","201201ZD30597",2,9,0,18,0,8,0,0,0,0,1,1,2,1,8,1598,1,13,3,1
"417372","201201ZD30598",1,8,0,3,0,1,0,0,0,0,2,1,6,1,7,1598,1,2,7,1
"417382","201201ZD30598",2,9,0,18,0,1,0,0,0,0,1,1,6,1,-1,1794,1,12,-1,-1
"417392","201201ZD30599",1,9,0,3,0,8,0,0,0,0,2,1,6,2,6,1390,1,12,-1,-1
"417402","201201ZD30599",2,9,0,4,0,8,0,0,0,0,1,1,6,3,-1,-1,-1,-1,-1,-1
"417412","201201ZD30600",1,9,0,3,0,1,0,0,1,0,2,1,6,1,6,1598,1,5,2,1
"417422","201201ZD30600",2,9,0,18,0,1,0,0,0,0,1,1,6,1,-1,1390,1,5,-1,-1
"417432","201201ZD30601",1,1,0,17,0,8,0,0,0,0,1,1,6,2,6,-1,-1,-1,8,1
"417442","201201ZD30601",2,9,0,7,0,8,0,0,0,0,4,1,6,3,-1,-1,-1,-1,-1,-1
"417452","201201ZD30603",1,8,0,1,0,8,0,0,0,0,2,1,1,1,10,-1,-1,-1,8,1
"417462","201201ZD30603",2,3,0,1,0,8,0,0,0,0,1,1,2,2,7,124,1,13,8,1
"417472","201201ZD30604",1,19,0,4,0,8,0,0,0,0,2,1,1,1,6,2198,2,5,3,1
"417482","201201ZD30604",2,5,0,4,0,8,0,0,0,0,1,1,6,1,7,-1,-1,-1,10,1
"417492","201201ZD30605",1,9,0,18,0,8,0,0,0,0,1,1,6,2,7,1360,1,8,8,1
"417502","201201ZD30605",2,9,0,9,0,8,0,0,0,0,4,1,6,2,8,-1,-1,-1,2,1
"417512","201201ZD30606",1,9,0,18,0,1,0,4,0,0,1,1,6,2,5,1689,2,12,6,1
"417522","201201ZD30606",2,9,0,2,0,1,0,0,0,0,4,1,6,3,-1,1299,1,10,-1,-1
"417532","201201ZD30608",1,11,0,4,2,1,0,0,0,0,1,1,1,1,6,6700,2,2,9,1
"417542","201201ZD30610",1,8,0,18,0,8,1,0,1,2,3,1,1,1,7,1753,2,6,8,1
"417552","201201ZD30610",2,9,0,18,0,8,0,0,0,0,1,1,6,2,9,1598,1,13,-1,-1
"417562","201201ZD30610",3,9,0,18,0,8,0,0,1,4,1,1,6,2,4,998,1,2,-1,-1
"417572","201201ZD30611",1,9,0,7,5,5,0,0,0,0,4,1,6,1,-1,1461,2,1,-1,-1
"417582","201201ZD30612",1,9,0,18,0,8,1,4,3,10,1,1,6,1,6,1796,1,10,-1,-1
"417592","201201ZD30612",2,9,0,2,0,8,0,0,0,0,1,1,6,3,-1,1596,1,9,-1,-1
"417602","201201ZD30613",1,9,0,18,0,8,0,0,0,0,1,1,1,2,8,1240,1,9,3,1