"","Acc_Index","Vehicle_Reference","Vehicle_Type","Towing_and_Articulation","Vehicle_Manoeuvre","Vehicle_Location.Restricted_Lane","Junction_Location","Skidding_and_Overturning","Hit_Object_in_Carriageway","Vehicle_Leaving_Carriageway","Hit_Object_off_Carriageway","X1st_Point_of_Impact","Was_Vehicle_Left_Hand_Drive","Journey_Purpose_of_Driver","Sex_of_Driver","Age_Band_of_Driver","Engine_Capacity_.CC.","Propulsion_Code","Age_of_Vehicle","Driver_IMD_Decile","Driver_Home_Area_Type"
"417612","201201ZD30613",2,1,0,18,0,6,0,0,0,0,3,1,1,1,8,-1,-1,-1,2,1
"417622","201201ZD30614",1,9,0,18,0,8,0,0,0,0,4,1,6,1,6,1896,2,9,2,1
"417632","201201ZD30614",2,9,0,5,0,8,0,0,0,0,1,1,6,2,7,1598,1,13,9,1
"417642","201201ZD30615",1,9,0,7,0,8,0,0,0,0,1,1,6,2,8,1984,1,19,3,1
"417652","201201ZD30615",2,8,0,4,0,8,0,0,0,0,2,1,6,1,5,1582,2,1,4,1
"417662","201201ZD30616",1,9,0,9,0,2,0,0,0,0,1,1,6,1,-1,1896,2,7,-1,-1
"417672","201201ZD30617",1,9,0,18,0,1,0,0,0,0,1,1,6,3,-1,-1,-1,-1,-1,-1
"417682","201201ZD30618",1,9,0,7,0,5,0,0,0,0,2,1,6,2,6,1397,1,9,3,1
"417692","201201ZD30618",2,9,0,7,0,5,0,0,0,0,1,1,6,3,-1,1781,1,11,-1,-1
"417702","201201ZD30619",1,9,0,18,0,8,0,0,0,0,1,1,6,1,9,1973,1,14,8,1
"417712","201201ZD30619",2,9,0,9,0,8,0,0,0,0,3,1,6,2,5,1198,1,8,-1,-1
"417722","201201ZD30621",1,11,0,3,0,1,0,0,0,0,0,1,1,2,8,6700,2,4,3,1
"417732","201201ZD30622",1,9,0,4,0,8,0,0,0,0,1,1,6,2,6,1598,1,4,-1,-1
"417742","201201ZD30622",2,9,0,3,0,8,0,0,0,0,2,1,6,1,6,2979,1,9,8,1
"417752","201201ZD30622",3,9,0,3,0,8,0,0,0,0,2,1,6,2,7,2776,2,6,8,1
"417762","201201ZD30623",1,9,0,9,0,5,0,0,0,0,1,1,6,1,-1,-1,-1,-1,-1,-1
"417772","201201ZD30623",2,1,0,18,0,8,0,0,0,0,3,1,2,1,4,-1,-1,-1,4,1
"417782","201201ZD30624",1,9,0,1,0,1,0,10,1,10,2,1,6,1,9,1997,1,9,5,1
"417792","201201ZD30624",2,9,0,2,9,1,0,0,0,0,1,1,6,3,-1,-1,-1,-1,-1,-1
"417802","201201ZD30625",1,9,0,3,0,8,0,0,0,0,2,1,6,2,5,1229,1,5,7,1
"417812","201201ZD30625",2,9,0,4,0,8,0,0,0,0,1,1,6,1,-1,1796,1,11,3,1
"417822","201201ZD30626",1,1,0,15,0,8,0,0,0,0,3,1,2,1,6,-1,-1,-1,6,1
"417832","201201ZD30626",2,9,0,7,0,5,0,0,0,0,4,1,6,1,-1,1796,1,12,-1,-1
"417842","201201ZD30627",1,9,0,18,0,0,0,0,0,0,1,1,6,1,8,1998,1,8,5,1
"417852","201201ZD30627",2,1,0,18,0,0,0,0,0,0,3,1,6,2,2,-1,-1,-1,5,1
"417862","201201ZD30628",1,9,0,9,0,8,0,0,0,0,1,1,6,2,8,1781,1,6,8,1
"417872","201201ZD30628",2,9,0,18,0,8,0,0,0,0,4,1,6,2,6,1390,1,11,3,1
"417882","201201ZD30629",1,9,0,18,0,8,0,0,0,0,1,1,6,1,-1,1598,1,5,-1,-1
"417892","201201ZD30630",1,9,0,9,0,6,0,0,0,0,1,1,6,1,6,1995,2,4,8,1
"417902","201201ZD30630",2,9,0,18,0,8,0,0,0,0,3,1,6,1,-1,998,1,5,-1,-1
"417912","201201ZD30630",3,9,0,18,0,8,0,0,0,0,3,1,6,2,7,1587,1,8,1,1
"417922","201201ZD30631",1,9,0,18,0,8,0,0,0,0,3,1,6,2,5,1364,1,9,2,1
"417932","201201ZD30631",2,9,0,5,0,6,0,0,0,0,1,1,6,2,-1,-1,-1,-1,-1,-1
"417942","201201ZD30632",1,9,0,4,0,1,0,4,0,0,1,1,6,2,11,1392,1,14,8,1
"417952","201201ZD30632",2,9,0,2,0,1,0,0,0,0,2,1,6,2,9,1149,1,2,8,1
"417962","201201ZD30633",1,2,0,14,0,8,0,0,0,0,1,1,6,1,4,49,1,4,5,1
"417972","201201ZD30633",2,19,0,9,0,6,0,0,0,0,1,1,2,1,8,2143,2,1,2,1
"417982","201201ZD30634",1,9,0,3,0,8,0,0,0,0,2,1,6,2,7,1995,1,17,7,1
"417992","201201ZD30634",2,19,0,4,0,8,0,0,0,0,1,1,6,1,-1,1896,2,5,5,1
"418002","201201ZD30636",1,9,0,18,0,1,0,0,0,0,1,1,6,2,8,1388,1,9,8,1
"418012","201201ZD30637",1,1,0,18,0,8,0,0,0,0,2,1,6,2,7,-1,-1,-1,3,1
"418022","201201ZD30637",2,9,0,18,0,8,0,0,0,0,1,1,6,1,10,1299,1,10,4,1
"418032","201201ZD30638",1,1,0,7,0,8,0,0,0,0,3,1,6,2,5,-1,-1,-1,3,1
"418042","201201ZD30638",2,9,0,7,0,8,0,0,0,0,2,1,6,2,-1,-1,-1,-1,-1,-1
"418052","201201ZD30639",1,21,0,4,0,0,0,0,0,0,2,1,1,1,8,-1,-1,-1,-1,-1
"418062","201201ZD30639",2,11,0,5,0,0,0,0,0,0,1,1,1,1,7,7300,2,6,2,1
"418072","201201ZD30640",1,9,0,4,0,0,0,0,0,0,2,1,6,2,6,1198,1,8,2,1
"418082","201201ZD30640",2,9,0,4,0,0,0,0,0,0,1,1,6,1,-1,1796,1,7,-1,-1
"418092","201201ZD30641",1,9,0,18,0,2,0,0,0,0,1,1,6,2,5,1198,1,5,6,1
"418102","201201ZD30641",2,9,0,18,0,2,0,0,0,0,1,1,6,1,9,1998,1,4,5,1
"418112","201201ZD30642",1,9,0,18,0,1,5,0,0,0,1,1,6,2,5,1598,1,5,1,1
"418122","201201ZD30643",1,9,0,18,0,1,0,0,1,2,1,1,6,1,4,999,1,11,10,1
"418132","201201ZD30644",1,3,0,18,0,2,1,0,0,0,1,1,6,1,8,125,1,-1,8,1
"418142","201201ZD30644",2,19,0,18,0,1,0,0,0,0,1,1,1,1,8,1753,2,3,9,1
"418152","201201ZD30645",1,9,0,18,0,1,0,0,0,0,1,1,6,2,5,998,1,8,1,1
"418162","201201ZD30646",1,5,0,13,0,2,0,0,0,0,4,1,6,1,5,999,1,12,4,1
"418172","201201ZD30646",2,9,0,18,0,2,0,0,0,0,3,1,6,3,-1,-1,-1,-1,-1,-1
"418202","201201ZD30648",1,9,0,1,0,0,0,0,0,0,4,1,6,1,6,1390,1,5,7,1
"418212","201201ZD30648",2,5,0,18,0,0,0,0,0,0,1,1,6,1,7,865,1,4,8,1
"418222","201201ZD30649",1,9,0,7,0,8,0,0,0,0,3,1,6,2,9,1783,1,10,6,1
"418232","201201ZD30649",2,3,0,18,0,8,0,0,0,0,1,1,6,1,6,1043,1,1,2,1
"418242","201201ZD30650",1,9,0,5,0,0,0,0,0,0,3,1,6,3,-1,-1,-1,-1,-1,-1
"418252","201201ZD30650",2,1,0,14,0,0,0,0,0,0,1,1,6,1,9,-1,-1,-1,7,1
"418262","201201ZD30651",1,9,0,18,0,2,0,0,0,0,3,1,6,2,6,-1,-1,-1,2,1
"418272","201201ZD30651",2,9,0,11,0,2,0,0,0,0,4,1,6,2,-1,1198,1,1,6,1
"418282","201201ZD30652",1,19,4,2,0,1,0,0,0,0,2,1,1,1,7,4461,2,-1,6,1
"418292","201201ZD30652",2,9,0,18,0,1,0,0,0,0,1,1,6,1,5,-1,-1,-1,-1,-1
"418302","201201ZD30653",1,9,0,18,0,2,0,0,0,0,4,1,6,1,5,1598,1,-1,9,1
"418312","201201ZD30653",2,9,0,12,0,2,0,0,0,0,3,1,6,3,-1,1587,1,9,-1,-1
"418322","201201ZD30654",1,9,0,3,0,8,0,0,0,0,2,1,6,1,6,1590,1,16,6,1
"418332","201201ZD30654",2,9,0,4,0,8,0,0,0,0,1,1,6,1,7,1389,1,13,5,1
"418342","201201ZD30655",1,9,0,18,0,1,0,0,0,0,1,1,1,1,6,1248,2,1,7,1
"418352","201201ZD30656",1,5,0,18,0,8,0,0,0,0,1,1,6,1,6,998,1,2,9,1
"418362","201201ZD30656",2,9,0,9,0,8,0,0,0,0,4,1,6,1,-1,1598,1,12,2,1
"418372","201201ZD30658",1,9,0,4,0,2,0,0,0,0,2,1,6,2,-1,1299,1,10,-1,-1
"418382","201201ZD30658",2,9,0,4,0,2,0,0,0,0,1,1,1,1,7,1796,1,12,2,1
"418392","201201ZD30659",1,9,0,18,9,1,0,4,1,0,1,1,6,1,7,3590,1,24,-1,-1
"418402","201201ZD30659",2,9,0,2,9,1,0,0,0,0,2,1,6,1,6,1686,2,5,4,1
"418412","201201ZD30660",1,9,0,18,0,1,0,0,0,0,1,1,6,3,-1,1679,1,12,-1,-1
"418422","201201ZD30662",1,9,0,4,0,2,0,0,0,0,1,1,6,2,8,1997,2,11,-1,-1
"418432","201201ZD30662",2,19,0,3,0,2,0,0,0,0,2,1,1,1,8,1753,2,6,-1,-1
"418442","201201ZD30664",1,9,0,18,0,2,0,0,0,0,1,1,6,3,-1,-1,-1,-1,-1,-1
"418452","201201ZD30665",1,9,0,18,0,1,0,0,0,0,1,1,6,3,-1,-1,-1,-1,-1,-1
"418462","201201ZD30666",1,9,0,5,0,6,0,0,0,0,3,1,6,1,5,1364,1,7,-1,-1
"418472","201201ZD30666",2,9,0,18,0,8,0,0,0,0,1,1,2,2,8,3199,1,12,2,1
"418482","201201ZD30667",1,9,0,9,0,8,0,0,0,0,3,1,6,1,-1,-1,-1,-1,-1,-1
"418492","201201ZD30667",2,1,0,9,0,8,0,0,0,0,4,1,6,1,7,-1,-1,-1,3,1
"418502","201201ZD30668",1,11,0,18,0,0,0,0,0,0,1,1,1,1,9,-1,2,12,9,1
"418512","201201ZD30670",1,4,0,18,0,8,0,0,0,0,1,1,6,1,8,400,1,19,6,1
"418522","201201ZD30670",2,19,0,9,0,8,0,0,0,0,4,1,1,1,7,2148,2,4,6,1
"418532","201201ZD30671",1,9,0,3,0,8,0,0,0,0,2,1,6,1,7,1596,1,9,8,1
"418542","201201ZD30671",2,9,0,3,0,8,0,0,0,0,2,1,6,1,5,-1,-1,-1,3,1
"418552","201201ZD30671",3,9,0,3,0,8,0,0,0,0,2,1,6,1,6,-1,-1,-1,2,1
"418562","201201ZD30671",4,9,0,4,0,8,0,0,0,0,1,1,6,1,-1,-1,-1,-1,-1,-1
"418572","201201ZD30672",1,9,0,18,0,8,0,0,0,0,3,1,6,1,6,1998,1,15,4,1
"418582","201201ZD30672",2,3,0,18,0,8,0,0,0,0,1,1,6,1,4,125,1,7,2,1
"418592","201201ZD30673",1,3,0,4,0,1,0,0,0,0,1,1,6,1,5,125,1,2,5,1
"418602","201201ZD30673",2,9,0,3,0,1,0,0,0,0,2,1,6,1,8,-1,-1,-1,8,1
"418612","201201ZD30674",1,9,0,3,0,2,0,0,0,0,2,1,6,1,8,1599,1,32,2,1
"418622","201201ZD30674",2,9,0,3,0,2,0,0,0,0,2,1,6,2,7,1769,1,10,3,1
"418632","201201ZD30674",3,9,0,18,0,2,0,0,0,0,1,1,6,1,-1,-1,-1,-1,-1,-1
"418642","201201ZD30675",1,9,0,18,0,1,0,0,0,0,2,1,6,1,7,1796,1,11,3,1
"418652","201201ZD30675",2,9,0,18,0,1,0,0,0,0,1,1,6,1,-1,2926,2,9,2,1
"418662","201201ZD30676",1,5,0,18,0,8,0,0,0,0,1,1,6,1,6,650,1,11,4,1
"418672","201201ZD30676",2,9,0,9,0,8,0,0,0,0,4,1,6,1,8,1951,2,9,4,1
"418682","201201ZD30677",1,9,0,9,0,8,0,0,0,0,3,1,6,1,8,998,1,3,5,1
"418692","201201ZD30677",2,3,0,18,0,8,0,0,0,0,1,1,6,1,4,124,1,10,-1,-1
"418702","201201ZD30680",1,11,0,4,0,8,0,0,0,0,0,1,1,1,6,6370,2,-1,6,1
"418712","201201ZD30680",2,19,0,7,0,8,0,0,0,0,0,1,1,1,-1,-1,-1,-1,-1,-1
"418722","201201ZD30681",1,9,0,18,0,1,0,0,0,0,1,1,6,1,6,1390,1,15,6,1
"418732","201201ZD30682",1,9,0,9,0,8,0,0,0,0,1,1,6,1,6,1596,1,3,4,1
"418742","201201ZD30682",2,1,0,15,0,8,0,0,0,0,1,1,6,1,8,-1,-1,-1,3,1
"418752","201201ZD30683",1,9,0,9,0,8,0,0,0,0,3,1,6,2,-1,1598,1,3,10,1
"418762","201201ZD30683",2,1,0,18,0,8,0,0,0,0,1,1,6,1,6,-1,-1,-1,10,1
"418772","201201ZD30684",1,9,0,15,0,0,0,0,0,0,4,1,6,2,5,973,1,14,4,1
"418782","201201ZD30684",2,1,0,18,0,0,0,0,0,0,3,1,6,1,7,-1,-1,-1,10,1
"418792","201201ZD30685",1,9,0,18,0,0,0,0,0,0,1,1,6,1,5,1390,1,3,4,1
"418802","201201ZD30687",1,9,0,9,0,8,0,0,0,0,4,1,6,2,6,1598,1,1,3,1
"418812","201201ZD30687",2,9,0,18,0,8,0,0,0,0,1,1,6,1,7,1598,1,9,2,1
"418822","201201ZD30688",1,9,0,18,0,8,0,0,0,0,1,1,6,1,8,3301,1,7,10,1
"418832","201201ZD30688",2,9,0,9,0,8,0,0,0,0,4,1,6,1,4,-1,-1,-1,8,1
"418842","201201ZD30689",1,9,0,11,0,8,0,0,0,0,4,1,6,1,6,1360,1,6,5,1
"418852","201201ZD30689",2,9,0,18,0,8,0,0,0,0,3,1,6,1,9,1997,2,4,5,1
"418862","201201ZD30691",1,9,0,18,0,8,0,0,0,0,1,1,6,2,5,1900,2,8,5,1
"418872","201201ZD30691",2,9,0,9,0,8,0,0,0,0,1,1,6,1,6,2143,2,-1,1,1
"418882","201201ZD30695",1,9,0,18,0,0,0,0,0,0,4,1,6,2,7,1991,2,4,8,1
"418892","201201ZD30695",2,9,0,12,0,0,0,0,0,0,3,1,6,1,5,2148,2,4,6,1
"418902","201201ZD30696",1,9,0,9,0,8,0,0,0,0,3,1,6,2,8,996,1,2,8,1
"418912","201201ZD30696",2,3,0,13,0,8,0,0,0,0,1,1,6,1,-1,-1,-1,-1,-1,-1
"418942","201201ZD30698",1,9,0,7,0,8,0,0,0,0,1,1,6,3,-1,1229,1,3,-1,-1
"418952","201201ZD30698",2,1,0,18,0,8,0,0,0,0,4,1,6,1,8,-1,-1,-1,4,1
"418962","201201ZD30699",1,8,0,18,1,8,0,0,0,0,3,1,1,1,8,1995,2,9,-1,-1
"418972","201201ZD30699",2,9,0,18,0,8,0,0,0,0,3,1,6,3,-1,-1,-1,-1,-1,-1
"418982","201201ZD30700",1,9,0,7,0,8,0,0,0,0,4,1,6,2,10,1598,1,4,6,1
"418992","201201ZD30700",2,1,0,18,0,8,0,0,0,0,1,1,6,1,6,-1,-1,-1,10,1
"419002","201201ZD30701",1,3,0,4,0,8,0,0,0,0,1,1,6,1,4,124,1,1,3,1
"419012","201201ZD30701",2,9,0,1,0,8,0,0,0,0,2,1,6,1,-1,1598,1,10,-1,-1
"419022","201201ZD30702",1,9,0,18,0,0,5,7,0,0,1,1,1,2,7,1299,1,15,2,1
"419032","201201ZD30703",1,9,0,4,0,0,0,10,0,0,1,1,6,2,6,2792,1,10,3,1
"419042","201201ZD30704",1,1,0,18,0,1,0,0,0,0,3,1,6,2,-1,-1,-1,-1,-1,-1
"419052","201201ZD30704",2,5,0,18,0,1,0,0,0,0,1,1,6,1,10,996,1,7,4,1
"419062","201201ZD30705",1,9,0,18,0,8,0,0,0,0,2,1,1,1,4,1229,1,2,5,1
"419072","201201ZD30705",2,9,0,18,0,8,0,0,0,0,1,1,6,1,-1,1242,1,15,-1,-1
"419082","201201ZD30706",1,9,0,18,0,1,0,0,0,0,1,1,6,3,-1,-1,-1,-1,-1,-1
"419092","201201ZD30707",1,9,0,3,0,2,0,0,0,0,2,1,6,1,11,1596,1,8,7,1
"419102","201201ZD30707",2,9,0,3,0,2,0,0,0,0,2,1,6,1,6,1995,2,1,2,1
"419112","201201ZD30707",3,9,0,3,0,2,0,0,0,0,2,1,6,1,5,1390,1,13,6,1
"419122","201201ZD30707",4,9,0,18,0,2,0,0,0,0,1,1,6,2,7,1598,1,9,6,1
"419132","201201ZD30708",1,9,0,3,0,0,0,0,0,0,2,1,6,1,6,993,1,10,8,1
"419142","201201ZD30708",2,9,0,3,0,0,0,0,0,0,2,1,6,1,6,1968,2,4,9,1
"419152","201201ZD30708",3,9,0,18,0,0,0,0,0,0,1,1,6,1,8,1900,2,7,-1,-1
"419162","201201ZD30709",1,5,0,18,0,8,0,0,0,0,1,1,6,1,7,487,1,21,4,1
"419172","201201ZD30709",2,9,0,7,0,8,0,0,0,0,3,1,6,1,7,998,1,2,3,1
"419182","201201ZD30711",1,9,0,4,0,0,0,0,0,0,2,1,6,1,6,1590,1,12,3,1
"419192","201201ZD30711",2,9,0,4,0,0,0,0,0,0,1,1,6,1,6,1970,1,10,6,1
"419202","201201ZD30713",1,9,0,9,0,5,0,0,0,0,1,1,1,1,7,1386,1,4,3,1
"419212","201201ZD30714",1,1,0,3,0,2,0,0,0,0,2,1,6,2,6,-1,-1,-1,9,1
"419222","201201ZD30714",2,9,0,18,0,2,0,0,0,0,1,1,6,2,-1,2143,2,2,-1,-1
"419232","201201ZD30717",1,9,0,8,0,1,0,0,0,0,2,1,6,2,8,1992,2,5,5,1
"419242","201201ZD30717",2,9,0,18,0,1,0,0,0,0,1,1,6,1,-1,2148,2,4,-1,-1
"419252","201201ZD30718",1,9,0,18,0,8,0,0,0,0,3,1,6,2,10,2982,2,7,7,1
"419262","201201ZD30718",2,9,0,7,0,8,0,0,0,0,1,1,6,1,-1,1399,2,9,6,1
"419272","201201ZD30719",1,2,0,18,0,8,0,0,0,0,3,1,1,1,5,49,1,2,2,1
"419282","201201ZD30719",2,9,0,9,0,8,0,0,0,0,1,1,6,2,6,1997,1,9,2,1
"419292","201201ZD30721",1,9,0,4,0,0,1,0,0,0,4,1,6,1,7,2993,2,8,4,1
"419302","201201ZD30721",2,9,0,6,0,0,0,0,0,0,3,1,6,2,9,1388,1,4,5,1
"419312","201201ZD30722",1,9,0,9,2,5,0,0,0,0,1,1,6,1,8,1596,1,9,6,1
"419322","201201ZD30722",2,5,0,18,2,8,0,0,0,0,3,1,6,1,7,-1,-1,-1,-1,-1
"419332","201201ZD30723",1,9,0,18,4,0,0,0,0,0,4,1,6,1,6,1796,1,10,8,1
"419342","201201ZD30723",2,1,0,18,4,0,0,0,0,0,3,1,6,1,7,-1,-1,-1,2,1
"419352","201201ZD30724",1,9,0,3,0,0,0,0,0,0,2,1,2,1,6,1799,1,14,9,1
"419362","201201ZD30724",2,9,0,18,0,0,0,0,0,0,1,1,6,1,11,1124,1,9,6,1
"419372","201201ZD30725",1,1,0,18,0,8,0,0,0,0,1,1,6,2,6,-1,-1,-1,5,1
"419382","201201ZD30725",2,9,0,7,0,8,0,0,0,0,3,1,6,3,-1,1796,1,8,-1,-1
"419392","201201ZD30726",1,9,0,1,0,1,0,0,0,0,2,1,6,1,11,2993,2,1,6,1
"419402","201201ZD30728",1,19,0,3,0,2,0,0,1,0,2,1,6,1,6,1461,2,9,8,1
"419412","201201ZD30728",2,9,0,12,0,2,1,0,1,0,1,1,6,1,6,2959,1,18,4,1
"419422","201201ZD30729",1,10,0,18,0,8,0,0,0,0,1,1,6,1,8,2464,2,3,2,1
"419432","201201ZD30729",2,9,0,3,0,8,0,0,0,0,2,1,6,2,6,1600,1,12,2,1
"419442","201201ZD30729",3,9,0,3,0,8,0,0,0,0,2,1,6,1,6,-1,-1,-1,2,1
"419452","201201ZD30729",4,9,0,3,0,8,0,0,0,0,2,1,6,2,6,998,1,9,1,1
"419462","201201ZD30730",1,9,0,3,0,1,0,0,0,0,2,1,6,1,6,1298,1,11,-1,-1
"419472","201201ZD30730",2,9,0,3,0,1,0,0,0,0,2,1,6,1,6,1985,1,12,-1,-1
"419482","201201ZD30730",3,9,0,3,0,1,0,0,0,0,2,1,6,2,6,1390,1,11,-1,-1
"419492","201201ZD30730",4,9,0,4,0,1,0,0,0,0,1,1,6,2,-1,2261,1,4,5,1
"419502","201201ZD30731",1,9,0,3,0,1,0,0,0,0,2,1,6,1,9,-1,-1,-1,5,1
"419512","201201ZD30731",2,9,0,3,0,1,0,0,0,0,2,1,6,1,6,1598,1,6,-1,-1
"419522","201201ZD30731",3,9,0,18,0,1,0,0,0,0,1,1,6,2,11,1149,1,12,6,1
"419532","201201ZD30732",1,9,0,4,0,6,0,0,0,0,2,1,6,2,5,1124,1,11,2,1
"419542","201201ZD30732",2,9,0,18,0,6,0,0,0,0,1,1,6,1,6,1997,2,-1,2,1
"419552","201201ZD30733",1,9,0,4,0,8,0,0,0,0,1,1,6,1,7,1242,1,15,3,1
"419562","201201ZD30733",2,9,0,9,0,8,0,0,0,0,1,1,6,2,5,1796,1,8,2,1
"419572","201201ZD30734",1,19,0,12,0,1,0,0,0,0,3,1,1,1,9,1753,2,6,7,3
"419582","201201ZD30734",2,4,0,18,0,1,0,0,0,0,4,1,6,1,7,582,1,2,-1,-1
"419592","201201ZD30735",1,9,0,18,0,8,0,0,0,0,4,1,6,2,5,1242,1,3,7,1
"419602","201201ZD30735",2,9,0,5,0,8,0,0,0,0,1,1,6,2,8,1390,1,4,8,1
"419612","201201ZD30736",1,9,0,3,0,1,0,0,0,0,2,1,6,2,8,999,1,12,9,1
"419622","201201ZD30736",2,9,0,18,0,1,0,0,0,0,1,1,6,1,-1,-1,-1,-1,3,1
"419632","201201ZD30737",1,9,0,18,0,1,0,0,2,2,1,1,6,1,6,1360,1,10,5,1
"419642","201201ZD30738",1,9,0,18,0,8,0,0,0,0,1,1,6,1,11,-1,-1,-1,10,1
"419652","201201ZD30738",2,8,0,3,0,8,0,0,0,0,2,1,1,1,7,1868,2,9,3,1
"419662","201201ZD30739",1,9,0,18,0,8,5,0,1,4,1,1,1,2,6,-1,-1,-1,-1,-1
"419672","201201ZD30739",2,8,0,9,0,8,0,0,0,0,2,1,1,1,9,1587,1,10,7,1
"419682","201201ZD30740",1,9,0,17,0,0,0,0,0,0,1,1,6,1,7,1900,2,12,7,1
"419692","201201ZD30740",2,9,0,16,0,0,1,0,0,0,1,1,6,1,4,1390,1,12,9,1
"419702","201201ZD30741",1,9,0,18,0,8,0,0,0,0,4,1,6,2,6,998,1,15,3,1
"419712","201201ZD30741",2,9,0,7,0,8,0,0,0,0,1,1,6,2,9,-1,-1,-1,2,1
"419722","201201ZD30742",1,9,0,6,0,1,0,0,0,0,2,1,6,1,11,-1,-1,-1,4,1
"419732","201201ZD30742",2,9,0,18,0,1,0,0,0,0,1,1,6,2,5,1108,1,4,4,1
"419742","201201ZD30743",1,3,0,18,0,8,0,0,0,0,2,1,6,1,5,125,1,-1,4,1
"419752","201201ZD30743",2,9,0,18,0,8,0,0,0,0,1,1,6,3,-1,2184,2,8,-1,-1
"419762","201201ZD30744",1,9,0,18,0,8,0,0,0,0,4,1,6,1,4,1229,1,6,4,1
"419772","201201ZD30744",2,9,0,7,0,8,0,0,0,0,1,1,6,2,5,4398,1,10,5,1
"419782","201201ZD30745",1,9,0,18,0,0,0,0,0,0,1,1,6,1,4,2982,2,-1,6,3
"419792","201201ZD30745",2,9,0,18,0,0,0,0,0,0,1,1,1,1,6,1968,2,3,6,1
"419802","201201ZD30746",1,9,0,3,0,8,0,0,0,0,2,1,6,2,6,1997,2,7,6,1
"419812","201201ZD30746",2,9,0,4,0,8,0,0,0,0,1,1,1,1,9,1997,1,11,9,1
"419822","201201ZD30747",1,9,0,18,0,0,0,10,1,4,1,1,6,2,6,1590,1,14,-1,-1
"419832","201201ZD30748",1,9,0,7,0,8,0,0,0,0,2,1,6,2,8,1598,2,-1,4,1
"419842","201201ZD30748",2,9,0,18,0,8,0,0,0,0,1,1,6,1,-1,-1,-1,-1,-1,-1
"419852","201201ZD30750",1,3,0,18,0,1,0,0,0,0,1,1,6,1,6,124,1,8,5,1
"419862","201201ZD30751",1,9,0,3,0,1,0,0,0,0,2,1,6,2,5,1197,1,-1,5,1
"419872","201201ZD30751",2,9,0,18,0,1,0,0,0,0,1,1,6,1,-1,1598,1,4,-1,-1
"419882","201201ZD30752",1,19,0,4,0,8,0,0,0,0,1,1,1,1,7,1896,2,8,-1,-1
"419892","201201ZD30752",2,11,0,4,0,8,0,0,0,0,2,1,1,1,9,4500,2,3,-1,-1
"419902","201201ZD30753",1,9,0,7,0,8,0,0,0,0,3,1,1,1,7,1498,1,7,-1,-1
"419912","201201ZD30753",2,1,0,18,0,8,0,0,0,0,1,1,6,1,8,-1,-1,-1,4,1
"419922","201201ZD30755",1,9,0,18,0,8,0,0,0,0,1,1,6,2,6,1689,2,13,-1,-1
"419932","201201ZD30755",2,90,0,18,0,8,0,0,0,0,3,1,1,1,-1,-1,-1,-1,-1,-1
"419942","201201ZD30756",1,9,0,3,0,1,0,0,0,0,2,1,6,2,8,1796,1,3,7,1
"419952","201201ZD30756",2,9,0,4,0,1,0,0,0,0,1,1,6,1,-1,-1,-1,-1,-1,-1
"419962","201201ZD30757",1,9,0,7,0,8,0,0,0,0,3,1,6,1,11,1390,1,14,2,1
"419972","201201ZD30757",2,9,0,18,0,8,0,0,0,0,1,1,6,3,-1,-1,-1,-1,-1,-1
"419982","201201ZD30758",1,9,0,9,0,0,0,0,0,0,4,1,6,1,9,-1,-1,-1,-1,-1
"419992","201201ZD30758",2,1,0,18,0,0,0,0,0,0,1,1,6,1,6,-1,-1,-1,-1,-1
"420002","201201ZD30761",1,19,0,2,0,1,0,0,1,1,2,1,1,1,7,1686,2,8,8,1
"420012","201201ZD30761",2,9,0,4,0,1,0,4,0,0,1,1,6,1,9,1781,1,18,2,1
"420022","201201ZD30762",1,9,0,18,0,1,0,0,0,0,3,1,1,1,7,1997,2,9,5,1
"420032","201201ZD30763",1,11,0,9,0,8,0,0,0,0,2,1,1,1,7,9000,2,6,9,1
"420042","201201ZD30763",2,9,0,4,0,8,0,0,0,0,1,1,6,1,8,2967,2,3,-1,-1
"420052","201201ZD30764",1,9,0,9,0,8,0,0,0,0,4,1,6,1,6,1299,1,11,10,1
"420062","201201ZD30764",2,9,0,18,0,8,0,0,0,0,1,1,6,2,8,-1,-1,-1,1,1
"420072","201201ZD30765",1,19,0,18,0,8,0,0,0,0,4,1,6,1,6,2461,2,2,5,1
"420082","201201ZD30765",2,9,0,9,0,8,0,0,0,0,1,1,6,2,7,1396,1,15,6,1
"420092","201201ZD30766",1,8,0,18,0,1,0,0,0,0,1,1,1,1,-1,-1,-1,-1,2,1
"420102","201201ZD30767",1,9,0,9,0,5,0,0,0,0,1,1,6,2,11,1240,1,3,6,1
"420112","201201ZD30767",2,4,0,14,0,1,0,0,0,0,1,1,6,1,8,-1,-1,-1,-1,-1
"420122","201201ZD30768",1,9,0,18,0,0,0,0,0,0,1,1,6,1,4,1242,1,9,9,1
"420132","201201ZD30768",2,9,0,18,0,0,0,0,0,0,1,1,6,1,8,1951,2,8,5,1
"420142","201201ZD30769",1,9,0,9,9,0,0,0,0,0,1,1,6,1,-1,1910,2,2,-1,-1
"420152","201201ZD30770",1,9,0,18,0,0,0,0,0,0,4,1,6,2,10,1991,2,8,6,1
"420162","201201ZD30771",1,9,0,18,0,1,0,0,0,0,3,1,6,1,7,-1,-1,-1,5,1
"420172","201201ZD30771",2,9,0,5,0,1,0,0,0,0,4,1,6,3,-1,2231,2,4,-1,-1
"420182","201201ZD30773",1,9,0,3,0,0,0,0,0,0,2,1,6,1,6,-1,-1,-1,3,1