"","Acc_Index","Vehicle_Reference","Vehicle_Type","Towing_and_Articulation","Vehicle_Manoeuvre","Vehicle_Location.Restricted_Lane","Junction_Location","Skidding_and_Overturning","Hit_Object_in_Carriageway","Vehicle_Leaving_Carriageway","Hit_Object_off_Carriageway","X1st_Point_of_Impact","Was_Vehicle_Left_Hand_Drive","Journey_Purpose_of_Driver","Sex_of_Driver","Age_Band_of_Driver","Engine_Capacity_.CC.","Propulsion_Code","Age_of_Vehicle","Driver_IMD_Decile","Driver_Home_Area_Type"
"163057","20124100C0093",1,9,0,18,0,1,0,0,0,0,1,1,6,1,6,1896,2,9,-1,-1
"163058","20124100C0093",2,9,0,3,0,1,0,0,0,0,2,1,1,1,5,-1,-1,-1,3,1
"163061","20124100C0102",1,9,0,2,0,0,0,0,0,0,3,1,1,1,7,-1,-1,-1,4,1
"163062","20124100C0102",2,3,0,14,0,0,0,8,0,0,1,1,2,1,7,124,1,12,9,1
"163063","20124100C0103",1,9,0,9,0,8,0,0,0,0,3,1,1,1,8,2495,2,13,10,3
"163064","20124100C0103",2,3,0,18,0,8,0,0,0,0,1,1,1,1,4,124,1,2,10,1
"163065","20124100C0106",1,1,0,18,0,0,0,0,0,0,1,1,1,1,6,-1,-1,-1,-1,-1
"163068","20124100C0114",1,9,0,18,0,0,0,0,0,0,1,1,6,2,4,1124,1,11,2,1
"163069","20124100C0115",1,9,0,7,0,5,0,0,0,0,0,1,6,3,-1,-1,-1,-1,-1,-1
"163070","20124100C0115",2,9,0,12,0,1,0,0,0,0,0,1,6,1,9,1596,1,4,6,1
"163071","20124100C0115",3,9,0,12,0,1,1,7,0,0,1,1,1,1,6,-1,-1,-1,7,1
"163072","20124100C0115",4,19,0,18,0,1,0,0,0,0,1,1,1,1,5,1753,2,6,5,1
"163073","20124100C0120",1,9,0,4,0,4,0,0,0,0,2,1,3,2,8,1997,2,3,-1,-1
"163074","20124100C0120",2,9,0,5,0,4,0,0,0,0,1,1,1,2,7,1598,1,8,6,1
"163075","20124100C0122",1,9,0,7,9,8,1,0,1,7,1,1,6,1,6,1598,1,11,-1,-1
"163076","20124100C0129",1,19,0,18,0,0,0,0,0,0,1,1,6,1,4,-1,-1,-1,9,1
"163077","20124100C0129",2,9,0,10,0,0,0,0,0,0,2,1,6,1,6,1400,1,12,6,1
"163078","20124100C0129",3,9,0,10,0,0,0,0,0,0,2,1,6,2,6,1199,1,13,8,1
"163079","20124100C0139",1,3,0,18,0,0,1,0,0,0,0,1,1,1,6,125,1,7,6,1
"163080","20124100C0143",1,9,0,18,0,0,0,0,0,0,4,1,1,2,6,1242,1,8,9,1
"163085","20124100C0155",1,9,0,5,0,4,0,0,0,0,1,1,1,1,6,-1,-1,-1,5,1
"163086","20124100C0155",2,5,0,18,0,8,0,0,0,0,4,1,2,1,9,782,1,1,8,1
"163089","20124100C0161",1,19,0,9,0,8,0,0,0,0,1,1,1,1,6,2143,2,2,8,1
"163090","20124100C0162",1,9,0,5,9,6,0,0,0,0,1,1,6,3,-1,-1,-1,-1,-1,-1
"163093","20124100C0164",1,9,0,18,0,3,0,0,0,0,4,1,6,1,8,1870,2,5,10,1
"163094","20124100C0164",2,9,0,12,0,3,0,10,0,10,3,1,6,1,9,1794,1,11,8,3
"163098","20124100C0174",1,9,0,9,0,8,0,0,0,1,1,1,6,1,11,1598,1,6,-1,-1
"163099","20124100C0174",2,9,0,18,0,8,0,0,0,1,1,1,6,2,8,1798,1,10,10,1
"163100","20124100C0175",1,9,0,18,0,0,0,0,0,0,1,1,6,1,10,3226,2,10,8,1
"163101","20124100C0175",2,9,0,3,0,0,0,0,0,0,2,1,6,1,9,1781,1,21,4,1
"163102","20124100C0175",3,9,0,3,0,0,0,0,0,0,2,1,6,1,6,1686,2,8,5,1
"163107","20124100C0183",1,9,0,18,0,4,0,0,0,0,1,1,6,1,5,1997,2,4,4,1
"163108","20124100C0183",2,1,0,18,0,8,0,0,0,0,4,1,1,1,7,-1,-1,-1,6,1
"163109","20124100C0184",1,1,0,18,0,8,0,0,0,0,3,1,2,1,4,-1,-1,-1,10,1
"163110","20124100C0184",2,19,0,7,0,8,0,0,0,0,4,1,6,3,-1,-1,-1,-1,-1,-1
"163111","20124100C0185",1,9,0,18,0,8,0,0,0,0,1,1,6,2,-1,-1,-1,-1,-1,-1
"163112","20124100C0185",2,1,0,18,0,8,0,0,0,0,4,1,1,1,6,-1,-1,-1,-1,-1
"163113","20124100C0196",1,2,0,4,0,0,1,0,0,0,0,1,3,1,4,49,1,12,9,1
"163114","20124100C0196",2,9,0,4,0,0,0,0,0,0,0,1,6,2,-1,-1,-1,-1,-1,-1
"163115","20124100C0198",1,9,0,8,0,6,0,0,0,0,1,1,1,2,8,1997,2,7,-1,-1
"163116","20124100C0198",2,1,0,4,0,8,0,0,0,0,1,1,3,2,2,-1,-1,-1,10,1
"163119","20124100C0201",1,9,0,18,0,2,0,0,0,0,1,1,6,1,-1,2960,1,19,9,1
"163120","20124100C0201",2,9,0,8,0,1,0,0,0,0,2,1,3,2,6,1364,1,2,8,1
"163121","20124100C0201",3,19,0,8,0,8,0,0,0,0,2,1,6,1,-1,1870,2,10,7,3
"163122","20124100C0204",1,9,0,7,0,0,0,0,0,0,0,1,2,1,5,1597,1,7,4,1
"163123","20124100C0204",2,1,0,18,4,0,0,0,0,0,0,1,2,1,7,-1,-1,-1,5,1
"163124","20124100C0210",1,9,0,4,0,1,0,0,0,0,1,1,6,2,6,1248,2,1,7,1
"163125","20124100C0213",1,9,0,9,0,8,0,0,0,0,0,1,6,1,6,1995,2,5,5,1
"163126","20124100C0213",2,1,0,18,0,8,0,0,0,0,0,1,6,1,7,-1,-1,-1,10,1
"163127","20124100C0224",1,9,0,8,0,1,0,0,0,0,1,1,6,3,-1,1198,1,1,-1,-1
"163128","20124100C0230",1,9,0,4,0,0,0,0,0,0,1,1,6,3,-1,998,1,9,-1,-1
"163131","20124100C0234",1,9,0,3,0,1,0,0,0,0,2,1,3,2,9,1998,1,10,4,1
"163132","20124100C0234",2,9,0,18,0,1,0,0,0,0,1,1,2,2,6,2993,2,3,3,1
"163139","20124100C0242",1,9,0,17,0,2,0,0,0,0,4,1,6,1,6,1388,1,10,6,1
"163140","20124100C0242",2,9,0,17,0,2,0,0,0,0,3,1,6,2,8,2987,2,6,10,1
"163141","20124100C0243",1,9,0,8,0,6,0,0,0,0,4,1,1,2,7,1596,1,5,7,1
"163142","20124100C0243",2,1,0,18,9,8,0,0,0,0,1,1,2,1,6,-1,-1,-1,-1,-1
"163143","20124100C0244",1,19,0,18,0,1,0,0,0,0,2,1,1,1,8,2143,2,3,5,1
"163144","20124100C0244",2,9,0,18,0,1,0,0,0,0,1,1,6,1,-1,-1,-1,-1,-1,-1
"163148","20124100C0251",1,19,0,9,0,6,0,0,0,0,3,1,2,1,7,-1,-1,-1,4,1
"163149","20124100C0251",2,1,0,18,0,8,0,0,0,0,1,1,2,1,7,-1,-1,-1,5,1
"163155","20124100C0263",1,9,0,18,0,2,0,0,0,0,4,1,2,2,7,1598,1,10,-1,-1
"163156","20124100C0264",1,9,0,5,0,1,0,0,0,0,1,1,6,2,6,1896,2,8,7,3
"163157","20124100C0264",2,9,0,3,0,1,0,0,0,0,2,1,6,1,6,1360,1,11,-1,-1
"163158","20124100C0270",1,9,0,9,0,6,0,0,0,0,4,1,6,1,7,2979,1,9,-1,-1
"163159","20124100C0270",2,1,0,18,0,8,2,0,0,0,1,1,2,1,5,-1,-1,-1,10,1
"163160","20124100C0271",1,9,0,18,0,0,0,0,7,2,1,1,6,1,4,1242,1,13,4,1
"163165","20124100C0279",1,9,0,18,0,0,0,0,0,0,3,1,6,2,8,1495,1,11,5,1
"163166","20124100C0281",1,9,0,5,0,4,0,0,0,0,1,1,6,1,7,1597,1,19,6,1
"163167","20124100C0281",2,9,0,3,0,4,0,0,0,0,2,1,6,1,9,-1,-1,-1,8,1
"163168","20124100C0285",1,19,0,4,0,1,0,0,0,0,1,1,6,1,5,1753,2,9,-1,-1
"163169","20124100C0285",2,9,0,4,0,1,0,0,0,0,2,1,6,1,5,1998,1,14,7,1
"163170","20124100C0287",1,9,0,4,0,0,0,0,0,0,3,1,2,1,7,1390,1,15,4,1
"163171","20124100C0287",2,9,0,5,0,0,0,0,0,0,1,1,2,1,5,-1,-1,-1,7,1
"163172","20124100C0289",1,9,0,2,0,2,0,0,0,0,3,1,6,1,8,-1,-1,-1,9,1
"163173","20124100C0289",2,1,0,18,0,1,0,8,0,0,4,1,1,1,7,-1,-1,-1,3,1
"163174","20124100C0294",1,8,0,8,0,1,0,0,0,0,1,1,6,1,6,-1,-1,-1,-1,-1
"163175","20124100C0294",2,1,0,5,0,1,0,0,0,0,4,1,6,1,4,-1,-1,-1,6,1
"163176","20124100C0295",1,19,0,18,0,0,1,0,0,0,3,1,6,1,9,1248,2,4,4,1
"163177","20124100C0297",1,3,0,18,0,8,0,0,0,0,1,1,2,1,6,-1,-1,-1,7,1
"163178","20124100C0297",2,9,0,18,0,8,0,0,0,0,1,1,2,1,8,1975,1,8,3,1
"163179","20124100C0299",1,4,0,18,5,1,0,0,0,0,0,1,6,2,-1,-1,-1,-1,4,1
"163180","20124100C0299",2,11,0,5,2,1,1,0,0,0,0,1,1,1,7,-1,-1,-1,8,1
"163181","20124100C0304",1,9,0,5,0,2,0,0,0,0,3,1,6,1,8,2198,1,9,9,1
"163182","20124100C0304",2,1,0,7,0,5,0,0,0,0,1,1,6,1,9,-1,-1,-1,9,1
"163187","20124100C0317",1,9,0,4,0,0,0,0,0,0,1,1,6,1,7,1598,1,12,8,1
"163188","20124100C0317",2,9,0,4,0,0,0,0,0,0,1,1,6,2,5,1299,1,12,10,1
"163189","20124100C0317",3,9,0,4,0,0,0,0,0,0,2,1,6,2,6,2698,2,6,3,1
"163190","20124100C0323",1,5,0,18,0,0,0,0,0,0,4,1,6,1,8,1832,1,4,6,1
"163191","20124100C0335",1,9,0,18,0,0,0,0,0,0,1,1,6,2,7,-1,-1,-1,7,1
"163192","20124100C0335",2,9,0,18,0,0,0,0,0,0,2,1,6,2,5,1397,1,5,8,1
"163198","20124100C0344",1,9,0,4,0,4,0,0,0,0,1,1,1,1,6,-1,-1,-1,6,2
"163199","20124100C0344",2,9,0,4,0,4,0,0,0,0,2,1,1,2,6,1398,2,8,9,2
"163200","20124100C0345",1,9,0,9,0,1,1,0,0,0,3,1,1,1,7,1796,1,12,7,1
"163201","20124100C0345",2,9,0,18,0,8,1,0,0,0,1,1,3,2,7,1360,1,9,8,1
"163205","20124100C0348",1,9,0,18,0,0,0,0,0,0,1,1,1,2,5,1389,1,8,4,1
"163206","20124100C0354",1,9,0,5,9,6,0,0,0,0,3,1,1,2,6,1242,1,7,4,1
"163207","20124100C0354",2,1,0,18,9,1,0,0,0,0,1,1,6,1,6,-1,-1,-1,9,1
"163208","20124100C0358",1,11,0,12,0,1,0,0,0,0,3,1,1,3,6,59,2,15,9,1
"163209","20124100C0358",2,9,0,18,0,1,0,0,0,0,1,1,6,3,6,1597,1,2,9,1
"163210","20124100C0361",1,9,0,4,0,1,0,0,0,0,1,1,6,1,4,1360,1,8,4,1
"163211","20124100C0361",2,9,0,3,0,1,0,0,0,0,2,1,6,2,6,1360,1,8,4,1
"163218","20124100C0369",1,9,0,17,0,0,0,0,0,0,1,1,6,2,6,1086,1,7,7,1
"163219","20124100C0369",2,9,0,18,0,0,0,0,0,0,1,1,6,1,6,1149,1,11,9,1
"163220","20124100C0373",1,9,0,7,0,6,0,0,1,0,1,1,3,1,10,1970,1,13,-1,-1
"163221","20124100C0373",2,9,0,8,0,8,0,0,0,0,3,1,3,1,6,1956,2,2,-1,-1
"163222","20124100C0373",3,9,0,2,0,1,0,0,0,0,3,1,3,1,7,1461,2,8,4,1
"163223","20124100C0373",4,9,0,2,0,1,0,0,0,0,3,1,3,2,7,-1,-1,-1,7,1
"163224","20124100C0373",5,9,0,4,0,1,0,0,0,0,3,1,3,2,6,1390,1,1,9,1
"163231","20124100C0400",1,9,0,1,0,6,0,0,0,0,2,1,6,3,-1,-1,-1,-1,-1,-1
"163232","20124100C0402",1,3,0,4,0,1,1,0,0,0,0,1,6,1,11,85,1,14,7,1
"163234","20124100C0405",1,8,0,18,0,0,0,0,4,6,3,1,6,2,4,1360,1,12,3,1
"163235","20124100C0409",1,5,0,14,0,0,0,0,0,0,1,1,2,1,6,-1,-1,-1,4,1
"163236","20124100C0409",2,9,0,9,0,0,0,0,0,0,3,1,2,1,5,1390,1,11,9,1
"163237","20124100C0410",1,9,0,18,0,8,0,0,0,0,1,1,6,3,-1,-1,-1,-1,-1,-1
"163238","20124100C0410",2,9,0,18,0,8,0,0,0,0,4,1,6,1,7,1339,1,6,7,1
"163242","20124100C0418",1,8,0,9,0,4,0,0,0,0,3,1,1,1,9,2902,2,7,5,1
"163243","20124100C0418",2,9,0,18,0,8,1,0,0,0,1,1,6,1,4,1587,1,10,7,1
"163244","20124100C0422",1,9,0,9,0,2,0,0,0,0,1,1,6,1,8,2982,2,15,-1,-1
"163245","20124100C0422",2,9,0,18,0,2,0,0,0,0,1,1,6,1,8,1229,1,4,8,1
"163248","20124100C0428",1,1,0,18,0,0,0,0,0,0,1,1,6,2,2,-1,-1,-1,4,1
"163249","20124100C0428",2,9,0,18,0,0,0,0,0,0,3,1,1,1,8,1995,2,1,6,1
"163250","20124100C0433",1,9,0,18,0,0,0,0,0,0,4,1,6,2,8,4197,1,6,10,1
"163251","20124100C0434",1,9,0,18,0,1,0,0,0,0,1,1,6,2,4,1299,1,15,5,3
"163252","20124100C0434",2,19,0,18,0,1,0,0,0,0,1,1,1,1,5,1870,2,6,5,1
"163253","20124100C0434",3,9,0,3,0,1,0,0,0,0,2,1,6,2,7,1397,1,10,10,1
"163260","20124100C0449",1,9,0,7,0,2,0,0,0,0,4,1,6,3,-1,-1,-1,-1,-1,-1
"163261","20124100C0450",1,9,0,18,0,0,0,0,0,0,0,1,6,2,5,1794,1,12,6,1
"163262","20124100C0453",1,9,0,18,0,0,0,0,0,0,1,1,6,2,4,1391,1,16,8,1
"163265","20124100C0457",1,9,0,18,0,0,0,0,0,0,4,1,6,1,10,1339,1,8,8,1
"163266","20124100C0464",1,9,0,18,0,0,0,0,0,0,1,1,6,1,6,1497,8,5,5,1
"163267","20124100C0464",2,9,0,18,0,0,0,0,0,0,2,1,6,1,10,-1,-1,-1,6,1
"163271","20124100C0477",1,9,0,5,0,1,0,0,0,0,1,1,6,2,9,1995,2,6,10,1
"163272","20124100C0477",2,9,0,5,0,1,0,0,0,0,2,1,6,2,7,1299,1,6,10,1
"163273","20124100C0481",1,9,0,18,0,1,1,0,0,0,4,1,6,1,5,3799,1,1,3,1
"163274","20124100C0483",1,8,0,5,0,2,0,0,0,0,2,1,1,1,-1,-1,-1,-1,-1,-1
"163275","20124100C0484",1,2,0,4,0,1,1,0,0,0,4,1,6,1,4,49,1,1,10,1
"163282","20124100C0499",1,9,0,6,0,1,0,0,0,0,3,1,1,1,4,1199,1,9,7,1
"163283","20124100C0499",2,3,0,18,0,1,0,0,0,0,1,1,1,1,5,125,1,4,3,1
"163287","20124100C0506",1,10,0,4,0,8,0,0,0,0,4,1,3,1,7,2402,2,3,6,1
"163288","20124100C0506",2,1,0,18,0,8,0,0,0,0,1,1,6,2,2,-1,-1,-1,4,1
"163289","20124100C0507",1,9,0,18,0,1,0,0,0,0,4,1,6,3,-1,-1,-1,-1,-1,-1
"163291","20124100C0514",1,9,0,17,0,0,0,4,0,0,3,1,6,1,4,1956,2,2,10,1
"163292","20124100C0514",2,9,0,2,0,0,0,0,0,0,4,1,6,2,6,-1,-1,-1,5,1
"163293","20124100C0514",3,9,0,18,0,0,0,0,0,0,0,1,1,3,-1,1248,2,-1,8,1
"163297","20124100C0520",1,9,0,11,0,1,0,0,0,0,4,1,6,1,6,1968,2,2,7,1
"163298","20124100C0520",2,3,0,8,0,1,0,0,0,0,3,1,6,1,8,124,1,15,3,1
"163299","20124100C0520",3,9,0,4,0,1,0,0,0,0,0,1,6,2,7,-1,-1,-1,9,1
"163302","20124100C0534",1,9,0,16,0,0,0,0,0,0,1,1,6,2,7,1497,1,10,6,1
"163304","20124100C0542",1,1,0,18,0,8,0,0,0,0,3,1,2,1,7,-1,-1,-1,9,1
"163305","20124100C0542",2,9,0,7,0,5,0,0,0,0,4,1,6,3,-1,-1,-1,-1,-1,-1
"163306","20124100C0548",1,9,0,18,0,4,0,0,0,0,1,1,6,1,5,1798,1,8,8,1
"163307","20124100C0548",2,9,0,4,0,4,0,0,0,0,2,1,6,1,6,1598,2,3,6,1
"163308","20124100C0551",1,9,0,18,0,0,0,0,0,0,1,1,6,2,7,1995,2,9,5,1
"163309","20124100C0551",2,9,0,1,0,0,0,0,0,0,2,1,6,2,5,1299,1,9,8,1
"163310","20124100C0551",3,9,0,2,0,0,0,0,0,0,2,1,6,3,6,1242,1,5,-1,-1
"163313","20124100C0556",1,9,0,9,0,1,0,0,0,0,1,1,6,1,6,-1,-1,-1,2,1
"163314","20124100C0556",2,9,0,5,0,1,0,0,0,0,1,1,6,2,5,1598,1,7,7,1
"163315","20124100C0558",1,9,0,9,0,1,0,0,0,0,1,1,6,1,8,1997,1,4,6,1
"163316","20124100C0558",2,9,0,18,0,1,0,0,0,0,1,1,6,1,6,1332,1,14,7,1
"163317","20124100C0559",1,9,0,1,0,6,0,0,0,0,2,1,6,3,-1,1968,2,6,-1,-1
"163318","20124100C0559",2,1,0,18,0,8,0,0,0,0,4,1,6,1,7,-1,-1,-1,6,1
"163319","20124100C0565",1,11,0,4,0,0,0,0,0,0,4,1,1,2,6,-1,2,14,3,1
"163320","20124100C0575",1,9,0,5,0,4,0,0,0,0,3,1,6,2,4,1389,1,10,6,1
"163321","20124100C0575",2,5,0,18,0,8,1,0,0,0,1,1,6,1,9,-1,-1,-1,-1,-1
"163322","20124100C0576",1,9,0,5,0,4,0,0,0,0,1,1,3,2,9,1598,1,5,-1,-1
"163323","20124100C0576",2,2,0,9,0,8,0,0,0,0,4,1,1,1,4,49,1,1,8,1
"163324","20124100C0577",1,9,0,3,0,1,0,0,0,0,1,1,6,1,4,1199,1,10,4,1
"163325","20124100C0577",2,9,0,3,0,1,0,0,0,0,2,1,6,2,6,1753,2,11,6,1
"163326","20124100C0579",1,9,0,9,0,5,0,0,0,0,4,1,6,2,11,1240,1,6,6,1
"163327","20124100C0579",2,1,0,18,9,8,0,0,0,0,1,1,6,1,11,-1,-1,-1,10,1
"163328","20124100C0579",3,9,0,3,0,2,0,0,0,0,0,1,6,3,-1,-1,-1,-1,-1,-1
"163330","20124100C0590",1,9,0,9,0,6,0,0,0,0,1,1,6,1,8,1796,1,7,5,1
"163331","20124100C0590",2,9,0,18,0,8,0,0,0,0,4,1,6,1,6,1686,2,8,5,1
"163332","20124100C0592",1,8,0,18,0,8,0,0,1,1,3,1,1,1,6,-1,-1,-1,3,1
"163333","20124100C0592",2,19,0,18,0,8,0,0,0,0,3,1,1,1,8,1248,2,6,-1,-1
"163334","20124100C0599",1,8,0,5,0,8,0,0,0,0,1,1,6,1,-1,-1,-1,-1,-1,-1
"163335","20124100C0599",2,1,0,18,0,8,0,0,0,0,4,1,2,1,9,-1,-1,-1,-1,-1
"163337","20124100C0606",1,20,0,18,0,0,0,0,1,10,1,1,1,1,8,2402,2,4,5,1
"163338","20124100C0608",1,10,0,17,0,0,0,0,0,0,1,1,1,1,8,-1,-1,-1,2,1
"163339","20124100C0610",1,20,0,14,0,0,0,0,0,0,1,1,1,1,6,-1,-1,-1,-1,-1
"163340","20124100C0612",1,9,0,18,0,2,0,0,0,0,1,1,6,2,9,1795,1,7,7,1
"163346","20124100C0633",1,9,0,17,0,0,1,7,1,2,1,1,6,1,7,1596,1,13,8,1
"163351","20124100C0637",1,8,0,4,0,1,0,0,0,0,1,1,1,1,6,-1,-1,-1,6,1
"163352","20124100C0637",2,9,0,4,0,1,0,0,0,0,2,1,6,2,7,-1,-1,-1,-1,-1
"163355","20124100C0648",1,9,0,18,0,4,0,0,0,0,1,1,2,1,7,1968,2,1,10,1
"163356","20124100C0648",2,1,0,18,0,8,0,0,0,0,4,1,2,1,10,-1,-1,-1,10,1
"163358","20124100C0651",1,21,0,12,0,1,0,0,0,0,0,1,1,1,8,-1,-1,-1,5,1
"163359","20124100C0651",2,5,0,18,0,1,1,0,0,0,0,1,6,1,6,-1,-1,-1,6,1
"163360","20124100C0656",1,9,0,18,0,8,0,0,0,0,2,1,6,1,6,1299,1,10,9,3
"163361","20124100C0656",2,9,0,18,0,8,0,0,0,0,1,1,6,2,4,1400,2,7,10,1
"163362","20124100C0658",1,3,0,18,0,2,1,0,1,2,4,1,1,1,5,125,1,1,3,1
"163363","20124100C0659",1,9,0,18,0,0,0,0,0,0,1,1,6,1,11,1761,1,16,3,1
"163364","20124100C0659",2,9,0,4,0,0,0,0,0,0,2,1,2,1,8,1598,1,8,-1,-1
"163365","20124100C0659",3,9,0,4,0,0,0,0,0,0,2,1,2,2,6,1995,2,1,8,1
"163366","20124100C0660",1,9,0,18,0,3,0,0,0,0,1,1,6,2,5,1242,1,1,5,1
"163367","20124100C0660",2,9,0,4,0,3,0,0,0,0,2,1,6,2,5,1896,2,3,9,1
"163368","20124100C0671",1,11,0,18,0,0,0,0,0,0,0,1,1,1,8,5900,2,5,4,1
"163369","20124100C0671",2,9,0,5,0,0,0,0,0,0,0,1,6,1,-1,1360,1,12,-1,-1
"163372","20124100C0673",1,9,0,10,0,1,0,0,0,0,2,1,6,2,6,1595,1,15,2,1
"163373","20124100C0673",2,9,0,16,0,1,0,0,0,0,1,1,6,2,-1,1199,1,8,10,1
"163374","20124100C0676",1,9,0,5,0,6,0,0,0,0,1,1,6,1,4,1998,1,10,6,2
"163375","20124100C0676",2,1,0,18,0,8,0,0,0,0,1,1,6,1,7,-1,-1,-1,7,1
"163376","20124100C0678",1,9,0,3,0,1,0,0,0,0,1,1,6,2,8,999,1,12,10,1
"163377","20124100C0678",2,9,0,5,0,1,0,0,0,0,2,1,6,1,8,1796,1,8,10,1
"163378","20124100C0685",1,9,0,18,0,0,0,0,0,0,1,1,2,1,6,1364,1,4,6,1
"163379","20124100C0685",2,1,0,12,0,0,0,0,0,0,2,1,6,1,9,-1,-1,-1,9,1
"163382","20124100C0700",1,1,0,4,0,0,0,0,1,10,0,1,2,2,5,-1,-1,-1,5,1
"163383","20124100C0700",2,9,0,18,0,0,0,0,0,0,0,1,6,3,-1,-1,-1,-1,-1,-1
"163384","20124100C0701",1,9,0,17,0,0,0,0,0,0,1,1,6,1,5,1390,1,12,9,1
"163385","20124100C0701",2,9,0,16,0,0,0,0,0,0,1,1,6,1,8,1896,2,4,9,1
"163386","20124100C0708",1,8,0,7,0,8,0,0,0,0,1,1,1,3,7,-1,-1,-1,-1,-1
"163389","20124100C0710",1,9,0,18,0,1,0,0,0,0,1,1,2,1,7,1753,2,6,10,1
"163390","20124100C0710",2,9,0,9,0,1,0,0,0,0,4,1,2,2,6,-1,-1,-1,10,1
"163391","20124100C0717",1,2,0,18,0,8,0,0,0,0,0,1,6,1,6,124,1,1,4,1
"163392","20124100C0717",2,9,0,9,0,5,0,0,0,0,0,1,6,1,9,1910,2,5,8,1
"163393","20124100C0723",1,9,0,6,0,0,0,0,0,0,3,1,1,2,6,-1,-1,-1,7,1
"163394","20124100C0723",2,4,0,18,0,0,0,0,0,0,1,1,1,1,9,249,1,3,6,1
"163395","20124100C0724",1,9,0,18,0,1,0,0,0,0,1,1,6,2,7,1560,2,1,10,1
"163396","20124100C0724",2,9,0,3,0,1,0,0,0,0,2,1,6,2,8,1968,2,1,10,1
"163397","20124100C0724",3,9,0,3,0,1,0,0,0,0,2,1,6,2,5,1000,1,12,10,1
"163407","20124100C0737",1,9,0,16,0,0,1,0,2,7,1,1,6,1,5,-1,-1,-1,6,1
"163410","20124100C0739",1,9,0,1,0,0,0,0,0,0,2,1,6,1,6,-1,-1,-1,-1,-1
"163411","20124100C0739",2,19,0,2,0,0,0,4,0,0,1,1,6,1,5,-1,-1,-1,5,1
"163412","20124100C0746",1,5,0,16,0,0,0,0,7,2,1,1,6,1,5,599,1,7,10,1
"163413","20124100C0751",1,9,0,18,0,1,0,0,0,0,4,1,6,1,8,1461,2,1,10,1
"163418","20124100C0766",1,19,0,9,0,1,0,0,0,0,3,1,1,1,7,2151,2,10,7,3
"163419","20124100C0766",2,1,0,13,0,1,0,0,0,0,1,1,2,1,5,-1,-1,-1,9,1
"163420","20124100C0769",1,9,0,9,0,6,0,0,0,0,1,1,6,2,6,2204,2,7,7,1
"163421","20124100C0769",2,5,0,18,0,1,0,0,0,0,4,1,6,1,5,599,1,10,9,1
"163422","20124100C0771",1,9,0,14,0,0,0,0,0,0,4,1,6,2,8,1796,1,11,10,1
"163423","20124100C0775",1,9,0,1,0,6,0,0,0,0,0,1,6,3,-1,-1,-1,-1,-1,-1
"163424","20124100C0775",2,9,0,4,0,1,0,0,0,0,3,1,1,1,5,1984,1,18,5,1
"163425","20124100C0775",3,5,0,18,0,1,0,0,0,0,1,1,6,1,6,1299,1,7,8,1
"163426","20124100C0776",1,9,0,18,0,0,0,8,0,0,4,1,6,1,8,1896,2,12,7,1
"163427","20124100C0776",2,9,0,2,0,0,0,0,0,0,3,1,3,2,6,1995,1,12,3,1
"163437","20124100C0806",1,9,0,3,0,0,0,0,0,0,3,1,2,1,5,1968,2,-1,-1,-1
"163438","20124100C0806",2,3,0,7,0,0,0,0,0,0,4,1,2,1,4,124,1,4,6,1
"163439","20124100C0810",1,9,0,18,0,2,0,0,0,0,1,1,6,1,9,2306,1,14,7,1
"163440","20124100C0810",2,9,0,4,0,2,0,0,0,0,2,1,6,2,7,1598,1,2,6,2
"163441","20124100C0810",3,9,0,4,0,2,0,0,0,0,2,1,6,2,7,1598,1,13,6,1
"163442","20124100C0810",4,9,0,4,0,2,0,0,0,0,2,1,6,2,7,1896,2,10,10,1
"163446","20124100C0812",1,21,0,14,0,1,0,0,0,0,3,1,1,1,9,-1,2,11,-1,-1
"163447","20124100C0812",2,9,0,18,0,1,0,0,0,0,4,1,6,1,8,3430,1,24,10,1
"163448","20124100C0812",3,9,0,2,0,1,0,0,0,0,0,1,6,1,9,1850,1,12,10,1
"163449","20124100C0813",1,21,1,7,0,5,0,0,0,0,4,1,6,3,-1,-1,-1,-1,-1,-1
"163452","20124100C0825",1,9,0,11,0,3,0,0,0,0,0,1,6,3,-1,-1,-1,-1,-1,-1
"163453","20124100C0825",2,9,0,18,0,3,0,0,0,0,2,1,6,2,-1,1248,2,7,10,3
"163454","20124100C0825",3,9,0,18,0,3,0,0,0,0,1,1,6,1,-1,2401,2,7,8,1
"163455","20124100C0825",4,9,0,18,0,3,0,0,0,0,1,1,6,2,6,1422,2,6,5,1
"163457","20124100C0832",1,1,0,18,0,1,0,0,0,0,4,1,6,1,4,-1,-1,-1,-1,-1
"163458","20124100C0832",2,9,0,18,0,1,0,0,0,0,1,1,6,1,9,1560,2,1,7,1
"163459","20124100C0834",1,9,0,12,0,1,0,0,0,0,1,1,6,1,-1,1998,1,13,-1,-1
"163460","20124100C0834",2,9,0,3,0,1,0,0,0,0,2,1,6,1,7,1240,1,9,4,1