"","Acc_Index","Vehicle_Reference","Vehicle_Type","Towing_and_Articulation","Vehicle_Manoeuvre","Vehicle_Location.Restricted_Lane","Junction_Location","Skidding_and_Overturning","Hit_Object_in_Carriageway","Vehicle_Leaving_Carriageway","Hit_Object_off_Carriageway","X1st_Point_of_Impact","Was_Vehicle_Left_Hand_Drive","Journey_Purpose_of_Driver","Sex_of_Driver","Age_Band_of_Driver","Engine_Capacity_.CC.","Propulsion_Code","Age_of_Vehicle","Driver_IMD_Decile","Driver_Home_Area_Type"
"11931","201301CP00015",2,3,0,10,0,1,0,0,0,0,2,1,6,1,5,125,1,6,2,1
"11942","201301CP00016",1,8,0,9,0,8,0,0,0,0,3,1,6,1,6,1560,2,5,1,1
"11952","201301CP00016",2,8,0,18,0,8,0,0,0,0,1,1,6,1,7,1997,2,1,2,1
"11962","201301CP00017",1,1,0,18,0,2,0,0,0,0,3,1,6,2,6,-1,-1,-1,5,1
"11972","201301CP00017",2,19,0,13,0,2,0,0,0,0,4,1,6,3,-1,-1,-1,-1,-1,-1
"11982","201301CP00018",1,3,0,15,0,0,0,0,0,0,3,1,6,1,7,124,1,7,5,1
"11992","201301CP00018",2,21,0,5,0,0,0,0,0,0,4,1,1,1,8,11705,2,5,9,1
"12002","201301CP00018",3,10,0,5,0,0,0,0,0,0,3,1,1,1,8,-1,-1,-1,10,1
"12012","201301CP00019",1,1,0,18,0,0,0,0,0,0,1,1,6,1,6,-1,-1,-1,8,1
"12022","201301CP00019",2,8,0,6,0,0,0,0,0,0,4,1,1,1,6,1598,1,5,3,1
"12032","201301CP00020",1,8,0,9,0,8,0,0,0,0,0,1,1,1,7,1997,2,5,3,1
"12043","201301CP00020",2,3,0,18,0,8,0,0,0,0,4,1,6,1,6,-1,-1,-1,1,1
"12072","201301CP00023",1,9,0,18,0,2,0,0,1,2,1,1,6,2,4,-1,-1,-1,1,1
"12082","201301CP00024",1,11,0,18,2,1,0,0,0,0,1,1,1,1,8,4500,2,2,3,1
"12092","201301CP00025",1,8,0,18,0,8,0,0,0,0,3,1,1,1,7,2499,2,5,1,1
"12102","201301CP00025",2,9,0,18,0,8,0,0,0,0,1,1,1,1,9,1598,1,7,2,1
"12112","201301CP00026",1,8,0,18,0,1,0,0,0,0,1,1,6,1,7,2148,2,4,4,3
"12122","201301CP00027",1,3,0,13,0,1,0,0,0,0,3,1,6,1,6,125,1,2,2,1
"12133","201301CP00027",2,19,0,18,0,1,0,0,0,0,0,1,1,1,8,1753,2,8,4,1
"12143","201301CP00028",1,9,0,18,0,0,0,0,0,0,1,1,6,1,6,1461,2,1,3,1
"12153","201301CP00028",2,11,0,14,0,0,0,0,0,0,3,1,1,1,7,6370,2,4,2,1
"12162","201301CP00029",1,9,0,18,0,8,0,10,7,2,1,1,6,1,7,2987,2,5,1,1
"12172","201301CP00030",1,1,0,18,0,0,0,0,0,0,1,1,6,1,5,-1,-1,-1,1,1
"12203","201301CP00032",1,9,0,9,0,8,0,0,0,0,3,1,6,1,5,-1,-1,-1,4,1
"12212","201301CP00032",2,8,0,18,0,8,0,0,0,0,1,1,1,1,6,2148,2,8,3,1
"12223","201301CP00033",1,8,0,1,0,2,0,0,0,0,2,1,1,1,7,1997,2,1,1,1
"12233","201301CP00034",1,3,0,14,0,0,0,0,0,0,1,1,6,1,6,124,1,1,4,1
"12243","201301CP00035",1,11,0,9,0,8,0,0,0,0,0,1,1,1,8,8268,2,11,4,1
"12253","201301CP00035",2,5,0,18,0,8,0,0,0,0,4,1,6,1,7,998,1,4,2,1
"12263","201301CP00037",1,4,0,11,0,8,0,0,0,0,2,1,6,2,8,398,1,25,3,1
"12273","201301CP00037",2,21,0,11,0,8,0,0,0,0,1,1,1,1,8,10518,2,4,8,1
"12293","201301CP00039",1,19,0,9,0,8,0,0,0,0,1,1,6,3,-1,2148,2,3,-1,-1
"12303","201301CP00040",1,9,0,3,0,1,0,0,0,0,2,1,6,1,6,1781,1,11,5,1
"12313","201301CP00040",2,9,0,5,0,1,0,0,0,0,1,1,6,3,-1,1598,1,9,-1,-1
"12323","201301CP00041",1,1,0,18,4,2,0,0,0,0,1,1,6,1,8,-1,-1,-1,10,1
"12333","201301CP00042",1,9,0,7,0,8,0,0,0,0,3,1,6,1,5,1242,1,1,2,1
"12343","201301CP00042",2,9,0,9,0,8,0,0,0,0,3,1,6,1,10,1896,2,6,5,1
"12353","201301CP00043",1,11,0,18,0,1,0,0,0,0,4,1,1,1,9,9360,2,2,2,1
"12363","201301CP00044",1,8,0,3,0,1,0,0,0,0,4,1,6,1,7,2499,2,4,2,1
"12372","201301CP00044",2,1,0,15,0,1,0,8,0,0,1,1,6,1,5,-1,-1,-1,2,1
"12383","201301CP00045",1,1,0,18,0,0,0,0,0,0,3,1,6,1,6,-1,-1,-1,7,1
"12393","201301CP00045",2,1,0,13,2,0,0,0,0,0,4,1,6,1,7,-1,-1,-1,8,1
"12403","201301CP00045",3,11,0,13,0,0,0,0,0,0,4,1,1,1,8,-1,-1,-1,6,1
"12413","201301CP00046",1,5,0,9,0,5,0,0,0,0,4,1,1,1,8,498,1,13,3,1
"12423","201301CP00046",2,1,0,18,0,1,0,0,0,0,1,1,6,2,8,-1,-1,-1,5,1
"12433","201301CP00047",1,21,0,7,0,1,0,0,0,0,4,1,1,1,7,11946,2,5,7,1
"12443","201301CP00047",2,1,0,15,0,1,0,0,0,0,3,1,6,1,6,-1,-1,-1,2,1
"12453","201301CP00048",1,8,0,18,0,1,0,0,0,0,4,1,1,3,-1,-1,-1,-1,-1,-1
"12463","201301CP00049",1,1,0,11,0,0,0,0,0,0,4,1,6,1,7,-1,-1,-1,2,1
"12473","201301CP00049",2,1,0,15,0,0,0,0,0,0,1,1,6,2,5,-1,-1,-1,3,1
"12483","201301CP00050",1,19,0,18,0,8,0,0,0,0,1,1,1,1,8,2198,2,3,10,1
"12491","201301CP00050",2,9,0,7,0,8,0,0,0,0,1,1,6,1,7,1598,2,9,1,1
"12501","201301CP00051",1,1,0,18,0,1,0,8,0,0,1,1,6,1,7,-1,-1,-1,3,1
"12512","201301CP00051",2,19,0,2,0,1,0,0,0,0,3,1,1,1,8,1995,2,5,4,1
"12523","201301CP00052",1,9,0,18,0,1,0,0,0,0,1,1,6,1,6,1796,1,19,5,1
"12533","201301CP00052",2,9,0,2,0,1,0,0,0,0,2,1,1,1,8,1910,2,5,8,3
"12543","201301CP00053",1,19,0,18,0,0,0,0,0,0,4,1,6,3,-1,2402,2,9,-1,-1
"12553","201301CP00054",1,3,0,18,0,8,0,0,0,0,3,1,6,1,7,-1,-1,-1,2,1
"12563","201301CP00056",1,19,0,18,0,8,0,0,0,0,1,1,1,1,5,2402,2,5,7,1
"12573","201301CP00057",1,19,0,6,0,2,0,0,0,0,4,1,1,1,5,1598,2,1,5,1
"12587","201301CP00057",2,21,0,18,0,1,0,0,0,0,1,1,6,1,8,-1,-1,-1,5,1
"12595","201301CP00058",1,3,0,14,0,1,0,0,0,0,1,1,6,2,6,-1,-1,-1,3,1
"12605","201301CP00059",1,19,0,18,0,0,0,0,0,0,1,1,1,1,5,4580,2,5,5,1
"12614","201301CP00059",2,9,0,4,0,0,0,0,0,0,2,1,6,1,6,1968,2,8,2,1
"12624","201301CP00060",1,19,0,18,0,0,0,0,0,0,4,1,6,3,-1,-1,-1,-1,-1,-1
"12633","201301CP00061",1,19,0,7,0,0,0,0,0,0,1,1,1,1,7,2402,2,1,1,1
"12643","201301CP00062",1,5,0,18,0,0,0,10,1,7,4,1,6,1,6,599,1,7,2,1
"12655","201301CP00063",1,1,0,18,0,2,0,0,0,0,0,1,6,1,5,-1,-1,-1,2,1
"12665","201301CP00064",1,9,0,18,0,0,0,0,0,0,1,1,6,1,6,2143,2,2,3,1
"12674","201301CP00064",2,9,0,4,0,0,0,0,0,0,2,1,6,2,8,1560,2,2,2,1
"12683","201301CP00064",3,9,0,4,0,0,0,0,0,0,2,1,6,2,9,-1,-1,-1,6,1
"12693","201301CP00065",1,8,0,3,0,0,0,0,0,0,4,1,6,3,-1,-1,-1,-1,-1,-1
"12723","201301CP00067",1,9,0,18,0,0,0,0,0,0,2,1,6,2,9,1796,1,9,7,1
"12733","201301CP00067",2,19,0,18,0,0,0,0,0,0,1,1,6,1,-1,2198,2,1,-1,-1
"12744","201301CP00067",3,9,0,18,0,0,0,0,0,0,1,1,6,1,-1,-1,-1,-1,-1,-1
"12753","201301CP00068",1,19,0,1,0,5,0,0,0,0,2,1,1,1,8,-1,-1,-1,7,1
"12763","201301CP00069",1,19,0,6,0,0,0,0,0,0,3,1,1,1,7,2179,2,9,-1,-1
"12775","201301CP00069",2,11,0,18,0,0,0,0,0,0,1,1,1,1,7,6370,2,4,7,1
"12782","201301CP00070",1,11,0,18,0,8,0,0,0,0,1,1,6,3,-1,-1,-1,-1,-1,-1
"12793","201301CP00071",1,4,0,18,0,1,0,0,0,0,1,1,6,1,7,279,1,1,3,1
"12803","201301CP00072",1,1,0,14,0,1,0,0,0,0,4,1,6,1,5,-1,-1,-1,2,1
"12812","201301CP00072",2,11,0,5,0,1,0,0,0,0,3,1,6,3,-1,-1,-1,-1,-1,-1
"12824","201301CP00073",1,20,0,5,0,8,0,0,0,0,3,1,1,1,6,3920,2,4,1,1
"12833","201301CP00073",2,1,0,18,0,8,0,0,0,0,1,1,6,1,10,-1,-1,-1,4,3
"12843","201301CP00074",1,11,0,5,0,1,0,0,0,0,0,1,1,1,9,4500,2,1,1,1
"12853","201301CP00075",1,8,0,18,0,1,0,0,0,0,2,1,6,1,8,2499,2,6,3,1
"12864","201301CP00075",2,9,0,18,0,1,0,0,0,0,1,1,6,1,9,1248,2,2,4,3
"12873","201301CP00076",1,1,0,4,0,1,0,0,0,0,2,1,6,1,6,-1,-1,-1,2,1
"12883","201301CP00076",2,8,0,18,0,1,0,0,0,0,1,1,6,2,-1,2664,2,13,-1,-1
"12893","201301CP00077",1,8,0,18,0,1,0,0,0,0,2,1,6,1,9,2664,2,14,9,1
"12903","201301CP00077",2,1,0,18,0,1,0,10,0,0,1,1,6,2,5,-1,-1,-1,3,1
"12923","201301CP00079",1,9,0,7,0,1,0,0,0,0,4,1,1,1,8,-1,-1,-1,7,1
"12933","201301CP00079",2,3,0,18,0,1,0,0,0,0,3,1,6,2,6,124,1,5,2,1
"12943","201301CP00080",1,3,0,14,0,0,0,0,0,0,1,1,6,1,6,124,1,1,2,1
"12953","201301CP00081",1,4,0,14,0,2,0,0,0,0,1,1,6,1,6,499,1,6,2,1
"12966","201301CP00082",1,3,0,18,0,8,0,0,0,0,1,1,6,3,-1,108,1,-1,-1,-1
"12974","201301CP00084",1,8,0,2,0,0,0,0,0,0,3,1,1,1,8,-1,-1,-1,10,1
"12984","201301CP00084",2,8,0,3,0,0,0,0,0,0,2,1,6,1,8,2664,2,12,2,1
"12997","201301CP00084",3,9,0,18,0,0,0,4,0,0,1,1,6,1,5,2685,2,9,2,1
"13003","201301CP00085",1,1,0,15,0,1,0,0,0,0,3,1,6,1,8,-1,-1,-1,4,1
"13015","201301CP00085",2,9,0,7,0,1,0,0,0,0,4,1,6,1,-1,1332,1,15,2,1
"13023","201301CP00086",1,10,0,9,0,1,0,0,0,0,4,1,1,1,7,-1,-1,-1,5,1
"13033","201301CP00086",2,1,0,15,0,1,0,0,0,0,3,1,6,1,9,-1,-1,-1,3,1
"13043","201301CP00087",1,11,0,5,0,2,0,0,0,0,0,1,6,1,8,6700,2,4,5,1
"13053","201301CP00088",1,1,0,18,0,8,0,0,0,0,4,1,6,2,7,-1,-1,-1,3,1
"13063","201301CP00088",2,9,0,7,0,8,0,0,0,0,1,1,1,1,8,1587,1,4,2,1
"13076","201301CP00089",1,1,0,15,0,0,0,0,0,0,1,1,1,1,4,-1,-1,-1,-1,-1
"130811","201301CP00089",2,8,0,3,0,0,0,0,0,0,4,1,6,3,-1,-1,-1,-1,-1,-1
"13095","201301CP00092",1,9,0,18,0,8,0,0,0,0,3,1,6,1,6,1199,1,12,5,1
"13103","201301CP00092",2,90,0,17,0,8,0,0,0,0,3,1,1,2,6,-1,-1,-1,-1,-1
"13113","201301CP00093",1,3,0,18,0,1,0,0,0,0,1,1,6,1,6,125,1,2,-1,-1
"13123","201301CP00093",2,9,0,18,0,1,0,0,0,0,2,1,6,3,-1,1992,2,6,-1,-1
"13133","201301CP00094",1,1,0,18,0,1,0,0,0,0,1,1,6,1,6,-1,-1,-1,2,1
"13143","201301CP00094",2,8,0,13,0,1,0,0,0,0,2,1,1,1,8,2143,2,1,7,1
"13153","201301CP00095",1,8,0,3,0,1,0,0,0,0,3,1,1,1,6,2402,2,8,3,1
"13163","201301CP00095",2,1,0,14,0,1,0,8,0,0,1,1,6,2,7,-1,-1,-1,2,1
"13173","201301CP00096",1,9,0,5,0,1,0,0,0,0,1,1,6,1,7,1229,1,1,1,1
"13183","201301CP00096",2,8,0,3,0,1,0,0,0,0,2,1,1,1,7,2499,2,6,5,1
"13193","201301CP00097",1,19,0,9,0,8,0,0,0,0,1,1,6,1,9,-1,-1,-1,2,1
"13203","201301CP00098",1,8,0,9,0,8,0,0,0,0,3,1,1,1,9,2499,2,1,4,1
"13213","201301CP00098",2,1,0,18,0,8,0,0,0,0,1,1,6,1,5,-1,-1,-1,3,1
"13223","201301CP00099",1,1,0,18,0,1,0,0,0,0,3,1,6,1,7,-1,-1,-1,-1,-1
"13233","201301CP00099",2,21,0,13,0,1,0,0,0,0,4,1,6,1,6,12913,2,6,2,1
"13243","201301CP00100",1,1,0,18,0,1,0,0,0,0,2,1,2,1,9,-1,-1,-1,3,1
"13255","201301CP00100",2,20,0,18,0,1,0,0,0,0,1,1,6,3,-1,-1,-1,-1,-1,-1
"13265","201301CP00101",1,19,0,5,0,1,0,0,0,0,2,1,1,1,5,1896,2,4,8,1
"13272","201301CP00101",2,1,0,18,0,1,0,0,0,0,1,1,6,1,4,-1,-1,-1,5,1
"13285","201301CP00102",1,4,0,3,0,1,0,0,0,0,2,1,6,1,8,249,1,5,-1,-1
"13295","201301CP00102",2,19,0,5,0,1,0,0,0,0,1,1,1,1,7,2198,2,6,9,2
"133010","201301CP00103",1,1,0,18,0,8,0,0,0,0,4,1,6,1,6,-1,-1,-1,3,1
"13315","201301CP00103",2,9,0,4,0,8,0,0,0,0,1,1,6,3,-1,-1,-1,-1,-1,-1
"13322","201301CP00104",1,9,0,9,0,8,0,0,0,0,1,1,6,1,8,2987,2,1,4,1
"13332","201301CP00105",1,9,0,1,0,1,0,0,0,0,2,1,6,1,8,1991,2,7,1,1
"13343","201301CP00106",1,9,0,18,0,1,0,0,0,0,2,1,6,2,6,1389,1,15,2,1
"13353","201301CP00106",2,3,0,18,0,1,0,0,0,0,1,1,6,1,4,-1,-1,-1,1,1
"13363","201301CP00107",1,1,0,9,0,1,0,0,0,0,2,1,6,2,5,-1,-1,-1,2,1
"13372","201301CP00107",2,3,0,18,0,1,0,0,0,0,1,1,6,1,7,123,1,2,4,1
"13382","201301CP00108",1,5,0,14,0,8,0,0,0,0,1,1,6,1,8,599,1,3,1,1
"13392","201301CP00109",1,11,0,18,0,8,0,0,0,0,4,1,6,1,8,6692,2,4,4,3
"13402","201301CP00109",2,1,0,18,9,6,0,0,0,0,1,1,6,1,8,-1,-1,-1,1,1
"13413","201301CP00110",1,1,0,18,0,8,0,0,0,0,3,1,6,1,6,-1,-1,-1,2,1
"13423","201301CP00110",2,8,0,13,0,1,0,0,0,0,4,1,1,1,7,1997,2,1,3,1
"13433","201301CP00111",1,8,0,9,0,8,0,0,0,0,4,1,6,3,-1,2664,2,14,-1,-1
"13443","201301CP00111",2,1,0,10,0,8,0,0,0,0,4,1,6,2,6,-1,-1,-1,1,1
"13453","201301CP00112",1,9,0,6,0,2,0,0,0,0,3,1,6,2,10,2198,1,8,8,3
"13463","201301CP00112",2,5,0,18,0,2,0,0,0,0,1,1,6,1,7,748,1,5,3,1
"13473","201301CP00113",1,19,0,18,0,8,0,0,0,0,1,1,6,1,8,1868,2,9,7,1
"13483","201301CP00113",2,3,0,5,0,8,0,0,0,0,1,1,6,1,6,124,1,6,4,1
"13495","201301CP00114",1,1,0,15,0,1,0,0,0,0,3,1,6,1,7,-1,-1,-1,5,1
"13503","201301CP00114",2,19,0,7,0,5,0,0,0,0,4,1,6,1,7,2198,2,6,2,1
"13513","201301CP00114",3,2,0,15,0,1,0,0,0,0,3,1,6,1,-1,-1,-1,-1,-1,-1
"13525","201301CP00115",1,19,0,7,0,1,0,0,0,0,4,1,1,1,8,1995,2,6,7,1
"13533","201301CP00115",2,1,0,5,0,1,0,0,0,0,3,1,6,1,6,-1,-1,-1,4,1
"13543","201301CP00116",1,8,0,9,0,8,0,0,0,0,4,1,1,1,9,2664,2,14,7,1
"13555","201301CP00116",2,3,0,18,0,8,0,0,0,0,1,1,6,1,7,125,1,1,3,1
"13565","201301CP00117",1,1,0,18,0,1,0,0,0,0,1,1,6,1,6,-1,-1,-1,2,1
"13573","201301CP00118",1,3,0,9,0,8,0,0,0,0,4,1,6,1,8,72,1,-1,3,1
"13584","201301CP00118",2,19,0,18,0,8,0,0,0,0,1,1,1,1,8,2463,2,9,7,3
"13596","201301CP00119",1,8,0,18,0,8,0,0,0,0,3,1,1,1,6,2402,2,8,2,1
"13603","201301CP00119",2,1,0,18,0,8,0,0,0,0,1,1,6,1,5,-1,-1,-1,2,1
"13613","201301CP00121",1,1,0,13,0,8,0,0,0,0,4,1,6,1,7,-1,-1,-1,3,1
"13623","201301CP00121",2,4,0,15,0,8,0,0,0,0,3,1,6,3,-1,-1,-1,-1,-1,-1
"13637","201301CP00122",1,8,0,6,0,2,0,0,0,0,3,1,6,1,8,2402,2,10,4,1
"13643","201301CP00122",2,1,0,13,0,2,0,0,0,0,1,1,6,1,7,-1,-1,-1,1,1
"13653","201301CP00123",1,8,0,9,0,1,0,0,0,0,4,1,1,1,8,2664,2,14,3,1
"13663","201301CP00123",2,1,0,18,0,5,0,0,0,0,1,1,6,1,5,-1,-1,-1,1,1
"13679","201301CP00124",1,1,0,18,0,8,0,0,0,0,3,1,6,1,8,-1,-1,-1,2,1
"13685","201301CP00124",2,19,0,18,0,8,0,0,0,0,4,1,1,1,8,1598,2,-1,9,1
"13696","201301CP00125",1,8,0,9,0,5,0,12,1,2,1,1,1,1,9,2402,2,8,9,2
"13708","201301CP00126",1,1,0,14,0,2,0,0,0,0,2,1,6,1,8,-1,-1,-1,1,1
"137111","201301CP00126",2,9,0,14,0,2,0,0,0,0,1,1,6,2,5,1390,1,2,3,1
"13723","201301CP00127",1,9,0,13,0,0,0,0,0,0,4,1,6,3,-1,-1,-1,-1,-1,-1
"13737","201301CP00127",2,1,0,18,0,0,0,0,0,0,3,1,6,1,7,-1,-1,-1,10,1
"13763","201301CP00129",1,1,0,5,0,1,0,0,0,0,2,1,6,1,6,-1,-1,-1,3,1
"13777","201301CP00129",2,8,0,5,0,1,0,0,0,0,1,1,1,1,7,1896,2,4,4,1
"13783","201301CP00130",1,8,0,5,0,1,0,0,0,0,3,1,1,1,7,2664,2,14,6,1
"13793","201301CP00130",2,1,0,5,0,1,0,0,0,0,4,1,6,1,6,-1,-1,-1,10,1
"13803","201301CP00131",1,3,0,18,0,8,0,0,0,0,1,1,6,2,8,-1,-1,-1,2,1
"13813","201301CP00132",1,3,0,18,0,2,0,0,0,0,1,1,6,1,7,125,1,1,5,1
"13823","201301CP00133",1,1,0,18,0,1,0,0,0,0,1,1,6,1,6,-1,-1,-1,1,1
"13833","201301CP00133",2,19,0,9,0,5,0,0,0,0,4,1,6,3,-1,-1,-1,-1,-1,-1
"13843","201301CP00134",1,1,0,18,0,1,0,0,0,0,3,1,6,1,6,-1,-1,-1,7,1
"13852","201301CP00134",2,19,0,7,0,1,0,0,0,0,4,1,6,1,8,1753,2,7,5,1
"13863","201301CP00135",1,8,0,18,0,1,0,0,0,0,1,1,6,1,8,2402,2,9,9,1
"13873","201301CP00136",1,9,0,18,0,1,0,0,0,0,4,1,1,1,8,2143,2,1,1,1
"13883","201301CP00137",1,8,0,18,0,1,0,0,0,0,4,1,1,1,9,2402,2,8,7,3
"13893","201301CP00138",1,3,0,18,0,8,0,0,0,0,1,1,6,1,7,-1,-1,-1,5,1
"13903","201301CP00138",2,19,0,6,0,8,0,0,0,0,3,1,1,1,9,2148,2,8,2,1
"13916","201301CP00139",1,8,0,18,0,8,0,0,0,0,3,1,1,1,9,2402,2,9,5,1
"13923","201301CP00139",2,1,0,17,0,8,0,0,0,0,1,1,6,2,5,-1,-1,-1,-1,-1
"13932","201301CP00140",1,8,0,2,0,2,0,0,0,0,3,1,1,1,7,2499,2,6,2,1
"13944","201301CP00140",2,1,0,18,0,2,0,8,0,0,1,1,2,1,6,-1,-1,-1,1,1
"13975","201301CP00142",1,11,0,5,0,1,0,0,0,0,1,1,1,1,7,4500,2,1,1,1
"13983","201301CP00143",1,8,0,18,0,3,0,0,0,0,1,1,1,1,8,2499,2,6,5,1
"13993","201301CP00143",2,3,0,3,0,2,0,0,0,0,2,1,6,1,7,124,1,6,8,1
"14005","201301CP00144",1,1,0,18,0,0,0,4,0,0,1,1,6,1,8,-1,-1,-1,8,2
"14013","201301CP00144",2,11,0,2,0,0,0,0,0,0,2,1,1,3,-1,-1,-1,-1,-1,-1
"14023","201301CP00144",3,9,0,13,0,0,0,0,0,0,0,1,6,3,-1,-1,-1,-1,-1,-1
"14033","201301CP00145",1,9,0,9,0,8,0,0,0,0,1,1,1,1,7,-1,-1,-1,2,1
"14045","201301CP00145",2,1,0,18,0,8,0,0,0,0,1,1,1,2,8,-1,-1,-1,3,1
"14055","201301CP00146",1,11,0,13,0,1,0,0,0,0,1,1,1,1,9,9360,2,4,2,1
"14062","201301CP00146",2,1,0,18,0,1,0,0,0,0,2,1,2,2,7,-1,-1,-1,4,1
"14074","201301CP00146",3,1,0,18,0,1,0,0,0,0,2,1,2,2,6,-1,-1,-1,8,1
"14083","201301CP00147",1,4,0,18,0,8,0,0,0,0,1,1,6,1,7,-1,-1,-1,3,1
"14095","201301CP00147",2,1,0,9,0,5,0,0,0,0,4,1,6,2,6,-1,-1,-1,5,1
"14104","201301CP00149",1,1,0,18,0,8,0,0,0,0,1,1,6,1,6,-1,-1,-1,5,1
"14115","201301CP00150",1,19,0,9,0,5,0,0,0,0,4,1,1,1,-1,2148,2,9,3,1
"14123","201301CP00150",2,1,0,18,0,8,0,0,0,0,1,1,6,1,6,-1,-1,-1,1,1
"14137","201301CP00151",1,1,0,18,0,2,0,0,0,0,1,1,6,1,6,-1,-1,-1,2,1
"14143","201301CP00151",2,8,0,6,0,2,0,0,0,0,3,1,1,3,-1,-1,-1,-1,-1,-1
"14153","201301CP00152",1,9,0,1,0,1,0,0,0,0,2,1,1,1,7,3628,2,3,10,1
"14165","201301CP00153",1,1,0,18,0,8,0,0,0,0,1,1,6,1,7,-1,-1,-1,2,1
"14173","201301CP00153",2,8,0,9,0,8,0,0,0,0,4,1,6,3,-1,2499,2,4,-1,-1
"14183","201301CP00154",1,1,0,18,0,1,0,0,0,0,3,1,6,1,6,-1,-1,-1,3,1
"14197","201301CP00154",2,11,0,13,0,1,0,0,0,0,4,1,1,1,9,8268,2,7,3,1
"14203","201301CP00155",1,1,0,15,0,1,0,0,0,0,1,1,6,1,7,-1,-1,-1,2,1
"14216","201301CP00155",2,19,0,9,0,5,0,0,0,0,4,1,6,1,7,-1,-1,-1,8,1
"14234","201301CP00157",1,9,0,18,0,1,0,0,0,0,1,1,6,1,8,1995,1,6,2,1
"14243","201301CP00158",1,9,0,18,0,1,0,0,0,0,1,1,6,1,8,2993,2,2,9,1
"14253","201301CP00160",1,3,0,18,0,8,0,0,0,0,3,1,6,1,5,125,1,1,3,1
"14263","201301CP00160",2,11,0,9,0,8,0,0,0,0,0,1,1,1,6,6700,2,4,4,1
"14275","201301CP00161",1,8,0,18,0,1,0,0,0,0,1,1,1,1,7,1910,2,5,1,1
"14284","201301CP00161",2,5,0,3,0,1,0,0,0,0,2,1,1,1,8,-1,-1,-1,-1,-1
"14293","201301CP00162",1,3,0,18,0,8,0,0,0,0,1,1,6,1,7,124,1,5,2,1
"14303","201301CP00162",2,9,0,9,0,5,0,0,0,0,4,1,1,1,6,-1,-1,-1,-1,-1
"14314","201301CP00163",1,19,0,18,0,1,0,0,0,0,1,1,6,3,-1,-1,-1,-1,-1,-1
"14345","201301CP00165",1,9,0,9,0,8,0,0,0,0,4,1,6,3,-1,-1,-1,-1,-1,-1
"14352","201301CP00165",2,1,0,18,0,8,0,0,0,0,1,1,6,2,6,-1,-1,-1,6,1
"14365","201301CP00166",1,8,0,18,0,0,0,0,0,0,4,1,1,1,8,2499,2,3,8,1
"14374","201301CP00167",1,9,0,18,0,1,0,0,0,0,4,1,1,1,11,1968,2,3,10,1
"14383","201301CP00168",1,19,0,1,0,1,0,0,0,0,2,1,1,1,5,2287,2,6,10,1
"14393","201301CP00169",1,19,0,11,0,5,0,0,0,0,1,1,1,1,7,2198,2,1,3,1
"14405","201301CP00169",2,5,0,18,0,8,0,0,0,0,3,1,2,1,7,1340,1,4,4,1
"14413","201301CP00170",1,9,0,18,0,1,0,0,0,0,1,1,6,1,5,1988,1,10,5,1
"14429","201301CP00171",1,1,0,18,0,2,0,0,0,0,3,1,2,1,8,-1,-1,-1,10,1
"14433","201301CP00171",2,20,0,13,0,2,0,0,0,0,4,1,1,3,-1,2148,2,8,-1,-1
"14447","201301CP00172",1,11,0,5,0,1,0,0,0,0,1,1,1,1,7,6700,2,2,2,1
"14463","201301CP00174",1,19,0,7,0,6,0,0,0,0,3,1,1,1,5,1995,2,2,2,1
"14474","201301CP00174",2,1,0,18,0,1,0,0,0,0,1,1,6,1,6,-1,-1,-1,1,1
"14483","201301CP00175",1,19,0,6,0,8,0,0,0,0,2,1,1,1,6,2198,2,4,2,1
"14493","201301CP00176",1,11,0,18,0,2,0,0,0,0,0,1,1,2,7,-1,2,49,1,1
"14509","201301CP00177",1,1,0,18,0,8,0,0,0,0,4,1,6,2,6,-1,-1,-1,5,1
"14513","201301CP00177",2,8,0,7,0,8,0,0,0,0,3,1,1,1,9,1984,1,11,2,1
"14523","201301CP00178",1,1,0,14,0,0,0,0,0,0,1,1,1,1,7,-1,-1,-1,1,1
"14533","201301CP00179",1,9,0,18,0,1,0,0,0,0,1,1,6,1,7,2148,2,4,5,1
"14543","201301CP00179",2,3,0,3,0,1,0,0,0,0,2,1,6,1,5,125,1,6,5,1
"14553","201301CP00180",1,8,0,18,0,8,0,0,0,0,1,1,1,1,6,1910,2,5,3,1
"14562","201301CP00180",2,5,0,9,0,8,0,0,0,0,1,1,2,1,6,675,1,6,3,1
"14573","201301CP00181",1,11,0,5,0,1,0,0,0,0,1,1,1,1,9,8268,2,10,3,1
"14583","201301CP00182",1,1,0,9,0,8,0,0,0,0,4,1,6,1,9,-1,-1,-1,2,1
"14593","201301CP00182",2,19,0,9,0,8,0,0,0,0,3,1,6,1,5,-1,-1,-1,8,1
"14603","201301CP00183",1,5,0,18,0,0,0,0,0,0,3,1,6,1,7,625,1,8,1,1
"14613","201301CP00183",2,3,0,18,0,0,0,0,0,0,4,1,6,1,6,125,1,2,7,1
"14623","201301CP00184",1,9,0,5,0,1,0,0,0,0,1,1,6,1,9,1242,1,1,4,1
"14633","201301CP00184",2,1,0,12,0,1,0,0,0,0,2,1,6,1,6,-1,-1,-1,6,1
"14643","201301CP00185",1,1,0,18,0,1,0,0,0,0,1,1,6,1,6,-1,-1,-1,6,1
"14653","201301CP00185",2,9,0,9,0,5,0,0,0,0,4,1,1,1,11,1997,1,9,5,1
"14663","201301CP00186",1,1,0,18,0,6,0,0,0,0,3,1,6,2,4,-1,-1,-1,1,1