"","Acc_Index","Vehicle_Reference","Vehicle_Type","Towing_and_Articulation","Vehicle_Manoeuvre","Vehicle_Location.Restricted_Lane","Junction_Location","Skidding_and_Overturning","Hit_Object_in_Carriageway","Vehicle_Leaving_Carriageway","Hit_Object_off_Carriageway","X1st_Point_of_Impact","Was_Vehicle_Left_Hand_Drive","Journey_Purpose_of_Driver","Sex_of_Driver","Age_Band_of_Driver","Engine_Capacity_.CC.","Propulsion_Code","Age_of_Vehicle","Driver_IMD_Decile","Driver_Home_Area_Type"
"14673","201301CP00186",2,1,0,18,0,1,0,0,0,0,4,1,6,1,5,-1,-1,-1,3,1
"14683","201301CP00187",1,11,0,18,0,1,0,0,0,0,0,1,1,1,8,8268,2,10,2,1
"14703","201301CP00189",1,1,0,18,4,1,0,0,0,0,1,1,6,1,6,-1,-1,-1,7,1
"14713","201301CP00190",1,1,0,9,0,8,0,0,0,0,1,1,6,3,-1,-1,-1,-1,-1,-1
"14723","201301CP00191",1,8,0,18,0,2,0,0,0,0,1,1,1,1,7,1997,2,5,2,1
"14733","201301CP00192",1,9,0,12,0,2,0,0,0,0,3,1,6,1,6,1995,2,3,7,1
"14743","201301CP00192",2,5,0,12,0,2,0,0,0,0,1,1,6,1,6,-1,-1,-1,2,1
"14773","201301CP00194",1,1,0,18,0,1,0,0,0,0,1,1,1,1,6,-1,-1,-1,9,3
"14783","201301CP00195",1,1,0,18,0,1,0,0,0,0,1,1,6,1,6,-1,-1,-1,3,1
"14793","201301CP00196",1,9,0,16,0,1,0,0,0,0,1,1,6,1,7,2979,1,4,3,1
"14803","201301CP00197",1,5,0,18,0,8,0,0,0,0,1,1,2,1,8,-1,-1,-1,8,1
"14813","201301CP00199",1,8,0,18,0,8,0,0,0,0,1,1,1,1,9,2499,2,1,8,1
"14823","201301CP00199",2,1,0,17,0,8,0,0,0,0,4,1,6,1,7,-1,-1,-1,1,1
"14833","201301CP00200",1,19,0,9,0,8,0,0,0,0,4,1,6,1,8,1461,2,2,3,1
"14842","201301CP00200",2,1,0,18,0,8,0,0,0,0,1,1,6,1,6,-1,-1,-1,3,1
"14852","201301CP00201",1,9,0,18,0,1,0,0,0,0,1,1,6,1,9,1598,2,2,10,1
"14862","201301CP00201",2,9,0,4,0,1,0,0,0,0,2,1,6,1,7,3996,2,7,5,3
"14873","201301CP00202",1,19,0,7,0,8,0,0,0,0,4,1,1,1,9,1560,2,2,9,1
"14883","201301CP00202",2,5,0,15,0,8,0,0,0,0,1,1,1,1,6,599,1,6,5,1
"14893","201301CP00203",1,9,0,11,0,0,0,0,0,0,4,1,6,1,6,1686,2,10,5,1
"14903","201301CP00203",2,1,0,18,0,0,0,0,0,0,3,1,1,2,8,-1,-1,-1,7,1
"14913","201301CP00204",1,1,0,18,0,0,0,0,0,0,1,1,6,1,5,-1,-1,-1,2,1
"14923","201301CP00205",1,8,0,6,0,1,0,0,0,0,1,1,1,1,9,1997,2,1,2,1
"14933","201301CP00206",1,20,0,9,0,5,0,0,0,0,2,1,1,1,7,1968,2,1,3,1
"14943","201301CP00206",2,4,0,15,0,1,0,0,0,0,1,1,6,1,5,125,1,5,1,1
"14953","201301CP00207",1,11,0,18,0,1,0,0,0,0,3,1,1,1,8,-1,-1,-1,5,1
"14963","201301CP00207",2,1,0,13,0,1,0,0,0,0,4,1,2,1,8,-1,-1,-1,3,1
"14973","201301CP00208",1,20,0,18,0,2,0,0,0,0,1,1,1,1,7,2198,2,1,4,1
"14983","201301CP00208",2,1,0,18,0,2,0,0,0,0,2,1,6,1,6,-1,-1,-1,4,1
"14993","201301CP00209",1,9,0,18,0,1,0,0,0,0,1,1,6,3,-1,-1,-1,-1,-1,-1
"15003","201301CP00209",2,1,0,6,0,1,0,0,0,0,3,1,6,1,6,-1,-1,-1,9,1
"15013","201301CP00210",1,9,0,18,0,8,0,0,0,0,1,1,6,2,6,1598,1,6,5,1
"15023","201301CP00211",1,11,0,4,0,1,0,0,0,0,0,1,1,1,7,-1,2,14,5,1
"15033","201301CP00212",1,9,0,18,0,0,0,0,0,0,2,1,6,1,6,1242,1,12,2,1
"15042","201301CP00212",2,9,0,18,0,0,0,0,0,0,1,1,1,1,7,-1,-1,-1,-1,-1
"15052","201301CP00212",3,9,0,18,0,0,0,0,0,0,0,1,6,3,-1,-1,-1,-1,-1,-1
"15063","201301CP00213",1,9,0,18,0,2,0,0,0,0,1,1,6,2,4,998,1,-1,9,1
"15073","201301CP00214",1,9,0,7,0,8,0,0,0,0,4,1,6,1,9,2926,2,8,7,3
"15083","201301CP00214",2,1,0,18,0,8,0,0,0,0,3,1,6,1,6,-1,-1,-1,3,1
"15092","201301CP00215",1,1,0,18,0,1,0,0,0,0,3,1,1,1,8,-1,-1,-1,3,1
"15105","201301CP00215",2,20,0,18,0,1,0,0,0,0,3,1,1,1,8,-1,-1,-1,10,3
"15114","201301CP00216",1,8,0,9,0,8,0,0,0,0,3,1,1,1,8,2499,2,3,7,1
"15127","201301CP00216",2,4,0,18,0,8,0,0,0,0,1,1,2,1,5,125,1,6,2,1
"15134","201301CP00217",1,9,0,1,0,0,0,0,0,0,2,1,1,1,5,1686,2,2,5,1
"15153","201301CP00219",1,20,0,11,0,1,0,0,0,0,4,1,1,1,6,-1,-1,-1,2,1
"15163","201301CP00219",2,4,0,18,0,1,0,0,0,0,3,1,2,1,8,-1,-1,-1,6,1
"15194","201301CP00221",1,9,0,4,0,1,0,0,0,0,1,1,6,1,6,1910,2,7,3,1
"15203","201301CP00221",2,8,0,3,0,1,0,0,0,0,2,1,1,1,9,2499,2,1,3,1
"15213","201301CP00222",1,8,0,4,0,1,0,0,0,0,2,1,1,3,-1,2499,2,6,-1,-1
"15223","201301CP00222",2,1,0,18,0,1,0,0,0,0,1,1,6,1,6,-1,-1,-1,2,1
"15233","201301CP00223",1,19,0,7,0,5,0,0,0,0,1,1,1,1,6,2198,2,4,2,1
"15245","201301CP00223",2,1,0,15,0,1,0,0,0,0,4,1,2,1,5,-1,-1,-1,4,1
"15253","201301CP00224",1,19,0,18,0,1,0,10,7,2,4,1,1,1,9,1560,2,-1,6,1
"15264","201301CP00224",2,21,0,12,0,1,0,0,0,0,3,1,6,3,-1,-1,-1,-1,-1,-1
"15279","201301CP00225",1,1,0,18,0,1,0,0,0,0,1,1,6,1,6,-1,-1,-1,-1,-1
"15284","201301CP00225",2,8,0,14,0,1,0,0,0,0,3,1,1,3,-1,-1,-1,-1,-1,-1
"15295","201301CP00226",1,8,0,3,0,1,0,0,0,0,3,1,1,1,8,-1,-1,-1,-1,-1
"15306","201301CP00226",2,1,0,13,0,1,0,8,0,0,4,1,2,1,5,-1,-1,-1,2,1
"15314","201301CP00227",1,8,0,9,0,5,0,0,0,0,4,1,1,1,8,2664,2,14,1,1
"15328","201301CP00227",2,5,0,18,0,1,0,0,0,0,1,1,2,1,8,-1,-1,-1,4,1
"15333","201301CP00228",1,90,0,16,0,1,0,0,0,0,1,1,1,1,7,-1,-1,-1,6,2
"15343","201301CP00228",2,1,0,16,0,1,0,0,0,0,2,1,6,2,5,-1,-1,-1,3,1
"15354","201301CP00229",1,11,0,3,0,8,0,0,0,0,0,1,1,3,-1,-1,-1,-1,-1,-1
"15365","201301CP00230",1,11,0,18,0,1,0,0,0,0,1,1,6,1,8,6700,2,2,3,1
"15373","201301CP00231",1,19,0,5,0,2,0,0,0,0,1,1,1,1,8,-1,-1,-1,8,1
"15383","201301CP00231",2,3,0,18,0,2,0,0,0,0,1,1,6,1,5,-1,-1,-1,2,1
"15393","201301CP00232",1,8,0,2,0,2,0,0,0,0,2,1,1,1,8,2402,2,8,8,1
"15403","201301CP00232",2,1,0,18,0,2,0,0,0,0,1,1,6,1,7,-1,-1,-1,5,1
"15413","201301CP00233",1,8,0,6,0,1,0,0,0,0,1,1,1,1,8,2499,2,6,10,1
"15443","201301CP00235",1,9,0,18,0,2,0,0,0,0,1,1,6,2,6,1240,1,8,4,1
"15453","201301CP00235",2,1,0,5,0,2,0,0,0,0,2,1,6,1,7,-1,-1,-1,-1,-1
"15463","201301CP00236",1,9,0,18,0,1,0,0,0,0,1,1,6,1,8,-1,-1,-1,1,1
"15472","201301CP00236",2,1,0,18,0,1,0,0,0,0,2,1,6,2,8,-1,-1,-1,3,1
"15482","201301CP00237",1,9,0,18,0,1,0,0,0,0,1,1,1,1,8,-1,-1,-1,-1,-1
"15493","201301CP00238",1,8,0,9,0,8,0,0,0,0,4,1,1,1,9,-1,-1,-1,3,1
"15503","201301CP00238",2,1,0,18,0,8,0,0,0,0,3,1,6,2,6,-1,-1,-1,4,1
"15513","201301CP00239",1,3,0,14,0,1,0,0,0,0,1,1,6,1,7,125,1,2,3,1
"15523","201301CP00240",1,4,0,18,0,1,0,0,0,0,4,1,6,1,6,124,1,5,6,1
"15533","201301CP00240",2,9,0,5,0,1,0,0,0,0,3,1,6,1,7,1796,1,5,4,1
"15543","201301CP00240",3,9,0,18,0,1,0,0,0,0,1,1,6,1,7,2987,2,4,10,1
"15553","201301CP00241",1,11,0,5,0,1,0,0,0,0,0,1,1,1,6,4500,2,1,3,1
"15563","201301CP00242",1,3,0,7,0,8,0,0,0,0,1,1,2,2,5,124,1,2,7,1
"15573","201301CP00242",2,1,0,18,0,8,0,0,0,0,4,1,2,1,6,-1,-1,-1,5,1
"15583","201301CP00243",1,1,0,15,0,2,0,0,0,0,1,1,2,1,6,-1,-1,-1,1,1
"15593","201301CP00243",2,11,0,3,0,2,0,0,0,0,0,1,1,1,7,6700,2,3,2,1
"15633","201301CP00245",1,8,0,18,0,8,0,0,0,0,1,1,1,1,6,2499,2,5,2,1
"15643","201301CP00246",1,19,0,18,0,8,0,0,0,0,2,1,1,1,10,2402,2,5,4,1
"15653","201301CP00247",1,4,0,5,0,8,0,0,0,0,3,1,2,1,7,-1,-1,-1,3,1
"15663","201301CP00247",2,4,0,5,0,8,0,0,0,0,4,1,6,3,-1,-1,-1,-1,-1,-1
"15673","201301CP00248",1,11,0,18,0,2,0,7,8,10,1,1,1,1,9,4500,2,1,2,1
"15683","201301CP00249",1,5,0,18,0,1,0,0,0,0,1,1,6,1,7,599,1,2,7,1
"15693","201301CP00249",2,1,0,9,0,1,0,0,0,0,1,1,6,1,-1,-1,-1,-1,5,1
"15703","201301CP00250",1,1,0,18,0,1,0,0,0,0,4,1,6,1,6,-1,-1,-1,5,1
"15713","201301CP00250",2,9,0,9,0,6,0,0,0,0,1,1,6,3,-1,2393,1,14,-1,-1
"15723","201301CP00251",1,3,0,18,0,1,0,0,1,10,1,1,6,1,7,124,1,-1,-1,-1
"15733","201301CP00252",1,1,0,5,0,2,0,0,0,0,4,1,2,2,7,-1,-1,-1,4,1
"15743","201301CP00252",2,2,0,5,0,2,0,0,0,0,3,1,2,1,8,-1,-1,-1,2,1
"15753","201301CP00252",3,19,0,5,0,2,0,0,0,0,2,1,1,1,4,2143,2,4,9,3
"15763","201301CP00253",1,1,0,18,0,1,0,0,0,0,1,1,2,1,6,-1,-1,-1,2,1
"15773","201301CP00253",2,11,0,9,0,5,0,0,0,0,0,1,1,1,8,-1,-1,-1,-1,-1
"15783","201301CP00254",1,1,0,18,0,2,0,0,0,0,3,1,2,1,6,-1,-1,-1,1,1
"15793","201301CP00254",2,1,0,18,0,2,0,0,0,0,1,1,6,1,6,-1,-1,-1,3,1
"15803","201301CP00255",1,8,0,9,0,5,0,0,0,0,3,1,1,1,8,2499,2,5,3,1
"15813","201301CP00255",2,4,0,14,0,1,0,0,0,0,4,1,1,1,7,124,1,1,2,1
"15823","201301CP00256",1,9,0,1,0,8,0,0,0,0,2,1,6,1,7,1995,2,-1,9,3
"15833","201301CP00257",1,19,0,9,0,8,0,0,0,0,3,1,1,1,7,-1,-1,-1,6,1
"15843","201301CP00257",2,1,0,18,0,8,0,0,0,0,1,1,6,1,8,-1,-1,-1,2,1
"15853","201301CP00258",1,5,0,18,0,2,0,0,0,0,3,1,1,1,8,-1,-1,-1,7,1
"15865","201301CP00259",1,8,0,9,0,8,0,0,0,0,1,1,1,1,6,1497,8,5,3,1
"15873","201301CP00260",1,11,0,9,0,2,0,0,0,0,1,1,1,1,9,-1,2,47,3,1
"15883","201301CP00261",1,9,0,18,0,1,0,0,0,0,4,1,6,1,6,1560,2,4,1,1
"15913","201301CP00263",1,3,0,14,0,0,0,0,0,0,4,1,6,1,-1,125,1,3,5,1
"15923","201301CP00264",1,8,0,4,0,1,0,0,0,0,2,1,1,1,6,1997,2,2,7,1
"15933","201301CP00264",2,8,0,18,0,1,0,0,0,0,1,1,1,1,9,2402,2,8,10,1
"15943","201301CP00265",1,21,0,9,0,1,0,0,0,0,1,1,1,1,7,4580,2,6,1,1
"15952","201301CP00265",2,1,0,18,0,1,0,0,0,0,3,1,6,1,6,-1,-1,-1,6,1
"15962","201301CP00266",1,9,0,5,0,8,0,0,0,0,4,1,6,1,8,2188,2,8,6,1
"15973","201301CP00267",1,1,0,18,0,1,0,0,0,0,3,1,6,2,7,-1,-1,-1,3,1
"15983","201301CP00267",2,11,0,13,0,1,0,0,0,0,4,1,1,3,-1,-1,-1,-1,-1,-1
"15992","201301CP00268",1,5,0,14,0,1,0,0,0,0,1,1,1,1,6,670,1,1,2,1
"16002","201301CP00269",1,1,0,18,0,0,0,0,0,0,1,1,6,2,8,-1,-1,-1,2,1
"16013","201301CP00269",2,8,0,9,0,0,0,0,0,0,4,1,6,1,8,1797,8,3,2,1
"16023","201301CP00270",1,19,0,9,0,1,0,0,0,0,4,1,1,1,7,2198,2,2,3,2
"16033","201301CP00270",2,3,0,18,0,1,0,0,0,0,2,1,6,1,6,-1,-1,-1,4,1
"16043","201301CP00271",1,9,0,18,0,1,0,0,0,0,1,1,6,1,9,1997,1,11,9,1
"16053","201301CP00272",1,1,0,18,0,0,0,0,0,0,3,1,1,1,6,-1,-1,-1,1,1
"16062","201301CP00273",1,8,0,7,0,1,0,0,0,0,4,1,6,3,-1,2402,2,7,-1,-1
"16072","201301CP00273",2,1,0,18,0,1,0,0,0,0,1,1,6,2,6,-1,-1,-1,3,1
"16082","201301CP00274",1,8,0,14,0,1,0,0,0,0,4,1,1,1,-1,2499,2,6,-1,-1
"16093","201301CP00275",1,11,0,5,0,2,0,0,0,0,0,1,1,1,7,-1,-1,-1,5,1
"16102","201301CP00276",1,4,0,7,0,1,0,0,0,0,4,1,6,1,6,125,1,5,1,1
"16112","201301CP00276",2,1,0,18,0,1,0,0,0,0,1,1,2,1,7,-1,-1,-1,5,1
"16123","201301CP00277",1,9,0,16,0,8,0,0,0,0,1,1,6,1,10,2776,2,6,5,1
"16133","201301CP00277",2,3,0,15,0,8,0,0,0,0,4,1,2,1,7,125,1,-1,4,1
"16143","201301CP00278",1,1,0,18,0,8,0,0,0,0,4,1,6,2,5,-1,-1,-1,2,1
"16153","201301CP00279",1,1,0,18,0,1,0,0,0,0,1,1,6,1,7,-1,-1,-1,7,1
"16162","201301CP00279",2,9,0,9,0,8,0,0,0,0,4,1,6,1,-1,1248,2,4,7,1
"16193","201301CP00281",1,8,0,4,0,1,0,0,0,0,4,1,1,1,6,2499,2,5,7,1
"16203","201301CP00281",2,1,0,18,0,1,0,0,0,0,1,1,6,1,-1,-1,-1,-1,4,1
"16213","201301CP00282",1,1,0,18,0,8,0,0,0,0,1,1,1,1,6,-1,-1,-1,-1,-1
"16223","201301CP00282",2,1,0,18,0,8,0,0,0,0,2,1,6,3,-1,-1,-1,-1,-1,-1
"16232","201301CP00283",1,1,0,18,0,2,0,0,0,0,3,1,6,1,7,-1,-1,-1,2,1
"16243","201301CP00283",2,1,0,18,0,2,0,0,0,0,4,1,6,3,-1,-1,-1,-1,-1,-1
"16253","201301CP00284",1,1,0,18,0,1,0,0,0,0,1,1,6,1,7,-1,-1,-1,2,1
"16263","201301CP00284",2,19,0,9,0,5,0,0,0,0,4,1,1,1,8,-1,3,3,-1,-1
"16273","201301CP00285",1,4,0,18,0,2,0,0,0,0,1,1,2,1,7,656,1,5,7,1
"16283","201301CP00286",1,1,0,18,0,1,0,0,0,0,1,1,6,1,6,-1,-1,-1,2,1
"16293","201301CP00287",1,19,0,18,0,1,0,0,0,0,1,1,6,1,7,2402,2,7,6,1
"16303","201301CP00289",1,4,0,18,0,2,0,0,0,0,3,1,6,1,7,124,1,8,4,1
"16312","201301CP00289",2,1,0,18,0,2,0,0,0,0,4,1,6,2,7,-1,-1,-1,6,1
"16343","201301CP00291",1,1,0,18,0,0,0,0,0,0,1,1,6,1,7,-1,-1,-1,1,1
"16353","201301CP00291",2,11,0,18,0,0,0,0,0,0,1,1,1,1,10,7300,2,10,3,1
"16363","201301CP00292",1,1,0,18,0,1,0,0,0,0,1,1,2,1,8,-1,-1,-1,7,3
"16372","201301CP00292",2,20,0,4,0,1,0,0,0,0,2,1,1,1,6,-1,-1,-1,5,1
"16382","201301CP00293",1,8,0,9,0,8,0,0,0,0,0,1,1,1,8,2499,2,6,9,2
"16392","201301CP00293",2,1,0,18,0,8,0,0,0,0,3,1,6,2,6,-1,-1,-1,3,1
"16402","201301CP00294",1,9,0,6,0,1,0,0,0,0,3,1,6,2,7,-1,-1,-1,9,2
"16412","201301CP00294",2,3,0,18,0,1,0,0,0,0,1,1,6,1,7,124,1,3,4,1
"16422","201301CP00295",1,1,0,18,0,1,0,0,0,0,3,1,6,2,5,-1,-1,-1,2,1
"16432","201301CP00296",1,9,0,4,0,1,0,0,0,0,1,1,6,1,7,1995,2,9,2,1
"16442","201301CP00296",2,3,0,4,0,1,0,0,0,0,2,1,1,1,6,125,1,3,4,1
"16452","201301CP00297",1,20,0,5,0,8,0,0,0,0,3,1,2,1,5,-1,-1,-1,9,2
"16463","201301CP00297",2,1,0,18,0,8,0,0,0,0,1,1,2,1,6,-1,-1,-1,2,1
"16472","201301CP00298",1,8,0,18,0,1,0,0,0,0,2,1,1,1,9,2402,2,9,10,1
"16482","201301CP00298",2,2,0,18,0,1,0,0,0,0,1,1,2,1,4,124,1,10,3,1
"16495","201301CP00299",1,11,0,5,0,1,0,0,0,0,0,1,1,1,6,4500,2,3,2,1
"16502","201301CP00300",1,11,0,18,0,8,0,0,0,0,1,1,1,1,9,9360,2,4,-1,-1
"16512","201301CP00301",1,5,0,14,0,0,0,0,0,0,1,1,1,1,6,-1,-1,-1,-1,-1
"16522","201301CP00302",1,11,0,5,0,0,0,0,0,0,0,1,1,1,9,-1,-1,-1,2,1
"16532","201301CP00303",1,19,0,9,0,8,0,0,0,0,4,1,6,1,7,4250,2,8,4,1
"16542","201301CP00303",2,4,0,18,0,8,0,0,0,0,1,1,1,1,9,278,1,4,10,1
"16552","201301CP00304",1,3,0,14,0,0,0,0,0,0,1,1,1,1,8,124,1,7,2,1
"16562","201301CP00306",1,9,0,9,0,1,0,0,0,0,4,1,1,1,7,1596,1,3,2,1
"16572","201301CP00306",2,1,0,15,0,1,0,0,0,0,3,1,6,1,7,-1,-1,-1,4,1
"16582","201301CP00307",1,20,4,13,0,2,0,0,0,0,4,1,1,1,7,3920,2,5,6,1
"16592","201301CP00307",2,1,0,18,0,2,0,0,0,0,3,1,6,1,5,-1,-1,-1,8,1
"16602","201301CP00308",1,8,0,18,0,2,0,0,0,0,2,1,1,1,10,2664,2,11,9,3
"16612","201301CP00309",1,1,0,18,0,8,0,0,0,0,1,1,6,1,6,-1,-1,-1,4,1
"16622","201301CP00309",2,19,0,9,0,8,0,0,0,0,4,1,1,1,9,2500,2,7,3,1
"16632","201301CP00310",1,5,0,14,0,2,0,0,0,0,1,1,2,1,6,1290,1,4,2,1
"16642","201301CP00311",1,9,0,9,0,8,0,0,0,0,4,1,6,2,9,1997,2,2,4,1
"16652","201301CP00311",2,3,0,18,0,8,0,0,0,0,1,1,6,1,7,-1,-1,-1,3,1
"16662","201301CP00312",1,11,0,3,0,1,0,0,0,0,4,1,1,1,7,4500,2,1,3,1
"16672","201301CP00313",1,20,0,9,0,8,0,0,0,0,4,1,1,1,5,-1,-1,-1,1,1
"16682","201301CP00313",2,1,0,18,0,8,0,0,0,0,1,1,2,1,8,-1,-1,-1,4,1
"16692","201301CP00314",1,9,0,7,0,2,0,0,0,0,1,1,6,1,6,-1,-1,-1,3,1
"16702","201301CP00314",2,3,0,7,0,2,0,0,0,0,2,1,6,1,7,125,1,1,1,1
"16712","201301CP00315",1,9,0,18,0,2,0,0,0,0,1,1,6,2,7,-1,-1,-1,2,1
"16722","201301CP00316",1,21,0,7,0,8,0,0,0,0,4,1,1,1,6,11705,2,4,2,1
"16732","201301CP00316",2,1,0,18,0,8,0,0,0,0,3,1,6,1,7,-1,-1,-1,2,1
"16741","201301CP00317",1,9,0,17,0,2,0,0,0,0,1,1,6,3,-1,2993,2,2,-1,-1
"16751","201301CP00317",2,20,0,2,0,2,0,0,0,0,2,1,1,1,8,4461,2,2,8,1
"16762","201301CP00318",1,8,0,18,0,1,0,0,0,0,1,1,6,2,6,1587,1,10,3,1
"16772","201301CP00318",2,9,0,3,0,1,0,0,0,0,2,1,6,1,6,1560,2,-1,9,3
"16782","201301CP00319",1,1,0,18,0,1,0,0,0,0,1,1,6,1,6,-1,-1,-1,4,1
"16792","201301CP00319",2,8,0,7,0,5,0,0,0,0,4,1,6,1,9,2402,2,9,3,1
"16802","201301CP00320",1,8,0,7,0,2,0,0,0,0,3,1,1,3,-1,2499,2,-1,-1,-1
"16812","201301CP00320",2,19,0,7,0,2,0,0,0,0,3,1,1,1,7,2198,2,-1,3,1
"16822","201301CP00321",1,9,0,18,0,8,0,0,0,0,1,1,6,2,8,1399,2,4,8,1
"16832","201301CP00321",2,11,0,18,0,8,0,0,0,0,1,1,1,1,8,9360,2,2,4,1
"16842","201301CP00322",1,5,0,18,0,8,0,0,0,0,1,1,6,1,7,599,1,8,8,1
"16852","201301CP00322",2,20,0,18,0,8,0,0,0,0,2,1,1,1,6,-1,-1,-1,-1,-1
"16862","201301CP00322",3,9,0,18,0,8,0,0,0,0,0,1,6,3,-1,-1,-1,-1,-1,-1
"16872","201301CP00323",1,8,0,18,0,1,0,0,0,0,2,1,1,1,7,1968,2,2,6,1
"16882","201301CP00323",2,8,0,18,0,1,0,0,0,0,1,1,1,1,10,2499,2,-1,9,1
"16892","201301CP00324",1,1,0,18,0,0,0,0,0,0,1,1,1,1,7,-1,-1,-1,-1,-1
"16902","201301CP00325",1,1,0,18,0,2,0,0,0,0,1,1,6,1,6,-1,-1,-1,-1,-1
"16912","201301CP00325",2,8,0,2,0,2,0,0,0,0,2,1,1,1,8,2499,2,-1,6,1
"16922","201301CP00326",1,1,0,18,0,1,0,0,0,0,1,1,1,1,6,-1,-1,-1,2,1
"16932","201301CP00327",1,8,0,18,0,1,0,0,0,0,1,1,1,1,9,2402,2,7,7,1
"16942","201301CP00328",1,4,0,18,0,2,0,0,0,0,3,1,6,1,5,-1,-1,-1,4,1
"16952","201301CP00328",2,19,0,2,0,2,0,0,0,0,4,1,1,3,-1,2148,2,4,-1,-1
"16962","201301CP00331",1,11,0,18,0,2,0,0,0,0,4,1,1,3,-1,-1,-1,-1,-1,-1
"16982","201301CP00333",1,11,0,3,0,0,0,0,0,0,0,1,1,1,6,6700,2,1,2,1
"16992","201301CP00334",1,19,0,18,0,1,0,0,0,0,4,1,1,1,8,2402,2,11,7,1
"17002","201301CP00334",2,1,0,18,0,1,0,0,0,0,3,1,6,1,10,-1,-1,-1,-1,-1
"4360","201301EK40133",1,19,0,13,0,1,0,0,0,0,4,1,1,1,5,1560,2,4,7,1
"4361","201301EK40133",2,1,0,18,0,1,0,0,0,0,3,1,2,2,5,-1,-1,-1,1,1
"4772","201301EK40430",1,1,0,18,0,8,0,0,0,0,3,1,6,1,7,-1,-1,-1,4,1
"4773","201301EK40430",2,8,0,7,0,8,0,0,0,0,4,1,1,1,-1,-1,-1,-1,-1,-1
"4838","201301EK40470",1,9,0,18,0,8,0,0,0,0,1,1,6,1,10,-1,-1,-1,1,1
"4839","201301EK40470",2,1,0,17,0,8,0,0,0,0,4,1,6,1,9,-1,-1,-1,2,1
"4889","201301EK40508",1,9,0,18,0,1,0,0,0,0,2,1,1,1,-1,2656,7,10,-1,-1
"4890","201301EK40508",2,5,0,13,0,1,0,0,0,0,1,1,6,1,7,1200,1,8,5,1
"5324","201301EK40816",1,3,0,4,0,1,0,0,0,0,0,1,6,1,4,124,1,1,-1,-1
"5826","201301EO40246",1,9,0,18,0,1,0,0,0,0,1,1,6,1,6,1796,1,12,2,1
"5827","201301EO40246",2,9,0,9,0,1,0,0,0,0,3,1,2,1,8,1995,1,6,3,1
"7009","201301FH10164",1,1,0,18,0,0,0,0,0,0,0,1,6,1,7,-1,-1,-1,9,1
"9799","201301HT20409",1,9,0,18,0,0,0,0,0,0,2,1,6,1,9,1339,1,5,7,1
"9800","201301HT20409",2,9,0,18,0,0,0,0,0,0,1,1,6,1,-1,2148,2,11,-1,-1
"10222","201301HT20707",1,1,0,18,0,8,0,0,0,0,1,1,6,1,4,-1,-1,-1,-1,-1
"10223","201301HT20707",2,19,0,9,0,8,0,0,0,0,4,1,6,3,-1,1598,2,6,-1,-1
"10293","201301HT20757",1,1,0,18,0,1,0,0,0,0,2,1,6,1,7,-1,-1,-1,-1,-1
"10294","201301HT20757",2,9,0,13,0,1,0,0,0,0,1,1,6,1,-1,2179,2,2,2,1
"13943","201301KD50587",1,9,0,17,0,0,0,10,1,10,1,1,6,2,4,1596,1,8,4,1
"16492","201301LX50369",1,9,0,18,0,1,0,0,0,0,1,1,6,1,7,1598,1,12,4,1
"16493","201301LX50369",2,9,0,18,0,1,0,0,0,0,1,1,6,1,7,1999,1,7,3,1
"16494","201301LX50369",3,9,0,9,0,8,0,0,0,0,0,1,6,1,7,1753,2,5,6,1
"17228","201301LX50901",1,1,0,18,0,1,0,8,0,0,1,1,6,1,-1,-1,-1,-1,-1,-1
"17229","201301LX50901",2,9,0,2,0,1,0,0,0,0,3,1,6,1,-1,3724,1,9,-1,-1
"17402","201301LX51042",1,9,0,9,0,8,0,0,0,0,3,1,6,2,5,1598,1,-1,6,1
"17403","201301LX51042",2,9,0,9,0,8,0,0,0,0,1,1,6,3,-1,-1,-1,-1,-1,-1
"204422","201301PL60729",1,19,0,18,0,1,0,0,0,0,1,1,6,3,-1,1870,2,9,-1,-1
"204432","201301PL60729",2,8,0,18,0,1,0,0,0,0,2,1,6,2,4,1296,1,7,3,1
"208133","201301PY20001",1,9,0,18,0,0,0,10,8,2,1,1,6,1,11,2496,1,8,8,1
"208142","201301PY20002",1,9,0,18,0,2,0,0,0,0,1,1,6,1,5,1781,1,9,8,1
"208152","201301PY20002",2,9,0,4,0,2,0,0,0,0,2,1,6,2,-1,-1,-1,-1,7,1
"208162","201301PY20003",1,9,0,16,0,2,0,0,0,0,1,1,6,2,7,1598,1,5,2,1
"208172","201301PY20003",2,9,0,16,0,2,0,0,0,0,2,1,6,2,7,-1,-1,-1,8,1
"208183","201301PY20004",1,9,0,18,0,8,0,0,0,0,3,1,6,2,7,4999,1,1,10,1
"208193","201301PY20004",2,9,0,18,0,8,0,0,0,0,1,1,6,1,6,1598,1,5,8,1
"208203","201301PY20005",1,9,0,18,0,1,0,4,0,0,1,1,2,1,9,2500,2,9,6,1
"208213","201301PY20005",2,9,0,2,0,1,0,0,0,0,2,1,6,3,-1,1796,1,7,-1,-1
"208223","201301PY20006",1,9,0,18,0,0,0,4,0,0,1,1,6,1,11,1998,1,13,8,1
"208233","201301PY20006",2,9,0,2,0,0,0,0,0,0,2,1,6,3,-1,1587,1,6,-1,-1
"208243","201301PY20007",1,9,0,4,0,8,0,0,0,0,1,1,6,1,6,1296,1,5,8,1
"208252","201301PY20007",2,9,0,4,0,8,1,0,0,0,3,1,6,1,-1,1995,2,9,-1,-1
"208262","201301PY20011",1,9,0,18,0,1,0,0,0,0,1,1,6,2,6,998,1,23,3,1