"","Acc_Index","Vehicle_Reference","Vehicle_Type","Towing_and_Articulation","Vehicle_Manoeuvre","Vehicle_Location.Restricted_Lane","Junction_Location","Skidding_and_Overturning","Hit_Object_in_Carriageway","Vehicle_Leaving_Carriageway","Hit_Object_off_Carriageway","X1st_Point_of_Impact","Was_Vehicle_Left_Hand_Drive","Journey_Purpose_of_Driver","Sex_of_Driver","Age_Band_of_Driver","Engine_Capacity_.CC.","Propulsion_Code","Age_of_Vehicle","Driver_IMD_Decile","Driver_Home_Area_Type"
"208273","201301PY20011",2,11,0,3,0,1,0,0,0,0,2,1,1,1,6,4500,2,5,3,1
"208283","201301PY20012",1,9,0,18,0,2,0,0,0,0,1,1,6,1,6,1991,2,10,1,1
"2082912","201301PY20012",2,9,0,18,0,1,0,0,0,0,1,1,6,1,6,1587,1,11,-1,-1
"2083012","201301PY20013",1,9,0,13,0,0,0,0,0,0,4,1,6,2,7,1995,2,6,3,1
"2083112","201301PY20013",2,1,0,18,0,0,0,0,0,0,3,1,6,1,8,-1,-1,-1,10,1
"2083212","201301PY20014",1,9,0,7,0,8,0,0,0,0,2,1,6,1,7,2148,2,9,2,1
"2083311","201301PY20014",2,9,0,18,0,8,0,0,0,0,1,1,6,2,7,1587,1,8,3,1
"2083410","201301PY20014",3,9,0,18,0,8,0,0,0,0,2,1,6,3,-1,1999,1,11,-1,-1
"2083512","201301PY20015",1,9,0,18,0,0,0,0,0,0,1,1,6,1,4,1596,1,10,5,1
"2083611","201301PY20015",2,9,0,18,0,0,0,0,0,0,1,1,6,3,-1,-1,-1,-1,-1,-1
"2083712","201301PY20017",1,11,0,4,0,1,0,0,0,0,4,1,1,3,-1,-1,-1,-1,-1,-1
"2083812","201301PY20018",1,9,0,3,0,1,0,0,0,0,2,1,6,1,6,1995,1,12,2,1
"2083912","201301PY20018",2,9,0,4,0,1,0,0,0,0,1,1,6,1,-1,2967,2,6,-1,-1
"2084012","201301PY20019",1,9,0,2,0,0,0,0,0,0,3,1,1,1,-1,998,1,13,-1,-1
"2084111","201301PY20019",2,1,0,18,0,0,0,8,0,0,1,1,6,1,6,-1,-1,-1,3,1
"2084212","201301PY20020",1,9,0,18,0,0,0,4,0,0,1,1,6,2,7,2393,1,14,7,1
"2084312","201301PY20020",2,9,0,2,0,0,0,0,0,0,2,1,3,2,6,1991,2,5,1,1
"2084412","201301PY20021",1,9,0,3,0,1,0,0,0,0,1,1,6,2,5,1242,1,17,6,1
"2084512","201301PY20021",2,9,0,4,0,2,1,0,0,0,1,1,6,1,-1,-1,-1,-1,-1,-1
"2084612","201301PY20023",1,9,0,9,0,6,0,0,0,0,1,1,2,2,9,1368,1,5,9,1
"2084712","201301PY20023",2,1,0,9,0,6,0,0,0,0,2,1,2,2,7,-1,-1,-1,10,1
"2084812","201301PY20024",1,9,0,6,0,0,0,0,0,0,4,1,6,1,9,3199,1,13,9,1
"2084912","201301PY20024",2,9,0,18,0,0,0,0,0,0,1,1,6,2,6,1119,1,19,2,1
"2085010","201301PY20026",1,9,0,9,0,8,0,0,0,0,3,1,6,2,4,973,1,13,7,1
"2085112","201301PY20026",2,11,0,18,0,8,0,0,0,0,1,1,1,1,8,6700,2,1,9,1
"2085212","201301PY20027",1,9,0,9,0,8,0,0,0,0,4,1,1,2,8,1242,1,4,7,1
"208537","201301PY20027",2,9,0,16,0,8,0,0,0,0,1,1,6,1,7,1896,2,9,4,1
"2085412","201301PY20028",1,9,0,18,0,0,1,0,0,0,1,1,6,1,5,-1,-1,-1,9,1
"2085512","201301PY20028",2,9,0,18,0,0,0,0,0,0,1,1,6,2,11,1497,1,10,8,1
"2085612","201301PY20029",1,9,0,18,0,1,0,0,0,0,1,1,6,1,7,2967,2,6,8,3
"208578","201301PY20029",2,19,0,2,0,1,0,0,0,0,2,1,6,3,-1,2287,2,5,-1,-1
"2085812","201301PY20032",1,19,0,9,0,8,0,0,0,0,1,1,6,1,6,1995,2,5,3,1
"2085911","201301PY20033",1,9,0,18,0,0,0,0,0,0,1,1,6,1,7,1197,1,1,4,1
"2086012","201301PY20033",2,9,0,18,0,0,0,0,0,0,2,1,6,1,5,1781,1,14,3,1
"2086111","201301PY20034",1,9,0,18,0,1,0,10,1,4,1,1,6,1,11,1761,1,12,-1,-1
"2086210","201301PY20035",1,90,0,5,0,0,0,0,0,0,1,1,6,1,11,-1,3,1,5,1
"2086311","201301PY20036",1,9,0,4,0,1,0,0,0,0,2,1,6,1,9,1991,1,13,8,1
"2086412","201301PY20036",2,9,0,4,0,1,0,0,0,0,1,1,6,2,11,1240,1,10,2,1
"208659","201301PY20037",1,9,0,18,0,8,0,0,0,0,4,1,6,2,8,-1,-1,-1,8,1
"2086612","201301PY20037",2,9,0,9,0,8,0,0,0,0,1,1,6,1,8,2664,2,13,2,1
"2086712","201301PY20038",1,9,0,18,0,0,0,7,0,0,1,1,6,2,7,1910,2,5,4,1
"2086811","201301PY20039",1,19,0,3,0,1,0,0,0,0,2,1,6,1,6,2198,2,1,2,1
"2086912","201301PY20039",2,9,0,4,0,1,0,0,0,0,1,1,6,1,-1,-1,-1,-1,-1,-1
"2087012","201301PY20040",1,9,0,18,0,8,0,0,0,0,1,1,6,1,5,1391,1,13,-1,-1
"2087112","201301PY20040",2,9,0,9,0,8,0,0,0,0,4,1,6,1,7,-1,-1,-1,-1,-1
"2087210","201301PY20041",1,9,0,18,0,1,0,0,0,0,1,1,6,1,8,-1,-1,-1,-1,-1
"2087312","201301PY20042",1,9,0,18,0,0,0,0,0,0,3,1,6,1,10,2488,1,5,8,3
"2087412","201301PY20042",2,19,0,18,0,0,0,0,0,0,3,1,6,1,4,2148,2,4,9,1
"2087512","201301PY20043",1,11,0,4,0,8,0,0,0,0,0,1,1,1,6,6700,2,1,6,1
"2087612","201301PY20044",1,9,0,18,0,0,0,0,0,0,1,1,6,1,8,1796,1,10,6,1
"2087711","201301PY20046",1,9,0,3,0,8,0,0,0,0,2,1,6,2,6,1242,1,1,1,1
"2087812","201301PY20046",2,9,0,18,0,8,0,0,0,0,1,1,6,2,6,2993,2,3,7,1
"2087912","201301PY20047",1,9,0,18,0,1,0,0,0,0,4,1,6,3,-1,-1,-1,-1,-1,-1
"2088010","201301PY20049",1,1,0,7,0,8,0,0,0,0,3,1,6,1,8,-1,-1,-1,9,1
"2088112","201301PY20049",2,9,0,18,0,8,0,0,0,0,1,1,6,3,-1,-1,-1,-1,-1,-1
"2088212","201301PY20052",1,3,0,18,0,8,1,0,0,0,1,1,6,1,6,125,1,4,5,1
"2088312","201301PY20052",2,9,0,9,0,8,0,0,0,0,1,1,6,1,5,2148,2,11,9,1
"2088412","201301PY20053",1,9,0,18,0,8,0,0,0,0,1,1,6,3,-1,-1,-1,-1,-1,-1
"2088512","201301PY20054",1,9,0,18,0,2,5,4,0,0,4,1,6,1,6,1598,1,5,-1,-1
"2088612","201301PY20054",2,19,0,2,0,2,0,0,0,0,3,1,6,3,-1,2143,2,2,-1,-1
"2088712","201301PY20054",3,9,0,2,0,2,0,0,0,0,3,1,6,3,-1,-1,-1,-1,-1,-1
"2088812","201301PY20055",1,19,0,18,0,8,0,0,0,0,1,1,6,3,-1,1998,2,9,-1,-1
"208913","201301PY20057",1,9,0,18,0,8,0,0,0,0,4,1,6,1,5,1995,2,8,-1,-1
"208923","201301PY20057",2,9,0,18,0,8,0,0,0,0,1,1,6,1,6,1206,1,1,9,1
"208933","201301PY20058",1,1,0,18,0,8,0,0,0,0,1,1,6,1,5,-1,-1,-1,2,1
"208943","201301PY20058",2,9,0,9,0,8,0,0,0,0,4,1,6,1,-1,2231,2,7,9,1
"208953","201301PY20059",1,3,0,18,0,8,0,0,0,0,1,1,6,1,6,-1,-1,-1,3,1
"208963","201301PY20059",2,9,0,6,0,8,0,0,0,0,3,1,6,1,4,1598,1,7,8,1
"208973","201301PY20060",1,3,0,18,0,8,0,0,0,0,1,1,6,1,6,125,1,5,3,1
"208983","201301PY20061",1,9,0,18,0,8,0,0,0,0,1,1,6,2,4,1299,1,10,8,1
"208993","201301PY20061",2,9,0,18,0,8,0,0,0,0,4,1,6,1,7,-1,-1,-1,8,1
"209003","201301PY20062",1,9,0,18,0,0,0,0,0,0,4,1,6,1,11,1398,1,3,9,1
"209013","201301PY20063",1,9,0,9,0,8,0,0,0,0,1,1,6,1,7,1591,1,2,5,1
"209023","201301PY20064",1,9,0,9,0,8,0,0,0,0,1,1,6,1,8,3189,1,7,8,1
"209033","201301PY20065",1,9,0,10,0,8,0,0,0,0,3,1,6,2,6,2148,2,7,2,1
"209043","201301PY20065",2,9,0,9,0,8,0,0,0,0,1,1,6,3,-1,-1,-1,-1,-1,-1
"209053","201301PY20066",1,1,0,18,0,8,0,0,0,0,1,1,6,2,8,-1,-1,-1,5,1
"209063","201301PY20066",2,9,0,9,0,8,0,0,0,0,4,1,6,2,6,1796,1,9,7,1
"209073","201301PY20067",1,9,0,18,0,8,0,10,1,0,4,1,6,3,-1,-1,-1,-1,-1,-1
"209083","201301PY20068",1,1,0,18,0,8,0,0,0,0,3,1,6,1,9,-1,-1,-1,9,1
"209093","201301PY20068",2,9,0,18,0,8,0,0,0,0,1,1,6,2,11,1396,1,23,-1,-1
"209123","201301PY20070",1,9,0,9,0,8,0,0,0,0,4,1,6,2,9,1900,2,6,-1,-1
"209133","201301PY20070",2,9,0,18,0,8,0,0,0,0,1,1,6,1,-1,1997,1,1,9,1
"209143","201301PY20071",1,9,0,18,0,2,0,0,0,0,1,1,6,1,10,1783,1,10,9,1
"209153","201301PY20071",2,9,0,2,0,2,0,0,0,0,2,1,6,1,8,-1,-1,-1,9,1
"209163","201301PY20073",1,1,0,18,0,8,0,0,0,0,1,1,6,1,6,-1,-1,-1,5,1
"209173","201301PY20073",2,9,0,9,0,8,0,0,0,0,3,1,6,3,-1,-1,-1,-1,-1,-1
"209183","201301PY20075",1,9,0,9,0,8,0,0,0,0,2,1,6,2,7,1598,1,6,2,1
"209193","201301PY20075",2,9,0,18,0,8,0,0,0,0,1,1,6,1,6,1796,1,8,3,1
"209203","201301PY20076",1,9,0,6,0,0,0,0,0,0,3,1,6,2,8,1149,1,6,9,1
"209213","201301PY20076",2,3,0,13,0,0,0,0,0,0,1,1,6,1,6,125,1,1,4,1
"209223","201301PY20077",1,9,0,1,0,0,0,10,1,0,2,1,6,2,-1,-1,-1,-1,-1,-1
"209233","201301PY20078",1,9,0,16,0,0,0,0,0,0,1,1,6,1,4,1905,2,17,3,1
"209243","201301PY20078",2,9,0,17,0,0,0,0,0,0,1,1,6,2,8,1686,2,8,3,1
"209253","201301PY20079",1,9,0,18,0,2,0,0,0,0,1,1,6,1,7,1796,1,7,5,1
"209263","201301PY20080",1,9,0,18,0,0,0,10,1,4,1,1,6,1,5,1781,1,11,3,1
"209273","201301PY20081",1,9,0,9,0,8,0,0,0,0,3,1,6,1,6,1149,1,6,7,1
"209283","201301PY20081",2,11,0,18,0,8,0,0,0,0,1,1,1,1,-1,6370,2,1,-1,-1
"209293","201301PY20082",1,9,0,18,0,1,0,0,0,0,1,1,6,2,8,998,1,5,5,1
"209303","201301PY20083",1,9,0,7,0,8,0,0,0,0,4,1,6,1,9,1596,1,1,6,1
"209313","201301PY20083",2,3,0,18,0,8,0,0,0,0,1,1,6,1,6,124,1,6,8,1
"209323","201301PY20085",1,9,0,18,0,0,0,0,0,0,1,1,6,2,9,1390,1,12,9,1
"209334","201301PY20086",1,9,0,3,0,1,0,0,0,0,2,1,6,2,8,1398,1,16,5,1
"209343","201301PY20086",2,9,0,3,0,1,0,0,0,0,2,1,6,2,6,2400,2,1,8,1
"209353","201301PY20086",3,9,0,18,0,1,0,0,0,0,1,1,6,3,-1,1796,1,9,-1,-1
"209363","201301PY20087",1,9,0,18,0,0,0,0,0,0,1,1,6,2,4,-1,-1,-1,10,1
"209373","201301PY20087",2,9,0,18,0,0,0,0,0,0,1,1,6,2,11,-1,-1,-1,5,1
"209383","201301PY20088",1,9,0,18,0,8,0,0,0,0,3,1,6,2,11,-1,-1,-1,10,1
"209393","201301PY20088",2,9,0,18,0,8,0,0,0,0,1,1,6,2,6,2993,2,7,-1,-1
"209403","201301PY20088",3,9,0,18,0,8,0,0,0,0,1,1,6,1,9,1796,1,4,9,1
"209413","201301PY20089",1,9,0,18,0,2,0,8,0,0,1,1,6,2,6,1895,1,13,7,1
"209423","201301PY20089",2,9,0,2,0,2,0,0,0,0,2,1,6,1,6,1998,1,10,2,1
"209433","201301PY20090",1,9,0,1,0,1,0,0,0,0,2,1,6,1,7,1968,2,4,8,1
"209443","201301PY20091",1,9,0,6,0,2,0,0,0,0,3,1,6,2,4,1124,1,8,3,1
"209453","201301PY20091",2,1,0,14,0,2,0,0,0,0,1,1,6,1,9,-1,-1,-1,5,1
"209463","201301PY20092",1,9,0,7,0,8,0,0,0,0,0,1,6,1,4,1368,1,2,8,1
"209473","201301PY20092",2,19,0,18,0,8,0,0,0,0,1,1,6,1,7,1868,2,11,-1,-1
"209483","201301PY20092",3,9,0,18,0,8,0,0,0,0,1,1,6,1,7,-1,-1,-1,10,1
"209493","201301PY20093",1,9,0,10,0,8,0,0,0,0,1,1,6,1,8,1388,1,4,-1,-1
"209503","201301PY20093",2,19,0,18,0,8,0,10,1,5,1,1,6,1,6,-1,-1,-1,2,1
"209513","201301PY20093",3,9,0,3,0,8,0,0,0,0,3,1,6,2,7,1390,1,9,10,1
"209523","201301PY20094",1,3,0,18,0,8,0,0,0,0,0,1,6,1,4,124,1,3,2,1
"209533","201301PY20097",1,9,0,18,0,8,0,0,0,0,1,1,6,1,6,2497,2,9,9,1
"209543","201301PY20098",1,5,0,18,0,8,0,0,0,0,1,1,6,1,7,1050,1,2,9,1
"209553","201301PY20098",2,9,0,18,0,8,0,0,0,0,1,1,6,2,5,1390,1,15,6,1
"209563","201301PY20099",1,3,0,18,0,8,0,0,0,0,1,1,6,1,9,249,1,14,4,1
"209573","201301PY20099",2,19,0,9,0,8,0,0,0,0,4,1,6,3,-1,2402,2,5,-1,-1
"209582","201301PY20101",1,11,0,5,0,8,0,0,0,0,0,1,6,1,8,9000,2,7,9,1
"209592","201301PY20102",1,9,0,9,0,8,0,0,0,0,0,1,6,3,-1,-1,-1,-1,-1,-1
"209603","201301PY20102",2,5,0,18,0,8,0,10,1,10,0,1,6,1,4,599,1,15,8,3
"209613","201301PY20103",1,1,0,14,0,8,0,0,0,0,4,1,6,1,7,-1,-1,-1,7,1
"209623","201301PY20103",2,19,0,2,0,8,0,0,0,0,4,1,6,3,-1,-1,-1,-1,-1,-1
"209633","201301PY20104",1,9,0,7,0,8,0,0,0,0,4,1,6,1,8,2143,2,1,10,1
"209643","201301PY20104",2,19,0,18,0,8,0,0,0,0,1,1,6,1,5,-1,-1,-1,3,1
"209673","201301PY20106",1,3,0,5,0,0,0,0,0,0,4,1,6,1,5,125,1,2,2,1
"209683","201301PY20107",1,8,0,6,0,2,0,0,0,0,1,1,1,1,6,1968,2,7,2,1
"209693","201301PY20108",1,9,0,3,0,8,0,0,0,0,2,1,6,2,7,1896,2,10,7,1
"209703","201301PY20108",2,9,0,18,0,8,0,0,0,0,1,1,6,2,-1,2967,2,2,10,1
"209713","201301PY20109",1,9,0,18,0,1,0,0,0,0,1,1,6,1,7,1761,1,17,3,1
"209723","201301PY20110",1,9,0,7,0,6,0,0,0,0,3,1,6,1,7,1598,1,14,8,1
"209733","201301PY20110",2,9,0,18,0,1,0,0,0,0,4,1,6,2,7,1299,1,10,9,1
"209743","201301PY20111",1,11,0,9,0,1,0,0,0,0,0,1,1,2,8,-1,2,10,9,1
"209753","201301PY20112",1,1,0,14,0,0,0,0,0,0,4,1,6,2,6,-1,-1,-1,10,1
"209763","201301PY20112",2,9,0,5,0,0,0,0,0,0,3,1,6,2,-1,-1,-1,-1,-1,-1
"209772","201301PY20113",1,9,0,9,0,1,0,0,0,0,3,1,6,1,7,1461,2,7,4,1
"209782","201301PY20113",2,4,0,13,0,1,0,0,0,0,1,1,6,1,4,124,1,2,9,1
"209793","201301PY20114",1,9,0,4,0,0,0,0,0,0,1,1,6,1,7,1389,1,16,9,1
"209802","201301PY20115",1,19,0,9,0,5,0,0,0,0,1,1,1,1,5,1753,2,10,2,1
"209813","201301PY20116",1,9,0,18,0,1,0,0,0,0,4,1,6,1,7,1198,1,7,7,1
"209823","201301PY20117",1,9,0,1,0,2,0,0,0,0,2,1,6,2,7,1596,1,7,8,1
"209833","201301PY20119",1,9,0,3,0,1,0,0,0,0,2,1,6,2,7,1198,1,10,4,1
"209843","201301PY20119",2,9,0,18,0,2,0,0,0,0,3,1,1,2,5,1388,1,1,7,1
"209853","201301PY20119",3,9,0,14,0,1,0,0,0,0,1,1,6,3,-1,1596,1,6,-1,-1
"209863","201301PY20120",1,9,0,18,0,2,0,4,0,0,4,1,6,1,10,1598,1,7,8,1
"209873","201301PY20120",2,9,0,18,0,1,0,0,0,0,3,1,6,1,9,-1,-1,-1,2,1
"209883","201301PY20120",3,9,0,2,0,2,0,0,0,0,3,1,6,1,9,1598,1,3,9,1
"209923","201301PY20122",1,1,0,9,0,8,0,0,0,0,1,1,6,1,8,-1,-1,-1,5,1
"209933","201301PY20122",2,9,0,18,0,8,0,0,0,0,1,1,6,2,-1,-1,-1,-1,-1,-1
"209943","201301PY20123",1,5,0,14,0,0,0,0,0,0,1,1,6,1,6,-1,-1,-1,-1,-1
"209953","201301PY20123",2,9,0,6,0,0,0,0,0,0,3,1,6,1,8,-1,-1,-1,3,1
"209963","201301PY20124",1,9,0,1,0,0,0,0,0,0,2,1,6,2,7,-1,-1,-1,8,1
"209972","201301PY20124",2,9,0,18,0,0,0,0,0,0,1,1,6,2,7,2979,1,10,8,1
"209983","201301PY20126",1,3,0,18,0,0,0,0,0,0,0,1,6,1,6,-1,-1,-1,2,1
"209993","201301PY20127",1,9,0,9,0,8,0,0,0,0,3,1,6,1,11,1598,1,3,8,1
"210003","201301PY20127",2,9,0,16,0,8,0,0,0,0,1,1,6,2,6,1596,1,9,6,1
"210013","201301PY20128",1,9,0,18,0,8,0,0,0,0,3,1,6,1,6,-1,-1,-1,9,1
"210023","201301PY20128",2,2,0,18,0,8,0,0,0,0,1,1,6,2,-1,-1,-1,-1,7,3
"210033","201301PY20129",1,9,0,18,0,8,0,0,0,0,1,1,6,1,7,1968,2,2,10,1
"210043","201301PY20130",1,9,0,18,0,0,0,0,0,0,1,1,6,1,6,1598,1,9,2,1
"210053","201301PY20131",1,9,0,17,0,8,0,0,0,0,4,1,6,1,-1,1598,1,-1,-1,-1
"210062","201301PY20131",2,19,0,17,0,8,0,0,0,0,3,1,6,2,7,-1,-1,-1,7,1
"210072","201301PY20132",1,9,0,18,0,2,0,7,0,0,1,1,6,1,7,2170,2,10,2,1
"210083","201301PY20133",1,19,0,9,0,2,0,0,0,0,1,1,6,1,7,2402,2,5,8,1
"210093","201301PY20134",1,9,0,18,0,8,0,0,0,0,3,1,6,2,9,1339,1,5,10,1
"210103","201301PY20134",2,9,0,18,0,8,0,0,0,0,1,1,6,2,6,1796,1,6,2,1
"210113","201301PY20135",1,9,0,18,0,0,0,0,0,0,0,1,6,1,6,1364,1,8,2,1
"210123","201301PY20135",2,1,0,18,0,0,0,10,0,0,0,1,6,1,7,-1,-1,-1,9,1
"210133","201301PY20137",1,9,0,1,0,8,0,0,0,0,2,1,6,3,-1,1590,1,9,-1,-1
"210143","201301PY20139",1,9,0,18,0,1,0,7,0,0,1,1,6,2,6,1339,1,2,3,1
"210153","201301PY20140",1,9,0,7,0,8,0,0,0,0,3,1,6,1,7,1598,1,6,7,1
"210163","201301PY20140",2,9,0,18,0,8,0,0,0,0,1,1,6,1,-1,-1,-1,-1,-1,-1
"210173","201301PY20142",1,11,0,4,0,0,0,0,0,0,0,1,1,1,8,9000,2,10,10,1
"210183","201301PY20145",1,9,0,18,0,8,0,0,0,0,1,1,6,1,6,1598,1,11,9,1
"210193","201301PY20145",2,9,0,18,0,8,0,0,0,0,1,1,6,1,10,1599,1,11,7,1
"210203","201301PY20148",1,9,0,18,0,1,1,0,0,0,1,1,6,2,5,1242,1,13,5,1
"210213","201301PY20148",2,9,0,2,0,1,0,0,0,0,2,1,6,2,7,1796,1,6,2,3
"210223","201301PY20148",3,9,0,2,0,1,0,0,0,0,2,1,6,1,7,-1,-1,-1,7,1
"210233","201301PY20149",1,11,0,7,0,8,0,0,0,0,1,1,6,1,5,4500,2,2,3,1
"210243","201301PY20149",2,9,0,9,0,8,0,0,0,0,2,1,6,1,7,1796,1,9,4,1
"210253","201301PY20150",1,9,0,18,0,8,0,0,0,0,1,1,6,2,8,1390,1,3,9,1
"210263","201301PY20150",2,9,0,18,0,8,0,0,0,0,4,1,6,2,4,-1,-1,-1,8,1
"210273","201301PY20151",1,9,0,9,0,2,0,0,0,0,3,1,6,2,8,1968,2,4,-1,-1
"210283","201301PY20153",1,9,0,3,0,0,0,0,0,0,2,1,6,1,10,1598,1,4,8,1
"210293","201301PY20153",2,9,0,18,0,0,0,0,0,0,1,1,6,1,11,1589,1,14,9,1
"210303","201301PY20154",1,9,0,18,0,8,0,7,0,0,1,1,6,1,9,1389,1,19,3,1
"210313","201301PY20156",1,9,0,9,0,8,0,0,0,0,3,1,6,1,10,2400,2,3,9,1
"210323","201301PY20156",2,9,0,18,0,8,0,0,0,0,1,1,6,1,4,-1,-1,-1,6,1
"210343","201301PY20158",1,9,0,18,0,8,0,0,0,0,1,1,1,1,6,-1,-1,-1,-1,-1
"210353","201301PY20158",2,9,0,18,0,8,0,0,0,0,3,1,6,1,6,1386,1,5,4,1
"210363","201301PY20159",1,19,0,7,0,2,0,0,0,0,1,1,1,1,7,2500,2,6,2,1
"210373","201301PY20160",1,9,0,9,0,5,0,0,0,0,3,1,1,1,10,1999,1,7,8,1
"210383","201301PY20160",2,3,0,13,0,1,0,0,0,0,1,1,6,1,8,124,1,13,9,1
"210393","201301PY20162",1,19,0,18,0,1,0,0,0,0,1,1,1,1,7,2198,2,3,5,1
"210403","201301PY20162",2,5,0,16,0,2,0,0,0,0,1,1,6,2,5,-1,-1,-1,-1,-1
"210413","201301PY20163",1,9,0,1,0,8,0,0,0,0,2,1,6,1,7,1587,1,9,-1,-1
"210423","201301PY20164",1,9,0,9,0,8,0,0,0,0,3,1,6,2,7,2198,1,6,8,1
"210433","201301PY20164",2,9,0,13,0,8,0,0,0,0,1,1,6,3,-1,-1,-1,-1,-1,-1
"210443","201301PY20166",1,9,0,18,0,8,0,0,0,0,3,1,6,1,9,1296,1,5,9,1
"210453","201301PY20167",1,9,0,18,0,2,0,7,0,0,1,1,6,1,8,1796,1,12,7,1
"210462","201301PY20168",1,9,0,18,0,8,5,10,1,10,1,1,6,1,9,-1,-1,-1,7,3
"210473","201301PY20168",2,90,0,18,0,8,0,0,0,0,1,1,1,1,6,6370,2,10,8,2
"210483","201301PY20169",1,9,0,18,0,8,0,0,0,0,1,1,6,1,9,1796,1,5,9,1
"210493","201301PY20169",2,9,0,18,0,8,0,0,0,0,1,1,6,2,10,1498,1,3,8,1
"210503","201301PY20171",1,9,0,18,0,8,0,0,0,0,1,1,6,1,5,1985,1,14,9,1
"210513","201301PY20172",1,19,0,18,0,8,0,0,0,0,1,1,6,1,8,2402,2,4,7,1
"210523","201301PY20172",2,1,0,4,0,8,0,0,0,0,2,1,6,1,7,-1,-1,-1,3,1
"210533","201301PY20173",1,9,0,9,0,8,0,0,0,0,4,1,6,2,9,999,1,14,4,1
"210543","201301PY20173",2,9,0,18,0,8,0,0,0,0,1,1,6,3,-1,1240,1,10,-1,-1
"210553","201301PY20174",1,9,0,4,0,8,0,0,0,0,2,1,6,1,7,698,1,8,4,3
"210563","201301PY20174",2,9,0,18,0,8,0,0,0,0,1,1,6,2,6,1598,1,12,-1,-1
"210573","201301PY20176",1,3,0,4,0,8,0,0,0,0,2,1,6,1,5,125,1,16,2,1
"210583","201301PY20176",2,9,0,18,0,8,0,0,0,0,1,1,6,2,5,1598,1,3,6,1
"210593","201301PY20178",1,1,0,18,0,8,0,0,0,0,1,1,6,1,4,-1,-1,-1,10,1
"210603","201301PY20178",2,9,0,9,0,8,0,0,0,0,3,1,6,3,-1,-1,-1,-1,-1,-1
"210613","201301PY20179",1,9,0,18,0,8,0,0,0,0,1,1,6,2,8,998,1,5,7,1
"210623","201301PY20181",1,19,0,18,0,8,0,0,0,0,1,1,6,2,5,1560,2,1,4,1
"210633","201301PY20181",2,19,0,18,0,8,0,0,0,0,4,1,6,2,4,-1,-1,-1,3,1
"210643","201301PY20182",1,9,0,9,0,8,0,0,0,0,1,1,6,2,11,1364,1,4,6,1
"210653","201301PY20183",1,9,0,4,0,8,0,0,0,0,2,1,6,2,5,-1,-1,-1,2,1
"210663","201301PY20183",2,9,0,18,0,8,0,0,0,0,1,1,6,1,5,1248,1,3,6,1
"210673","201301PY20184",1,9,0,18,0,8,0,0,0,0,1,1,6,1,7,-1,-1,-1,8,1
"210683","201301PY20184",2,9,0,18,0,8,0,0,0,0,1,1,6,2,8,1389,1,18,7,3
"210693","201301PY20184",3,9,0,9,0,8,0,0,0,0,0,1,6,2,8,1364,1,5,2,1
"210703","201301PY20185",1,9,0,17,0,0,5,0,0,0,1,1,6,1,11,999,1,14,6,1
"210713","201301PY20185",2,9,0,2,0,0,0,0,0,0,3,1,6,2,5,1390,1,16,4,1
"210723","201301PY20186",1,9,0,13,0,8,0,0,0,0,4,1,6,1,8,1973,1,16,7,3
"210733","201301PY20186",2,16,0,18,0,8,0,0,0,0,3,1,6,2,8,-1,-1,-1,8,1
"210743","201301PY20187",1,9,0,5,0,8,0,0,0,0,3,1,6,1,6,2362,1,9,6,1
"210753","201301PY20187",2,1,0,7,0,8,0,0,0,0,1,1,6,1,11,-1,-1,-1,8,1
"210762","201301PY20189",1,11,0,5,0,8,0,0,0,0,0,1,1,1,9,9000,2,4,4,1
"210773","201301PY20190",1,21,0,18,0,1,0,0,0,0,1,1,1,1,9,5900,2,6,5,1
"210783","201301PY20190",2,9,0,3,0,1,0,0,0,0,2,1,6,1,7,-1,-1,-1,7,1
"210793","201301PY20190",3,9,0,3,0,1,0,0,0,0,2,1,6,1,8,1968,2,8,9,1
"210803","201301PY20190",4,9,0,3,0,1,0,0,0,0,2,1,6,2,-1,-1,-1,-1,-1,-1
"210823","201301PY20193",1,9,0,9,0,8,0,0,0,0,3,1,6,1,5,-1,-1,-1,-1,-1
"210833","201301PY20193",2,3,0,13,0,8,0,0,0,0,1,1,6,1,5,124,1,7,9,1
"210843","201301PY20194",1,9,0,9,0,8,0,0,0,0,3,1,6,2,8,1998,1,14,7,1
"210853","201301PY20194",2,3,0,18,0,8,0,0,0,0,1,1,6,1,7,125,1,1,6,1
"210863","201301PY20195",1,9,0,1,0,0,0,0,0,0,2,1,6,2,6,1870,2,10,3,1
"210873","201301PY20196",1,9,0,7,0,8,0,0,0,0,1,1,6,2,5,1299,1,12,9,1
"210883","201301PY20197",1,9,0,18,0,8,0,0,0,0,1,1,6,1,10,-1,-1,-1,9,1
"210893","201301PY20197",2,9,0,4,0,8,0,0,0,0,2,1,6,2,4,1988,1,14,10,1
"210903","201301PY20198",1,9,0,18,0,8,0,0,0,0,1,1,6,1,6,1968,2,7,3,1