"","Acc_Index","Vehicle_Reference","Vehicle_Type","Towing_and_Articulation","Vehicle_Manoeuvre","Vehicle_Location.Restricted_Lane","Junction_Location","Skidding_and_Overturning","Hit_Object_in_Carriageway","Vehicle_Leaving_Carriageway","Hit_Object_off_Carriageway","X1st_Point_of_Impact","Was_Vehicle_Left_Hand_Drive","Journey_Purpose_of_Driver","Sex_of_Driver","Age_Band_of_Driver","Engine_Capacity_.CC.","Propulsion_Code","Age_of_Vehicle","Driver_IMD_Decile","Driver_Home_Area_Type"
"210913","201301PY20199",1,9,0,18,0,8,0,0,0,0,3,1,6,2,6,1796,1,9,4,1
"210922","201301PY20200",1,9,0,18,0,8,0,0,0,0,1,1,6,3,-1,-1,-1,-1,-1,-1
"210932","201301PY20201",1,9,0,16,0,0,1,10,1,4,3,1,6,1,4,1242,1,11,2,1
"210943","201301PY20202",1,9,0,9,0,8,0,0,0,0,1,1,6,1,-1,-1,-1,-1,9,1
"210953","201301PY20203",1,9,0,3,0,8,0,0,0,0,2,1,6,1,9,2191,2,1,8,1
"210963","201301PY20203",2,9,0,18,0,8,0,0,0,0,1,1,6,1,-1,3199,1,15,-1,-1
"210973","201301PY20204",1,9,0,7,0,8,0,0,0,0,4,1,6,1,7,3598,1,6,-1,-1
"210983","201301PY20204",2,1,0,18,0,8,0,0,0,0,1,1,6,1,3,-1,-1,-1,7,1
"210993","201301PY20205",1,1,0,18,0,8,0,0,0,0,3,1,6,1,7,-1,-1,-1,3,1
"211003","201301PY20205",2,9,0,6,0,8,0,0,0,0,1,1,6,2,6,999,1,6,6,1
"211013","201301PY20206",1,9,0,18,0,8,0,0,0,0,3,1,6,1,8,1910,2,6,3,1
"211023","201301PY20206",2,9,0,9,0,8,0,0,0,0,1,1,6,3,-1,-1,-1,-1,-1,-1
"211033","201301PY20209",1,19,0,6,0,0,0,0,0,0,4,1,1,1,6,1560,2,1,3,1
"211043","201301PY20209",2,1,0,18,0,0,0,0,0,0,1,1,6,2,6,-1,-1,-1,3,1
"211053","201301PY20211",1,1,0,18,0,0,0,0,0,0,1,1,6,1,7,-1,-1,-1,6,1
"211063","201301PY20212",1,3,0,13,0,8,0,0,0,0,4,1,6,1,6,-1,-1,-1,1,1
"211073","201301PY20212",2,19,0,9,0,8,0,0,0,0,3,1,6,1,-1,-1,-1,-1,-1,-1
"211083","201301PY20213",1,1,0,18,0,1,0,0,0,0,3,1,6,1,7,-1,-1,-1,9,1
"211093","201301PY20213",2,19,0,13,0,1,0,0,0,0,4,1,6,1,-1,-1,-1,-1,-1,-1
"211103","201301PY20215",1,9,0,3,0,1,0,0,0,0,2,1,6,1,8,-1,-1,-1,9,1
"211113","201301PY20215",2,9,0,3,0,1,0,0,0,0,2,1,6,3,-1,-1,-1,-1,-1,-1
"211123","201301PY20215",3,9,0,3,0,1,0,0,0,0,2,1,6,3,-1,-1,-1,-1,-1,-1
"211133","201301PY20215",4,11,0,18,0,1,0,0,0,0,1,1,1,1,6,-1,2,10,1,1
"211143","201301PY20216",1,19,0,4,0,1,0,0,0,0,2,1,6,1,-1,-1,-1,-1,-1,-1
"211153","201301PY20216",2,1,0,4,0,1,0,0,0,0,1,1,6,1,4,-1,-1,-1,2,1
"211163","201301PY20217",1,9,0,18,0,8,0,0,0,0,1,1,6,1,4,1461,2,1,-1,-1
"211173","201301PY20217",2,8,0,18,0,8,0,0,0,0,4,1,6,1,8,2402,2,11,3,1
"211182","201301PY20218",1,9,0,9,0,8,0,0,0,0,3,1,6,2,9,1796,1,12,10,1
"211192","201301PY20218",2,5,0,18,0,8,0,0,0,0,1,1,6,1,8,1085,1,16,10,1
"211202","201301PY20219",1,9,0,9,0,8,0,0,0,0,1,1,6,2,4,1587,1,8,7,1
"211213","201301PY20219",2,9,0,18,0,8,0,0,0,0,1,1,6,2,7,-1,-1,-1,5,1
"211223","201301PY20220",1,11,0,4,0,1,0,0,0,0,0,1,1,2,8,4500,2,6,1,1
"211233","201301PY20221",1,9,0,16,0,0,0,0,0,0,1,1,6,2,5,1896,2,6,3,1
"211243","201301PY20221",2,9,0,17,0,0,0,0,0,0,1,1,6,2,-1,1242,1,2,3,1
"211253","201301PY20223",1,9,0,9,0,8,0,0,0,0,3,1,6,2,9,1198,1,7,8,1
"211263","201301PY20223",2,9,0,9,0,8,0,0,0,0,1,1,6,1,6,1124,1,5,8,1
"211272","201301PY20224",1,9,0,5,0,1,0,0,0,0,1,1,6,1,10,1560,2,4,7,1
"211283","201301PY20224",2,9,0,18,0,1,0,0,0,0,2,1,6,1,5,1596,1,6,7,1
"211293","201301PY20225",1,9,0,18,0,8,0,0,0,0,4,1,6,1,6,1587,1,10,9,1
"211303","201301PY20226",1,9,0,18,0,8,0,0,0,0,4,1,6,1,9,1242,1,11,5,1
"211313","201301PY20227",1,9,0,9,0,2,0,0,0,0,1,1,6,1,-1,2148,2,12,9,1
"211323","201301PY20229",1,9,0,7,0,8,0,0,0,0,4,1,6,3,-1,-1,-1,-1,-1,-1
"211333","201301PY20230",1,9,0,3,0,8,0,0,0,0,2,1,6,1,9,2143,2,3,6,1
"211343","201301PY20230",2,9,0,18,0,8,0,0,0,0,1,1,6,3,-1,1988,1,11,-1,-1
"211353","201301PY20231",1,9,0,9,0,8,0,0,0,0,3,1,6,2,8,1242,1,9,7,1
"211363","201301PY20231",2,1,0,18,0,8,0,0,0,0,1,1,6,1,10,-1,-1,-1,10,1
"211373","201301PY20232",1,9,0,3,0,8,0,0,0,0,2,1,6,1,6,1598,1,10,4,1
"211383","201301PY20232",2,9,0,3,0,8,0,0,0,0,2,1,6,1,8,1769,1,10,1,1
"211393","201301PY20232",3,9,0,18,0,8,0,0,0,0,1,1,6,1,9,1997,1,8,1,1
"211403","201301PY20233",1,5,0,9,0,8,0,0,0,0,0,1,6,1,6,599,1,9,2,1
"211413","201301PY20235",1,9,0,4,0,0,0,0,0,0,2,1,6,1,6,1560,2,1,8,1
"211423","201301PY20235",2,19,0,18,0,0,0,0,0,0,1,1,6,1,9,2198,2,2,10,1
"211433","201301PY20236",1,9,0,4,0,8,0,0,0,0,2,1,6,1,11,1229,1,1,3,1
"211443","201301PY20236",2,10,0,18,0,8,0,0,0,0,1,1,6,1,10,-1,-1,-1,8,1
"211453","201301PY20237",1,9,0,1,0,8,0,0,0,0,3,1,6,1,-1,-1,-1,-1,4,1
"211463","201301PY20239",1,9,0,9,0,8,0,0,0,0,3,1,6,2,10,1600,1,14,-1,-1
"211473","201301PY20239",2,3,0,13,0,8,0,0,0,0,1,1,6,1,-1,85,1,23,7,1
"211483","201301PY20240",1,5,0,13,0,0,0,0,0,0,1,1,6,1,-1,749,1,5,8,1
"211493","201301PY20241",1,9,0,18,0,8,0,0,0,0,4,1,6,1,7,-1,-1,-1,-1,-1
"211503","201301PY20242",1,9,0,18,0,8,0,0,0,0,1,1,6,2,9,1596,1,7,7,1
"211513","201301PY20242",2,9,0,9,0,8,0,0,0,0,1,1,6,2,6,1598,1,6,-1,-1
"211523","201301PY20243",1,11,0,18,0,8,0,0,0,0,0,1,1,2,8,4500,2,2,5,1
"211533","201301PY20244",1,9,0,18,0,8,0,0,0,0,1,1,6,1,-1,-1,-1,-1,-1,-1
"211543","201301PY20244",2,9,0,2,0,8,0,0,0,0,3,1,6,3,-1,-1,-1,-1,-1,-1
"211553","201301PY20244",3,9,0,2,0,8,0,0,0,0,3,1,6,3,-1,-1,-1,-1,-1,-1
"211563","201301PY20244",4,9,0,2,0,8,0,0,0,0,3,1,6,3,-1,-1,-1,-1,-1,-1
"211573","201301PY20244",5,9,0,2,0,8,0,0,0,0,3,1,6,3,-1,-1,-1,-1,-1,-1
"211582","201301PY20244",6,9,0,2,0,8,0,0,0,0,0,1,6,3,-1,-1,-1,-1,-1,-1
"211592","201301PY20245",1,9,0,9,0,8,0,0,0,0,4,2,6,1,8,-1,-1,-1,6,1
"211603","201301PY20245",2,9,0,18,0,8,1,0,0,0,1,1,6,1,10,1343,1,10,10,1
"211613","201301PY20246",1,9,0,18,0,8,0,0,0,0,4,1,6,1,9,1597,1,22,5,1
"211623","201301PY20247",1,11,0,18,0,8,0,0,0,0,1,1,1,1,7,6700,2,7,7,1
"211633","201301PY20248",1,9,0,18,0,0,0,0,0,0,1,1,6,1,7,2495,1,12,7,1
"211643","201301PY20250",1,9,0,18,0,8,0,0,0,0,3,1,6,1,7,-1,-1,-1,8,3
"211653","201301PY20251",1,19,0,3,0,0,0,0,0,0,2,1,1,1,6,1399,2,3,9,1
"211663","201301PY20251",2,9,0,18,0,0,0,0,0,0,1,1,6,3,-1,1388,1,10,-1,-1
"211673","201301PY20252",1,9,0,8,0,8,0,0,0,0,2,1,6,2,5,1199,1,15,10,1
"211683","201301PY20252",2,19,0,18,0,8,0,0,0,0,1,1,6,3,-1,-1,-1,-1,-1,-1
"211693","201301PY20253",1,9,0,18,0,0,0,0,0,0,1,1,6,1,4,1149,1,12,2,1
"211703","201301PY20253",2,9,0,4,0,0,0,0,0,0,2,1,6,2,4,1364,1,6,10,1
"211713","201301PY20254",1,9,0,10,0,1,0,0,0,0,2,1,6,1,7,1839,1,17,8,1
"211723","201301PY20254",2,9,0,18,0,1,0,0,0,0,1,1,6,2,-1,1598,1,6,6,1
"211733","201301PY20255",1,1,0,17,0,8,0,0,0,0,4,1,6,1,6,-1,-1,-1,6,1
"211743","201301PY20255",2,9,0,18,0,8,0,0,0,0,1,1,6,2,-1,-1,-1,-1,-1,-1
"211753","201301PY20256",1,19,0,18,0,8,0,0,0,0,1,1,6,1,8,-1,-1,-1,2,1
"211763","201301PY20256",2,9,0,9,0,8,0,0,0,0,1,1,6,2,5,1149,1,12,8,1
"211773","201301PY20257",1,11,0,4,0,8,0,0,0,0,0,1,1,1,8,9000,2,4,4,1
"211783","201301PY20257",2,9,0,9,0,8,0,0,0,0,0,1,6,1,7,-1,-1,-1,8,3
"211792","201301PY20258",1,9,0,6,0,0,0,0,0,0,1,1,6,1,8,1399,1,8,-1,-1
"211802","201301PY20258",2,5,0,13,0,0,0,0,0,0,3,1,6,1,6,998,1,4,6,1
"211813","201301PY20259",1,2,0,5,0,8,0,0,0,0,3,1,6,1,4,124,1,1,2,1
"211823","201301PY20259",2,9,0,18,0,8,0,0,0,0,1,1,6,1,-1,-1,-1,-1,-1,-1
"211853","201301PY20261",1,11,0,5,0,8,0,0,0,0,0,1,6,1,7,3900,2,7,2,1
"211863","201301PY20262",1,2,0,18,0,8,0,0,0,0,1,1,6,1,4,599,1,4,10,1
"211873","201301PY20262",2,9,0,4,0,8,0,0,0,0,2,1,6,1,6,1798,1,5,10,2
"211883","201301PY20263",1,9,0,18,0,8,0,10,1,10,1,1,6,1,6,-1,-1,-1,7,1
"211893","201301PY20264",1,9,0,4,0,8,0,0,0,0,1,1,6,2,-1,-1,-1,-1,9,1
"211903","201301PY20264",2,9,0,4,0,8,0,0,0,0,2,1,6,2,7,1794,1,7,10,1
"211913","201301PY20264",3,9,0,4,0,8,0,0,0,0,2,1,6,1,9,-1,-1,-1,-1,-1
"211923","201301PY20265",1,2,0,18,0,8,0,0,0,0,1,1,6,1,8,675,1,1,8,1
"211932","201301PY20265",2,9,0,9,0,8,0,0,0,0,4,1,6,1,-1,-1,-1,-1,-1,-1
"211943","201301PY20266",1,9,0,18,0,8,0,0,0,0,1,1,6,2,9,1598,1,14,5,1
"211953","201301PY20267",1,11,0,18,0,1,0,0,0,0,3,1,6,3,-1,-1,-1,-1,-1,-1
"211962","201301PY20268",1,9,0,18,0,0,0,0,0,0,3,1,1,1,7,1896,2,4,8,1
"211973","201301PY20268",2,9,0,9,0,0,0,0,0,0,3,1,6,2,5,1299,1,14,7,1
"211983","201301PY20270",1,9,0,17,0,3,0,0,0,0,1,1,6,1,9,2184,2,11,-1,-1
"211993","201301PY20270",2,19,0,18,0,1,0,0,0,0,1,1,1,1,6,1461,2,2,-1,-1
"212003","201301PY20271",1,9,0,8,0,1,0,0,0,0,2,1,6,2,8,-1,-1,-1,4,1
"212013","201301PY20271",2,19,0,18,0,1,0,0,0,0,1,1,6,1,-1,1149,1,12,10,1
"212022","201301PY20272",1,9,0,2,0,0,0,0,0,0,3,1,6,3,-1,-1,-1,-1,-1,-1
"212033","201301PY20272",2,9,0,2,0,0,0,0,0,0,3,1,6,3,-1,-1,-1,-1,-1,-1
"212043","201301PY20272",3,9,0,18,0,0,0,0,0,0,4,1,6,1,7,1968,2,6,8,1
"212053","201301PY20273",1,9,0,18,0,0,0,0,1,10,1,1,6,2,4,1598,1,1,9,1
"212063","201301PY20274",1,5,0,18,0,8,0,0,0,0,4,1,6,1,7,998,1,5,7,1
"212073","201301PY20274",2,9,0,9,0,8,0,0,0,0,1,1,6,3,-1,1196,1,16,-1,-1
"212083","201301PY20275",1,20,0,18,0,1,0,0,0,0,4,1,6,3,-1,-1,-1,-1,-1,-1
"212093","201301PY20276",1,9,0,9,0,8,0,0,0,0,1,1,6,2,7,1596,1,11,4,1
"212103","201301PY20276",2,9,0,18,0,8,0,0,0,0,4,1,1,2,5,998,1,-1,3,1
"212113","201301PY20277",1,9,0,18,0,8,1,0,0,0,3,1,6,1,4,1389,1,15,9,1
"212122","201301PY20277",2,9,0,9,0,8,0,0,0,0,1,1,6,2,6,1753,2,7,10,1
"212132","201301PY20278",1,9,0,18,0,1,0,0,1,10,4,1,6,1,8,2143,2,3,3,1
"212143","201301PY20278",2,9,0,9,0,6,0,0,0,0,4,1,1,1,6,-1,-1,-1,9,1
"212153","201301PY20279",1,9,0,4,0,2,0,0,0,0,2,1,6,1,9,-1,-1,-1,7,1
"212163","201301PY20279",2,3,0,18,0,2,0,0,0,0,1,1,6,1,4,124,1,1,7,1
"212173","201301PY20280",1,9,0,1,0,8,0,0,0,0,2,1,6,2,7,1598,1,9,8,1
"212183","201301PY20281",1,9,0,10,0,8,0,0,0,0,2,1,6,2,7,1753,2,6,6,1
"212193","201301PY20281",2,9,0,18,0,8,0,0,0,0,1,1,6,1,9,1598,1,2,7,1
"212203","201301PY20284",1,9,0,3,0,8,0,0,0,0,2,1,6,1,10,2231,2,3,8,1
"212213","201301PY20284",2,9,0,18,0,8,0,0,0,0,1,1,6,2,6,1242,1,1,10,1
"212222","201301PY20285",1,9,0,18,0,8,0,0,0,0,1,1,6,2,6,-1,-1,-1,4,1
"212233","201301PY20286",1,9,0,18,0,8,0,0,0,0,1,1,6,2,5,1598,1,6,-1,-1
"212243","201301PY20286",2,2,0,7,0,8,0,0,0,0,1,1,6,1,7,748,1,19,-1,-1
"212253","201301PY20287",1,9,0,4,0,8,0,0,0,0,2,1,6,1,8,1968,2,1,10,1
"212263","201301PY20287",2,9,0,18,0,8,0,0,0,0,1,1,6,1,-1,-1,-1,-1,-1,-1
"212273","201301PY20288",1,3,0,9,0,8,0,0,0,0,2,1,6,1,4,-1,-1,-1,8,1
"212282","201301PY20288",2,5,0,16,0,8,0,0,0,0,1,1,6,1,4,749,1,17,7,1
"212293","201301PY20289",1,9,0,18,0,8,0,0,0,0,1,1,6,3,-1,-1,-1,-1,-1,-1
"212303","201301PY20290",1,2,0,14,0,8,0,0,0,0,1,1,6,1,4,49,1,7,5,1
"212313","201301PY20292",1,9,0,4,0,8,0,0,0,0,2,1,6,1,7,1998,1,8,8,1
"212323","201301PY20292",2,9,0,18,0,8,0,0,0,0,1,1,6,2,5,998,1,4,4,1
"212333","201301PY20293",1,9,0,18,0,0,0,10,1,10,1,1,6,1,9,1368,1,5,8,1
"212343","201301PY20296",1,9,0,18,0,8,0,0,0,0,1,1,6,2,7,-1,-1,-1,2,1
"212353","201301PY20296",2,9,0,5,0,8,0,0,0,0,3,1,6,2,6,1598,1,11,6,1
"212363","201301PY20297",1,9,0,18,0,8,0,0,0,0,4,1,6,2,10,1598,1,6,9,1
"212373","201301PY20297",2,3,0,18,0,8,0,0,0,0,1,1,6,1,7,124,1,2,7,1
"212383","201301PY20298",1,11,0,3,0,1,0,0,0,0,0,1,1,1,9,9000,2,10,-1,-1
"212393","201301PY20299",1,2,0,18,0,8,0,0,0,0,4,1,6,1,-1,125,1,4,-1,-1
"212402","201301PY20300",1,9,0,18,0,8,0,0,0,0,2,1,6,2,5,1242,1,3,6,1
"212413","201301PY20300",2,3,0,18,0,8,0,0,0,0,1,1,6,1,9,125,1,1,2,1
"212423","201301PY20302",1,9,0,9,0,8,0,0,0,0,4,1,6,1,8,2143,2,1,8,3
"212433","201301PY20302",2,1,0,16,0,8,0,0,0,0,1,1,6,1,10,-1,-1,-1,8,1
"212443","201301PY20303",1,9,0,16,0,0,0,0,0,0,1,1,6,2,6,1124,1,6,7,2
"212453","201301PY20303",2,5,0,17,0,0,0,0,0,0,1,1,6,1,6,929,1,12,7,1
"212463","201301PY20306",1,1,0,18,0,1,0,0,0,0,2,1,6,1,9,-1,-1,-1,9,1
"212473","201301PY20306",2,9,0,18,0,1,0,0,0,0,1,1,6,1,-1,1995,2,5,-1,-1
"212483","201301PY20307",1,19,0,7,0,8,0,0,0,0,1,1,6,1,9,2402,2,5,6,1
"212493","201301PY20307",2,1,0,18,0,8,0,0,0,0,4,1,6,1,6,-1,-1,-1,1,1
"2125011","201301PY20309",1,3,0,18,0,8,0,0,0,0,1,1,6,1,6,124,1,4,8,1
"2125112","201301PY20309",2,9,0,9,0,8,0,0,0,0,3,1,6,3,-1,-1,-1,-1,-1,-1
"2125212","201301PY20310",1,3,0,18,0,8,0,0,0,0,4,1,6,1,7,125,1,1,8,1
"2125312","201301PY20310",2,90,0,18,0,8,0,0,0,0,0,1,1,1,6,-1,-1,-1,7,1
"2125412","201301PY20311",1,9,0,17,0,0,0,0,0,0,4,1,6,1,4,1199,1,12,2,1
"2125512","201301PY20312",1,9,0,18,0,0,0,0,0,0,1,1,6,1,6,1597,1,16,7,1
"2125610","201301PY20313",1,5,0,18,0,1,0,0,0,0,1,1,6,1,6,599,1,4,3,1
"212575","201301PY20314",1,1,0,18,0,2,0,4,0,0,1,1,6,1,7,-1,-1,-1,4,1
"2125812","201301PY20314",2,9,0,2,0,2,0,0,0,0,2,1,6,3,-1,1248,2,1,-1,-1
"2125911","201301PY20315",1,9,0,18,0,8,0,0,0,0,1,1,6,1,11,-1,-1,-1,7,1
"212602","201301PY20315",2,9,0,9,0,8,0,0,0,0,1,1,6,1,7,1595,1,13,10,1
"212612","201301PY20316",1,19,0,9,0,8,0,0,0,0,1,1,6,1,5,1968,2,2,-1,-1
"212623","201301PY20316",2,9,0,18,0,8,0,0,0,0,4,1,6,2,7,1299,1,13,9,1
"212633","201301PY20317",1,9,0,9,0,8,0,0,0,0,2,1,6,1,7,1360,1,14,4,1
"212643","201301PY20317",2,5,0,13,0,8,0,0,0,0,1,1,6,1,7,-1,-1,-1,4,1
"212653","201301PY20318",1,9,0,18,0,0,0,0,0,0,1,1,6,2,6,1995,1,6,3,1
"212663","201301PY20319",1,9,0,4,0,8,0,0,0,0,2,1,6,1,-1,1998,1,9,-1,-1
"212673","201301PY20319",2,9,0,18,0,8,0,0,0,0,1,1,6,1,7,-1,-1,-1,-1,-1
"212683","201301PY20320",1,9,0,18,0,8,0,0,0,0,1,1,6,1,8,1998,2,7,6,1
"212693","201301PY20320",2,9,0,7,0,8,0,0,0,0,3,1,6,2,9,1339,1,10,8,1
"212703","201301PY20321",1,9,0,4,0,1,0,0,0,0,2,1,6,2,-1,1229,1,8,8,1
"212713","201301PY20321",2,9,0,4,0,1,0,0,0,0,1,1,6,2,-1,2035,1,7,7,1
"212723","201301PY20322",1,9,0,18,0,8,0,0,0,0,3,1,6,2,8,1299,1,5,4,1
"212733","201301PY20322",2,9,0,9,0,8,0,0,0,0,1,1,6,1,-1,2143,2,1,-1,-1
"212743","201301PY20323",1,9,0,9,0,2,0,0,0,0,1,1,6,2,6,-1,-1,-1,8,1
"212753","201301PY20324",1,11,0,4,0,8,0,0,0,0,0,1,1,1,7,4500,2,1,9,1
"212763","201301PY20325",1,19,0,7,0,8,0,0,0,0,3,1,6,1,8,-1,-1,-1,9,1
"212773","201301PY20325",2,1,0,18,0,8,0,0,0,0,1,1,6,1,6,-1,-1,-1,10,1
"212783","201301PY20326",1,3,0,18,0,8,0,0,0,0,4,1,6,1,6,124,1,5,-1,-1
"212793","201301PY20327",1,9,0,9,0,8,5,0,0,0,4,1,6,1,8,1598,1,10,9,1
"212803","201301PY20327",2,9,0,18,0,8,0,0,0,0,1,1,6,1,10,1390,1,10,9,1
"212812","201301PY20328",1,19,0,1,0,8,0,0,0,0,2,1,6,1,6,1995,2,1,10,1
"212822","201301PY20329",1,9,0,18,0,8,0,0,0,0,1,1,6,2,7,2987,2,6,10,1
"212833","201301PY20329",2,9,0,3,0,8,0,0,0,0,2,1,6,2,8,-1,-1,-1,6,1
"212843","201301PY20329",3,9,0,10,0,8,0,0,0,0,2,1,6,2,8,1275,1,20,10,1
"212853","201301PY20331",1,9,0,18,0,8,0,0,0,0,1,1,6,1,-1,-1,-1,-1,-1,-1
"212863","201301PY20332",1,3,0,18,0,1,0,0,0,0,1,1,6,1,4,125,1,4,1,1
"212873","201301PY20332",2,9,0,6,0,1,0,0,0,0,1,1,6,2,4,999,1,13,5,1
"212883","201301PY20333",1,5,0,18,0,8,0,0,0,0,4,1,6,1,8,781,1,11,4,1
"212893","201301PY20333",2,9,0,9,0,8,0,0,0,0,3,1,6,1,6,1598,1,7,3,1
"212903","201301PY20334",1,9,0,15,0,8,0,0,0,0,1,1,6,2,-1,1397,1,6,-1,-1
"212913","201301PY20335",1,9,0,9,0,8,0,0,0,0,4,1,6,1,7,1997,2,5,9,1
"212923","201301PY20335",2,1,0,18,0,8,0,0,0,0,1,1,6,1,7,-1,-1,-1,3,1
"212933","201301PY20336",1,9,0,16,0,0,0,0,0,0,1,1,6,1,6,1124,1,12,3,1
"212943","201301PY20336",2,19,0,17,0,0,0,0,0,0,1,1,6,1,10,-1,-1,-1,6,1
"212953","201301PY20337",1,9,0,4,0,1,0,0,0,0,2,1,6,2,6,1598,1,7,2,1
"212963","201301PY20337",2,9,0,18,0,1,0,0,0,0,1,1,6,1,-1,-1,-1,-1,-1,-1
"212973","201301PY20338",1,9,0,9,0,8,0,0,0,0,1,1,6,2,7,1910,2,6,4,1
"212983","201301PY20339",1,1,0,14,0,8,0,0,0,0,4,1,6,1,9,-1,-1,-1,6,1
"212993","201301PY20339",2,9,0,2,0,8,0,0,0,0,3,1,6,3,-1,-1,-1,-1,-1,-1
"213003","201301PY20340",1,9,0,18,0,0,0,0,0,0,4,1,6,2,8,2995,1,9,3,1
"213013","201301PY20342",1,11,0,18,0,0,0,0,0,0,0,1,1,1,6,9000,2,4,3,1
"213023","201301PY20343",1,9,0,18,0,8,0,7,0,0,1,1,6,1,5,1242,1,10,10,1
"213033","201301PY20343",2,9,0,18,0,8,0,0,0,0,3,1,6,1,7,3246,1,7,7,1
"213043","201301PY20344",1,9,0,18,0,8,0,0,0,0,1,1,6,2,5,1587,1,15,4,1
"213053","201301PY20344",2,9,0,9,0,8,0,0,0,0,4,1,6,1,5,-1,-1,-1,5,1
"213063","201301PY20347",1,1,0,18,0,8,0,0,0,0,1,1,6,1,7,-1,-1,-1,6,1
"213073","201301PY20347",2,19,0,9,0,8,0,0,0,0,4,1,6,1,9,-1,-1,-1,6,1
"213083","201301PY20348",1,5,0,9,0,8,0,0,0,0,1,1,6,1,8,-1,-1,-1,7,1
"213092","201301PY20349",1,9,0,18,0,8,0,0,0,0,1,1,6,1,-1,1248,1,3,3,1
"213102","201301PY20350",1,9,0,3,0,8,0,0,0,0,2,1,6,2,5,1596,1,12,7,1
"213112","201301PY20350",2,9,0,18,0,8,0,0,0,0,1,1,6,3,-1,-1,-1,-1,-1,-1
"213122","201301PY20351",1,9,0,18,0,8,0,10,8,10,3,1,6,1,5,1400,1,13,4,1
"213132","201301PY20352",1,1,0,18,0,8,0,0,0,0,1,1,6,1,-1,-1,-1,-1,-1,-1
"213142","201301PY20353",1,9,0,10,0,8,0,0,0,0,2,1,6,2,6,1992,2,5,8,1
"213152","201301PY20353",2,9,0,18,0,8,0,0,0,0,1,1,6,1,6,-1,-1,-1,9,1
"213162","201301PY20354",1,9,0,18,0,8,0,0,0,0,3,1,6,2,6,1686,2,2,8,1
"213172","201301PY20354",2,9,0,18,0,8,0,0,0,0,3,1,6,3,-1,-1,-1,-1,-1,-1
"213182","201301PY20355",1,11,0,5,0,0,0,0,0,0,0,1,1,1,7,6700,2,7,4,1
"213192","201301PY20356",1,9,0,9,0,8,0,0,0,0,4,1,6,2,7,1242,1,3,9,1
"213202","201301PY20356",2,1,0,15,0,8,0,0,0,0,1,1,6,1,8,-1,-1,-1,8,1
"213212","201301PY20357",1,2,0,14,0,0,0,0,0,0,1,1,6,1,4,49,1,5,3,1
"213222","201301PY20358",1,9,0,3,0,8,0,0,0,0,2,1,6,2,8,-1,-1,-1,-1,-1
"213231","201301PY20358",2,19,0,18,0,8,0,0,0,0,1,1,1,1,5,2198,2,1,9,1
"213241","201301PY20359",1,9,0,18,0,8,0,0,0,0,4,1,6,1,5,1364,1,9,10,1
"213252","201301PY20359",2,9,0,9,0,8,0,0,0,0,1,1,6,3,-1,-1,-1,-1,-1,-1
"213262","201301PY20360",1,9,0,18,0,8,0,0,0,0,1,1,6,1,8,-1,-1,-1,10,1
"213272","201301PY20360",2,1,0,17,0,8,0,0,0,0,4,1,6,1,8,-1,-1,-1,10,1
"213282","201301PY20361",1,5,0,8,0,8,0,0,0,0,2,1,6,1,7,-1,-1,-1,7,1
"213292","201301PY20361",2,19,0,7,0,8,0,0,0,0,1,1,6,1,-1,1560,2,3,-1,-1
"213302","201301PY20362",1,9,0,17,0,8,0,0,0,0,4,1,6,1,7,-1,-1,-1,3,1
"213312","201301PY20362",2,9,0,18,0,8,0,0,0,0,1,1,6,1,11,1422,2,6,8,1
"213322","201301PY20364",1,9,0,16,0,0,0,10,7,4,1,1,1,1,7,998,1,14,4,1
"213332","201301PY20365",1,19,0,9,0,0,0,0,0,0,2,1,1,1,9,1560,2,4,10,1
"213342","201301PY20365",2,9,0,18,0,0,0,0,0,0,2,1,6,2,7,1995,2,2,9,1
"213352","201301PY20365",3,19,0,18,0,0,0,0,0,0,1,1,6,1,7,1870,2,10,-1,-1
"213362","201301PY20366",1,9,0,17,0,8,0,0,0,0,1,1,6,1,6,1895,1,12,6,1
"213372","201301PY20366",2,9,0,16,0,8,0,0,0,0,1,1,6,1,8,1997,2,-1,7,3
"213382","201301PY20367",1,9,0,18,0,0,0,0,0,0,1,1,6,2,11,998,1,2,8,1
"213392","201301PY20368",1,9,0,9,0,8,0,0,0,0,4,1,6,1,8,1988,2,10,1,1
"213402","201301PY20368",2,4,0,18,0,8,0,0,0,0,1,1,6,1,5,124,1,-1,3,1
"213412","201301PY20369",1,9,0,9,0,8,0,0,0,0,1,1,6,1,10,-1,-1,-1,8,1
"213422","201301PY20369",2,1,0,18,0,8,0,0,0,0,3,1,6,1,7,-1,-1,-1,9,1
"213432","201301PY20370",1,9,0,18,0,1,0,4,0,0,1,1,6,1,7,1984,1,13,9,1
"213441","201301PY20370",2,9,0,2,0,1,0,0,0,0,2,1,6,2,-1,1598,1,8,2,1
"213451","201301PY20370",3,9,0,2,0,1,0,0,0,0,2,1,6,2,7,1299,1,12,2,1