"","Acc_Index","Vehicle_Reference","Vehicle_Type","Towing_and_Articulation","Vehicle_Manoeuvre","Vehicle_Location.Restricted_Lane","Junction_Location","Skidding_and_Overturning","Hit_Object_in_Carriageway","Vehicle_Leaving_Carriageway","Hit_Object_off_Carriageway","X1st_Point_of_Impact","Was_Vehicle_Left_Hand_Drive","Journey_Purpose_of_Driver","Sex_of_Driver","Age_Band_of_Driver","Engine_Capacity_.CC.","Propulsion_Code","Age_of_Vehicle","Driver_IMD_Decile","Driver_Home_Area_Type"
"213461","201301PY20370",4,9,0,2,0,2,0,0,0,0,2,1,6,2,7,1997,2,7,2,1
"213471","201301PY20371",1,9,0,18,0,1,0,0,0,0,2,1,6,1,9,1389,1,19,6,1
"213482","201301PY20371",2,3,0,18,0,1,0,0,0,0,1,1,6,1,5,124,1,5,3,1
"213492","201301PY20372",1,9,0,18,0,8,0,0,0,0,1,1,6,1,5,-1,-1,-1,10,1
"213502","201301PY20372",2,9,0,9,0,8,0,0,0,0,4,1,6,1,11,2616,1,10,9,1
"213512","201301PY20372",3,9,0,8,0,8,0,0,0,0,1,1,6,1,10,1339,1,2,9,3
"213522","201301PY20373",1,9,0,4,0,1,0,0,0,0,1,1,6,2,5,1390,1,3,-1,-1
"213531","201301PY20373",2,9,0,1,0,6,0,0,0,0,2,1,6,1,11,1796,1,9,5,1
"213542","201301PY20374",1,9,0,18,0,0,0,0,0,0,2,1,6,2,5,1796,1,8,6,1
"213552","201301PY20374",2,9,0,18,0,0,0,0,0,0,1,1,6,1,7,2401,2,10,7,1
"213572","201301PY20377",1,9,0,9,0,5,0,0,0,0,4,1,6,1,11,-1,-1,-1,8,1
"213582","201301PY20377",2,1,0,18,0,1,0,0,0,0,1,1,6,1,7,-1,-1,-1,3,1
"213592","201301PY20378",1,9,0,5,0,1,0,0,0,0,4,1,1,1,7,-1,-1,-1,9,1
"213602","201301PY20379",1,11,0,7,0,8,0,0,0,0,4,1,1,1,9,-1,-1,-1,6,1
"213612","201301PY20379",2,1,0,5,0,8,0,0,0,0,3,1,6,2,8,-1,-1,-1,2,1
"213622","201301PY20380",1,9,0,3,0,1,0,0,0,0,2,1,6,1,9,1968,2,1,9,1
"213631","201301PY20380",2,9,0,3,0,1,0,0,0,0,2,1,6,2,5,1242,1,-1,-1,-1
"213642","201301PY20380",3,9,0,18,0,1,0,0,0,0,1,1,6,1,5,1796,1,11,7,1
"213652","201301PY20381",1,3,0,14,0,1,0,0,0,0,1,1,6,1,9,85,1,16,-1,-1
"213662","201301PY20382",1,9,0,9,0,8,0,0,0,0,4,1,6,1,6,1796,1,10,3,1
"213672","201301PY20382",2,1,0,18,0,8,0,0,0,0,1,1,6,1,6,-1,-1,-1,8,1
"213682","201301PY20384",1,1,0,5,0,1,0,0,0,0,2,1,6,2,5,-1,-1,-1,5,1
"213692","201301PY20384",2,9,0,5,0,1,0,0,0,0,1,1,6,3,-1,-1,-1,-1,-1,-1
"213702","201301PY20385",1,9,0,6,0,1,0,0,1,10,1,1,6,1,6,1198,1,1,4,1
"213712","201301PY20385",2,9,0,18,0,1,0,0,0,0,4,1,6,1,4,-1,-1,-1,1,1
"213722","201301PY20386",1,1,0,17,0,0,0,0,1,0,1,1,6,1,8,-1,-1,-1,4,1
"213732","201301PY20387",1,19,0,9,0,5,0,0,0,0,3,1,1,1,8,1910,2,7,5,2
"213742","201301PY20387",2,5,0,13,0,1,0,0,0,0,1,1,6,2,6,750,1,-1,5,1
"213752","201301PY20389",1,1,0,18,0,2,0,0,0,0,3,1,6,1,8,-1,-1,-1,7,1
"213762","201301PY20389",2,9,0,18,0,2,0,0,0,0,4,1,6,3,-1,-1,-1,-1,-1,-1
"213772","201301PY20390",1,9,0,18,0,0,0,0,0,0,1,1,6,2,7,1332,1,14,1,1
"213782","201301PY20391",1,9,0,7,0,2,0,0,0,0,3,1,6,1,4,-1,-1,-1,1,1
"213792","201301PY20391",2,1,0,18,0,8,0,0,0,0,4,1,6,1,9,-1,-1,-1,10,1
"213802","201301PY20392",1,1,0,18,0,1,0,0,0,0,2,1,6,1,9,-1,-1,-1,5,1
"213812","201301PY20392",2,9,0,18,0,1,0,0,0,0,1,1,6,3,-1,-1,-1,-1,-1,-1
"213822","201301PY20393",1,9,0,3,0,0,0,0,0,0,2,1,6,2,9,1596,1,6,2,1
"213832","201301PY20393",2,19,0,18,0,0,0,0,0,0,1,1,6,1,-1,2151,2,12,-1,-1
"213842","201301PY20394",1,9,0,9,0,5,0,0,0,0,4,1,6,3,-1,-1,-1,-1,-1,-1
"213852","201301PY20394",2,1,0,18,0,1,0,0,0,0,1,1,6,1,6,-1,-1,-1,8,1
"213861","201301PY20396",1,9,0,18,0,8,0,0,0,0,1,1,6,1,6,1598,1,6,4,1
"213871","201301PY20396",2,9,0,18,0,8,0,0,0,0,3,1,6,1,5,1242,1,9,5,1
"213881","201301PY20397",1,9,0,18,0,8,0,0,0,0,4,1,6,2,6,875,1,2,5,1
"213891","201301PY20397",2,9,0,9,0,8,0,0,0,0,1,1,6,2,11,1896,2,10,-1,-1
"213902","201301PY20398",1,9,0,9,0,8,0,0,0,0,1,1,6,1,8,1560,2,1,3,1
"213912","201301PY20398",2,1,0,18,0,8,0,0,0,0,2,1,6,1,7,-1,-1,-1,4,1
"213922","201301PY20399",1,9,0,18,0,8,0,0,0,0,1,1,6,1,5,-1,-1,-1,6,1
"213932","201301PY20399",2,9,0,18,0,8,0,0,0,0,1,1,6,1,8,2799,1,17,-1,-1
"213942","201301PY20400",1,11,0,18,0,8,0,0,0,0,3,1,1,1,9,6700,2,1,9,1
"213952","201301PY20402",1,9,0,9,0,8,0,0,0,0,1,1,6,1,10,1781,1,24,4,1
"213961","201301PY20402",2,9,0,18,0,8,0,0,0,0,4,1,6,1,8,2685,2,8,3,1
"213971","201301PY20404",1,9,0,3,0,8,0,0,0,0,2,1,6,2,4,2000,2,8,-1,-1
"213982","201301PY20404",2,90,0,18,0,8,0,0,0,0,1,1,6,3,-1,2198,2,3,-1,-1
"213992","201301PY20405",1,5,0,18,0,0,0,10,1,2,0,1,6,1,6,1300,1,1,9,1
"214002","201301PY20406",1,9,0,18,0,8,0,0,0,0,1,1,6,1,4,1390,1,3,9,1
"214012","201301PY20408",1,9,0,9,0,8,0,0,0,0,3,1,6,2,4,1196,1,19,10,1
"214022","201301PY20408",2,9,0,18,0,8,0,0,0,0,1,1,6,3,-1,-1,-1,-1,-1,-1
"214032","201301PY20410",1,9,0,3,0,0,0,0,0,0,2,1,6,2,7,1868,2,14,3,1
"214042","201301PY20410",2,9,0,3,0,0,0,0,0,0,2,1,6,2,5,1199,1,12,3,1
"214052","201301PY20410",3,19,0,18,0,0,0,0,0,0,1,1,6,1,10,1995,2,6,1,1
"214062","201301PY20411",1,5,0,18,0,2,0,4,0,0,1,1,6,1,6,599,1,5,5,1
"214072","201301PY20411",2,9,0,2,0,2,0,0,0,0,2,1,6,3,-1,998,1,11,-1,-1
"214081","201301PY20412",1,5,0,14,0,0,0,0,0,0,4,1,6,1,7,750,1,26,-1,-1
"214091","201301PY20412",2,9,0,6,0,0,0,0,0,0,3,1,6,2,6,1596,1,12,-1,-1
"214101","201301PY20413",1,9,0,7,0,8,0,0,0,0,3,1,6,1,6,1299,1,11,6,1
"214112","201301PY20413",2,9,0,18,0,8,0,0,0,0,1,1,6,1,-1,1596,1,3,9,1
"214122","201301PY20414",1,9,0,10,0,8,0,0,0,0,2,1,6,2,4,1242,1,9,7,1
"214132","201301PY20414",2,9,0,4,0,8,0,0,0,0,2,1,6,1,8,1997,2,4,7,1
"214142","201301PY20414",3,9,0,18,0,8,0,0,0,0,1,1,6,2,6,1968,2,4,7,1
"214152","201301PY20416",1,19,0,2,0,1,0,0,0,0,2,1,6,3,-1,1870,2,7,-1,-1
"214162","201301PY20416",2,9,0,1,0,1,0,0,0,0,1,1,6,3,-1,1199,1,14,-1,-1
"214172","201301PY20417",1,9,0,17,0,0,0,10,7,3,1,1,6,2,7,1360,1,15,2,1
"214182","201301PY20418",1,9,0,18,0,0,0,0,0,0,3,1,6,2,8,1124,1,10,5,1
"214192","201301PY20418",2,9,0,18,0,0,0,0,0,0,3,1,6,1,-1,1985,1,15,-1,-1
"214202","201301PY20419",1,9,0,9,9,8,0,0,0,0,1,1,6,1,8,2685,2,9,9,1
"214212","201301PY20419",2,1,0,18,9,8,0,0,0,0,3,1,6,1,5,-1,-1,-1,7,1
"214222","201301PY20420",1,9,0,18,0,8,0,0,0,0,3,1,6,1,11,1598,1,4,3,1
"214232","201301PY20420",2,1,0,18,0,8,0,0,0,0,1,1,6,1,7,-1,-1,-1,10,1
"214241","201301PY20421",1,9,0,18,0,0,0,4,1,10,1,1,6,1,4,1242,1,11,4,1
"214251","201301PY20421",2,9,0,2,0,0,0,0,0,0,3,1,6,3,-1,1895,1,13,-1,-1
"214262","201301PY20423",1,9,0,18,0,0,0,0,0,0,1,1,6,2,9,1598,1,9,10,1
"214272","201301PY20425",1,9,0,7,0,8,0,0,0,0,0,1,6,2,10,1598,2,2,9,3
"214282","201301PY20425",2,3,0,18,0,8,0,0,0,0,0,1,6,1,6,124,1,9,8,1
"214292","201301PY20426",1,9,0,5,0,0,0,0,0,0,3,1,6,1,9,2393,1,7,10,1
"214302","201301PY20426",2,4,0,18,0,0,0,0,0,0,4,1,6,1,7,244,1,12,8,1
"214312","201301PY20427",1,3,0,14,0,2,0,0,0,0,1,1,6,1,4,125,1,10,-1,-1
"214322","201301PY20428",1,19,0,18,0,1,0,0,0,0,4,1,6,3,-1,-1,-1,-1,-1,-1
"214332","201301PY20429",1,9,0,3,0,1,0,0,0,0,2,1,6,2,7,1598,1,9,8,1
"214342","201301PY20429",2,9,0,5,0,1,0,0,0,0,1,1,6,1,-1,1699,1,2,8,1
"214352","201301PY20430",1,1,0,18,0,8,0,0,0,0,3,1,6,1,4,-1,-1,-1,-1,-1
"214362","201301PY20430",2,9,0,17,0,8,0,0,0,0,1,1,6,2,-1,-1,-1,-1,-1,-1
"214372","201301PY20432",1,9,0,9,0,8,0,0,0,0,3,1,6,2,9,-1,-1,-1,4,1
"214382","201301PY20432",2,9,0,9,0,8,0,0,0,0,1,1,6,1,10,2179,2,5,7,1
"214392","201301PY20434",1,5,0,13,0,2,0,0,0,0,4,1,6,1,6,599,1,8,10,1
"214402","201301PY20434",2,9,0,6,0,2,0,0,0,0,3,1,6,2,-1,1299,1,8,-1,-1
"214412","201301PY20435",1,9,0,18,0,0,0,10,1,2,1,1,6,2,8,1796,1,5,1,1
"214422","201301PY20437",1,9,0,18,0,8,0,0,0,0,1,1,6,1,6,1998,1,4,3,1
"214432","201301PY20437",2,5,0,9,0,8,0,0,0,0,2,1,6,1,6,645,1,13,4,1
"214442","201301PY20439",1,9,0,9,0,8,0,0,0,0,3,1,6,2,6,1997,1,10,4,1
"214452","201301PY20439",2,9,0,13,0,8,0,0,0,0,1,1,6,1,-1,1461,2,2,-1,-1
"214462","201301PY20440",1,11,0,4,0,0,0,0,0,0,0,1,1,1,8,4461,2,-1,5,1
"214471","201301PY20441",1,9,0,18,0,8,0,0,0,0,1,1,6,2,6,-1,-1,-1,4,1
"214481","201301PY20441",2,9,0,9,0,8,0,0,0,0,3,1,6,2,5,1598,1,5,9,1
"214493","201301PY20442",1,4,0,18,0,0,0,0,0,0,0,1,6,1,5,-1,-1,-1,10,1
"214502","201301PY20443",1,5,0,18,0,8,0,0,0,0,1,1,6,1,9,1199,1,13,4,1
"214512","201301PY20443",2,9,0,9,0,8,0,0,0,0,4,1,6,1,7,1242,1,10,7,1
"214522","201301PY20444",1,9,0,18,0,8,0,0,0,0,4,1,6,1,-1,-1,-1,-1,-1,-1
"214532","201301PY20444",2,9,0,18,0,8,0,0,0,0,1,1,6,2,5,1686,2,8,3,1
"214542","201301PY20446",1,9,0,18,0,8,0,0,0,0,1,1,6,1,5,-1,-1,-1,2,1
"214552","201301PY20446",2,9,0,9,0,8,0,0,0,0,4,1,6,1,5,1388,1,3,4,1
"214562","201301PY20447",1,9,0,2,0,1,0,0,0,0,1,1,6,1,7,1598,1,11,9,1
"214572","201301PY20447",2,9,0,18,0,1,0,0,0,0,1,1,6,1,8,1586,1,6,4,1
"214582","201301PY20448",1,1,0,18,0,8,0,0,0,0,1,1,6,2,7,-1,-1,-1,9,1
"214592","201301PY20448",2,9,0,7,0,8,0,0,0,0,3,1,6,1,9,1364,1,6,-1,-1
"214602","201301PY20449",1,9,0,9,0,8,0,0,0,0,3,1,6,2,5,1229,1,5,10,1
"214612","201301PY20449",2,4,0,18,0,8,0,0,0,0,1,1,6,1,6,124,1,11,2,1
"214622","201301PY20451",1,9,0,18,0,8,0,0,0,0,1,1,6,1,5,1781,1,12,2,1
"214632","201301PY20451",2,1,0,18,0,8,0,0,0,0,4,1,6,1,8,-1,-1,-1,10,1
"214642","201301PY20452",1,1,0,18,0,0,0,0,0,0,3,1,6,1,9,-1,-1,-1,5,1
"214652","201301PY20452",2,9,0,18,0,0,0,0,0,0,4,1,6,2,-1,-1,-1,-1,-1,-1
"214662","201301PY20454",1,1,0,18,0,8,0,0,0,0,1,1,6,1,6,-1,-1,-1,3,1
"214672","201301PY20454",2,9,0,18,0,8,0,0,0,0,3,1,6,1,-1,1896,2,16,-1,3
"214681","201301PY20455",1,9,0,9,0,8,0,0,0,0,1,1,6,1,-1,1984,1,2,9,1
"214692","201301PY20455",2,9,0,17,0,8,0,10,1,10,4,1,6,2,5,1497,1,11,9,1
"214702","201301PY20456",1,9,0,18,0,1,0,0,0,0,1,1,6,2,8,1598,1,11,4,1
"214712","201301PY20456",2,9,0,4,0,1,0,0,0,0,2,1,6,1,7,1398,1,-1,2,1
"214722","201301PY20457",1,9,0,18,0,1,0,0,0,0,2,1,6,1,9,1560,2,2,8,1
"214732","201301PY20457",2,9,0,18,0,1,0,0,0,0,1,1,6,1,9,1871,2,9,8,1
"214742","201301PY20458",1,9,0,17,0,8,0,0,0,0,4,1,6,2,8,-1,-1,-1,9,1
"214752","201301PY20458",2,9,0,18,0,8,0,0,0,0,1,1,1,1,9,1596,1,10,8,2
"214762","201301PY20459",1,1,0,18,9,8,0,0,0,0,4,1,6,1,6,-1,-1,-1,6,1
"214772","201301PY20459",2,9,0,18,0,8,0,0,0,0,1,1,6,2,-1,1798,1,7,-1,-1
"214781","201301PY20460",1,8,0,18,0,1,0,0,0,0,1,1,1,1,9,1998,2,4,7,1
"214791","201301PY20460",2,9,0,3,0,1,0,0,0,0,2,1,6,1,11,2179,2,2,2,1
"214801","201301PY20460",3,9,0,3,0,1,0,0,0,0,2,1,6,1,8,-1,-1,-1,6,1
"214812","201301PY20461",1,9,0,18,0,8,0,0,0,0,3,1,6,1,6,1796,1,10,1,1
"214822","201301PY20461",2,9,0,18,0,8,0,0,0,0,1,1,6,3,-1,1999,1,8,-1,-1
"214832","201301PY20463",1,9,0,18,0,1,0,0,0,0,1,1,6,2,6,1360,1,8,4,1
"214842","201301PY20464",1,9,0,9,0,5,0,0,0,0,1,1,6,1,11,998,1,14,8,1
"214852","201301PY20464",2,1,0,15,0,1,0,0,0,0,1,1,6,1,7,-1,-1,-1,10,1
"214862","201301PY20465",1,3,0,17,0,0,0,0,0,0,0,1,6,1,5,124,1,4,9,1
"214872","201301PY20466",1,11,0,3,0,0,0,0,0,0,0,1,1,1,5,9000,2,10,9,1
"214882","201301PY20467",1,9,0,3,0,1,0,0,0,0,1,1,6,1,6,1390,1,9,2,1
"214892","201301PY20467",2,9,0,1,0,1,0,0,0,0,2,1,6,1,-1,-1,-1,-1,-1,-1
"214902","201301PY20468",1,1,0,18,0,2,0,8,0,0,1,1,2,1,8,-1,-1,-1,2,1
"214912","201301PY20468",2,9,0,2,0,2,0,0,0,0,3,1,6,3,-1,-1,-1,-1,-1,-1
"214923","201301PY20469",1,1,0,18,0,1,0,0,0,0,3,1,6,1,3,-1,-1,-1,9,1
"214933","201301PY20469",2,11,0,13,0,1,0,0,0,0,4,1,6,3,-1,3900,2,8,-1,-1
"214962","201301PY20471",1,19,0,18,0,0,0,0,0,0,4,1,6,3,-1,-1,-1,-1,-1,-1
"214972","201301PY20472",1,9,0,3,0,0,0,0,0,0,1,1,6,1,6,1586,1,4,2,1
"214982","201301PY20472",2,9,0,1,0,0,0,0,0,0,2,1,6,2,-1,1998,1,19,7,1
"214992","201301PY20473",1,11,0,4,0,0,0,0,0,0,4,1,1,1,-1,-1,-1,-1,-1,-1
"215002","201301PY20474",1,9,0,18,0,0,0,0,0,0,1,1,6,1,10,-1,-1,-1,9,1
"215012","201301PY20474",2,9,0,18,3,0,0,0,0,0,1,1,6,3,-1,-1,-1,-1,-1,-1
"215022","201301PY20477",1,19,0,18,0,0,0,0,0,0,1,1,1,1,9,2402,2,3,-1,-1
"215032","201301PY20478",1,9,0,18,0,8,0,0,0,0,3,1,6,2,8,1390,1,6,10,1
"215042","201301PY20478",2,5,0,18,0,8,0,0,0,0,1,1,6,1,6,599,1,4,3,1
"215052","201301PY20479",1,3,0,18,0,1,0,0,0,0,1,1,6,1,-1,124,1,5,3,1
"215062","201301PY20480",1,9,0,18,0,8,0,0,0,0,1,1,6,1,5,1769,1,11,-1,-1
"215072","201301PY20480",2,9,0,9,0,8,0,0,0,0,4,1,6,2,9,-1,-1,-1,-1,-1
"215081","201301PY20481",1,11,0,18,0,1,0,0,0,0,0,1,1,2,8,4500,2,1,8,1
"215091","201301PY20483",1,8,0,18,0,0,0,0,0,0,1,1,6,3,-1,1995,2,9,-1,-1
"215102","201301PY20484",1,9,0,18,0,2,0,0,0,0,4,1,6,3,-1,-1,-1,-1,-1,-1
"215112","201301PY20485",1,9,0,7,0,8,0,0,0,0,3,1,6,2,7,1984,1,8,9,1
"215122","201301PY20485",2,1,0,18,0,8,0,0,0,0,1,1,6,1,7,-1,-1,-1,2,1
"215131","201301PY20486",1,11,0,18,0,0,0,0,0,0,3,1,1,1,7,4461,2,-1,2,1
"215141","201301PY20486",2,9,0,18,0,0,0,0,0,0,3,1,6,1,11,1598,1,4,5,1
"215151","201301PY20486",3,9,0,18,0,0,0,0,0,0,1,1,6,1,4,1994,2,22,9,1
"215162","201301PY20487",1,11,0,4,0,8,0,0,0,0,0,1,1,1,-1,6871,2,6,8,1
"215172","201301PY20489",1,11,0,4,0,1,0,0,0,0,0,1,1,2,5,9000,2,7,3,1
"215182","201301PY20490",1,9,0,4,0,1,0,0,0,0,1,1,6,1,8,2793,1,13,6,1
"215192","201301PY20491",1,9,0,9,0,8,0,0,0,0,2,1,6,2,5,1329,1,1,8,1
"215202","201301PY20491",2,9,0,18,0,8,0,0,0,0,1,1,6,1,-1,1984,1,2,9,1
"215212","201301PY20492",1,9,0,18,0,8,0,0,0,0,1,1,3,2,8,1098,1,-1,8,1
"215222","201301PY20492",2,9,0,18,0,8,0,0,0,0,2,1,6,1,6,1800,1,14,2,1
"215232","201301PY20493",1,19,0,18,0,0,0,0,0,0,1,1,6,1,6,2464,2,6,4,1
"215242","201301PY20493",2,9,0,3,0,0,0,0,0,0,2,1,6,2,8,1599,1,9,7,1
"215252","201301PY20493",3,9,0,3,0,0,0,0,0,0,2,1,6,1,8,3199,1,14,2,1
"215262","201301PY20494",1,9,0,18,0,0,0,0,2,10,4,1,6,2,6,-1,-1,-1,6,1
"215272","201301PY20494",2,21,0,18,0,0,0,0,0,0,3,1,6,1,-1,-1,-1,-1,-1,-1
"215282","201301PY20495",1,9,0,18,0,8,0,0,0,0,3,1,6,2,7,1783,1,11,9,1
"215292","201301PY20495",2,9,0,7,0,8,0,0,0,0,1,1,6,1,11,1598,1,2,8,1
"215302","201301PY20496",1,1,0,18,0,8,0,0,0,0,4,1,2,2,8,-1,-1,-1,4,3
"215312","201301PY20496",2,19,0,9,0,8,0,0,0,0,1,1,6,1,-1,2198,2,2,-1,-1
"215322","201301PY20498",1,9,0,16,0,0,0,10,1,0,1,1,6,2,11,1248,1,1,9,1
"215332","201301PY20499",1,9,0,10,0,1,0,0,0,0,2,1,6,2,8,2995,1,11,3,1
"215342","201301PY20499",2,4,0,18,0,1,0,0,0,0,1,1,6,1,8,1000,1,11,9,1
"215352","201301PY20500",1,1,0,18,0,0,0,0,0,0,0,1,6,1,8,-1,-1,-1,9,1
"215362","201301PY20501",1,9,0,18,0,1,0,0,0,0,1,1,6,2,8,1598,1,5,6,1
"215372","201301PY20501",2,9,0,18,0,2,0,0,0,0,1,1,6,1,7,-1,-1,-1,6,2
"215382","201301PY20502",1,1,0,18,0,8,0,0,0,0,1,1,6,1,8,-1,-1,-1,7,1
"215391","201301PY20502",2,9,0,9,0,8,0,0,0,0,3,1,6,2,-1,1198,1,3,-1,-1
"215401","201301PY20503",1,3,0,18,0,1,0,7,0,0,1,1,6,1,6,125,1,5,-1,-1
"215412","201301PY20504",1,1,0,16,0,8,0,0,0,0,3,1,6,1,4,-1,-1,-1,4,1
"215422","201301PY20504",2,9,0,16,0,8,0,0,0,0,4,1,6,1,7,2792,1,18,-1,-1
"215432","201301PY20505",1,11,0,7,0,2,0,0,0,0,0,1,1,1,8,6370,2,1,3,1
"215442","201301PY20506",1,8,0,18,0,8,0,0,0,0,3,1,2,1,8,1598,1,8,3,1
"215452","201301PY20506",2,9,0,18,0,8,0,0,0,0,1,1,6,1,5,1598,1,12,3,1
"215462","201301PY20507",1,3,0,18,0,0,0,10,0,0,4,1,6,1,4,125,1,3,4,1
"215472","201301PY20508",1,5,0,18,0,8,0,0,0,0,4,1,1,1,8,595,1,13,5,1
"215482","201301PY20508",2,9,0,7,0,8,0,0,0,0,1,1,1,1,9,1997,2,2,7,1
"215492","201301PY20509",1,5,0,18,0,8,0,0,0,0,3,1,1,1,9,1002,1,16,-1,-1
"215502","201301PY20509",2,9,0,18,0,8,0,0,0,0,1,1,1,1,6,1149,1,3,4,1
"215512","201301PY20510",1,9,0,18,0,8,0,0,0,0,4,1,6,1,8,1299,1,19,4,1
"215522","201301PY20510",2,9,0,9,0,8,0,0,0,0,1,1,6,2,6,2400,2,2,2,1
"215532","201301PY20511",1,19,0,9,0,8,0,0,0,0,1,1,6,1,8,1870,2,11,3,1
"215542","201301PY20511",2,9,0,9,0,8,0,0,0,0,2,1,6,2,8,1242,1,6,6,1
"215552","201301PY20512",1,9,0,3,0,1,0,0,0,0,2,1,6,2,8,1386,1,6,7,3
"215562","201301PY20512",2,9,0,18,0,1,0,0,0,0,1,1,6,2,-1,1997,2,4,9,1
"215572","201301PY20513",1,9,0,9,0,8,0,0,0,0,1,1,2,1,8,1999,1,11,2,1
"215582","201301PY20513",2,1,0,18,0,8,0,0,0,0,4,1,2,1,7,-1,-1,-1,9,1
"215592","201301PY20514",1,9,0,18,0,0,0,10,7,2,4,1,6,2,7,-1,-1,-1,8,1
"215602","201301PY20514",2,9,0,6,0,0,0,0,0,0,3,1,6,1,6,1968,2,6,8,1
"215611","201301PY20515",1,9,0,18,0,0,0,0,0,0,1,1,3,2,4,1596,1,3,-1,-1
"215621","201301PY20516",1,9,0,17,0,8,0,10,1,0,4,1,6,2,7,1364,1,7,2,1
"215632","201301PY20517",1,9,0,18,0,0,0,0,0,0,1,1,6,2,7,1997,1,4,5,1
"215642","201301PY20518",1,19,0,18,9,0,0,10,1,10,1,1,6,1,5,2198,2,6,10,1
"215652","201301PY20519",1,11,0,5,0,0,0,0,0,0,1,1,1,1,9,6700,2,7,9,1
"215662","201301PY20520",1,11,0,18,0,0,0,0,0,0,0,1,1,1,6,9000,2,10,8,1
"215672","201301PY20522",1,9,0,18,0,0,0,10,1,2,1,1,6,2,7,2378,1,10,6,1
"215682","201301PY20523",1,9,0,18,0,0,0,0,0,0,1,1,6,2,10,-1,-1,-1,10,1
"215692","201301PY20523",2,1,0,18,9,0,0,0,0,0,1,1,6,1,2,-1,-1,-1,-1,-1
"215702","201301PY20524",1,3,0,9,0,8,0,0,0,0,3,1,6,1,7,124,1,5,5,1
"215712","201301PY20524",2,9,0,9,0,8,0,0,0,0,3,1,6,1,6,-1,-1,-1,6,1
"215722","201301PY20525",1,2,0,7,0,2,0,4,0,0,2,1,6,1,5,124,1,-1,7,2
"215732","201301PY20525",2,19,0,7,0,2,0,0,0,0,1,1,6,3,-1,-1,-1,-1,-1,-1
"215742","201301PY20525",3,9,0,2,0,2,0,0,0,0,2,1,6,1,7,1998,1,8,10,1
"215752","201301PY20526",1,9,0,18,0,0,0,0,0,0,1,1,6,2,8,1400,1,14,3,1
"215762","201301PY20527",1,1,0,18,0,0,0,0,0,0,1,1,6,1,4,-1,-1,-1,10,1
"215772","201301PY20529",1,21,0,1,0,1,0,0,0,0,2,1,1,1,7,-1,-1,-1,-1,-1
"215782","201301PY20529",2,9,0,3,0,1,0,0,0,0,1,1,6,2,6,1199,1,9,6,1
"215792","201301PY20531",1,11,0,5,0,2,0,0,0,0,0,1,1,2,7,-1,-1,-1,5,1
"215802","201301PY20532",1,19,0,18,0,2,0,0,0,0,3,1,6,1,-1,1995,2,-1,2,1
"215812","201301PY20532",2,9,0,13,0,2,0,0,0,0,4,1,6,2,-1,1299,1,13,-1,-1
"215822","201301PY20533",1,19,0,14,0,1,0,0,0,0,1,1,1,1,9,1995,2,4,7,1
"215832","201301PY20534",1,19,0,7,0,2,0,0,0,0,4,1,1,1,8,4461,2,3,5,1
"215842","201301PY20535",1,9,0,3,0,0,0,0,0,0,2,1,1,1,6,998,1,2,9,1
"215852","201301PY20535",2,9,0,4,0,0,1,0,0,0,1,1,6,2,6,1124,1,8,10,1
"215861","201301PY20536",1,9,0,18,0,0,0,0,0,0,1,1,6,2,5,1995,1,3,6,1
"215871","201301PY20536",2,9,0,1,0,0,0,0,0,0,2,1,6,3,-1,-1,-1,-1,-1,-1
"215902","201301PY20538",1,9,0,18,0,1,0,0,0,0,1,1,6,2,10,1582,2,3,7,1
"215912","201301PY20539",1,9,0,18,0,1,5,0,0,0,1,1,6,1,5,1598,1,9,10,1
"215922","201301PY20540",1,9,0,18,0,0,0,0,0,0,1,1,1,1,9,1796,1,5,1,1
"215932","201301PY20540",2,9,0,18,0,0,0,0,0,0,1,1,6,3,-1,-1,-1,-1,-1,-1
"215942","201301PY20541",1,9,0,17,0,0,0,0,0,0,4,1,6,3,-1,-1,-1,-1,-1,-1
"215952","201301PY20543",1,9,0,9,0,0,0,0,0,0,3,1,6,2,5,1596,1,10,6,1
"215962","201301PY20543",2,3,0,18,0,0,0,0,0,0,1,1,6,1,-1,599,1,11,10,1
"215972","201301PY20544",1,9,0,18,0,1,0,0,0,0,1,1,6,1,6,1598,1,1,2,1
"215982","201301PY20547",1,9,0,18,0,1,0,0,0,0,1,1,6,1,6,1596,1,3,7,1
"215992","201301PY20547",2,9,0,7,0,6,0,0,0,0,4,1,6,1,8,1781,1,12,2,1
"216002","201301PY20549",1,11,0,18,0,1,0,0,0,0,0,1,1,1,6,8268,2,9,4,2
"216011","201301PY20550",1,9,0,18,0,1,0,0,0,0,1,1,6,2,6,1997,1,2,6,1
"216022","201301PY20551",1,9,0,18,0,8,0,0,0,0,3,1,6,2,6,1124,1,11,4,1
"216032","201301PY20551",2,9,0,5,0,8,0,0,0,0,1,1,6,1,9,1590,1,17,9,1