"","Acc_Index","Vehicle_Reference","Vehicle_Type","Towing_and_Articulation","Vehicle_Manoeuvre","Vehicle_Location.Restricted_Lane","Junction_Location","Skidding_and_Overturning","Hit_Object_in_Carriageway","Vehicle_Leaving_Carriageway","Hit_Object_off_Carriageway","X1st_Point_of_Impact","Was_Vehicle_Left_Hand_Drive","Journey_Purpose_of_Driver","Sex_of_Driver","Age_Band_of_Driver","Engine_Capacity_.CC.","Propulsion_Code","Age_of_Vehicle","Driver_IMD_Decile","Driver_Home_Area_Type"
"216042","201301PY20552",1,9,0,18,0,1,0,0,0,0,1,1,6,2,4,1199,1,11,1,1
"216052","201301PY20552",2,9,0,9,0,6,0,0,0,0,3,1,6,2,10,1399,2,2,4,1
"216062","201301PY20553",1,9,0,8,0,1,0,0,0,0,2,1,6,2,9,1386,1,9,9,1
"216072","201301PY20553",2,9,0,18,0,1,0,0,0,0,1,1,6,3,-1,-1,-1,-1,-1,-1
"216082","201301PY20554",1,9,0,18,0,1,0,7,0,0,1,1,6,1,4,998,1,10,9,1
"216092","201301PY20555",1,9,0,18,0,2,0,0,0,0,4,1,6,3,-1,-1,-1,-1,-1,-1
"216102","201301PY20556",1,9,0,4,0,1,0,0,0,0,1,1,6,2,6,2996,1,4,9,1
"216112","201301PY20556",2,19,0,4,0,1,0,0,0,0,2,1,1,1,5,-1,-1,-1,10,1
"216122","201301PY20557",1,9,0,1,0,0,0,0,0,0,2,1,6,2,-1,-1,-1,-1,-1,-1
"216132","201301PY20558",1,11,0,18,0,2,0,0,0,0,0,1,6,1,7,9000,2,7,4,1
"216142","201301PY20559",1,9,0,3,0,1,0,0,0,0,0,1,6,1,6,1242,1,11,6,1
"216152","201301PY20559",2,9,0,18,0,1,0,0,0,0,1,1,6,2,-1,1598,1,6,9,1
"216162","201301PY20560",1,19,0,3,0,1,0,0,0,0,2,1,6,1,9,2198,2,1,7,1
"216171","201301PY20560",2,9,0,4,0,1,0,0,0,0,2,1,6,1,7,1896,2,6,4,1
"216182","201301PY20561",1,9,0,9,0,8,0,0,0,0,4,1,6,2,9,-1,-1,-1,4,1
"216192","201301PY20561",2,19,0,9,0,8,0,0,0,0,0,1,6,1,7,1995,2,5,4,1
"216202","201301PY20562",1,9,0,10,0,1,0,0,0,0,2,1,6,2,8,1598,1,10,3,1
"216212","201301PY20562",2,9,0,3,0,1,0,0,0,0,2,1,6,1,7,-1,-1,-1,4,1
"216222","201301PY20562",3,9,0,18,0,1,0,0,0,0,1,1,6,2,6,1598,1,9,5,1
"216232","201301PY20563",1,9,0,16,0,1,0,0,0,0,4,1,6,1,6,1794,1,10,2,1
"216242","201301PY20563",2,9,0,7,0,8,0,0,0,0,1,1,6,2,6,1299,1,8,-1,-1
"216251","201301PY20565",1,9,0,3,0,1,0,0,0,0,2,1,6,2,5,1598,1,6,6,1
"216261","201301PY20565",2,9,0,18,0,1,0,0,0,0,1,1,6,3,-1,-1,-1,-1,-1,-1
"216272","201301PY20566",1,11,0,5,0,2,0,0,0,0,0,1,1,1,8,6700,2,1,5,1
"216282","201301PY20567",1,9,0,9,0,8,0,0,0,0,4,1,6,1,6,1389,1,10,2,1
"216292","201301PY20567",2,9,0,18,0,8,0,0,0,0,1,1,6,1,10,-1,-1,-1,5,1
"216302","201301PY20568",1,9,0,18,0,1,0,0,0,0,1,1,6,2,-1,1997,1,12,3,1
"216312","201301PY20568",2,9,0,3,0,1,0,0,0,0,2,1,6,2,8,3199,1,11,3,1
"216322","201301PY20570",1,9,0,6,0,0,0,0,0,0,1,1,6,2,7,1798,1,1,1,1
"216332","201301PY20570",2,9,0,18,0,0,0,0,0,0,3,1,6,2,9,1991,2,4,-1,-1
"216342","201301PY20571",1,9,0,16,0,0,0,0,0,0,1,1,6,1,5,1596,1,11,6,1
"216352","201301PY20572",1,9,0,9,0,1,0,0,0,0,3,1,6,2,8,1596,1,5,3,1
"216362","201301PY20572",2,9,0,14,0,1,0,0,0,0,4,1,6,1,8,-1,-1,-1,7,1
"216372","201301PY20573",1,11,0,5,0,1,0,0,0,0,0,1,1,1,7,-1,-1,-1,6,1
"216382","201301PY20574",1,9,0,4,0,0,0,0,0,0,1,1,6,1,11,1582,2,-1,9,1
"216392","201301PY20574",2,9,0,2,0,0,0,0,0,0,2,1,6,3,-1,1997,1,6,-1,-1
"216401","201301PY20575",1,9,0,18,0,0,0,0,0,0,1,1,6,2,8,1242,1,-1,10,1
"216411","201301PY20576",1,9,0,9,0,5,0,0,0,0,3,1,6,1,7,999,1,2,8,1
"216421","201301PY20576",2,3,0,13,0,1,0,0,0,0,1,1,6,1,6,124,1,11,4,1
"216431","201301PY20577",1,8,0,18,0,2,0,7,0,0,1,1,1,1,5,1910,2,3,6,1
"216442","201301PY20578",1,9,0,5,0,6,0,0,0,0,1,1,6,2,10,-1,-1,-1,8,1
"216452","201301PY20578",2,9,0,18,0,1,0,0,0,0,4,1,6,1,4,1968,2,5,-1,-1
"216462","201301PY20579",1,9,0,10,0,1,0,0,0,0,2,1,6,2,6,1360,1,9,10,1
"216472","201301PY20579",2,9,0,18,0,1,0,0,0,0,1,1,6,1,7,-1,-1,-1,9,1
"216482","201301PY20580",1,9,0,18,0,2,0,0,0,0,1,1,6,1,4,954,1,20,4,1
"216492","201301PY20581",1,1,0,13,0,8,0,0,0,0,4,1,6,1,7,-1,-1,-1,3,1
"216502","201301PY20581",2,9,0,9,0,8,0,0,0,0,3,1,6,1,-1,1991,2,10,-1,-1
"216512","201301PY20582",1,9,0,18,0,2,0,0,0,0,4,1,6,3,-1,-1,-1,-1,-1,-1
"216521","201301PY20583",1,3,0,3,0,1,0,0,0,0,2,1,6,2,-1,124,1,-1,5,1
"216531","201301PY20583",2,9,0,18,0,1,0,0,0,0,1,1,6,3,-1,1360,1,9,-1,-1
"216542","201301PY20584",1,3,0,5,0,2,0,0,0,0,4,1,6,1,4,124,1,-1,2,1
"216552","201301PY20584",2,9,0,14,0,2,0,0,0,0,3,1,1,1,6,1896,2,8,2,1
"216562","201301PY20585",1,9,0,3,0,0,0,0,0,0,2,1,6,2,8,1248,1,-1,4,1
"216572","201301PY20585",2,9,0,18,0,0,0,0,0,0,1,1,6,1,7,-1,-1,-1,3,1
"216582","201301PY20585",3,11,0,18,0,0,0,0,0,0,2,1,1,1,9,-1,2,13,5,1
"216612","201301PY20587",1,9,0,4,0,0,0,0,0,0,2,1,6,2,8,1196,1,16,-1,-1
"216622","201301PY20587",2,9,0,4,0,0,0,0,0,0,2,1,6,1,6,1910,2,7,3,1
"216632","201301PY20587",3,9,0,18,0,0,0,0,0,0,1,1,6,1,7,1596,1,1,4,1
"216642","201301PY20588",1,9,0,9,0,2,0,0,0,0,1,1,6,2,6,1339,1,4,-1,-1
"216652","201301PY20590",1,9,0,9,0,8,0,0,0,0,3,1,6,1,6,998,1,6,3,1
"216662","201301PY20590",2,9,0,18,0,8,0,0,0,0,3,1,6,2,9,1388,1,3,7,1
"216672","201301PY20591",1,9,0,18,0,1,0,0,0,0,1,1,6,1,5,1242,1,4,5,1
"216681","201301PY20592",1,9,0,9,0,5,0,0,0,0,4,1,6,2,5,1598,1,7,10,1
"216691","201301PY20592",2,1,0,18,0,1,0,0,0,0,1,1,6,1,6,-1,-1,-1,-1,-1
"216702","201301PY20593",1,9,0,5,0,0,0,0,0,0,3,1,6,1,8,1560,2,1,10,1
"216712","201301PY20593",2,9,0,18,0,0,0,0,0,0,1,1,6,2,7,1198,1,10,10,1
"216722","201301PY20594",1,11,0,5,0,1,0,0,0,0,0,1,1,1,9,4500,2,5,3,1
"216732","201301PY20595",1,9,0,18,0,0,0,11,0,0,4,1,6,1,6,1296,1,6,10,1
"216742","201301PY20596",1,9,0,9,0,5,0,0,0,0,4,1,6,1,9,1560,2,6,3,1
"216752","201301PY20597",1,9,0,2,0,1,0,0,0,0,3,1,6,2,7,1800,1,13,5,1
"216762","201301PY20597",2,1,0,18,0,1,0,8,0,0,1,1,6,1,8,-1,-1,-1,4,1
"216772","201301PY20598",1,9,0,18,0,8,0,0,0,0,3,1,6,2,4,1388,1,8,6,1
"216782","201301PY20598",2,9,0,18,0,8,0,0,0,0,1,1,6,1,6,1124,1,10,-1,-1
"216792","201301PY20599",1,9,0,18,0,1,0,0,0,0,1,1,6,2,8,1598,1,10,10,1
"216802","201301PY20601",1,9,0,18,0,8,0,0,0,0,1,1,6,1,4,2792,1,11,4,1
"216812","201301PY20601",2,9,0,18,0,8,0,0,0,0,4,1,2,1,8,1995,2,1,-1,-1
"216822","201301PY20602",1,9,0,18,0,2,0,0,0,0,1,1,6,3,-1,1124,1,11,-1,-1
"216832","201301PY20603",1,11,0,5,0,0,0,0,0,0,0,1,1,1,6,6700,2,1,2,1
"216842","201301PY20604",1,11,0,18,0,0,0,0,0,0,0,1,1,1,9,9000,2,7,2,1
"216852","201301PY20605",1,9,0,9,0,8,0,0,0,0,4,1,6,1,5,1124,1,10,10,1
"216862","201301PY20605",2,9,0,18,0,8,0,0,0,0,1,1,6,2,6,1391,1,20,3,1
"216872","201301PY20606",1,9,0,16,0,0,0,0,0,0,1,1,6,1,8,1997,2,6,7,3
"216882","201301PY20606",2,9,0,17,0,0,0,0,0,0,1,1,6,1,6,-1,-1,-1,2,1
"216892","201301PY20608",1,9,0,18,0,1,0,0,0,0,4,1,6,1,7,1242,1,3,3,1
"216902","201301PY20608",2,9,0,7,0,6,0,0,0,0,3,1,1,1,-1,2993,2,5,9,1
"216912","201301PY20609",1,9,0,18,0,8,0,0,0,0,4,1,6,2,6,1124,1,12,5,1
"216922","201301PY20609",2,9,0,18,0,8,0,0,0,0,1,1,6,1,-1,1686,2,4,-1,-1
"216932","201301PY20610",1,9,0,7,0,8,0,0,0,0,3,1,6,2,6,1988,1,12,6,1
"216942","201301PY20610",2,9,0,18,0,8,0,0,0,0,1,1,6,2,9,1587,1,7,8,1
"216952","201301PY20611",1,11,0,7,0,1,0,0,0,0,4,1,1,1,6,9000,2,10,5,1
"216961","201301PY20611",2,9,0,15,0,1,0,0,0,0,3,1,6,2,5,998,1,3,4,1
"216971","201301PY20612",1,9,0,18,0,1,0,0,0,0,1,1,6,1,5,1560,2,2,-1,-1
"216982","201301PY20612",2,9,0,9,0,1,0,0,0,0,3,1,6,1,9,1840,1,14,10,1
"216992","201301PY20613",1,9,0,16,0,0,0,0,0,0,1,1,6,1,4,998,1,9,7,1
"217002","201301PY20613",2,9,0,17,0,0,0,0,0,0,1,1,6,1,9,-1,-1,-1,9,1
"217012","201301PY20614",1,9,0,18,0,1,1,0,0,0,1,1,6,2,8,1598,1,8,4,1
"217022","201301PY20614",2,9,0,4,0,1,0,0,0,0,2,1,6,1,6,1598,1,14,-1,-1
"217032","201301PY20614",3,19,0,4,0,1,0,0,0,0,2,1,6,1,7,-1,-1,-1,-1,-1
"217042","201301PY20614",4,9,0,4,0,1,0,0,0,0,2,1,6,1,10,1149,1,5,4,1
"217052","201301PY20615",1,9,0,3,0,1,0,0,0,0,2,1,6,2,8,998,1,4,9,1
"217062","201301PY20615",2,9,0,18,0,1,0,0,0,0,1,1,6,1,9,1289,1,16,6,1
"217072","201301PY20616",1,9,0,2,0,0,0,0,0,0,3,1,6,2,4,1910,2,5,9,1
"217082","201301PY20616",2,9,0,18,0,0,0,8,0,0,4,1,6,2,-1,1399,2,1,-1,-1
"217092","201301PY20617",1,9,0,2,0,0,0,0,0,0,2,1,1,1,6,-1,-1,-1,-1,-1
"217102","201301PY20617",2,9,0,18,0,0,0,4,0,0,1,1,6,1,11,1198,1,1,9,1
"217112","201301PY20618",1,9,0,18,0,1,0,4,0,0,1,1,6,1,8,-1,-1,-1,8,1
"217122","201301PY20618",2,9,0,2,0,2,0,0,0,0,2,1,6,3,-1,-1,-1,-1,-1,-1
"217132","201301PY20619",1,9,0,17,0,8,0,0,0,0,4,1,6,2,10,1386,1,6,7,1
"217142","201301PY20619",2,9,0,18,0,8,0,0,0,0,1,1,6,1,8,3824,1,8,8,1
"217152","201301PY20619",3,9,0,18,0,8,0,0,0,0,1,1,6,1,5,1198,1,3,7,3
"217161","201301PY20620",1,9,0,14,0,2,0,0,0,0,1,1,6,1,10,1598,1,5,7,3
"217171","201301PY20621",1,9,0,18,0,2,0,0,0,0,1,1,6,2,10,1339,1,1,8,1
"217182","201301PY20623",1,9,0,9,0,2,0,10,1,1,1,1,6,3,-1,1995,2,8,-1,-1
"217191","201301PY20624",1,9,0,3,0,0,0,0,0,0,4,1,6,2,8,1596,1,10,3,1
"217201","201301PY20624",2,1,0,15,0,0,0,0,0,0,3,1,6,2,6,-1,-1,-1,3,1
"217212","201301PY20625",1,9,0,18,0,0,0,0,1,4,1,1,6,2,5,1198,1,7,2,1
"217222","201301PY20626",1,9,0,18,0,1,0,0,0,0,1,1,6,1,7,1997,2,10,7,1
"217231","201301PY20626",2,9,0,4,0,1,0,0,0,0,2,1,6,2,7,1490,1,4,4,1
"217241","201301PY20627",1,9,0,18,0,1,0,0,0,0,1,1,6,1,6,1395,1,-1,10,1
"217252","201301PY20628",1,9,0,18,0,0,0,10,1,2,1,1,1,1,11,998,1,1,8,1
"217302","201301PY20630",1,9,0,3,0,0,0,8,0,0,4,1,6,1,9,1984,1,4,7,1
"217312","201301PY20630",2,9,0,14,0,0,0,0,0,0,3,1,6,1,7,2495,2,8,-1,-1
"217322","201301PY20631",1,9,0,7,0,5,0,0,0,0,4,1,6,2,5,1198,1,-1,7,1
"217332","201301PY20631",2,1,0,15,0,1,0,0,0,0,1,1,6,1,4,-1,-1,-1,2,1
"217342","201301PY20632",1,1,0,17,0,8,0,0,0,0,4,1,6,1,9,-1,-1,-1,9,1
"217352","201301PY20632",2,9,0,5,0,8,0,0,0,0,1,1,6,2,-1,1598,1,-1,2,1
"217361","201301PY20633",1,1,0,18,0,0,0,11,0,0,1,1,6,1,7,-1,-1,-1,8,1
"217371","201301PY20634",1,9,0,18,0,2,0,0,0,0,1,1,6,2,-1,996,1,2,3,1
"217381","201301PY20635",1,9,0,18,0,8,0,0,0,0,1,1,6,1,9,1991,2,8,4,1
"217392","201301PY20635",2,9,0,9,0,8,0,0,0,0,3,1,6,2,5,1149,1,2,8,1
"217401","201301PY20636",1,5,0,4,0,2,0,0,0,0,1,1,6,1,5,891,1,25,9,3
"217411","201301PY20636",2,9,0,3,0,2,0,0,0,0,2,1,6,1,8,1968,2,3,10,1
"217422","201301PY20637",1,9,0,4,0,1,0,0,0,0,2,1,6,2,6,1600,1,10,4,1
"217432","201301PY20637",2,9,0,18,0,1,0,0,0,0,1,1,6,3,-1,1951,2,9,-1,-1
"217441","201301PY20638",1,9,0,9,0,8,0,0,0,0,3,1,6,1,11,1796,1,5,10,1
"217451","201301PY20638",2,3,0,18,0,8,0,0,0,0,1,1,6,1,6,124,1,5,4,1
"217463","201301PY20639",1,11,0,17,0,1,0,0,0,0,1,1,6,1,9,-1,2,10,8,1
"217472","201301PY20640",1,9,0,5,0,2,0,0,0,0,1,1,6,3,-1,-1,-1,-1,-1,-1
"217482","201301PY20641",1,9,0,18,0,8,0,0,0,0,3,1,1,1,6,1679,1,14,2,1
"217492","201301PY20641",2,9,0,18,0,8,0,0,0,0,1,1,1,1,-1,-1,-1,-1,-1,-1
"217502","201301PY20642",1,9,0,18,0,2,0,0,0,0,1,1,6,2,-1,1341,1,8,-1,-1
"217512","201301PY20644",1,9,0,18,0,0,0,0,0,0,1,1,6,1,7,1968,2,1,8,1
"217522","201301PY20644",2,9,0,18,0,0,0,0,0,0,1,1,6,2,8,1995,2,1,5,1
"217532","201301PY20645",1,9,0,18,0,8,0,0,0,0,1,1,6,2,10,1390,1,10,6,1
"217542","201301PY20645",2,19,0,18,0,8,0,0,0,0,4,1,1,1,8,2179,2,10,5,1
"217552","201301PY20646",1,9,0,4,0,2,0,0,0,0,3,1,6,2,8,1796,1,4,7,1
"217562","201301PY20648",1,1,0,18,0,0,0,0,0,0,3,1,6,2,6,-1,-1,-1,3,1
"217572","201301PY20648",2,19,0,13,0,0,0,0,0,0,4,1,6,3,-1,2148,2,6,-1,-1
"217582","201301PY20649",1,9,0,18,0,0,0,0,0,0,3,1,6,3,-1,-1,-1,-1,-1,-1
"217592","201301PY20650",1,9,0,7,0,0,0,12,7,10,1,1,6,2,4,1400,1,7,5,1
"217602","201301PY20651",1,3,0,18,0,1,0,0,0,0,1,1,6,3,-1,-1,-1,-1,-1,-1
"217611","201301PY20652",1,9,0,9,0,0,0,0,0,0,1,1,6,1,7,1796,1,7,1,1
"217621","201301PY20653",1,9,0,9,0,8,0,0,0,0,1,1,6,2,6,1995,2,-1,7,1
"217631","201301PY20653",2,5,0,18,0,8,0,0,0,0,4,1,6,1,6,-1,-1,-1,9,1
"217641","201301PY20654",1,9,0,9,0,8,0,0,0,0,1,1,6,1,-1,-1,-1,-1,-1,-1
"217651","201301PY20654",2,9,0,9,0,8,0,0,0,0,3,1,6,2,8,1796,1,5,7,1
"217662","201301PY20655",1,4,0,13,0,8,0,0,0,0,4,1,6,1,7,299,1,-1,3,1
"217671","201301PY20655",2,9,0,9,0,8,0,0,0,0,3,1,6,1,4,1390,1,9,3,1
"217681","201301PY20656",1,1,0,18,0,8,0,0,0,0,1,1,6,1,7,-1,-1,-1,-1,-1
"217692","201301PY20656",2,19,0,9,0,8,0,0,0,0,3,1,6,1,8,-1,-1,-1,-1,-1
"217702","201301PY20657",1,11,0,18,0,1,0,0,0,0,0,1,1,1,7,4500,2,1,1,1
"217712","201301PY20658",1,9,0,3,0,1,0,0,0,0,2,1,6,1,5,1587,1,14,9,1
"217722","201301PY20658",2,9,0,18,0,8,0,0,0,0,1,1,6,2,-1,1242,1,10,-1,-1
"217732","201301PY20658",3,9,0,3,0,1,0,0,0,0,2,1,6,2,-1,1560,2,7,-1,-1
"217742","201301PY20659",1,9,0,18,0,2,0,0,0,0,4,1,6,1,5,1360,1,11,7,1
"217752","201301PY20660",1,11,0,18,0,8,0,0,0,0,0,1,1,1,6,3900,2,7,2,1
"217762","201301PY20661",1,3,0,14,0,1,1,0,0,0,4,1,6,1,4,124,1,6,2,1
"217772","201301PY20661",2,19,0,9,0,6,0,0,0,0,0,1,1,1,6,2198,2,6,3,1
"217781","201301PY20662",1,9,0,9,0,5,0,0,0,0,1,1,6,2,8,1997,1,7,6,1
"217791","201301PY20663",1,9,0,3,0,1,0,0,0,0,2,1,6,2,8,1339,1,4,7,1
"217802","201301PY20663",2,9,0,18,0,1,0,0,0,0,1,1,6,2,4,1796,1,6,9,1
"217812","201301PY20664",1,9,0,18,0,2,0,0,0,0,4,1,6,3,-1,1324,1,20,-1,-1
"217822","201301PY20665",1,19,0,18,0,8,0,0,0,0,4,1,1,1,5,1968,2,2,9,1
"217832","201301PY20665",2,8,0,18,0,8,1,0,0,0,1,1,6,1,7,1598,1,-1,1,1
"217842","201301PY20666",1,9,0,7,0,6,0,0,0,0,1,1,6,2,5,1200,1,11,3,1
"217852","201301PY20667",1,5,0,13,0,0,0,0,0,0,4,1,6,1,7,600,1,14,-1,-1
"217862","201301PY20667",2,9,0,6,0,0,0,0,0,0,3,1,1,1,6,-1,-1,-1,2,1
"217892","201301PY20669",1,9,0,9,0,1,0,0,0,0,3,1,1,1,7,1598,1,10,1,1
"217902","201301PY20669",2,1,0,13,0,1,0,0,0,0,4,1,6,1,7,-1,-1,-1,3,1
"217912","201301PY20670",1,9,0,13,0,0,0,11,0,0,1,1,6,2,6,999,1,-1,2,1
"217922","201301PY20671",1,9,0,9,0,2,0,0,0,0,1,1,1,1,8,1598,2,3,8,1
"217932","201301PY20672",1,9,0,3,0,1,0,0,0,0,2,1,6,1,6,1598,1,-1,3,1
"217942","201301PY20672",2,9,0,18,0,1,0,0,0,0,1,1,6,2,-1,-1,-1,-1,-1,-1
"217952","201301PY20673",1,11,0,18,0,1,0,0,0,0,0,1,6,3,-1,-1,-1,-1,-1,-1
"217962","201301PY20675",1,3,0,18,0,8,0,0,0,0,4,1,6,1,4,124,1,11,3,1
"217972","201301PY20675",2,9,0,18,0,8,0,0,0,0,1,1,6,2,-1,1598,1,14,3,1
"217982","201301PY20676",1,3,0,14,0,8,0,0,0,0,1,1,6,1,4,49,1,-1,5,1
"217992","201301PY20676",2,9,0,9,0,8,0,0,0,0,3,1,6,1,-1,1332,1,9,-1,-1
"218002","201301PY20677",1,9,0,17,0,8,0,0,0,0,4,1,6,2,7,1390,1,12,4,1
"218012","201301PY20677",2,9,0,9,0,8,0,0,0,0,1,1,6,2,10,973,1,13,2,1
"218022","201301PY20678",1,5,0,12,0,0,0,0,0,0,2,1,6,1,9,-1,-1,-1,4,1
"218032","201301PY20678",2,9,0,18,0,0,0,0,0,0,1,1,1,1,7,1997,2,1,2,1
"218042","201301PY20679",1,9,0,18,0,1,0,0,0,0,1,1,6,3,-1,-1,-1,-1,-1,-1
"218052","201301PY20680",1,9,0,3,0,1,0,0,0,0,2,1,6,2,6,998,1,8,3,1
"218062","201301PY20680",2,9,0,5,0,1,0,0,0,0,1,1,6,2,-1,2967,2,1,-1,-1
"218072","201301PY20681",1,9,0,3,0,1,0,0,0,0,2,1,6,2,5,1364,1,5,-1,-1
"218082","201301PY20681",2,9,0,18,0,1,0,0,0,0,1,1,6,1,-1,1895,1,12,-1,-1
"218092","201301PY20682",1,9,0,7,0,2,0,0,0,0,1,1,6,2,-1,-1,-1,-1,-1,-1
"218112","201301PY20684",1,9,0,18,0,1,0,0,0,0,1,1,6,1,4,1368,1,6,2,1
"218122","201301PY20685",1,9,0,3,0,2,0,0,0,0,2,1,6,2,5,1149,1,-1,-1,-1
"218132","201301PY20685",2,9,0,18,0,2,0,0,0,0,1,1,6,1,-1,-1,-1,-1,-1,-1
"218142","201301PY20686",1,8,0,1,0,0,0,0,0,0,2,1,1,1,7,2499,2,6,6,3
"218152","201301PY20687",1,1,0,18,0,0,0,0,0,0,4,1,6,1,9,-1,-1,-1,7,1
"218162","201301PY20688",1,9,0,18,0,1,0,0,0,0,1,1,6,2,11,1197,1,1,7,3
"218172","201301PY20690",1,5,0,14,0,8,0,0,0,0,1,1,6,1,6,998,1,9,7,1
"218182","201301PY20690",2,9,0,9,0,8,0,0,0,0,3,1,6,2,7,1598,1,-1,-1,-1
"218192","201301PY20690",3,9,0,18,0,1,0,0,0,0,2,1,6,1,10,1598,1,-1,10,1
"218202","201301PY20690",4,9,0,18,0,8,0,0,0,0,1,1,6,1,6,1753,2,13,5,1
"218212","201301PY20691",1,9,0,18,0,8,0,0,0,0,1,1,6,1,11,1329,1,-1,9,1
"218222","201301PY20691",2,9,0,9,0,8,0,0,0,0,4,1,6,2,4,1240,1,4,9,1
"218232","201301PY20692",1,9,0,16,0,1,0,0,0,0,1,1,6,1,11,1598,1,3,7,1
"218242","201301PY20693",1,3,0,18,0,2,0,0,0,0,3,1,6,1,8,124,1,3,2,1
"218252","201301PY20693",2,90,0,18,0,5,0,0,0,0,3,1,6,1,11,-1,-1,-1,5,1
"218262","201301PY20694",1,9,0,18,0,1,0,0,0,0,1,1,6,2,-1,1870,2,11,2,1
"218272","201301PY20694",2,9,0,18,0,1,0,0,0,0,1,1,6,2,-1,-1,-1,-1,2,1
"218282","201301PY20695",1,5,0,18,0,8,0,0,0,0,3,1,6,1,4,998,1,10,8,1
"218292","201301PY20695",2,9,0,4,0,8,0,0,0,0,1,1,6,1,-1,1229,1,7,-1,-1
"218302","201301PY20695",3,19,0,18,0,1,0,0,0,0,1,1,1,1,7,2198,2,7,2,1
"218311","201301PY20696",1,9,0,3,0,2,0,0,0,0,2,1,6,1,6,-1,-1,-1,-1,-1
"218321","201301PY20696",2,9,0,4,0,2,0,0,0,0,2,1,6,1,9,5993,1,19,8,1
"218332","201301PY20696",3,9,0,18,0,2,0,0,0,0,1,1,6,1,10,1984,1,9,4,1
"218342","201301PY20697",1,9,0,18,0,8,0,0,0,0,3,1,6,1,5,1798,1,8,5,1
"218352","201301PY20697",2,9,0,9,0,8,0,0,0,0,1,1,6,1,8,1998,1,11,9,1
"218362","201301PY20698",1,9,0,18,0,2,0,0,0,0,4,1,6,1,4,1198,1,2,8,1
"218372","201301PY20699",1,9,0,17,0,0,5,4,0,0,1,1,6,1,4,1124,1,12,9,2
"218382","201301PY20699",2,9,0,2,0,0,0,0,0,0,3,1,6,1,-1,-1,-1,-1,-1,-1
"218391","201301PY20700",1,9,0,18,0,0,0,11,0,0,1,1,6,1,7,1349,1,4,-1,-1
"218402","201301PY20701",1,9,0,18,0,0,0,0,0,0,2,1,6,1,7,1968,2,2,2,1
"218412","201301PY20701",2,9,0,18,0,0,0,0,0,0,1,1,6,2,-1,1248,2,7,8,1
"218421","201301PY20702",1,9,0,18,0,2,0,0,0,0,3,1,6,2,8,1595,1,2,9,1
"218431","201301PY20702",2,19,0,18,0,1,0,10,1,0,3,1,6,1,8,1870,2,8,4,1
"218441","201301PY20704",1,5,0,18,0,8,0,0,0,0,4,1,6,1,7,599,1,10,8,1
"218451","201301PY20704",2,9,0,9,0,8,0,0,0,0,1,1,6,1,-1,1988,2,9,4,1
"218462","201301PY20705",1,9,0,9,0,2,0,0,0,0,1,1,6,2,5,1198,1,8,-1,-1
"218472","201301PY20706",1,11,0,18,0,1,0,0,0,0,0,1,1,2,9,6700,2,1,6,1
"218482","201301PY20707",1,9,0,18,0,0,0,0,0,0,3,1,1,1,6,-1,-1,-1,9,1
"218492","201301PY20709",1,9,0,9,0,0,0,0,0,0,4,1,6,1,7,1686,2,6,7,1
"218502","201301PY20709",2,1,0,15,0,0,0,0,0,0,1,1,6,1,7,-1,-1,-1,8,1
"218512","201301PY20710",1,9,0,18,0,1,0,0,0,0,1,1,6,1,6,1495,1,12,7,3
"218521","201301PY20711",1,9,0,9,0,5,0,0,0,0,4,1,6,2,6,1598,1,4,1,1
"218531","201301PY20711",2,1,0,15,0,1,0,0,0,0,1,1,6,1,7,-1,-1,-1,-1,-1
"218542","201301PY20712",1,10,0,18,0,2,0,0,0,0,1,1,6,2,9,-1,-1,-1,-1,-1
"218552","201301PY20712",2,4,0,3,0,2,0,0,0,0,2,1,1,1,-1,-1,-1,-1,3,1
"218562","201301PY20713",1,9,0,18,0,0,0,11,1,2,1,1,6,1,6,1596,1,7,2,1
"218572","201301PY20714",1,9,0,18,0,0,0,0,0,0,1,1,6,2,7,2776,2,7,7,1
"218602","201301PY20716",1,9,0,18,0,1,0,0,0,0,4,1,6,1,9,1896,2,8,5,1
"218612","201301PY20717",1,9,0,7,0,2,0,0,0,0,2,1,6,1,7,1796,1,10,9,1
"218622","201301PY20717",2,9,0,18,0,2,0,0,0,0,1,1,6,2,-1,1395,1,-1,10,1
"218632","201301PY20718",1,9,0,17,0,2,0,0,0,0,1,1,6,1,7,-1,-1,-1,3,1
"218642","201301PY20718",2,9,0,16,0,1,0,0,0,0,1,1,6,1,6,1388,1,9,9,1
"218652","201301PY20719",1,9,0,18,0,0,0,4,0,0,1,1,6,1,7,1199,1,11,7,3
"218662","201301PY20719",2,9,0,2,0,0,0,0,0,0,1,1,6,1,8,-1,-1,-1,8,1
"218672","201301PY20720",1,9,0,1,0,5,0,0,0,0,2,1,6,1,10,1995,2,7,4,1