"","Acc_Index","Vehicle_Reference","Vehicle_Type","Towing_and_Articulation","Vehicle_Manoeuvre","Vehicle_Location.Restricted_Lane","Junction_Location","Skidding_and_Overturning","Hit_Object_in_Carriageway","Vehicle_Leaving_Carriageway","Hit_Object_off_Carriageway","X1st_Point_of_Impact","Was_Vehicle_Left_Hand_Drive","Journey_Purpose_of_Driver","Sex_of_Driver","Age_Band_of_Driver","Engine_Capacity_.CC.","Propulsion_Code","Age_of_Vehicle","Driver_IMD_Decile","Driver_Home_Area_Type"
"218682","201301PY20721",1,19,0,1,9,0,0,0,0,0,2,1,6,3,-1,-1,-1,-1,-1,-1
"218692","201301PY20722",1,9,0,13,0,1,0,0,0,0,1,1,6,2,-1,1149,1,4,9,1
"218702","201301PY20724",1,3,0,18,0,1,0,0,0,0,4,1,6,2,5,124,1,5,6,1
"218712","201301PY20724",2,9,0,12,0,1,0,0,0,0,3,1,6,3,-1,-1,-1,-1,-1,-1
"218722","201301PY20725",1,19,0,2,0,0,0,0,0,0,3,1,1,1,9,2148,2,5,7,1
"218732","201301PY20725",2,19,0,18,0,0,0,4,1,0,4,1,6,1,6,1298,1,12,8,3
"218742","201301PY20726",1,11,0,18,0,1,0,0,0,0,0,1,1,3,-1,-1,-1,-1,-1,-1
"218752","201301PY20727",1,9,0,9,0,0,0,0,0,0,3,1,1,1,8,-1,-1,-1,10,1
"218762","201301PY20727",2,9,0,18,0,0,1,0,0,0,1,1,6,1,4,998,1,16,-1,-1
"218772","201301PY20728",1,9,0,9,0,8,0,0,0,0,1,1,1,1,8,1753,2,5,3,1
"218782","201301PY20728",2,9,0,18,0,8,0,10,1,10,3,1,6,2,5,1199,1,10,3,1
"218792","201301PY20729",1,9,0,18,0,2,0,7,0,0,1,1,6,2,6,1598,1,10,5,1
"218802","201301PY20730",1,8,0,18,0,8,0,0,0,0,3,1,1,1,6,1399,1,6,2,1
"218812","201301PY20730",2,9,0,18,0,8,0,0,0,0,1,1,6,2,7,1999,1,6,3,1
"218822","201301PY20731",1,9,0,18,0,1,0,7,0,0,1,1,6,1,6,1995,2,5,3,1
"218832","201301PY20733",1,9,0,18,0,8,0,10,8,1,4,1,6,2,4,998,1,2,1,1
"218842","201301PY20733",2,9,0,9,0,8,0,0,0,0,3,1,1,1,9,1997,2,8,2,1
"218852","201301PY20734",1,9,0,18,0,1,0,0,0,0,1,1,6,1,9,1753,2,10,3,1
"218861","201301PY20734",2,9,0,3,0,1,0,0,0,0,2,1,6,1,-1,1229,1,7,4,1
"218871","201301PY20734",3,9,0,3,0,1,0,0,0,0,2,1,6,2,8,1997,2,6,3,1
"218891","201301PY20736",1,9,0,18,0,8,0,0,0,0,4,1,6,2,8,1248,1,2,3,1
"218901","201301PY20736",2,9,0,9,0,8,0,0,0,0,1,1,6,1,6,1896,2,9,-1,-1
"218912","201301PY20737",1,9,0,3,0,0,0,0,0,0,2,1,6,2,5,1389,1,13,-1,-1
"218922","201301PY20737",2,9,0,18,0,0,1,0,0,0,1,1,6,1,-1,1364,1,6,-1,-1
"218932","201301PY20739",1,8,0,18,0,0,0,0,0,0,1,1,1,1,6,-1,-1,-1,2,1
"218942","201301PY20739",2,9,0,2,0,0,0,0,0,0,1,1,6,3,-1,-1,-1,-1,-1,-1
"218952","201301PY20740",1,9,0,16,0,2,1,0,0,0,1,1,6,2,5,1299,1,11,-1,-1
"218962","201301PY20740",2,9,0,18,0,1,0,0,0,0,1,1,6,1,8,1896,2,10,3,1
"218972","201301PY20742",1,9,0,5,0,5,0,0,0,0,1,1,6,3,-1,-1,-1,-1,-1,-1
"218982","201301PY20742",2,3,0,9,0,2,0,0,0,0,4,1,6,1,7,125,1,1,3,1
"218992","201301PY20743",1,9,0,18,0,8,0,0,0,0,1,1,6,2,5,973,1,11,1,1
"219002","201301PY20743",2,9,0,18,0,8,0,0,0,0,4,1,6,1,8,1995,2,10,4,1
"219012","201301PY20744",1,9,0,9,0,2,0,12,0,0,1,1,6,2,11,1299,1,11,8,1
"219022","201301PY20745",1,11,0,18,0,0,0,0,0,0,1,1,6,1,6,-1,-1,-1,1,1
"219032","201301PY20745",2,8,0,18,0,0,0,0,0,0,1,1,1,1,9,1896,2,6,7,1
"219042","201301PY20747",1,9,0,9,0,8,0,0,0,0,2,1,6,2,5,-1,-1,-1,4,1
"219052","201301PY20747",2,9,0,9,0,8,0,0,0,0,1,1,6,2,6,1149,1,11,4,1
"219062","201301PY20748",1,9,0,4,0,8,0,0,0,0,1,1,6,1,7,-1,-1,-1,5,1
"219072","201301PY20748",2,9,0,4,0,8,0,0,0,0,2,1,6,1,6,1390,1,1,3,1
"219082","201301PY20749",1,9,0,9,0,8,0,0,0,0,4,1,1,2,6,2179,2,-1,9,1
"219092","201301PY20749",2,9,0,18,0,8,0,0,0,0,1,1,6,2,7,1598,1,5,6,1
"219101","201301PY20755",1,9,0,9,0,8,0,0,0,0,3,1,6,1,10,-1,-1,-1,-1,-1
"219111","201301PY20755",2,9,0,18,0,8,0,0,0,0,1,1,6,1,10,2497,2,7,-1,-1
"219121","201301PY20756",1,9,0,18,0,2,0,0,0,0,2,1,6,1,7,1240,1,10,2,1
"219132","201301PY20756",2,9,0,18,0,2,0,0,0,0,1,1,6,1,-1,1590,1,9,-1,-1
"219142","201301PY20758",1,9,0,2,0,2,0,0,0,0,4,1,3,2,6,1598,1,7,7,1
"219153","201301PY20758",2,9,0,18,0,2,0,8,0,0,1,1,6,2,6,-1,-1,-1,-1,-1
"219163","201301PY20759",1,11,0,3,0,1,0,0,0,0,0,1,1,1,6,9000,2,10,7,1
"219172","201301PY20760",1,9,0,1,0,1,0,0,0,0,2,1,6,3,-1,-1,-1,-1,-1,-1
"219182","201301PY20761",1,9,0,18,0,0,0,0,1,2,1,1,6,1,8,2793,1,13,3,1
"219192","201301PY20763",1,11,0,4,0,1,0,0,0,0,0,1,1,1,6,4500,2,1,3,1
"219202","201301PY20764",1,3,0,18,0,8,0,0,0,0,1,1,6,1,5,125,1,-1,7,1
"219212","201301PY20764",2,9,0,9,0,8,0,0,0,0,1,1,6,1,8,1984,1,11,3,1
"219222","201301PY20765",1,9,0,7,0,8,0,0,0,0,1,1,6,2,9,1360,1,12,9,1
"219232","201301PY20765",2,19,0,18,0,8,0,0,0,0,4,1,6,1,9,1868,2,7,-1,-1
"219242","201301PY20776",1,9,0,16,0,0,0,0,0,0,2,1,6,2,4,1360,1,10,10,1
"219252","201301PY20776",2,3,0,16,0,0,0,0,0,0,1,1,6,1,-1,108,1,-1,-1,-1
"219262","201301PY20778",1,9,0,18,0,2,0,0,0,0,1,1,6,1,-1,2198,1,11,8,1
"219272","201301PY29006",1,90,0,18,0,0,0,4,0,0,4,1,1,2,-1,-1,-1,-1,-1,-1
"219282","201301PY29006",2,9,0,2,0,0,0,0,0,0,3,1,6,3,-1,1389,1,16,-1,-1
"219292","201301PY29012",1,11,0,2,0,0,0,0,0,0,0,1,6,3,-1,-1,-1,-1,-1,-1
"219302","201301PY29023",1,9,0,5,0,0,0,0,0,0,4,1,6,2,6,1796,1,9,7,3
"219312","201301PY29027",1,9,0,3,0,0,0,0,0,0,2,1,6,1,6,1951,2,9,2,1
"219322","201301PY29027",2,9,0,18,0,0,0,0,0,0,1,1,6,2,-1,1360,1,12,-1,-1
"219332","201301PY29030",1,9,0,4,0,2,0,0,0,0,2,1,6,1,6,1797,8,2,2,1
"219342","201301PY29030",2,9,0,4,0,2,0,0,0,0,1,1,6,1,-1,-1,-1,-1,4,1
"219352","201301PY29036",1,9,0,10,0,8,0,0,0,0,2,1,6,2,5,1560,2,-1,3,1
"219362","201301PY29036",2,9,0,18,0,8,0,0,0,0,1,1,6,2,-1,2979,1,11,-1,-1
"219372","201301PY29073",1,9,0,18,0,0,0,0,0,0,1,1,6,1,10,1390,1,14,7,1
"219382","201301PY29073",2,9,0,2,0,0,0,0,0,0,2,1,6,3,-1,1498,1,2,-1,-1
"219392","201301PY29100",1,9,0,3,0,0,0,0,0,0,2,1,6,1,7,2495,1,9,6,1
"219402","201301PY29100",2,9,0,4,0,0,0,0,0,0,1,1,6,2,-1,1498,1,5,8,1
"219412","201301QA10002",1,9,0,18,0,1,0,0,2,10,4,1,6,1,5,1242,1,16,2,1
"219422","201301QA10003",1,3,0,18,9,7,0,0,0,0,4,1,1,1,5,125,1,8,9,1
"219432","201301QA10004",1,9,0,18,0,1,0,0,0,0,1,1,6,2,6,1997,2,6,6,1
"219442","201301QA10004",2,11,0,2,3,1,0,0,0,0,2,1,1,1,9,7300,2,11,2,1
"219461","201301QA10008",1,9,0,2,0,0,0,0,0,0,3,1,6,1,6,1998,1,13,7,1
"219472","201301QA10008",2,1,0,18,0,0,0,0,0,0,1,1,1,1,7,-1,-1,-1,3,1
"219482","201301QA10009",1,11,0,18,0,0,0,0,0,0,0,1,1,1,-1,7300,2,10,5,1
"219492","201301QA10010",1,9,0,18,0,1,0,0,0,0,1,1,6,1,6,1995,1,7,7,1
"219502","201301QA10010",2,9,0,10,0,1,0,0,0,0,3,1,6,1,6,1600,1,13,-1,-1
"219532","201301QA10012",1,19,0,4,0,2,0,0,0,0,3,1,6,1,7,2187,2,10,2,1
"219541","201301QA10013",1,9,0,18,0,8,0,0,0,0,4,1,6,3,-1,-1,-1,-1,-1,-1
"219551","201301QA10014",1,9,0,4,0,1,0,0,0,0,1,1,2,1,7,-1,-1,-1,7,1
"219562","201301QA10015",1,9,0,9,0,8,0,0,0,0,1,1,3,1,8,1794,1,10,8,1
"219572","201301QA10015",2,1,0,10,0,8,0,0,0,0,3,1,6,1,7,-1,-1,-1,8,1
"219582","201301QA10017",1,9,0,9,0,8,0,0,0,0,1,1,6,2,7,1995,2,6,8,1
"219592","201301QA10017",2,11,0,18,0,8,0,0,0,0,4,1,1,1,8,7300,2,12,4,1
"219602","201301QA10019",1,9,0,18,0,0,0,0,0,0,3,1,6,1,6,1590,1,12,6,1
"219612","201301QA10019",2,9,0,11,0,0,0,0,0,0,4,1,6,1,-1,1995,1,6,7,1
"219622","201301QA10020",1,9,0,5,0,8,0,0,0,0,3,1,6,1,7,1896,2,6,3,1
"219631","201301QA10020",2,9,0,18,0,8,0,0,0,0,1,1,6,1,7,2171,1,10,2,1
"219641","201301QA10021",1,9,0,9,0,2,0,0,0,0,3,1,6,1,6,1686,2,9,7,1
"219652","201301QA10023",1,9,0,18,0,1,0,0,0,0,3,1,2,1,6,1997,1,9,6,1
"219661","201301QA10023",2,9,0,16,0,1,2,7,1,3,1,1,2,1,6,-1,-1,-1,8,1
"219672","201301QA10024",1,11,0,17,0,8,0,0,0,0,3,1,1,1,9,7300,2,11,5,1
"219682","201301QA10025",1,9,0,9,0,5,0,0,0,0,4,1,6,2,7,2720,2,8,6,1
"219691","201301QA10025",2,3,0,18,0,8,0,0,0,0,1,1,1,1,6,124,1,6,2,1
"21970","201301QA10026",1,9,0,18,0,2,0,0,0,0,4,1,6,1,4,1242,1,12,7,1
"21971","201301QA10027",1,9,0,18,0,8,0,10,7,1,4,1,6,1,7,1368,1,3,6,1
"219722","201301QA10027",2,9,0,18,0,8,0,0,0,0,1,1,6,2,4,973,1,10,10,1
"219732","201301QA10028",1,9,0,18,0,1,0,0,0,0,1,1,6,1,9,1598,1,10,5,3
"219772","201301QA10031",1,9,0,9,0,5,0,0,0,0,3,1,6,2,9,1399,2,9,6,1
"219782","201301QA10031",2,3,0,18,0,1,0,0,0,0,1,1,1,1,5,125,1,1,5,1
"219792","201301QA10033",1,9,0,18,0,3,0,0,0,0,4,1,6,2,8,1390,1,12,4,1
"219802","201301QA10033",2,9,0,18,0,8,0,0,0,0,1,1,6,1,7,1689,2,13,6,1
"219812","201301QA10033",3,9,0,4,0,8,0,0,0,0,1,1,6,1,4,1198,1,7,10,1
"219822","201301QA10034",1,11,0,5,0,0,0,0,0,0,4,1,1,1,8,7300,2,11,5,1
"219832","201301QA10035",1,9,0,18,0,8,0,0,0,0,1,1,6,2,7,1796,1,6,5,1
"219842","201301QA10035",2,1,0,18,0,8,0,0,0,0,4,1,6,2,5,-1,-1,-1,5,1
"219852","201301QA10036",1,9,0,2,0,0,0,0,0,0,2,1,6,2,6,1896,2,8,6,1
"219862","201301QA10036",2,9,0,1,0,0,0,0,0,0,2,1,6,3,-1,1985,1,13,-1,-1
"219872","201301QA10037",1,9,0,18,0,0,1,0,0,0,2,1,6,1,6,-1,-1,-1,5,1
"219881","201301QA10037",2,8,0,18,0,0,1,4,0,0,1,1,2,1,-1,2184,2,9,-1,-1
"219891","201301QA10037",3,9,0,2,0,0,0,0,0,0,3,1,6,3,-1,-1,-1,-1,-1,-1
"219902","201301QA10039",1,5,0,18,0,0,0,0,0,0,4,1,6,1,6,-1,-1,-1,8,1
"219912","201301QA10040",1,1,0,12,0,0,0,0,0,0,3,1,1,1,5,-1,-1,-1,2,1
"219922","201301QA10040",2,9,0,18,0,0,0,0,0,0,4,1,6,1,-1,-1,-1,-1,-1,-1
"219932","201301QA10041",1,9,0,9,0,8,0,0,0,0,3,1,6,2,7,3724,1,9,7,1
"219942","201301QA10041",2,9,0,18,0,8,0,0,0,0,1,1,6,1,9,1896,2,8,10,1
"219952","201301QA10042",1,9,0,4,0,1,0,0,0,0,2,1,6,1,7,2926,2,10,6,1
"219962","201301QA10042",2,10,0,18,0,1,0,0,0,0,1,1,1,1,7,-1,-1,-1,-1,-1
"219972","201301QA10044",1,9,0,18,0,0,0,0,7,10,1,1,6,2,6,1240,1,10,4,1
"219982","201301QA10045",1,9,0,6,0,0,0,7,0,0,3,1,6,2,9,1397,1,8,-1,-1
"219992","201301QA10047",1,9,0,9,0,2,0,0,7,10,1,1,6,2,4,1388,1,6,5,1
"220002","201301QA10047",2,9,0,7,0,2,0,0,0,0,3,1,6,1,7,2993,2,9,5,1
"220012","201301QA10047",3,9,0,18,0,1,0,0,1,0,1,1,6,2,8,1590,1,13,4,1
"220022","201301QA10048",1,9,0,18,0,0,0,0,0,0,1,1,6,2,-1,-1,-1,-1,-1,-1
"220032","201301QA10049",1,11,0,9,0,8,0,0,0,0,0,1,1,1,7,7300,2,9,-1,-1
"220042","201301QA10050",1,9,0,4,0,1,0,0,0,0,3,1,6,3,-1,-1,-1,-1,-1,-1
"220072","201301QA10052",1,9,0,17,0,0,1,0,1,9,1,1,6,2,5,1390,1,5,3,1
"220082","201301QA10052",2,9,0,2,9,0,0,0,0,0,2,1,6,2,6,1198,1,9,10,1
"220091","201301QA10052",3,9,0,17,0,0,1,4,1,0,1,1,6,2,6,1598,1,6,4,1
"220101","201301QA10054",1,8,0,18,0,8,0,0,3,1,1,1,1,1,6,1968,2,8,3,1
"220112","201301QA10054",2,9,0,18,0,8,0,0,0,0,3,1,6,2,5,1332,1,16,3,1
"220122","201301QA10056",1,9,0,5,0,0,0,0,7,10,1,1,3,2,6,1595,1,10,-1,-1
"220131","201301QA10056",2,9,0,18,0,0,0,0,0,0,3,1,1,2,6,1198,1,10,6,1
"220141","201301QA10057",1,11,0,18,0,8,0,0,0,0,3,1,1,3,-1,-1,-1,-1,-1,-1
"220151","201301QA10058",1,9,0,4,0,8,1,0,0,0,1,1,3,2,6,1994,2,5,7,1
"220161","201301QA10058",2,19,0,4,0,8,0,0,1,2,3,1,1,1,8,2402,2,9,5,1
"220172","201301QA10058",3,9,0,18,0,8,1,1,0,0,1,1,6,1,10,1341,1,15,7,1
"220182","201301QA10058",4,9,0,18,0,8,1,1,0,0,3,1,6,2,7,3697,1,10,7,1
"220192","201301QA10063",1,9,0,9,0,8,0,0,0,0,1,1,2,1,8,1398,1,8,7,1
"220202","201301QA10063",2,1,0,18,0,8,0,0,0,0,1,1,6,1,6,-1,-1,-1,3,1
"220212","201301QA10064",1,11,0,3,2,1,0,0,0,0,2,1,1,1,6,4500,2,3,5,1
"220222","201301QA10064",2,9,0,14,0,1,0,0,0,0,1,1,2,2,6,998,1,14,4,1
"22025","201301QA10067",1,9,0,10,0,8,0,0,0,0,3,1,6,1,-1,1968,2,7,-1,-1
"220261","201301QA10067",2,9,0,5,0,8,0,0,0,0,1,1,6,1,-1,-1,-1,-1,5,1
"220292","201301QA10069",1,9,0,4,0,1,0,0,0,0,2,1,6,1,6,2979,1,7,-1,-1
"220302","201301QA10069",2,9,0,18,0,1,0,0,0,0,1,1,6,2,-1,1796,1,8,4,2
"220312","201301QA10070",1,9,0,18,0,2,0,0,0,0,4,1,6,1,9,2148,2,12,9,1
"220322","201301QA10071",1,9,0,18,0,8,0,0,0,0,3,1,6,1,4,1598,1,5,5,1
"220332","201301QA10071",2,9,0,18,0,8,0,0,0,0,1,1,6,1,11,1396,1,10,8,1
"220342","201301QA10073",1,9,0,9,0,6,0,0,0,0,1,1,6,2,6,1598,1,7,9,1
"220352","201301QA10073",2,19,0,5,0,6,0,0,0,0,1,1,2,1,6,7146,2,4,4,1
"220362","201301QA10074",1,9,0,7,0,8,0,0,0,0,1,1,6,1,8,1598,1,9,5,1
"220371","201301QA10074",2,1,0,18,0,8,0,0,0,0,4,1,6,1,4,-1,-1,-1,7,1
"220381","201301QA10075",1,9,0,1,0,0,0,4,0,0,2,1,6,1,11,1598,1,7,8,1
"220392","201301QA10075",2,9,0,2,0,0,0,0,0,0,1,1,6,3,-1,2387,2,11,-1,-1
"220402","201301QA10075",3,9,0,2,0,0,0,4,0,0,2,1,6,3,-1,1896,2,8,-1,-1
"220412","201301QA10075",4,9,0,2,0,0,0,4,0,0,2,1,6,3,-1,2926,2,10,-1,-1
"220422","201301QA10076",1,9,0,1,0,2,0,0,0,0,2,1,6,1,11,1796,1,17,9,1
"220431","201301QA10077",1,9,0,9,0,8,0,0,0,0,1,1,6,1,7,1198,1,4,5,1
"220441","201301QA10077",2,9,0,18,0,8,0,0,0,0,3,1,6,2,5,973,1,12,5,1
"220451","201301QA10078",1,9,0,18,0,8,0,0,0,0,4,1,2,2,8,1598,1,-1,6,1
"220461","201301QA10078",2,21,1,18,0,8,0,0,0,0,1,1,1,1,-1,11967,2,9,6,1
"220471","201301QA10079",1,9,0,1,0,0,0,10,7,0,2,1,6,1,-1,-1,-1,-1,-1,-1
"220481","201301QA10080",1,1,0,18,0,6,0,0,0,0,3,1,6,2,7,-1,-1,-1,7,1
"220491","201301QA10080",2,9,0,7,0,6,0,0,0,0,4,1,6,3,-1,-1,-1,-1,-1,-1
"220501","201301QA10081",1,19,0,18,0,8,0,0,0,0,1,1,1,1,6,1870,2,7,-1,-1
"220511","201301QA10081",2,9,0,9,0,8,0,0,0,0,3,1,6,1,-1,1360,1,9,2,1
"220521","201301QA10083",1,9,0,7,0,2,0,0,0,0,4,1,6,2,8,1339,1,9,6,1
"220531","201301QA10083",2,9,0,7,0,2,0,0,0,0,3,1,6,2,6,2204,2,6,5,1
"220541","201301QA10084",1,9,0,8,0,1,0,0,0,0,2,1,1,2,7,1895,1,13,5,1
"220551","201301QA10084",2,9,0,4,0,1,1,0,0,0,1,1,1,2,6,1870,2,11,6,1
"220561","201301QA10085",1,9,0,16,0,0,1,0,0,0,1,1,6,2,9,-1,-1,-1,5,1
"22057","201301QA10086",1,9,0,9,0,5,0,0,0,0,1,1,1,1,8,1248,2,5,3,1
"22058","201301QA10086",2,9,0,18,0,8,0,0,0,0,3,1,6,1,7,1870,2,10,5,1
"220591","201301QA10087",1,9,0,3,0,2,0,0,0,0,1,1,6,2,6,1597,1,4,4,1
"220601","201301QA10087",2,9,0,1,0,1,0,0,0,0,2,1,6,2,-1,1386,1,10,-1,-1
"220611","201301QA10089",1,9,0,7,0,6,0,0,0,0,1,1,6,1,11,1597,1,15,4,1
"220621","201301QA10090",1,9,0,18,2,0,0,0,0,0,4,1,6,1,6,1686,2,9,6,1
"220651","201301QA10092",1,11,0,4,0,2,0,0,0,0,1,1,1,1,7,4500,2,2,2,1
"22066","201301QA10093",1,9,0,18,0,8,0,0,0,0,4,1,6,1,6,1198,1,7,10,1
"220671","201301QA10093",2,19,0,18,0,8,0,0,0,0,1,1,1,1,-1,1461,2,2,5,1
"220682","201301QA10094",1,9,0,18,0,8,0,0,0,0,1,1,6,1,5,1596,1,7,6,1
"220691","201301QA10094",2,8,0,9,0,8,0,0,0,0,1,1,1,1,8,1896,2,3,2,1
"220701","201301QA10094",3,9,0,10,0,8,0,0,0,0,3,1,6,1,8,1796,1,11,9,1
"220711","201301QA10095",1,9,0,18,0,0,0,0,0,0,1,1,6,1,-1,1596,1,13,-1,-1
"220721","201301QA10095",2,9,0,4,0,0,0,0,0,0,2,1,2,1,7,1590,1,14,-1,-1
"220731","201301QA10095",3,9,0,4,0,0,0,0,0,0,2,1,6,1,7,1587,1,12,5,1
"220741","201301QA10096",1,11,0,7,0,2,0,0,0,0,4,1,1,1,7,7300,2,9,3,1
"220751","201301QA10098",1,9,0,2,0,0,0,0,0,0,3,1,6,2,6,1560,2,2,10,1
"220761","201301QA10098",2,19,0,18,0,0,0,0,0,0,4,1,6,3,-1,2402,2,6,-1,-1
"220821","201301QA10102",1,9,0,3,0,1,0,0,0,0,2,1,6,1,6,1797,8,4,5,1
"220831","201301QA10102",2,9,0,18,0,1,0,0,0,0,1,1,6,1,-1,1951,2,9,-1,-1
"22084","201301QA10103",1,9,0,9,0,1,0,0,0,0,2,1,1,1,7,-1,-1,-1,2,1
"22085","201301QA10103",2,8,0,18,0,1,0,0,0,0,1,1,1,1,5,1968,2,3,7,1
"220861","201301QA10104",1,11,0,5,0,0,0,0,0,0,0,1,1,1,7,4500,2,2,-1,-1
"220911","201301QA10106",1,19,0,7,0,6,0,0,0,0,1,1,6,1,6,2800,2,9,6,1
"220921","201301QA10106",2,9,0,18,0,2,0,0,0,0,4,1,6,2,9,1995,2,3,9,1
"220931","201301QA10109",1,9,0,18,0,0,0,0,0,0,2,1,1,1,6,1560,2,1,4,1
"220941","201301QA10109",2,9,0,18,0,0,0,0,0,0,1,1,1,1,-1,1995,2,2,-1,-1
"220971","201301QA10111",1,19,0,2,0,0,0,0,0,0,1,1,1,1,6,1753,2,7,9,1
"220981","201301QA10111",2,9,0,18,0,0,0,0,0,0,1,1,6,1,-1,-1,-1,-1,-1,-1
"220991","201301QA10112",1,9,0,17,0,0,1,0,1,4,2,1,6,1,8,1796,1,9,6,1
"221001","201301QA10113",1,9,0,9,0,1,0,0,0,0,1,1,6,2,5,1796,1,4,4,1
"221011","201301QA10113",2,4,0,9,0,8,0,0,0,0,4,1,6,1,5,124,1,4,6,1
"221021","201301QA10114",1,9,0,5,0,1,0,0,0,0,1,1,6,1,10,-1,-1,-1,5,1
"221031","201301QA10114",2,9,0,5,0,1,0,0,0,0,2,1,6,2,6,1360,1,7,-1,-1
"221041","201301QA10115",1,9,0,1,0,0,0,0,0,0,2,1,6,1,-1,1397,1,10,-1,-1
"221051","201301QA10116",1,11,0,18,0,0,0,0,0,0,0,1,1,1,8,7300,2,11,1,1
"221061","201301QA10117",1,9,0,18,0,8,0,0,0,0,1,1,6,1,7,1598,1,12,8,1
"221071","201301QA10117",2,1,0,18,0,8,0,0,0,0,4,1,6,1,7,-1,-1,-1,-1,-1
"221081","201301QA10118",1,9,0,16,0,2,0,0,0,0,1,1,6,1,-1,1995,2,5,5,1
"221091","201301QA10119",1,9,0,18,0,8,0,4,0,0,3,1,6,2,9,-1,-1,-1,5,1
"221101","201301QA10119",2,9,0,18,0,2,0,0,0,0,1,1,6,1,7,2148,2,8,6,1
"221111","201301QA10119",3,19,0,2,0,2,0,0,0,0,3,1,6,3,-1,-1,-1,-1,-1,-1
"221121","201301QA10120",1,9,0,9,0,8,0,0,0,0,1,1,6,1,6,-1,-1,-1,5,1
"221131","201301QA10120",2,9,0,18,0,8,0,0,0,0,4,1,6,2,9,-1,-1,-1,-1,-1
"221141","201301QA10122",1,9,0,3,0,1,0,0,0,0,2,1,6,2,6,1968,2,8,4,3
"221151","201301QA10122",2,9,0,3,0,1,0,0,0,0,2,1,6,2,-1,989,1,14,-1,-1
"221161","201301QA10122",3,9,0,18,0,1,0,0,0,0,1,1,6,1,-1,1968,2,3,-1,-1
"221171","201301QA10123",1,9,0,18,0,0,0,0,0,0,4,1,3,2,6,1796,1,13,7,1
"221181","201301QA10124",1,9,0,3,0,1,0,0,0,0,2,1,6,1,9,1400,1,13,7,1
"221191","201301QA10124",2,19,0,18,0,1,0,0,0,0,1,1,6,1,-1,1686,2,12,-1,-1
"22120","201301QA10125",1,9,0,18,0,0,0,0,0,0,4,1,6,2,11,998,1,13,9,1
"22121","201301QA10126",1,9,0,18,0,1,0,0,0,0,1,1,6,1,5,1796,1,14,6,1
"22122","201301QA10126",2,9,0,18,0,1,0,0,0,0,2,1,1,1,6,1896,2,10,2,1
"221231","201301QA10127",1,8,0,18,0,8,0,0,0,0,3,1,1,1,7,1997,2,5,4,1
"221241","201301QA10127",2,19,0,7,0,8,0,0,0,0,4,1,6,1,-1,1998,2,10,-1,-1
"221251","201301QA10128",1,9,0,18,0,0,0,0,0,0,4,1,6,2,6,1396,1,11,9,1
"221261","201301QA10128",2,9,0,5,0,0,0,0,0,0,3,1,6,2,-1,2979,1,9,8,1
"22127","201301QA10129",1,11,0,9,0,8,0,0,0,0,0,1,1,1,7,7300,2,9,5,1
"22128","201301QA10130",1,9,0,9,0,2,0,0,0,0,1,1,6,1,8,2179,2,1,6,1
"221291","201301QA10132",1,9,0,1,0,8,0,0,0,0,2,1,6,1,-1,-1,-1,-1,-1,-1
"221301","201301QA10132",2,8,0,3,0,1,0,0,0,0,1,1,6,1,7,1984,1,12,5,1
"221331","201301QA10134",1,9,0,7,0,2,0,0,0,0,1,1,6,1,6,1970,1,12,-1,-1
"221341","201301QA10134",2,1,0,18,0,1,0,0,0,0,1,1,6,2,2,-1,-1,-1,10,1
"221351","201301QA10135",1,9,0,2,0,0,0,0,0,0,2,1,6,2,8,1235,1,23,3,1
"221361","201301QA10135",2,9,0,18,0,0,0,4,0,0,1,1,6,2,4,1461,2,9,6,1
"221371","201301QA10136",1,9,0,1,9,1,0,0,0,0,2,1,6,2,7,1498,1,8,4,1
"22140","201301QA10138",1,11,0,3,0,2,0,0,0,0,0,1,1,1,7,-1,2,15,9,1
"221411","201301QA10140",1,9,0,9,0,8,0,0,0,0,3,1,6,1,9,1984,1,16,-1,-1
"221421","201301QA10140",2,1,0,18,0,8,0,0,0,0,1,1,6,1,8,-1,-1,-1,8,1
"221431","201301QA10141",1,9,0,4,0,1,0,0,0,0,4,1,6,1,8,1590,1,9,7,1
"221441","201301QA10142",1,9,0,18,0,0,2,4,0,0,1,1,6,2,9,1339,1,3,7,1
"221451","201301QA10142",2,9,0,2,0,0,0,0,0,0,3,1,6,3,-1,1968,2,3,-1,-1
"221461","201301QA10142",3,9,0,2,0,0,0,0,0,0,3,1,6,3,-1,-1,-1,-1,-1,-1
"221471","201301QA10143",1,9,0,18,0,8,0,0,0,0,4,1,2,2,5,1198,1,9,9,1
"22148","201301QA10143",2,9,0,9,0,8,0,0,0,0,1,1,2,2,5,1329,1,3,7,1
"22149","201301QA10144",1,9,0,18,0,1,0,0,0,0,2,1,6,1,8,1396,1,13,7,1
"221501","201301QA10144",2,8,0,18,0,1,0,0,0,0,1,1,6,1,-1,2664,2,12,-1,-1