"","Acc_Index","Vehicle_Reference","Vehicle_Type","Towing_and_Articulation","Vehicle_Manoeuvre","Vehicle_Location.Restricted_Lane","Junction_Location","Skidding_and_Overturning","Hit_Object_in_Carriageway","Vehicle_Leaving_Carriageway","Hit_Object_off_Carriageway","X1st_Point_of_Impact","Was_Vehicle_Left_Hand_Drive","Journey_Purpose_of_Driver","Sex_of_Driver","Age_Band_of_Driver","Engine_Capacity_.CC.","Propulsion_Code","Age_of_Vehicle","Driver_IMD_Decile","Driver_Home_Area_Type"
"221521","201301QA10146",1,21,0,18,0,8,0,0,0,0,1,1,1,1,8,12777,2,4,10,1
"221531","201301QA10146",2,9,0,9,0,8,0,0,0,0,1,1,3,2,7,1364,1,5,10,1
"221541","201301QA10147",1,9,0,9,0,2,0,0,0,0,3,1,6,1,10,1598,1,16,5,1
"221551","201301QA10147",2,4,0,17,0,2,0,0,0,0,1,1,6,1,4,124,1,8,3,1
"221561","201301QA10148",1,8,0,9,0,5,0,0,0,0,4,1,2,1,9,1896,2,6,7,1
"221571","201301QA10148",2,1,0,4,4,8,0,0,0,0,1,1,6,1,-1,-1,-1,-1,2,1
"221581","201301QA10149",1,8,0,4,0,0,0,0,0,0,2,1,6,1,8,-1,-1,-1,5,1
"221591","201301QA10149",2,9,0,18,0,0,0,0,0,0,1,1,6,1,-1,1396,1,14,-1,-1
"22160","201301QA10150",1,19,0,18,0,0,0,0,0,0,4,1,6,1,8,-1,-1,-1,3,1
"22161","201301QA10151",1,9,0,4,0,8,0,0,0,0,2,1,6,1,7,1896,2,11,10,1
"221621","201301QA10151",2,9,0,5,0,8,0,0,0,0,1,1,6,1,6,1598,1,6,3,1
"221631","201301QA10154",1,9,0,4,0,0,0,0,0,0,1,1,2,1,7,-1,-1,-1,5,1
"221641","201301QA10156",1,11,0,4,2,1,0,0,0,0,0,1,1,1,7,3900,2,7,-1,-1
"221651","201301QA10157",1,9,0,18,0,8,0,0,0,0,4,1,6,1,6,1396,1,8,6,1
"221661","201301QA10157",2,9,0,9,0,8,0,0,0,0,1,1,6,2,6,2993,2,3,6,1
"221671","201301QA10158",1,2,0,13,0,1,0,0,0,0,4,1,1,1,9,49,1,3,4,1
"221681","201301QA10158",2,9,0,4,0,1,0,0,0,0,3,1,6,2,7,1797,8,-1,6,1
"221691","201301QA10160",1,9,0,5,0,1,0,0,0,0,1,1,6,3,-1,-1,-1,-1,-1,-1
"221701","201301QA10161",1,19,0,5,0,8,0,0,0,0,3,1,1,1,6,2198,2,1,3,1
"221711","201301QA10161",2,9,0,18,0,8,0,0,0,0,1,1,6,1,11,3456,8,3,9,1
"221721","201301QA10163",1,90,0,18,0,1,0,0,0,0,1,1,1,1,10,-1,3,31,5,1
"221731","201301QA10164",1,9,0,9,0,8,0,0,0,0,4,1,6,2,9,1397,1,11,9,1
"221741","201301QA10164",2,1,0,7,0,8,0,0,0,0,3,1,6,1,7,-1,-1,-1,7,2
"221751","201301QA10166",1,9,0,7,0,1,0,0,0,0,1,1,3,2,7,1348,1,13,-1,-1
"221761","201301QA10166",2,1,0,18,9,1,0,0,0,0,3,1,6,1,1,-1,-1,-1,5,1
"221771","201301QA10167",1,19,0,9,0,0,0,0,1,0,3,1,6,1,5,1956,2,2,6,1
"221781","201301QA10167",2,9,0,13,0,0,0,0,2,10,1,1,6,2,8,1998,1,4,-1,-1
"221791","201301QA10168",1,1,0,18,4,8,0,0,0,0,1,1,6,1,7,-1,-1,-1,6,1
"221801","201301QA10168",2,9,0,7,0,5,0,0,0,0,4,1,6,2,-1,1968,2,4,9,1
"221811","201301QA10169",1,5,0,18,0,8,0,0,0,0,1,1,6,1,6,996,1,14,5,1
"221821","201301QA10169",2,9,0,6,0,8,0,0,0,0,3,1,6,2,6,998,1,5,-1,-1
"221831","201301QA10170",1,9,0,7,0,8,0,0,0,0,1,1,6,2,7,1699,1,7,7,1
"221841","201301QA10170",2,9,0,18,0,8,0,0,0,0,2,1,6,1,5,-1,-1,-1,-1,-1
"221851","201301QA10172",1,1,0,18,0,8,0,0,0,0,1,1,6,1,8,-1,-1,-1,7,1
"221861","201301QA10172",2,9,0,18,0,8,0,0,0,0,4,1,6,1,7,1910,2,3,3,1
"221871","201301QA10173",1,9,0,3,0,8,0,0,0,0,2,1,6,1,6,1598,1,-1,7,1
"221881","201301QA10173",2,9,0,18,0,8,0,0,0,0,1,1,6,1,-1,-1,-1,-1,-1,-1
"221892","201301QA10175",1,9,0,3,0,0,0,0,0,0,2,1,2,1,5,1360,1,10,5,1
"221901","201301QA10175",2,9,0,18,0,0,0,0,0,0,1,1,6,1,-1,1896,2,12,-1,-1
"221911","201301QA10175",3,9,0,3,0,0,0,0,0,0,2,1,6,2,-1,2148,2,12,9,3
"221921","201301QA10176",1,8,0,5,0,8,0,0,0,0,1,1,6,1,7,1997,2,5,4,1
"221931","201301QA10176",2,9,5,5,0,8,0,0,0,0,2,1,6,2,-1,998,1,11,6,1
"221941","201301QA10177",1,9,0,9,0,5,0,0,0,0,3,1,6,1,6,1799,1,7,9,1
"221951","201301QA10177",2,9,0,5,0,6,0,0,0,0,1,1,6,1,-1,1910,2,6,-1,-1
"221961","201301QA10178",1,11,0,5,0,0,0,0,0,0,0,1,1,1,6,7300,2,9,-1,-1
"221971","201301QA10179",1,9,0,9,0,8,0,0,0,0,4,1,6,2,8,1796,1,10,8,1
"221981","201301QA10179",2,4,0,18,0,8,0,0,0,0,1,1,6,1,7,1237,1,3,10,1
"221991","201301QA10180",1,9,0,14,0,0,0,0,0,0,1,1,6,2,7,1240,1,7,6,1
"222001","201301QA10181",1,11,0,3,0,0,0,0,0,0,0,1,1,1,7,9000,2,9,3,1
"222011","201301QA10182",1,9,0,4,0,1,0,0,0,0,2,1,6,1,8,1497,8,5,4,1
"222021","201301QA10182",2,9,0,4,0,1,0,0,0,0,2,1,6,2,5,1596,1,12,5,1
"222031","201301QA10182",3,9,0,18,0,1,0,0,0,0,1,1,6,1,6,1497,1,8,4,1
"222041","201301QA10183",1,21,1,12,0,0,0,0,0,0,3,1,6,3,-1,12900,2,4,-1,-1
"222051","201301QA10183",2,9,0,18,0,0,0,0,4,6,4,1,2,2,5,1199,1,11,6,1
"222061","201301QA10184",1,19,0,18,0,8,0,0,0,0,1,1,6,1,4,1753,2,4,7,2
"222071","201301QA10184",2,19,0,18,0,8,5,0,0,0,3,1,6,1,5,1868,2,14,7,1
"222081","201301QA10185",1,9,0,18,0,0,0,10,0,0,4,1,6,1,4,1149,1,11,7,3
"222091","201301QA10185",2,9,0,2,0,0,0,0,0,0,0,1,6,1,8,-1,-1,-1,8,1
"222101","201301QA10187",1,9,0,4,0,1,0,0,0,0,2,1,6,1,9,1596,1,7,10,1
"22211","201301QA10187",2,9,0,4,0,1,0,10,0,0,2,1,6,1,9,1598,1,7,8,1
"22212","201301QA10187",3,9,0,18,0,1,0,0,0,0,1,1,6,2,6,1995,2,4,10,1
"22213","201301QA10188",1,2,0,18,0,1,0,0,0,0,1,1,1,1,6,49,1,6,-1,-1
"222141","201301QA10188",2,9,0,10,0,1,0,0,0,0,1,1,6,1,6,2987,2,6,6,1
"222151","201301QA10188",3,9,0,18,0,1,0,0,0,0,1,1,6,1,-1,1796,1,10,8,1
"222161","201301QA10190",1,9,0,18,0,0,0,0,0,0,4,1,6,1,11,998,1,12,7,1
"222171","201301QA10191",1,9,0,9,0,2,0,0,0,0,1,1,6,1,10,1390,1,2,8,1
"222181","201301QA10191",2,3,0,14,0,1,0,0,0,0,1,1,6,1,-1,125,1,-1,5,1
"222191","201301QA10192",1,9,0,18,0,8,0,0,0,0,4,1,3,2,7,1997,2,9,9,1
"222201","201301QA10192",2,9,0,18,0,8,0,0,0,0,1,1,6,1,8,1396,1,11,8,1
"222231","201301QA10194",1,9,0,10,0,1,0,0,0,0,2,1,6,1,7,1390,1,-1,7,1
"222241","201301QA10194",2,9,0,18,0,1,0,0,0,0,1,1,6,2,6,1242,1,12,3,1
"222251","201301QA10195",1,9,0,4,0,1,0,0,0,0,2,1,6,2,6,999,1,1,7,1
"222261","201301QA10195",2,9,0,18,0,1,0,0,0,0,1,1,6,1,4,1149,1,9,8,1
"222271","201301QA10196",1,9,0,18,0,8,0,0,0,0,3,1,6,2,5,1796,1,4,7,1
"222281","201301QA10196",2,9,0,18,0,8,0,0,0,0,1,1,1,1,7,1995,2,8,6,1
"222311","201301QA10198",1,9,0,9,0,8,0,0,0,0,1,1,2,2,6,1360,1,10,10,1
"222321","201301QA10198",2,9,0,18,0,8,0,0,0,0,3,1,2,2,6,1598,1,1,8,1
"222331","201301QA10199",1,9,0,5,0,8,0,0,0,0,1,1,6,2,6,1229,1,9,5,1
"222341","201301QA10199",2,9,0,18,0,8,0,0,0,0,4,1,6,1,9,1587,1,6,-1,-1
"222351","201301QA10200",1,3,0,18,0,8,0,0,0,0,4,1,6,1,4,124,1,10,4,1
"222361","201301QA10200",2,19,0,9,0,8,0,0,0,0,3,1,6,1,-1,-1,-1,-1,-1,-1
"222371","201301QA10201",1,9,0,3,0,1,0,0,0,0,2,1,6,2,7,1988,1,15,4,1
"222381","201301QA10201",2,9,0,4,0,1,0,0,0,0,1,1,6,1,-1,1596,1,14,4,1
"222401","201301QA10204",1,9,0,18,0,1,0,0,0,0,4,1,6,2,7,1598,1,6,-1,-1
"222411","201301QA10204",2,9,0,9,0,1,0,0,0,0,1,1,6,3,-1,-1,-1,-1,-1,-1
"222421","201301QA10205",1,1,0,18,0,8,0,0,0,0,0,1,6,2,6,-1,-1,-1,7,1
"222431","201301QA10205",2,9,0,9,0,8,0,0,0,0,0,1,6,2,7,-1,-1,-1,-1,-1
"222441","201301QA10206",1,9,0,9,0,8,0,0,0,0,1,1,6,1,5,1199,1,9,6,1
"222451","201301QA10206",2,9,0,18,0,8,0,0,3,1,3,1,6,1,5,-1,-1,-1,6,1
"222461","201301QA10207",1,9,0,5,0,1,0,0,0,0,1,1,6,2,5,1329,1,2,6,1
"222471","201301QA10207",2,9,0,18,0,1,0,0,0,0,3,1,6,2,7,1275,1,14,8,1
"222481","201301QA10209",1,9,0,18,0,1,0,0,0,0,1,1,6,1,7,1995,1,11,4,1
"222491","201301QA10209",2,9,0,10,0,1,0,0,0,0,2,1,6,1,4,1242,1,2,10,2
"222501","201301QA10209",3,9,0,3,0,1,0,0,0,0,2,1,6,1,8,4293,1,11,10,1
"222511","201301QA10210",1,20,1,5,0,1,0,0,0,0,3,1,1,1,8,-1,-1,-1,7,1
"222521","201301QA10213",1,3,0,13,0,0,0,10,1,2,1,1,6,1,4,124,1,3,2,1
"222531","201301QA10214",1,9,0,9,0,8,0,7,0,0,4,1,6,2,5,1995,2,3,7,1
"222541","201301QA10214",2,9,0,18,0,8,0,0,0,0,1,1,6,1,6,1199,1,12,10,1
"222551","201301QA10215",1,9,0,18,0,1,0,0,0,0,1,1,1,2,7,1108,1,8,4,1
"222561","201301QA10215",2,1,0,14,0,1,0,0,0,0,1,1,1,1,-1,-1,-1,-1,8,1
"222571","201301QA10216",1,9,0,3,0,1,0,0,0,0,4,1,6,3,-1,-1,-1,-1,-1,-1
"222581","201301QA10216",2,1,0,15,4,1,0,4,0,0,1,1,2,1,8,-1,-1,-1,9,2
"222591","201301QA10217",1,9,0,18,0,0,0,0,0,0,1,1,3,2,10,1229,1,8,4,1
"222621","201301QA10219",1,9,0,9,0,8,0,0,0,0,3,1,6,2,8,-1,-1,-1,6,1
"222631","201301QA10219",2,9,0,9,0,8,0,0,0,0,1,1,6,1,11,1995,1,9,6,1
"222641","201301QA10220",1,19,0,4,0,1,0,0,0,0,2,1,3,1,8,-1,-1,-1,6,1
"222651","201301QA10220",2,4,0,18,0,1,1,0,0,0,1,1,6,1,4,124,1,3,5,1
"222661","201301QA10222",1,9,0,9,0,8,0,0,0,0,0,1,6,2,6,1995,1,4,6,1
"222671","201301QA10222",2,1,0,18,0,8,0,0,0,0,3,1,6,2,9,-1,-1,-1,4,1
"222681","201301QA10223",1,19,0,18,0,1,0,0,0,0,1,1,1,1,8,1998,1,9,9,1
"222691","201301QA10223",2,9,0,9,0,1,0,0,0,0,2,1,2,2,8,1299,1,11,3,1
"222721","201301QA10226",1,5,0,18,0,1,0,4,0,0,1,1,6,1,6,599,1,13,7,1
"222731","201301QA10227",1,9,0,18,0,0,0,0,0,0,4,1,6,1,7,1596,1,8,3,1
"222741","201301QA10228",1,9,0,18,0,0,0,0,7,4,1,1,6,1,8,1849,1,16,7,1
"222751","201301QA10229",1,9,0,18,0,8,0,0,0,0,4,1,6,2,6,1998,1,8,5,1
"222761","201301QA10229",2,9,0,18,0,8,0,0,0,0,1,1,1,1,-1,-1,-1,-1,-1,-1
"222771","201301QA10230",1,9,0,5,0,0,0,0,0,0,3,1,6,3,-1,-1,-1,-1,-1,-1
"222781","201301QA10230",2,1,0,14,0,0,0,0,0,0,4,1,6,1,8,-1,-1,-1,10,1
"222791","201301QA10231",1,9,0,9,0,8,0,7,1,2,1,1,6,2,6,1590,1,10,9,1
"222801","201301QA10232",1,9,0,5,0,0,0,0,0,0,1,1,6,1,5,-1,-1,-1,5,1
"222811","201301QA10232",2,9,0,4,0,0,0,0,0,0,2,1,6,2,5,1896,2,11,7,1
"222821","201301QA10232",3,19,0,4,0,0,0,0,0,0,2,1,6,1,5,2402,2,9,5,1
"222831","201301QA10233",1,9,0,14,0,1,0,0,0,0,1,1,6,1,9,1951,2,8,8,1
"222841","201301QA10234",1,9,0,7,0,8,0,0,0,0,1,1,6,1,7,2720,2,9,10,1
"222851","201301QA10234",2,1,0,17,0,8,0,0,0,0,4,1,6,1,9,-1,-1,-1,10,1
"22286","201301QA10236",1,8,0,18,0,2,0,0,0,0,1,1,1,1,7,1598,1,6,1,1
"22287","201301QA10236",2,9,0,3,0,2,0,0,0,0,2,1,6,3,-1,-1,-1,-1,-1,-1
"222931","201301QA10238",1,2,0,17,0,8,0,0,0,0,4,1,1,1,6,49,1,1,7,1
"222941","201301QA10238",2,9,0,7,0,8,0,0,0,0,1,1,6,1,-1,1124,1,12,8,1
"222951","201301QA10239",1,1,0,18,0,2,0,4,0,0,1,1,6,1,6,-1,-1,-1,3,1
"222961","201301QA10239",2,9,0,2,0,1,0,0,0,0,3,1,6,1,-1,2982,2,4,-1,-1
"222991","201301QA10241",1,19,0,18,0,8,0,0,0,0,1,1,1,1,5,2198,2,3,4,1
"223001","201301QA10241",2,9,0,4,0,8,0,0,0,0,2,1,6,1,9,1686,2,6,4,1
"223011","201301QA10242",1,1,0,18,0,0,0,0,0,0,3,1,6,2,7,-1,-1,-1,4,1
"223021","201301QA10242",2,9,0,13,0,0,0,0,0,0,4,1,6,3,-1,-1,-1,-1,-1,-1
"223031","201301QA10243",1,9,0,9,0,8,0,0,0,0,1,1,1,1,-1,-1,-1,-1,-1,-1
"223041","201301QA10243",2,5,0,14,0,8,0,0,0,0,4,1,6,1,6,749,1,10,7,1
"223051","201301QA10244",1,9,0,7,4,8,0,0,0,0,4,1,6,2,5,1598,1,1,6,1
"223061","201301QA10244",2,1,0,18,4,8,0,0,0,0,1,1,2,2,6,-1,-1,-1,6,1
"223071","201301QA10245",1,9,0,18,0,0,0,0,0,0,4,1,6,1,9,1497,1,13,3,1
"223081","201301QA10245",2,3,0,4,0,0,0,0,0,0,3,1,6,2,7,125,1,7,8,1
"223091","201301QA10246",1,9,0,18,0,0,0,0,0,0,4,1,6,3,-1,-1,-1,-1,-1,-1
"22310","201301QA10247",1,9,0,9,0,8,0,0,0,0,1,1,6,2,8,1995,2,10,9,1
"22311","201301QA10247",2,1,0,18,0,8,0,0,0,0,4,1,6,2,5,-1,-1,-1,5,1
"223141","201301QA10249",1,9,0,5,0,2,0,0,0,0,1,1,2,2,10,1198,1,5,9,1
"223151","201301QA10249",2,9,0,4,0,2,0,0,0,0,2,1,6,1,6,-1,-1,-1,3,1
"223161","201301QA10252",1,9,0,7,0,8,0,10,1,10,4,1,6,2,10,1590,1,15,7,1
"22318","201301QA10256",1,9,0,18,0,0,0,0,0,0,1,1,6,1,6,1596,1,8,5,1
"22319","201301QA10256",2,9,0,18,0,0,0,0,0,0,1,1,1,1,7,1598,1,14,3,1
"223201","201301QA10257",1,1,0,18,0,0,0,0,0,0,3,1,6,2,6,-1,-1,-1,-1,-1
"223211","201301QA10257",2,9,0,13,0,0,0,0,0,0,4,1,6,1,-1,-1,-1,-1,-1,-1
"223221","201301QA10258",1,9,0,18,0,8,1,0,0,0,4,1,6,2,5,1598,1,9,7,1
"223231","201301QA10258",2,9,0,9,0,8,0,0,0,0,1,1,6,1,5,1275,1,15,9,1
"223271","201301QA10261",1,3,0,18,0,1,0,0,0,0,4,1,1,1,5,125,1,-1,5,1
"223281","201301QA10261",2,9,0,3,0,2,0,0,0,0,4,1,1,1,6,1984,1,6,5,1
"223291","201301QA10262",1,9,0,5,0,8,0,0,0,0,1,1,6,2,7,2143,2,2,6,1
"223301","201301QA10262",2,9,0,18,0,8,0,10,8,4,4,1,6,1,6,1994,1,11,9,1
"223311","201301QA10262",3,9,0,18,0,8,0,0,0,0,3,1,6,1,6,1332,1,16,6,1
"223321","201301QA10263",1,9,0,18,0,8,0,0,0,0,4,1,6,1,8,1598,1,15,8,1
"223331","201301QA10263",2,3,0,18,0,8,0,0,0,0,1,1,6,1,8,750,1,3,10,1
"223341","201301QA10264",1,11,0,4,0,1,0,0,0,0,1,1,1,2,8,7300,2,9,6,1
"223351","201301QA10264",2,9,0,3,0,1,0,0,0,0,2,1,6,2,10,1600,1,14,6,1
"22336","201301QA10264",3,9,0,3,0,1,0,0,0,0,2,1,6,1,9,-1,-1,-1,7,1
"22337","201301QA10265",1,9,0,18,0,0,0,0,0,0,1,1,2,2,7,1498,1,2,2,1
"223381","201301QA10265",2,9,0,5,0,0,0,0,0,0,2,1,1,1,8,-1,-1,-1,5,1
"223391","201301QA10266",1,1,0,18,0,1,0,0,0,0,3,1,6,1,5,-1,-1,-1,7,1
"22340","201301QA10266",2,9,0,18,0,1,0,0,0,0,4,1,6,1,4,1364,1,4,5,1
"22341","201301QA10267",1,9,0,17,0,2,5,7,1,0,3,1,6,2,5,1397,1,11,6,1
"223441","201301QA10269",1,9,0,3,0,1,0,0,0,0,2,1,1,1,7,2993,2,3,4,1
"223451","201301QA10269",2,9,0,3,0,1,0,0,0,0,2,1,6,2,5,1390,1,9,6,1
"223461","201301QA10269",3,8,0,4,0,1,0,0,0,0,1,1,1,1,7,1896,2,6,5,1
"223471","201301QA10270",1,9,0,5,0,0,0,4,0,0,3,1,6,1,6,1896,2,6,9,1
"223481","201301QA10270",2,9,0,18,0,0,0,0,0,0,4,1,6,1,-1,-1,-1,-1,4,1
"223491","201301QA10271",1,11,0,2,0,0,0,0,0,0,0,1,1,1,6,4500,2,7,5,1
"223501","201301QA10272",1,19,0,5,0,1,0,0,0,0,1,1,6,1,9,1248,2,4,4,1
"223511","201301QA10272",2,1,0,18,0,1,0,0,0,0,4,1,6,2,8,-1,-1,-1,7,1
"223521","201301QA10273",1,1,0,18,0,0,0,0,0,0,1,1,6,1,6,-1,-1,-1,5,1
"223531","201301QA10273",2,9,0,18,0,0,0,0,0,0,1,1,6,1,8,-1,-1,-1,6,1
"223561","201301QA10275",1,9,0,18,0,0,0,4,0,0,1,1,6,1,6,1596,1,6,3,1
"223571","201301QA10275",2,9,0,18,0,0,0,0,0,0,2,1,6,1,5,1796,1,6,10,1
"223581","201301QA10276",1,3,0,10,0,8,0,0,0,0,2,1,1,1,5,124,1,5,4,1
"223591","201301QA10276",2,9,0,9,0,8,0,0,0,0,1,1,6,1,-1,-1,-1,-1,-1,-1
"223601","201301QA10277",1,9,0,18,0,1,0,0,0,0,1,1,6,1,8,2401,2,8,9,1
"223611","201301QA10277",2,9,0,10,0,1,0,0,0,0,2,1,6,1,5,1364,1,7,4,1
"223621","201301QA10278",1,3,0,13,0,1,0,7,0,0,1,1,6,1,4,124,1,3,4,1
"223631","201301QA10279",1,90,0,18,0,1,0,0,0,0,3,1,1,2,9,-1,-1,-1,4,1
"223641","201301QA10280",1,9,0,4,0,1,0,10,1,10,1,1,6,1,11,1596,1,10,7,1
"223651","201301QA10281",1,9,0,5,0,0,0,0,0,0,1,1,6,1,5,1119,1,17,5,1
"223661","201301QA10282",1,9,0,3,0,1,0,0,0,0,2,1,6,2,7,2993,2,6,6,1
"223671","201301QA10282",2,9,0,18,0,1,0,0,0,0,1,1,6,1,-1,2362,1,13,-1,-1
"223681","201301QA10283",1,9,0,7,0,2,0,0,0,0,1,1,6,2,11,1388,1,11,-1,-1
"223691","201301QA10284",1,9,0,18,0,0,0,0,0,0,1,1,6,2,9,1796,1,7,6,1
"223701","201301QA10285",1,9,0,9,0,8,0,0,0,0,3,1,6,2,8,1796,1,8,3,1
"223711","201301QA10285",2,5,0,18,0,8,0,0,0,0,1,1,6,1,6,600,1,11,7,1
"223721","201301QA10286",1,9,0,18,0,8,0,0,0,0,3,1,6,1,10,1796,1,5,5,1
"223731","201301QA10286",2,9,0,18,0,8,0,0,0,0,1,1,6,1,-1,1582,2,-1,-1,-1
"223741","201301QA10287",1,9,0,18,0,8,0,0,0,0,1,1,6,1,7,1339,1,5,-1,-1
"223751","201301QA10287",2,1,0,18,0,8,0,0,0,0,3,1,6,1,5,-1,-1,-1,-1,-1
"223761","201301QA10288",1,9,0,17,0,2,0,0,0,0,3,1,6,2,10,2902,2,7,3,1
"223771","201301QA10288",2,9,0,16,0,2,0,0,0,0,3,1,6,3,-1,1597,1,14,-1,-1
"223781","201301QA10289",1,9,0,9,0,8,0,0,0,0,4,1,6,1,5,1199,1,9,5,1
"223791","201301QA10289",2,9,0,18,0,8,0,0,0,0,1,1,6,1,5,-1,-1,-1,6,1
"223821","201301QA10291",1,1,0,3,0,1,0,0,0,0,3,1,6,1,9,-1,-1,-1,10,1
"22383","201301QA10291",2,9,0,4,0,1,0,0,0,0,4,1,6,2,10,1396,1,18,4,1
"22384","201301QA10292",1,9,0,18,0,0,0,10,1,10,1,1,6,1,7,1124,1,14,5,1
"223851","201301QA10292",2,9,0,18,0,0,0,0,0,0,0,1,6,3,-1,-1,-1,-1,-1,-1
"223861","201301QA10294",1,9,0,3,0,2,0,0,0,0,2,1,6,1,8,-1,-1,-1,6,1
"223871","201301QA10294",2,19,0,18,0,2,0,0,0,0,1,1,1,1,6,2198,2,6,5,1
"223881","201301QA10295",1,9,0,18,0,0,0,0,0,0,1,1,6,1,6,998,1,11,5,1
"223891","201301QA10295",2,9,0,18,0,0,0,0,0,0,2,1,6,1,5,1685,2,1,7,1
"223901","201301QA10297",1,9,0,18,0,0,0,0,0,0,1,1,6,1,9,2685,2,9,6,1
"223911","201301QA10297",2,1,0,18,0,0,0,0,0,0,3,1,6,1,3,-1,-1,-1,6,1
"223921","201301QA10298",1,9,0,18,0,0,0,0,0,0,1,1,6,2,8,1390,1,14,10,1
"223931","201301QA10298",2,9,0,3,0,0,0,0,0,0,2,1,2,1,7,2720,2,5,6,1
"223961","201301QA10300",1,19,0,16,0,0,1,0,7,0,3,1,1,2,6,1461,2,11,9,1
"223971","201301QA10300",2,9,0,17,0,0,0,0,0,0,3,1,6,2,7,1124,1,10,5,1
"22400","201301QA10302",1,9,0,9,0,8,0,0,0,0,1,1,1,1,8,1796,1,11,7,1
"22401","201301QA10302",2,1,0,10,0,8,0,0,0,0,1,1,1,1,5,-1,-1,-1,8,1
"224021","201301QA10303",1,9,0,17,0,8,0,7,0,0,1,1,3,2,5,1240,1,10,6,1
"224031","201301QA10304",1,9,0,11,4,1,0,0,0,0,4,1,6,1,5,-1,-1,-1,3,1
"224041","201301QA10304",2,1,0,18,4,1,0,0,0,0,1,1,6,1,8,-1,-1,-1,7,1
"224051","201301QA10305",1,11,0,18,0,0,0,0,0,0,1,1,1,1,8,6700,2,6,3,1
"224061","201301QA10305",2,9,0,18,0,0,0,0,0,0,4,1,6,1,6,1598,2,1,3,1
"224071","201301QA10306",1,9,0,18,0,0,0,4,0,0,1,1,6,1,5,1598,1,7,10,1
"224081","201301QA10308",1,9,0,5,0,1,0,0,0,0,1,1,6,1,7,1984,1,7,4,1
"224091","201301QA10308",2,9,0,3,0,1,0,0,0,0,2,1,6,2,5,1229,1,5,4,1
"224121","201301QA10311",1,9,0,18,0,8,0,0,0,0,1,1,6,2,10,2987,2,5,3,1
"224131","201301QA10311",2,9,0,9,0,8,0,0,0,0,4,1,6,2,7,1997,1,8,8,1
"224151","201301QA10313",1,9,0,4,0,0,0,0,0,0,2,1,6,1,5,1596,7,8,6,1
"224161","201301QA10313",2,9,0,4,0,0,1,0,0,0,1,1,6,1,-1,-1,-1,-1,-1,-1
"224201","201301QA10315",1,3,0,14,0,8,0,0,0,0,1,1,6,1,7,125,1,10,-1,-1
"22421","201301QA10315",2,9,0,9,0,6,0,0,0,0,1,1,2,1,7,1796,1,14,-1,-1
"22422","201301QA10316",1,9,0,18,0,8,0,0,0,0,3,1,6,1,6,1997,1,9,7,1
"224231","201301QA10316",2,9,0,5,0,6,0,0,0,0,1,1,6,1,4,1390,1,11,6,1
"224241","201301QA10317",1,11,0,5,0,0,0,0,0,0,0,1,1,1,7,9000,2,4,5,1
"224251","201301QA10318",1,11,0,5,0,1,0,0,0,0,0,1,1,1,9,7300,2,11,3,1
"224281","201301QA10321",1,19,0,1,0,1,0,0,0,0,2,1,1,1,6,1248,2,-1,5,1
"224291","201301QA10323",1,19,0,4,0,0,0,0,0,0,1,1,6,1,6,2143,2,1,5,1
"224301","201301QA10323",2,9,0,4,0,0,0,0,0,0,2,1,6,1,-1,1796,1,12,2,1
"224311","201301QA10323",3,9,0,4,0,0,0,0,0,0,2,1,6,1,7,1796,1,8,7,1
"224321","201301QA10325",1,9,0,1,0,8,0,0,0,0,2,1,6,2,5,2926,2,11,6,1
"224391","201301QA10329",1,10,0,18,0,0,0,0,0,0,4,1,1,1,6,2500,2,6,3,1
"224401","201301QA10329",2,1,0,18,0,0,0,0,0,0,3,1,6,1,7,-1,-1,-1,5,1
"224411","201301QA10331",1,9,0,9,0,8,0,0,0,0,4,1,6,3,-1,1679,1,11,-1,-1
"224421","201301QA10331",2,1,0,18,0,8,1,0,0,0,1,1,2,1,6,-1,-1,-1,6,1
"224431","201301QA10332",1,9,0,9,0,8,0,0,0,0,3,1,6,1,9,1896,2,8,4,1
"224441","201301QA10332",2,9,0,9,0,8,0,0,0,0,3,1,6,1,-1,1198,1,5,6,1
"224451","201301QA10333",1,9,0,13,0,8,0,0,0,0,4,1,6,2,8,-1,-1,-1,7,1
"224461","201301QA10333",2,1,0,9,0,8,0,0,0,0,3,1,6,1,5,-1,-1,-1,5,1
"224471","201301QA10334",1,9,0,18,0,2,0,0,7,0,3,1,6,2,7,1587,1,6,3,1
"224481","201301QA10334",2,9,0,18,0,1,0,0,0,0,3,1,6,1,7,-1,-1,-1,3,1
"224491","201301QA10336",1,11,0,4,0,1,0,0,0,0,4,1,1,1,7,4500,2,2,-1,-1
"224501","201301QA10337",1,9,0,9,0,8,0,0,0,0,0,1,6,1,8,1389,1,17,5,1
"224511","201301QA10337",2,3,0,4,0,8,1,0,0,0,0,1,1,1,7,124,1,5,3,1