"","Acc_Index","Vehicle_Reference","Vehicle_Type","Towing_and_Articulation","Vehicle_Manoeuvre","Vehicle_Location.Restricted_Lane","Junction_Location","Skidding_and_Overturning","Hit_Object_in_Carriageway","Vehicle_Leaving_Carriageway","Hit_Object_off_Carriageway","X1st_Point_of_Impact","Was_Vehicle_Left_Hand_Drive","Journey_Purpose_of_Driver","Sex_of_Driver","Age_Band_of_Driver","Engine_Capacity_.CC.","Propulsion_Code","Age_of_Vehicle","Driver_IMD_Decile","Driver_Home_Area_Type"
"224521","201301QA10338",1,9,0,16,0,0,1,10,1,4,1,1,6,2,4,998,1,10,8,1
"224531","201301QA10339",1,9,0,18,0,0,0,0,0,0,4,1,6,2,8,1596,1,2,4,1
"224541","201301QA10340",1,9,0,6,0,0,0,0,0,0,3,1,6,2,6,1595,1,10,3,1
"224551","201301QA10340",2,3,0,18,0,0,0,0,0,0,1,1,6,1,4,124,1,3,7,1
"22456","201301QA10341",1,9,0,18,0,0,0,0,0,0,1,1,6,3,-1,-1,-1,-1,-1,-1
"22457","201301QA10343",1,9,0,7,0,8,0,0,0,0,4,1,6,1,4,1388,1,4,5,1
"224581","201301QA10343",2,1,0,15,0,8,0,0,0,0,1,1,6,1,5,-1,-1,-1,7,1
"224591","201301QA10344",1,9,0,18,0,2,0,10,1,1,1,1,6,1,5,1781,1,15,5,1
"224601","201301QA10345",1,9,0,9,0,5,0,0,0,0,4,1,6,2,9,1600,1,8,7,1
"224611","201301QA10345",2,9,0,10,0,1,0,0,0,0,3,1,6,1,8,2793,1,12,6,1
"224621","201301QA10345",3,4,0,18,0,8,0,0,0,0,1,1,6,1,6,-1,-1,-1,4,1
"224631","201301QA10346",1,19,0,5,0,8,0,0,0,0,4,1,6,1,7,1560,2,4,6,1
"224641","201301QA10346",2,9,0,5,0,6,0,0,0,0,3,1,6,1,5,1896,2,6,4,1
"224651","201301QA10348",1,3,0,18,0,8,0,0,0,0,3,1,1,1,5,125,1,4,-1,-1
"224661","201301QA10348",2,19,0,9,0,8,0,0,0,0,3,1,1,1,6,4461,2,3,8,1
"224671","201301QA10349",1,9,0,3,0,0,0,0,0,0,2,1,6,2,7,2967,2,7,5,1
"224681","201301QA10349",2,9,0,18,0,0,1,0,0,0,1,1,6,1,-1,1796,1,11,9,1
"224691","201301QA10350",1,9,0,1,0,2,0,0,0,0,2,1,6,1,5,1896,2,11,4,1
"224701","201301QA10352",1,9,0,14,0,2,0,0,0,0,1,1,6,2,-1,1796,1,9,-1,-1
"224711","201301QA10354",1,9,0,18,0,1,0,0,0,0,3,1,1,2,5,1149,1,13,8,1
"224721","201301QA10355",1,5,0,14,0,8,0,0,7,0,4,1,6,1,5,599,1,10,5,1
"22473","201301QA10355",2,9,0,9,0,6,0,0,0,0,1,1,6,2,7,1398,1,2,6,1
"22474","201301QA10356",1,11,0,4,0,8,0,0,0,0,0,1,1,1,8,9200,2,10,7,1
"224751","201301QA10356",2,9,0,7,0,6,0,0,0,0,0,1,6,3,-1,-1,-1,-1,-1,-1
"224761","201301QA10357",1,5,0,13,0,0,0,0,0,0,1,1,6,1,7,1203,1,4,8,1
"224771","201301QA10357",2,9,0,18,0,0,0,0,0,0,3,1,6,1,8,2148,2,11,10,1
"224781","201301QA10358",1,9,0,3,0,1,0,0,0,0,2,1,6,1,8,1896,2,7,3,1
"224791","201301QA10358",2,9,0,18,0,1,0,0,0,0,1,1,6,1,5,998,1,7,8,1
"224801","201301QA10360",1,9,0,2,0,0,0,0,0,0,3,1,6,1,8,1850,1,12,8,1
"224811","201301QA10360",2,1,0,18,4,0,0,4,0,0,1,1,6,1,5,-1,-1,-1,4,1
"224821","201301QA10360",3,19,0,18,0,0,0,0,0,0,3,1,6,1,-1,-1,-1,-1,-1,-1
"224831","201301QA10361",1,9,0,18,0,0,0,0,0,0,1,1,6,2,-1,1896,2,12,-1,-1
"224841","201301QA10362",1,9,0,18,0,2,0,0,0,0,1,1,6,1,8,998,1,11,-1,-1
"22485","201301QA10365",1,19,0,18,0,2,0,0,0,0,4,1,6,3,-1,-1,-1,-1,-1,-1
"22486","201301QA10366",1,9,0,9,0,8,0,0,0,0,4,1,6,1,7,1896,2,6,4,1
"224871","201301QA10366",2,3,0,18,0,8,0,0,0,0,1,1,6,1,4,124,1,2,-1,-1
"224881","201301QA10368",1,20,1,18,0,0,0,0,0,0,1,1,6,2,7,6370,2,2,4,2
"224891","201301QA10368",2,9,0,12,0,0,0,0,0,0,3,1,6,1,11,1762,1,13,3,1
"224901","201301QA10370",1,9,0,5,0,0,0,0,0,0,3,1,6,1,9,2143,2,2,10,1
"224911","201301QA10370",2,3,0,18,0,0,0,0,0,0,4,1,6,1,-1,124,1,6,6,1
"224921","201301QA10371",1,9,0,9,0,8,0,0,0,0,1,1,6,2,-1,-1,-1,-1,-1,-1
"224931","201301QA10372",1,4,0,5,0,8,0,0,0,0,1,1,6,1,4,124,1,1,6,1
"224941","201301QA10372",2,9,0,9,0,8,0,0,0,0,1,1,6,1,-1,1896,2,12,6,1
"224961","201301QA10374",1,9,0,1,9,2,0,0,0,0,2,1,6,1,6,1798,1,12,5,1
"22497","201301QA10375",1,3,0,18,0,0,1,0,0,0,4,1,2,1,8,124,1,6,7,1
"22498","201301QA10376",1,9,0,9,0,8,0,0,0,0,0,1,6,2,7,1794,1,9,7,1
"22499","201301QA10376",2,3,0,18,0,1,1,0,0,0,4,1,4,2,4,125,1,2,5,1
"225001","201301QA10377",1,9,0,18,0,0,0,4,0,0,4,1,6,1,5,1896,2,15,9,1
"225011","201301QA10377",2,9,0,2,0,0,0,0,0,0,3,1,6,3,-1,1984,1,2,-1,-1
"225021","201301QA10377",3,9,0,18,0,0,0,0,0,0,3,1,6,2,8,-1,-1,-1,4,1
"225031","201301QA10378",1,9,0,9,0,8,0,0,0,0,3,1,6,2,-1,1598,1,13,-1,-1
"225041","201301QA10378",2,1,0,9,0,8,0,0,0,0,4,1,6,1,5,-1,-1,-1,7,1
"225051","201301QA10379",1,9,0,18,0,0,0,0,0,0,1,1,6,1,9,1997,1,12,7,1
"225061","201301QA10379",2,8,0,6,0,0,0,0,0,0,3,1,1,1,8,1753,2,6,8,1
"225071","201301QA10380",1,9,0,14,0,0,0,0,0,0,4,1,6,2,-1,-1,-1,-1,-1,-1
"225081","201301QA10381",1,9,0,3,0,0,0,0,0,0,2,1,6,1,8,1769,1,8,3,1
"225091","201301QA10381",2,19,0,18,0,0,0,0,0,0,1,1,6,1,-1,1998,2,11,-1,-1
"225101","201301QA10382",1,9,0,18,0,0,0,0,0,0,1,1,2,2,9,1339,1,6,7,3
"225111","201301QA10384",1,9,0,9,0,8,0,0,0,0,1,1,6,1,4,1198,1,3,8,1
"225121","201301QA10384",2,9,0,18,0,8,0,0,0,0,1,1,6,1,-1,1970,1,11,-1,-1
"225131","201301QA10385",1,9,0,18,0,0,0,0,0,0,4,1,6,1,6,1590,1,12,2,1
"225141","201301QA10385",2,9,0,15,2,0,0,0,0,0,3,1,6,1,-1,-1,-1,-1,-1,-1
"225151","201301QA10385",3,9,0,18,0,0,0,0,0,0,1,1,6,3,-1,-1,-1,-1,-1,-1
"225161","201301QA10386",1,9,0,18,0,0,0,0,0,0,2,1,1,1,4,973,1,11,5,1
"225171","201301QA10386",2,9,0,18,0,0,0,0,0,0,1,1,1,1,8,3222,2,11,6,1
"225181","201301QA10386",3,9,0,18,0,0,0,0,0,0,1,1,1,2,6,1596,1,13,4,1
"225191","201301QA10386",4,9,0,18,0,0,0,0,0,0,1,1,1,2,7,1242,1,15,4,1
"225211","201301QA10388",1,9,0,14,0,2,0,0,0,0,1,1,2,2,6,1896,2,3,7,1
"225221","201301QA10389",1,8,0,9,0,8,0,0,0,0,3,1,1,1,7,-1,-1,-1,7,1
"225231","201301QA10389",2,9,0,18,0,8,0,0,0,0,4,1,6,1,7,1998,1,7,2,1
"225241","201301QA10393",1,9,0,18,0,0,0,4,0,0,1,1,1,2,5,1598,1,7,8,1
"225251","201301QA10393",2,9,0,2,0,0,0,0,0,0,3,1,6,3,-1,1796,1,6,-1,-1
"225261","201301QA10394",1,9,0,18,0,1,0,0,0,0,1,1,6,1,6,-1,-1,-1,5,1
"225271","201301QA10395",1,9,0,5,0,0,0,0,0,0,2,1,6,1,7,1149,1,-1,10,1
"225281","201301QA10395",2,9,0,5,0,0,0,0,0,0,1,1,1,1,8,2387,2,4,6,1
"225291","201301QA10396",1,9,0,9,0,1,0,0,0,0,3,1,6,1,6,2494,1,12,4,1
"225301","201301QA10396",2,11,0,9,0,1,0,0,0,0,4,1,1,3,-1,-1,-1,-1,-1,-1
"225311","201301QA10397",1,9,0,18,0,0,0,7,7,2,1,1,6,1,9,1589,1,17,4,1
"225331","201301QA10399",1,9,0,18,0,0,0,0,0,0,1,1,6,2,5,1299,1,13,4,1
"225341","201301QA10399",2,9,0,5,0,0,0,0,0,0,3,1,6,2,6,1598,1,11,6,1
"225351","201301QA10400",1,9,0,4,0,2,0,0,0,0,1,1,6,1,7,3497,1,12,2,1
"225361","201301QA10402",1,19,0,7,0,8,0,0,0,0,4,1,1,1,8,4461,2,4,2,1
"225371","201301QA10403",1,3,0,14,0,1,0,0,0,0,1,1,6,1,4,125,1,5,5,1
"225381","201301QA10404",1,9,0,9,0,6,0,0,1,2,3,1,6,2,4,1248,1,3,9,1
"22539","201301QA10404",2,9,0,4,0,8,0,0,0,0,1,1,2,1,6,1896,2,17,-1,-1
"22540","201301QA10405",1,9,0,18,0,0,0,0,0,0,0,1,6,3,-1,-1,-1,-1,-1,-1
"225451","201301QA10408",1,9,0,10,0,1,0,0,0,0,2,1,6,1,8,1998,1,12,3,1
"225461","201301QA10408",2,9,0,18,0,1,0,0,0,0,1,1,6,2,-1,2926,2,11,7,1
"225471","201301QA10409",1,9,0,14,0,1,0,0,0,0,1,1,6,2,6,1598,1,8,4,1
"225481","201301QA10409",2,9,0,9,0,1,0,0,0,0,3,1,6,1,6,2401,2,10,9,1
"225491","201301QA10410",1,9,0,3,0,1,0,0,0,0,3,1,6,1,8,2171,1,10,3,1
"225501","201301QA10410",2,9,0,9,0,8,0,0,0,0,1,1,6,2,5,1796,1,8,6,1
"225511","201301QA10410",3,9,0,18,0,8,0,0,0,0,1,1,6,1,7,1796,1,9,-1,-1
"225521","201301QA10410",4,9,0,3,0,1,0,0,0,0,3,1,6,1,10,1339,1,5,5,1
"225531","201301QA10411",1,9,0,4,0,0,0,0,0,0,2,1,6,2,8,1397,1,9,5,1
"225541","201301QA10411",2,9,0,18,0,0,0,0,0,0,1,1,1,1,8,-1,-1,-1,10,1
"225551","201301QA10412",1,9,0,7,0,8,0,0,0,0,3,1,6,1,11,1198,1,4,5,1
"225561","201301QA10412",2,1,0,18,0,8,0,0,0,0,1,1,6,1,-1,-1,-1,-1,-1,-1
"225571","201301QA10413",1,9,0,9,0,8,0,0,0,0,1,1,6,1,10,1794,1,8,7,1
"225581","201301QA10414",1,9,0,18,0,8,0,0,1,4,1,1,6,2,-1,1339,1,8,5,1
"225591","201301QA10415",1,9,0,18,0,0,0,10,7,10,1,1,3,2,7,1390,1,12,7,1
"225602","201301QA10417",1,9,0,6,0,8,0,0,0,0,0,1,6,2,4,1124,1,11,-1,-1
"225611","201301QA10417",2,3,0,18,0,8,0,0,0,0,0,1,6,1,-1,599,1,4,3,1
"225621","201301QA10418",1,9,0,18,0,8,0,0,0,0,1,1,6,1,7,-1,-1,-1,-1,-1
"225631","201301QA10418",2,9,0,9,0,8,0,0,0,0,4,1,6,2,10,2926,2,9,8,1
"225641","201301QA10419",1,9,0,18,0,0,0,0,0,0,1,1,6,1,6,1362,1,1,5,1
"225651","201301QA10420",1,19,0,5,0,0,0,0,0,0,1,1,6,1,8,2198,2,6,5,1
"225661","201301QA10420",2,9,0,2,0,0,0,0,0,0,2,1,6,2,6,1686,2,-1,3,1
"225671","201301QA10421",1,9,0,18,0,0,0,0,0,0,1,1,6,1,-1,-1,-1,-1,-1,-1
"225681","201301QA10422",1,9,0,18,0,8,0,0,0,0,1,1,6,2,4,1299,1,12,2,1
"225691","201301QA10422",2,9,0,9,0,8,0,0,0,0,4,1,6,1,5,998,1,12,3,1
"225701","201301QA10423",1,9,0,18,0,8,0,0,0,0,4,1,6,2,5,1596,1,12,5,1
"225711","201301QA10423",2,9,0,5,0,8,0,0,0,0,1,1,6,1,10,1086,1,8,10,1
"225721","201301QA10424",1,9,0,18,0,0,0,0,0,0,4,1,6,3,-1,2685,2,11,-1,-1
"225731","201301QA10425",1,9,0,5,0,1,0,0,0,0,1,1,6,2,-1,1995,1,4,-1,-1
"225741","201301QA10427",1,9,0,3,0,2,0,0,0,0,2,1,6,2,6,1796,1,10,6,1
"225751","201301QA10427",2,9,0,18,0,2,0,0,0,0,1,1,6,1,6,1596,1,8,6,1
"225761","201301QA10428",1,19,0,7,0,1,0,0,0,0,1,1,6,1,8,2198,2,2,6,1
"225791","201301QA10430",1,9,0,18,0,8,0,0,0,0,1,1,6,2,9,1999,1,6,8,1
"225801","201301QA10430",2,19,0,18,0,8,0,0,0,0,4,1,6,1,-1,2402,2,4,-1,-1
"225811","201301QA10431",1,9,0,9,0,2,0,0,0,0,1,1,6,2,9,1199,1,10,8,1
"225821","201301QA10431",2,1,0,18,0,1,0,0,0,0,3,1,2,1,7,-1,-1,-1,7,1
"22584","201301QA10433",1,9,0,18,0,1,0,0,0,0,3,1,2,2,8,1598,1,-1,6,1
"22585","201301QA10434",1,9,0,18,0,0,0,0,0,0,1,1,3,1,8,-1,-1,-1,3,1
"225861","201301QA10434",2,9,0,5,0,0,0,4,0,0,3,1,3,1,8,-1,-1,-1,3,1
"225871","201301QA10434",3,9,0,2,0,0,0,0,0,0,1,1,6,1,-1,1461,2,5,-1,-1
"225881","201301QA10435",1,2,0,14,0,1,0,0,0,0,1,1,1,1,5,49,1,4,6,1
"225891","201301QA10435",2,9,0,9,0,1,0,0,0,0,3,1,6,1,-1,1995,2,1,6,1
"225901","201301QA10436",1,9,0,9,0,8,0,0,0,0,1,1,6,1,8,4966,1,10,5,1
"225911","201301QA10436",2,1,0,18,0,8,0,0,0,0,4,1,6,1,7,-1,-1,-1,-1,-1
"225921","201301QA10437",1,11,0,18,0,1,0,0,0,0,4,1,1,1,8,4500,2,2,6,1
"225931","201301QA10437",2,9,0,18,0,1,0,0,0,0,1,1,6,1,8,1896,2,8,8,1
"225941","201301QA10438",1,9,0,5,0,1,0,0,0,0,1,1,6,2,7,1489,1,15,6,1
"225951","201301QA10439",1,9,0,14,0,1,1,0,0,0,1,1,6,1,6,1296,1,7,8,1
"225961","201301QA10440",1,9,0,18,0,1,0,0,0,0,4,1,6,1,6,998,1,1,1,1
"22597","201301QA10441",1,9,0,3,0,1,0,0,0,0,2,1,6,2,6,998,1,7,7,1
"22598","201301QA10441",2,8,0,18,0,1,0,0,0,0,1,1,6,1,-1,1997,2,3,-1,-1
"22599","201301QA10442",1,9,0,14,0,0,0,0,0,0,1,1,6,1,4,-1,-1,-1,2,1
"22600","201301QA10442",2,9,0,14,0,0,0,0,0,0,1,1,6,2,5,2993,2,7,6,1
"22601","201301QA10443",1,19,0,18,0,8,0,0,0,0,3,1,6,1,5,2148,2,8,9,1
"22602","201301QA10443",2,1,0,18,0,8,0,0,0,0,4,1,6,2,8,-1,-1,-1,8,1
"22603","201301QA10444",1,11,0,4,0,1,0,0,0,0,0,1,1,1,9,4500,2,2,10,1
"22604","201301QA10445",1,9,0,18,0,8,0,0,0,0,4,1,6,2,7,1497,8,-1,4,1
"22605","201301QA10445",2,9,0,7,0,8,0,0,0,0,3,1,6,1,5,1390,1,14,6,1
"22606","201301QA10446",1,9,0,18,0,0,0,4,0,0,1,1,6,1,11,1328,1,12,5,2
"22607","201301QA10446",2,9,0,2,0,0,0,0,0,0,2,1,6,2,-1,-1,-1,-1,-1,-1
"22608","201301QA10447",1,9,0,18,0,8,0,0,0,0,1,1,6,1,5,3498,1,8,6,1
"22609","201301QA10447",2,9,0,18,0,5,0,0,0,0,1,1,6,2,5,1242,1,-1,4,1
"22610","201301QA10449",1,9,0,18,0,0,0,0,0,0,4,1,2,2,8,1388,1,1,8,1
"22611","201301QA10452",1,19,0,18,0,1,0,0,0,0,4,1,1,1,6,2143,2,3,3,1
"22612","201301QA10453",1,9,0,18,0,0,0,0,0,0,4,1,6,2,11,-1,-1,-1,10,1
"22613","201301QA10453",2,9,0,18,0,0,0,0,0,0,3,1,6,3,-1,-1,-1,-1,-1,-1
"22614","201301QA10454",1,9,0,18,0,0,0,0,0,0,1,1,6,2,6,1988,1,9,3,1
"22615","201301QA10455",1,9,0,17,0,0,0,4,0,0,1,1,6,2,5,1598,1,5,6,1
"22616","201301QA10455",2,9,0,2,0,0,0,0,0,0,2,1,6,3,-1,1598,1,14,-1,-1
"22617","201301QA10455",3,9,0,2,0,0,0,0,0,0,2,1,6,3,-1,2993,2,9,-1,-1
"22618","201301QA10455",4,9,0,2,0,0,0,0,0,0,2,1,6,3,-1,1896,2,5,-1,-1
"22619","201301QA10456",1,9,0,18,0,1,0,0,0,0,4,1,6,1,7,1360,1,7,5,1
"22620","201301QA10457",1,3,0,4,0,2,1,0,0,0,0,1,2,1,6,124,1,1,7,1
"22621","201301QA10458",1,9,0,9,0,8,0,0,0,0,1,1,6,2,8,1998,1,7,4,1
"22622","201301QA10460",1,9,0,7,0,2,0,0,0,0,1,1,6,1,10,1397,1,10,10,1
"22625","201301QA10463",1,9,0,9,0,1,0,0,0,0,4,1,6,1,6,1984,1,13,6,1
"22626","201301QA10463",2,1,0,18,0,1,0,0,0,0,1,1,6,1,7,-1,-1,-1,9,1
"22629","201301QA10466",1,8,0,9,0,2,0,0,0,0,1,1,2,1,8,1896,2,5,4,1
"22630","201301QA10467",1,11,0,5,0,0,0,0,0,0,4,1,1,3,-1,-1,-1,-1,-1,-1
"22631","201301QA10470",1,11,0,4,0,1,0,0,0,0,0,1,1,3,-1,-1,-1,-1,-1,-1
"22632","201301QA10471",1,3,0,18,0,1,1,0,0,0,0,1,2,1,8,124,1,3,9,1
"22633","201301QA10471",2,9,0,9,0,1,0,0,0,0,0,1,6,1,8,1995,2,10,2,1
"22634","201301QA10476",1,9,0,9,0,8,0,0,0,0,4,1,6,1,7,1493,1,14,6,1
"22635","201301QA10476",2,9,0,9,0,8,0,0,0,0,3,1,6,1,-1,2979,1,10,-1,-1
"22636","201301QA19007",1,9,0,18,0,1,0,0,0,0,1,1,1,2,5,1199,1,10,3,1
"22637","201301QA19010",1,3,0,9,0,8,0,0,0,0,4,1,6,1,6,-1,-1,-1,4,1
"22638","201301QA19010",2,9,0,18,0,6,0,0,0,0,1,1,6,3,-1,-1,-1,-1,-1,-1
"226391","201301QA19011",1,9,0,3,0,1,0,0,0,0,2,1,2,2,6,1686,2,1,8,2
"226401","201301QA19011",2,9,0,3,0,1,0,0,0,0,2,1,1,1,7,1598,2,-1,-1,-1
"22641","201301QA19011",3,9,0,4,0,1,0,0,0,0,1,1,2,2,4,1299,1,8,9,1
"22645","201301QA19351",1,9,0,18,0,0,0,0,0,0,4,1,2,1,6,1596,1,9,4,1
"22646","201301QA19364",1,5,0,4,0,8,1,0,0,0,1,1,6,1,-1,984,1,8,7,1
"22647","201301QA19364",2,9,0,4,0,8,0,0,0,0,2,1,6,2,6,1296,1,5,9,1
"22649","201301QK50004",1,9,0,9,0,8,0,0,0,0,3,1,6,2,10,1988,1,10,10,1
"22650","201301QK50004",2,9,0,13,0,8,0,0,0,0,4,1,6,2,-1,-1,-1,-1,6,1
"23039","201301QK50274",1,9,0,9,0,8,0,0,0,0,2,1,6,1,8,1910,2,6,-1,-1
"23040","201301QK50274",2,9,0,7,0,8,0,0,0,0,1,1,6,1,6,1598,1,13,4,1
"23936","201301QK50824",1,9,0,18,0,0,0,0,0,0,4,1,6,1,7,-1,-1,-1,9,1
"24526","201301RG40364",1,9,0,9,0,8,0,0,0,0,4,1,6,2,4,973,1,11,1,1
"24527","201301RG40364",2,9,0,18,0,8,0,0,0,0,1,1,6,1,-1,1498,1,7,6,1
"25015","201301RY10004",1,9,0,18,0,1,0,0,0,0,1,1,6,2,7,-1,-1,-1,4,1
"25583","201301RY10388",1,9,0,18,0,0,0,0,0,0,1,1,6,2,9,1796,1,2,2,1
"25584","201301RY10388",2,90,0,18,0,0,0,0,0,0,2,1,6,1,6,-1,-1,-1,7,1
"27570","201301TA00039",1,1,0,18,0,8,0,0,0,0,1,1,6,1,7,-1,-1,-1,10,1
"27594","201301TA00064",1,9,0,18,0,1,0,0,0,0,1,1,6,1,6,-1,-1,-1,8,1
"27629","201301TA00092",1,19,0,18,0,1,0,0,0,0,4,1,1,1,9,2151,2,9,5,1
"27643","201301TB00008",1,9,0,17,0,0,0,0,0,0,1,1,6,1,5,2172,2,10,6,1
"27646","201301TB00010",1,9,0,18,0,1,0,0,0,0,1,1,6,1,8,1997,1,15,3,1
"276731","201301TB00034",1,9,0,1,0,1,0,0,0,0,2,1,1,1,7,1896,2,6,2,1
"276851","201301TB00045",1,9,0,9,0,8,0,0,0,0,1,1,6,1,8,1598,1,6,4,1
"276861","201301TB00045",2,5,0,18,0,8,0,0,0,0,1,1,6,1,5,998,1,9,5,3
"27720","201301TB00080",1,9,0,18,0,2,0,0,0,0,1,1,1,1,6,-1,-1,-1,-1,-1
"27736","201301TD00012",1,9,0,18,0,0,0,10,1,10,1,1,6,1,5,1360,1,11,8,1
"27741","201301TD00016",1,4,0,18,0,0,0,4,0,0,3,1,6,1,4,198,1,6,7,1
"27742","201301TD00016",2,9,0,2,0,0,0,0,0,0,2,1,6,2,8,3199,1,12,-1,-1
"27744","201301TD00022",1,9,0,15,0,1,0,0,0,0,1,1,6,1,10,1799,1,17,3,1
"27755","201301TD00035",1,19,0,18,0,2,0,0,0,0,1,1,6,1,9,1560,2,2,5,1
"27790","201301TD00062",1,5,0,18,0,1,0,0,0,0,1,1,6,1,8,1050,1,6,8,1
"27791","201301TD00062",2,9,0,9,0,5,0,0,0,0,1,1,6,1,6,2967,2,6,5,1
"27814","201301TD00075",1,5,0,17,0,0,0,0,0,0,4,1,6,1,5,599,1,9,2,1
"27828","201301TD00085",1,9,0,5,0,2,0,4,1,10,1,1,6,1,10,1240,1,8,6,1
"27829","201301TD00085",2,9,0,2,0,2,0,4,0,0,2,1,6,2,-1,1124,1,9,-1,-1
"27830","201301TD00085",3,9,0,2,0,2,0,0,0,0,3,1,6,2,-1,1998,1,9,5,1
"278371","201301TD00090",1,9,0,18,0,2,0,0,0,0,1,1,6,1,5,1956,2,4,6,1
"27852","201301TD00101",1,9,0,18,0,0,0,10,7,10,3,1,6,1,7,3600,1,10,8,1
"27853","201301TD00102",1,1,0,18,0,2,0,0,0,0,1,1,6,1,10,-1,-1,-1,10,1
"27867","201301TD00116",1,19,5,18,0,0,0,0,0,0,2,1,1,1,8,2198,2,1,9,1
"27868","201301TD00116",2,9,0,18,0,0,0,10,0,0,3,1,6,1,8,1910,2,6,5,1
"27869","201301TD00116",3,9,0,18,0,0,0,0,0,0,1,1,6,1,7,1598,2,3,7,1
"27875","201301TD00123",1,9,0,18,0,2,0,0,0,0,3,1,6,2,10,1242,1,7,-1,-1
"27891","201301TD00129",1,4,0,18,0,0,0,7,0,0,3,1,6,1,6,124,1,8,6,1
"278941","201301TD00132",1,9,0,17,0,0,0,10,1,10,4,1,6,1,6,1796,1,3,2,1
"278991","201301TD00136",1,90,0,18,0,0,0,0,0,0,0,1,1,1,8,-1,-1,-1,9,3
"27900","201301TD00136",2,4,0,13,0,0,0,10,0,0,3,1,6,1,7,124,1,5,3,1
"27903","201301TD00138",1,11,0,9,0,8,0,0,0,0,1,1,1,2,8,3900,2,8,2,1
"27904","201301TD00138",2,1,0,9,0,8,0,0,0,0,2,1,6,1,7,-1,-1,-1,5,1
"27919","201301TD00149",1,9,0,18,0,1,0,0,0,0,1,1,6,1,7,1900,2,15,3,1
"27922","201301TD00152",1,9,0,18,0,1,0,0,0,0,3,1,6,1,5,1197,1,1,2,1
"27925","201301TD00156",1,9,0,13,0,0,0,10,7,1,4,1,6,2,10,1242,1,16,3,1
"27926","201301TD00156",2,11,0,3,0,0,0,0,0,0,4,1,1,1,8,9200,2,9,-1,-1
"27932","201301TW60001",1,3,0,15,0,0,0,0,0,0,1,1,1,1,7,124,1,3,10,1
"27933","201301TW60002",1,9,0,4,0,0,0,0,0,0,2,1,2,1,9,-1,-1,-1,6,1
"27934","201301TW60002",2,19,0,18,0,0,0,0,0,0,1,1,2,1,7,-1,-1,-1,6,1
"27935","201301TW60003",1,9,0,10,0,8,0,0,0,0,2,1,6,2,4,1988,1,11,5,1
"27936","201301TW60003",2,9,0,18,0,8,0,0,0,0,1,1,6,3,-1,-1,-1,-1,-1,-1
"27937","201301TW60004",1,9,0,4,0,8,0,0,0,0,2,1,6,1,4,1995,1,7,8,1
"27938","201301TW60004",2,9,0,18,0,8,0,0,0,0,1,1,6,1,-1,1910,2,3,-1,-1
"27939","201301TW60005",1,3,0,18,0,0,0,0,0,0,1,1,6,3,-1,125,1,1,-1,-1
"27940","201301TW60006",1,9,0,9,0,8,0,0,0,0,1,1,6,1,8,1596,1,6,-1,-1
"27941","201301TW60006",2,3,0,18,0,8,0,0,0,0,3,1,6,1,6,124,1,2,8,1
"27942","201301TW60007",1,9,0,18,0,8,0,7,7,0,3,1,6,1,5,1390,1,7,10,1
"27943","201301TW60007",2,19,0,9,0,8,0,0,0,0,0,1,6,3,-1,-1,-1,-1,-1,-1
"27944","201301TW60009",1,1,0,18,0,8,0,0,0,0,3,1,6,1,7,-1,-1,-1,10,1
"27945","201301TW60010",1,9,0,2,0,0,0,0,0,0,3,1,6,1,9,1560,2,2,5,1
"27946","201301TW60010",2,1,0,15,0,0,0,0,0,0,1,1,6,2,5,-1,-1,-1,8,1
"27947","201301TW60011",1,5,0,5,0,1,0,0,0,0,0,1,2,1,7,942,1,6,9,1
"27948","201301TW60011",2,9,0,15,0,1,0,0,0,0,3,1,6,3,-1,1796,1,7,-1,-1
"27949","201301TW60012",1,9,0,9,0,8,0,0,0,0,3,1,2,1,7,-1,-1,-1,4,1
"27950","201301TW60012",2,1,0,18,0,8,0,0,0,0,1,1,6,1,4,-1,-1,-1,7,1
"27951","201301TW60013",1,19,0,4,0,0,0,0,0,0,2,1,1,1,6,1998,2,10,3,1
"27952","201301TW60013",2,9,0,4,0,0,0,0,0,0,2,1,6,1,-1,1999,1,5,-1,-1
"27953","201301TW60013",3,9,0,18,0,0,0,0,0,0,1,1,6,3,-1,-1,-1,-1,-1,-1
"27954","201301TW60014",1,9,0,15,0,0,0,0,0,0,4,1,6,3,-1,-1,-1,-1,-1,-1
"27955","201301TW60014",2,1,0,18,0,0,0,0,0,0,3,1,6,2,8,-1,-1,-1,8,1
"27956","201301TW60015",1,9,0,4,0,1,0,0,0,0,2,1,6,2,8,2496,2,7,5,1
"27957","201301TW60015",2,9,0,18,0,1,0,0,0,0,1,1,6,2,8,1360,1,11,8,1
"27958","201301TW60016",1,1,0,18,0,8,0,0,0,0,3,1,2,1,-1,-1,-1,-1,9,1
"27959","201301TW60016",2,9,0,7,0,8,0,0,0,0,4,1,6,1,-1,6208,1,7,10,1
"27960","201301TW60017",1,1,0,18,0,2,0,0,0,0,4,1,6,1,5,-1,-1,-1,4,1
"27961","201301TW60017",2,9,0,18,0,2,0,0,0,0,1,1,6,1,-1,-1,-1,-1,-1,-1