"","Acc_Index","Vehicle_Reference","Vehicle_Type","Towing_and_Articulation","Vehicle_Manoeuvre","Vehicle_Location.Restricted_Lane","Junction_Location","Skidding_and_Overturning","Hit_Object_in_Carriageway","Vehicle_Leaving_Carriageway","Hit_Object_off_Carriageway","X1st_Point_of_Impact","Was_Vehicle_Left_Hand_Drive","Journey_Purpose_of_Driver","Sex_of_Driver","Age_Band_of_Driver","Engine_Capacity_.CC.","Propulsion_Code","Age_of_Vehicle","Driver_IMD_Decile","Driver_Home_Area_Type"
"27962","201301TW60018",1,9,0,9,0,8,0,0,0,0,2,1,6,1,5,1781,1,13,6,1
"27963","201301TW60018",2,9,0,9,0,8,0,0,0,0,1,1,6,1,-1,2993,2,6,-1,-1
"27964","201301TW60019",1,9,0,18,0,8,0,0,0,0,3,1,6,2,11,1598,1,5,6,1
"27965","201301TW60019",2,9,0,18,0,8,0,0,0,0,3,1,6,1,7,1896,2,11,2,1
"27966","201301TW60022",1,9,0,4,0,0,0,0,0,0,4,1,6,2,8,1794,1,9,7,1
"27967","201301TW60023",1,1,0,18,0,0,0,0,0,0,1,1,2,1,6,-1,-1,-1,3,1
"27968","201301TW60023",2,19,0,6,0,0,0,0,0,0,4,1,1,3,-1,-1,-1,-1,-1,-1
"27969","201301TW60024",1,1,0,15,0,2,0,0,0,0,1,1,1,1,6,-1,-1,-1,9,1
"279701","201301TW60024",2,9,0,2,0,2,0,0,0,0,3,1,1,1,7,-1,-1,-1,6,1
"279711","201301TW60025",1,9,0,4,0,1,0,0,0,0,2,1,2,2,9,1598,1,11,10,1
"27972","201301TW60025",2,9,0,18,0,1,0,0,0,0,1,1,2,2,6,1388,1,10,5,1
"27973","201301TW60025",3,9,0,4,0,1,0,0,0,0,2,1,2,2,5,1329,1,4,5,1
"27974","201301TW60026",1,5,0,4,0,1,0,0,0,0,2,1,2,2,8,599,1,3,10,1
"27975","201301TW60026",2,9,0,18,0,1,0,0,0,0,1,1,6,2,8,-1,-1,-1,-1,-1
"27976","201301TW60027",1,9,0,9,0,8,0,0,0,0,4,1,6,1,9,1596,1,11,-1,-1
"27977","201301TW60027",2,1,0,18,0,8,0,0,0,0,1,1,6,1,7,-1,-1,-1,3,1
"27978","201301TW60029",1,1,0,9,0,8,0,0,0,0,4,1,6,1,7,-1,-1,-1,7,1
"27979","201301TW60029",2,9,0,18,0,8,0,0,0,0,1,1,6,2,-1,1339,1,3,9,1
"27980","201301TW60030",1,9,0,2,0,2,0,0,0,0,3,1,2,2,8,2398,1,15,6,1
"27981","201301TW60030",2,1,0,18,0,2,0,0,0,0,1,1,6,1,8,-1,-1,-1,10,1
"27982","201301TW60030",3,1,0,18,0,2,0,0,0,0,1,1,6,1,7,-1,-1,-1,8,1
"27983","201301TW60031",1,1,0,7,0,8,0,0,0,0,4,1,6,1,6,-1,-1,-1,1,1
"279841","201301TW60031",2,1,0,9,0,8,0,0,0,0,3,1,6,3,-1,-1,-1,-1,-1,-1
"27985","201301TW60032",1,3,0,18,0,1,0,0,0,0,4,1,6,1,5,102,1,7,5,1
"27986","201301TW60033",1,1,0,9,0,8,0,0,0,0,1,1,6,2,9,-1,-1,-1,3,1
"27987","201301TW60033",2,9,0,7,0,8,0,0,0,0,1,1,6,1,-1,-1,-1,-1,-1,-1
"27988","201301TW60034",1,5,0,14,0,8,0,0,0,0,1,1,1,1,6,865,1,8,7,1
"279891","201301TW60034",2,9,0,6,0,8,0,0,1,0,3,1,6,1,9,1598,2,1,4,1
"279901","201301TW60035",1,9,0,18,0,8,0,0,7,1,4,1,2,1,6,1388,1,9,2,1
"27991","201301TW60036",1,11,0,4,0,8,0,4,7,10,1,1,1,1,9,9000,2,7,4,1
"279921","201301TW60036",2,19,0,18,0,8,0,0,0,0,1,1,6,1,8,2488,2,8,9,1
"279931","201301TW60036",3,9,0,2,0,8,0,0,0,0,3,1,6,2,8,1596,1,8,2,1
"279942","201301TW60037",1,9,0,9,0,8,0,0,0,0,1,1,6,2,4,1360,1,9,10,1
"279951","201301TW60037",2,1,0,18,0,8,0,0,0,0,1,1,6,1,6,-1,-1,-1,7,1
"27996","201301TW60038",1,1,0,18,0,8,0,0,0,0,1,1,6,1,10,-1,-1,-1,9,1
"279971","201301TW60038",2,1,0,9,0,8,0,0,0,0,4,1,6,2,8,-1,-1,-1,8,1
"279981","201301TW60039",1,3,0,13,0,0,0,0,0,0,1,1,2,1,6,125,1,2,4,1
"279991","201301TW60039",2,9,0,9,0,0,0,0,0,0,3,1,2,2,6,1461,2,3,10,1
"280001","201301TW60040",1,9,0,9,0,8,0,0,0,0,0,1,6,1,5,1598,1,12,10,1
"28001","201301TW60040",2,3,0,18,0,8,0,0,0,0,0,1,6,1,5,125,1,2,7,1
"28002","201301TW60041",1,9,0,7,0,8,0,0,0,0,1,1,6,2,8,1599,1,9,7,1
"28003","201301TW60041",2,4,0,18,0,8,0,0,0,0,4,1,6,1,8,-1,-1,-1,7,1
"28004","201301TW60042",1,9,0,12,0,8,0,0,0,0,1,1,6,1,6,3175,1,8,4,1
"28005","201301TW60042",2,9,0,18,0,8,0,0,0,0,1,1,6,2,8,2967,2,2,9,1
"28006","201301TW60042",3,9,0,9,0,8,0,0,0,0,0,1,6,3,-1,-1,-1,-1,-1,-1
"28007","201301TW60043",1,11,0,18,0,8,0,0,0,0,1,1,6,1,8,-1,-1,-1,3,1
"28008","201301TW60044",1,9,0,4,0,8,0,0,0,0,2,1,6,1,7,1364,1,8,5,1
"280091","201301TW60044",2,9,0,18,0,8,0,0,0,0,1,1,6,2,-1,1895,1,13,8,1
"28010","201301TW60045",1,9,0,18,0,8,0,0,0,0,1,1,6,1,9,1598,1,13,8,1
"28011","201301TW60045",2,9,0,2,0,8,0,0,0,0,3,1,6,2,7,1598,1,3,9,1
"28012","201301TW60046",1,9,0,4,0,8,0,0,0,0,2,1,6,2,7,1999,1,11,5,1
"28013","201301TW60046",2,9,0,18,0,8,0,0,0,0,1,1,6,1,6,1560,2,7,9,1
"28014","201301TW60047",1,9,0,5,0,0,0,0,0,0,1,1,6,1,6,-1,-1,-1,6,1
"28015","201301TW60048",1,9,0,18,0,8,0,10,1,4,1,1,6,1,-1,998,1,13,10,1
"28016","201301TW60049",1,9,0,18,0,8,0,0,0,0,1,1,6,2,6,-1,-1,-1,7,1
"28017","201301TW60050",1,9,0,4,0,8,0,0,0,0,2,1,6,2,6,1360,1,5,9,1
"280181","201301TW60050",2,3,0,18,0,8,0,0,0,0,1,1,6,1,7,125,1,1,10,1
"28019","201301TW60051",1,9,0,4,0,8,0,0,0,0,2,1,1,1,8,-1,-1,-1,8,1
"280201","201301TW60051",2,5,0,18,0,8,0,0,0,0,1,1,1,1,6,-1,-1,-1,9,1
"280212","201301TW60052",1,9,0,4,0,3,0,0,0,0,2,1,6,1,8,1995,1,8,5,1
"28022","201301TW60052",2,9,0,4,0,2,1,0,0,0,1,1,6,2,6,-1,-1,-1,5,1
"28023","201301TW60054",1,9,0,4,0,8,0,0,0,0,2,1,6,1,9,1995,2,-1,10,1
"28024","201301TW60054",2,9,0,18,0,8,0,0,0,0,1,1,6,1,5,1896,2,10,6,1
"28025","201301TW60055",1,11,0,4,0,8,0,0,0,0,0,1,1,1,7,9400,2,8,6,1
"28026","201301TW60056",1,9,0,5,0,8,0,0,0,0,1,1,6,1,9,2499,1,2,10,1
"28027","201301TW60056",2,3,0,18,0,8,0,0,1,0,3,1,6,1,6,124,1,5,7,1
"28028","201301TW60057",1,9,0,9,0,8,0,0,0,0,1,1,6,1,9,1989,1,14,9,1
"28029","201301TW60057",2,5,0,18,0,8,0,4,0,0,1,1,6,1,8,-1,-1,-1,3,1
"28030","201301TW60057",3,9,0,2,0,8,0,0,0,0,2,1,6,1,-1,1598,1,16,9,1
"28031","201301TW60058",1,9,0,3,0,0,0,0,0,0,2,1,6,2,4,998,1,5,7,1
"28032","201301TW60058",2,9,0,18,0,0,0,0,0,0,1,1,6,1,-1,999,1,15,3,1
"28033","201301TW60059",1,1,0,18,0,0,0,4,0,0,1,1,6,1,5,-1,-1,-1,9,1
"28034","201301TW60059",2,9,0,2,0,0,0,0,0,0,2,1,6,1,7,1984,1,3,8,1
"28035","201301TW60061",1,9,0,2,0,8,0,0,0,0,3,1,6,1,-1,2000,2,6,5,1
"28036","201301TW60061",2,1,0,14,0,8,0,4,0,0,1,1,2,1,7,-1,-1,-1,5,1
"28037","201301TW60062",1,9,0,18,0,1,0,4,0,0,1,1,6,1,8,998,1,11,5,1
"28038","201301TW60062",2,9,0,2,0,1,0,4,0,0,2,1,6,1,10,1753,2,7,6,1
"28039","201301TW60062",3,9,0,2,0,1,0,0,0,0,2,1,6,3,-1,1896,2,5,-1,-1
"28040","201301TW60063",1,9,0,18,0,2,0,10,2,4,1,1,6,1,9,1998,1,12,10,1
"28041","201301TW60064",1,9,0,6,0,0,0,0,0,0,3,1,6,1,7,2148,2,8,8,1
"28042","201301TW60064",2,5,0,18,0,0,0,0,0,0,1,1,6,1,7,680,1,4,8,1
"28043","201301TW60065",1,9,0,9,0,8,0,0,0,0,1,1,6,1,6,1999,1,7,8,1
"28044","201301TW60065",2,2,0,18,0,8,0,0,0,0,1,1,6,1,7,1293,1,1,7,1
"28045","201301TW60066",1,9,0,18,0,0,0,0,0,0,1,1,6,1,4,-1,-1,-1,8,1
"28046","201301TW60067",1,9,0,18,0,1,0,0,0,0,1,1,6,1,7,2598,1,16,6,1
"28047","201301TW60068",1,1,0,18,0,0,0,0,0,0,1,1,6,1,6,-1,-1,-1,3,1
"28048","201301TW60069",1,9,0,18,0,0,0,0,0,0,1,1,1,2,6,1390,1,4,10,1
"28049","201301TW60069",2,9,0,3,0,0,0,0,0,0,2,1,6,2,7,1997,2,5,6,1
"28050","201301TW60070",1,9,0,18,0,1,0,0,0,0,1,1,6,1,-1,3301,1,12,3,1
"28051","201301TW60070",2,11,0,18,0,1,0,0,0,0,2,1,6,1,6,4500,2,2,9,1
"28052","201301TW60071",1,5,0,14,0,1,0,0,0,0,1,1,2,1,6,999,1,2,6,1
"280531","201301TW60072",1,8,0,18,0,0,0,0,0,0,1,1,1,2,7,1242,1,2,7,1
"28054","201301TW60074",1,9,0,18,0,1,0,0,0,0,1,1,6,3,-1,-1,-1,-1,-1,-1
"280551","201301TW60075",1,8,0,18,0,2,0,0,0,0,4,1,1,1,8,1896,2,8,5,1
"280561","201301TW60076",1,9,0,18,0,8,0,0,1,0,1,1,2,1,9,1598,1,8,4,1
"280571","201301TW60076",2,1,0,18,0,8,0,7,0,0,1,1,2,1,7,-1,-1,-1,2,1
"28058","201301TW60078",1,9,0,9,0,8,0,0,0,0,1,1,2,2,8,1598,1,15,9,1
"28059","201301TW60078",2,1,0,18,0,8,0,0,0,0,1,1,2,2,6,-1,-1,-1,2,1
"28060","201301TW60079",1,9,0,18,0,0,0,4,0,0,1,1,6,2,7,1299,1,6,5,1
"28061","201301TW60079",2,9,0,2,0,0,0,0,0,0,2,1,6,1,7,1995,2,1,9,1
"28062","201301TW60080",1,9,0,18,0,0,0,0,0,0,1,1,6,2,-1,-1,-1,-1,-1,-1
"280631","201301TW60081",1,9,0,9,0,8,0,0,0,0,4,1,1,2,9,1560,2,1,9,1
"280641","201301TW60081",2,1,0,18,0,8,0,0,0,0,1,1,2,2,7,-1,-1,-1,7,1
"28065","201301TW60082",1,9,0,18,0,0,0,10,7,10,1,1,6,1,5,1999,1,7,8,1
"28066","201301TW60083",1,9,0,18,0,8,0,0,0,0,1,1,6,1,-1,-1,-1,-1,4,1
"280671","201301TW60083",2,3,0,9,0,8,0,0,0,0,1,1,6,1,4,125,1,12,6,1
"280681","201301TW60084",1,9,0,18,0,0,0,0,0,0,3,1,6,1,6,2300,1,14,3,1
"280691","201301TW60084",2,9,0,18,0,0,0,0,0,0,3,1,6,1,7,2143,2,2,10,1
"280701","201301TW60085",1,9,0,10,0,8,0,0,0,0,2,1,6,1,8,-1,-1,-1,5,1
"28071","201301TW60085",2,9,0,18,0,8,0,0,0,0,1,1,6,2,-1,1968,1,7,-1,-1
"28072","201301TW60086",1,9,0,9,0,8,0,0,0,0,4,1,6,1,7,2993,2,8,7,1
"28073","201301TW60086",2,9,0,17,0,8,0,0,0,0,1,1,6,1,8,1988,1,14,8,1
"28074","201301TW60087",1,11,0,3,0,0,0,0,0,0,0,1,1,1,-1,5883,2,11,-1,-1
"28075","201301TW60088",1,9,0,18,0,0,0,4,0,0,1,1,6,2,4,1108,1,11,10,1
"28076","201301TW60088",2,9,0,2,0,0,0,4,0,0,2,1,6,1,7,1598,1,7,5,1
"28077","201301TW60088",3,9,0,2,0,0,0,4,0,0,2,1,6,1,-1,2324,1,10,10,1
"280781","201301TW60088",4,9,0,2,0,0,0,0,0,0,2,1,6,2,-1,1910,2,3,8,1
"280792","201301TW60089",1,8,0,18,0,0,0,0,0,0,1,1,1,1,9,2499,2,2,8,1
"280801","201301TW60089",2,1,0,18,0,0,0,0,0,0,1,1,6,1,7,-1,-1,-1,3,1
"28081","201301TW60090",1,9,0,4,0,2,0,0,0,0,2,1,6,2,6,1397,1,13,7,1
"28082","201301TW60090",2,19,0,18,0,2,0,0,0,0,1,1,1,1,-1,-1,-1,-1,-1,-1
"28083","201301TW60091",1,9,0,17,0,8,0,0,0,0,4,1,2,2,6,2993,2,5,8,1
"280841","201301TW60091",2,1,0,18,0,8,0,4,0,0,1,1,6,1,7,-1,-1,-1,-1,-1
"280851","201301TW60092",1,1,0,18,9,0,0,0,0,0,1,1,6,1,4,-1,-1,-1,10,1
"28086","201301TW60093",1,1,0,15,0,8,0,0,0,0,1,1,6,3,-1,-1,-1,-1,-1,-1
"28087","201301TW60094",1,20,0,14,0,8,0,0,0,0,1,1,1,1,6,-1,-1,-1,5,1
"28088","201301TW60094",2,19,0,18,0,8,0,0,1,0,1,1,1,1,7,2402,2,10,4,1
"28089","201301TW60095",1,9,0,4,0,8,1,0,0,0,1,1,6,1,5,973,1,14,3,1
"28090","201301TW60096",1,3,0,18,0,8,0,0,0,0,1,1,6,1,-1,125,1,9,-1,-1
"28091","201301TW60096",2,9,0,9,0,8,0,0,0,0,4,1,6,1,6,1332,1,16,3,1
"28092","201301TW60097",1,9,0,18,0,0,0,0,0,0,1,1,6,1,8,2521,1,5,9,1
"28093","201301TW60098",1,5,0,13,0,8,1,0,0,0,1,1,6,1,5,645,1,3,4,1
"28094","201301TW60098",2,9,0,9,0,5,0,0,0,0,3,1,6,2,-1,1598,1,15,9,1
"280951","201301TW60099",1,5,0,4,0,1,0,0,0,0,1,1,1,1,8,656,1,2,8,1
"28096","201301TW60100",1,9,0,4,0,8,0,0,0,0,1,1,6,1,9,1686,2,11,5,1
"28097","201301TW60100",2,9,0,4,0,8,0,0,0,0,2,1,6,2,6,1995,2,5,5,1
"280981","201301TW60102",1,9,0,16,0,8,0,0,0,0,4,1,1,2,7,1600,1,13,9,1
"28099","201301TW60102",2,21,1,7,0,8,0,0,0,0,3,2,6,1,-1,-1,-1,-1,-1,-1
"28103","201301TW60104",1,9,0,4,0,8,0,0,0,0,3,1,3,1,10,1390,1,3,-1,-1
"28104","201301TW60105",1,9,0,5,0,8,0,0,0,0,2,1,4,1,7,1984,1,11,3,1
"28105","201301TW60105",2,9,0,5,0,8,0,0,0,0,1,1,6,1,6,1997,2,1,3,1
"28106","201301TW60106",1,9,0,4,0,8,0,0,0,0,1,1,6,1,11,796,1,3,7,1
"28107","201301TW60107",1,9,0,5,0,8,0,0,0,0,1,1,6,2,11,1422,2,13,4,1
"28108","201301TW60107",2,3,0,18,0,8,0,0,0,0,1,1,6,1,9,535,1,16,4,1
"28109","201301TW60108",1,9,0,3,0,8,0,0,0,0,2,1,6,1,7,3192,1,6,9,1
"28110","201301TW60108",2,3,0,4,0,8,0,0,0,0,1,1,6,2,5,123,1,11,-1,-1
"28111","201301TW60109",1,1,0,18,0,8,0,0,0,0,0,1,6,1,8,-1,-1,-1,6,1
"281121","201301TW60109",2,9,0,9,0,8,0,0,0,0,0,1,6,1,-1,-1,-1,-1,-1,-1
"281131","201301TW60111",1,9,0,18,0,0,0,0,0,0,1,1,6,2,8,2720,2,4,7,1
"28114","201301TW60111",2,9,0,4,0,0,0,0,0,0,1,1,6,2,-1,1998,1,7,9,1
"28115","201301TW60111",3,9,0,4,0,0,0,0,0,0,2,1,6,1,9,998,1,20,9,1
"28116","201301TW60112",1,9,0,5,0,8,0,0,0,0,2,1,6,2,8,1596,1,7,8,1
"281171","201301TW60112",2,9,0,5,0,8,0,0,1,0,1,1,6,2,7,1598,1,12,10,1
"281181","201301TW60113",1,9,0,3,0,2,0,0,0,0,2,1,6,2,5,1968,2,6,10,1
"28119","201301TW60113",2,2,0,18,0,2,0,0,0,0,1,1,6,1,4,49,1,2,3,1
"28120","201301TW60114",1,3,0,13,0,8,0,0,0,0,1,1,6,1,4,124,1,13,3,1
"28121","201301TW60114",2,9,0,9,0,8,0,0,0,0,3,1,6,2,6,1910,2,3,9,1
"28122","201301TW60115",1,9,0,9,0,8,0,0,2,7,4,1,6,1,5,1995,2,7,5,1
"28123","201301TW60116",1,9,0,9,0,8,0,0,0,0,4,1,6,2,8,1997,2,4,8,1
"28124","201301TW60116",2,9,0,18,0,8,0,0,0,0,1,1,6,2,8,-1,-1,-1,5,1
"28125","201301TW60117",1,9,0,7,0,8,0,0,0,0,4,1,6,1,-1,-1,-1,-1,-1,-1
"28126","201301TW60119",1,8,0,1,0,8,0,0,0,0,2,1,1,1,7,1797,8,3,3,1
"28127","201301TW60120",1,3,0,14,0,8,0,0,0,0,1,1,6,1,4,125,1,-1,8,1
"28128","201301TW60120",2,9,0,9,0,6,0,0,0,0,1,1,6,2,8,1388,1,3,9,1
"28129","201301TW60121",1,9,0,13,0,0,0,0,0,0,4,1,6,1,8,1596,1,11,-1,-1
"28130","201301TW60121",2,1,0,18,0,0,0,0,0,0,3,1,6,2,6,-1,-1,-1,-1,-1
"28131","201301TW60122",1,1,0,18,0,0,0,0,0,0,3,1,1,1,7,-1,-1,-1,7,1
"28132","201301TW60122",2,19,0,13,0,0,0,0,0,0,1,1,1,1,-1,-1,-1,-1,-1,-1
"28133","201301TW60123",1,9,0,3,0,8,0,0,0,0,2,1,2,2,9,-1,-1,-1,6,1
"28134","201301TW60123",2,9,0,4,0,8,0,0,0,0,1,1,6,1,-1,-1,-1,-1,3,1
"28135","201301TW60124",1,11,0,5,0,8,0,0,0,0,1,1,1,1,8,9600,2,13,5,1
"28136","201301TW60124",2,9,0,18,0,8,0,0,0,0,1,1,6,2,10,1895,1,13,10,1
"28137","201301TW60125",1,19,0,4,0,0,0,0,0,0,2,1,1,2,6,-1,-1,-1,2,1
"28138","201301TW60125",2,19,0,4,0,0,0,0,0,0,1,1,1,1,6,1995,2,4,9,1
"28139","201301TW60127",1,9,0,7,2,2,0,0,0,0,4,1,6,1,7,1290,1,12,2,1
"28140","201301TW60127",2,5,0,15,2,2,0,0,0,0,1,1,6,2,6,645,1,1,3,1
"28141","201301TW60129",1,8,0,9,0,1,0,0,0,0,3,1,1,1,6,1997,2,5,7,1
"28142","201301TW60129",2,3,0,13,0,1,0,0,0,0,1,1,6,1,-1,598,1,15,8,1
"28143","201301TW60130",1,9,0,7,0,5,0,0,0,0,4,1,6,2,6,-1,-1,-1,8,1
"28144","201301TW60130",2,1,0,15,0,1,0,0,0,0,4,1,6,1,-1,-1,-1,-1,10,1
"28145","201301TW60131",1,9,0,5,0,1,0,4,0,0,3,1,6,2,7,2231,2,7,5,1
"28146","201301TW60131",2,9,0,2,0,1,0,0,0,0,3,1,6,1,9,-1,-1,-1,9,1
"281471","201301TW60131",3,9,0,2,0,1,0,0,0,0,1,1,6,2,7,1753,2,9,6,1
"28148","201301TW60131",4,9,0,2,0,1,0,0,0,0,2,1,6,1,5,1598,1,6,-1,-1
"28149","201301TW60132",1,9,0,9,0,8,0,0,0,0,4,1,6,1,9,1117,1,22,8,1
"28150","201301TW60132",2,9,0,18,0,8,0,0,0,0,1,1,1,1,6,-1,-1,-1,9,1
"28151","201301TW60133",1,11,0,18,0,8,0,0,0,0,3,1,1,1,7,4250,2,4,2,1
"28152","201301TW60133",2,9,0,18,0,8,0,0,0,0,3,1,6,1,7,-1,-1,-1,6,1
"28153","201301TW60133",3,9,0,18,0,8,0,0,0,0,3,1,6,1,8,-1,-1,-1,8,1
"28154","201301TW60134",1,3,0,18,0,0,0,0,0,0,3,1,2,1,6,96,1,5,-1,-1
"28155","201301TW60135",1,9,0,13,0,2,0,0,0,0,4,1,6,1,11,847,1,16,-1,-1
"28156","201301TW60135",2,1,0,18,0,2,0,10,0,0,3,1,6,2,5,-1,-1,-1,9,1
"28157","201301TW60136",1,9,0,18,0,0,0,0,0,0,0,1,6,1,5,1242,1,7,4,1
"28158","201301TW60136",2,1,0,18,0,0,0,0,0,0,0,1,6,1,9,-1,-1,-1,-1,-1
"28159","201301TW60137",1,9,0,18,0,8,0,0,0,0,2,1,1,1,7,2993,2,6,9,1
"28160","201301TW60137",2,1,0,18,0,8,0,0,0,0,1,1,1,1,7,-1,-1,-1,9,1
"28163","201301TW60140",1,9,0,9,0,8,0,10,3,10,1,1,6,1,4,1198,1,6,-1,-1
"28164","201301TW60141",1,9,0,18,0,2,0,0,0,0,1,1,6,2,4,1388,1,9,9,1
"28165","201301TW60142",1,9,0,18,0,0,0,0,0,0,3,1,6,2,10,1596,1,6,3,1
"28166","201301TW60142",2,9,0,18,0,0,0,0,0,0,1,1,6,2,9,3980,1,18,8,1
"28167","201301TW60142",3,9,0,18,0,0,0,0,0,0,1,1,6,2,9,1596,1,-1,8,1
"28168","201301TW60143",1,9,0,4,0,1,0,0,0,0,2,1,6,1,7,1896,2,11,6,1
"28169","201301TW60143",2,9,0,4,0,1,0,0,0,0,2,1,6,1,6,998,1,11,3,1
"28170","201301TW60143",3,9,0,4,0,1,0,0,0,0,1,1,1,1,6,2143,2,2,5,1
"28171","201301TW60144",1,9,0,18,0,2,0,0,0,0,4,1,6,3,-1,-1,-1,-1,-1,-1
"28172","201301TW60145",1,9,0,9,0,0,0,0,0,0,3,1,6,2,6,1242,1,12,7,3
"28173","201301TW60145",2,3,0,18,0,0,0,0,0,0,1,1,6,1,8,1293,1,-1,3,1
"281741","201301TW60147",1,9,0,18,0,1,0,0,0,0,1,1,1,1,6,1995,2,7,4,1
"281751","201301TW60148",1,1,0,18,0,2,0,0,0,0,1,1,6,1,6,-1,-1,-1,-1,-1
"28176","201301TW60148",2,11,0,18,0,1,0,0,0,0,1,1,1,1,7,3900,2,6,10,1
"28177","201301TW60149",1,9,0,3,0,1,0,0,0,0,3,1,6,2,7,2179,2,2,9,1
"28178","201301TW60149",2,9,0,14,0,1,0,0,0,0,4,1,6,1,-1,-1,-1,-1,-1,-1
"28179","201301TW60149",3,9,0,2,0,1,0,0,0,0,3,1,6,2,-1,-1,-1,-1,-1,-1
"28180","201301TW60150",1,9,0,18,0,8,0,0,0,0,3,1,6,1,11,1598,1,3,10,1
"28181","201301TW60150",2,9,0,10,0,8,0,0,0,0,4,1,6,1,6,1124,1,9,10,1
"28182","201301TW60152",1,9,0,6,0,0,0,0,0,0,0,1,6,2,5,1596,1,12,3,1
"28183","201301TW60152",2,5,0,17,0,0,0,0,0,0,3,1,6,1,-1,999,1,4,8,1
"28184","201301TW60154",1,1,0,18,0,1,1,0,0,0,0,1,6,1,7,-1,-1,-1,5,1
"28185","201301TW60155",1,1,0,18,0,0,0,0,0,0,1,1,6,1,4,-1,-1,-1,10,1
"28186","201301TW60156",1,19,0,7,0,0,0,0,0,0,4,1,1,1,6,-1,-1,-1,6,1
"28187","201301TW60156",2,1,0,18,0,0,0,0,0,0,3,1,2,2,7,-1,-1,-1,5,1
"28188","201301TW60157",1,9,0,18,0,0,0,0,0,0,1,1,6,2,-1,1349,1,4,10,1
"28189","201301TW60157",2,9,0,18,0,0,0,0,0,0,1,1,6,2,7,1798,1,6,-1,-1
"28190","201301TW60158",1,9,0,12,0,8,0,0,0,0,0,1,1,1,4,1390,1,11,9,1
"28191","201301TW60158",2,9,0,4,0,8,0,0,0,0,2,1,1,1,7,2204,2,5,6,1
"28192","201301TW60158",3,9,0,18,0,8,0,0,0,0,1,1,1,2,6,-1,-1,-1,9,1
"28193","201301TW60159",1,1,0,15,0,1,0,0,0,0,1,1,6,1,5,-1,-1,-1,3,1
"28194","201301TW60159",2,9,0,11,0,1,0,0,0,0,4,1,6,3,-1,2987,2,1,-1,-1
"28195","201301TW60160",1,9,0,18,0,8,0,0,0,0,1,1,1,1,6,1560,2,2,8,1
"28196","201301TW60160",2,1,0,12,0,8,0,0,0,0,2,1,6,1,4,-1,-1,-1,-1,-1
"28197","201301TW60161",1,9,0,5,0,8,0,0,0,0,4,1,6,1,5,1590,1,11,4,1
"28198","201301TW60161",2,9,0,18,0,8,0,0,0,0,1,1,6,1,6,1975,2,19,4,1
"28199","201301TW60162",1,5,0,18,0,8,0,0,0,0,4,1,6,1,6,599,1,10,7,1
"28200","201301TW60162",2,8,0,9,0,8,0,0,0,0,1,1,1,1,-1,2664,2,14,3,1
"28201","201301TW60163",1,9,0,9,0,8,0,0,0,0,1,1,6,1,6,-1,-1,-1,10,1
"28202","201301TW60163",2,1,0,18,0,8,0,0,0,0,3,1,6,2,7,-1,-1,-1,8,1
"28203","201301TW60164",1,9,0,17,0,8,0,0,0,0,3,1,6,1,8,-1,-1,-1,9,1
"28204","201301TW60164",2,1,0,17,0,8,0,0,0,0,4,1,6,1,6,-1,-1,-1,5,1
"28205","201301TW60166",1,9,0,1,0,2,0,0,0,0,2,1,6,3,-1,-1,-1,-1,-1,-1
"28206","201301TW60166",2,9,0,3,0,2,0,0,0,0,1,1,6,1,-1,1598,1,3,3,1
"28207","201301TW60167",1,9,0,9,0,8,0,0,0,0,4,1,6,1,10,1560,2,2,10,1
"28208","201301TW60167",2,5,0,14,0,8,0,0,0,0,1,1,6,1,6,675,1,1,8,1
"28209","201301TW60168",1,9,0,18,0,0,0,0,0,0,3,1,6,1,10,1998,1,12,4,1
"28210","201301TW60168",2,9,0,18,0,0,0,0,0,0,3,1,6,1,7,1753,2,7,5,1
"28211","201301TW60169",1,5,0,17,0,8,0,0,0,0,4,1,1,1,6,656,1,7,9,1
"28212","201301TW60169",2,5,0,5,0,8,0,0,0,0,1,1,1,1,6,-1,-1,-1,7,1
"28213","201301TW60170",1,1,0,18,0,8,0,0,0,0,1,1,1,2,6,-1,-1,-1,6,1
"28214","201301TW60170",2,9,0,7,0,8,0,0,0,0,4,1,1,1,7,1956,2,2,5,1
"28215","201301TW60172",1,9,0,3,0,0,0,0,0,0,2,1,1,1,7,1598,1,4,9,1
"28216","201301TW60172",2,9,0,5,0,0,0,0,0,0,1,1,6,1,7,2494,1,11,5,1
"28217","201301TW60173",1,9,0,18,0,0,0,0,0,0,1,1,6,1,5,1596,1,11,10,1
"28218","201301TW60173",2,9,0,18,0,0,0,0,0,0,1,1,6,2,9,1390,1,9,8,1
"28219","201301TW60174",1,11,0,18,0,0,0,0,0,0,3,1,1,1,8,4250,2,4,-1,-1
"28220","201301TW60175",1,9,0,7,0,8,0,0,0,0,4,1,6,2,8,1598,1,10,9,1
"28221","201301TW60176",1,3,0,4,0,2,0,0,0,0,2,1,6,2,6,124,1,10,6,1
"28222","201301TW60176",2,9,0,18,0,2,0,0,0,0,1,1,6,2,6,1598,1,9,2,1
"28223","201301TW60177",1,9,0,18,0,0,0,0,0,0,2,1,6,1,9,1599,1,10,9,1