"","Acc_Index","Vehicle_Reference","Vehicle_Type","Towing_and_Articulation","Vehicle_Manoeuvre","Vehicle_Location.Restricted_Lane","Junction_Location","Skidding_and_Overturning","Hit_Object_in_Carriageway","Vehicle_Leaving_Carriageway","Hit_Object_off_Carriageway","X1st_Point_of_Impact","Was_Vehicle_Left_Hand_Drive","Journey_Purpose_of_Driver","Sex_of_Driver","Age_Band_of_Driver","Engine_Capacity_.CC.","Propulsion_Code","Age_of_Vehicle","Driver_IMD_Decile","Driver_Home_Area_Type"
"28224","201301TW60177",2,1,0,18,0,0,0,0,0,0,0,1,6,1,6,-1,-1,-1,9,1
"282251","201301TW60177",3,9,0,18,0,0,0,0,0,0,3,1,6,1,5,1390,1,14,-1,-1
"28226","201301TW60178",1,9,0,1,0,8,0,0,0,0,2,1,3,2,7,1198,1,11,6,1
"28227","201301TW60178",2,1,0,18,0,8,0,0,0,0,1,1,3,2,8,-1,-1,-1,9,1
"28228","201301TW60179",1,4,0,4,0,1,0,0,0,0,3,1,6,1,-1,-1,-1,-1,4,1
"28229","201301TW60180",1,9,0,7,0,8,0,0,0,0,4,1,6,2,7,2324,1,12,9,1
"28230","201301TW60180",2,1,0,18,0,8,0,0,0,0,1,1,6,1,8,-1,-1,-1,4,1
"28231","201301TW60181",1,9,0,9,0,8,0,0,0,0,3,1,6,1,5,1797,8,3,8,1
"28232","201301TW60181",2,9,0,18,0,8,0,0,0,0,1,1,6,1,4,1242,1,13,6,1
"28233","201301TW60183",1,10,0,18,0,0,0,0,0,0,4,1,1,1,8,-1,-1,-1,7,1
"28234","201301TW60183",2,11,0,3,0,0,0,0,0,0,0,1,1,1,8,6700,2,2,-1,-1
"28235","201301TW60183",3,1,0,15,0,0,0,0,0,0,3,1,2,1,7,-1,-1,-1,10,1
"28236","201301TW60184",1,5,0,14,0,1,0,0,0,0,1,1,2,1,7,675,1,1,9,1
"282371","201301TW60184",2,9,0,9,0,6,0,0,0,0,3,1,1,1,6,1995,2,7,9,1
"282381","201301TW60185",1,1,0,18,0,8,0,0,0,0,3,1,2,1,8,-1,-1,-1,4,1
"28239","201301TW60185",2,9,0,7,0,8,0,0,0,0,4,1,2,2,9,-1,-1,-1,9,1
"28240","201301TW60186",1,9,0,3,0,1,0,0,0,0,2,1,1,1,7,1598,1,7,8,1
"28241","201301TW60186",2,1,0,18,0,1,0,0,0,0,1,1,3,2,3,-1,-1,-1,7,1
"28242","201301TW60187",1,5,0,4,0,0,0,0,0,0,3,1,6,1,7,998,1,8,7,1
"28243","201301TW60188",1,20,0,2,0,1,0,0,0,0,3,1,1,1,8,-1,-1,-1,5,1
"28244","201301TW60188",2,1,0,16,0,1,0,0,0,0,1,1,6,1,6,-1,-1,-1,-1,-1
"28245","201301TW60189",1,9,0,18,0,0,0,10,1,10,1,1,6,2,10,1390,1,14,6,1
"28246","201301TW60190",1,9,0,18,0,0,0,0,0,0,3,1,3,1,11,1242,1,12,2,1
"28247","201301TW60191",1,9,0,18,0,1,0,0,0,0,3,1,1,1,9,1497,8,4,3,1
"28248","201301TW60193",1,9,0,9,0,8,0,0,0,0,3,1,2,1,6,973,1,10,4,1
"28249","201301TW60193",2,5,0,14,0,8,0,0,0,0,1,1,2,1,6,-1,-1,-1,8,1
"28250","201301TW60194",1,9,0,18,0,0,0,0,0,0,3,1,6,1,6,1896,2,10,4,1
"28251","201301TW60194",2,9,0,18,0,0,0,0,0,0,3,1,6,1,6,1149,1,4,7,1
"28252","201301TW60196",1,1,0,9,0,8,0,0,0,0,1,1,1,1,8,-1,-1,-1,10,1
"28253","201301TW60196",2,10,0,5,0,8,0,0,0,0,3,1,6,3,-1,1998,2,8,-1,-1
"28254","201301TW60197",1,11,0,18,0,1,0,0,0,0,4,1,1,3,-1,-1,-1,-1,-1,-1
"28255","201301TW60198",1,1,0,4,0,8,0,0,0,0,4,1,6,1,8,-1,-1,-1,3,1
"282561","201301TW60198",2,9,0,9,0,8,0,0,0,0,0,1,6,1,8,1598,1,12,10,1
"28257","201301TW60199",1,9,0,18,0,2,0,0,0,0,4,1,6,1,-1,-1,-1,-1,-1,-1
"28258","201301TW60200",1,5,0,18,0,8,0,0,0,0,1,1,2,1,7,599,1,16,9,1
"28259","201301TW60200",2,19,0,9,0,8,0,0,0,0,3,1,1,1,7,2143,2,3,4,1
"28260","201301TW60201",1,21,0,5,0,0,0,0,0,0,4,1,1,1,8,11021,2,11,2,1
"28261","201301TW60201",2,1,0,5,0,0,0,0,0,0,3,1,6,1,7,-1,-1,-1,-1,-1
"28262","201301TW60202",1,11,0,3,0,1,0,0,0,0,4,1,1,1,7,4500,2,5,3,1
"28263","201301TW60203",1,19,0,9,0,8,0,0,0,0,3,1,1,1,6,1868,2,8,6,1
"28264","201301TW60203",2,1,0,14,0,8,0,0,0,0,1,1,6,1,6,-1,-1,-1,6,1
"28265","201301TW60204",1,9,0,12,0,1,0,0,0,0,3,1,6,2,6,1679,1,12,2,1
"28266","201301TW60204",2,3,0,15,0,1,0,0,0,0,4,1,6,1,5,675,1,4,5,1
"28267","201301TW60205",1,9,0,18,0,0,0,0,0,0,2,1,6,2,5,1124,1,12,-1,1
"28268","201301TW60205",2,20,0,3,0,0,0,0,0,0,1,1,6,1,7,6370,2,2,4,1
"28269","201301TW60206",1,9,0,5,0,0,0,0,0,0,4,1,6,3,-1,1229,1,3,-1,-1
"28270","201301TW60208",1,9,0,17,0,8,0,0,0,0,1,1,6,2,6,1598,1,11,8,1
"282711","201301TW60209",1,5,0,18,0,0,0,0,0,0,3,1,2,1,7,599,1,8,9,1
"28272","201301TW60209",2,9,0,4,0,0,0,0,0,0,0,1,2,1,7,-1,-1,-1,6,1
"282731","201301TW60210",1,9,0,9,0,1,0,0,0,0,3,1,6,1,9,1197,1,-1,7,1
"282741","201301TW60210",2,9,0,18,0,1,0,0,0,0,1,1,6,2,8,1600,1,14,8,1
"28275","201301TW60211",1,9,0,18,0,2,0,0,0,0,4,1,2,1,7,2143,2,3,8,1
"28276","201301TW60212",1,1,0,18,0,0,0,0,0,0,1,1,2,1,8,-1,-1,-1,5,1
"28277","201301TW60212",2,9,0,5,0,0,0,0,0,0,3,1,6,3,-1,1390,1,10,-1,-1
"28278","201301TW60213",1,1,0,3,0,1,0,0,0,0,2,1,6,1,5,-1,-1,-1,6,1
"28279","201301TW60213",2,9,0,18,0,1,0,0,0,0,1,1,6,2,-1,1796,1,5,-1,-1
"28280","201301TW60214",1,19,0,3,0,1,0,0,0,0,2,1,6,1,7,2402,2,6,3,1
"28281","201301TW60214",2,9,0,3,0,1,0,0,0,0,2,1,6,1,6,-1,-1,-1,3,1
"28282","201301TW60214",3,9,0,18,0,1,0,0,0,0,1,1,6,2,-1,1968,2,2,8,1
"28283","201301TW60215",1,9,0,9,0,8,0,0,0,0,4,1,6,2,9,1595,1,15,8,1
"28284","201301TW60215",2,1,0,18,0,8,0,0,0,0,1,1,6,2,6,-1,-1,-1,7,1
"28285","201301TW60216",1,9,0,4,0,0,0,0,0,0,2,1,6,1,9,2151,2,11,10,1
"28286","201301TW60216",2,21,0,18,0,0,0,0,0,0,1,1,1,1,8,5880,2,6,8,1
"28287","201301TW60217",1,9,0,9,0,8,0,0,0,0,1,1,6,1,8,1799,1,13,2,1
"28288","201301TW60217",2,9,0,18,0,8,0,0,0,0,4,1,6,1,6,1299,1,5,2,1
"282891","201301TW60218",1,9,0,4,0,1,0,0,0,0,2,1,6,1,7,1995,2,10,5,1
"282901","201301TW60218",2,9,0,4,0,1,0,0,0,0,1,1,6,2,6,1198,1,8,5,1
"28291","201301TW60218",3,9,0,4,0,1,0,0,0,0,1,1,6,2,5,1598,1,5,3,1
"28292","201301TW60219",1,2,0,15,0,2,0,0,0,0,1,1,4,1,4,49,1,5,7,1
"28293","201301TW60219",2,11,0,3,2,2,0,0,0,0,2,1,1,1,-1,4500,2,3,-1,-1
"28294","201301TW60220",1,9,0,18,0,8,0,0,0,0,0,1,6,1,7,1997,1,7,-1,-1
"28295","201301TW60220",2,9,0,17,0,8,0,0,0,0,2,1,6,1,-1,1995,2,2,10,1
"28296","201301TW60220",3,5,0,17,0,8,0,0,0,0,1,1,6,1,6,599,1,12,7,1
"28297","201301TW60221",1,9,0,18,0,1,0,0,0,0,1,1,6,3,-1,-1,-1,-1,-1,-1
"28298","201301TW60222",1,1,0,18,0,2,0,8,0,0,1,1,6,1,7,-1,-1,-1,3,1
"28299","201301TW60222",2,9,0,2,0,2,0,0,0,0,3,1,6,1,8,-1,-1,-1,-1,-1
"28300","201301TW60223",1,9,0,9,0,8,0,0,0,0,3,1,6,1,11,2982,2,3,7,1
"28301","201301TW60223",2,1,0,18,0,8,0,0,0,0,1,1,6,1,6,-1,-1,-1,6,1
"28302","201301TW60224",1,1,0,11,9,0,0,0,0,0,1,1,6,1,7,-1,-1,-1,9,1
"28303","201301TW60225",1,9,0,18,0,8,0,0,0,0,0,1,6,2,4,1242,1,13,10,1
"28304","201301TW60226",1,9,0,9,0,8,0,0,0,0,4,1,6,1,8,1910,2,6,2,1
"283051","201301TW60226",2,3,0,17,0,8,0,0,0,0,1,1,6,1,6,125,1,1,5,1
"28306","201301TW60228",1,9,0,18,0,8,0,0,0,0,1,1,6,1,4,973,1,13,10,1
"283071","201301TW60228",2,9,0,18,0,8,0,0,0,0,2,1,6,1,7,2199,2,2,6,1
"28308","201301TW60229",1,9,0,18,0,8,0,0,0,0,1,1,6,2,5,1390,1,12,10,1
"28309","201301TW60229",2,9,0,18,0,8,0,0,0,0,2,1,6,1,6,1995,1,5,5,1
"28310","201301TW60229",3,9,0,3,0,8,0,0,0,0,1,1,6,2,9,2597,1,9,10,1
"283111","201301TW60231",1,9,0,18,0,0,0,0,0,0,1,1,6,2,6,1390,1,2,7,1
"28312","201301TW60231",2,9,0,18,0,0,0,0,0,0,2,1,6,2,9,1386,1,9,8,1
"28313","201301TW60231",3,9,0,18,0,0,0,0,0,0,2,1,6,1,6,1998,1,21,6,1
"28314","201301TW60232",1,9,0,18,0,1,0,0,0,0,1,1,6,3,-1,-1,-1,-1,-1,-1
"28315","201301TW60233",1,3,0,10,0,8,0,0,0,0,2,1,6,1,5,102,1,9,3,1
"28316","201301TW60233",2,8,0,16,0,8,0,0,0,0,1,1,1,1,7,2499,2,5,5,1
"283171","201301TW60234",1,9,0,7,0,8,0,0,0,0,4,1,6,1,6,1149,1,13,-1,-1
"28318","201301TW60234",2,5,0,18,2,8,0,0,0,0,1,1,6,1,7,781,1,16,-1,-1
"28319","201301TW60236",1,5,0,17,0,0,0,0,0,0,3,1,6,1,6,9976,1,10,9,1
"28320","201301TW60237",1,9,0,9,0,8,0,0,0,0,3,1,6,2,7,-1,-1,-1,10,1
"28321","201301TW60237",2,5,0,13,0,8,0,0,0,0,1,1,6,1,6,1261,1,3,4,1
"28322","201301TW60238",1,19,0,18,0,8,0,0,0,0,4,1,1,1,7,-1,-1,-1,6,1
"28323","201301TW60238",2,3,0,18,0,8,0,0,0,0,1,1,6,1,4,124,1,1,7,1
"28324","201301TW60239",1,3,0,4,0,8,0,0,0,0,1,1,6,2,7,49,1,7,7,1
"28325","201301TW60239",2,9,0,4,0,8,0,0,0,0,2,1,6,1,10,1762,1,16,8,1
"28326","201301TW60240",1,11,0,16,0,8,0,0,0,0,3,1,1,1,6,4500,2,4,10,1
"28327","201301TW60240",2,1,0,12,0,8,0,0,0,0,1,1,6,1,7,-1,-1,-1,9,1
"283281","201301TW60241",1,9,0,13,0,0,0,0,0,0,1,1,6,3,-1,-1,-1,-1,-1,-1
"283291","201301TW60241",2,1,0,18,0,0,0,0,0,0,2,1,6,1,4,-1,-1,-1,8,1
"283301","201301TW60242",1,1,0,18,0,0,0,0,0,0,3,1,6,1,4,-1,-1,-1,8,1
"28331","201301TW60242",2,9,0,11,0,0,0,0,0,0,4,1,6,1,10,-1,-1,-1,10,1
"28332","201301TW60244",1,1,0,18,0,8,0,0,0,0,1,1,6,1,5,-1,-1,-1,3,1
"283331","201301TW60244",2,9,0,9,0,8,0,0,0,0,4,1,6,1,7,1598,1,9,-1,-1
"28334","201301TW60246",1,9,0,9,0,8,0,0,0,0,4,1,6,1,8,-1,-1,-1,-1,-1
"28335","201301TW60246",2,9,0,17,0,8,0,0,0,0,1,1,6,2,7,1275,1,17,6,1
"28336","201301TW60247",1,11,0,18,0,1,0,0,0,0,1,1,1,1,9,4500,2,6,5,1
"28337","201301TW60249",1,9,0,3,0,8,0,0,0,0,1,1,6,1,-1,1600,2,3,-1,-1
"28338","201301TW60249",2,1,0,11,0,8,0,0,0,0,2,1,6,1,5,-1,-1,-1,7,1
"28339","201301TW60250",1,1,0,18,0,0,0,0,0,0,3,1,6,2,8,-1,-1,-1,5,1
"28340","201301TW60251",1,9,0,9,0,8,0,0,0,0,1,1,6,1,4,1198,1,1,8,1
"28341","201301TW60251",2,9,0,9,0,8,0,0,0,0,3,1,6,2,4,1242,1,13,10,1
"28342","201301TW60252",1,9,0,4,0,0,0,0,0,0,3,1,6,1,7,1984,1,2,9,1
"283431","201301TW60252",2,1,0,18,0,0,0,0,0,0,1,1,6,2,6,-1,-1,-1,5,1
"283441","201301TW60253",1,9,0,12,0,0,0,0,0,0,1,1,6,2,11,1298,1,11,8,1
"283451","201301TW60253",2,9,0,18,0,0,0,0,0,0,3,1,6,2,5,1799,1,4,9,1
"28346","201301TW60253",3,9,0,18,0,0,0,0,0,0,1,1,6,1,6,-1,-1,-1,-1,-1
"283471","201301TW60254",1,9,0,17,0,8,0,0,0,0,4,1,6,1,6,998,1,10,5,1
"28348","201301TW60254",2,3,0,9,0,8,0,0,0,0,1,1,6,1,7,124,1,2,8,1
"283491","201301TW60255",1,9,0,18,0,8,0,10,3,1,1,1,6,2,9,1749,1,12,9,1
"283501","201301TW60256",1,9,0,18,0,0,0,0,0,0,1,1,6,2,9,-1,-1,-1,9,1
"283511","201301TW60256",2,5,0,13,0,0,0,0,0,0,1,1,1,1,6,498,1,14,3,1
"28352","201301TW60257",1,3,0,4,0,8,0,0,0,0,2,1,1,1,6,124,1,5,5,1
"28353","201301TW60257",2,9,0,18,0,8,0,0,0,0,1,1,6,1,6,1461,2,-1,9,1
"28354","201301TW60258",1,5,0,18,0,8,0,0,0,0,3,1,6,1,4,659,1,6,2,1
"28355","201301TW60259",1,9,0,9,0,8,0,0,0,0,4,1,6,1,4,1242,1,6,8,1
"28356","201301TW60259",2,1,0,18,0,8,0,0,0,0,1,1,6,2,6,-1,-1,-1,9,1
"283571","201301TW60260",1,9,0,18,0,2,0,0,0,0,1,1,6,2,7,1388,1,5,9,1
"283581","201301TW60260",2,19,0,3,0,2,0,0,0,0,2,1,6,1,6,1896,2,17,9,1
"28359","201301TW60260",3,9,0,3,0,8,0,0,0,0,3,1,6,2,6,1341,1,10,6,1
"28360","201301TW60260",4,9,0,3,0,8,0,0,0,0,2,1,6,1,7,1796,1,16,-1,-1
"28361","201301TW60261",1,9,0,18,0,0,0,0,0,0,3,1,6,1,8,1332,1,14,7,1
"28362","201301TW60262",1,1,0,17,0,8,0,0,0,0,1,1,6,1,7,-1,-1,-1,9,1
"28363","201301TW60262",2,19,0,16,0,8,0,0,0,0,1,1,6,1,6,2148,2,4,4,1
"28364","201301TW60263",1,1,0,18,0,0,0,0,0,0,1,1,6,1,6,-1,-1,-1,10,1
"28365","201301TW60263",2,9,0,6,0,0,0,0,0,0,3,1,6,1,-1,1248,1,1,10,1
"28366","201301TW60264",1,9,0,17,0,1,0,10,1,10,1,1,6,1,11,998,1,10,8,1
"28367","201301TW60265",1,1,0,4,0,0,0,0,0,0,3,1,6,2,5,-1,-1,-1,5,1
"28368","201301TW60265",2,9,0,4,0,0,0,0,0,0,0,1,6,3,-1,-1,-1,-1,-1,-1
"283691","201301TW60266",1,11,0,2,0,2,0,0,0,0,0,1,1,3,-1,-1,-1,-1,-1,-1
"28370","201301TW60268",1,9,0,18,0,8,0,0,0,0,3,1,6,1,9,998,1,1,10,1
"28371","201301TW60268",2,1,0,11,0,8,0,0,0,0,1,1,6,1,8,-1,-1,-1,7,1
"28372","201301TW60269",1,3,0,18,0,1,1,0,0,0,1,1,1,1,7,125,1,1,8,1
"28373","201301TW60270",1,20,0,18,0,2,0,0,0,0,1,1,1,1,6,-1,-1,-1,4,1
"283741","201301TW60270",2,9,0,4,0,2,0,10,7,10,2,1,6,2,5,1242,1,2,9,1
"28375","201301TW60270",3,9,0,2,0,2,0,0,0,0,4,1,6,1,-1,1598,1,9,5,1
"28376","201301TW60271",1,19,0,3,0,0,0,0,0,0,2,1,1,1,8,2198,2,-1,2,1
"28377","201301TW60271",2,1,0,18,0,0,0,0,0,0,1,1,6,2,3,-1,-1,-1,-1,-1
"28378","201301TW60272",1,9,0,18,0,8,0,0,0,0,1,1,1,1,10,1560,2,7,5,1
"283791","201301TW60272",2,9,0,9,0,8,0,0,0,0,4,1,1,2,5,1149,1,14,9,1
"283801","201301TW60273",1,9,0,4,0,1,0,0,0,0,2,1,6,1,7,1783,1,9,2,1
"28381","201301TW60273",2,9,0,18,0,1,0,0,0,0,1,1,6,2,-1,-1,-1,-1,-1,-1
"28382","201301TW60274",1,10,0,18,0,0,0,7,1,10,4,1,6,1,7,-1,-1,-1,9,1
"28383","201301TW60275",1,11,0,4,0,2,0,0,0,0,0,1,6,1,8,4500,2,3,4,1
"28384","201301TW60276",1,9,0,9,0,0,0,0,0,0,3,1,1,1,6,-1,-1,-1,5,1
"28385","201301TW60276",2,19,0,7,0,0,0,0,0,0,3,1,1,1,7,-1,-1,-1,-1,-1
"28386","201301TW60277",1,9,0,18,0,0,0,0,0,0,4,1,6,2,4,1229,1,7,4,1
"28387","201301TW60277",2,1,0,18,0,0,0,0,0,0,1,1,6,1,2,-1,-1,-1,4,1
"283881","201301TW60278",1,1,0,18,0,2,0,0,0,0,1,1,1,1,6,-1,-1,-1,9,1
"283891","201301TW60278",2,9,0,2,0,2,0,0,0,0,3,1,6,1,-1,998,1,-1,-1,-1
"283901","201301TW60279",1,9,0,9,0,8,0,0,0,0,3,1,2,2,6,1422,2,11,10,1
"283911","201301TW60279",2,3,0,13,0,8,0,0,0,0,1,1,1,1,6,125,1,1,4,1
"28392","201301TW60280",1,3,0,18,0,8,0,0,0,0,1,1,6,1,7,124,1,6,6,1
"28393","201301TW60280",2,19,0,5,0,8,0,0,0,0,3,1,6,3,-1,-1,-1,-1,-1,-1
"28394","201301TW60281",1,9,0,18,0,0,0,0,0,0,4,1,6,1,8,-1,-1,-1,9,1
"28395","201301TW60282",1,90,0,1,0,6,0,0,0,0,2,1,1,1,6,-1,-1,-1,5,1
"283961","201301TW60282",2,3,0,3,6,6,0,0,0,0,1,1,1,1,8,108,1,3,2,1
"283971","201301TW60283",1,9,0,2,0,0,0,0,0,0,2,1,6,1,8,3200,1,9,8,1
"28398","201301TW60283",2,1,0,13,0,0,0,4,0,0,0,1,6,1,9,-1,-1,-1,7,1
"28399","201301TW60284",1,19,0,9,0,1,0,0,0,0,1,1,1,1,7,2148,2,5,5,1
"28400","201301TW60284",2,1,0,18,0,1,0,0,0,0,3,1,6,2,6,-1,-1,-1,9,1
"284011","201301TW60285",1,9,0,7,0,2,0,0,0,0,1,1,1,2,8,1588,1,9,8,1
"28402","201301TW60286",1,9,0,9,0,1,0,0,0,0,3,1,6,1,7,2171,2,11,10,1
"28403","201301TW60286",2,1,0,14,0,1,0,0,0,0,1,1,6,1,7,-1,-1,-1,3,1
"28404","201301TW60287",1,3,0,18,0,0,0,0,0,0,4,1,6,3,-1,-1,-1,-1,-1,-1
"28405","201301TW60290",1,1,0,17,0,0,0,0,0,0,1,1,6,1,8,-1,-1,-1,7,1
"28406","201301TW60290",2,1,0,16,0,0,0,0,0,0,1,1,6,1,3,-1,-1,-1,8,1
"284071","201301TW60291",1,1,0,15,0,2,0,0,0,0,3,1,2,1,7,-1,-1,-1,4,1
"284081","201301TW60291",2,9,0,18,0,2,0,0,0,0,4,1,2,1,-1,1598,2,1,7,1
"284091","201301TW60292",1,9,0,13,0,0,0,0,0,0,4,1,6,3,-1,-1,-1,-1,-1,-1
"284101","201301TW60292",2,1,0,18,0,0,0,0,0,0,3,1,6,2,5,-1,-1,-1,9,1
"28411","201301TW60293",1,5,0,18,0,1,1,0,0,0,1,1,1,1,8,1170,1,1,3,1
"284121","201301TW60293",2,9,0,9,0,1,0,0,0,0,3,1,1,1,7,1598,1,1,8,1
"28413","201301TW60293",3,5,0,18,0,1,1,0,0,0,0,1,1,1,7,654,1,2,5,1
"28414","201301TW60294",1,9,0,9,0,8,0,0,0,0,4,1,2,1,6,1995,1,11,3,1
"28415","201301TW60294",2,3,0,14,0,1,0,0,0,0,1,1,1,1,7,102,1,7,3,1
"28416","201301TW60295",1,9,0,18,0,0,0,7,0,0,1,1,1,2,5,1242,1,-1,7,1
"284171","201301TW60298",1,9,0,6,0,0,0,0,0,0,3,1,6,1,8,2319,1,11,10,1
"284181","201301TW60298",2,5,0,18,0,0,0,0,0,0,1,1,6,1,6,-1,-1,-1,7,1
"284192","201301TW60299",1,3,0,18,0,0,1,10,1,0,1,1,1,1,7,125,1,4,3,1
"284201","201301TW60300",1,9,0,18,0,2,0,10,1,2,1,1,6,1,6,1598,1,6,5,1
"28421","201301TW60301",1,3,0,18,0,8,0,0,0,0,1,1,6,1,5,124,1,2,5,1
"28422","201301TW60302",1,8,0,2,0,0,0,0,0,0,3,1,1,1,7,2148,2,7,6,1
"28423","201301TW60302",2,9,0,5,0,0,0,0,0,0,4,1,1,2,7,1991,2,7,6,3
"28424","201301TW60303",1,9,0,8,0,8,0,0,0,0,2,1,2,1,8,1364,1,9,6,1
"28425","201301TW60303",2,3,0,18,0,8,0,0,0,0,1,1,6,1,-1,124,1,-1,-1,-1
"28426","201301TW60304",1,9,0,3,0,0,0,0,0,0,2,1,6,2,7,3246,1,10,8,1
"28427","201301TW60304",2,11,0,18,0,0,0,0,0,0,1,1,1,1,6,-1,-1,-1,1,1
"28428","201301TW60305",1,1,0,18,4,8,0,0,0,0,1,1,6,2,9,-1,-1,-1,6,1
"28429","201301TW60305",2,1,0,7,0,8,0,0,0,0,4,1,6,3,-1,-1,-1,-1,-1,-1
"28430","201301TW60306",1,9,0,9,0,5,0,0,0,0,4,1,6,2,10,1299,1,14,6,1
"28431","201301TW60306",2,1,0,18,0,1,0,0,0,0,1,1,6,2,6,-1,-1,-1,8,1
"28432","201301TW60307",1,9,0,18,0,0,0,4,0,0,4,1,6,1,11,1986,1,24,7,1
"28433","201301TW60307",2,9,0,2,0,0,0,0,0,0,4,1,6,3,-1,1798,1,6,-1,-1
"28434","201301TW60307",3,9,0,2,0,0,0,0,0,0,1,1,6,3,-1,1596,1,9,-1,-1
"28435","201301TW60307",4,9,0,2,0,0,0,0,0,0,3,1,6,1,8,1998,1,18,7,1
"28436","201301TW60307",5,9,0,2,0,0,0,0,0,0,3,1,6,1,-1,-1,-1,-1,7,1
"284371","201301TW60307",6,9,0,2,0,0,0,0,0,0,4,1,1,2,7,1995,2,11,5,1
"28438","201301TW60307",7,9,0,2,0,0,0,0,0,0,3,1,6,2,7,2967,2,5,7,1
"28439","201301TW60307",8,9,0,2,0,0,0,0,0,0,4,1,6,2,9,1398,2,4,7,1
"28440","201301TW60307",9,9,0,2,0,0,0,0,0,0,3,1,6,1,10,4554,1,18,7,1
"28441","201301TW60307",10,9,0,2,0,0,0,0,0,0,1,1,6,1,-1,1896,2,9,7,1
"284421","201301TW60308",1,11,0,5,0,2,0,0,0,0,0,1,1,2,7,-1,-1,-1,6,1
"284431","201301TW60309",1,1,0,18,0,1,0,0,0,0,1,1,1,1,6,-1,-1,-1,4,1
"28444","201301TW60309",2,9,0,3,0,1,0,0,0,0,2,1,6,3,-1,-1,-1,-1,-1,-1
"28445","201301TW60310",1,9,0,18,0,0,0,10,7,2,3,1,6,2,8,1498,1,2,8,1
"28446","201301TW60311",1,9,0,9,0,5,0,0,0,0,4,1,6,1,6,1229,1,5,10,1
"284471","201301TW60311",2,9,0,18,0,1,0,0,0,0,1,1,6,1,8,1582,2,1,6,1
"284481","201301TW60312",1,8,0,7,0,8,0,0,0,0,3,1,1,1,8,1896,2,6,4,1
"284491","201301TW60312",2,1,0,18,0,8,0,0,0,0,4,1,6,1,7,-1,-1,-1,3,1
"284501","201301TW60314",1,9,0,18,0,1,5,0,0,0,3,1,6,1,4,1242,1,1,7,1
"28451","201301TW60315",1,5,0,14,0,8,0,0,0,0,1,1,6,1,6,-1,-1,-1,-1,-1
"28452","201301TW60315",2,9,0,9,0,8,0,0,0,0,3,1,6,2,6,1595,1,1,9,1
"28453","201301TW60316",1,9,0,14,0,8,0,0,0,0,1,1,6,2,-1,1149,1,4,-1,-1
"284541","201301TW60317",1,9,0,10,0,8,0,0,0,0,1,1,6,1,4,1275,1,25,10,1
"28455","201301TW60317",2,3,0,18,0,8,0,0,0,0,1,1,6,1,4,124,1,3,7,1
"284561","201301TW60318",1,11,0,5,0,1,0,0,0,0,0,1,1,1,9,-1,-1,-1,3,1
"284571","201301TW60319",1,3,0,14,0,1,0,0,0,0,1,1,6,1,5,-1,-1,-1,7,1
"284581","201301TW60319",2,9,0,9,0,5,0,0,0,0,3,1,6,2,8,1598,1,1,6,1
"28459","201301TW60320",1,9,0,5,0,2,0,0,0,0,1,1,6,2,7,1390,1,5,-1,-1
"28460","201301TW60320",2,5,0,14,0,1,0,0,0,0,1,1,6,1,5,645,1,6,7,1
"28461","201301TW60321",1,11,0,5,0,0,0,0,0,0,0,1,1,1,7,4500,2,4,4,1
"28464","201301TW60323",1,9,0,9,0,2,0,0,0,0,1,1,6,2,6,1390,1,1,9,1
"28465","201301TW60323",2,9,0,14,0,1,0,0,0,0,1,1,6,1,8,1997,2,9,8,1
"28466","201301TW60323",3,9,0,2,0,1,0,0,0,0,3,1,6,1,6,1799,1,6,4,1
"28467","201301TW60324",1,9,0,4,0,1,0,0,0,0,2,1,6,2,8,1997,2,5,2,1
"28468","201301TW60324",2,9,0,18,0,1,0,0,0,0,1,1,6,1,6,2000,1,6,6,1
"28469","201301TW60325",1,11,0,4,0,1,0,0,0,0,0,1,1,1,5,8268,2,12,6,1
"28470","201301TW60326",1,3,0,18,0,8,0,0,0,0,4,1,6,2,7,124,1,5,10,1
"28471","201301TW60326",2,9,0,7,0,8,0,0,0,0,1,1,1,1,9,2149,2,6,3,1
"28472","201301TW60327",1,4,0,18,0,1,0,0,0,0,1,1,6,1,5,749,1,9,3,1
"28473","201301TW60328",1,1,0,17,0,8,0,0,0,0,4,1,6,1,5,-1,-1,-1,-1,-1
"28474","201301TW60328",2,9,0,5,0,8,0,0,0,0,1,1,6,1,10,2299,1,21,7,1
"28475","201301TW60329",1,9,0,18,0,1,0,0,0,0,1,1,1,1,10,1598,1,8,7,1
"284761","201301TW60330",1,19,0,9,0,8,0,0,0,0,1,1,1,1,8,-1,-1,-1,-1,-1
"284771","201301TW60330",2,9,0,18,0,8,0,0,0,0,1,1,6,1,5,-1,-1,-1,4,1
"28478","201301TW60331",1,1,0,18,0,2,0,0,0,0,1,1,6,1,-1,-1,-1,-1,5,1
"28479","201301TW60331",2,1,0,18,0,2,0,0,0,0,2,1,6,2,6,-1,-1,-1,5,1
"28480","201301TW60332",1,1,0,18,0,2,0,0,0,0,3,1,6,2,7,-1,-1,-1,8,1
"28481","201301TW60334",1,90,0,18,9,1,0,0,0,0,4,1,6,1,11,-1,-1,-1,10,1
"28482","201301TW60334",2,9,0,18,0,1,0,0,0,0,0,1,1,1,9,1199,2,2,10,1