"","Acc_Index","Vehicle_Reference","Vehicle_Type","Towing_and_Articulation","Vehicle_Manoeuvre","Vehicle_Location.Restricted_Lane","Junction_Location","Skidding_and_Overturning","Hit_Object_in_Carriageway","Vehicle_Leaving_Carriageway","Hit_Object_off_Carriageway","X1st_Point_of_Impact","Was_Vehicle_Left_Hand_Drive","Journey_Purpose_of_Driver","Sex_of_Driver","Age_Band_of_Driver","Engine_Capacity_.CC.","Propulsion_Code","Age_of_Vehicle","Driver_IMD_Decile","Driver_Home_Area_Type"
"28483","201301TW60335",1,9,0,13,0,0,0,0,0,0,1,1,6,2,8,2993,2,3,-1,-1
"28484","201301TW60335",2,2,0,9,0,0,0,0,0,0,3,1,6,1,6,124,1,11,8,1
"28485","201301TW60336",1,3,0,18,0,1,0,0,0,0,1,1,6,1,10,125,1,1,8,1
"28486","201301TW60337",1,1,0,18,0,1,0,0,0,0,3,1,6,1,8,-1,-1,-1,9,1
"284871","201301TW60337",2,9,0,9,0,1,0,0,0,0,1,1,6,1,-1,-1,-1,-1,-1,-1
"28488","201301TW60338",1,9,0,9,0,8,0,0,0,0,3,1,1,1,7,1984,1,8,9,1
"28489","201301TW60338",2,1,0,18,0,8,0,0,0,0,1,1,6,1,7,-1,-1,-1,3,1
"28490","201301TW60339",1,9,0,14,0,0,0,0,0,0,1,1,6,1,6,1229,1,1,5,1
"28491","201301TW60340",1,10,0,3,0,1,0,0,0,0,3,1,1,1,10,2143,2,2,-1,-1
"28492","201301TW60340",2,1,0,14,0,1,0,8,0,0,1,1,6,1,6,-1,-1,-1,4,1
"28493","201301TW60341",1,9,0,9,0,5,0,0,0,0,4,1,6,2,6,1995,1,4,7,1
"28494","201301TW60341",2,1,0,18,0,1,0,0,0,0,1,1,6,1,6,-1,-1,-1,7,1
"28495","201301TW60342",1,9,0,9,0,8,0,0,0,0,4,1,6,1,9,-1,-1,-1,9,1
"28496","201301TW60342",2,4,0,18,0,8,0,0,0,0,1,1,6,1,4,-1,-1,-1,3,1
"28497","201301TW60343",1,9,0,3,0,1,0,0,0,0,2,1,1,1,5,-1,-1,-1,8,1
"284981","201301TW60343",2,9,0,18,0,1,0,0,0,0,1,1,6,1,-1,2993,2,9,7,1
"28499","201301TW60344",1,5,0,14,0,1,0,0,0,0,1,1,6,1,6,649,1,5,8,1
"28500","201301TW60344",2,9,0,9,0,1,0,0,0,0,3,1,6,2,6,1400,1,8,-1,-1
"28501","201301TW60345",1,1,0,13,0,8,0,0,0,0,2,1,6,1,6,-1,-1,-1,2,1
"28502","201301TW60345",2,9,0,18,0,8,0,0,0,0,1,1,6,3,-1,-1,-1,-1,-1,-1
"28503","201301TW60346",1,9,0,12,0,0,0,0,0,0,3,1,6,2,7,1986,2,5,6,1
"285041","201301TW60346",2,5,0,13,0,0,0,0,0,0,1,1,6,1,8,904,1,20,8,1
"285051","201301TW60347",1,21,0,5,0,8,0,0,0,0,4,1,1,1,7,11946,2,4,-1,-1
"285061","201301TW60347",2,1,0,5,0,8,0,10,0,0,3,1,6,2,6,-1,-1,-1,-1,-1
"28507","201301TW60348",1,9,0,18,0,0,0,0,0,0,1,1,6,1,8,1796,1,9,9,1
"28508","201301TW60348",2,9,0,9,0,0,0,0,0,0,4,1,6,1,6,1341,1,10,7,1
"285091","201301TW60349",1,9,0,9,0,0,0,0,0,0,4,1,6,1,6,1598,1,11,3,1
"285101","201301TW60350",1,9,0,7,0,2,0,4,0,0,2,1,6,1,8,1390,1,7,8,1
"28511","201301TW60350",2,9,0,18,0,2,0,0,0,0,1,1,6,1,-1,1997,2,9,3,1
"28512","201301TW60350",3,9,0,2,0,2,0,0,0,0,2,1,1,3,-1,1560,2,3,-1,-1
"28513","201301TW60351",1,9,0,18,0,8,0,0,0,0,1,1,6,2,7,-1,-1,-1,10,1
"28514","201301TW60352",1,1,0,18,0,8,0,0,0,0,1,1,6,2,4,-1,-1,-1,8,1
"28515","201301TW60352",2,9,0,9,0,8,0,0,0,0,4,1,6,3,-1,-1,-1,-1,-1,-1
"28516","201301TW60353",1,9,0,4,0,8,0,0,0,0,2,1,6,1,10,-1,-1,-1,9,1
"285171","201301TW60353",2,9,0,18,0,8,0,0,0,0,1,1,6,1,7,1799,1,7,7,1
"285181","201301TW60355",1,9,0,18,0,2,0,7,1,10,1,1,6,2,4,1242,1,4,8,1
"28519","201301TW60356",1,11,0,9,0,8,0,0,0,0,3,1,1,1,6,9000,2,7,8,1
"28520","201301TW60356",2,5,0,13,0,8,0,0,0,0,1,1,2,1,6,656,1,2,8,1
"28521","201301TW60357",1,11,0,5,0,0,0,0,0,0,0,1,1,1,9,8268,2,10,7,1
"28522","201301TW60358",1,9,0,1,0,0,0,0,0,0,2,1,6,1,9,1397,1,4,7,1
"28523","201301TW60359",1,9,0,9,0,8,0,0,0,0,2,1,6,1,6,-1,-1,-1,6,1
"28524","201301TW60359",2,9,0,18,0,8,0,0,0,0,1,1,6,2,8,1598,1,11,6,1
"28525","201301TW60360",1,9,0,5,0,8,0,0,0,0,4,1,6,1,10,1910,2,8,10,1
"28526","201301TW60360",2,9,0,18,0,8,0,0,0,0,1,1,6,1,5,-1,-1,-1,2,1
"28527","201301TW60361",1,3,0,18,0,0,0,0,0,0,3,1,6,1,6,124,1,-1,7,1
"285281","201301TW60361",2,9,0,13,0,0,0,0,0,0,1,1,6,3,-1,-1,-1,-1,-1,-1
"285291","201301TW60362",1,9,0,18,0,1,0,11,0,0,3,1,1,1,9,2979,1,9,8,1
"28530","201301TW60362",2,5,0,18,0,8,0,11,0,0,1,1,1,1,8,647,1,12,4,3
"28531","201301TW60364",1,9,0,14,0,8,0,0,1,0,4,1,6,1,7,1598,1,5,3,1
"28532","201301TW60364",2,11,0,3,0,1,0,0,0,0,0,1,1,1,7,4500,2,3,-1,-1
"28533","201301TW60365",1,9,0,18,0,0,0,0,0,0,1,1,6,2,6,998,1,9,5,1
"28534","201301TW60366",1,11,0,3,0,0,0,0,0,0,0,1,1,1,7,4500,2,1,7,1
"28535","201301TW60368",1,9,0,18,0,1,0,0,0,0,1,1,6,2,6,1596,1,12,9,1
"28536","201301TW60369",1,1,0,4,0,0,0,0,0,0,0,1,6,1,5,-1,-1,-1,3,1
"28537","201301TW60370",1,9,0,9,0,8,0,0,0,0,0,1,6,2,11,1198,1,-1,7,1
"28538","201301TW60370",2,1,0,4,0,8,0,0,0,0,0,1,6,1,6,-1,-1,-1,9,1
"28539","201301TW60371",1,9,0,4,0,8,0,0,1,0,4,1,1,1,9,-1,-1,-1,2,1
"28540","201301TW60372",1,1,0,4,0,0,0,0,0,0,1,1,2,1,7,-1,-1,-1,10,3
"28541","201301TW60373",1,9,0,18,0,0,0,0,0,0,1,1,6,3,-1,-1,-1,-1,-1,-1
"28542","201301TW60374",1,1,0,3,0,0,0,0,0,0,3,1,4,1,3,-1,-1,-1,10,1
"28543","201301TW60374",2,9,0,14,0,0,0,0,0,0,4,1,6,1,-1,-1,-1,-1,-1,-1
"28544","201301TW60375",1,1,0,18,4,0,0,0,0,0,1,1,2,1,6,-1,-1,-1,8,1
"285451","201301TW60375",2,3,0,12,0,0,0,0,0,0,1,1,2,1,-1,-1,-1,-1,-1,-1
"285461","201301TW60376",1,9,0,9,0,8,0,0,0,0,3,1,6,1,7,1360,1,12,4,1
"285471","201301TW60376",2,1,0,18,0,8,0,0,0,0,1,1,6,3,-1,-1,-1,-1,-1,-1
"28548","201301TW60377",1,9,0,9,0,8,0,0,0,0,3,1,6,1,5,1896,2,8,10,1
"28549","201301TW60377",2,1,0,18,0,8,0,0,0,0,1,1,6,1,6,-1,-1,-1,10,1
"28550","201301TW60378",1,11,0,18,0,8,0,0,0,0,4,1,1,3,-1,-1,-1,-1,-1,-1
"28551","201301TW60379",1,9,0,18,0,8,0,0,0,0,1,1,6,2,-1,-1,-1,-1,-1,-1
"28552","201301TW60380",1,9,0,9,0,8,0,0,0,0,4,1,1,2,5,1461,2,8,6,3
"28553","201301TW60380",2,1,0,18,0,8,0,0,0,0,1,1,6,1,5,-1,-1,-1,9,1
"28554","201301TW60381",1,1,0,16,0,8,0,0,0,0,4,1,2,1,6,-1,-1,-1,8,1
"28555","201301TW60381",2,9,0,12,0,8,0,0,0,0,3,1,6,2,-1,1248,2,8,7,1
"28556","201301TW60382",1,9,0,18,0,8,0,0,0,0,1,1,6,2,8,1242,1,14,9,1
"28557","201301TW60383",1,9,0,9,0,8,0,0,0,0,2,1,6,2,-1,1397,1,11,-1,-1
"28558","201301TW60383",2,9,0,18,0,8,0,0,0,0,1,1,6,1,7,998,1,3,10,1
"285591","201301TW60384",1,1,0,18,0,8,0,0,0,0,4,1,1,1,7,-1,-1,-1,5,1
"285601","201301TW60384",2,9,0,5,0,6,0,0,0,0,1,1,6,1,-1,2143,2,2,7,1
"28561","201301TW60385",1,9,0,18,0,8,1,0,0,0,1,1,2,2,4,1242,1,11,9,1
"28562","201301TW60386",1,9,0,7,0,8,1,0,0,0,4,1,6,2,6,1956,2,4,2,1
"285631","201301TW60386",2,1,0,7,0,8,0,0,0,0,3,1,6,2,6,-1,-1,-1,3,1
"285642","201301TW60387",1,1,0,18,0,0,0,0,0,0,1,1,6,1,7,-1,-1,-1,4,1
"28566","201301TW60389",1,9,0,3,0,8,0,0,0,0,3,1,1,1,8,-1,-1,-1,6,1
"285671","201301TW60390",1,1,0,18,0,1,0,0,0,0,3,1,6,2,7,-1,-1,-1,2,1
"28568","201301TW60390",2,9,0,13,0,1,0,0,0,0,4,1,6,1,-1,-1,-1,-1,-1,-1
"28569","201301TW60391",1,1,0,18,0,0,0,0,0,0,3,1,6,2,6,-1,-1,-1,9,1
"285701","201301TW60391",2,9,0,7,0,0,0,0,0,0,1,1,6,3,-1,-1,-1,-1,-1,-1
"285711","201301TW60392",1,9,0,9,0,8,0,0,0,0,3,1,6,1,6,1598,1,3,2,1
"285721","201301TW60392",2,1,0,18,0,8,0,0,0,0,1,1,6,1,9,-1,-1,-1,4,1
"28573","201301TW60393",1,1,0,4,0,0,1,0,0,0,0,1,6,1,-1,-1,-1,-1,-1,-1
"28574","201301TW60393",2,1,0,4,0,0,1,0,0,0,0,1,6,1,6,-1,-1,-1,4,1
"28575","201301TW60394",1,3,0,9,0,8,0,0,0,0,1,1,6,1,6,101,1,11,2,1
"285761","201301TW60394",2,9,0,14,0,8,0,0,0,0,3,1,1,1,6,1968,2,3,3,1
"285772","201301TW60395",1,9,0,9,0,8,0,0,0,0,3,1,3,2,7,1796,1,6,8,1
"28578","201301TW60396",1,1,0,14,0,8,0,0,0,0,3,1,2,1,6,-1,-1,-1,5,1
"28579","201301TW60396",2,9,0,9,0,8,0,0,0,0,1,1,2,2,-1,998,1,-1,-1,-1
"28580","201301TW60397",1,9,0,18,0,2,0,0,0,0,3,1,6,1,9,1587,1,7,7,1
"285811","201301TW60397",2,8,0,18,0,1,1,10,5,10,1,1,1,1,7,1995,2,7,4,1
"28582","201301TW60398",1,8,0,18,0,0,0,0,0,0,3,1,1,1,9,1796,1,7,6,1
"28583","201301TW60399",1,5,0,17,0,8,2,0,0,0,3,1,2,1,5,916,1,11,7,1
"28584","201301TW60400",1,3,0,18,0,8,0,0,0,0,4,1,2,1,5,124,1,3,8,1
"28585","201301TW60400",2,9,0,9,0,8,0,0,0,0,1,1,2,1,6,1998,2,9,8,1
"285861","201301TW60400",3,9,0,18,0,8,0,0,0,0,1,1,2,1,8,1598,1,1,6,1
"28587","201301TW60401",1,9,0,7,0,8,0,0,0,0,4,1,6,1,7,1796,7,8,-1,-1
"28588","201301TW60401",2,1,0,7,0,8,0,4,1,0,3,1,6,1,6,-1,-1,-1,7,1
"28589","201301TW60401",3,9,0,2,0,8,0,0,0,0,3,1,6,3,-1,-1,-1,-1,-1,-1
"285901","201301TW60402",1,9,0,11,0,8,0,0,0,0,0,1,6,2,5,1400,2,6,4,2
"285911","201301TW60402",2,9,0,11,0,8,0,0,0,0,2,1,1,1,6,-1,-1,-1,3,1
"285921","201301TW60402",3,5,0,17,0,8,0,0,0,0,1,1,6,2,6,600,1,-1,5,1
"28593","201301TW60403",1,3,0,15,0,1,0,0,0,0,1,1,2,1,6,646,1,9,9,1
"28594","201301TW60403",2,19,0,4,0,1,0,0,0,0,4,1,1,1,6,2198,2,1,-1,-1
"28595","201301TW60403",3,3,0,5,0,1,0,0,0,0,3,1,2,1,8,-1,-1,-1,9,1
"28596","201301TW60404",1,9,0,18,0,8,0,0,0,0,3,1,6,2,5,-1,-1,-1,8,1
"28597","201301TW60404",2,1,0,9,0,8,0,0,0,0,1,1,6,1,4,-1,-1,-1,6,1
"28598","201301TW60405",1,3,0,5,0,8,0,0,0,0,2,1,1,1,6,530,1,1,6,1
"28599","201301TW60405",2,8,0,7,0,8,0,0,0,0,1,1,1,1,-1,1997,2,1,-1,-1
"28600","201301TW60406",1,9,0,3,0,8,0,0,0,0,2,1,6,2,8,1339,1,10,4,1
"28601","201301TW60406",2,9,0,18,0,8,0,0,0,0,1,1,6,1,-1,3969,1,15,8,1
"286021","201301TW60407",1,3,0,14,0,1,0,0,0,0,1,1,6,1,4,108,1,-1,5,1
"28603","201301TW60407",2,9,0,9,0,1,0,0,0,0,3,1,6,1,6,1124,1,5,6,1
"286041","201301TW60409",1,9,0,18,0,1,0,0,0,0,3,1,1,1,7,1998,1,12,8,1
"286051","201301TW60411",1,9,0,9,0,1,0,0,0,0,1,1,6,1,-1,-1,-1,-1,-1,-1
"286061","201301TW60412",1,9,0,18,0,1,0,0,0,0,4,1,6,1,7,1118,1,23,3,1
"286071","201301TW60412",2,1,0,7,0,1,0,0,0,0,1,1,6,1,8,-1,-1,-1,-1,-1
"286081","201301TW60413",1,1,0,18,0,8,0,0,1,0,3,1,2,1,6,-1,-1,-1,7,1
"28609","201301TW60413",2,9,0,7,0,8,0,0,0,0,4,1,6,1,-1,-1,-1,-1,-1,-1
"28610","201301TW60414",1,5,0,18,0,8,5,0,0,0,2,1,2,1,6,1050,1,4,4,1
"286111","201301TW60414",2,9,0,9,0,8,0,0,0,0,1,1,2,1,6,1596,1,1,4,1
"286121","201301TW60415",1,9,0,10,0,1,0,0,0,0,2,1,6,1,7,1968,2,2,10,1
"28613","201301TW60415",2,9,0,18,0,1,0,0,0,0,1,1,3,2,7,2188,2,9,10,1
"28614","201301TW60416",1,2,0,13,0,8,0,0,0,0,3,1,1,1,8,-1,-1,-1,8,1
"28615","201301TW60416",2,9,0,9,0,8,0,0,0,0,3,1,6,2,7,1798,1,3,9,1
"28616","201301TW60417",1,9,0,4,0,8,0,0,0,0,4,1,6,2,7,1796,1,4,6,1
"286171","201301TW60418",1,9,0,9,0,2,0,0,0,0,3,1,6,1,8,2143,2,-1,9,1
"286181","201301TW60419",1,9,0,17,0,0,0,0,0,0,1,2,6,2,-1,-1,-1,-1,-1,-1
"286191","201301TW60420",1,9,0,4,0,2,0,0,0,0,1,1,6,1,5,1598,2,3,10,1
"28620","201301TW60421",1,5,0,18,0,8,0,0,0,0,1,1,2,1,7,798,1,5,6,1
"28621","201301TW60421",2,9,0,9,0,8,0,0,0,0,4,1,6,1,-1,1910,2,5,7,1
"286221","201301TW60422",1,9,0,9,0,8,0,0,0,0,1,1,6,1,7,1968,2,1,3,1
"286231","201301TW60422",2,3,0,18,0,8,0,0,0,0,1,1,1,1,6,125,1,6,4,1
"28624","201301TW60423",1,19,0,18,0,0,0,10,1,3,4,1,1,1,6,2488,2,9,3,1
"28625","201301TW60424",1,1,0,17,0,8,0,0,0,0,1,1,6,1,8,-1,-1,-1,6,1
"28626","201301TW60424",2,9,0,7,0,8,0,0,0,0,3,1,6,1,-1,-1,-1,-1,-1,-1
"28627","201301TW60425",1,9,0,18,0,8,0,0,0,0,4,1,2,1,8,1984,1,5,8,1
"286281","201301TW60425",2,8,0,7,0,8,0,0,0,0,1,1,1,1,-1,1910,2,3,2,1
"286291","201301TW60426",1,3,0,18,0,0,1,0,0,0,4,1,6,1,4,124,1,-1,9,1
"286301","201301TW60426",2,9,0,5,0,0,0,0,0,0,3,1,6,1,-1,2148,2,7,-1,-1
"28631","201301TW60427",1,9,0,9,0,8,0,0,0,0,1,1,1,1,8,-1,-1,-1,7,1
"286321","201301TW60427",2,2,0,15,0,8,0,0,0,0,3,1,2,1,7,49,1,-1,9,1
"28633","201301TW60428",1,9,0,18,0,0,5,7,0,0,1,1,6,1,11,1598,1,9,9,1
"28634","201301TW60429",1,9,0,18,0,8,0,0,1,0,4,1,6,2,6,1329,1,4,4,1
"28635","201301TW60429",2,9,0,7,0,8,0,0,0,0,1,1,6,1,6,1587,1,14,-1,-1
"28636","201301TW60430",1,9,0,2,0,0,0,0,0,0,3,1,6,2,8,2148,2,8,5,1
"28637","201301TW60430",2,1,0,15,0,0,0,8,0,0,1,1,2,1,6,-1,-1,-1,7,1
"28638","201301TW60432",1,9,0,11,0,1,0,0,0,0,4,1,2,1,7,1587,1,8,3,1
"28639","201301TW60432",2,11,0,18,0,1,0,0,0,0,3,1,6,1,7,9600,2,13,7,1
"28640","201301TW60433",1,3,0,9,0,8,1,0,0,0,3,1,2,1,6,599,1,6,7,1
"28641","201301TW60433",2,9,0,18,0,8,0,0,0,0,1,1,6,1,10,1388,1,8,8,1
"28642","201301TW60434",1,9,0,18,0,8,2,10,7,0,4,1,6,1,9,1794,1,8,9,1
"28643","201301TW60434",2,9,0,7,0,8,0,10,3,10,3,1,6,1,11,1390,1,5,9,1
"28644","201301TW60435",1,8,0,18,0,0,0,0,1,0,4,1,1,1,6,-1,-1,-1,7,1
"286451","201301TW60436",1,1,0,18,0,8,0,0,0,0,1,1,2,1,5,-1,-1,-1,-1,-1
"28646","201301TW60436",2,19,0,18,0,8,0,0,0,0,4,1,1,1,6,2198,2,-1,9,1
"28647","201301TW60437",1,9,0,18,0,8,5,7,0,0,4,1,6,1,11,-1,-1,-1,8,1
"28648","201301TW60438",1,8,0,6,0,0,0,0,0,0,3,1,1,1,7,2664,2,15,3,1
"28649","201301TW60438",2,1,0,18,0,0,0,0,0,0,1,1,6,1,7,-1,-1,-1,8,1
"28650","201301TW60439",1,9,0,3,0,0,0,0,0,0,4,1,6,2,7,2400,2,3,9,1
"28651","201301TW60439",2,5,0,15,0,0,0,4,0,0,1,1,1,1,8,998,1,4,5,1
"28652","201301TW60439",3,9,0,2,0,0,0,0,0,0,3,1,6,2,-1,1797,8,-1,-1,-1
"28653","201301TW60441",1,1,0,18,0,8,0,0,0,0,1,1,6,1,3,-1,-1,-1,9,1
"28654","201301TW60441",2,9,0,9,0,8,0,0,0,0,4,1,6,3,-1,-1,-1,-1,-1,-1
"28655","201301TW60442",1,9,0,9,0,8,0,0,0,0,1,1,1,1,8,-1,-1,-1,4,1
"28656","201301TW60442",2,1,0,9,0,8,0,0,1,0,2,1,1,1,8,-1,-1,-1,7,1
"28657","201301TW60443",1,9,0,3,0,8,0,0,0,0,2,1,6,1,6,-1,-1,-1,4,1
"28658","201301TW60443",2,9,0,4,0,8,0,0,0,0,1,1,6,1,6,-1,-1,-1,10,1
"28661","201301TW60445",1,9,0,18,0,0,0,0,0,0,1,1,6,1,8,-1,-1,-1,7,1
"28662","201301TW60445",2,9,0,18,0,0,0,0,0,0,1,1,6,3,-1,-1,-1,-1,-1,-1
"28663","201301TW60446",1,9,0,18,0,0,0,0,0,0,1,1,6,2,9,1985,1,13,9,1
"28664","201301TW60447",1,9,0,9,0,8,0,0,1,0,2,1,2,1,7,1716,2,15,-1,-1
"286651","201301TW60447",2,4,0,18,0,8,0,0,0,0,1,1,2,1,9,471,1,-1,8,1
"286661","201301TW60448",1,1,0,15,0,8,0,0,0,0,1,1,6,1,7,-1,-1,-1,7,1
"28667","201301TW60448",2,9,0,9,0,8,0,0,0,0,4,1,6,1,-1,1596,1,6,-1,-1
"286681","201301TW60449",1,1,0,9,0,8,0,0,0,0,4,1,6,1,10,-1,-1,-1,10,1
"28669","201301TW60449",2,9,0,9,0,8,0,0,1,0,1,1,6,2,-1,1968,2,4,-1,-1
"28670","201301TW60450",1,1,0,18,0,0,0,0,0,0,1,1,6,1,8,-1,-1,-1,3,1
"286711","201301TW60450",2,1,0,18,0,0,0,0,0,0,1,1,6,1,7,-1,-1,-1,6,1
"28672","201301TW60451",1,9,0,18,0,8,0,0,0,0,1,1,6,1,-1,2231,2,4,5,1
"28673","201301TW60451",2,9,0,9,0,8,0,0,0,0,4,1,6,1,8,2996,1,4,9,1
"286741","201301TW60452",1,9,0,9,0,8,0,0,0,0,3,1,1,1,6,1598,1,13,3,1
"28675","201301TW60452",2,3,0,14,0,8,0,0,1,0,1,1,6,1,5,124,1,3,5,1
"28676","201301TW60453",1,9,0,7,0,8,0,0,0,0,4,1,6,2,6,1461,2,10,4,1
"28677","201301TW60454",1,9,0,18,0,1,0,0,0,0,4,1,6,1,-1,1229,1,8,-1,-1
"28678","201301TW60455",1,9,0,16,0,8,1,0,0,0,1,1,6,1,5,1299,1,14,4,1
"28679","201301TW60455",2,19,0,4,0,8,0,0,1,0,1,1,6,1,6,2400,2,6,-1,-1
"28680","201301TW60455",3,9,0,4,0,8,0,0,1,1,1,1,6,1,7,1995,2,4,4,1
"28681","201301TW60456",1,21,0,12,0,0,0,0,0,0,0,1,1,1,6,3920,2,-1,9,1
"28682","201301TW60456",2,1,0,18,0,0,0,0,0,0,0,1,2,1,4,-1,-1,-1,2,1
"28683","201301TW60457",1,1,0,18,0,0,0,0,0,0,0,1,6,1,5,-1,-1,-1,10,1
"286841","201301TW60458",1,9,0,18,0,0,0,0,0,0,4,1,6,1,8,2148,2,6,8,1
"286851","201301TW60459",1,9,0,18,0,8,0,0,0,0,1,1,6,2,5,998,1,4,6,1
"28686","201301TW60459",2,9,0,16,0,8,0,0,0,0,4,1,6,1,8,-1,-1,-1,4,1
"28687","201301TW60460",1,9,0,14,0,8,0,0,0,0,1,1,6,2,7,1497,8,9,-1,-1
"28688","201301TW60461",1,9,0,10,0,8,0,0,0,0,3,1,6,1,8,1896,2,7,9,1
"28689","201301TW60461",2,1,0,14,0,8,0,0,0,0,1,1,6,1,3,-1,-1,-1,6,1
"28690","201301TW60462",1,1,0,18,0,8,0,0,0,0,1,1,6,1,6,-1,-1,-1,7,1
"28691","201301TW60462",2,9,0,14,0,8,0,0,0,0,4,1,6,1,-1,-1,-1,-1,-1,-1
"28692","201301TW60463",1,5,0,18,0,8,0,0,0,0,1,1,6,2,7,599,1,8,6,1
"28693","201301TW60463",2,9,0,11,0,8,0,0,0,0,4,1,6,3,-1,-1,-1,-1,-1,-1
"28694","201301TW60464",1,9,0,18,0,2,0,0,0,0,4,1,6,1,6,-1,-1,-1,4,1
"28695","201301TW60465",1,9,0,18,0,8,0,10,3,2,1,1,6,1,10,2149,2,6,-1,-1
"286961","201301TW60466",1,4,0,4,0,8,1,0,0,0,1,1,6,1,6,-1,-1,-1,8,1
"28697","201301TW60466",2,9,0,9,0,8,0,0,0,0,0,1,6,2,-1,1999,1,7,8,1
"28698","201301TW60467",1,2,0,18,0,0,0,0,0,0,1,1,6,1,6,49,1,4,6,1
"28699","201301TW60468",1,3,0,18,0,8,0,0,0,0,1,1,6,1,4,125,1,-1,8,1
"28700","201301TW60468",2,9,0,9,0,8,0,0,0,0,1,1,6,3,-1,-1,-1,-1,-1,-1
"287011","201301TW60469",1,9,0,18,0,8,0,0,0,0,1,1,6,2,10,1339,1,2,-1,-1
"287021","201301TW60470",1,9,0,13,0,0,0,0,0,0,4,1,6,2,5,1199,1,11,5,1
"28703","201301TW60470",2,1,0,17,0,0,0,0,0,0,3,1,6,1,3,-1,-1,-1,5,1
"28704","201301TW60471",1,19,0,4,0,8,0,0,0,0,2,1,6,1,8,-1,-1,-1,4,1
"28705","201301TW60471",2,5,0,18,0,8,0,0,0,0,1,1,6,1,5,738,1,13,6,1
"28706","201301TW60472",1,3,0,16,0,8,0,0,0,0,1,1,6,1,7,125,1,5,3,1
"28707","201301TW60472",2,9,0,1,0,8,0,0,0,0,2,1,6,1,-1,1360,1,12,10,1
"28708","201301TW60473",1,9,0,2,0,0,0,0,0,0,3,1,6,2,6,2993,2,6,4,1
"28709","201301TW60473",2,19,0,16,0,0,0,0,0,0,1,1,6,1,-1,-1,-1,-1,-1,-1
"28710","201301TW60474",1,3,0,18,0,8,0,0,0,0,1,1,6,3,-1,-1,-1,-1,-1,-1
"28711","201301TW60475",1,9,0,16,0,8,0,10,3,2,1,1,6,1,8,1997,2,1,5,1
"28712","201301TW60476",1,9,0,18,0,8,0,0,0,0,1,1,6,3,-1,-1,-1,-1,-1,-1
"28713","201301TW60477",1,8,0,16,0,2,0,0,0,0,1,1,6,1,7,2402,2,10,2,1
"28714","201301TW60478",1,9,0,9,0,8,0,0,0,0,2,1,6,1,8,1968,2,5,9,1
"28715","201301TW60478",2,9,0,9,0,8,0,0,0,0,1,1,6,2,-1,1386,1,5,9,1
"28716","201301TW60479",1,1,0,4,0,8,1,0,0,0,0,1,6,1,10,-1,-1,-1,8,1
"28717","201301TW60484",1,9,0,17,0,8,0,0,0,0,1,1,6,1,-1,1796,1,9,-1,-1
"287182","201301TW60485",1,9,0,16,0,8,0,0,0,0,3,1,6,2,11,1229,1,6,7,1
"287192","201301TW60485",2,9,0,18,0,8,0,0,0,0,4,1,6,1,-1,-1,-1,-1,-1,-1
"28720","201301TW60504",1,9,0,18,0,8,0,0,0,0,1,1,6,1,6,2254,1,12,6,1
"28721","201301TW60504",2,1,0,18,0,8,0,0,0,0,1,1,6,1,6,-1,-1,-1,5,1
"28722","201301TW69030",1,9,0,18,0,2,0,0,0,0,3,1,6,2,-1,-1,-1,-1,-1,-1
"28723","201301TW69102",1,9,0,3,0,8,0,0,0,0,2,1,6,1,8,2993,2,6,9,1
"28724","201301TW69102",2,9,0,18,0,8,0,0,0,0,1,1,6,2,-1,1896,2,10,-1,-1
"287771","201301TX20033",1,9,0,5,0,1,0,0,0,0,4,1,2,2,-1,1598,2,3,-1,-1
"287971","201301TX20046",1,9,0,4,0,1,0,0,0,0,2,1,6,1,6,1349,1,9,4,1
"287981","201301TX20046",2,9,0,18,0,1,0,0,0,0,1,1,6,2,6,1390,1,6,7,1
"29529","201301TX20499",1,1,0,17,0,8,0,0,0,0,1,1,6,2,6,-1,-1,-1,9,1
"29530","201301TX20499",2,9,0,9,0,8,0,0,0,0,3,1,6,2,-1,1296,1,5,-1,-1
"29708","201301TX20598",1,9,0,3,0,1,0,0,0,0,2,1,6,1,9,1390,1,2,4,1
"29709","201301TX20598",2,19,0,3,0,1,0,0,0,0,2,1,1,1,6,1753,2,1,-1,-1
"29710","201301TX20598",3,19,0,18,0,1,0,0,0,0,1,1,1,1,8,1968,2,3,5,1
"297111","201301TX20598",4,19,0,3,0,1,0,0,0,0,2,1,1,1,6,-1,-1,-1,6,1
"297181","201301TX20607",1,9,0,18,0,8,5,10,1,2,4,1,6,2,4,1198,1,11,8,1
"297191","201301TX20607",2,9,0,2,0,8,0,0,0,0,4,1,6,1,7,1560,2,6,7,1
"297202","201301TX20607",3,9,0,2,0,8,0,0,0,0,4,1,6,2,-1,1975,1,7,-1,-1
"313391","201301VW40295",1,9,0,2,4,0,0,0,0,0,2,1,6,1,7,1997,2,6,5,1
"313401","201301VW40295",2,1,0,18,4,0,0,0,0,0,1,1,6,1,6,-1,-1,-1,4,1
"314131","201301VW40341",1,11,0,7,0,8,0,0,0,0,0,1,1,1,6,6700,2,5,2,1
"318801","201301WW50134",1,9,0,9,0,8,0,0,0,0,3,1,2,1,6,-1,-1,-1,3,1
"318811","201301WW50134",2,5,0,15,0,8,0,0,0,0,1,1,2,1,4,600,1,6,2,1
"31965","201301WW50188",1,9,0,4,0,1,0,0,0,0,1,1,6,2,11,1299,1,12,7,1