"","Acc_Index","Vehicle_Reference","Vehicle_Type","Towing_and_Articulation","Vehicle_Manoeuvre","Vehicle_Location.Restricted_Lane","Junction_Location","Skidding_and_Overturning","Hit_Object_in_Carriageway","Vehicle_Leaving_Carriageway","Hit_Object_off_Carriageway","X1st_Point_of_Impact","Was_Vehicle_Left_Hand_Drive","Journey_Purpose_of_Driver","Sex_of_Driver","Age_Band_of_Driver","Engine_Capacity_.CC.","Propulsion_Code","Age_of_Vehicle","Driver_IMD_Decile","Driver_Home_Area_Type"
"31966","201301WW50188",2,1,0,4,0,8,0,0,0,0,2,1,6,2,7,-1,-1,-1,6,1
"32196","201301WW50328",1,9,0,18,0,1,0,0,0,0,1,1,2,1,7,4966,1,8,6,1
"32197","201301WW50328",2,9,0,4,0,1,0,0,0,0,2,1,6,1,8,1388,1,10,1,1
"32245","201301WW50353",1,1,0,18,0,8,0,0,0,0,1,1,6,1,7,-1,-1,-1,9,1
"32249","201301WW50356",1,9,0,9,0,8,0,0,0,0,1,1,6,1,8,1598,1,13,2,1
"32250","201301WW50356",2,1,0,18,0,8,0,0,0,0,4,1,6,1,6,-1,-1,-1,3,1
"32259","201301WW50361",1,9,0,7,0,8,0,0,0,0,2,1,6,1,7,1124,1,14,7,1
"32260","201301WW50361",2,1,0,18,0,8,0,0,0,0,1,1,6,1,6,-1,-1,-1,6,1
"32271","201301WW50367",1,1,0,17,0,8,0,0,0,0,1,1,6,2,5,-1,-1,-1,5,1
"32272","201301WW50367",2,9,0,7,0,8,0,0,0,0,4,1,6,1,9,1686,2,1,-1,-1
"32397","201301WW50440",1,9,0,6,0,0,0,0,0,0,3,1,6,1,7,1984,1,11,2,1
"32398","201301WW50440",2,5,0,18,0,0,0,0,0,0,1,1,6,1,7,999,1,3,-1,-1
"32574","201301WW50545",1,9,0,9,0,8,0,0,0,0,4,1,6,2,11,1242,1,14,5,1
"32575","201301WW50545",2,1,0,18,4,8,0,0,0,0,1,1,6,1,7,-1,-1,-1,8,1
"32590","201301WW50555",1,9,0,9,0,8,0,0,0,0,4,1,1,1,7,1997,2,4,6,1
"32591","201301WW50555",2,1,0,18,4,8,0,0,0,0,1,1,6,1,5,-1,-1,-1,3,1
"32598","201301WW50559",1,9,0,9,0,8,0,0,0,0,1,1,6,1,9,1998,2,6,8,1
"32599","201301WW50559",2,3,0,18,0,8,0,0,0,0,1,1,6,1,-1,108,1,5,7,1
"32714","201301WW50629",1,9,0,14,0,0,0,0,0,0,3,1,1,2,7,1396,1,4,-1,-1
"32715","201301WW50629",2,2,0,13,0,0,0,0,1,1,4,1,2,1,7,124,1,12,8,1
"32726","201301WW50636",1,8,0,18,0,8,0,0,0,0,1,1,1,1,6,993,1,13,5,1
"32727","201301WW50636",2,8,0,9,0,8,0,0,0,0,1,1,1,1,6,1797,8,4,6,1
"32820","201301WW50689",1,20,0,7,0,8,0,0,0,0,1,1,1,1,7,-1,2,10,3,1
"32821","201301WW50689",2,1,0,14,0,8,0,0,0,0,1,1,6,1,8,-1,-1,-1,3,1
"32895","201301WW50732",1,1,0,9,0,2,0,0,0,0,1,1,6,1,7,-1,-1,-1,4,1
"32896","201301WW50732",2,19,0,9,0,2,0,0,0,0,2,1,1,1,8,-1,-1,-1,8,1
"32947","201301WW50763",1,3,0,18,0,0,0,0,0,0,3,1,2,2,7,125,1,-1,4,1
"32948","201301WW50763",2,9,0,7,0,0,0,0,0,0,1,1,2,1,5,1598,1,2,5,1
"33032","201301WW50817",1,9,0,9,0,8,0,0,0,0,1,1,6,1,-1,1968,2,7,3,1
"33033","201301WW50817",2,1,0,15,0,8,0,0,0,0,1,1,6,1,7,-1,-1,-1,9,1
"33038","201301WW50820",1,9,0,18,0,8,0,0,0,0,3,1,6,2,4,1242,1,1,3,1
"33039","201301WW50820",2,9,0,9,0,8,0,0,0,0,1,1,4,2,-1,-1,-1,-1,-1,-1
"33070","201301WW50839",1,5,0,7,0,8,2,0,0,0,1,1,1,1,4,599,1,14,7,1
"33071","201301WW50839",2,3,0,18,0,8,0,0,0,0,1,1,1,1,6,124,1,5,9,1
"33072","201301WW50839",3,9,0,18,0,8,0,0,0,0,1,1,1,1,7,1896,2,15,8,3
"33082","201301WW50844",1,1,0,18,0,2,0,0,0,0,1,1,6,2,7,-1,-1,-1,4,1
"33200","201301WW50919",1,9,0,9,0,8,0,0,0,0,1,1,6,2,6,1598,1,5,2,1
"33201","201301WW50919",2,3,0,18,0,8,0,0,0,0,1,1,6,1,6,125,1,7,8,1
"33230","201301WW50940",1,9,0,18,0,1,0,0,0,0,1,1,6,1,9,1360,1,10,7,1
"33231","201301WW50940",2,9,0,3,0,8,0,0,0,0,2,1,6,1,7,-1,-1,-1,2,1
"33232","201301WW50940",3,9,0,3,0,8,0,0,0,0,2,1,6,1,8,1968,2,-1,-1,-1
"33233","201301WW50942",1,9,0,18,0,8,0,10,3,2,1,1,6,1,5,-1,-1,-1,7,1
"38684","201301ZD30001",1,9,0,7,0,8,0,0,0,0,1,1,6,2,6,1248,2,1,-1,-1
"38685","201301ZD30001",2,9,0,18,0,8,0,0,0,0,1,1,6,1,8,1198,1,8,4,1
"38686","201301ZD30002",1,1,0,18,0,8,0,0,0,0,1,1,6,1,7,-1,-1,-1,3,1
"38687","201301ZD30002",2,9,0,7,0,8,0,0,0,0,4,1,6,3,-1,-1,-1,-1,-1,-1
"38688","201301ZD30003",1,9,0,18,0,0,0,10,1,2,1,1,6,1,9,1900,2,8,6,1
"38689","201301ZD30007",1,9,0,9,0,8,0,0,0,0,0,1,6,2,4,1968,2,5,4,3
"38690","201301ZD30007",2,4,0,18,0,8,0,0,0,0,3,1,6,1,8,234,1,18,8,1
"38691","201301ZD30008",1,8,0,2,0,0,0,0,0,0,1,1,6,1,7,2499,2,6,7,1
"38692","201301ZD30008",2,9,0,18,0,0,0,0,0,0,1,1,6,1,-1,2979,1,10,-1,-1
"38693","201301ZD30010",1,19,0,18,0,8,0,0,0,0,1,1,6,1,5,2500,2,6,2,1
"38694","201301ZD30010",2,9,0,9,0,8,0,0,0,0,4,1,6,2,10,1798,1,6,8,1
"38695","201301ZD30011",1,9,0,3,0,1,0,0,0,0,2,1,6,1,7,-1,-1,-1,4,1
"38696","201301ZD30011",2,9,0,3,0,1,0,0,0,0,2,1,6,1,6,-1,-1,-1,3,1
"38697","201301ZD30011",3,9,0,18,0,1,0,0,0,0,1,1,6,1,5,2179,2,1,9,1
"38698","201301ZD30012",1,9,0,18,0,1,0,0,0,0,3,1,6,2,6,1362,1,1,9,1
"38699","201301ZD30012",2,9,0,18,0,2,0,0,0,0,3,1,6,1,11,1348,1,13,4,1
"38700","201301ZD30013",1,9,0,18,0,0,0,4,1,4,4,1,6,1,7,1995,2,3,8,1
"38701","201301ZD30013",2,9,0,2,0,0,0,0,0,0,3,1,6,2,8,1991,2,8,9,1
"38702","201301ZD30015",1,19,0,16,0,8,0,0,0,0,4,1,6,1,-1,1896,2,6,9,1
"38703","201301ZD30015",2,1,0,16,0,8,0,0,0,0,3,1,6,1,6,-1,-1,-1,-1,-1
"38704","201301ZD30016",1,9,0,18,0,8,0,0,0,0,2,1,6,2,-1,-1,-1,-1,-1,-1
"38705","201301ZD30016",2,19,0,2,0,8,0,0,0,0,2,1,6,3,-1,-1,-1,-1,-1,-1
"38706","201301ZD30021",1,11,0,5,0,8,0,0,0,0,0,1,6,1,8,3900,2,7,2,1
"38707","201301ZD30024",1,9,0,9,0,8,0,0,0,0,1,1,6,1,6,-1,-1,-1,4,1
"38708","201301ZD30024",2,5,0,18,0,8,0,0,0,0,1,1,6,1,8,-1,-1,-1,8,1
"38709","201301ZD30025",1,9,0,2,0,0,0,0,0,0,4,1,6,2,6,1595,1,9,2,1
"38710","201301ZD30025",2,9,0,18,0,0,0,4,0,0,4,1,6,3,-1,1598,1,5,-1,-1
"38711","201301ZD30026",1,9,0,16,0,0,0,0,0,0,3,1,6,1,8,1794,1,8,3,1
"38712","201301ZD30026",2,19,0,17,0,0,0,0,0,0,3,1,6,1,-1,1868,2,15,5,1
"38713","201301ZD30028",1,9,0,18,0,1,0,0,0,0,1,1,6,1,11,1595,1,5,3,1
"38714","201301ZD30028",2,9,0,2,0,1,0,0,0,0,2,1,6,3,-1,1560,2,8,-1,-1
"38715","201301ZD30030",1,9,0,18,0,0,0,0,0,0,1,1,6,2,7,1364,1,4,2,1
"38716","201301ZD30031",1,9,0,18,0,0,0,0,0,0,1,1,6,1,6,1596,1,11,2,1
"38717","201301ZD30032",1,9,0,18,0,1,0,0,0,0,4,1,6,2,6,1149,1,8,3,1
"38718","201301ZD30032",2,9,0,2,0,1,0,0,0,0,3,1,6,3,-1,2793,1,15,-1,-1
"38719","201301ZD30033",1,9,0,10,0,8,0,0,0,0,2,1,6,1,6,1998,1,8,3,1
"38720","201301ZD30033",2,9,0,18,0,8,0,0,0,0,1,1,6,1,-1,1599,1,10,-1,-1
"38721","201301ZD30034",1,9,0,9,0,8,0,0,0,0,1,1,6,1,9,1150,1,6,6,1
"38722","201301ZD30034",2,21,0,18,0,8,0,0,0,0,1,1,1,1,7,10837,2,3,-1,-1
"38723","201301ZD30035",1,11,0,3,0,0,0,0,0,0,0,1,1,1,7,7300,2,11,5,1
"38724","201301ZD30037",1,9,0,9,0,0,0,0,0,0,1,1,6,1,8,-1,-1,-1,3,1
"38725","201301ZD30037",2,9,0,18,0,0,0,0,0,0,1,1,6,1,4,1199,1,12,4,1
"38726","201301ZD30037",3,9,0,18,0,0,0,0,0,0,1,1,6,1,6,1896,2,8,5,1
"38727","201301ZD30037",4,19,0,2,0,0,0,0,0,0,3,1,6,1,-1,-1,-1,-1,8,1
"38728","201301ZD30038",1,11,0,5,0,8,0,0,0,0,0,1,6,1,8,6700,2,3,5,1
"38729","201301ZD30039",1,9,0,9,0,8,0,0,0,0,3,1,6,1,6,1999,1,10,3,1
"38730","201301ZD30039",2,3,0,18,0,8,0,0,0,0,1,1,6,1,-1,107,1,-1,3,1
"38731","201301ZD30040",1,11,0,18,0,8,0,0,0,0,1,1,6,1,8,-1,-1,-1,2,1
"38732","201301ZD30041",1,9,0,18,0,8,0,0,0,0,1,1,6,1,-1,-1,-1,-1,-1,-1
"38733","201301ZD30042",1,9,0,18,0,0,0,0,0,0,1,1,6,1,8,1590,1,14,2,1
"38734","201301ZD30043",1,9,0,18,0,8,0,0,0,0,1,1,6,1,-1,1896,2,11,9,1
"38735","201301ZD30043",2,9,0,4,0,8,0,0,0,0,2,1,6,1,5,1390,1,9,3,1
"38736","201301ZD30044",1,9,0,9,0,8,0,0,0,0,3,1,6,1,10,-1,-1,-1,1,1
"38737","201301ZD30044",2,5,0,18,0,8,0,0,0,0,1,1,6,1,6,-1,-1,-1,2,1
"38738","201301ZD30045",1,9,0,1,0,8,0,0,0,0,2,1,6,1,4,-1,-1,-1,8,1
"38739","201301ZD30045",2,3,0,18,0,8,0,0,0,0,1,1,6,1,4,-1,-1,-1,6,1
"38740","201301ZD30046",1,9,0,18,0,8,0,0,0,0,1,1,6,2,7,998,1,5,6,2
"38741","201301ZD30046",2,9,0,18,0,8,0,0,0,0,1,1,6,1,-1,1796,1,13,-1,-1
"38742","201301ZD30047",1,9,0,18,0,8,0,0,0,0,4,1,6,1,8,1896,2,15,9,1
"38743","201301ZD30047",2,9,0,9,0,8,0,0,0,0,1,1,6,2,8,1296,1,6,4,1
"38744","201301ZD30048",1,3,0,18,0,0,0,0,0,0,1,1,6,1,5,124,1,11,5,1
"38745","201301ZD30049",1,9,0,1,0,8,0,0,0,0,2,1,6,1,11,-1,-1,-1,3,1
"38746","201301ZD30050",1,19,0,18,0,8,0,0,0,0,4,1,6,1,4,2402,2,2,2,1
"38747","201301ZD30052",1,9,0,18,0,8,0,0,0,0,1,1,6,1,-1,-1,-1,-1,-1,-1
"38748","201301ZD30053",1,3,0,18,0,8,0,0,0,0,1,1,6,1,7,125,1,6,3,1
"38749","201301ZD30053",2,9,0,9,0,8,0,0,0,0,3,1,6,2,6,998,1,8,5,1
"38750","201301ZD30055",1,9,0,9,0,8,0,0,0,0,4,1,6,1,5,1498,1,13,4,1
"38751","201301ZD30055",2,3,0,18,0,8,0,0,0,0,1,1,6,1,4,124,1,1,9,1
"38752","201301ZD30056",1,3,0,4,0,3,0,0,0,0,1,1,6,1,4,-1,-1,-1,-1,-1
"38753","201301ZD30056",2,9,0,4,0,8,0,0,0,0,2,1,6,1,5,-1,-1,-1,6,1
"38754","201301ZD30057",1,9,0,18,0,8,0,0,0,0,1,1,6,1,6,1995,2,11,4,1
"38755","201301ZD30057",2,90,0,14,0,8,0,0,0,0,2,1,6,1,-1,-1,-1,-1,-1,-1
"38756","201301ZD30058",1,9,0,18,0,8,0,0,0,0,3,1,6,2,8,1390,1,5,10,1
"38757","201301ZD30058",2,9,0,18,0,8,0,0,0,0,1,1,6,1,8,1390,1,14,3,1
"38758","201301ZD30059",1,19,0,18,0,8,0,0,0,0,4,1,6,1,5,1248,2,2,3,1
"38759","201301ZD30060",1,19,0,18,0,8,0,0,0,0,1,1,6,1,6,-1,-1,-1,6,1
"38760","201301ZD30060",2,19,0,7,0,8,0,0,0,0,1,1,6,1,6,1896,2,4,6,1
"38761","201301ZD30061",1,9,0,18,0,8,0,0,0,0,1,1,6,1,5,1796,1,8,2,1
"38762","201301ZD30062",1,11,0,18,0,8,1,0,0,0,4,1,1,1,9,3900,2,10,1,1
"38763","201301ZD30063",1,9,0,5,0,0,0,0,0,0,3,1,6,1,8,1762,1,14,-1,-1
"38764","201301ZD30063",2,9,0,16,0,0,0,0,0,0,3,1,6,3,-1,-1,-1,-1,-1,-1
"38765","201301ZD30065",1,9,0,18,0,8,0,0,0,0,4,1,6,1,6,-1,-1,-1,10,1
"38766","201301ZD30065",2,9,0,18,0,8,0,0,0,0,1,1,6,2,-1,-1,-1,-1,8,2
"38767","201301ZD30066",1,9,0,9,0,8,0,0,0,0,1,1,6,1,6,1598,1,3,4,1
"38768","201301ZD30066",2,1,0,18,0,8,0,0,0,0,1,1,6,1,6,-1,-1,-1,-1,-1
"38769","201301ZD30067",1,9,0,18,0,1,0,0,0,0,1,1,6,1,-1,1689,2,14,6,1
"38770","201301ZD30067",2,9,0,18,0,2,0,0,0,0,1,1,6,2,8,1596,1,21,2,1
"38771","201301ZD30068",1,11,0,4,0,1,0,0,0,0,0,1,1,1,8,9200,2,10,6,1
"38772","201301ZD30069",1,9,0,18,0,8,0,0,0,0,1,1,6,1,4,-1,-1,-1,9,1
"38773","201301ZD30069",2,9,0,18,0,8,0,0,0,0,3,1,6,1,6,-1,-1,-1,5,3
"38774","201301ZD30070",1,2,0,18,0,0,0,0,0,0,3,1,6,1,6,-1,-1,-1,6,1
"38775","201301ZD30070",2,9,0,15,0,0,0,0,0,0,4,1,6,1,-1,-1,-1,-1,-1,-1
"38777","201301ZD30072",1,9,0,5,0,2,0,0,0,0,3,1,6,1,-1,-1,-1,-1,-1,-1
"38778","201301ZD30072",2,1,0,18,0,2,0,0,0,0,4,1,6,1,6,-1,-1,-1,2,1
"38779","201301ZD30073",1,9,0,9,0,8,0,0,0,0,1,1,6,1,8,1796,1,9,2,1
"38780","201301ZD30073",2,3,0,18,0,8,0,0,0,0,1,1,6,1,-1,125,1,2,-1,-1
"38781","201301ZD30075",1,9,0,18,0,8,0,0,0,0,1,1,6,2,6,1800,1,13,9,1
"38782","201301ZD30076",1,1,0,18,0,8,0,0,0,0,1,1,6,1,6,-1,-1,-1,5,1
"38783","201301ZD30076",2,9,0,9,0,8,0,0,0,0,3,1,6,3,-1,1796,1,9,-1,-1
"38784","201301ZD30078",1,3,0,4,0,1,0,0,0,0,1,1,6,1,5,49,1,5,4,1
"38785","201301ZD30079",1,9,0,18,0,8,0,0,0,0,4,1,6,1,5,973,1,10,6,1
"38786","201301ZD30079",2,19,0,9,0,8,0,0,0,0,1,1,6,1,7,-1,-1,-1,3,1
"38787","201301ZD30080",1,9,0,4,0,0,0,0,0,0,2,1,6,2,10,-1,-1,-1,8,1
"38788","201301ZD30080",2,9,0,18,0,0,0,0,0,0,1,1,6,2,4,1360,1,7,4,1
"38789","201301ZD30081",1,3,0,3,0,8,0,0,0,0,2,1,1,1,7,124,1,4,1,1
"38790","201301ZD30081",2,9,0,3,0,8,0,0,0,0,2,1,6,1,7,1364,1,5,2,1
"38791","201301ZD30081",3,9,0,4,0,8,0,0,0,0,1,1,6,2,5,1596,1,7,5,1
"38792","201301ZD30083",1,9,0,18,0,0,0,0,0,0,1,1,6,1,6,1388,1,5,3,1
"38793","201301ZD30083",2,9,0,2,0,0,0,0,0,0,3,1,6,2,8,1242,1,2,-1,-1
"38794","201301ZD30083",3,9,0,2,0,0,0,0,0,0,4,1,6,1,-1,1999,1,11,-1,-1
"38795","201301ZD30085",1,11,0,18,0,1,0,0,0,0,1,1,1,1,8,4500,2,4,10,1
"38796","201301ZD30086",1,9,0,18,0,8,0,0,0,0,4,1,6,1,7,1596,1,2,1,1
"38797","201301ZD30086",2,9,0,2,0,8,0,0,0,0,3,1,6,1,-1,1598,1,11,-1,-1
"38798","201301ZD30087",1,9,0,18,0,0,0,0,0,0,4,1,6,1,-1,-1,-1,-1,-1,-1
"38799","201301ZD30088",1,19,0,16,0,8,0,0,0,0,1,1,6,1,6,-1,-1,-1,-1,-1
"38800","201301ZD30090",1,9,0,6,0,0,0,0,0,0,3,1,6,1,10,1984,1,12,-1,-1
"38801","201301ZD30090",2,5,0,14,0,0,0,0,0,0,1,1,6,1,7,-1,-1,-1,10,1
"38802","201301ZD30092",1,9,0,5,0,1,0,0,0,0,4,1,6,2,8,1389,1,17,-1,-1
"38803","201301ZD30093",1,9,0,16,0,8,0,10,7,2,1,1,6,1,-1,1587,1,13,-1,-1
"38804","201301ZD30094",1,19,0,18,0,8,0,0,0,0,1,1,6,1,4,1998,2,10,7,1
"38805","201301ZD30094",2,9,0,9,0,8,0,0,0,0,3,1,6,2,8,1399,1,4,3,1
"38806","201301ZD30095",1,9,0,9,0,8,0,0,0,0,3,1,6,2,9,1596,1,4,5,1
"38807","201301ZD30095",2,3,0,18,0,8,0,0,0,0,1,1,6,1,5,124,1,10,3,1
"38808","201301ZD30096",1,9,0,18,0,8,0,0,0,0,3,1,6,1,7,2000,1,8,9,1
"38809","201301ZD30096",2,9,0,9,0,8,0,0,0,0,1,1,6,1,7,-1,-1,-1,10,1
"38810","201301ZD30097",1,9,0,9,0,8,0,0,0,0,4,1,6,2,8,1275,1,19,9,1
"38811","201301ZD30097",2,3,0,18,0,8,0,0,0,0,1,1,6,1,4,49,1,1,9,1
"38812","201301ZD30098",1,3,0,9,0,8,0,0,0,0,4,1,6,1,4,-1,-1,-1,9,1
"38813","201301ZD30098",2,9,0,18,0,8,0,0,0,0,1,1,6,2,7,1598,1,12,4,1
"38814","201301ZD30100",1,9,0,7,0,8,0,0,0,0,4,1,6,2,6,1587,1,9,5,1
"38815","201301ZD30101",1,9,0,3,0,0,0,0,0,0,2,1,6,1,7,796,1,4,3,1
"38816","201301ZD30101",2,9,0,3,0,0,0,0,0,0,2,1,6,2,6,1596,1,12,2,1
"38817","201301ZD30101",3,9,0,3,0,0,0,0,0,0,2,1,6,1,-1,2494,1,13,3,1
"38818","201301ZD30101",4,9,0,18,0,0,1,0,0,0,4,1,6,1,9,1390,1,7,4,1
"38819","201301ZD30102",1,9,0,18,0,0,0,0,0,0,1,1,6,2,5,1389,1,10,3,1
"38820","201301ZD30104",1,9,0,3,0,8,0,0,0,0,2,1,6,1,8,2987,2,5,8,1
"38821","201301ZD30104",2,9,0,18,0,8,0,0,0,0,1,1,6,2,6,1995,2,1,7,1
"38822","201301ZD30105",1,9,0,4,0,1,0,0,0,0,2,1,6,2,9,1242,1,14,-1,-1
"38823","201301ZD30105",2,9,0,4,0,1,0,0,0,0,1,1,6,2,6,1995,1,12,2,1
"38824","201301ZD30106",1,9,0,3,0,2,0,0,0,0,2,1,6,1,6,-1,-1,-1,4,1
"38825","201301ZD30106",2,9,0,18,0,2,0,0,0,0,1,1,6,3,-1,1396,1,1,-1,-1
"38826","201301ZD30107",1,9,0,18,0,2,0,0,0,0,1,1,6,1,8,1769,1,10,6,1
"38827","201301ZD30107",2,9,0,18,0,1,0,0,0,0,1,1,6,1,7,1896,2,8,5,1
"38828","201301ZD30108",1,9,0,8,0,8,0,0,0,0,2,1,6,2,6,1596,1,8,3,1
"38829","201301ZD30108",2,9,0,18,0,8,0,0,0,0,1,1,6,3,-1,-1,-1,-1,-1,-1
"38830","201301ZD30109",1,3,0,4,0,8,0,0,0,0,2,1,6,1,7,660,1,6,3,1
"38831","201301ZD30109",2,9,0,7,0,8,0,0,0,0,1,1,6,1,7,998,1,1,5,1
"38832","201301ZD30110",1,9,0,7,0,8,0,0,0,0,4,1,6,2,6,1299,1,9,7,1
"38833","201301ZD30110",2,3,0,15,0,8,0,0,0,0,1,1,6,1,5,125,1,9,6,1
"38834","201301ZD30114",1,11,0,7,0,8,0,0,0,0,1,1,1,1,10,9200,2,9,6,1
"38835","201301ZD30114",2,1,0,18,0,8,0,0,0,0,4,1,6,2,8,-1,-1,-1,7,1
"38836","201301ZD30115",1,11,0,18,0,8,0,0,0,0,0,1,1,1,8,9200,2,9,-1,-1
"38837","201301ZD30116",1,9,0,3,0,1,0,0,0,0,2,1,6,1,-1,1997,2,4,4,1
"38838","201301ZD30116",2,9,0,3,0,1,0,0,0,0,2,1,6,1,-1,-1,-1,-1,4,1
"38839","201301ZD30116",3,9,0,18,0,1,0,0,0,0,1,1,6,2,10,-1,-1,-1,7,1
"38840","201301ZD30117",1,9,0,9,0,8,0,0,0,0,3,1,6,1,7,1986,2,8,3,1
"38841","201301ZD30117",2,9,0,18,0,8,0,0,0,0,1,1,6,2,4,1199,1,9,10,1
"38842","201301ZD30118",1,9,0,18,0,2,0,0,0,0,1,1,6,1,11,1242,1,14,8,1
"38843","201301ZD30119",1,9,0,1,0,0,0,0,0,0,2,1,6,1,-1,1900,2,9,1,1
"38844","201301ZD30120",1,9,0,18,0,8,0,0,0,0,4,1,6,2,7,1598,1,12,4,1
"38845","201301ZD30120",2,9,0,7,0,8,0,0,0,0,1,1,6,3,-1,-1,-1,-1,-1,-1
"38846","201301ZD30121",1,9,0,9,0,8,0,0,0,0,4,1,6,1,10,1799,1,6,3,1
"38847","201301ZD30121",2,5,0,18,0,8,0,0,0,0,1,1,6,1,7,670,1,1,2,1
"38848","201301ZD30123",1,9,0,18,0,8,0,0,0,0,3,1,6,2,6,1388,1,6,10,3
"38849","201301ZD30124",1,19,0,9,0,8,0,0,0,0,3,1,6,1,7,2461,2,5,3,1
"38850","201301ZD30124",2,3,0,18,0,8,0,0,0,0,1,1,6,1,4,125,1,5,-1,-1
"38851","201301ZD30125",1,9,0,1,0,0,0,0,0,0,2,1,6,2,-1,-1,-1,-1,-1,-1
"38852","201301ZD30126",1,9,0,18,0,0,0,0,0,0,4,1,6,1,8,1390,1,12,6,1
"38853","201301ZD30126",2,9,0,5,0,0,0,0,0,0,3,1,6,3,-1,1984,1,5,-1,-1
"38854","201301ZD30127",1,9,0,7,0,8,0,0,0,0,4,1,6,2,9,1229,1,2,-1,-1
"38855","201301ZD30127",2,1,0,18,0,8,0,0,0,0,1,1,6,1,7,-1,-1,-1,4,1
"38856","201301ZD30128",1,9,0,3,0,1,0,0,0,0,2,1,6,1,7,1896,2,6,6,1
"38857","201301ZD30128",2,3,0,4,0,1,1,0,0,0,1,1,6,1,4,125,1,6,5,1
"38858","201301ZD30129",1,9,0,5,0,8,0,0,0,0,4,1,6,2,6,1998,2,11,2,1
"38859","201301ZD30129",2,9,0,18,0,8,0,0,0,0,1,1,6,1,-1,1995,2,9,-1,-1
"38860","201301ZD30130",1,9,0,18,0,1,0,0,0,0,4,1,6,2,8,1991,2,4,2,1
"38861","201301ZD30131",1,9,0,14,0,1,0,0,0,0,1,1,6,1,10,2922,1,10,3,1
"38862","201301ZD30133",1,8,0,5,0,0,0,0,0,0,4,1,1,3,-1,-1,-1,-1,-1,-1
"38863","201301ZD30134",1,9,0,18,0,0,0,0,0,0,1,1,6,1,5,1598,1,6,7,1
"38864","201301ZD30134",2,9,0,18,0,0,0,0,0,0,1,1,6,1,7,1998,1,11,2,1
"38865","201301ZD30135",1,9,0,9,0,8,0,0,0,0,4,1,6,1,5,1995,2,6,4,1
"38866","201301ZD30135",2,3,0,18,0,8,0,0,0,0,1,1,6,1,5,85,1,25,4,1
"38867","201301ZD30136",1,9,0,5,0,0,0,0,0,0,4,1,6,1,8,1956,2,2,5,1
"38868","201301ZD30136",2,4,0,15,0,0,0,0,0,0,3,1,6,1,6,125,1,1,5,1
"38869","201301ZD30137",1,9,0,18,0,8,0,0,0,0,1,1,6,2,5,1242,1,10,-1,-1
"38870","201301ZD30137",2,3,0,18,0,8,0,0,0,0,3,1,1,1,5,-1,-1,-1,4,1
"38871","201301ZD30138",1,9,0,1,0,2,0,0,0,0,2,1,6,1,8,1870,2,15,3,1
"38872","201301ZD30139",1,9,0,18,0,1,0,10,1,1,1,1,6,2,6,1061,1,7,10,1
"38873","201301ZD30140",1,9,0,18,0,1,0,0,0,0,4,1,6,3,-1,-1,-1,-1,-1,-1
"38874","201301ZD30141",1,9,0,13,0,0,0,0,0,0,4,1,6,2,7,2148,2,11,3,1
"38875","201301ZD30141",2,1,0,18,0,0,0,0,0,0,3,1,6,1,6,-1,-1,-1,6,1
"38876","201301ZD30142",1,11,0,5,2,0,0,0,0,0,0,1,1,1,7,7300,2,8,6,1
"38877","201301ZD30143",1,11,0,5,0,0,0,0,0,0,0,1,1,1,9,6700,2,3,-1,-1
"38878","201301ZD30144",1,11,0,3,0,1,0,0,0,0,0,1,1,2,7,3900,2,10,8,1
"38879","201301ZD30145",1,9,0,9,0,8,0,0,0,0,4,1,6,1,8,-1,-1,-1,3,1
"38880","201301ZD30145",2,2,0,18,0,8,0,0,0,0,1,1,6,1,5,49,1,2,2,1
"38881","201301ZD30146",1,11,0,5,0,8,0,0,0,0,1,1,6,1,7,9000,2,4,4,1
"38882","201301ZD30147",1,9,0,1,0,8,0,0,0,0,2,1,6,1,-1,1149,1,10,-1,-1
"38883","201301ZD30148",1,9,0,18,0,2,0,0,0,0,1,1,6,1,11,998,1,15,2,1
"38884","201301ZD30149",1,9,0,9,0,8,0,0,0,0,3,1,1,1,7,1596,1,12,10,2
"38885","201301ZD30149",2,2,0,13,0,8,0,0,0,0,4,1,1,1,5,124,1,9,6,1
"38886","201301ZD30150",1,9,0,5,0,0,0,0,0,0,1,1,6,2,5,1598,1,7,4,1
"38887","201301ZD30150",2,9,0,3,0,0,0,0,0,0,2,1,6,1,7,-1,-1,-1,5,1
"38888","201301ZD30151",1,9,0,18,0,8,0,0,0,0,1,1,6,2,7,-1,-1,-1,-1,-1
"38889","201301ZD30152",1,9,0,18,0,8,0,0,0,0,1,1,6,1,-1,1248,2,6,4,1
"38890","201301ZD30152",2,9,0,9,0,8,0,0,0,0,1,1,6,1,4,-1,-1,-1,-1,-1
"38891","201301ZD30154",1,9,0,18,0,0,0,0,0,0,1,1,6,3,-1,-1,-1,-1,-1,-1
"38892","201301ZD30155",1,9,0,3,0,8,0,0,0,0,2,1,6,2,7,1783,1,10,8,3
"38893","201301ZD30155",2,9,0,18,0,8,0,0,0,0,1,1,6,3,-1,-1,-1,-1,-1,-1
"38894","201301ZD30156",1,9,0,18,0,8,0,0,7,0,4,1,6,1,5,1242,1,16,3,1
"38895","201301ZD30156",2,9,0,18,0,8,0,0,1,0,1,1,6,1,7,1896,2,10,4,1
"38896","201301ZD30157",1,9,0,5,0,8,0,0,0,0,4,1,6,2,5,-1,-1,-1,5,1
"38897","201301ZD30157",2,9,0,18,0,8,0,0,0,0,1,1,6,1,-1,3799,1,2,5,1
"38898","201301ZD30158",1,18,0,18,1,1,0,0,0,0,1,1,1,1,9,-1,-1,-1,8,1
"38899","201301ZD30158",2,4,0,18,1,8,0,0,0,0,1,1,6,1,8,1127,1,22,3,1