"","Acc_Index","Vehicle_Reference","Vehicle_Type","Towing_and_Articulation","Vehicle_Manoeuvre","Vehicle_Location.Restricted_Lane","Junction_Location","Skidding_and_Overturning","Hit_Object_in_Carriageway","Vehicle_Leaving_Carriageway","Hit_Object_off_Carriageway","X1st_Point_of_Impact","Was_Vehicle_Left_Hand_Drive","Journey_Purpose_of_Driver","Sex_of_Driver","Age_Band_of_Driver","Engine_Capacity_.CC.","Propulsion_Code","Age_of_Vehicle","Driver_IMD_Decile","Driver_Home_Area_Type"
"38900","201301ZD30159",1,9,0,9,0,8,0,0,0,0,3,1,6,1,6,1598,1,10,7,1
"38901","201301ZD30159",2,5,0,13,0,8,0,0,0,0,4,1,6,2,7,883,1,6,8,1
"38902","201301ZD30161",1,8,0,2,0,1,0,0,0,0,3,1,1,1,8,-1,-1,-1,7,1
"38903","201301ZD30161",2,1,0,14,0,1,0,0,0,0,1,1,6,1,7,-1,-1,-1,5,1
"38904","201301ZD30162",1,9,0,18,0,2,0,7,0,0,1,1,6,1,4,1242,1,13,5,1
"38905","201301ZD30163",1,9,0,18,0,1,0,0,0,0,1,1,6,2,6,1995,1,7,-1,-1
"38906","201301ZD30164",1,9,0,18,0,0,0,0,0,0,3,1,6,1,10,-1,-1,-1,10,1
"38907","201301ZD30165",1,9,0,6,0,0,0,0,0,0,3,1,6,1,7,1794,1,12,4,1
"38908","201301ZD30165",2,5,0,18,0,0,0,0,0,0,1,1,6,1,7,660,1,7,7,1
"38909","201301ZD30166",1,9,0,18,0,1,0,0,0,0,1,1,6,2,11,1339,1,3,6,1
"38910","201301ZD30166",2,19,0,3,0,1,0,0,0,0,2,1,1,1,6,2461,2,3,8,1
"38911","201301ZD30166",3,19,0,3,0,1,0,0,0,0,2,1,1,1,8,1896,2,7,5,1
"38912","201301ZD30167",1,9,0,18,0,0,0,4,7,1,1,1,6,1,11,1275,1,15,3,1
"38913","201301ZD30167",2,2,0,2,0,0,0,0,0,0,2,1,6,1,-1,-1,-1,-1,3,1
"38914","201301ZD30167",3,9,0,2,0,0,0,0,0,0,2,1,6,3,-1,-1,-1,-1,-1,-1
"38915","201301ZD30167",4,9,0,2,0,0,0,0,0,0,2,1,6,3,-1,-1,-1,-1,-1,-1
"38916","201301ZD30167",5,9,0,2,0,0,0,0,0,0,2,1,6,3,-1,-1,-1,-1,-1,-1
"38917","201301ZD30168",1,9,0,18,0,1,0,7,0,0,1,1,2,2,9,1896,2,8,1,1
"38918","201301ZD30169",1,9,0,1,0,8,0,0,0,0,3,1,6,3,-1,1968,2,7,-1,-1
"38919","201301ZD30170",1,9,0,18,0,8,0,0,0,0,4,1,6,2,7,1997,1,6,3,1
"38920","201301ZD30171",1,11,0,18,0,8,0,0,0,0,0,1,1,1,6,9000,2,4,2,1
"38921","201301ZD30172",1,9,0,18,0,8,0,0,0,0,1,1,1,1,7,1794,1,11,10,1
"38922","201301ZD30172",2,4,0,9,0,8,0,0,0,0,4,1,6,1,-1,125,1,8,-1,-1
"38923","201301ZD30173",1,9,0,18,0,8,0,0,0,0,1,1,6,2,7,1596,1,11,-1,-1
"38924","201301ZD30173",2,9,0,18,0,8,0,0,0,0,4,1,6,1,8,-1,-1,-1,-1,-1
"38925","201301ZD30174",1,11,0,5,0,0,0,0,0,0,0,1,1,1,9,3900,2,10,-1,-1
"38926","201301ZD30175",1,9,0,4,0,8,0,0,0,0,2,1,6,1,9,998,1,2,3,1
"38927","201301ZD30175",2,9,0,18,0,8,0,0,0,0,1,1,6,2,8,1997,1,4,7,1
"38928","201301ZD30176",1,9,0,18,0,1,0,0,0,0,1,1,6,1,6,1769,1,11,3,1
"38929","201301ZD30177",1,9,0,4,0,1,0,0,0,0,2,1,6,2,9,2521,1,6,8,1
"38930","201301ZD30177",2,9,0,4,0,1,0,0,0,0,1,1,6,2,7,-1,-1,-1,6,1
"38931","201301ZD30178",1,9,0,9,0,8,0,0,0,0,3,1,6,1,6,998,1,18,4,1
"38932","201301ZD30178",2,9,0,18,0,8,0,0,0,0,1,1,6,1,7,1339,1,8,10,1
"38933","201301ZD30179",1,9,0,9,0,8,0,0,0,0,1,1,6,2,7,1984,1,7,7,1
"38934","201301ZD30179",2,3,0,18,0,8,0,0,0,0,4,1,6,1,7,124,1,6,2,1
"38936","201301ZD30181",1,9,0,4,0,0,0,0,0,0,2,1,6,1,4,1390,1,17,2,1
"38937","201301ZD30181",2,3,0,18,0,0,0,0,0,0,1,1,6,1,4,124,1,12,2,1
"38938","201301ZD30182",1,11,0,7,0,8,0,0,0,0,0,1,1,1,8,6700,2,3,6,1
"38939","201301ZD30184",1,5,0,3,0,8,0,0,0,0,2,1,6,1,-1,-1,-1,-1,8,1
"38940","201301ZD30184",2,9,0,18,0,8,0,0,0,0,1,1,6,1,-1,2231,2,7,10,1
"38941","201301ZD30185",1,9,0,18,0,1,0,0,0,0,1,1,6,2,-1,-1,-1,-1,-1,-1
"38942","201301ZD30185",2,9,0,3,0,1,0,0,0,0,2,1,6,1,-1,1984,1,6,-1,-1
"38943","201301ZD30185",3,9,0,3,0,1,0,0,0,0,2,1,6,1,-1,1390,1,15,-1,-1
"38944","201301ZD30185",4,9,0,3,0,1,0,0,0,0,2,1,6,2,-1,1498,1,2,-1,-1
"38945","201301ZD30186",1,9,0,18,0,8,0,0,0,0,1,1,6,2,7,1596,1,11,2,1
"38946","201301ZD30186",2,9,0,9,0,8,0,0,0,0,4,1,6,2,-1,1970,1,10,9,1
"38948","201301ZD30189",1,9,0,18,0,8,0,0,0,0,3,1,6,2,6,1596,1,14,-1,-1
"38949","201301ZD30189",2,9,0,9,0,8,0,0,0,0,1,1,6,1,-1,-1,-1,-1,-1,-1
"38950","201301ZD30191",1,9,0,18,0,8,0,0,0,0,4,1,6,1,8,2143,2,-1,-1,-1
"38951","201301ZD30191",2,9,0,5,0,8,0,0,0,0,3,1,6,2,4,-1,-1,-1,5,1
"38952","201301ZD30192",1,9,0,18,0,2,0,0,0,0,1,1,6,1,9,-1,-1,-1,4,1
"38953","201301ZD30192",2,9,0,18,0,2,0,0,0,0,2,1,6,2,8,1896,2,7,-1,-1
"38954","201301ZD30193",1,9,0,18,0,8,0,0,0,0,1,1,6,1,8,1910,2,8,4,1
"38955","201301ZD30193",2,3,0,9,0,8,0,0,0,0,1,1,6,1,6,124,1,3,5,1
"38956","201301ZD30194",1,9,0,18,0,0,0,0,0,0,1,1,6,3,-1,-1,-1,-1,-1,-1
"38957","201301ZD30195",1,20,0,9,0,8,0,0,0,0,3,1,6,1,9,-1,-1,-1,4,1
"38958","201301ZD30195",2,3,0,13,0,8,0,0,0,0,4,1,6,1,5,125,1,6,3,1
"38959","201301ZD30197",1,9,0,9,0,8,0,0,0,0,1,1,6,2,6,1896,2,11,-1,-1
"38960","201301ZD30197",2,9,0,18,0,8,0,0,0,0,1,1,6,2,9,1796,1,10,4,1
"38961","201301ZD30199",1,9,0,9,0,0,0,0,0,0,3,1,6,3,-1,-1,-1,-1,-1,-1
"38962","201301ZD30199",2,9,0,13,0,0,0,0,0,0,1,1,6,1,5,1995,1,7,3,1
"38963","201301ZD30200",1,9,0,7,0,8,0,0,0,0,4,1,6,1,8,1596,1,1,6,1
"38964","201301ZD30200",2,9,0,18,0,8,0,0,0,0,1,1,6,1,8,1686,2,3,1,1
"38965","201301ZD30201",1,9,0,3,0,8,0,0,0,0,2,1,6,1,6,1242,1,1,5,1
"38966","201301ZD30201",2,19,0,18,0,8,0,0,0,0,1,1,1,1,-1,-1,-1,-1,-1,-1
"38967","201301ZD30202",1,9,0,4,0,8,0,0,0,0,2,1,6,1,6,1590,1,10,5,1
"38968","201301ZD30202",2,9,0,18,0,8,0,0,0,0,1,1,6,1,8,-1,-1,-1,8,1
"38969","201301ZD30204",1,9,0,18,0,1,0,0,0,0,1,1,6,2,-1,1229,1,1,-1,-1
"38970","201301ZD30205",1,9,0,18,0,8,0,0,0,0,4,1,6,1,10,1868,2,14,4,1
"38971","201301ZD30206",1,9,0,18,0,1,0,0,0,0,1,1,6,1,5,1598,1,12,3,1
"38972","201301ZD30206",2,9,0,18,0,2,0,0,0,0,1,1,6,1,8,-1,-1,-1,1,1
"38973","201301ZD30207",1,9,0,18,0,8,0,0,0,0,1,1,6,1,7,1995,2,8,3,1
"38974","201301ZD30207",2,9,0,9,0,8,0,0,0,0,3,1,6,2,-1,1600,1,13,-1,-1
"38975","201301ZD30208",1,9,0,9,0,8,0,0,0,0,4,1,6,1,5,-1,-1,-1,6,1
"38976","201301ZD30210",1,9,0,18,0,8,0,0,0,0,1,1,6,1,-1,-1,-1,-1,-1,-1
"38977","201301ZD30211",1,9,0,4,0,0,0,0,0,0,2,1,6,1,6,1299,1,12,7,1
"38978","201301ZD30211",2,9,0,18,0,0,0,0,0,0,1,1,6,2,-1,1242,1,13,-1,-1
"38979","201301ZD30212",1,9,0,9,0,8,0,0,0,0,1,1,6,2,6,1388,1,3,3,1
"38980","201301ZD30212",2,4,0,18,0,8,0,0,0,0,4,1,6,1,6,176,1,10,5,1
"38981","201301ZD30213",1,9,0,18,0,0,0,0,0,0,4,1,1,2,7,1984,1,11,9,1
"38982","201301ZD30214",1,2,0,13,0,8,0,0,0,0,4,1,6,1,6,-1,-1,-1,1,1
"38983","201301ZD30214",2,9,0,9,0,8,0,0,0,0,3,1,6,2,6,1997,2,4,8,1
"38984","201301ZD30215",1,9,0,18,0,0,0,0,0,0,1,1,6,1,6,1995,2,2,-1,-1
"38985","201301ZD30215",2,9,0,18,0,0,0,0,0,0,1,1,6,1,9,1686,2,10,2,1
"38986","201301ZD30216",1,9,0,3,0,8,0,0,0,0,2,1,6,2,-1,1598,1,3,-1,-1
"38987","201301ZD30216",2,9,0,18,0,8,0,0,0,0,1,1,6,3,-1,1198,1,10,-1,-1
"38988","201301ZD30218",1,9,0,18,0,8,0,0,0,0,1,1,6,2,6,1596,1,8,3,1
"38989","201301ZD30218",2,19,0,4,0,8,0,0,0,0,2,1,6,1,8,-1,-1,-1,6,1
"38990","201301ZD30219",1,9,0,4,0,8,0,0,0,0,2,1,6,1,-1,1896,2,3,-1,-1
"38991","201301ZD30219",2,9,0,18,0,8,0,0,0,0,1,1,6,1,6,1598,2,2,10,2
"38992","201301ZD30220",1,9,0,9,0,8,0,0,0,0,1,1,6,2,4,1149,1,10,2,1
"38993","201301ZD30220",2,9,0,18,0,8,0,0,0,0,4,1,6,1,-1,-1,-1,-1,7,1
"38994","201301ZD30221",1,5,0,18,0,8,0,0,0,0,1,1,6,1,10,781,1,13,8,1
"38995","201301ZD30221",2,9,0,7,0,8,0,0,0,0,3,1,6,2,7,1560,2,5,3,1
"38996","201301ZD30223",1,9,0,18,0,8,0,0,0,0,1,1,6,2,6,-1,-1,-1,8,1
"38997","201301ZD30223",2,9,0,9,0,8,0,0,0,0,1,1,6,1,8,998,1,20,-1,-1
"38998","201301ZD30224",1,9,0,1,0,8,0,0,0,0,1,1,6,1,7,2401,2,7,5,1
"38999","201301ZD30224",2,9,0,18,0,8,0,0,0,0,3,1,6,1,-1,1242,1,16,3,1
"39000","201301ZD30226",1,9,0,18,0,8,0,0,0,0,1,1,6,2,-1,-1,-1,-1,-1,-1
"39001","201301ZD30226",2,9,0,4,0,8,0,0,0,0,2,1,6,1,7,-1,-1,-1,5,1
"39002","201301ZD30227",1,9,0,9,0,8,0,0,0,0,4,1,6,2,7,2183,2,1,2,1
"39003","201301ZD30227",2,1,0,18,0,8,0,0,0,0,1,1,6,1,5,-1,-1,-1,-1,-1
"39004","201301ZD30228",1,9,0,18,0,8,0,0,0,0,1,1,6,1,4,1199,1,11,5,1
"39005","201301ZD30228",2,9,0,9,0,8,0,0,0,0,3,1,6,1,6,1797,8,2,-1,-1
"39006","201301ZD30230",1,9,0,18,0,0,0,10,1,2,1,1,6,2,4,1199,1,12,10,1
"39007","201301ZD30231",1,9,0,18,0,8,0,0,0,0,1,1,6,2,4,1242,1,9,-1,-1
"39008","201301ZD30231",2,9,0,7,0,8,0,0,0,0,1,1,6,2,5,1299,1,12,-1,-1
"39009","201301ZD30232",1,9,0,3,0,1,0,0,0,0,2,1,6,1,7,1598,1,8,7,1
"39010","201301ZD30232",2,9,0,18,0,1,0,0,0,0,1,1,6,2,-1,1400,1,8,-1,-1
"39011","201301ZD30233",1,9,0,18,0,0,0,10,1,4,3,1,6,1,6,-1,-1,-1,1,1
"39012","201301ZD30233",2,9,0,18,0,0,0,0,0,0,4,1,6,1,6,3189,1,7,1,1
"39013","201301ZD30234",1,9,0,18,0,8,0,0,0,0,1,1,6,1,-1,1598,1,10,4,1
"39014","201301ZD30234",2,9,0,9,0,8,0,0,0,0,1,1,6,2,-1,-1,-1,-1,6,3
"39015","201301ZD30236",1,9,0,18,0,8,0,0,0,0,1,1,6,2,4,1587,1,8,2,1
"39016","201301ZD30236",2,9,0,18,0,8,0,0,0,0,3,1,6,1,11,1998,1,13,2,1
"39017","201301ZD30237",1,9,0,2,0,0,0,0,0,0,3,1,6,1,7,3199,1,14,3,1
"39018","201301ZD30237",2,9,0,18,0,0,0,4,0,0,1,1,6,1,-1,-1,-1,-1,-1,-1
"39019","201301ZD30238",1,9,0,18,0,8,0,0,0,0,1,1,6,3,-1,1598,1,13,-1,-1
"39020","201301ZD30238",2,9,0,18,0,8,0,0,0,0,4,1,6,1,10,-1,-1,-1,5,1
"39021","201301ZD30238",3,9,0,2,0,8,0,0,0,0,1,1,6,1,-1,1596,1,11,-1,-1
"39022","201301ZD30239",1,9,0,5,0,8,0,0,0,0,3,1,6,1,-1,1296,1,4,9,1
"39023","201301ZD30239",2,90,0,18,0,8,0,0,0,0,1,1,6,1,-1,-1,-1,-1,-1,-1
"39024","201301ZD30240",1,9,0,18,0,8,0,0,0,0,1,1,6,1,6,-1,-1,-1,4,1
"39025","201301ZD30240",2,9,0,7,0,8,0,0,0,0,4,1,6,1,-1,1798,1,4,-1,-1
"39026","201301ZD30241",1,9,0,18,0,8,0,0,0,0,1,1,6,2,6,-1,-1,-1,5,1
"39027","201301ZD30242",1,9,0,9,0,8,0,0,0,0,1,1,6,2,5,1329,1,4,4,1
"39028","201301ZD30242",2,9,0,18,0,8,0,0,0,0,1,1,6,1,7,1560,2,9,2,1
"39029","201301ZD30243",1,1,0,18,0,8,0,0,0,0,4,1,6,1,-1,-1,-1,-1,4,1
"39030","201301ZD30243",2,9,0,18,0,8,0,0,0,0,1,1,6,1,-1,1397,1,6,-1,-1
"39031","201301ZD30245",1,4,0,18,0,8,0,0,0,0,3,1,6,1,6,1050,1,7,7,1
"39032","201301ZD30245",2,9,0,18,0,8,0,0,0,0,4,1,6,1,-1,-1,-1,-1,-1,-1
"39033","201301ZD30246",1,9,0,4,0,8,0,0,0,0,2,1,6,2,8,1149,1,10,-1,-1
"39034","201301ZD30246",2,9,0,18,0,8,0,0,0,0,1,1,6,1,-1,-1,-1,-1,-1,-1
"39035","201301ZD30247",1,2,0,18,0,8,0,10,1,10,3,1,6,1,-1,124,1,10,2,1
"39036","201301ZD30248",1,9,0,18,0,8,0,0,0,0,1,1,6,1,-1,1995,2,7,3,1
"39037","201301ZD30249",1,9,0,18,0,0,0,0,0,0,1,1,6,1,-1,1995,1,6,3,1
"39038","201301ZD30249",2,19,0,18,0,0,0,0,0,0,1,1,6,1,4,2198,2,4,6,1
"39039","201301ZD30250",1,19,0,1,0,8,0,0,0,0,2,1,6,1,8,2143,2,2,6,1
"39040","201301ZD30250",2,2,0,18,0,8,0,0,0,0,1,1,6,1,5,125,1,9,3,1
"39041","201301ZD30251",1,9,0,18,0,8,0,0,0,0,1,1,6,2,6,1598,1,11,-1,-1
"39042","201301ZD30251",2,9,0,18,0,8,0,0,0,0,1,1,6,1,-1,-1,-1,-1,10,1
"39043","201301ZD30253",1,9,0,18,0,8,0,0,0,0,1,1,6,2,-1,1360,1,4,4,1
"39044","201301ZD30253",2,9,0,9,0,8,0,0,0,0,4,1,6,2,4,1598,1,10,4,1
"39045","201301ZD30254",1,9,0,18,0,8,0,0,0,0,4,1,6,1,5,1360,1,12,9,1
"39046","201301ZD30255",1,9,0,6,0,0,0,0,0,0,3,1,6,1,8,3199,1,14,5,1
"39047","201301ZD30255",2,9,0,18,0,0,0,0,0,0,1,1,6,1,6,-1,-1,-1,7,1
"39048","201301ZD30256",1,9,0,7,0,8,0,0,0,0,2,1,6,2,6,1497,8,6,3,1
"39049","201301ZD30256",2,3,0,18,0,8,0,0,0,0,1,1,6,1,6,125,1,3,4,1
"39050","201301ZD30256",3,11,0,13,0,8,0,0,0,0,4,1,1,1,-1,-1,-1,-1,-1,-1
"39051","201301ZD30257",1,1,0,18,0,0,0,0,0,0,0,1,6,1,7,-1,-1,-1,6,1
"39052","201301ZD30257",2,9,0,6,0,0,0,0,0,0,0,1,6,2,-1,1598,1,9,8,1
"39053","201301ZD30259",1,9,0,18,0,8,0,0,0,0,1,1,6,1,7,1896,2,7,4,1
"39054","201301ZD30260",1,19,0,18,0,8,0,10,0,0,1,1,6,1,6,1998,2,8,3,1
"39055","201301ZD30260",2,9,0,18,0,8,0,0,0,0,1,1,6,1,6,-1,-1,-1,-1,-1
"39056","201301ZD30261",1,9,0,18,0,8,0,0,0,0,1,1,6,1,5,2171,1,11,4,1
"39057","201301ZD30261",2,9,0,18,0,8,0,0,0,0,1,1,6,2,8,1390,1,13,2,1
"39058","201301ZD30262",1,9,0,9,0,8,0,0,0,0,3,1,6,2,5,1199,1,14,8,1
"39059","201301ZD30262",2,19,0,18,0,8,0,0,0,0,1,1,6,3,-1,-1,-1,-1,-1,-1
"39060","201301ZD30264",1,9,0,18,0,8,0,0,0,0,1,1,6,1,6,1796,1,4,6,1
"39061","201301ZD30265",1,9,0,18,0,8,0,10,1,1,1,1,6,1,10,1587,1,16,-1,-1
"39062","201301ZD30266",1,9,0,18,0,8,0,0,0,0,1,1,6,2,11,1198,1,10,10,1
"39063","201301ZD30266",2,9,0,9,0,8,0,0,0,0,4,1,6,2,8,1598,1,9,8,1
"39064","201301ZD30267",1,9,0,18,0,1,0,0,0,0,4,1,6,2,6,1992,2,7,8,1
"39065","201301ZD30268",1,9,0,18,0,8,0,0,0,0,2,1,6,1,4,1229,1,5,5,1
"39066","201301ZD30268",2,2,0,18,0,8,0,0,0,0,1,1,6,1,4,-1,-1,-1,5,1
"39067","201301ZD30269",1,1,0,7,0,8,0,0,0,0,4,1,6,2,-1,-1,-1,-1,-1,-1
"39068","201301ZD30269",2,9,0,18,0,8,0,0,0,0,1,1,6,1,4,-1,-1,-1,6,1
"39069","201301ZD30270",1,9,0,9,0,8,0,0,0,0,4,1,6,1,5,1229,1,1,6,1
"39070","201301ZD30270",2,9,0,18,0,8,0,0,0,0,1,1,6,1,6,4163,1,10,6,1
"39071","201301ZD30271",1,9,0,18,0,1,0,0,0,0,3,1,6,1,7,1400,1,8,4,1
"39072","201301ZD30271",2,2,0,18,0,1,0,0,0,0,1,1,6,1,7,-1,-1,-1,4,1
"39073","201301ZD30272",1,9,0,9,0,8,0,0,0,0,1,1,6,2,5,1328,1,8,-1,-1
"39074","201301ZD30272",2,9,0,18,0,8,0,0,0,0,1,1,6,2,5,1390,1,13,5,1
"39075","201301ZD30273",1,9,0,17,0,8,0,0,0,0,3,1,6,1,8,2198,1,12,4,1
"39076","201301ZD30273",2,9,0,9,0,8,0,0,0,0,3,1,6,3,-1,1242,1,12,-1,-1
"39077","201301ZD30274",1,3,0,18,0,8,0,0,0,0,0,1,6,1,6,125,1,1,3,1
"39078","201301ZD30275",1,9,0,9,0,8,0,0,0,0,4,1,6,2,6,1364,2,4,4,1
"39079","201301ZD30275",2,3,0,18,0,8,0,0,0,0,1,1,6,1,6,123,1,1,-1,-1
"39080","201301ZD30276",1,9,0,13,0,8,0,0,0,0,1,1,6,1,5,1596,1,6,10,1
"39081","201301ZD30276",2,9,0,18,0,8,0,0,0,0,0,1,6,1,9,1598,2,1,-1,-1
"39082","201301ZD30277",1,9,0,3,0,8,0,0,0,0,2,1,6,1,8,1560,2,1,6,1
"39083","201301ZD30277",2,9,0,18,0,8,0,0,0,0,1,2,6,2,6,-1,-1,-1,8,1
"39084","201301ZD30278",1,3,0,18,0,8,0,0,0,0,1,1,6,1,4,998,1,-1,2,1
"39085","201301ZD30279",1,9,0,18,0,1,0,0,0,0,1,1,6,1,4,1299,1,18,5,1
"39086","201301ZD30280",1,9,0,18,0,8,0,0,0,0,1,1,6,2,7,998,1,16,3,1
"39087","201301ZD30280",2,9,0,9,0,8,0,0,0,0,4,1,6,2,7,1596,1,7,5,1
"39088","201301ZD30281",1,9,0,9,0,8,0,0,0,0,4,1,6,2,7,1242,1,6,3,1
"39089","201301ZD30281",2,1,0,18,0,8,0,0,0,0,1,1,6,1,5,-1,-1,-1,5,1
"39090","201301ZD30282",1,9,0,3,0,8,0,0,0,0,2,1,6,1,8,-1,-1,-1,3,1
"39091","201301ZD30282",2,9,0,3,0,8,0,0,0,0,2,1,6,1,6,1984,1,8,2,1
"39092","201301ZD30282",3,9,0,18,0,8,0,0,0,0,1,1,6,1,7,1995,1,12,4,1
"39093","201301ZD30283",1,2,0,18,0,8,0,0,0,0,1,1,6,1,4,124,1,13,5,1
"39094","201301ZD30284",1,9,0,9,0,8,0,0,0,0,3,1,6,2,7,2401,2,6,6,1
"39095","201301ZD30284",2,1,0,18,0,8,0,0,0,0,1,1,6,1,7,-1,-1,-1,8,1
"39096","201301ZD30287",1,9,0,14,0,0,0,0,0,0,1,1,6,1,7,1587,1,9,4,1
"39097","201301ZD30287",2,9,0,5,0,0,0,0,0,0,3,1,6,1,4,-1,-1,-1,2,1
"39098","201301ZD30288",1,11,0,18,0,1,0,0,0,0,0,1,1,1,8,4500,2,1,-1,-1
"39099","201301ZD30289",1,9,0,4,0,0,0,0,0,0,2,1,6,1,8,1329,1,-1,8,1
"39100","201301ZD30289",2,9,0,4,0,0,0,0,0,0,2,1,6,2,4,1388,1,1,2,1
"39101","201301ZD30289",3,9,0,4,0,0,0,0,0,0,1,1,6,1,7,1753,2,11,2,1
"39102","201301ZD30290",1,4,0,5,0,0,0,0,0,0,0,1,6,1,8,400,1,24,-1,-1
"39103","201301ZD30291",1,9,0,4,0,0,0,0,0,0,4,1,6,1,5,1598,2,1,2,1
"39104","201301ZD30292",1,9,0,18,0,2,0,0,0,0,1,1,6,3,-1,-1,-1,-1,-1,-1
"39105","201301ZD30293",1,9,0,18,0,8,0,10,1,2,1,1,6,1,4,1199,1,10,8,1
"39106","201301ZD30293",2,19,0,18,0,8,0,0,0,0,0,1,6,1,-1,2198,2,3,-1,-1
"39107","201301ZD30294",1,9,0,9,0,8,0,0,0,0,4,1,6,1,8,1598,1,5,7,1
"39108","201301ZD30294",2,3,0,18,0,1,0,0,0,0,1,1,6,1,5,125,1,9,3,1
"39109","201301ZD30295",1,9,0,18,0,8,0,0,0,0,4,1,6,2,6,1396,1,15,3,1
"39110","201301ZD30295",2,9,0,16,0,8,0,0,0,0,1,1,6,2,8,1595,1,10,10,1
"39111","201301ZD30296",1,1,0,18,0,8,0,0,0,0,1,1,6,2,7,-1,-1,-1,4,1
"39112","201301ZD30296",2,9,0,7,0,8,0,0,0,0,4,1,6,3,-1,-1,-1,-1,-1,-1
"39113","201301ZD30298",1,9,0,18,0,1,0,0,0,0,1,1,6,1,5,-1,-1,-1,4,1
"39114","201301ZD30298",2,9,0,3,0,1,0,0,0,0,2,1,6,1,8,1998,2,10,10,1
"39115","201301ZD30298",3,9,0,3,0,1,0,0,0,0,2,1,6,1,7,1998,1,14,5,1
"39116","201301ZD30298",4,9,0,3,0,1,0,0,0,0,2,1,6,2,8,-1,-1,-1,-1,-1
"39117","201301ZD30299",1,9,0,18,0,8,0,0,0,0,1,1,6,2,7,1198,1,10,-1,-1
"39118","201301ZD30300",1,9,0,18,0,1,5,4,0,0,1,1,6,1,7,1995,2,7,-1,-1
"39119","201301ZD30300",2,9,0,2,0,1,0,4,0,0,2,1,6,3,-1,1388,1,10,-1,-1
"39120","201301ZD30300",3,9,0,2,0,1,0,0,0,0,2,1,6,1,-1,-1,-1,-1,5,1
"39121","201301ZD30301",1,9,0,18,0,1,0,0,0,0,1,1,6,2,-1,1368,1,4,-1,-1
"39122","201301ZD30302",1,9,0,18,0,8,0,0,0,0,1,1,6,1,-1,1242,1,9,-1,-1
"39123","201301ZD30303",1,9,0,5,0,1,0,0,0,0,1,1,6,1,8,1598,1,3,3,1
"39124","201301ZD30304",1,19,0,18,0,0,0,0,0,0,4,1,6,1,8,-1,-1,-1,5,1
"39125","201301ZD30304",2,1,0,15,0,0,0,0,0,0,3,1,6,1,8,-1,-1,-1,3,1
"39126","201301ZD30305",1,9,0,9,0,0,0,0,0,0,0,1,6,3,-1,-1,-1,-1,-1,-1
"39127","201301ZD30306",1,9,0,3,0,1,0,0,0,0,2,1,6,2,10,1799,1,15,3,1
"39128","201301ZD30306",2,9,0,4,0,1,0,0,0,0,1,1,6,1,9,2720,2,5,4,1
"39129","201301ZD30307",1,9,0,18,0,1,0,0,0,0,4,1,6,2,9,1398,2,11,7,1
"39130","201301ZD30307",2,9,0,12,0,1,0,0,0,0,3,1,6,3,-1,-1,-1,-1,-1,-1
"39131","201301ZD30308",1,4,0,13,0,8,0,0,0,0,1,1,6,1,6,449,1,12,-1,-1
"39132","201301ZD30308",2,19,0,18,0,8,0,0,0,0,4,1,1,1,8,2198,2,2,4,1
"39133","201301ZD30309",1,1,0,18,0,8,0,0,0,0,0,1,6,1,6,-1,-1,-1,3,1
"39134","201301ZD30310",1,9,0,17,0,8,0,0,0,0,4,1,6,2,5,2000,2,7,2,1
"39135","201301ZD30310",2,9,0,5,0,8,0,0,0,0,1,1,6,2,8,1275,1,17,2,1
"39136","201301ZD30312",1,9,0,18,0,0,0,0,0,0,1,1,6,1,9,1598,1,2,9,1
"39137","201301ZD30313",1,9,0,18,0,8,0,0,0,0,1,1,6,1,6,1984,1,13,-1,-1
"39138","201301ZD30313",2,9,0,4,0,8,0,0,0,0,2,1,6,2,8,1396,1,13,-1,-1
"39139","201301ZD30314",1,9,0,1,0,8,0,0,0,0,2,1,6,1,7,1686,2,3,2,1
"39140","201301ZD30317",1,9,0,6,0,1,0,0,0,0,3,1,6,1,5,1598,1,11,9,1
"39141","201301ZD30317",2,9,0,18,0,1,0,0,0,0,1,1,6,1,8,1242,1,7,3,1
"39142","201301ZD30318",1,9,0,18,0,2,0,0,0,0,1,1,6,2,7,1560,2,1,3,1
"39143","201301ZD30318",2,3,0,18,0,1,0,0,0,0,1,1,6,1,4,-1,-1,-1,-1,-1
"39144","201301ZD30319",1,1,0,18,0,8,0,0,0,0,4,1,6,1,7,-1,-1,-1,3,1
"39145","201301ZD30319",2,9,0,18,0,8,0,0,0,0,1,1,6,2,7,1390,1,7,5,1
"39146","201301ZD30320",1,9,0,18,0,8,0,0,0,0,3,1,6,2,6,1595,1,10,4,1
"39147","201301ZD30320",2,9,0,9,0,8,0,0,0,0,1,1,6,1,-1,1956,2,4,-1,-1
"39148","201301ZD30321",1,9,0,18,0,0,0,0,0,0,1,1,6,1,5,1329,1,1,9,1
"39149","201301ZD30321",2,9,0,18,0,0,0,0,0,0,1,1,6,1,8,-1,-1,-1,6,1
"39150","201301ZD30322",1,9,0,18,0,8,0,0,0,0,3,1,6,2,7,1798,8,-1,3,1
"39151","201301ZD30322",2,9,0,9,0,8,0,0,0,0,1,1,6,2,6,-1,-1,-1,-1,-1
"39152","201301ZD30323",1,9,0,4,0,1,0,0,0,0,2,1,6,2,7,2198,1,10,3,1
"39153","201301ZD30323",2,9,0,18,0,1,0,0,0,0,1,1,6,1,5,-1,-1,-1,4,1
"39154","201301ZD30324",1,9,0,5,0,1,0,0,0,0,4,1,6,1,6,-1,-1,-1,7,1
"39155","201301ZD30326",1,9,0,3,0,8,0,0,0,0,2,1,6,1,8,1796,1,10,5,1
"39156","201301ZD30326",2,9,0,18,0,8,0,0,0,0,1,1,6,3,-1,-1,-1,-1,-1,-1
"39157","201301ZD30327",1,4,0,13,0,8,0,0,0,0,1,1,6,1,4,124,1,3,2,1
"39158","201301ZD30327",2,9,0,9,0,8,0,0,0,0,3,1,6,1,7,-1,-1,-1,7,1