"","Acc_Index","Vehicle_Reference","Vehicle_Type","Towing_and_Articulation","Vehicle_Manoeuvre","Vehicle_Location.Restricted_Lane","Junction_Location","Skidding_and_Overturning","Hit_Object_in_Carriageway","Vehicle_Leaving_Carriageway","Hit_Object_off_Carriageway","X1st_Point_of_Impact","Was_Vehicle_Left_Hand_Drive","Journey_Purpose_of_Driver","Sex_of_Driver","Age_Band_of_Driver","Engine_Capacity_.CC.","Propulsion_Code","Age_of_Vehicle","Driver_IMD_Decile","Driver_Home_Area_Type"
"39159","201301ZD30328",1,3,0,18,0,1,0,0,0,0,1,1,6,1,4,124,1,-1,2,1
"39160","201301ZD30328",2,9,0,9,0,6,0,0,0,0,3,1,6,3,-1,-1,-1,-1,-1,-1
"39161","201301ZD30329",1,9,0,18,0,8,0,0,0,0,1,1,6,3,-1,-1,-1,-1,-1,-1
"39162","201301ZD30330",1,9,0,18,0,8,0,0,0,0,1,1,6,2,8,1495,1,11,3,1
"39163","201301ZD30330",2,9,0,9,0,8,0,0,0,0,4,1,6,1,5,998,1,9,7,1
"39164","201301ZD30331",1,9,0,18,0,8,0,0,0,0,1,1,6,1,-1,-1,-1,-1,-1,-1
"39165","201301ZD30332",1,9,0,5,0,0,0,0,0,0,1,1,6,1,8,1998,1,11,9,1
"39166","201301ZD30335",1,5,0,18,0,1,0,0,0,0,4,1,6,1,8,647,1,18,8,1
"39167","201301ZD30335",2,9,0,5,0,1,0,0,0,0,3,1,6,2,9,1598,1,2,7,1
"39168","201301ZD30336",1,9,0,5,0,1,0,0,0,0,2,1,6,2,5,1124,1,9,7,1
"39169","201301ZD30336",2,9,0,5,0,1,0,0,0,0,1,1,6,1,6,1590,1,14,4,1
"39170","201301ZD30339",1,1,0,9,0,8,0,0,0,0,1,1,6,1,7,-1,-1,-1,-1,-1
"39171","201301ZD30339",2,9,0,9,0,8,0,0,0,0,4,1,6,3,-1,-1,-1,-1,-1,-1
"39172","201301ZD30340",1,9,0,18,0,1,0,0,0,0,1,1,6,1,5,1390,1,11,4,1
"39173","201301ZD30340",2,9,0,9,0,5,0,0,0,0,4,1,6,1,7,1275,1,15,4,1
"39174","201301ZD30341",1,9,0,18,0,8,0,0,0,0,1,1,6,1,6,1781,1,12,4,1
"39175","201301ZD30341",2,9,0,18,0,8,0,0,0,0,3,1,6,1,7,1999,1,8,3,1
"39176","201301ZD30342",1,9,0,14,0,0,0,0,0,0,3,1,6,1,7,2143,2,2,3,1
"39177","201301ZD30342",2,1,0,13,0,0,0,0,0,0,4,1,6,1,6,-1,-1,-1,-1,-1
"39178","201301ZD30344",1,9,0,4,0,1,0,0,0,0,1,1,6,2,10,1360,1,2,10,1
"39179","201301ZD30344",2,9,0,3,0,1,0,0,0,0,2,1,6,2,8,-1,-1,-1,8,1
"39180","201301ZD30345",1,9,0,18,0,1,0,0,6,6,1,1,6,1,6,-1,-1,-1,5,1
"39181","201301ZD30346",1,9,0,6,0,1,0,0,0,0,3,1,6,1,6,-1,-1,-1,6,1
"39182","201301ZD30346",2,1,0,14,0,1,0,0,0,0,1,1,6,1,6,-1,-1,-1,-1,-1
"39183","201301ZD30347",1,9,0,18,0,8,0,10,1,1,1,1,6,1,7,1198,1,8,4,1
"39184","201301ZD30348",1,9,0,18,0,8,0,0,0,0,3,1,6,1,6,998,1,11,2,1
"39185","201301ZD30348",2,9,0,9,0,2,0,0,0,0,1,1,6,1,4,1242,1,10,3,1
"39186","201301ZD30349",1,9,0,9,0,8,0,0,0,0,4,1,6,1,8,1490,1,6,3,1
"39187","201301ZD30349",2,9,0,18,0,8,0,0,0,0,1,1,6,1,6,-1,-1,-1,4,1
"39188","201301ZD30350",1,9,0,17,0,0,0,0,0,0,4,1,6,2,4,1199,1,12,8,1
"39189","201301ZD30351",1,9,0,18,0,8,0,0,0,0,1,1,6,2,7,1984,1,3,5,1
"39190","201301ZD30351",2,9,0,9,0,8,0,0,0,0,3,1,6,1,-1,2982,2,-1,-1,-1
"39191","201301ZD30352",1,9,0,18,0,1,0,4,0,0,1,1,6,1,5,1986,2,8,1,1
"39192","201301ZD30352",2,9,0,2,0,1,0,0,1,4,2,1,6,2,5,973,1,12,2,1
"39193","201301ZD30353",1,9,0,18,0,8,0,0,0,0,1,1,6,2,8,1596,1,11,5,1
"39194","201301ZD30353",2,9,0,18,0,8,0,0,0,0,3,1,6,1,8,1360,1,11,2,1
"39195","201301ZD30354",1,8,0,3,0,1,0,0,0,0,2,1,1,1,9,1910,2,7,3,1
"39196","201301ZD30354",2,9,0,3,0,1,0,0,0,0,2,1,6,2,7,1386,1,8,5,1
"39197","201301ZD30354",3,9,0,18,0,1,0,0,0,0,1,1,6,1,7,2497,2,15,-1,-1
"39200","201301ZD30356",1,9,0,5,0,0,0,0,0,0,1,1,6,2,6,1242,1,2,5,1
"39201","201301ZD30356",2,3,0,18,0,0,0,0,0,0,3,1,6,1,6,-1,-1,-1,3,1
"39202","201301ZD30357",1,9,0,3,0,1,0,0,0,0,3,1,6,1,-1,1910,2,8,6,1
"39203","201301ZD30357",2,1,0,14,0,1,0,0,0,0,4,1,6,1,5,-1,-1,-1,6,1
"39204","201301ZD30358",1,9,0,18,0,0,0,0,0,0,4,1,6,3,-1,-1,-1,-1,-1,-1
"39205","201301ZD30359",1,9,0,4,0,8,0,0,0,0,2,1,6,1,6,998,1,16,-1,-1
"39206","201301ZD30359",2,9,0,18,0,8,0,0,0,0,1,1,6,2,-1,1796,1,13,-1,-1
"39207","201301ZD30360",1,9,0,18,0,8,0,0,0,0,1,1,6,2,8,998,1,2,9,1
"39208","201301ZD30361",1,11,0,18,0,2,0,0,0,0,1,1,1,1,6,4500,2,4,3,1
"39209","201301ZD30362",1,2,0,3,0,1,0,0,0,0,2,1,6,1,7,-1,-1,-1,3,1
"39210","201301ZD30362",2,9,0,4,0,1,0,0,0,0,1,1,6,3,-1,1689,2,10,-1,-1
"39211","201301ZD30363",1,2,0,18,0,8,0,0,0,0,1,1,6,1,-1,124,1,11,-1,-1
"39212","201301ZD30363",2,9,0,18,0,8,0,0,0,0,1,1,6,1,8,-1,-1,-1,8,1
"39213","201301ZD30364",1,9,0,18,0,8,0,0,0,0,1,1,6,2,8,1390,1,8,-1,-1
"39218","201301ZD30366",1,11,0,4,0,1,0,0,0,0,4,1,1,2,8,6700,2,5,9,1
"39219","201301ZD30367",1,9,0,13,0,8,0,0,0,0,1,1,6,2,8,1600,1,1,9,1
"39220","201301ZD30367",2,9,0,14,0,8,0,4,0,0,1,1,6,1,5,1388,1,11,1,1
"39221","201301ZD30367",3,9,0,2,0,1,0,0,0,0,3,1,6,3,-1,-1,-1,-1,-1,-1
"39222","201301ZD30368",1,9,0,18,0,1,0,0,0,0,4,1,6,3,-1,-1,-1,-1,-1,-1
"39223","201301ZD30369",1,9,0,18,0,8,0,0,0,0,1,1,6,1,7,1796,1,5,4,1
"39224","201301ZD30369",2,9,0,18,0,8,0,0,0,0,3,1,6,1,9,1598,2,1,10,1
"39225","201301ZD30370",1,9,0,18,0,0,0,0,0,0,1,1,6,1,4,1598,1,4,3,1
"39226","201301ZD30370",2,9,0,18,0,0,0,4,0,0,1,1,6,1,5,1229,1,4,4,1
"39227","201301ZD30370",3,9,0,2,0,0,0,0,0,0,1,1,6,1,11,1998,1,18,5,1
"39228","201301ZD30371",1,9,0,13,0,0,0,0,0,0,4,1,6,2,7,1998,1,16,5,1
"39229","201301ZD30371",2,9,0,18,0,0,0,0,0,0,3,1,6,1,-1,2499,1,6,-1,-1
"39230","201301ZD30371",3,9,0,2,0,0,0,0,0,0,2,1,6,1,7,1364,1,3,3,1
"39231","201301ZD30371",4,9,0,2,0,0,0,0,0,0,2,1,6,2,6,-1,-1,-1,3,1
"39232","201301ZD30371",5,9,0,2,0,0,0,0,0,0,2,1,6,3,-1,-1,-1,-1,-1,-1
"39233","201301ZD30372",1,20,0,18,0,1,0,0,0,0,1,1,1,1,7,-1,2,9,-1,-1
"39234","201301ZD30372",2,9,0,18,0,1,0,0,0,0,2,1,6,1,9,-1,-1,-1,9,1
"39235","201301ZD30373",1,9,0,18,0,8,0,0,0,0,1,1,6,2,9,-1,-1,-1,-1,-1
"39236","201301ZD30374",1,2,0,18,0,1,0,0,0,0,3,1,1,1,4,49,1,3,-1,-1
"39237","201301ZD30374",2,9,0,13,0,1,0,0,0,0,4,1,6,3,-1,-1,-1,-1,-1,-1
"39238","201301ZD30375",1,9,0,18,0,8,0,0,0,0,1,1,6,1,4,-1,-1,-1,3,1
"39239","201301ZD30375",2,19,0,18,0,8,0,0,0,0,1,1,6,1,-1,-1,-1,-1,-1,-1
"39240","201301ZD30376",1,9,0,7,0,8,0,0,0,0,4,1,6,1,10,1998,2,12,7,1
"39241","201301ZD30376",2,1,0,18,0,8,0,0,0,0,1,1,6,1,5,-1,-1,-1,10,1
"39242","201301ZD30377",1,9,0,18,0,1,0,4,0,0,4,1,6,2,5,1299,1,8,6,3
"39243","201301ZD30377",2,9,0,2,0,1,0,0,0,0,3,1,6,3,-1,1229,1,4,-1,-1
"39244","201301ZD30377",3,9,0,2,0,1,0,0,0,0,3,1,6,3,-1,1598,1,10,-1,-1
"39245","201301ZD30378",1,9,0,2,0,0,0,0,0,0,4,1,6,1,5,1910,2,5,2,1
"39246","201301ZD30378",2,9,0,18,0,0,0,4,0,0,4,1,6,3,-1,1992,2,6,-1,-1
"39247","201301ZD30379",1,9,0,18,0,0,0,4,0,0,4,1,6,1,7,1461,2,8,-1,-1
"39248","201301ZD30379",2,9,0,2,0,0,0,0,0,0,3,1,6,1,8,1999,1,5,10,1
"39249","201301ZD30380",1,9,0,4,0,1,0,0,0,0,3,1,6,2,9,1497,8,7,5,1
"39250","201301ZD30380",2,9,0,7,0,2,0,0,0,0,1,1,6,3,-1,-1,-1,-1,-1,-1
"39251","201301ZD30381",1,3,0,18,0,8,0,0,0,0,1,1,6,1,8,125,1,2,8,1
"39252","201301ZD30381",2,11,0,18,0,8,0,0,0,0,4,1,6,1,8,7300,2,8,1,1
"39253","201301ZD30383",1,11,0,18,0,8,0,0,0,0,0,1,1,1,8,3900,2,10,-1,-1
"39254","201301ZD30384",1,9,0,3,0,8,0,0,0,0,2,1,6,1,7,2171,1,11,5,1
"39255","201301ZD30384",2,9,0,18,0,8,0,0,0,0,1,1,6,1,-1,1794,1,10,-1,-1
"39256","201301ZD30385",1,9,0,9,0,8,0,0,0,0,3,1,6,2,10,1390,1,-1,-1,-1
"39257","201301ZD30385",2,3,0,18,0,8,0,0,0,0,1,1,6,1,5,125,1,3,3,1
"39258","201301ZD30387",1,1,0,18,0,0,0,0,0,0,3,1,6,1,6,-1,-1,-1,5,1
"39259","201301ZD30387",2,20,0,13,0,0,0,0,0,0,4,1,6,3,-1,-1,-1,-1,-1,-1
"39260","201301ZD30388",1,9,0,18,0,0,0,0,0,0,4,1,6,3,-1,-1,-1,-1,-1,-1
"39261","201301ZD30389",1,9,0,9,0,8,0,0,0,0,3,1,6,2,7,1275,1,15,8,1
"39262","201301ZD30389",2,11,0,18,0,8,0,0,0,0,1,1,6,1,7,7300,2,8,2,1
"39263","201301ZD30390",1,9,0,9,0,0,0,0,0,0,3,1,6,2,6,1598,1,7,7,1
"39264","201301ZD30390",2,8,0,13,0,0,0,0,0,0,1,1,1,1,-1,-1,-1,-1,-1,-1
"39265","201301ZD30391",1,3,0,18,0,8,0,4,0,0,1,1,6,1,6,124,1,5,6,1
"39266","201301ZD30391",2,9,0,2,0,8,0,0,0,0,2,1,6,1,7,1598,1,2,6,1
"39267","201301ZD30392",1,9,0,18,0,1,0,0,0,0,1,1,6,1,5,-1,-1,-1,-1,-1
"39268","201301ZD30392",2,8,0,18,0,1,0,0,0,0,4,1,1,1,-1,1896,2,7,1,1
"39269","201301ZD30393",1,19,0,9,0,0,0,0,0,0,1,1,6,1,7,-1,-1,-1,3,1
"39270","201301ZD30395",1,9,0,3,0,0,0,0,0,0,2,1,6,2,8,1348,1,11,6,1
"39271","201301ZD30395",2,9,0,18,0,0,0,0,0,0,1,1,6,1,-1,1399,1,6,-1,-1
"39272","201301ZD30396",1,9,0,18,0,8,0,0,0,0,1,1,6,1,6,1986,2,7,3,1
"39273","201301ZD30397",1,9,0,1,0,8,0,0,0,0,2,1,6,1,6,2204,2,6,3,1
"39275","201301ZD30399",1,9,0,18,0,8,0,0,0,0,3,1,6,2,5,1390,1,11,9,1
"39276","201301ZD30399",2,9,0,18,0,8,0,0,0,0,1,1,1,1,8,-1,-1,-1,6,1
"39277","201301ZD30401",1,9,0,3,0,1,0,0,0,0,2,1,6,2,6,1998,1,10,4,1
"39278","201301ZD30401",2,9,0,18,0,1,0,0,0,0,1,1,6,1,-1,3497,1,10,-1,-1
"39279","201301ZD30402",1,9,0,9,0,2,0,0,0,0,3,1,6,2,6,1598,1,5,7,1
"39280","201301ZD30402",2,1,0,18,0,1,0,0,0,0,1,1,6,1,6,-1,-1,-1,1,1
"39281","201301ZD30403",1,9,0,3,0,8,0,0,0,0,2,1,6,1,6,1999,1,6,-1,-1
"39282","201301ZD30403",2,9,0,1,0,8,0,0,0,0,1,1,6,2,-1,-1,-1,-1,-1,-1
"39283","201301ZD30404",1,9,0,4,0,8,0,0,0,0,2,1,6,2,6,-1,-1,-1,-1,-1
"39284","201301ZD30404",2,9,0,18,0,8,0,0,0,0,1,1,6,1,-1,-1,-1,-1,-1,-1
"39285","201301ZD30405",1,9,0,18,0,8,0,0,0,0,2,1,1,1,10,-1,-1,-1,7,3
"39286","201301ZD30405",2,9,0,18,0,8,0,0,0,0,3,1,1,2,8,1991,2,8,6,1
"39287","201301ZD30405",3,9,0,13,0,8,0,0,0,0,3,1,6,2,8,-1,-1,-1,-1,-1
"39288","201301ZD30406",1,9,0,18,0,8,0,0,0,0,1,1,6,1,-1,1698,2,19,-1,-1
"39289","201301ZD30407",1,9,0,9,0,8,0,0,0,0,4,1,6,1,6,1390,1,3,10,1
"39290","201301ZD30407",2,9,0,18,0,8,0,0,0,0,1,1,6,1,10,-1,-1,-1,3,1
"39291","201301ZD30408",1,9,0,7,0,8,0,0,0,0,3,1,6,2,6,-1,-1,-1,2,1
"39292","201301ZD30408",2,9,0,18,0,8,0,0,0,0,1,1,6,1,6,1796,1,8,2,1
"39293","201301ZD30410",1,9,0,3,0,1,0,0,0,0,2,1,6,2,8,1339,1,9,9,1
"39294","201301ZD30410",2,9,0,18,0,1,0,0,0,0,1,1,1,1,8,-1,-1,-1,1,1
"39295","201301ZD30410",3,9,0,3,0,1,0,0,0,0,2,1,1,1,-1,-1,-1,-1,-1,-1
"39296","201301ZD30411",1,11,0,18,0,8,0,0,0,0,0,1,6,3,-1,-1,-1,-1,-1,-1
"39297","201301ZD30413",1,9,0,18,0,0,0,0,0,0,1,1,6,1,9,-1,-1,-1,6,1
"39298","201301ZD30413",2,9,0,18,0,0,0,0,0,0,3,1,6,2,6,1242,1,7,3,1
"39299","201301ZD30414",1,19,0,1,0,8,0,0,0,0,2,1,6,1,5,2396,2,10,-1,-1
"39300","201301ZD30414",2,2,0,18,0,8,0,0,0,0,1,1,6,1,6,125,1,6,3,1
"39301","201301ZD30416",1,5,0,14,0,8,0,0,0,0,1,1,6,1,8,500,1,12,-1,-1
"39302","201301ZD30416",2,9,0,9,0,8,0,0,0,0,3,1,6,2,8,1799,1,6,-1,-1
"39303","201301ZD30417",1,3,0,18,0,2,0,0,0,0,4,1,6,1,6,125,1,-1,4,1
"39304","201301ZD30417",2,9,0,18,0,2,0,0,0,0,3,1,6,2,5,-1,-1,-1,5,1
"39305","201301ZD30418",1,9,0,18,0,0,0,0,0,0,4,1,6,2,10,1198,1,9,6,1
"39306","201301ZD30419",1,9,0,18,0,2,0,0,0,0,2,1,6,1,10,1794,1,10,5,1
"39307","201301ZD30419",2,1,0,18,0,2,0,0,0,0,1,1,6,1,6,-1,-1,-1,10,1
"39308","201301ZD30420",1,9,0,9,0,8,0,0,0,0,3,1,6,1,7,1991,2,6,7,1
"39309","201301ZD30420",2,2,0,13,0,8,0,0,0,0,1,1,6,1,4,49,1,12,2,1
"39310","201301ZD30421",1,9,0,9,0,5,0,0,0,0,3,1,6,2,6,1995,1,11,2,1
"39311","201301ZD30421",2,2,0,13,0,1,0,0,0,0,1,1,6,1,4,124,1,10,5,1
"39312","201301ZD30422",1,9,0,9,0,8,0,0,0,0,4,1,6,2,9,1968,2,-1,-1,-1
"39313","201301ZD30422",2,9,0,18,0,8,0,0,0,0,1,1,6,1,-1,1390,1,7,1,1
"39314","201301ZD30423",1,9,0,18,0,8,0,0,0,0,1,1,6,1,8,1119,1,12,4,1
"39315","201301ZD30423",2,9,0,9,0,8,0,0,0,0,4,1,6,1,11,998,1,4,3,1
"39316","201301ZD30424",1,5,0,18,0,8,0,0,0,0,1,1,6,1,6,1000,1,5,-1,-1
"39317","201301ZD30424",2,9,0,3,0,8,0,0,0,0,2,1,6,1,6,-1,-1,-1,1,1
"39318","201301ZD30424",3,9,0,9,0,2,0,0,0,0,0,1,6,2,9,1240,1,10,5,1
"39319","201301ZD30425",1,9,0,3,0,0,0,0,0,0,2,1,6,1,6,-1,-1,-1,8,1
"39320","201301ZD30425",2,9,0,3,0,0,0,0,0,0,2,1,6,1,-1,1968,2,1,4,1
"39321","201301ZD30425",3,9,0,18,0,0,0,0,0,0,1,1,6,1,-1,1781,1,14,5,1
"39322","201301ZD30426",1,19,0,6,0,1,0,0,0,0,1,1,1,1,7,2402,2,3,4,1
"39323","201301ZD30426",2,5,0,18,0,2,0,0,0,0,1,1,6,1,5,1470,1,13,5,3
"39324","201301ZD30427",1,9,0,18,0,8,0,0,0,0,2,1,6,2,8,-1,-1,-1,10,1
"39325","201301ZD30427",2,9,0,18,0,8,0,0,0,0,1,1,6,1,5,-1,-1,-1,4,1
"39326","201301ZD30427",3,9,0,4,0,8,0,0,0,0,2,1,6,2,6,1229,1,5,-1,-1
"39327","201301ZD30428",1,9,0,9,0,8,0,0,0,0,1,1,6,3,-1,-1,-1,-1,-1,-1
"39328","201301ZD30429",1,8,0,9,0,8,1,0,0,0,1,1,1,1,7,-1,-1,-1,-1,-1
"39329","201301ZD30429",2,9,0,18,0,8,0,0,0,0,3,1,6,1,-1,1997,2,1,-1,-1
"39330","201301ZD30430",1,20,0,7,0,1,0,0,0,0,1,1,6,1,7,6692,2,2,3,1
"39331","201301ZD30430",2,9,0,4,0,1,0,0,0,0,2,1,6,2,6,1991,2,3,3,1
"39332","201301ZD30432",1,9,0,18,0,8,0,0,0,0,1,1,6,2,-1,1599,1,7,3,1
"39333","201301ZD30432",2,9,0,18,0,8,0,0,0,0,4,1,6,1,9,1951,2,9,5,1
"39334","201301ZD30434",1,9,0,4,0,1,0,0,0,0,2,1,6,2,6,996,1,3,6,1
"39335","201301ZD30434",2,9,0,4,0,1,0,0,0,0,1,1,6,1,6,-1,-1,-1,4,1
"39336","201301ZD30434",3,9,0,4,0,1,0,0,0,0,1,1,6,1,7,1598,1,7,3,1
"39337","201301ZD30435",1,9,0,6,0,2,0,0,0,0,1,1,6,2,10,2400,2,-1,8,1
"39338","201301ZD30436",1,90,0,9,0,8,0,0,0,0,1,1,6,2,-1,-1,-1,-1,-1,-1
"39339","201301ZD30436",2,10,0,18,0,8,0,0,0,0,4,1,6,1,-1,-1,-1,-1,3,1
"39340","201301ZD30437",1,9,0,18,0,0,0,0,0,0,1,1,6,2,11,998,1,12,7,1
"39341","201301ZD30438",1,5,0,5,0,1,0,0,0,0,4,1,6,1,9,649,1,6,10,1
"39342","201301ZD30438",2,9,0,5,0,3,0,0,0,0,3,1,6,2,9,1598,1,15,6,1
"39343","201301ZD30439",1,11,0,9,0,8,0,0,0,0,3,1,1,1,8,-1,-1,-1,4,1
"39344","201301ZD30440",1,9,0,9,0,8,0,0,0,0,3,1,6,1,6,1598,1,7,7,1
"39345","201301ZD30440",2,5,0,18,0,8,0,0,0,0,1,1,6,1,6,1000,1,5,5,1
"39346","201301ZD30441",1,9,0,4,0,2,0,0,0,0,2,1,6,1,10,3199,1,14,4,1
"39347","201301ZD30441",2,9,0,18,0,2,0,0,0,0,1,1,6,2,7,-1,-1,-1,2,1
"39348","201301ZD30442",1,9,0,18,0,2,0,0,0,0,4,1,6,1,8,2993,2,-1,3,1
"39349","201301ZD30444",1,9,0,4,0,0,0,0,0,0,2,1,6,2,6,-1,-1,-1,3,1
"39350","201301ZD30444",2,9,0,4,0,0,0,0,0,0,1,1,6,2,4,-1,-1,-1,3,1
"39351","201301ZD30445",1,9,0,18,0,8,0,0,0,0,1,1,6,1,6,1598,1,11,2,1
"39352","201301ZD30445",2,1,0,18,0,8,0,0,0,0,4,1,6,1,8,-1,-1,-1,-1,-1
"39353","201301ZD30446",1,9,0,18,0,0,0,0,0,0,2,1,6,2,6,1390,1,9,3,1
"39354","201301ZD30446",2,19,0,18,0,0,0,0,0,0,1,1,6,1,-1,1968,2,-1,-1,-1
"39355","201301ZD30447",1,9,0,7,0,1,0,0,0,0,4,1,6,3,-1,-1,-1,-1,-1,-1
"39356","201301ZD30447",2,1,0,15,4,1,0,0,0,0,3,1,6,1,7,-1,-1,-1,4,1
"39357","201301ZD30448",1,9,0,9,0,8,5,0,0,0,1,1,6,1,5,1461,2,3,-1,-1
"39358","201301ZD30448",2,9,0,18,0,8,0,0,0,0,3,1,6,1,6,-1,-1,-1,2,1
"39359","201301ZD30449",1,9,0,5,0,8,0,0,0,0,1,1,1,1,8,-1,-1,-1,5,1
"39360","201301ZD30450",1,9,0,3,0,0,0,0,0,0,2,1,6,1,9,2148,2,4,5,1
"39361","201301ZD30450",2,9,0,18,0,0,0,0,0,0,1,1,6,1,7,1595,1,5,10,1
"39362","201301ZD30451",1,9,0,18,0,8,0,0,0,0,4,1,6,2,6,1149,1,5,2,1
"39363","201301ZD30451",2,9,0,18,0,8,0,0,0,0,1,1,6,1,5,1198,1,8,2,1
"39364","201301ZD30452",1,9,0,18,0,8,0,0,0,0,3,1,6,2,6,1124,1,7,4,1
"39365","201301ZD30452",2,19,0,1,0,8,0,0,0,0,2,1,6,1,9,2464,2,4,9,1
"39366","201301ZD30453",1,19,0,9,0,8,0,0,0,0,3,1,6,1,8,-1,-1,-1,8,1
"39367","201301ZD30453",2,3,0,13,0,8,0,0,0,0,1,1,6,1,4,-1,-1,-1,4,1
"39368","201301ZD30454",1,9,0,9,0,8,0,0,0,0,1,1,6,1,5,-1,-1,-1,6,1
"39369","201301ZD30454",2,1,0,18,0,8,0,0,0,0,4,1,6,1,11,-1,-1,-1,-1,-1
"39370","201301ZD30455",1,9,0,5,0,0,0,0,0,0,1,1,6,1,5,1595,1,3,3,1
"39371","201301ZD30456",1,9,0,18,0,0,0,0,0,0,1,1,6,2,4,1198,1,1,2,1
"39372","201301ZD30456",2,9,0,4,0,0,0,0,0,0,2,1,6,1,-1,998,1,2,-1,-1
"39373","201301ZD30457",1,9,0,18,0,0,0,0,0,0,0,1,3,2,6,1360,1,3,5,1
"39374","201301ZD30457",2,9,0,2,0,0,0,0,0,0,0,1,6,1,7,1794,1,10,4,1
"39375","201301ZD30458",1,9,0,18,0,0,0,0,0,0,1,1,6,2,7,1362,1,1,3,1
"39376","201301ZD30459",1,9,0,18,0,2,0,0,0,0,1,1,6,2,6,1390,1,10,2,1
"39377","201301ZD30460",1,9,0,18,0,2,0,10,1,4,1,1,6,1,7,1597,1,17,5,1
"39378","201301ZD30461",1,19,0,9,0,8,0,0,0,0,0,1,6,1,8,1560,2,2,8,1
"39379","201301ZD30461",2,9,0,18,0,8,0,10,7,3,1,1,6,2,5,1199,1,11,3,1
"39380","201301ZD30462",1,9,0,6,0,2,0,0,0,0,4,1,6,2,7,1870,2,11,7,1
"39381","201301ZD30462",2,9,0,18,0,1,0,0,0,0,1,1,6,1,-1,1389,1,15,-1,-1
"39382","201301ZD30463",1,3,0,13,0,8,0,0,0,0,4,1,6,1,6,124,1,3,6,1
"39383","201301ZD30463",2,9,0,9,0,8,0,0,0,0,3,1,6,2,7,1968,2,3,-1,-1
"39384","201301ZD30464",1,4,0,14,0,8,0,0,0,0,4,1,6,1,8,125,1,2,4,1
"39385","201301ZD30464",2,9,0,9,0,8,0,0,0,0,1,1,6,1,8,1598,1,13,5,1
"39386","201301ZD30465",1,1,0,18,0,8,0,0,0,0,4,1,6,1,8,-1,-1,-1,4,1
"39387","201301ZD30465",2,9,0,7,0,8,0,0,0,0,3,1,6,1,8,1995,2,11,-1,-1
"39388","201301ZD30466",1,19,0,3,0,0,0,0,0,0,2,1,6,1,7,2198,2,5,4,1
"39389","201301ZD30466",2,9,0,4,0,0,0,0,0,0,1,1,6,1,-1,-1,-1,-1,6,3
"39390","201301ZD30466",3,9,0,3,0,0,0,0,0,0,2,1,6,1,-1,-1,-1,-1,-1,-1
"39391","201301ZD30467",1,21,0,7,0,2,0,0,0,0,1,1,1,1,8,-1,-1,-1,2,1
"39392","201301ZD30467",2,9,0,2,0,2,0,10,1,1,2,1,6,2,10,1339,1,9,5,1
"39393","201301ZD30468",1,9,0,9,0,8,0,0,0,0,2,1,6,1,6,1999,1,6,6,1
"39394","201301ZD30468",2,19,0,9,0,8,0,0,0,0,1,1,6,1,-1,1560,2,2,-1,-1
"39395","201301ZD30470",1,9,0,18,0,8,0,0,0,0,3,1,6,1,6,4197,1,8,-1,-1
"39396","201301ZD30470",2,3,0,18,0,8,0,0,0,0,1,1,6,1,5,125,1,5,2,1
"39397","201301ZD30471",1,11,0,4,0,1,0,0,0,0,0,1,1,1,7,9200,2,10,2,1
"39398","201301ZD30473",1,9,0,9,0,2,0,0,0,0,1,1,6,2,6,1781,1,12,9,1
"39399","201301ZD30474",1,8,0,5,0,0,0,0,0,0,4,1,1,1,-1,1896,2,8,-1,-1
"39400","201301ZD30475",1,9,0,7,0,8,0,0,0,0,3,1,6,1,7,-1,-1,-1,10,1
"39401","201301ZD30475",2,9,0,18,0,8,0,0,0,0,1,1,6,1,6,1988,1,12,7,1
"39402","201301ZD30478",1,11,0,5,0,8,0,0,0,0,0,1,1,1,8,6700,2,3,1,1
"39403","201301ZD30480",1,9,0,18,0,1,0,0,0,0,1,1,6,2,6,1796,1,11,4,1
"39404","201301ZD30482",1,9,0,7,0,8,0,0,0,0,1,1,6,3,-1,-1,-1,-1,-1,-1
"39405","201301ZD30484",1,9,0,18,0,0,0,0,0,0,4,1,6,1,8,1598,1,9,6,1
"39406","201301ZD30485",1,9,0,9,0,8,0,0,0,0,3,1,6,2,6,2295,1,11,2,1
"39407","201301ZD30485",2,3,0,18,0,8,0,0,0,0,1,1,6,1,5,124,1,8,5,1
"39408","201301ZD30486",1,9,0,1,0,0,0,0,0,0,2,1,1,1,9,3192,1,6,6,1
"39409","201301ZD30487",1,9,0,9,0,8,0,0,0,0,3,1,6,1,5,1598,1,6,-1,1
"39410","201301ZD30487",2,19,0,14,0,8,0,0,0,0,1,1,6,1,7,2151,2,10,3,1
"39411","201301ZD30488",1,9,0,7,0,8,0,0,0,0,1,1,6,3,-1,-1,-1,-1,-1,-1
"39412","201301ZD30489",1,9,0,18,0,8,0,0,0,0,1,1,6,1,8,2198,1,6,-1,-1
"39413","201301ZD30489",2,9,0,9,0,8,0,0,0,0,4,1,6,1,7,-1,-1,-1,-1,-1
"39414","201301ZD30490",1,9,0,9,0,8,0,0,0,0,4,1,6,2,9,1497,8,6,8,1
"39415","201301ZD30490",2,4,0,18,0,8,0,0,0,0,1,1,6,1,7,-1,-1,-1,5,1
"39416","201301ZD30491",1,5,0,4,0,1,0,0,0,0,0,1,6,2,8,645,1,3,-1,-1
"39417","201301ZD30492",1,5,0,3,0,8,0,0,0,0,3,1,2,1,8,996,1,5,10,1
"39418","201301ZD30492",2,9,0,9,0,8,0,0,0,0,3,1,6,2,5,1596,1,8,6,1
"39419","201301ZD30493",1,9,0,9,0,2,0,0,0,0,1,1,6,2,8,1598,1,6,9,1
"39420","201301ZD30494",1,9,0,9,0,8,0,0,0,0,1,1,6,1,6,1598,1,-1,3,1
"39421","201301ZD30494",2,2,0,18,2,8,0,0,0,0,3,1,6,1,5,-1,-1,-1,5,1
"39422","201301ZD30495",1,9,0,2,0,0,0,0,0,0,3,1,6,2,7,1560,2,4,10,1