"","Acc_Index","Vehicle_Reference","Vehicle_Type","Towing_and_Articulation","Vehicle_Manoeuvre","Vehicle_Location.Restricted_Lane","Junction_Location","Skidding_and_Overturning","Hit_Object_in_Carriageway","Vehicle_Leaving_Carriageway","Hit_Object_off_Carriageway","X1st_Point_of_Impact","Was_Vehicle_Left_Hand_Drive","Journey_Purpose_of_Driver","Sex_of_Driver","Age_Band_of_Driver","Engine_Capacity_.CC.","Propulsion_Code","Age_of_Vehicle","Driver_IMD_Decile","Driver_Home_Area_Type"
"39423","201301ZD30495",2,9,0,18,0,0,0,4,0,0,1,1,6,3,-1,1587,1,7,-1,-1
"39424","201301ZD30496",1,9,0,18,0,8,0,0,1,0,1,1,6,1,7,1995,1,10,3,1
"39425","201301ZD30496",2,9,0,13,0,8,1,0,1,10,2,1,2,1,5,1968,2,5,5,1
"39426","201301ZD30497",1,19,0,18,0,0,0,0,0,0,3,1,1,1,9,1998,2,8,2,1
"39427","201301ZD30498",1,2,0,4,0,0,0,0,0,0,1,1,6,1,4,49,1,9,9,1
"39428","201301ZD30498",2,9,0,4,0,0,0,0,0,0,2,1,6,1,10,2993,2,1,10,1
"39429","201301ZD30499",1,9,0,9,0,8,0,0,0,0,1,1,6,1,7,1390,1,8,5,1
"39430","201301ZD30499",2,1,0,18,0,8,0,0,0,0,3,1,6,1,7,-1,-1,-1,5,1
"39431","201301ZD30500",1,9,0,16,0,0,1,0,0,0,1,1,6,1,6,-1,-1,-1,2,1
"39432","201301ZD30500",2,9,0,17,0,0,0,0,0,0,1,1,6,1,6,1299,1,14,4,1
"39433","201301ZD30501",1,9,0,17,9,0,0,10,1,4,1,1,6,1,8,1995,1,5,5,1
"39434","201301ZD30503",1,9,0,4,0,0,1,0,1,0,1,1,6,1,5,1198,1,6,8,1
"39435","201301ZD30504",1,9,0,9,0,8,0,0,0,0,1,1,6,2,8,1998,1,12,9,1
"39436","201301ZD30504",2,5,0,18,0,8,0,0,1,0,3,1,6,1,6,999,1,8,3,1
"39437","201301ZD30505",1,1,0,18,0,8,0,0,0,0,0,1,6,1,7,-1,-1,-1,-1,-1
"39438","201301ZD30505",2,9,0,9,0,8,0,0,0,0,0,1,6,1,-1,1199,1,11,6,1
"39439","201301ZD30506",1,9,0,9,0,8,0,0,0,0,0,1,6,2,9,1389,1,17,3,1
"39440","201301ZD30506",2,1,0,4,0,8,0,0,0,0,0,1,6,1,7,-1,-1,-1,5,1
"39441","201301ZD30507",1,11,0,17,0,8,0,0,0,0,1,1,1,1,6,3900,2,10,8,1
"39442","201301ZD30507",2,9,0,17,0,8,0,0,0,0,2,1,6,1,-1,1799,1,6,6,1
"39443","201301ZD30509",1,3,0,18,0,8,0,0,1,0,4,1,1,1,4,125,1,3,1,1
"39444","201301ZD30509",2,9,0,9,0,8,0,0,0,0,3,1,6,1,5,1596,1,7,3,1
"39445","201301ZD30511",1,4,0,18,0,1,0,0,0,0,3,1,2,1,7,249,1,1,8,1
"39446","201301ZD30512",1,9,0,9,0,8,0,0,0,0,3,1,6,2,5,1198,1,1,8,1
"39447","201301ZD30512",2,3,0,13,0,8,0,0,0,0,1,1,6,1,8,125,1,2,3,1
"39448","201301ZD30514",1,9,0,7,0,8,0,0,0,0,2,1,2,2,8,1796,1,9,10,1
"39449","201301ZD30514",2,9,0,7,0,8,0,0,0,0,1,1,6,3,-1,-1,-1,-1,-1,-1
"39450","201301ZD30515",1,9,0,9,0,8,0,0,0,0,0,1,6,2,9,-1,-1,-1,-1,-1
"39451","201301ZD30515",2,3,0,18,0,8,0,0,0,0,0,1,6,2,4,-1,-1,-1,-1,-1
"39452","201301ZD30516",1,9,0,18,0,1,0,0,0,0,1,1,6,1,10,2902,2,8,6,2
"39453","201301ZD30516",2,1,0,18,0,1,0,0,0,0,2,1,2,1,6,-1,-1,-1,8,1
"39454","201301ZD30517",1,9,0,14,0,1,0,4,0,0,4,1,6,2,5,-1,-1,-1,8,1
"39455","201301ZD30517",2,11,0,2,0,1,0,0,0,0,3,1,1,1,7,9200,2,8,9,1
"39456","201301ZD30518",1,3,0,18,0,8,0,0,0,0,1,1,6,1,4,124,1,11,2,1
"39457","201301ZD30518",2,9,0,9,0,8,0,0,0,0,3,1,6,3,-1,-1,-1,-1,-1,-1
"39458","201301ZD30520",1,9,0,9,0,8,0,0,0,0,1,1,6,2,9,2597,1,10,9,1
"39459","201301ZD30520",2,1,0,18,0,8,0,0,0,0,1,1,6,1,6,-1,-1,-1,5,1
"39460","201301ZD30521",1,9,0,4,0,8,0,0,0,0,1,1,6,1,6,-1,-1,-1,4,1
"39463","201301ZD30523",1,9,0,18,0,0,0,7,0,0,1,1,6,1,7,1598,1,10,5,1
"39464","201301ZD30523",2,9,0,18,0,0,0,0,0,0,3,1,6,2,6,1596,1,11,2,1
"39465","201301ZD30524",1,9,0,3,0,8,0,0,0,0,2,1,6,2,8,1248,1,3,2,1
"39466","201301ZD30524",2,9,0,18,0,8,0,0,0,0,1,1,6,2,6,1242,1,12,3,1
"39467","201301ZD30525",1,11,0,4,0,1,0,0,0,0,0,1,1,1,10,9200,2,8,-1,-1
"39468","201301ZD30526",1,9,0,7,0,8,0,0,0,0,2,1,6,2,7,1242,1,12,10,1
"39469","201301ZD30526",2,9,0,18,0,8,0,0,0,0,1,1,6,2,-1,1198,1,1,-1,-1
"39470","201301ZD30527",1,9,0,7,0,8,0,0,0,0,2,1,6,2,8,1769,1,11,2,1
"39471","201301ZD30527",2,1,0,18,0,8,0,0,0,0,1,1,6,1,8,-1,-1,-1,3,1
"39472","201301ZD30528",1,9,0,3,0,1,0,0,0,0,2,1,1,2,8,1995,2,1,5,1
"39473","201301ZD30528",2,9,0,18,0,1,0,0,0,0,1,1,1,1,6,-1,-1,-1,3,1
"39474","201301ZD30529",1,9,0,18,0,1,0,0,0,0,1,1,6,2,-1,1397,1,13,-1,-1
"39475","201301ZD30530",1,9,0,18,0,8,1,0,0,0,1,1,6,1,7,1896,2,12,2,1
"39476","201301ZD30534",1,9,0,10,0,1,0,0,0,0,2,1,6,2,7,1998,1,8,6,1
"39477","201301ZD30534",2,19,0,18,0,1,0,0,0,0,1,1,6,1,-1,2198,2,6,-1,-1
"39478","201301ZD30535",1,9,0,9,0,8,0,0,0,0,4,1,2,2,8,1390,1,6,6,1
"39479","201301ZD30535",2,1,0,18,0,8,0,0,0,0,1,1,6,1,6,-1,-1,-1,3,1
"39480","201301ZD30536",1,9,0,4,0,1,0,0,0,0,2,1,6,1,8,1910,2,3,3,1
"39481","201301ZD30536",2,9,0,18,0,1,0,0,0,0,1,1,6,1,-1,-1,-1,-1,-1,-1
"39482","201301ZD30537",1,9,0,16,0,0,0,4,0,0,1,1,6,1,4,1360,1,14,2,1
"39483","201301ZD30537",2,9,0,2,0,0,0,0,0,0,2,1,6,1,7,1997,1,13,3,1
"39484","201301ZD30538",1,9,0,18,0,8,0,0,0,0,2,1,6,1,6,1753,2,4,5,3
"39485","201301ZD30538",2,9,0,18,0,8,0,0,0,0,2,1,6,2,-1,-1,-1,-1,-1,-1
"39486","201301ZD30538",3,9,0,18,0,8,0,0,0,0,1,1,6,3,-1,-1,-1,-1,-1,-1
"39487","201301ZD30539",1,9,0,9,0,8,0,0,0,0,3,1,6,2,8,1560,2,3,8,1
"39488","201301ZD30539",2,3,0,18,0,8,0,0,0,0,1,1,6,1,4,125,1,1,9,1
"39489","201301ZD30543",1,9,0,18,0,8,0,0,0,0,4,1,6,2,7,1400,1,8,5,1
"39490","201301ZD30543",2,9,0,9,0,8,0,0,0,0,1,1,6,2,6,1598,2,2,5,1
"39491","201301ZD30544",1,9,0,18,0,2,0,0,0,0,1,1,6,2,10,2959,1,13,4,1
"39492","201301ZD30545",1,5,0,13,0,8,0,0,0,0,4,1,6,1,7,1199,1,8,6,1
"39493","201301ZD30545",2,9,0,9,0,8,0,0,0,0,3,1,2,1,9,1299,1,13,5,1
"39494","201301ZD30546",1,11,0,4,0,1,0,0,0,0,2,1,1,1,7,6700,2,5,9,1
"39495","201301ZD30546",2,11,0,18,0,1,0,0,0,0,1,1,1,1,7,3900,2,10,4,1
"39496","201301ZD30547",1,9,0,18,0,8,0,0,0,0,1,1,6,1,5,-1,-1,-1,9,1
"39497","201301ZD30547",2,4,0,9,0,8,0,0,0,0,1,1,6,1,9,-1,-1,-1,-1,-1
"39498","201301ZD30550",1,9,0,18,0,8,0,0,0,0,4,1,6,2,5,1598,1,6,3,1
"39499","201301ZD30550",2,9,0,9,0,8,0,0,0,0,1,1,6,1,6,999,1,-1,3,1
"39500","201301ZD30551",1,3,0,18,0,8,0,0,0,0,1,1,6,1,10,798,1,23,6,1
"39501","201301ZD30551",2,9,0,9,0,8,0,0,0,0,1,1,6,1,11,1597,1,14,5,1
"39502","201301ZD30552",1,9,0,2,0,0,0,0,0,0,2,1,6,3,-1,2946,1,11,-1,-1
"39503","201301ZD30552",2,1,0,18,0,0,0,0,0,0,1,1,6,1,5,-1,-1,-1,-1,-1
"39504","201301ZD30553",1,3,0,18,0,0,0,0,0,0,1,1,6,1,7,124,1,-1,7,1
"39505","201301ZD30554",1,9,0,3,0,2,0,0,0,0,2,1,6,2,6,998,1,3,4,1
"39506","201301ZD30554",2,9,0,18,0,2,0,0,0,0,1,1,6,1,9,2435,1,16,4,1
"39507","201301ZD30556",1,3,0,18,0,8,0,0,0,0,3,1,6,1,5,124,1,-1,3,1
"39508","201301ZD30556",2,9,0,9,0,8,0,0,0,0,1,1,6,1,9,1910,2,5,3,1
"39509","201301ZD30557",1,9,0,18,0,0,0,0,0,0,3,1,6,1,-1,-1,-1,-1,-1,-1
"39510","201301ZD30558",1,9,0,18,0,8,0,0,1,0,1,1,6,2,4,1149,1,3,7,1
"39511","201301ZD30558",2,9,0,18,0,8,0,0,1,4,3,1,4,2,7,1598,1,13,2,1
"39512","201301ZD30559",1,3,0,18,0,8,0,0,0,0,3,1,6,1,5,124,1,1,9,1
"39513","201301ZD30559",2,19,0,11,0,8,0,0,0,0,4,2,6,1,-1,-1,-1,-1,-1,-1
"39514","201301ZD30560",1,9,0,4,0,0,0,0,0,0,2,1,6,2,7,-1,-1,-1,7,1
"39515","201301ZD30560",2,9,0,4,0,0,0,0,0,0,1,1,6,2,-1,-1,-1,-1,-1,-1
"39516","201301ZD30561",1,2,0,14,0,1,0,0,0,0,4,1,6,1,5,125,1,1,1,1
"39517","201301ZD30561",2,9,0,9,0,6,0,0,0,0,1,1,6,2,-1,-1,-1,-1,3,1
"39518","201301ZD30562",1,9,0,3,0,0,0,0,0,0,2,1,6,1,8,1998,2,11,2,1
"39519","201301ZD30562",2,19,0,18,0,0,0,0,1,0,1,1,6,3,-1,2400,2,10,6,1
"39520","201301ZD30563",1,1,0,18,4,0,0,0,0,0,3,1,6,2,7,-1,-1,-1,8,1
"39521","201301ZD30563",2,9,0,9,0,0,0,0,0,0,1,1,6,1,-1,1598,1,10,-1,-1
"39522","201301ZD30564",1,9,0,9,0,8,0,0,0,0,0,1,3,2,6,1998,1,11,4,1
"39523","201301ZD30564",2,1,0,18,0,8,0,0,0,0,0,1,6,1,4,-1,-1,-1,8,1
"39524","201301ZD30565",1,9,0,18,0,8,0,0,0,0,2,1,6,1,8,-1,-1,-1,8,1
"39525","201301ZD30565",2,9,0,18,0,8,0,0,0,0,1,1,6,2,9,1198,1,11,-1,-1
"39526","201301ZD30568",1,9,0,18,0,0,0,0,0,0,1,1,6,1,7,2499,1,6,5,1
"39527","201301ZD30569",1,11,0,18,0,0,0,0,0,0,4,1,6,1,-1,-1,-1,-1,-1,-1
"39528","201301ZD30570",1,9,0,3,0,0,0,0,0,0,1,1,6,2,8,1598,1,15,4,1
"39529","201301ZD30570",2,9,0,4,0,0,0,0,0,0,2,1,6,1,-1,1796,1,10,-1,-1
"39530","201301ZD30571",1,9,0,3,0,8,0,0,0,0,2,1,6,2,5,1086,1,7,5,1
"39531","201301ZD30571",2,9,0,18,0,8,0,0,0,0,1,1,6,1,5,1910,2,10,1,1
"39532","201301ZD30572",1,9,0,4,0,0,0,0,0,0,4,1,6,2,5,1390,1,4,6,1
"39533","201301ZD30572",2,1,0,18,0,0,0,0,0,0,1,1,6,1,9,-1,-1,-1,4,1
"39534","201301ZD30573",1,5,0,7,0,8,0,0,0,0,0,1,6,1,8,1130,1,11,9,1
"39535","201301ZD30574",1,1,0,18,0,8,0,0,0,0,1,1,6,2,8,-1,-1,-1,8,1
"39536","201301ZD30574",2,8,0,9,0,8,0,0,0,0,4,1,6,1,-1,-1,-1,-1,7,1
"39537","201301ZD30575",1,1,0,16,0,8,0,0,0,0,3,1,6,1,3,-1,-1,-1,5,1
"39538","201301ZD30575",2,11,0,18,0,8,0,0,1,0,1,1,1,1,5,-1,-1,-1,2,1
"39539","201301ZD30576",1,9,0,3,0,1,0,0,0,0,2,1,6,2,8,1248,1,3,6,1
"39540","201301ZD30576",2,9,0,4,0,1,0,0,0,0,2,1,6,2,8,2995,1,8,3,1
"39541","201301ZD30576",3,9,0,18,0,1,0,0,0,0,1,1,6,1,6,1248,2,8,6,1
"39542","201301ZD30577",1,9,0,18,0,0,0,0,0,0,1,1,6,1,6,1242,1,4,6,1
"39543","201301ZD30578",1,9,0,7,0,0,0,0,0,0,4,1,6,1,6,1999,1,12,6,1
"39544","201301ZD30578",2,9,0,7,0,0,0,0,0,0,1,1,6,1,9,-1,-1,-1,6,1
"39545","201301ZD30579",1,9,0,1,0,8,0,0,0,0,2,1,6,1,-1,1910,2,6,3,1
"39546","201301ZD30580",1,9,0,9,0,8,0,0,0,0,3,1,6,1,7,-1,-1,-1,2,1
"39547","201301ZD30580",2,3,0,18,0,8,0,0,0,0,1,1,6,1,6,-1,-1,-1,3,1
"39548","201301ZD30582",1,9,0,9,0,8,0,0,0,0,1,1,6,1,7,1998,1,16,4,1
"39549","201301ZD30582",2,3,0,18,0,8,0,0,0,0,1,1,6,1,5,124,1,13,3,1
"39550","201301ZD30583",1,9,0,18,0,8,0,0,0,0,1,1,6,2,7,1388,1,1,8,2
"39551","201301ZD30583",2,9,0,9,0,8,0,0,0,0,1,1,6,1,6,-1,-1,-1,4,1
"39552","201301ZD30584",1,11,0,3,0,0,0,0,0,0,0,1,1,1,6,8300,2,7,5,1
"39553","201301ZD30585",1,1,0,18,1,2,0,0,0,0,0,1,6,1,6,-1,-1,-1,9,1
"39554","201301ZD30585",2,11,0,13,0,2,0,0,0,0,0,1,1,3,-1,-1,-1,-1,-1,-1
"39555","201301ZD30587",1,3,0,18,0,2,0,0,0,0,1,1,6,1,-1,-1,-1,-1,3,1
"39556","201301ZD30587",2,9,0,5,0,2,0,0,0,0,4,1,6,3,-1,1988,1,13,-1,-1
"39557","201301ZD30588",1,9,0,18,0,8,0,0,0,0,1,1,6,1,8,3301,1,10,6,1
"39558","201301ZD30588",2,90,0,18,0,8,0,0,0,0,2,1,6,1,10,-1,-1,-1,3,1
"39559","201301ZD30589",1,9,0,3,0,1,0,0,0,0,2,1,6,1,6,2979,1,10,5,1
"39560","201301ZD30589",2,19,0,4,0,1,0,0,0,0,1,1,1,1,7,2402,2,2,10,1
"39561","201301ZD30591",1,8,0,18,0,8,0,0,0,0,1,1,6,2,8,-1,-1,-1,6,1
"39562","201301ZD30591",2,1,0,16,0,8,0,0,0,0,4,1,6,1,4,-1,-1,-1,-1,-1
"39563","201301ZD30593",1,4,0,17,0,8,0,0,0,0,1,1,6,1,6,599,1,2,-1,-1
"39564","201301ZD30593",2,9,0,7,0,8,0,0,0,0,3,1,6,2,8,1598,2,-1,2,1
"39565","201301ZD30594",1,3,0,4,0,2,0,0,0,0,1,1,6,1,-1,125,1,3,6,1
"39566","201301ZD30594",2,9,0,4,0,2,0,0,0,0,2,1,6,1,5,1392,1,20,2,1
"39567","201301ZD30596",1,3,0,18,0,0,0,0,0,0,4,1,6,1,6,124,1,7,2,1
"39568","201301ZD30597",1,9,0,4,0,2,0,0,0,0,2,1,6,2,8,1796,1,15,5,1
"39569","201301ZD30597",2,9,0,4,0,2,0,0,0,0,1,1,6,1,5,2953,2,9,2,1
"39570","201301ZD30598",1,9,0,3,0,0,0,0,0,0,2,1,6,2,9,1598,1,5,7,1
"39571","201301ZD30598",2,9,0,18,0,0,0,0,0,0,1,1,6,1,-1,1998,1,9,-1,-1
"39572","201301ZD30599",1,9,0,4,0,1,0,0,0,0,1,1,6,1,8,2792,1,17,4,1
"39573","201301ZD30599",2,11,0,3,0,1,0,0,0,0,2,1,1,1,9,3900,2,9,4,1
"39574","201301ZD30600",1,9,0,18,0,0,0,4,0,0,4,1,6,1,9,1997,2,9,9,1
"39575","201301ZD30600",2,9,0,2,0,0,0,0,0,0,3,1,6,3,-1,2143,2,1,-1,-1
"39576","201301ZD30601",1,9,0,18,0,8,0,0,0,0,4,1,6,1,6,1895,1,12,10,1
"39577","201301ZD30601",2,9,0,9,0,6,0,0,0,0,1,1,6,1,7,1229,1,-1,-1,-1
"39578","201301ZD30602",1,1,0,18,0,8,0,0,0,0,1,1,2,1,7,-1,-1,-1,8,1
"39579","201301ZD30602",2,9,0,9,0,8,0,0,0,0,4,1,1,1,6,1598,1,12,4,1
"39580","201301ZD30604",1,11,0,4,0,1,0,0,0,0,0,1,1,1,7,-1,-1,-1,4,1
"39581","201301ZD30605",1,9,0,18,0,8,0,0,0,0,4,1,6,1,7,998,1,11,5,1
"39582","201301ZD30605",2,9,0,18,0,8,0,0,0,0,1,1,6,1,5,1995,2,3,5,1
"39583","201301ZD30606",1,9,0,9,0,1,0,0,0,0,2,1,6,1,6,1796,1,8,8,1
"39584","201301ZD30606",2,9,0,9,0,1,0,0,0,0,1,1,6,1,-1,1995,2,7,-1,-1
"39585","201301ZD30607",1,9,0,4,0,0,0,0,0,0,2,1,6,2,5,1149,1,5,2,1
"39586","201301ZD30607",2,9,0,4,0,0,0,0,0,0,1,1,6,1,5,1198,1,6,3,1
"39587","201301ZD30608",1,19,0,1,0,0,0,0,0,0,2,1,6,1,6,1686,2,9,7,1
"39588","201301ZD30609",1,9,0,18,0,0,0,0,0,0,4,1,6,1,6,1896,2,3,7,1
"39589","201301ZD30611",1,9,0,9,0,8,0,0,0,0,3,1,6,1,5,1796,1,4,3,1
"39590","201301ZD30611",2,3,0,13,0,8,0,0,0,0,4,1,6,1,5,-1,-1,-1,1,1
"39591","201301ZD30612",1,9,0,18,0,8,0,0,0,0,1,1,6,1,6,1796,1,9,3,1
"39592","201301ZD30612",2,5,0,18,0,8,0,0,0,0,4,1,6,1,8,749,1,8,5,1
"39593","201301ZD30613",1,9,0,18,0,8,0,0,0,0,3,1,6,1,8,1975,1,15,2,1
"39594","201301ZD30613",2,3,0,18,0,8,0,0,0,0,1,1,6,1,4,125,1,3,4,1
"39597","201301ZD30616",1,5,0,18,0,8,0,0,0,0,1,1,6,1,8,600,1,11,-1,-1
"39598","201301ZD30616",2,9,0,9,0,8,0,0,0,0,4,1,6,1,7,1590,1,12,-1,-1
"39599","201301ZD30617",1,3,0,13,0,8,0,10,7,4,1,1,6,1,8,-1,-1,-1,7,1
"39600","201301ZD30617",2,9,0,9,0,8,0,0,0,0,3,1,6,2,-1,1590,1,9,8,1
"39601","201301ZD30618",1,9,0,17,0,8,0,0,0,0,1,1,6,2,6,1984,1,5,2,1
"39602","201301ZD30618",2,9,0,9,0,8,0,0,0,0,3,1,6,1,7,1560,2,-1,6,1
"39603","201301ZD30619",1,9,0,18,0,0,0,0,0,0,1,1,6,2,6,1397,1,5,1,1
"39604","201301ZD30619",2,9,0,6,0,0,0,0,0,0,4,1,6,1,8,1598,1,15,6,1
"39605","201301ZD30620",1,9,0,18,0,8,0,0,0,0,3,1,6,1,6,3222,2,9,6,1
"39606","201301ZD30620",2,1,0,18,0,8,0,0,0,0,1,1,6,1,5,-1,-1,-1,3,1
"39607","201301ZD30621",1,9,0,18,0,8,0,0,0,0,1,1,6,2,6,1587,1,13,2,1
"39608","201301ZD30621",2,9,0,9,0,8,0,0,0,0,3,1,6,1,6,1798,1,2,5,1
"39609","201301ZD30622",1,1,0,18,9,0,0,0,0,0,1,1,6,1,5,-1,-1,-1,3,1
"39610","201301ZD30623",1,9,0,18,0,0,0,4,0,0,3,1,6,2,9,1339,1,8,-1,-1
"39611","201301ZD30623",2,9,0,2,0,0,0,0,0,0,4,1,6,3,-1,796,1,12,-1,-1
"39612","201301ZD30624",1,9,0,18,0,8,0,0,0,0,1,1,6,2,5,1598,1,1,9,1
"39613","201301ZD30624",2,9,0,11,0,8,0,10,1,7,1,1,6,2,5,1598,1,5,3,1
"39614","201301ZD30626",1,9,0,18,0,0,0,0,0,0,4,1,6,1,6,2987,2,1,4,1
"39615","201301ZD30626",2,9,0,18,0,0,0,0,0,0,3,1,6,2,6,1587,1,12,10,1
"39616","201301ZD30627",1,9,0,18,0,8,0,0,0,0,1,1,6,2,7,1240,1,4,6,1
"39617","201301ZD30627",2,9,0,18,0,8,0,0,0,0,3,1,6,1,6,1242,1,11,8,1
"39618","201301ZD30629",1,11,0,18,0,0,0,0,0,0,1,1,1,1,8,7300,2,8,4,1
"39619","201301ZD30629",2,9,0,18,0,0,1,0,0,0,1,1,6,3,-1,-1,-1,-1,-1,-1
"39620","201301ZD30630",1,9,0,18,0,8,0,0,0,0,3,1,6,2,9,998,1,10,2,1
"39621","201301ZD30630",2,8,0,9,0,8,0,0,0,0,1,1,6,1,6,1997,2,4,5,1
"39622","201301ZD30633",1,9,0,4,0,0,0,0,0,0,1,1,6,2,10,1149,1,4,6,3
"39623","201301ZD30633",2,9,0,3,0,0,0,0,0,0,2,1,6,2,5,1598,1,9,9,1
"39624","201301ZD30633",3,9,0,3,0,0,0,0,0,0,2,1,6,2,5,1299,1,11,2,1
"39625","201301ZD30633",4,19,0,3,0,0,0,0,0,0,2,1,6,1,6,1995,2,2,7,1
"39626","201301ZD30634",1,19,0,18,0,8,1,0,0,0,1,1,6,1,7,-1,-1,-1,4,1
"39627","201301ZD30634",2,1,0,18,0,8,0,0,0,0,4,1,6,2,4,-1,-1,-1,6,1
"39628","201301ZD30635",1,9,0,18,0,0,0,10,8,7,4,1,6,2,5,1397,1,5,5,1
"39629","201301ZD30635",2,9,0,11,0,0,0,0,0,0,3,1,6,1,4,1995,2,8,9,1
"39630","201301ZD30635",3,11,0,18,0,0,0,0,0,0,3,1,1,1,6,9200,2,10,3,1
"39631","201301ZD30639",1,9,0,18,0,0,0,0,0,0,2,1,6,1,8,1199,1,13,3,1
"39632","201301ZD30639",2,9,0,18,0,0,0,0,0,0,1,1,6,1,-1,-1,-1,-1,-1,-1
"39633","201301ZD30640",1,9,0,18,0,1,0,0,0,0,4,1,6,1,11,1599,1,8,-1,-1
"39634","201301ZD30641",1,9,0,18,0,8,0,0,0,0,1,1,6,2,7,1299,1,13,4,1
"39635","201301ZD30641",2,9,0,9,0,8,0,0,0,0,1,1,6,2,6,1149,1,6,5,1
"39636","201301ZD30642",1,9,0,9,0,8,0,0,0,0,1,1,6,2,10,1600,1,14,5,1
"39637","201301ZD30642",2,1,0,18,0,8,0,0,0,0,4,1,6,2,6,-1,-1,-1,3,1
"39638","201301ZD30643",1,9,0,18,0,8,0,0,0,0,3,1,6,1,7,1600,2,2,9,1
"39639","201301ZD30643",2,9,0,18,0,8,0,0,0,0,1,1,6,2,-1,1896,2,4,-1,-1
"39640","201301ZD30644",1,1,0,18,0,8,0,0,0,0,1,1,6,1,6,-1,-1,-1,6,1
"39641","201301ZD30644",2,9,0,9,0,8,0,0,0,0,4,1,6,1,-1,1390,1,6,4,1
"39642","201301ZD30645",1,9,0,18,0,2,0,0,0,0,1,1,6,2,7,1995,1,3,6,1
"39643","201301ZD30646",1,9,0,14,0,0,0,0,0,0,3,1,6,1,8,1796,1,11,2,1
"39644","201301ZD30646",2,9,0,14,0,0,0,0,0,0,4,1,6,2,8,1598,1,2,2,1
"39645","201301ZD30647",1,9,0,18,0,8,0,10,3,10,1,1,6,2,6,1995,1,4,1,1
"39646","201301ZD30648",1,9,0,9,0,8,0,0,0,0,0,1,6,1,8,-1,-1,-1,-1,-1
"39647","201301ZD30648",2,1,0,18,0,8,0,0,0,0,0,1,6,1,8,-1,-1,-1,-1,-1
"39648","201301ZD30649",1,9,0,18,0,8,0,0,0,0,4,1,6,1,8,1590,1,10,5,1
"39649","201301ZD30650",1,9,0,18,0,8,0,0,0,0,1,1,6,1,7,2171,1,9,4,1
"39650","201301ZD30651",1,9,0,17,0,0,0,0,0,0,1,1,6,1,5,1198,1,6,9,1
"39651","201301ZD30653",1,11,0,4,0,0,0,0,0,0,0,1,1,2,8,-1,-1,-1,8,1
"39652","201301ZD30654",1,1,0,18,0,0,0,0,0,0,3,1,6,2,6,-1,-1,-1,5,1
"39653","201301ZD30654",2,9,0,13,0,0,0,0,0,0,4,1,6,3,-1,2979,1,8,-1,-1
"39654","201301ZD30655",1,9,0,18,0,0,0,0,0,0,1,1,6,2,8,1498,1,4,-1,-1
"39655","201301ZD30657",1,9,0,9,0,8,0,0,0,0,4,1,6,2,6,1198,1,7,4,1
"39656","201301ZD30657",2,5,0,3,0,8,0,0,0,0,1,1,6,1,6,645,1,2,1,1
"39657","201301ZD30658",1,9,0,18,0,8,0,0,0,0,1,1,6,2,6,1364,1,6,3,1
"39658","201301ZD30658",2,9,0,18,0,8,0,0,0,0,3,1,6,2,7,-1,-1,-1,3,1
"39659","201301ZD30660",1,9,0,7,0,8,0,0,0,0,2,1,6,1,4,1299,1,10,2,1
"39660","201301ZD30660",2,8,0,18,0,8,0,0,0,0,1,1,6,3,-1,-1,-1,-1,-1,-1
"39661","201301ZD30661",1,9,0,4,0,8,0,0,0,0,1,1,6,2,4,1199,1,12,10,1
"39662","201301ZD30661",2,9,0,18,0,8,0,0,0,0,1,1,6,2,9,999,1,-1,-1,-1
"39663","201301ZD30663",1,9,0,9,0,8,0,0,0,0,1,1,6,2,5,1598,1,7,6,1
"39664","201301ZD30663",2,5,0,18,0,8,0,0,0,0,1,1,6,1,8,-1,-1,-1,6,1
"39665","201301ZD30664",1,9,0,5,0,0,0,0,0,0,2,1,6,1,6,-1,-1,-1,4,1
"39666","201301ZD30664",2,9,0,18,0,0,0,0,0,0,1,1,6,3,-1,-1,-1,-1,-1,-1
"39667","201301ZD30666",1,9,0,18,0,0,0,0,0,0,1,1,6,2,5,1595,1,11,4,1
"39668","201301ZD30666",2,9,0,4,0,0,0,0,0,0,2,1,6,1,-1,-1,-1,-1,-1,-1
"39669","201301ZD30667",1,9,0,18,0,8,0,0,0,0,1,1,6,1,8,1896,2,5,7,1
"39670","201301ZD30667",2,9,0,9,0,8,0,0,0,0,1,1,6,2,9,1343,1,20,-1,-1
"39671","201301ZD30667",3,9,0,2,0,2,0,0,0,0,3,1,6,3,-1,-1,-1,-1,-1,-1
"39672","201301ZD30667",4,9,0,2,0,2,0,0,0,0,3,1,6,3,-1,-1,-1,-1,-1,-1
"39673","201301ZD30668",1,9,0,9,0,8,0,0,0,0,1,1,6,2,8,1997,2,3,9,1
"39674","201301ZD30668",2,9,0,18,0,8,0,0,0,0,4,1,6,1,6,2148,2,5,3,1
"39675","201301ZD30669",1,9,0,18,0,8,0,0,0,0,1,1,6,2,9,1587,1,10,5,1
"39676","201301ZD30669",2,19,0,7,0,8,0,0,0,0,1,1,1,1,6,-1,-1,-1,4,1
"39677","201301ZD30670",1,9,0,9,0,8,0,0,0,0,1,1,6,2,5,1400,1,8,1,1
"39678","201301ZD30670",2,9,0,18,0,8,0,0,0,0,1,1,6,2,5,1248,2,9,10,1
"39679","201301ZD30671",1,9,0,9,0,8,0,0,0,0,1,1,6,1,8,1560,2,8,4,1
"39680","201301ZD30671",2,9,0,18,0,8,0,0,0,0,1,1,6,2,11,1984,1,12,5,1
"39681","201301ZD30672",1,9,0,18,0,8,0,0,0,0,1,1,6,3,-1,-1,-1,-1,-1,-1
"39682","201301ZD30673",1,9,0,18,0,0,0,0,0,0,1,1,6,3,-1,1598,1,6,-1,-1
"39683","201301ZD30673",2,9,0,18,0,0,0,0,0,0,1,1,6,1,-1,1399,2,10,-1,-1
"39684","201301ZD30674",1,9,0,3,0,1,0,0,0,0,4,1,6,1,10,1124,1,9,6,1