"","Acc_Index","Vehicle_Reference","Vehicle_Type","Towing_and_Articulation","Vehicle_Manoeuvre","Vehicle_Location.Restricted_Lane","Junction_Location","Skidding_and_Overturning","Hit_Object_in_Carriageway","Vehicle_Leaving_Carriageway","Hit_Object_off_Carriageway","X1st_Point_of_Impact","Was_Vehicle_Left_Hand_Drive","Journey_Purpose_of_Driver","Sex_of_Driver","Age_Band_of_Driver","Engine_Capacity_.CC.","Propulsion_Code","Age_of_Vehicle","Driver_IMD_Decile","Driver_Home_Area_Type"
"39685","201301ZD30675",1,9,0,10,0,8,0,0,0,0,2,1,6,2,7,1598,2,1,7,1
"39686","201301ZD30675",2,9,0,18,0,8,0,0,0,0,1,1,6,1,10,2435,1,14,5,1
"39687","201301ZD30676",1,3,0,9,0,8,0,0,0,0,2,1,6,1,6,-1,-1,-1,3,1
"39688","201301ZD30676",2,9,0,18,0,8,0,0,0,0,1,1,6,1,6,1398,1,-1,3,1
"39689","201301ZD30677",1,9,0,18,0,8,0,0,0,0,1,1,6,1,8,1998,1,11,3,1
"39690","201301ZD30677",2,9,0,9,0,8,0,0,0,0,3,1,6,2,6,1598,1,7,7,1
"39691","201301ZD30678",1,1,0,18,0,8,0,0,0,0,3,1,6,1,8,-1,-1,-1,6,1
"39692","201301ZD30678",2,9,0,18,0,8,0,0,0,0,4,1,6,1,5,2720,2,7,9,1
"39693","201301ZD30680",1,1,0,18,0,8,0,0,0,0,1,1,6,1,7,-1,-1,-1,-1,-1
"39694","201301ZD30680",2,9,0,9,0,8,0,0,0,0,4,1,6,3,-1,-1,-1,-1,-1,-1
"39695","201301ZD30682",1,9,0,7,0,1,0,0,0,0,1,1,6,2,9,1840,1,12,4,1
"39696","201301ZD30683",1,1,0,18,0,8,0,0,0,0,4,1,6,1,7,-1,-1,-1,3,1
"39697","201301ZD30683",2,9,0,7,0,8,0,0,0,0,1,1,6,3,-1,-1,-1,-1,-1,-1
"39698","201301ZD30684",1,5,0,16,0,1,0,0,0,0,0,1,6,2,7,-1,-1,-1,8,1
"39699","201301ZD30685",1,9,0,4,0,1,0,0,0,0,2,1,6,2,7,3628,2,3,4,1
"39700","201301ZD30685",2,9,0,9,0,1,0,0,0,0,1,1,6,2,-1,3311,8,8,-1,-1
"39701","201301ZD30687",1,11,0,18,0,1,0,0,0,0,0,1,1,1,7,5883,2,11,5,1
"39702","201301ZD30688",1,5,0,18,0,8,0,0,0,0,1,1,6,1,-1,998,1,10,2,1
"39703","201301ZD30688",2,9,0,1,0,8,0,0,0,0,0,1,6,1,4,1598,2,-1,5,1
"39704","201301ZD30689",1,9,0,9,0,8,0,0,0,0,1,1,6,1,7,-1,-1,-1,5,1
"39705","201301ZD30689",2,3,0,18,0,8,0,0,0,0,1,1,6,1,6,-1,-1,-1,3,1
"39706","201301ZD30690",1,9,0,7,0,2,0,0,0,0,1,1,6,3,-1,-1,-1,-1,-1,-1
"39707","201301ZD30691",1,19,0,7,0,8,0,0,0,0,4,1,6,1,6,2402,2,6,10,2
"39708","201301ZD30691",2,5,0,7,0,8,0,0,0,0,3,1,6,1,8,649,1,-1,8,1
"39709","201301ZD30692",1,11,0,18,0,8,0,0,0,0,0,1,1,1,9,4500,2,1,3,1
"39710","201301ZD30692",2,9,0,9,0,8,0,0,0,0,0,1,6,2,-1,-1,-1,-1,-1,-1
"39711","201301ZD30693",1,9,0,7,0,8,0,0,0,0,4,1,6,2,8,1390,1,4,7,1
"39712","201301ZD30693",2,1,0,15,0,8,0,0,0,0,1,1,6,1,4,-1,-1,-1,5,1
"39713","201301ZD30695",1,19,0,12,0,8,0,0,0,0,3,1,1,3,-1,2143,2,2,-1,-1
"39714","201301ZD30695",2,19,0,18,0,8,0,0,0,0,4,1,1,1,8,2463,2,8,4,1
"39715","201301ZD30697",1,9,0,9,0,8,0,0,0,0,3,1,6,2,7,2188,2,7,8,1
"39716","201301ZD30697",2,5,0,18,0,8,0,0,0,0,1,1,6,1,7,487,1,6,6,1
"39717","201301ZD30699",1,5,0,18,0,8,0,0,0,0,1,1,6,1,6,599,1,6,3,1
"39718","201301ZD30699",2,9,0,9,0,8,0,0,0,0,2,1,6,2,5,1199,1,10,4,1
"39719","201301ZD30700",1,9,0,18,0,0,0,0,0,0,1,1,6,1,9,1240,1,8,9,1
"39720","201301ZD30701",1,8,0,9,0,8,0,0,0,0,1,1,1,1,7,1997,2,4,3,1
"39721","201301ZD30702",1,9,0,16,0,2,0,10,7,3,1,1,6,2,6,1587,1,10,1,1
"39722","201301ZD30703",1,19,0,9,0,8,0,0,0,0,1,1,1,1,4,2198,2,5,-1,-1
"39723","201301ZD30703",2,9,0,10,0,8,0,0,0,0,1,1,1,1,8,1998,1,11,4,1
"39724","201301ZD30704",1,9,0,18,0,0,2,10,1,2,1,1,6,1,7,1248,1,-1,5,1
"39725","201301ZD30705",1,9,0,9,0,8,0,0,0,0,1,1,6,1,-1,-1,-1,-1,-1,-1
"39726","201301ZD30705",2,9,0,17,0,8,0,0,0,0,1,1,6,2,6,1995,1,4,2,1
"39727","201301ZD30707",1,9,0,6,0,0,0,0,0,0,4,1,6,2,5,1299,1,13,6,1
"39728","201301ZD30707",2,9,0,18,0,0,0,0,0,0,1,1,6,1,7,1587,1,8,3,1
"39729","201301ZD30708",1,9,0,9,0,8,0,0,0,0,3,1,6,2,10,1781,1,15,6,1
"39730","201301ZD30708",2,3,0,18,0,8,0,0,0,0,1,1,6,1,4,107,1,-1,1,1
"39731","201301ZD30709",1,19,0,1,0,1,0,0,0,0,2,1,6,2,-1,1868,2,11,-1,-1
"39732","201301ZD30710",1,9,0,4,0,0,0,0,0,0,2,1,6,1,7,-1,-1,-1,3,1
"39733","201301ZD30710",2,9,0,4,0,0,0,0,0,0,1,1,6,2,5,-1,-1,-1,-1,-1
"39734","201301ZD30711",1,9,0,2,0,0,0,0,0,0,1,1,6,2,10,2397,1,14,4,1
"39735","201301ZD30711",2,9,0,18,0,0,1,4,0,0,1,1,6,2,-1,-1,-1,-1,3,1
"39736","201301ZD30712",1,9,0,18,0,8,0,0,0,0,1,1,6,2,8,998,1,6,3,1
"39737","201301ZD30712",2,9,0,9,0,8,0,0,0,0,1,1,6,2,9,1229,1,8,3,1
"39738","201301ZD30713",1,5,0,14,0,8,0,0,0,0,1,1,6,1,6,599,1,9,7,3
"39739","201301ZD30713",2,9,0,6,0,8,0,0,0,0,3,1,6,2,-1,-1,-1,-1,-1,-1
"39740","201301ZD30714",1,3,0,18,0,8,0,0,0,0,0,1,6,1,6,124,1,5,3,1
"39741","201301ZD30714",2,9,0,6,0,8,0,0,0,0,0,1,6,2,6,1587,1,10,6,1
"39742","201301ZD30716",1,9,0,2,0,0,0,0,0,0,3,1,6,2,6,2198,1,7,9,1
"39743","201301ZD30716",2,11,0,16,0,0,0,4,0,0,4,1,1,3,-1,-1,-1,-1,-1,-1
"39744","201301ZD30717",1,5,0,18,0,0,0,0,0,0,0,1,6,1,6,599,1,13,2,1
"39745","201301ZD30718",1,9,0,9,0,8,0,0,0,0,3,1,6,2,8,1998,1,6,10,1
"39746","201301ZD30718",2,1,0,13,0,8,0,0,0,0,1,1,6,1,7,-1,-1,-1,8,1
"39747","201301ZD30719",1,9,0,3,0,2,0,0,0,0,2,1,6,2,8,1997,1,14,3,1
"39748","201301ZD30719",2,9,0,9,0,2,0,0,0,0,1,1,6,1,7,2143,2,3,2,1
"39749","201301ZD30720",1,9,0,3,0,0,0,0,0,0,2,1,6,2,8,1598,1,1,9,1
"39750","201301ZD30720",2,5,0,3,0,0,0,0,0,0,2,1,6,1,8,1130,1,8,5,1
"39751","201301ZD30720",3,19,0,18,0,0,0,0,0,0,1,1,6,1,8,-1,-1,-1,10,1
"39752","201301ZD30721",1,9,0,18,0,8,0,0,0,0,1,1,6,2,7,1896,2,17,3,1
"39753","201301ZD30721",2,19,0,9,0,8,0,0,0,0,4,1,1,2,8,1248,2,6,2,1
"39754","201301ZD30723",1,3,0,18,0,8,0,0,0,0,1,1,6,1,7,125,1,5,4,1
"39755","201301ZD30723",2,19,0,7,0,8,0,0,0,0,3,1,6,1,5,1968,2,-1,8,1
"39756","201301ZD30724",1,11,0,5,0,0,0,0,0,0,0,1,1,2,7,3900,2,8,3,1
"39757","201301ZD30725",1,9,0,18,0,8,0,0,0,0,1,1,6,1,-1,-1,-1,-1,-1,-1
"39758","201301ZD30725",2,9,0,18,0,8,0,0,0,0,3,1,6,1,6,1753,2,4,-1,-1
"39759","201301ZD30726",1,9,0,18,0,0,0,0,0,0,1,1,6,2,7,1400,1,13,1,1
"39760","201301ZD30726",2,9,0,2,0,0,0,0,0,0,1,1,6,3,-1,1586,1,5,-1,-1
"39761","201301ZD30728",1,9,0,18,0,8,0,0,0,0,1,1,6,1,7,1389,1,15,5,1
"39762","201301ZD30728",2,9,0,9,0,8,0,0,0,0,1,1,6,1,5,1598,1,8,2,1
"39763","201301ZD30729",1,8,0,9,0,2,0,0,0,0,1,1,6,1,-1,1686,2,5,-1,-1
"39764","201301ZD30730",1,5,0,9,0,8,0,0,0,0,2,1,6,1,6,-1,-1,-1,8,1
"39765","201301ZD30730",2,9,0,18,0,8,0,0,0,0,1,1,6,3,-1,-1,-1,-1,-1,-1
"39766","201301ZD30731",1,9,0,7,0,8,0,0,0,0,3,1,6,1,9,-1,-1,-1,8,1
"39767","201301ZD30731",2,9,0,18,0,8,0,0,0,0,1,1,6,1,-1,-1,-1,-1,-1,-1
"39768","201301ZD30732",1,8,0,18,0,8,0,0,0,0,1,1,6,1,6,1896,2,7,6,1
"39769","201301ZD30732",2,9,0,18,0,8,0,0,0,0,3,1,6,2,6,1198,1,5,2,1
"39770","201301ZD30733",1,9,0,18,0,0,0,0,0,0,1,1,6,1,-1,1398,1,7,-1,-1
"39771","201301ZD30733",2,9,0,3,0,0,0,0,0,0,2,1,6,1,-1,1527,2,15,-1,-1
"39772","201301ZD30733",3,9,0,2,0,0,0,0,0,0,2,1,6,3,-1,-1,-1,-1,-1,-1
"39773","201301ZD30734",1,9,0,9,0,8,0,0,0,0,3,1,6,2,9,1598,1,6,10,1
"39774","201301ZD30734",2,3,0,13,0,8,0,0,0,0,4,1,6,1,9,124,1,5,3,1
"39775","201301ZD30735",1,9,0,9,0,8,0,0,0,0,1,1,6,1,7,1461,2,3,2,1
"39776","201301ZD30735",2,9,0,18,0,8,0,0,0,0,4,1,6,2,4,1248,2,-1,8,1
"39777","201301ZD30736",1,9,0,9,0,8,0,0,0,0,3,1,6,1,7,1896,2,10,5,1
"39778","201301ZD30736",2,3,0,13,0,8,0,0,0,0,1,1,6,1,6,124,1,10,5,1
"39779","201301ZD30737",1,9,0,3,0,0,0,0,0,0,1,1,6,2,6,1769,1,12,6,1
"39780","201301ZD30737",2,9,0,1,0,0,0,0,0,0,2,1,6,1,-1,-1,-1,-1,-1,-1
"39781","201301ZD30738",1,9,0,18,0,8,0,0,0,0,1,1,6,1,-1,-1,-1,-1,-1,-1
"39782","201301ZD30738",2,8,0,9,0,8,0,0,0,0,3,1,6,1,8,1968,2,5,2,1
"39783","201301ZD30739",1,11,0,18,0,8,0,0,0,0,0,1,6,1,7,3900,2,9,7,1
"39784","201301ZD30739",2,9,0,9,0,8,0,0,0,0,0,1,6,1,8,2295,1,14,5,1
"39785","201301ZD30740",1,9,0,18,0,8,0,10,7,2,1,1,6,2,9,1596,1,11,5,1
"39786","201301ZD30740",2,9,0,9,0,8,0,0,0,0,0,1,6,2,-1,-1,-1,-1,-1,-1
"39787","201301ZD30741",1,9,0,18,0,2,0,0,0,0,1,1,6,1,5,1229,1,1,4,1
"39788","201301ZD30741",2,19,0,2,0,2,0,0,0,0,2,1,6,3,-1,2500,2,5,-1,-1
"39789","201301ZD30742",1,9,0,18,0,8,0,0,0,0,1,1,6,1,8,1299,1,12,1,1
"39790","201301ZD30742",2,9,0,9,0,8,0,0,0,0,3,1,6,3,-1,2000,1,18,-1,-1
"39791","201301ZD30743",1,9,0,18,0,0,0,0,0,0,1,1,6,1,8,1461,2,-1,4,1
"39792","201301ZD30744",1,9,0,1,0,0,0,0,0,0,2,1,6,2,-1,1560,2,6,-1,-1
"39793","201301ZD30745",1,9,0,18,0,0,0,0,0,0,3,1,6,1,6,1598,2,3,-1,-1
"39794","201301ZD30746",1,9,0,18,0,8,0,10,1,10,3,1,6,1,5,1199,1,10,2,1
"39795","201301ZD30746",2,9,0,18,0,8,0,0,0,0,1,1,6,1,6,1910,2,4,7,1
"39796","201301ZD30747",1,9,0,10,0,8,0,0,0,0,2,1,6,2,7,1397,1,10,3,1
"39797","201301ZD30747",2,9,0,9,0,8,0,0,0,0,1,1,6,1,8,998,1,4,3,1
"39798","201301ZD30748",1,1,0,18,0,8,0,0,0,0,1,1,6,1,7,-1,-1,-1,-1,-1
"39799","201301ZD30748",2,9,0,9,0,8,0,0,0,0,1,1,6,3,-1,-1,-1,-1,-1,-1
"39800","201301ZD30749",1,10,0,9,0,8,0,0,0,0,4,1,6,1,8,-1,-1,-1,10,1
"39801","201301ZD30749",2,2,0,18,0,8,0,0,0,0,1,1,6,1,4,125,1,7,4,1
"39802","201301ZD30751",1,9,0,3,0,2,0,0,0,0,2,1,1,1,6,1968,2,1,-1,-1
"39803","201301ZD30751",2,9,0,7,0,2,0,0,0,0,1,1,6,1,-1,1596,1,10,-1,-1
"39804","201301ZD30752",1,3,0,18,0,8,0,0,0,0,4,1,6,1,6,-1,-1,-1,2,1
"39805","201301ZD30752",2,9,0,9,0,8,0,0,0,0,1,1,6,1,-1,-1,-1,-1,-1,-1
"39806","201301ZD30753",1,9,0,18,0,8,0,0,0,0,1,1,6,2,7,1242,1,9,3,1
"39807","201301ZD30753",2,9,0,9,0,8,0,0,0,0,4,1,6,2,5,2143,2,1,-1,-1
"39808","201301ZD30754",1,9,0,10,0,8,0,0,0,0,2,1,6,2,4,1198,1,10,6,1
"39809","201301ZD30754",2,8,0,18,0,8,0,0,0,0,1,1,6,1,-1,-1,-1,-1,-1,-1
"39810","201301ZD30756",1,9,0,14,0,2,0,0,0,0,1,1,6,2,10,796,1,11,8,1
"39811","201301ZD30759",1,9,0,18,0,0,0,0,0,0,1,1,6,1,6,1596,1,5,6,2
"39812","201301ZD30759",2,9,0,6,0,0,0,0,0,0,3,1,6,2,6,1390,1,2,2,1
"39813","201301ZD30760",1,9,0,10,0,8,0,0,0,0,2,1,6,2,8,1149,1,1,-1,-1
"39814","201301ZD30760",2,9,0,18,0,8,0,0,0,0,1,1,6,2,-1,-1,-1,-1,7,1
"39815","201301ZD30761",1,9,0,18,0,0,0,0,0,0,1,1,6,2,8,1598,1,11,6,1
"39816","201301ZD30762",1,3,0,13,0,2,0,0,0,0,4,1,6,1,9,124,1,2,7,1
"39817","201301ZD30762",2,9,0,12,0,2,0,0,0,0,3,1,6,1,7,1398,1,11,8,1
"39818","201301ZD30763",1,9,0,18,0,8,0,0,0,0,4,1,6,2,7,1668,1,8,6,1
"39819","201301ZD30763",2,1,0,18,0,8,0,0,0,0,1,1,6,1,7,-1,-1,-1,5,1
"39820","201301ZD30764",1,9,0,18,0,0,0,0,0,0,3,1,6,1,7,998,1,12,3,1
"39821","201301ZD30764",2,21,0,18,0,0,0,0,0,0,3,2,1,1,7,-1,-1,-1,-1,-1
"39822","201301ZD30765",1,9,0,3,0,1,0,0,0,0,2,1,6,2,5,1998,1,6,5,3
"39823","201301ZD30765",2,19,0,4,0,1,0,0,0,0,1,1,6,1,-1,-1,-1,-1,-1,-1
"39824","201301ZD30769",1,9,0,9,0,8,0,0,0,0,1,1,6,2,6,1299,1,11,3,1
"39825","201301ZD30769",2,9,0,18,0,8,0,0,0,0,4,1,6,1,7,1329,1,1,5,1
"39826","201301ZD30770",1,9,0,1,0,0,0,0,0,0,2,1,6,2,5,1598,1,3,5,1
"39827","201301ZD30771",1,9,0,9,0,8,0,0,0,0,4,1,6,1,9,1299,1,10,2,1
"39828","201301ZD30771",2,9,0,18,0,8,0,0,0,0,1,1,6,1,6,2979,1,5,3,1
"39829","201301ZD30773",1,9,0,9,0,8,0,0,0,0,4,1,6,1,4,2435,1,12,9,1
"39830","201301ZD30773",2,9,0,18,0,8,0,0,0,0,1,1,6,1,8,1781,1,13,8,1
"39831","201301ZD30774",1,19,0,9,0,8,0,0,0,0,4,1,1,1,8,2500,2,6,4,1
"39832","201301ZD30774",2,3,0,18,0,8,0,0,0,0,1,1,6,1,4,125,1,-1,6,1
"39833","201301ZD30775",1,9,0,18,0,1,0,0,0,0,1,1,6,1,8,2494,1,23,-1,-1
"39834","201301ZD30775",2,9,0,3,0,1,0,0,0,0,2,1,6,2,10,1390,1,15,6,1
"39835","201301ZD30775",3,9,0,3,0,1,0,0,0,0,2,1,6,1,9,1390,1,2,5,1
"39836","201301ZD30776",1,9,0,3,0,0,0,0,0,0,1,1,6,1,6,1248,2,6,5,1
"39837","201301ZD30776",2,9,0,1,0,0,0,0,0,0,2,1,6,2,-1,1332,1,14,-1,-1
"39838","201301ZD30778",1,9,0,17,0,8,0,0,0,0,1,1,6,1,6,1896,2,10,5,1
"39839","201301ZD30778",2,9,0,18,0,8,0,0,0,0,3,1,6,1,-1,2979,1,11,8,1
"39840","201301ZD30779",1,9,0,17,0,8,0,0,0,0,3,1,2,2,8,998,1,13,6,1
"39841","201301ZD30779",2,9,0,9,0,8,0,0,0,0,4,1,6,1,-1,1360,1,9,-1,-1
"39842","201301ZD30780",1,9,0,9,0,8,0,0,0,0,3,1,1,1,8,1910,2,7,3,1
"39843","201301ZD30780",2,1,0,14,0,8,0,0,0,0,1,1,6,1,6,-1,-1,-1,7,1
"39844","201301ZD30782",1,3,0,18,0,1,0,0,0,0,3,1,6,1,4,599,1,7,4,1
"39845","201301ZD30782",2,9,0,5,0,1,0,0,0,0,4,1,6,1,-1,1364,1,6,-1,-1
"39846","201301ZD30783",1,11,0,18,0,0,0,0,0,0,4,1,6,3,-1,-1,-1,-1,-1,-1
"39847","201301ZD30785",1,19,0,18,0,0,0,0,0,0,1,1,1,1,5,2402,2,3,4,1
"39848","201301ZD30785",2,9,0,4,0,0,0,0,0,0,2,1,6,2,7,1275,1,21,9,1
"39849","201301ZD30786",1,9,0,9,0,8,0,0,0,0,1,1,6,1,6,2000,1,5,1,1
"39850","201301ZD30786",2,9,0,13,0,8,0,0,0,0,1,1,6,1,7,1999,2,10,4,1
"39851","201301ZD30787",1,9,0,9,0,0,0,0,0,0,3,1,6,1,8,1598,1,4,10,1
"39852","201301ZD30787",2,9,0,14,0,0,0,0,0,0,1,1,6,1,-1,2148,2,6,-1,-1
"39853","201301ZD30788",1,9,0,5,0,0,0,0,0,0,1,1,6,2,-1,1796,1,5,-1,-1
"39854","201301ZD30789",1,9,0,18,0,0,0,0,0,0,3,1,6,1,6,1598,1,-1,4,1
"39855","201301ZD30789",2,19,0,5,0,0,0,0,0,0,1,1,6,1,-1,-1,-1,-1,4,1
"39856","201301ZD30791",1,9,0,18,0,1,0,0,0,0,1,1,6,2,8,1386,1,6,4,1
"39857","201301ZD30791",2,1,0,18,9,6,0,0,0,0,2,1,6,1,3,-1,-1,-1,2,1
"39858","201301ZD30792",1,9,0,18,0,1,0,0,0,0,1,1,6,1,8,1686,2,12,5,1
"39859","201301ZD30792",2,9,0,9,0,5,0,0,0,0,4,1,6,1,11,1497,1,9,2,1
"39860","201301ZD30793",1,9,0,9,0,8,0,0,0,0,3,1,6,2,7,998,1,11,3,1
"39861","201301ZD30793",2,3,0,14,0,8,0,0,0,0,1,1,6,1,4,125,1,1,6,1
"39862","201301ZD30794",1,9,0,3,0,1,0,0,0,0,2,1,6,2,5,1995,2,9,9,1
"39863","201301ZD30794",2,9,0,3,0,1,0,0,0,0,2,1,6,1,6,-1,-1,-1,5,1
"39864","201301ZD30794",3,9,0,18,0,1,0,0,0,0,1,1,6,2,8,1781,1,9,2,1
"39865","201301ZD30795",1,9,0,4,0,1,0,0,0,0,1,1,2,1,7,1769,1,11,8,1
"39866","201301ZD30796",1,19,0,7,9,2,0,0,0,0,4,1,6,3,-1,-1,-1,-1,-1,-1
"39867","201301ZD30797",1,9,0,12,0,0,0,0,0,0,3,1,6,1,8,4172,1,13,4,1
"39868","201301ZD30797",2,9,0,18,0,0,0,0,0,0,4,1,1,1,-1,1240,1,5,4,1
"39869","201301ZD30798",1,9,0,4,0,0,0,0,0,0,2,1,6,1,6,2993,2,9,2,1
"39870","201301ZD30798",2,9,0,18,0,0,0,0,0,0,1,1,6,2,8,2179,2,-1,10,1
"39871","201301ZD30799",1,19,0,1,0,6,0,0,0,0,2,1,2,1,6,-1,-1,-1,6,1
"39872","201301ZD30799",2,9,0,18,0,1,0,0,0,0,3,1,6,2,8,1595,1,12,6,1
"39873","201301ZD30800",1,9,0,9,0,5,0,0,0,0,4,1,6,1,10,1995,2,10,7,1
"39874","201301ZD30800",2,1,0,18,9,6,0,0,0,0,1,1,6,1,8,-1,-1,-1,7,1
"39875","201301ZD30801",1,8,0,14,0,2,0,0,0,0,1,1,6,3,-1,-1,-1,-1,-1,-1
"39876","201301ZD30803",1,9,0,4,0,1,0,0,0,0,2,1,6,1,7,1794,1,8,2,1
"39877","201301ZD30803",2,9,0,18,0,1,0,0,0,0,1,1,6,2,5,-1,-1,-1,6,3
"39878","201301ZD30804",1,2,0,18,0,0,0,0,0,0,0,1,6,1,7,49,1,6,2,1
"39879","201301ZD30804",2,9,0,6,0,0,0,0,0,0,0,1,6,1,7,1248,2,1,4,1
"39880","201301ZD30805",1,9,0,18,0,8,0,0,0,0,1,1,6,1,6,1796,1,10,8,1
"39881","201301ZD30805",2,9,0,7,0,8,0,0,0,0,4,1,6,1,6,1995,2,6,1,1
"39882","201301ZD30806",1,1,0,17,0,8,0,0,0,0,3,1,6,1,7,-1,-1,-1,4,1
"39883","201301ZD30806",2,19,0,18,0,8,0,0,0,0,4,1,6,1,-1,1461,2,3,-1,-1
"39884","201301ZD30808",1,9,0,9,0,8,0,0,0,0,4,1,6,1,8,2148,2,10,5,1
"39885","201301ZD30808",2,1,0,18,0,8,0,0,0,0,1,1,6,1,6,-1,-1,-1,3,1
"39886","201301ZD30809",1,9,0,18,0,8,0,0,0,0,4,1,6,1,8,2793,1,16,2,1
"39887","201301ZD30809",2,9,0,18,0,8,0,0,0,0,1,1,6,3,-1,1595,1,9,-1,-1
"39888","201301ZD30810",1,9,0,9,0,8,0,0,0,0,3,1,6,2,4,1596,1,2,6,1
"39889","201301ZD30810",2,9,0,18,0,8,0,0,0,0,1,1,6,2,-1,-1,-1,-1,2,1
"39890","201301ZD30811",1,9,0,10,0,8,0,0,0,0,1,1,6,2,-1,1910,2,3,6,1
"39891","201301ZD30811",2,9,0,18,0,8,0,0,0,0,1,1,1,1,6,-1,-1,-1,8,1
"39892","201301ZD30812",1,9,0,16,0,0,0,0,0,0,2,1,1,2,6,-1,-1,-1,6,1
"39893","201301ZD30812",2,9,0,16,0,0,0,0,0,0,2,1,6,1,9,2720,2,9,5,1
"39894","201301ZD30812",3,9,0,16,0,0,0,0,0,0,1,1,1,1,6,2500,2,8,5,1
"39895","201301ZD30813",1,9,0,3,0,2,0,0,0,0,2,1,6,2,7,2148,2,8,3,1
"39896","201301ZD30813",2,9,0,18,0,2,0,0,0,0,1,1,6,1,-1,1796,2,-1,3,1
"39897","201301ZD30814",1,9,0,10,0,1,0,0,0,0,2,1,6,2,8,-1,-1,-1,2,1
"39898","201301ZD30814",2,19,0,18,0,1,0,0,0,0,1,1,6,3,-1,1968,2,-1,-1,-1
"39899","201301ZD30815",1,9,0,3,0,1,0,0,0,0,2,1,6,2,8,1598,1,6,5,1
"39900","201301ZD30815",2,11,0,18,0,1,0,0,0,0,1,1,1,3,-1,-1,2,12,-1,-1
"39901","201301ZD30815",3,9,0,3,0,1,0,0,0,0,2,1,6,1,-1,1598,1,13,-1,-1
"39902","201301ZD30816",1,5,0,3,0,1,0,0,0,0,2,1,6,1,8,1137,1,12,3,1
"39903","201301ZD30816",2,9,0,18,0,1,0,0,0,0,1,1,6,1,9,1275,1,14,1,1
"39904","201301ZD30818",1,9,0,4,0,2,0,0,0,0,2,1,6,2,6,1598,1,13,4,1
"39905","201301ZD30818",2,9,0,4,0,2,0,0,0,0,2,1,6,2,6,1598,1,14,4,1
"39906","201301ZD30818",3,8,0,4,0,2,0,0,0,0,2,1,6,1,9,1991,2,7,2,1
"39907","201301ZD30818",4,19,0,18,0,2,0,0,0,0,1,1,1,1,6,2198,2,1,5,1
"39908","201301ZD30819",1,9,0,17,0,8,0,0,0,0,4,1,6,2,5,998,1,1,9,1
"39909","201301ZD30819",2,19,0,17,0,8,0,0,0,0,3,1,1,1,6,2198,2,-1,-1,-1
"39910","201301ZD30821",1,5,0,18,0,8,0,0,0,0,1,1,6,1,6,599,1,9,2,1
"39911","201301ZD30821",2,9,0,9,0,8,0,0,0,0,1,1,6,2,8,1328,1,10,3,1
"39912","201301ZD30823",1,11,0,7,0,8,0,0,0,0,4,1,1,1,6,-1,2,4,3,1
"39913","201301ZD30823",2,19,0,18,0,8,0,0,0,0,1,1,6,1,4,2198,2,3,3,1
"39914","201301ZD30825",1,9,0,18,0,2,0,0,0,0,1,1,6,1,8,-1,-1,-1,3,1
"39915","201301ZD30826",1,9,0,9,0,5,0,0,0,0,3,1,6,1,9,-1,-1,-1,-1,-1
"39916","201301ZD30826",2,2,0,8,0,1,0,0,0,0,3,1,6,2,9,-1,-1,-1,4,1
"39917","201301ZD30827",1,9,0,18,0,1,0,0,0,0,3,1,6,1,11,1299,1,10,5,1
"39918","201301ZD30828",1,9,0,18,0,0,0,0,0,0,4,1,6,2,6,-1,-1,-1,4,1
"39919","201301ZD30829",1,9,0,9,0,8,0,0,0,0,2,1,6,2,7,1289,1,15,3,1
"39920","201301ZD30829",2,9,0,18,0,8,0,0,0,0,1,1,6,2,5,1086,1,4,2,1
"39921","201301ZD30830",1,21,0,18,0,0,0,0,0,0,1,1,1,1,6,11946,2,5,2,1
"39922","201301ZD30830",2,9,0,4,0,0,0,0,0,0,2,1,6,1,5,-1,-1,-1,7,1
"39923","201301ZD30830",3,9,0,4,0,0,0,0,0,0,2,1,6,1,7,1991,2,7,6,1
"39924","201301ZD30830",4,9,0,4,0,0,0,0,0,0,2,1,6,1,-1,1992,2,5,-1,-1
"39925","201301ZD30831",1,9,0,17,0,8,0,0,0,0,4,1,6,2,6,-1,-1,-1,9,1
"39926","201301ZD30831",2,9,0,5,0,8,0,0,0,0,1,1,6,2,10,1461,2,2,6,1
"39927","201301ZD30833",1,9,0,9,0,8,0,0,0,0,1,1,3,2,6,2000,1,13,-1,-1
"39928","201301ZD30833",2,1,0,18,0,8,0,0,0,0,1,1,6,2,8,-1,-1,-1,9,1
"39929","201301ZD30834",1,9,0,18,0,8,0,0,0,0,1,1,6,1,7,1149,1,12,2,1
"39930","201301ZD30834",2,9,0,18,0,8,0,0,0,0,3,1,6,2,7,1396,1,12,5,1
"39931","201301ZD30835",1,9,0,9,0,6,0,0,0,0,3,1,6,1,6,1398,2,8,8,1
"39932","201301ZD30835",2,3,0,18,0,1,0,0,0,0,1,1,6,1,-1,124,1,1,4,1
"39933","201301ZD30836",1,9,0,2,0,0,0,0,0,0,3,1,6,2,8,1598,1,10,3,1
"39934","201301ZD30836",2,9,0,18,0,0,0,0,0,0,2,1,6,3,-1,-1,-1,-1,-1,-1
"39935","201301ZD30837",1,9,0,4,1,1,0,0,0,0,2,1,6,1,7,1590,1,12,6,1
"39936","201301ZD30837",2,9,0,4,1,1,0,0,0,0,1,1,6,2,6,1596,1,10,3,1
"39937","201301ZD30838",1,9,0,9,0,8,0,0,0,0,4,1,6,1,8,1590,1,13,3,1
"39938","201301ZD30838",2,1,0,18,0,8,0,0,0,0,1,1,6,1,7,-1,-1,-1,-1,-1
"39939","201301ZD30839",1,9,0,18,0,1,1,0,0,0,1,1,6,1,7,2179,2,6,8,1
"39940","201301ZD30839",2,9,0,3,0,1,0,0,0,0,2,1,6,1,7,1248,2,5,4,1
"39941","201301ZD30840",1,9,0,18,0,8,5,0,0,0,4,1,6,2,7,4554,1,16,4,1