"","Acc_Index","Vehicle_Reference","Vehicle_Type","Towing_and_Articulation","Vehicle_Manoeuvre","Vehicle_Location.Restricted_Lane","Junction_Location","Skidding_and_Overturning","Hit_Object_in_Carriageway","Vehicle_Leaving_Carriageway","Hit_Object_off_Carriageway","X1st_Point_of_Impact","Was_Vehicle_Left_Hand_Drive","Journey_Purpose_of_Driver","Sex_of_Driver","Age_Band_of_Driver","Engine_Capacity_.CC.","Propulsion_Code","Age_of_Vehicle","Driver_IMD_Decile","Driver_Home_Area_Type"
"39942","201301ZD30840",2,9,0,18,0,8,0,0,0,0,1,1,6,2,-1,-1,-1,-1,-1,-1
"39943","201301ZD30841",1,9,0,9,0,8,0,0,0,0,3,1,6,1,8,1299,1,10,4,1
"39944","201301ZD30841",2,3,0,18,0,8,0,0,0,0,1,1,6,1,8,125,1,7,3,1
"39945","201301ZD30842",1,9,0,3,0,1,0,0,0,0,2,1,6,2,5,1360,1,10,2,1
"39946","201301ZD30842",2,19,0,18,0,1,0,0,0,0,1,1,6,1,8,-1,-1,-1,10,1
"39947","201301ZD30843",1,9,0,18,0,8,0,0,0,0,4,1,6,2,9,1991,2,7,2,1
"39948","201301ZD30843",2,9,0,9,0,8,0,0,0,0,1,1,6,1,7,998,1,11,6,1
"39949","201301ZD30844",1,8,0,9,0,2,0,0,0,0,1,1,6,3,-1,-1,-1,-1,-1,-1
"39950","201301ZD30844",2,1,0,18,0,1,0,0,0,0,3,1,6,1,3,-1,-1,-1,3,1
"39951","201301ZD30845",1,9,0,18,0,0,0,4,1,0,1,1,6,1,8,1988,1,12,3,1
"39952","201301ZD30845",2,9,0,2,0,0,0,0,0,0,2,1,6,3,-1,1199,1,12,-1,-1
"39953","201301ZD30845",3,9,0,2,0,0,0,0,1,0,3,1,6,3,-1,1783,1,12,-1,-1
"39954","201301ZD30846",1,9,0,3,0,1,0,0,0,0,2,1,6,1,7,1199,1,13,5,1
"39955","201301ZD30846",2,9,0,18,0,1,0,0,0,0,1,1,6,3,-1,1968,2,6,-1,-1
"39956","201301ZD30848",1,3,0,9,0,5,0,0,0,0,2,1,6,1,7,124,1,2,8,1
"39957","201301ZD30848",2,9,0,18,0,1,0,0,0,0,1,1,6,3,-1,-1,-1,-1,-1,-1
"39958","201301ZD30849",1,9,0,9,0,5,0,0,0,0,1,1,6,2,5,1198,1,8,2,1
"39959","201301ZD30849",2,1,0,18,0,1,0,0,0,0,3,1,6,1,7,-1,-1,-1,4,1
"39960","201301ZD30850",1,9,0,4,0,1,0,0,0,0,2,1,6,2,4,998,1,7,9,1
"39961","201301ZD30850",2,19,0,18,0,1,0,0,0,0,1,1,1,1,8,-1,-1,-1,9,1
"39962","201301ZD30852",1,9,0,18,0,0,0,0,0,0,1,1,6,3,-1,-1,-1,-1,-1,-1
"39963","201301ZD30853",1,19,0,10,0,8,0,0,0,0,2,1,6,1,8,-1,-1,-1,3,1
"39964","201301ZD30853",2,9,0,18,0,8,0,0,0,0,1,1,6,2,5,1968,2,6,7,1
"39965","201301ZD30855",1,9,0,3,0,1,0,0,0,0,2,1,6,1,8,1598,1,-1,10,2
"39966","201301ZD30855",2,9,0,3,0,1,0,0,0,0,2,1,6,2,8,1400,1,6,6,1
"39967","201301ZD30855",3,9,0,4,0,1,1,0,0,0,1,1,6,1,8,2435,1,16,2,1
"39968","201301ZD30857",1,9,0,18,0,1,0,0,0,0,1,1,6,1,-1,-1,-1,-1,-1,-1
"39969","201301ZD30858",1,9,0,18,0,8,0,0,0,0,4,1,6,2,7,1200,1,-1,8,1
"39970","201301ZD30858",2,9,0,7,0,8,0,0,0,0,1,1,6,3,-1,-1,-1,-1,-1,-1
"39971","201301ZD30859",1,1,0,18,0,8,0,0,0,0,4,1,6,2,8,-1,-1,-1,5,1
"39972","201301ZD30859",2,19,0,7,0,8,0,0,0,0,1,1,6,1,-1,-1,-1,-1,-1,-1
"39973","201301ZD30860",1,9,0,18,0,1,0,0,0,0,1,1,1,1,6,1791,8,2,6,1
"39974","201301ZD30860",2,1,0,18,0,2,0,0,0,0,1,1,6,1,8,-1,-1,-1,6,1
"39975","201301ZD30861",1,1,0,18,0,0,0,0,0,0,3,1,6,1,7,-1,-1,-1,6,1
"39976","201301ZD30861",2,9,0,1,0,0,0,0,0,0,2,1,6,1,-1,1386,1,1,-1,-1
"39977","201301ZD30862",1,9,0,5,0,0,0,0,0,0,1,1,6,2,-1,-1,-1,-1,-1,-1
"39978","201301ZD30864",1,9,0,9,0,8,0,0,0,0,4,1,1,1,9,1997,2,1,9,1
"39979","201301ZD30864",2,9,0,18,0,8,0,0,0,0,1,1,6,1,4,1956,2,-1,2,1
"39980","201301ZD30865",1,9,0,18,0,8,0,0,0,0,4,1,6,1,7,1398,1,-1,2,1
"39981","201301ZD30865",2,9,0,9,0,8,0,0,0,0,1,1,6,1,9,1686,2,8,6,1
"39982","201301ZD30866",1,8,0,15,0,8,0,0,0,0,1,1,6,1,6,2499,2,-1,2,1
"39983","201301ZD30866",2,19,0,9,0,8,0,0,0,0,1,1,6,1,7,1753,2,7,2,1
"39984","201301ZD30867",1,9,0,9,0,8,0,0,0,0,4,1,6,1,8,1749,1,10,3,1
"39985","201301ZD30867",2,5,0,18,0,8,0,0,0,0,1,1,6,1,7,645,1,8,2,1
"39986","201301ZD30868",1,11,0,5,0,2,0,0,0,0,0,1,1,1,9,3900,2,8,3,1
"39987","201301ZD30869",1,9,0,9,0,8,0,0,0,0,1,1,6,2,7,1984,1,6,5,1
"39988","201301ZD30869",2,9,0,18,0,8,0,0,0,0,4,1,6,2,11,1598,1,8,4,1
"39989","201301ZD30870",1,9,0,2,4,2,0,0,0,0,2,1,6,3,-1,2295,1,14,-1,-1
"39990","201301ZD30870",2,1,0,18,4,2,0,0,0,0,1,1,2,1,5,-1,-1,-1,4,1
"39991","201301ZD30871",1,9,0,3,0,1,0,0,0,0,2,1,1,1,6,-1,-1,-1,8,2
"39992","201301ZD30871",2,9,0,18,0,1,0,0,0,0,1,1,6,1,9,1999,1,12,4,1
"39993","201301ZD30872",1,9,0,18,0,1,0,0,0,0,1,1,6,2,6,2898,2,8,1,1
"39994","201301ZD30872",2,9,0,3,0,1,0,0,0,0,2,1,6,2,7,1598,1,-1,3,1
"39995","201301ZD30873",1,9,0,18,0,2,0,0,0,0,3,1,6,2,9,3596,1,9,4,1
"39996","201301ZD30873",2,19,0,18,0,1,0,0,0,0,1,1,6,1,6,1753,2,11,9,1
"39997","201301ZD30874",1,90,0,18,9,1,0,0,1,0,1,1,6,3,-1,-1,-1,-1,-1,-1
"39998","201301ZD30875",1,9,0,9,0,8,0,0,0,0,4,1,6,1,7,1968,2,-1,10,1
"39999","201301ZD30875",2,9,0,18,0,8,0,0,0,0,1,1,6,1,6,-1,-1,-1,8,1
"40000","201301ZD30876",1,9,0,7,0,8,0,0,0,0,4,1,6,2,-1,-1,-1,-1,-1,-1
"40001","201301ZD30876",2,1,0,18,0,8,0,0,0,0,1,1,6,1,-1,-1,-1,-1,-1,-1
"40002","201301ZD30877",1,11,0,9,0,8,0,0,0,0,0,1,1,1,7,3900,2,7,3,1
"40003","201301ZD30878",1,9,0,3,0,0,0,0,0,0,2,1,6,1,8,1796,1,13,4,1
"40004","201301ZD30878",2,9,0,3,0,0,0,0,0,0,2,1,6,1,-1,1390,1,13,-1,-1
"40005","201301ZD30878",3,9,0,18,0,0,0,0,0,0,1,1,6,3,-1,-1,-1,-1,-1,-1
"40006","201301ZD30879",1,9,0,18,0,0,0,0,0,0,1,1,1,1,7,1870,2,9,4,1
"40007","201301ZD30881",1,9,0,3,0,2,0,0,0,0,2,1,6,1,5,1389,1,14,2,1
"40008","201301ZD30881",2,9,0,17,0,2,0,0,0,0,1,1,6,1,-1,1598,1,1,4,1
"40009","201301ZD30882",1,9,0,5,0,8,0,0,0,0,1,1,6,1,9,-1,-1,-1,1,1
"40010","201301ZD30882",2,1,0,18,0,8,0,0,0,0,4,1,6,1,8,-1,-1,-1,5,1
"40011","201301ZD30884",1,9,0,9,0,8,0,0,0,0,4,1,6,1,-1,1796,1,10,3,1
"40012","201301ZD30884",2,9,0,18,0,8,0,0,0,0,1,1,6,3,-1,1686,2,8,-1,-1
"40013","201301ZD30885",1,9,0,18,0,8,0,0,0,0,1,1,6,1,6,1896,2,13,4,1
"40014","201301ZD30885",2,9,0,18,0,8,0,0,0,0,3,1,6,1,7,2793,1,16,7,1
"40015","201301ZD30886",1,9,0,3,0,1,0,0,0,0,2,1,6,1,9,1000,1,13,3,1
"40016","201301ZD30886",2,9,0,18,0,1,0,0,0,0,1,1,6,1,6,2198,1,7,-1,-1
"40017","201301ZD30888",1,9,0,9,0,8,0,0,0,0,1,1,6,1,8,1597,1,15,3,1
"40018","201301ZD30888",2,5,0,18,0,8,0,0,0,0,1,1,6,1,6,599,1,11,2,1
"40019","201301ZD30889",1,9,0,9,0,8,0,0,0,0,1,1,6,1,6,1796,1,14,5,1
"40020","201301ZD30889",2,9,0,18,0,8,0,0,0,0,3,1,6,1,8,1998,1,10,8,1
"40021","201301ZD30891",1,9,0,3,0,1,0,0,0,0,2,1,6,2,7,1998,2,9,3,1
"40022","201301ZD30891",2,9,0,18,0,1,0,0,0,0,1,1,6,1,10,1997,1,1,3,1
"40023","201301ZD30893",1,1,0,18,9,0,0,0,0,0,1,1,6,1,3,-1,-1,-1,4,1
"40024","201301ZD30894",1,1,0,13,0,1,0,0,0,0,1,1,6,2,6,-1,-1,-1,4,1
"40025","201301ZD30894",2,9,0,9,0,1,0,0,0,0,3,1,2,1,7,1596,1,-1,2,1
"40026","201301ZD30895",1,9,0,18,0,2,0,0,0,0,1,1,6,1,-1,-1,-1,-1,-1,-1
"40027","201301ZD30895",2,9,0,9,0,2,0,0,0,0,2,1,6,1,6,1796,1,10,4,1
"40028","201301ZD30895",3,9,0,18,0,2,0,0,0,0,1,1,6,1,8,1560,2,1,3,1
"40029","201301ZD30896",1,9,0,18,0,0,0,0,0,0,1,1,6,1,-1,-1,-1,-1,-1,-1
"40030","201301ZD30897",1,9,0,15,0,1,0,0,0,0,3,1,6,2,8,1397,1,10,5,1
"40031","201301ZD30897",2,1,0,9,0,1,0,0,0,0,4,1,6,1,4,-1,-1,-1,6,1
"40032","201301ZD30898",1,9,0,18,0,8,0,0,0,0,3,1,6,2,5,998,1,-1,4,1
"40033","201301ZD30898",2,9,0,5,0,8,0,0,0,0,1,1,6,1,10,1398,1,2,10,1
"40034","201301ZD30899",1,9,0,18,0,2,0,0,0,0,1,1,6,1,9,-1,-1,-1,3,1
"40035","201301ZD30900",1,90,0,18,0,8,0,0,0,0,3,1,1,1,9,-1,-1,-1,-1,-1
"40036","201301ZD30900",2,9,0,18,0,8,0,0,0,0,1,1,6,1,5,1995,2,3,10,1
"40037","201301ZD30901",1,9,0,17,0,8,0,0,0,0,1,1,6,2,8,1398,1,1,5,1
"40038","201301ZD30901",2,9,0,16,0,8,1,0,0,0,1,1,6,1,4,1398,1,-1,8,1
"40039","201301ZD30902",1,9,0,8,0,1,0,0,0,0,2,1,6,2,7,1498,1,6,9,1
"40040","201301ZD30902",2,9,0,7,0,1,0,0,0,0,1,1,6,1,-1,-1,-1,-1,-1,-1
"40041","201301ZD30903",1,9,0,18,0,2,0,0,0,0,1,1,6,1,6,1388,1,12,4,1
"40042","201301ZD30904",1,9,0,3,0,2,0,0,0,0,3,1,6,2,-1,1124,1,10,-1,-1
"40043","201301ZD30904",2,9,0,1,0,1,0,0,0,0,2,1,6,1,-1,-1,-1,-1,-1,-1
"40044","201301ZD30905",1,9,0,18,0,0,0,0,0,0,1,1,6,2,8,1998,1,8,3,1
"40045","201301ZD30905",2,9,0,3,0,0,0,0,0,0,2,1,6,2,7,1794,1,7,7,1
"40046","201301ZD30905",3,9,0,3,0,0,0,0,0,0,2,1,6,3,-1,-1,-1,-1,-1,-1
"40047","201301ZD30906",1,9,0,18,0,0,0,0,0,0,1,1,6,2,5,1240,1,8,2,1
"40048","201301ZD30907",1,9,0,18,0,8,0,0,0,0,1,1,6,1,5,899,1,-1,-1,-1
"40049","201301ZD30907",2,9,0,9,0,8,0,0,0,0,1,1,6,2,5,1389,1,17,5,1
"40050","201301ZD30908",1,9,0,18,0,8,0,0,0,0,1,1,6,1,6,1497,1,12,5,1
"40051","201301ZD30908",2,9,0,18,0,8,0,0,0,0,3,1,6,1,7,1398,1,2,8,1
"40052","201301ZD30909",1,19,0,9,0,8,0,0,0,0,3,1,1,2,6,-1,-1,-1,6,1
"40053","201301ZD30909",2,9,0,18,0,8,0,0,0,0,1,1,6,2,4,-1,-1,-1,8,1
"40054","201301ZD30911",1,9,0,14,0,1,0,0,0,0,3,1,6,1,7,-1,-1,-1,7,1
"40055","201301ZD30911",2,3,0,13,0,1,0,0,0,0,4,1,6,1,5,745,1,8,8,1
"40056","201301ZD30912",1,9,0,13,0,0,0,0,0,0,4,1,6,2,-1,1668,1,12,3,1
"40057","201301ZD30912",2,1,0,18,0,0,0,0,0,0,3,1,6,1,6,-1,-1,-1,5,1
"40058","201301ZD30914",1,9,0,18,0,8,0,0,0,0,3,1,6,2,6,1124,1,8,2,1
"40059","201301ZD30914",2,9,0,18,0,8,0,0,0,0,1,1,6,1,-1,-1,-1,-1,-1,-1
"40060","201301ZD30915",1,20,0,3,0,1,0,0,0,0,2,1,1,1,8,-1,-1,-1,2,1
"40061","201301ZD30915",2,20,0,18,0,1,0,0,0,0,1,1,1,1,9,-1,-1,-1,4,1
"40062","201301ZD30916",1,9,0,18,0,6,0,0,0,0,4,1,6,1,5,1896,2,9,-1,-1
"40063","201301ZD30916",2,9,0,9,0,2,0,0,0,0,1,1,6,1,7,1799,1,7,3,1
"40064","201301ZD30917",1,9,0,9,0,8,0,0,0,0,1,1,6,1,6,2295,1,9,2,1
"40065","201301ZD30917",2,1,0,15,0,8,0,0,0,0,1,1,6,1,5,-1,-1,-1,10,1
"40066","201301ZD30918",1,9,0,9,0,8,0,0,0,0,1,1,6,3,-1,1587,1,11,-1,-1
"40067","201301ZD30918",2,1,0,18,0,8,0,0,0,0,4,1,6,1,6,-1,-1,-1,2,1
"40068","201301ZD30919",1,9,0,18,0,0,0,0,0,0,1,1,6,2,8,1364,2,8,5,1
"40069","201301ZD30920",1,9,0,18,0,0,0,4,0,0,1,1,6,2,8,1596,1,8,1,1
"40070","201301ZD30920",2,9,0,2,0,0,0,0,0,0,3,1,6,1,-1,1598,1,8,3,1
"40071","201301ZD30920",3,9,0,2,0,0,0,0,0,0,3,1,6,2,-1,1598,2,1,1,1
"40072","201301ZD30921",1,90,0,18,9,1,0,0,0,0,1,1,6,1,8,-1,3,-1,3,1
"40073","201301ZD30921",2,9,0,18,9,2,0,0,0,0,1,1,6,3,-1,-1,-1,-1,-1,-1
"40074","201301ZD30922",1,9,0,9,0,5,0,0,0,0,4,1,6,1,7,1199,1,12,3,1
"40075","201301ZD30922",2,9,0,18,0,8,0,0,0,0,1,1,6,1,6,1598,2,1,4,1
"40076","201301ZD30924",1,9,0,17,0,8,0,0,0,0,4,1,6,1,7,1896,2,8,10,1
"40077","201301ZD30924",2,1,0,18,0,8,0,0,0,0,1,1,6,1,6,-1,-1,-1,9,1
"40078","201301ZD30925",1,11,0,5,0,1,0,0,0,0,0,1,1,1,8,7300,2,8,4,1
"40079","201301ZD30926",1,9,0,9,0,8,0,0,0,0,3,1,6,1,6,1598,1,8,4,1
"40080","201301ZD30926",2,3,0,14,0,8,0,0,0,0,1,1,6,1,6,599,1,4,6,1
"40081","201301ZD30927",1,19,0,9,0,8,0,0,0,0,1,1,1,1,7,-1,-1,-1,2,1
"40082","201301ZD30928",1,9,0,3,0,1,0,0,0,0,2,1,6,2,7,-1,-1,-1,2,1
"40083","201301ZD30928",2,9,0,18,0,1,0,0,0,0,1,1,6,2,8,1598,1,-1,4,1
"40084","201301ZD30930",1,9,0,5,0,8,0,0,0,0,3,1,6,1,8,1795,1,13,6,1
"40085","201301ZD30930",2,9,0,18,0,8,0,0,0,0,1,1,6,2,5,1199,1,10,7,1
"40086","201301ZD30931",1,9,0,5,0,8,0,0,0,0,1,1,6,2,7,-1,3,6,4,1
"40087","201301ZD30931",2,19,0,18,0,8,0,0,0,0,3,1,1,1,8,2463,2,7,4,1
"40088","201301ZD30932",1,9,0,5,0,8,0,0,0,0,1,1,6,2,7,2993,2,2,9,1
"40089","201301ZD30932",2,9,0,18,0,8,0,0,0,0,4,1,6,2,7,1595,2,3,5,1
"40090","201301ZD30933",1,9,0,10,0,1,0,0,0,0,2,1,6,1,7,1995,1,6,4,1
"40091","201301ZD30933",2,9,0,4,0,1,0,0,0,0,2,1,6,2,8,-1,-1,-1,6,1
"40092","201301ZD30933",3,9,0,18,0,1,0,0,0,0,1,1,6,2,-1,1198,1,5,3,1
"40093","201301ZD30934",1,9,0,18,0,1,0,0,0,0,4,1,6,1,6,599,1,13,3,1
"40094","201301ZD30935",1,9,0,9,0,8,0,0,0,0,3,1,6,1,6,1796,1,10,5,1
"40095","201301ZD30935",2,1,0,18,0,8,0,0,0,0,1,1,6,1,9,-1,-1,-1,8,1
"40096","201301ZD30936",1,9,0,14,0,8,0,0,0,0,1,1,6,1,8,1781,1,24,3,1
"40097","201301ZD30936",2,9,0,9,0,8,0,0,0,0,3,1,6,1,8,1390,1,10,-1,-1
"40098","201301ZD30937",1,9,0,5,0,1,0,0,0,0,2,1,6,2,5,1248,2,-1,2,1
"40099","201301ZD30937",2,9,0,5,0,1,0,0,0,0,1,1,6,1,-1,1582,2,5,9,1
"40100","201301ZD30938",1,1,0,18,9,0,0,0,0,0,1,1,6,3,-1,-1,-1,-1,-1,-1
"40101","201301ZD30939",1,9,0,4,0,1,0,0,0,0,2,1,6,1,-1,1796,1,10,-1,-1
"40102","201301ZD30939",2,9,0,18,0,1,0,0,0,0,1,1,6,1,7,1796,1,10,4,1
"40103","201301ZD30941",1,9,0,4,0,2,0,0,0,0,1,1,6,2,-1,1596,1,12,8,1
"40104","201301ZD30942",1,8,0,7,0,8,0,0,0,0,3,1,1,2,9,2664,2,11,8,1
"40105","201301ZD30942",2,9,0,18,0,8,0,0,0,0,1,1,6,1,9,1388,1,11,-1,-1
"40106","201301ZD30945",1,9,0,18,0,2,0,0,0,0,1,1,6,2,6,1199,1,13,-1,-1
"40107","201301ZD30946",1,5,0,4,0,2,0,0,0,0,2,1,6,1,6,749,1,17,2,1
"40108","201301ZD30946",2,9,0,18,0,2,0,0,0,0,1,1,6,3,-1,2993,2,5,-1,-1
"40109","201301ZD30947",1,9,0,5,0,2,0,0,0,0,3,1,6,2,7,-1,-1,-1,4,1
"40110","201301ZD30948",1,9,0,3,0,2,0,0,0,0,2,1,6,1,7,3999,1,5,6,1
"40111","201301ZD30948",2,9,0,4,0,2,0,0,0,0,2,1,6,1,8,2987,2,1,10,1
"40112","201301ZD30948",3,9,0,4,0,2,0,0,0,0,1,1,6,1,5,1999,1,8,8,1
"40113","201301ZD30949",1,9,0,17,0,8,0,0,0,0,3,1,6,1,5,1998,1,7,3,1
"40114","201301ZD30949",2,9,0,18,0,8,0,0,0,0,4,1,6,2,-1,2967,1,10,-1,-1
"40115","201301ZD30950",1,9,0,2,0,0,0,0,0,0,1,1,6,2,6,1685,2,1,4,1
"40116","201301ZD30950",2,9,0,1,0,0,0,0,0,0,2,1,6,3,-1,1396,1,16,-1,-1
"40117","201301ZD30951",1,9,0,3,0,2,0,0,0,0,2,1,6,1,6,1781,1,8,5,1
"40118","201301ZD30951",2,9,0,9,0,2,0,0,0,0,1,1,6,1,6,-1,-1,-1,5,1
"40119","201301ZD30952",1,3,0,18,0,8,0,0,0,0,4,1,6,1,4,124,1,3,9,1
"40120","201301ZD30952",2,9,0,9,0,8,0,0,0,0,1,1,6,2,-1,1396,1,11,5,1
"40122","201301ZD30955",1,11,0,3,0,0,0,0,0,0,3,1,1,1,6,7300,2,7,2,1
"40123","201301ZD30955",2,9,0,18,0,0,0,0,0,0,1,1,6,1,7,1598,1,9,4,1
"40124","201301ZD30955",3,9,0,14,0,0,0,0,0,0,1,1,6,1,5,1299,1,13,5,1
"40125","201301ZD30957",1,9,0,3,0,1,0,0,0,0,2,1,6,2,6,1598,1,10,2,1
"40126","201301ZD30957",2,19,0,18,0,1,0,0,0,0,1,1,6,3,-1,1896,2,8,-1,-1
"40127","201301ZD30958",1,9,0,7,0,5,0,0,0,0,4,1,6,1,7,-1,-1,-1,3,1
"40128","201301ZD30958",2,3,0,15,0,1,0,0,0,0,1,1,6,1,4,124,1,8,5,1
"40129","201301ZD30959",1,9,0,2,0,2,0,0,0,0,3,1,6,1,8,1797,8,3,1,1
"40130","201301ZD30959",2,1,0,18,0,2,0,8,0,0,1,1,6,1,5,-1,-1,-1,6,1
"40131","201301ZD30962",1,3,0,18,0,8,0,0,0,0,3,1,6,1,4,-1,-1,-1,3,1
"40132","201301ZD30962",2,9,0,9,0,8,0,0,0,0,1,1,6,3,-1,-1,-1,-1,-1,-1
"40133","201301ZD30963",1,9,0,18,0,0,0,0,0,0,1,1,6,1,7,1590,1,15,5,1
"40134","201301ZD30964",1,2,0,18,0,0,0,0,0,0,3,1,6,1,7,124,1,-1,2,1
"40135","201301ZD30964",2,9,0,14,0,0,0,0,0,0,4,1,6,3,-1,-1,-1,-1,-1,-1
"40136","201301ZD30965",1,19,0,18,9,0,0,0,0,0,3,1,6,1,-1,-1,-1,-1,-1,-1
"40137","201301ZD30965",2,9,0,7,0,0,0,0,0,0,4,1,6,1,7,1998,1,8,8,1
"40138","201301ZD30966",1,9,0,9,0,5,0,0,0,0,4,1,1,1,8,-1,-1,-1,5,1
"40139","201301ZD30966",2,1,0,18,0,1,0,0,0,0,1,1,6,1,5,-1,-1,-1,3,1
"40140","201301ZD30967",1,9,0,18,0,1,0,0,0,0,1,1,6,3,-1,-1,-1,-1,-1,-1
"40141","201301ZD30968",1,9,0,18,0,2,0,0,0,0,1,1,1,1,8,-1,-1,-1,9,1
"40142","201301ZD30970",1,90,0,9,0,8,0,10,0,0,1,1,6,2,8,535,1,12,2,1
"40143","201301ZD30970",2,19,0,18,0,8,0,0,0,0,2,1,1,1,8,2198,2,4,8,1
"40144","201301ZD30971",1,9,0,4,0,1,0,0,0,0,2,1,6,1,7,-1,-1,-1,4,1
"40145","201301ZD30971",2,9,0,18,0,1,0,0,0,0,1,1,6,3,-1,1388,1,8,-1,-1
"40146","201301ZD30973",1,9,0,18,0,8,0,4,0,0,3,1,6,1,6,2143,2,-1,4,1
"40147","201301ZD30973",2,9,0,18,0,8,0,0,0,0,3,1,6,2,8,1275,1,18,3,1
"40148","201301ZD30973",3,19,0,2,0,1,0,0,0,0,1,1,6,1,7,2461,2,10,3,1
"40149","201301ZD30974",1,9,0,3,0,2,0,0,0,0,2,1,6,2,11,998,1,3,8,1
"40150","201301ZD30974",2,9,0,18,0,2,0,0,0,0,1,1,6,1,6,1149,1,1,8,1
"40151","201301ZD30975",1,9,0,9,0,1,0,0,0,0,1,1,1,1,9,1206,1,3,2,1
"40152","201301ZD30975",2,2,0,9,0,1,0,0,0,0,2,1,6,1,4,49,1,5,-1,-1
"40153","201301ZD30976",1,9,0,18,0,8,0,0,0,0,1,1,6,1,7,1998,1,14,5,1
"40154","201301ZD30976",2,1,0,18,0,8,0,0,0,0,4,1,6,1,8,-1,-1,-1,4,1
"40155","201301ZD30977",1,19,0,18,0,2,0,0,0,0,4,1,1,2,6,2198,2,6,-1,-1
"40156","201301ZD30978",1,9,0,3,0,2,0,0,0,0,2,1,6,1,7,3199,1,12,3,1
"40157","201301ZD30978",2,19,0,18,0,2,0,0,0,0,1,1,6,1,-1,-1,-1,-1,6,3
"40158","201301ZD30979",1,9,0,18,0,0,1,0,1,4,1,1,6,2,4,1229,1,9,5,1
"40159","201301ZD30980",1,11,0,5,0,1,0,0,0,0,1,1,1,1,8,-1,-1,-1,2,1
"40160","201301ZD30981",1,9,0,18,0,1,0,0,0,0,4,1,6,1,7,1595,1,13,4,1
"40161","201301ZD30982",1,9,0,9,0,8,0,0,0,0,3,1,6,1,7,2000,2,9,4,1
"40162","201301ZD30982",2,9,0,13,0,8,0,0,0,0,1,1,6,2,-1,1769,1,9,2,1
"40163","201301ZD30983",1,9,0,18,0,8,0,0,0,0,1,1,6,1,4,1199,1,11,4,1
"40164","201301ZD30983",2,9,0,9,0,8,0,0,0,0,3,1,6,2,5,998,1,3,7,1
"40165","201301ZD30984",1,9,0,18,0,8,0,0,0,0,3,1,6,1,8,2401,2,9,10,1
"40166","201301ZD30984",2,9,0,18,0,8,0,0,0,0,1,1,6,2,5,1896,2,6,8,1
"40167","201301ZD30985",1,9,0,9,0,2,0,0,0,0,3,1,6,1,8,2362,1,11,10,1
"40168","201301ZD30986",1,11,0,4,0,0,0,0,0,0,0,1,6,1,8,9000,2,4,-1,-1
"40169","201301ZD30988",1,9,0,7,0,1,0,0,0,0,3,1,6,1,-1,1598,1,7,5,1
"40170","201301ZD30988",2,21,0,7,0,1,0,0,0,0,4,1,1,1,8,12777,2,2,3,1
"40171","201301ZD30989",1,9,0,18,9,1,0,0,0,0,4,1,6,3,-1,-1,-1,-1,-1,-1
"40172","201301ZD30990",1,9,0,14,0,0,0,0,0,0,1,1,6,2,10,2179,2,1,10,1
"40173","201301ZD30990",2,19,0,14,0,0,0,0,0,0,2,1,1,1,-1,1753,2,2,8,1
"40174","201301ZD30991",1,9,0,9,0,8,0,0,0,0,4,1,6,2,6,998,1,12,6,1
"40175","201301ZD30991",2,9,0,18,0,8,0,0,0,0,1,1,6,1,-1,1753,2,15,-1,-1
"40176","201301ZD30992",1,9,0,18,0,8,0,0,0,0,3,1,6,1,7,1951,2,9,-1,-1
"40177","201301ZD30992",2,9,0,18,0,8,0,0,0,0,3,1,6,3,-1,1997,2,-1,-1,-1
"40178","201301ZD30993",1,9,0,18,0,1,0,0,0,0,1,1,6,2,7,1339,1,7,5,1
"40179","201301ZD30994",1,9,0,18,0,1,0,0,0,0,1,1,6,1,5,1560,2,1,1,1
"40180","201301ZD30994",2,3,0,3,0,1,0,0,0,0,2,1,6,1,5,124,1,7,7,1
"40181","201301ZD30994",3,9,0,10,0,1,0,0,0,0,2,1,6,1,7,2497,1,8,-1,-1
"40182","201301ZD30995",1,9,0,18,0,0,0,0,0,0,1,1,6,3,-1,-1,-1,-1,-1,-1
"40183","201301ZD30996",1,9,0,18,0,8,0,0,0,0,1,1,6,1,6,1796,1,10,5,1
"40184","201301ZD30997",1,9,0,9,0,8,0,0,0,0,3,1,1,2,7,1598,1,2,5,1
"40185","201301ZD30997",2,1,0,18,0,8,0,0,0,0,1,1,6,1,7,-1,-1,-1,-1,-1
"40186","201301ZD31000",1,9,0,9,0,0,0,0,0,0,3,1,6,1,7,3199,1,12,2,1
"40187","201301ZD31000",2,2,0,14,0,0,0,0,0,0,1,1,6,1,9,102,1,6,-1,-1
"40188","201301ZD31001",1,9,0,18,0,8,0,0,0,0,3,1,6,1,5,-1,-1,-1,-1,-1
"40189","201301ZD31001",2,9,0,5,0,8,0,0,0,0,1,1,6,2,5,1604,1,6,5,1
"40190","201301ZD31003",1,9,0,18,0,0,0,0,0,0,1,1,6,1,8,-1,-1,-1,4,1
"40191","201301ZD31004",1,9,0,18,0,0,0,0,0,0,1,1,6,2,11,1997,2,9,1,1
"40192","201301ZD31005",1,9,0,4,0,0,0,0,0,0,2,1,6,2,5,1596,1,10,10,1
"40193","201301ZD31005",2,9,0,4,0,0,0,0,0,0,2,1,6,2,-1,1598,1,7,4,1
"40194","201301ZD31005",3,9,0,18,0,0,0,0,0,0,1,1,6,1,-1,2188,2,7,9,3
"40195","201301ZD31006",1,9,0,18,0,0,0,0,0,0,4,1,6,3,-1,-1,-1,-1,-1,-1
"40196","201301ZD31007",1,5,0,14,0,0,0,0,0,0,1,1,6,1,8,-1,-1,-1,2,1
"40197","201301ZD31007",2,9,0,9,0,0,0,0,0,0,3,1,6,2,5,1995,2,5,2,1
"40198","201301ZD31008",1,9,0,5,0,8,0,0,0,0,1,1,6,2,8,-1,-1,-1,9,1
"40199","201301ZD31008",2,9,0,17,0,8,0,0,0,0,4,1,6,1,7,2688,2,12,7,1