"","Acc_Index","Vehicle_Reference","Vehicle_Type","Towing_and_Articulation","Vehicle_Manoeuvre","Vehicle_Location.Restricted_Lane","Junction_Location","Skidding_and_Overturning","Hit_Object_in_Carriageway","Vehicle_Leaving_Carriageway","Hit_Object_off_Carriageway","X1st_Point_of_Impact","Was_Vehicle_Left_Hand_Drive","Journey_Purpose_of_Driver","Sex_of_Driver","Age_Band_of_Driver","Engine_Capacity_.CC.","Propulsion_Code","Age_of_Vehicle","Driver_IMD_Decile","Driver_Home_Area_Type"
"40200","201301ZD31011",1,9,0,3,0,0,0,0,0,0,2,1,1,1,5,1984,1,4,9,1
"40201","201301ZD31011",2,9,0,5,0,0,0,0,0,0,1,1,6,2,7,-1,-1,-1,7,1
"40202","201301ZD31011",3,9,0,3,0,0,0,0,0,0,2,1,6,2,-1,1242,1,7,8,1
"40203","201301ZD31012",1,9,0,3,0,1,0,0,0,0,2,1,6,1,8,1991,2,4,3,1
"40204","201301ZD31012",2,19,0,18,0,1,0,0,0,0,1,1,1,1,5,2402,2,5,5,1
"40205","201301ZD31013",1,9,0,18,0,8,0,0,0,0,1,1,6,2,5,1995,2,1,8,1
"40206","201301ZD31013",2,9,0,9,0,8,0,0,0,0,1,1,6,2,11,998,1,17,9,1
"40207","201301ZD31014",1,9,0,18,0,1,0,10,1,4,1,1,6,2,8,-1,-1,-1,4,1
"40208","201301ZD31016",1,9,0,9,0,8,0,0,0,0,3,1,6,1,7,1840,1,13,6,1
"40209","201301ZD31016",2,9,0,18,0,8,0,0,0,0,1,1,6,1,-1,-1,-1,-1,4,1
"40210","201301ZD31017",1,11,0,18,0,8,0,0,0,0,3,1,1,1,7,-1,-1,-1,2,1
"40211","201301ZD31017",2,9,0,18,0,8,0,0,0,0,1,1,6,1,9,-1,-1,-1,3,1
"40212","201301ZD31018",1,11,0,18,0,0,0,0,0,0,0,1,1,2,6,-1,-1,-1,2,1
"40213","201301ZD31019",1,9,0,18,0,1,0,0,0,0,1,1,6,2,-1,-1,-1,-1,-1,-1
"40214","201301ZD31020",1,3,0,18,0,8,0,0,0,0,1,1,6,1,5,125,1,1,2,1
"40215","201301ZD31020",2,9,0,10,0,8,0,0,0,0,1,1,6,3,-1,1589,1,13,-1,-1
"40216","201301ZD31021",1,9,0,18,0,1,0,0,0,0,1,1,6,2,7,2967,1,8,5,1
"40217","201301ZD31021",2,9,0,4,0,1,0,0,0,0,2,1,6,1,11,2000,1,15,10,1
"40218","201301ZD31022",1,9,0,18,0,1,0,0,0,0,1,1,6,3,-1,-1,-1,-1,-1,-1
"40219","201301ZD31023",1,9,0,18,0,1,0,0,0,0,3,1,6,1,5,1498,1,8,4,1
"40220","201301ZD31024",1,9,0,17,0,2,1,0,0,0,1,1,6,1,10,1995,2,2,-1,-1
"40221","201301ZD31025",1,9,0,16,0,8,0,0,0,0,1,1,6,1,6,1598,1,-1,1,1
"40222","201301ZD31025",2,8,0,17,0,8,0,0,0,0,1,1,1,1,9,2402,2,9,6,1
"40223","201301ZD31028",1,1,0,18,0,1,0,0,0,0,0,1,6,1,8,-1,-1,-1,2,1
"40224","201301ZD31029",1,9,0,18,0,2,0,0,7,2,1,1,6,1,7,1998,1,8,6,1
"40225","201301ZD31030",1,9,0,9,0,0,0,0,0,0,3,1,6,1,6,1229,1,7,2,1
"40226","201301ZD31030",2,3,0,14,0,0,0,0,0,0,1,1,6,3,-1,-1,-1,-1,-1,-1
"40227","201301ZD31033",1,3,0,9,0,5,0,0,0,0,1,1,6,1,5,-1,-1,-1,3,1
"40228","201301ZD31033",2,9,0,13,0,1,0,0,0,0,4,1,1,1,7,1910,2,5,3,1
"40229","201301ZD31034",1,9,0,3,0,0,0,0,0,0,2,1,6,1,8,1582,2,2,10,1
"40230","201301ZD31034",2,9,0,4,0,0,0,0,0,0,2,1,6,1,9,1896,2,12,6,1
"40231","201301ZD31034",3,19,0,4,0,0,0,0,0,0,1,1,1,1,7,-1,-1,-1,2,1
"40232","201301ZD31035",1,9,0,18,0,0,0,0,0,0,1,1,6,1,8,1995,2,9,4,1
"40233","201301ZD31035",2,9,0,18,0,0,0,0,0,0,1,1,6,1,6,1997,2,9,5,1
"40234","201301ZD31036",1,9,0,7,0,1,0,0,0,0,2,1,6,2,8,1587,1,7,7,1
"40235","201301ZD31036",2,9,0,7,0,1,0,0,0,0,1,1,6,1,6,2000,1,13,-1,-1
"40236","201301ZD31038",1,9,0,18,0,8,0,0,0,0,1,1,6,1,9,1796,1,6,8,1
"40237","201301ZD31038",2,9,0,9,0,8,0,0,0,0,3,1,6,1,10,-1,-1,-1,8,1
"40238","201301ZD31039",1,9,0,16,0,0,0,0,0,0,3,1,1,2,6,1596,1,6,9,1
"40239","201301ZD31039",2,9,0,17,0,0,1,0,0,0,3,1,6,2,-1,-1,-1,-1,8,1
"40240","201301ZD31040",1,9,0,9,0,2,0,0,0,0,3,1,1,1,9,-1,-1,-1,7,1
"40241","201301ZD31040",2,2,0,3,0,1,0,0,0,0,1,1,6,1,8,50,1,2,5,1
"40242","201301ZD31041",1,9,0,9,0,2,0,0,0,0,1,1,6,2,7,1339,8,3,2,1
"40243","201301ZD31043",1,3,0,18,0,1,0,0,0,0,4,1,6,1,4,125,1,12,6,1
"40244","201301ZD31043",2,9,0,18,0,1,0,0,0,0,0,1,6,3,-1,-1,-1,-1,-1,-1
"40245","201301ZD31044",1,9,0,9,0,2,0,0,0,0,1,1,6,1,-1,1390,1,12,-1,-1
"40246","201301ZD31054",1,9,0,18,0,2,0,0,0,0,1,1,6,1,10,-1,-1,-1,3,1
"40247","201301ZD31054",2,9,0,18,0,2,0,0,0,0,1,1,6,2,5,1299,1,10,2,1
"40248","201301ZD31054",3,9,0,5,0,2,0,0,0,0,0,1,6,1,5,1124,1,12,9,1
"40249","201301ZD31066",1,9,0,9,0,8,0,0,0,0,4,1,1,1,6,1560,2,3,4,1
"40250","201301ZD31066",2,3,0,18,0,8,0,0,0,0,1,1,1,1,7,125,1,-1,-1,-1
"40251","201301ZD39005",1,9,0,9,0,8,0,0,0,0,3,1,6,1,-1,1396,1,11,9,1
"40252","201301ZD39005",2,9,0,18,0,8,0,0,0,0,1,1,6,2,8,1596,1,11,8,1
"40253","201301ZD39007",1,9,0,17,0,8,0,0,0,0,1,1,6,1,5,1596,1,12,2,1
"40254","201301ZD39007",2,9,0,18,0,8,0,0,0,0,4,1,6,1,5,1390,1,4,7,1
"40255","201301ZD39022",1,90,0,13,0,2,0,0,0,0,4,1,1,1,-1,-1,-1,-1,-1,-1
"40256","201301ZD39022",2,9,0,12,0,2,0,0,0,0,3,1,1,2,-1,-1,-1,-1,-1,-1
"40257","201301ZD39053",1,3,0,18,0,8,0,0,0,0,1,1,6,1,6,102,1,8,5,1
"40258","201301ZD39053",2,1,0,9,0,8,0,0,0,0,2,1,6,1,7,-1,-1,-1,-1,-1
"40259","201301ZD39094",1,8,0,18,0,0,0,0,0,0,1,1,6,1,-1,-1,-1,-1,-1,-1
"40260","201301ZD39097",1,9,0,18,0,8,0,0,0,0,4,1,6,1,6,1596,1,9,4,1
"40261","201301ZD39097",2,1,0,17,0,8,0,0,0,0,3,1,6,1,8,-1,-1,-1,5,1
"153749","20134100C0004",1,17,4,18,0,8,0,0,0,0,4,1,6,3,-1,-1,-1,-1,-1,-1
"153750","20134100C0004",2,9,0,18,0,8,0,0,0,0,3,1,6,1,9,1360,1,11,6,1
"153755","20134100C0034",1,19,0,9,0,8,0,0,0,0,3,1,2,1,8,1598,2,2,8,1
"153756","20134100C0034",2,9,0,13,0,8,1,0,0,0,1,1,6,1,9,-1,-1,-1,4,1
"153757","20134100C0047",1,9,0,17,9,0,1,10,1,0,1,1,6,1,5,-1,-1,-1,4,1
"153758","20134100C0056",1,9,0,18,0,0,0,0,0,0,1,1,2,2,6,1391,1,16,7,1
"153762","20134100C0063",1,9,0,9,0,8,0,0,0,0,4,1,6,2,8,1242,1,11,5,1
"153763","20134100C0063",2,9,0,9,0,8,0,0,0,0,3,1,6,1,7,1386,1,7,6,1
"153764","20134100C0069",1,9,0,9,0,6,0,0,0,0,3,1,2,2,6,2000,1,8,6,1
"153765","20134100C0069",2,1,0,18,0,8,0,0,0,0,1,1,2,1,6,-1,-1,-1,3,1
"153766","20134100C0071",1,9,0,4,0,1,0,0,0,0,1,1,2,1,5,1587,1,10,8,1
"153767","20134100C0071",2,11,0,3,0,1,0,0,0,0,2,1,1,1,9,7300,2,6,8,1
"153768","20134100C0077",1,9,0,18,0,0,0,0,0,0,1,1,6,1,-1,2997,1,14,6,1
"153769","20134100C0077",2,9,0,2,0,0,0,0,0,0,3,1,6,2,6,-1,-1,-1,6,1
"153770","20134100C0086",1,1,0,16,0,8,0,0,0,0,1,1,1,1,6,-1,-1,-1,-1,-1
"153771","20134100C0086",2,9,0,9,0,8,0,0,0,0,3,1,6,1,8,1997,2,1,9,1
"153772","20134100C0090",1,9,0,7,0,8,0,0,1,0,1,1,6,1,8,1798,1,14,5,1
"153773","20134100C0090",2,1,0,18,9,8,0,0,0,0,4,1,6,2,4,-1,-1,-1,6,1
"153774","20134100C0091",1,9,0,18,0,1,0,0,0,0,1,1,6,2,9,-1,-1,-1,-1,-1
"153775","20134100C0091",2,9,0,10,0,1,0,0,0,0,2,1,1,2,7,1229,1,2,4,1
"153776","20134100C0093",1,9,0,1,0,1,0,0,0,0,2,1,6,1,8,1997,2,9,4,1
"153777","20134100C0093",2,9,0,3,0,1,0,0,0,0,1,1,6,1,7,993,1,12,8,1
"153778","20134100C0094",1,9,0,7,0,3,0,0,0,0,3,1,6,2,5,1598,1,1,9,1
"153779","20134100C0094",2,9,0,7,0,3,0,0,0,0,4,1,6,1,6,2926,2,11,4,1
"153780","20134100C0101",1,9,0,13,0,0,0,0,0,0,4,1,2,1,9,5000,1,4,10,3
"153781","20134100C0101",2,1,0,18,0,0,0,0,0,0,3,1,2,1,7,-1,-1,-1,10,1
"153784","20134100C0112",1,9,0,2,0,0,0,0,0,0,3,1,6,1,6,1199,1,12,9,1
"153785","20134100C0112",2,1,0,18,0,0,0,0,0,0,1,1,6,1,8,-1,-1,-1,3,1
"153797","20134100C0128",1,9,0,5,0,0,0,0,7,10,1,1,6,2,11,1399,1,5,9,1
"153798","20134100C0129",1,9,0,18,0,4,0,0,0,0,1,1,2,1,8,1896,2,12,4,1
"153799","20134100C0129",2,1,0,9,0,8,0,0,0,0,4,1,2,1,7,-1,-1,-1,4,1
"153800","20134100C0132",1,9,0,18,0,1,0,0,0,0,1,1,6,1,6,1997,2,10,-1,-1
"153801","20134100C0132",2,9,0,3,0,1,0,0,0,0,2,1,6,2,4,1199,1,13,7,1
"153802","20134100C0136",1,9,0,18,0,1,0,0,0,0,1,1,6,1,6,-1,-1,-1,-1,-1
"153803","20134100C0136",2,9,0,3,0,1,0,0,0,0,2,1,6,2,4,998,1,7,10,1
"153804","20134100C0139",1,9,0,1,0,0,0,0,0,0,2,1,6,1,7,1199,1,11,10,1
"153805","20134100C0139",2,9,0,18,0,0,0,0,0,0,3,1,6,1,6,998,1,10,-1,-1
"153806","20134100C0141",1,19,0,4,0,6,0,0,0,0,4,1,1,1,8,2496,2,14,4,1
"153807","20134100C0141",2,1,0,18,9,1,0,0,0,0,1,1,6,1,2,-1,-1,-1,7,1
"153808","20134100C0143",1,21,0,14,0,1,0,0,0,0,4,1,1,1,-1,-1,-1,-1,-1,-1
"153809","20134100C0143",2,9,0,3,0,1,0,0,0,0,3,1,2,2,8,1896,2,4,6,1
"153812","20134100C0153",1,9,0,14,0,0,0,0,0,0,1,1,6,2,7,1995,2,10,3,1
"153815","20134100C0157",1,9,0,18,0,1,0,0,0,0,1,1,2,2,4,1199,1,13,5,1
"153816","20134100C0157",2,9,0,9,0,8,0,0,0,0,4,1,2,1,7,-1,-1,-1,-1,-1
"153821","20134100C0180",1,9,0,1,8,0,0,0,0,0,2,1,6,1,-1,-1,-1,-1,-1,-1
"153824","20134100C0187",1,9,0,9,0,0,0,0,0,0,2,1,6,1,5,1199,1,10,8,1
"153825","20134100C0187",2,9,0,18,0,0,0,0,0,0,1,1,6,1,6,2793,1,14,8,1
"153826","20134100C0188",1,9,0,18,0,0,0,0,0,0,3,1,6,1,6,1590,1,8,6,1
"153827","20134100C0189",1,9,0,3,0,1,0,0,0,0,1,1,2,1,10,1299,1,12,10,2
"153830","20134100C0192",1,3,0,18,0,0,0,0,0,0,4,1,6,1,4,100,1,12,6,1
"153831","20134100C0193",1,9,0,5,0,8,0,0,0,0,1,1,6,1,6,1995,1,3,7,1
"153838","20134100C0206",1,9,0,10,0,8,0,0,0,0,2,1,2,2,7,1596,1,11,8,1
"153839","20134100C0206",2,9,0,3,0,1,0,0,0,0,2,1,6,1,5,1679,1,15,4,1
"153840","20134100C0206",3,9,0,18,0,1,0,0,0,0,1,1,6,2,6,1598,1,7,9,1
"153841","20134100C0207",1,9,0,5,0,4,0,0,0,0,3,1,2,1,8,1895,1,14,2,1
"153842","20134100C0207",2,9,0,18,0,8,0,0,0,0,4,1,2,1,7,1796,1,10,3,1
"153844","20134100C0218",1,9,0,14,0,1,0,0,0,0,1,1,6,3,-1,-1,-1,-1,2,1
"153845","20134100C0218",2,1,0,18,0,1,0,0,0,0,1,1,2,1,9,-1,-1,-1,8,1
"153846","20134100C0218",3,9,0,10,0,1,0,0,0,0,0,1,3,2,-1,-1,-1,-1,-1,-1
"153847","20134100C0219",1,9,0,17,0,0,0,4,7,10,1,1,3,2,7,1998,2,7,9,1
"153848","20134100C0219",2,9,0,18,0,0,0,0,0,0,0,1,6,3,-1,-1,-1,-1,-1,-1
"153849","20134100C0219",3,9,0,2,0,0,0,0,0,0,3,1,6,1,11,1598,1,24,5,1
"153850","20134100C0222",1,9,0,16,0,2,1,0,1,10,1,1,6,1,6,1796,1,13,6,1
"153851","20134100C0232",1,9,0,18,0,0,0,0,0,0,1,1,6,2,10,1991,1,14,9,1
"153852","20134100C0232",2,9,0,18,0,0,0,0,0,0,1,1,6,1,6,1396,1,3,9,1
"153853","20134100C0232",3,9,0,18,0,0,0,0,0,0,1,1,6,2,8,1198,1,3,4,1
"153854","20134100C0232",4,9,0,18,0,0,0,0,0,0,1,1,6,1,10,1596,1,10,-1,-1
"153858","20134100C0239",1,9,0,17,0,0,0,0,0,0,1,1,2,1,7,1339,1,11,10,1
"153860","20134100C0242",1,9,0,9,0,5,0,0,0,0,3,1,6,3,-1,-1,-1,-1,-1,-1
"153868","20134100C0258",1,9,0,5,0,0,0,0,0,0,1,1,6,1,8,1390,1,1,3,1
"153869","20134100C0258",2,1,0,18,0,0,0,0,0,0,4,1,6,1,3,-1,-1,-1,-1,-1
"153872","20134100C0267",1,9,0,9,0,6,0,0,0,6,1,1,6,2,4,1598,1,9,10,1
"153873","20134100C0267",2,9,0,18,0,8,0,0,7,0,4,1,6,1,6,-1,-1,-1,5,1
"153874","20134100C0269",1,2,0,18,0,6,0,0,0,0,4,1,1,1,5,49,1,2,4,1
"153875","20134100C0269",2,9,0,18,0,8,0,0,0,0,1,1,6,2,7,2777,2,5,8,1
"153876","20134100C0272",1,9,0,18,0,1,0,0,0,0,1,1,6,1,8,-1,-1,-1,4,1
"153877","20134100C0272",2,9,0,3,0,1,0,0,0,0,2,1,2,1,6,-1,-1,-1,-1,-1
"153878","20134100C0288",1,9,0,3,0,1,0,0,0,0,1,1,1,1,6,1560,2,-1,5,1
"153879","20134100C0288",2,9,0,18,0,1,0,0,0,0,2,1,6,1,6,-1,-1,-1,10,1
"153882","20134100C0293",1,9,0,5,0,1,0,0,0,0,1,1,1,2,6,1242,1,6,10,1
"153883","20134100C0293",2,9,0,3,0,1,0,0,0,0,2,1,1,1,9,1240,1,9,6,1
"153884","20134100C0299",1,9,0,9,0,2,0,0,0,0,3,1,1,2,7,-1,-1,-1,9,1
"153885","20134100C0313",1,9,0,18,0,0,0,0,0,0,1,1,1,1,5,-1,-1,-1,6,1
"153886","20134100C0313",2,9,0,18,0,0,0,0,0,0,1,1,2,2,7,998,1,12,8,2
"153887","20134100C0313",3,9,0,18,0,0,0,0,0,0,4,1,6,2,6,2597,1,8,9,1
"153888","20134100C0317",1,9,0,2,9,0,0,0,0,0,3,1,6,2,6,1389,1,16,5,1
"153889","20134100C0317",2,1,0,18,0,0,0,8,0,0,1,1,6,1,6,-1,-1,-1,7,1
"153890","20134100C0318",1,9,0,10,0,1,0,0,0,0,1,1,6,2,4,1242,1,7,10,1
"153891","20134100C0318",2,9,0,10,0,1,0,0,0,0,2,1,1,2,4,1124,1,8,5,1
"153896","20134100C0321",1,9,0,9,0,8,0,7,0,0,1,1,6,1,11,1399,1,4,8,1
"153901","20134100C0326",1,8,0,1,8,0,0,0,0,0,2,1,6,1,9,-1,-1,-1,-1,-1
"153902","20134100C0326",2,9,0,2,6,0,0,0,0,0,1,1,6,2,6,-1,-1,-1,5,2
"153903","20134100C0328",1,8,0,18,2,8,0,0,0,0,1,1,1,1,8,1798,1,3,7,1
"153904","20134100C0328",2,1,0,18,2,8,0,0,0,0,4,1,1,1,5,-1,-1,-1,4,1
"153905","20134100C0329",1,9,0,18,0,1,0,0,0,0,1,1,6,1,6,1995,2,9,6,1
"153906","20134100C0329",2,5,0,3,0,1,0,0,0,0,2,1,6,1,7,499,1,12,5,1
"153907","20134100C0332",1,9,0,13,0,0,0,0,0,0,4,1,6,1,7,3000,1,9,10,3
"153908","20134100C0332",2,9,0,18,0,0,0,0,0,0,3,1,1,1,9,1339,8,2,10,1
"153911","20134100C0344",1,9,0,18,0,0,1,0,0,0,1,1,6,2,6,1596,1,14,3,1
"153912","20134100C0344",2,1,0,18,0,0,0,0,0,0,3,1,1,1,2,-1,-1,-1,6,1
"153916","20134100C0359",1,11,0,9,0,2,0,0,0,0,1,1,1,2,9,4250,2,-1,7,1
"153917","20134100C0360",1,9,0,9,0,6,0,0,0,0,1,1,1,1,9,-1,-1,-1,9,1
"153918","20134100C0360",2,9,0,18,0,8,0,0,0,0,1,1,6,2,6,-1,-1,-1,7,1
"153920","20134100C0371",1,9,0,1,0,8,0,0,0,0,2,1,1,1,5,1390,1,16,3,1
"153921","20134100C0371",2,9,0,5,0,6,0,0,0,0,1,1,1,2,7,999,1,13,7,1
"153922","20134100C0384",1,9,0,18,0,2,0,0,0,0,1,1,6,2,5,1796,1,10,-1,-1
"153923","20134100C0384",2,19,0,3,0,2,0,0,0,0,2,1,6,1,7,2148,2,4,5,1
"153924","20134100C0384",3,9,0,3,0,2,0,0,0,0,2,1,6,1,7,1995,2,9,5,1
"153925","20134100C0388",1,9,0,8,0,1,0,0,0,0,3,1,6,1,7,1598,1,9,4,1
"153926","20134100C0388",2,9,0,1,0,8,0,0,0,0,4,1,2,1,8,2143,2,1,9,2
"153929","20134100C0391",1,9,0,5,0,1,0,0,0,0,1,1,6,1,10,-1,-1,-1,8,3
"153930","20134100C0391",2,19,0,4,0,1,0,0,0,0,2,1,6,2,9,-1,-1,-1,10,1
"153941","20134100C0404",1,19,0,9,0,6,0,0,0,0,1,1,1,1,7,1968,2,-1,1,1
"153942","20134100C0404",2,9,0,18,0,8,0,0,0,0,1,1,6,2,9,1240,1,10,9,1
"153949","20134100C0440",1,9,0,18,0,8,0,0,0,0,1,1,6,2,4,1242,1,1,6,1
"153950","20134100C0440",2,9,0,18,0,8,0,0,0,1,1,1,6,2,9,1997,1,13,7,1
"153951","20134100C0441",1,9,0,18,0,0,0,4,0,0,1,1,6,2,8,998,1,6,4,1
"153952","20134100C0441",2,9,0,2,0,0,0,0,0,0,1,1,6,2,8,1994,2,10,8,1
"153953","20134100C0441",3,9,0,2,0,0,0,0,0,0,3,1,6,1,6,1198,1,-1,8,1
"153955","20134100C0450",1,5,0,18,0,0,1,0,0,0,1,1,6,1,8,1584,1,4,4,1
"153956","20134100C0450",2,9,0,4,0,0,0,0,0,0,2,1,6,1,8,1299,1,9,8,1
"153957","20134100C0456",1,9,0,3,0,1,0,0,0,0,2,1,6,2,8,1400,1,8,10,1
"153958","20134100C0456",2,9,0,3,0,1,0,0,0,0,2,1,6,1,7,1596,1,8,9,1
"153959","20134100C0456",3,9,0,4,0,1,0,0,0,0,1,1,2,1,7,2979,1,11,3,1
"153962","20134100C0465",1,9,0,5,8,0,0,0,0,0,1,1,1,1,-1,973,1,11,4,1
"153963","20134100C0465",2,1,0,18,0,0,0,0,0,0,4,1,4,1,3,-1,-1,-1,4,1
"153964","20134100C0469",1,9,0,18,0,1,0,0,0,0,1,1,6,3,-1,-1,-1,-1,-1,-1
"153965","20134100C0469",2,1,0,9,0,2,0,0,0,0,3,1,2,2,6,-1,-1,-1,9,1
"153966","20134100C0476",1,9,4,18,0,0,1,0,0,0,1,1,1,1,6,-1,-1,-1,7,1
"153970","20134100C0482",1,19,0,18,0,1,0,0,0,0,1,1,6,1,-1,-1,-1,-1,7,1
"153971","20134100C0482",2,9,0,8,0,1,0,0,0,0,2,1,6,2,6,1989,1,13,5,1
"153976","20134100C0497",1,3,0,18,0,1,0,0,0,0,1,1,6,1,6,-1,-1,-1,-1,-1
"153986","20134100C0512",1,9,0,1,0,0,0,0,0,0,2,1,1,1,7,1968,2,-1,-1,-1
"153987","20134100C0513",1,19,0,3,0,0,0,0,0,0,3,1,1,1,6,1968,2,-1,8,1
"153988","20134100C0513",2,5,0,14,0,0,0,8,0,0,1,1,6,1,7,-1,-1,-1,5,1
"153991","20134100C0516",1,5,0,3,0,1,0,0,0,0,2,1,6,1,9,-1,-1,-1,-1,-1
"153992","20134100C0516",2,9,0,4,0,1,0,0,0,0,1,1,6,2,9,1999,1,7,7,1
"153999","20134100C0531",1,9,0,15,0,1,0,0,0,0,2,1,6,1,8,2736,1,10,-1,-1
"154000","20134100C0531",2,1,0,15,0,1,0,0,0,0,1,1,6,1,9,-1,-1,-1,6,1
"154001","20134100C0551",1,9,0,10,0,1,0,0,0,0,3,1,6,1,7,2993,2,5,7,1
"154002","20134100C0551",2,1,0,18,9,1,0,0,0,0,1,1,6,1,4,-1,-1,-1,4,1
"154003","20134100C0553",1,5,0,13,0,8,0,0,0,0,1,1,2,1,6,675,1,2,4,1
"154004","20134100C0553",2,9,0,18,0,8,0,0,0,0,3,1,2,2,7,1397,1,3,5,1
"154005","20134100C0553",3,9,0,18,0,8,0,0,0,0,2,1,2,2,8,-1,-1,-1,7,1
"154006","20134100C0557",1,1,0,18,9,1,0,0,0,0,1,1,6,1,2,-1,-1,-1,8,1
"154007","20134100C0557",2,9,0,9,0,5,0,0,0,0,4,1,3,2,-1,-1,-1,-1,-1,-1
"154012","20134100C0578",1,1,0,7,0,8,0,0,0,0,4,1,6,1,7,-1,-1,-1,8,1
"154013","20134100C0578",2,9,0,18,0,4,0,0,0,0,3,1,6,3,7,1896,2,9,-1,-1
"154016","20134100C0587",1,9,0,5,0,6,0,0,1,1,1,1,6,1,11,1198,1,6,10,1
"154017","20134100C0588",1,5,0,18,0,2,0,0,0,0,3,1,6,1,9,1000,1,27,-1,-1
"154018","20134100C0588",2,9,0,1,0,2,0,0,0,0,4,1,6,1,6,999,1,5,4,1
"154021","20134100C0610",1,9,0,12,0,7,0,0,0,0,1,1,1,1,6,1582,2,4,10,1
"154022","20134100C0610",2,9,0,12,0,7,0,0,0,0,2,1,6,2,8,1364,1,7,9,1
"154023","20134100C0610",3,9,0,18,0,8,0,0,0,0,2,1,6,2,4,998,1,11,9,1
"154024","20134100C0610",4,9,0,18,0,8,0,0,0,0,2,1,6,2,6,-1,-1,-1,-1,-1
"154025","20134100C0616",1,9,0,18,0,0,0,0,0,0,1,1,6,2,4,-1,-1,-1,-1,-1
"154032","20134100C0618",1,9,0,9,0,8,0,0,0,0,0,1,6,2,5,1598,1,11,6,1
"154033","20134100C0618",2,1,0,18,9,8,0,0,1,2,1,1,4,1,3,-1,-1,-1,7,1
"154040","20134100C0634",1,1,0,18,0,0,0,0,0,0,3,1,6,1,3,-1,-1,-1,4,1
"154041","20134100C0634",2,9,0,18,0,0,0,0,0,0,3,1,1,2,9,1598,1,12,2,1
"154044","20134100C0639",1,20,0,11,0,0,0,0,1,0,1,1,1,1,8,-1,-1,-1,7,1
"154045","20134100C0639",2,9,0,18,0,0,0,0,0,0,3,1,2,1,8,998,1,19,5,1
"154048","20134100C0645",1,9,0,2,6,2,0,0,0,0,3,1,6,1,5,1999,1,8,10,1
"154049","20134100C0645",2,9,0,18,0,2,0,0,0,0,2,1,6,2,7,1598,1,-1,6,1
"154050","20134100C0645",3,1,0,18,0,2,0,0,0,0,1,1,6,1,3,-1,-1,-1,6,1
"154059","20134100C0651",1,9,0,3,0,2,0,0,0,0,2,1,6,1,5,1896,2,15,-1,-1
"154060","20134100C0651",2,9,0,18,0,2,0,0,0,0,2,1,6,1,5,1389,1,11,10,1
"154061","20134100C0651",3,19,0,18,0,2,0,0,0,0,1,1,6,1,6,2151,2,6,-1,-1
"154062","20134100C0652",1,9,0,18,0,1,0,0,0,0,1,1,6,1,5,1995,1,4,-1,-1
"154063","20134100C0652",2,9,0,3,0,1,0,0,0,0,3,1,6,2,8,-1,-1,-1,10,3
"154064","20134100C0656",1,9,0,3,0,1,0,0,0,0,2,1,2,2,7,1388,1,6,10,1
"154065","20134100C0656",2,4,0,5,0,1,0,0,0,0,1,1,2,1,8,599,1,14,10,1
"154066","20134100C0664",1,9,0,16,0,0,1,0,2,4,1,1,6,1,5,1388,1,5,5,1
"154069","20134100C0666",1,9,0,18,0,0,0,4,0,0,1,1,1,1,8,1753,2,5,8,1
"154070","20134100C0666",2,9,0,2,0,0,0,4,0,0,2,1,6,1,7,1794,1,12,7,1
"154071","20134100C0666",3,9,0,2,0,0,0,4,0,0,1,1,6,2,9,1596,1,8,6,1
"154072","20134100C0666",4,9,0,2,0,0,0,0,0,0,2,1,6,1,-1,1598,1,5,6,1
"154080","20134100C0692",1,9,0,1,0,1,0,0,0,0,2,1,6,1,6,1124,1,16,6,1
"154081","20134100C0692",2,1,0,18,0,6,0,0,0,0,4,1,6,1,7,-1,-1,-1,8,1
"154082","20134100C0693",1,9,0,16,0,0,1,0,0,0,1,1,6,1,6,998,1,14,7,1
"154083","20134100C0693",2,9,0,17,0,0,0,0,0,0,1,1,6,2,8,-1,-1,-1,3,1
"154088","20134100C0696",1,9,0,9,0,0,0,0,0,0,1,1,6,1,11,1497,8,5,10,1
"154089","20134100C0696",2,1,0,18,0,0,0,0,1,0,3,1,2,1,7,-1,-1,-1,6,1
"154090","20134100C0698",1,9,0,7,0,4,0,0,0,0,3,1,6,2,6,1598,2,1,7,3
"154091","20134100C0698",2,4,0,18,0,8,0,0,0,0,1,1,6,1,5,-1,-1,-1,6,1
"154092","20134100C0701",1,1,0,5,0,0,0,0,0,0,1,1,6,1,3,-1,-1,-1,3,1
"154093","20134100C0701",2,9,0,18,0,0,0,0,0,0,4,1,1,1,9,1349,1,2,3,1
"154094","20134100C0706",1,19,0,18,0,0,0,0,1,2,1,1,1,1,8,2198,2,2,9,1
"154095","20134100C0708",1,9,0,18,0,2,0,0,0,0,1,1,2,1,4,1198,1,2,-1,-1
"154096","20134100C0708",2,9,0,4,0,2,0,0,0,0,2,1,2,1,9,2295,1,11,9,1
"154097","20134100C0711",1,9,0,18,0,1,0,0,0,0,3,1,2,1,7,1490,1,7,9,1
"154098","20134100C0711",2,9,0,18,0,1,0,0,0,0,1,1,6,1,-1,-1,-1,-1,-1,-1
"154099","20134100C0716",1,9,0,18,0,1,0,0,0,0,1,1,2,2,7,1388,1,8,4,1