"","Acc_Index","Vehicle_Reference","Vehicle_Type","Towing_and_Articulation","Vehicle_Manoeuvre","Vehicle_Location.Restricted_Lane","Junction_Location","Skidding_and_Overturning","Hit_Object_in_Carriageway","Vehicle_Leaving_Carriageway","Hit_Object_off_Carriageway","X1st_Point_of_Impact","Was_Vehicle_Left_Hand_Drive","Journey_Purpose_of_Driver","Sex_of_Driver","Age_Band_of_Driver","Engine_Capacity_.CC.","Propulsion_Code","Age_of_Vehicle","Driver_IMD_Decile","Driver_Home_Area_Type"
"154100","20134100C0717",1,9,0,18,0,8,0,0,0,0,1,1,6,2,5,1349,1,3,3,1
"154101","20134100C0717",2,9,0,9,0,8,0,0,0,0,1,1,6,2,8,1997,2,5,10,1
"154102","20134100C0719",1,9,0,18,0,0,0,0,0,0,4,1,6,1,-1,-1,-1,-1,-1,-1
"154103","20134100C0720",1,9,0,18,0,0,0,0,0,0,1,1,6,1,5,1598,1,13,7,1
"154104","20134100C0720",2,9,0,4,0,0,1,4,0,0,1,1,6,2,5,973,1,13,4,1
"154105","20134100C0720",3,9,0,2,0,0,0,0,0,0,1,1,6,1,5,1796,1,4,9,1
"154106","20134100C0722",1,9,0,5,0,8,0,0,0,0,4,1,6,1,9,2359,1,5,7,1
"154107","20134100C0722",2,9,0,18,0,8,0,0,0,0,1,1,6,2,6,1493,2,5,3,1
"154109","20134100C0729",1,9,0,9,0,8,0,0,0,0,1,1,6,1,4,-1,-1,-1,7,2
"154110","20134100C0729",2,1,0,18,0,8,0,0,0,0,4,1,6,1,6,-1,-1,-1,4,1
"154113","20134100C0732",1,9,0,5,0,6,0,0,0,0,3,1,6,2,4,1596,1,12,8,1
"154114","20134100C0732",2,19,0,18,0,8,0,0,0,0,1,1,1,1,6,1753,2,1,5,1
"154117","20134100C0741",1,9,0,4,0,1,0,0,0,0,1,1,6,2,4,998,1,14,6,1
"154118","20134100C0741",2,8,0,3,0,1,0,0,0,0,2,1,1,1,6,-1,-1,-1,2,1
"154121","20134100C0752",1,9,0,9,0,5,0,0,0,0,1,1,3,1,7,1598,1,7,6,1
"154122","20134100C0752",2,1,0,5,0,1,0,0,0,0,1,1,2,2,9,-1,-1,-1,4,1
"154123","20134100C0766",1,9,0,18,0,4,0,0,0,0,1,1,6,1,6,-1,-1,-1,-1,-1
"154124","20134100C0766",2,9,0,10,0,8,0,0,0,0,4,1,6,2,7,1598,1,1,8,1
"154126","20134100C0769",1,9,0,5,0,1,0,0,0,0,1,1,6,1,8,1242,1,3,10,1
"154127","20134100C0769",2,9,0,17,0,8,0,0,0,0,4,1,6,1,6,1995,1,9,9,1
"154138","20134100C0776",1,2,0,16,0,0,1,10,0,0,1,1,2,1,4,124,1,-1,5,1
"154139","20134100C0776",2,9,0,17,0,0,0,0,0,0,1,1,2,1,8,1598,1,-1,7,1
"154142","20134100C0779",1,9,0,9,0,6,0,0,0,0,1,1,6,2,8,-1,-1,-1,-1,-1
"154143","20134100C0779",2,1,0,18,0,8,1,0,0,0,4,1,2,2,5,-1,-1,-1,10,1
"154144","20134100C0780",1,9,0,18,0,1,1,0,0,0,1,1,6,1,7,-1,-1,-1,-1,-1
"154145","20134100C0780",2,1,0,11,0,6,0,0,0,0,2,1,2,1,5,-1,-1,-1,10,1
"154146","20134100C0784",1,9,0,5,0,6,0,0,0,0,3,1,6,1,6,1796,1,11,6,1
"154147","20134100C0784",2,9,0,18,0,8,0,0,0,0,4,1,6,1,4,1124,1,9,6,1
"154148","20134100C0789",1,9,0,18,0,2,0,0,0,0,1,1,6,1,4,-1,-1,-1,-1,-1
"154149","20134100C0789",2,9,0,12,0,2,0,0,0,0,2,1,6,1,8,1995,2,8,2,1
"154151","20134100C0791",1,9,0,18,0,0,0,0,0,0,1,1,6,1,7,1598,1,10,8,1
"154154","20134100C0796",1,9,0,6,0,0,0,0,0,0,4,1,6,1,9,3199,1,12,8,1
"154155","20134100C0796",2,5,0,18,0,0,0,0,0,0,1,1,6,1,5,-1,-1,-1,5,1
"154156","20134100C0798",1,9,0,9,0,8,0,0,0,0,3,1,6,1,6,1800,1,14,10,1
"154161","20134100C0805",1,9,0,10,0,1,0,0,0,0,2,1,6,1,7,2179,2,2,4,1
"154162","20134100C0805",2,9,0,18,0,1,0,0,0,0,1,1,6,1,7,1597,1,13,4,1
"154163","20134100C0809",1,9,0,4,0,0,0,0,0,0,1,1,2,1,6,1587,1,15,7,1
"154164","20134100C0809",2,3,0,5,0,0,0,0,0,0,2,1,2,1,6,125,1,7,1,1
"154165","20134100C0810",1,9,0,3,0,1,0,0,0,0,2,1,6,2,6,1995,2,2,5,1
"154166","20134100C0810",2,9,0,18,0,1,0,0,0,0,1,1,6,1,10,1086,1,5,7,1
"154169","20134100C0817",1,9,0,14,0,0,0,0,0,0,1,1,6,2,7,1360,1,11,-1,-1
"154170","20134100C0817",2,11,0,3,0,0,0,0,0,0,2,1,1,1,7,4250,2,-1,7,1
"154171","20134100C0818",1,9,0,7,9,8,0,0,0,0,4,1,6,3,-1,-1,-1,-1,-1,-1
"154175","20134100C0841",1,9,0,18,0,1,0,0,0,0,1,1,6,2,10,1199,1,10,7,1
"154176","20134100C0841",2,1,0,4,0,1,0,0,0,0,2,1,1,2,8,-1,-1,-1,5,1
"154177","20134100C0849",1,9,0,17,0,0,0,0,2,7,1,1,2,2,7,-1,-1,-1,2,1
"154179","20134100C0854",1,5,0,18,0,0,0,0,0,0,1,1,6,1,11,-1,-1,-1,6,1
"154180","20134100C0854",2,9,0,4,0,0,0,12,0,0,2,1,1,2,7,1493,1,16,5,1
"154183","20134100C0858",1,9,0,6,0,2,0,0,0,0,3,1,6,2,7,1910,2,5,8,1
"154184","20134100C0858",2,1,0,14,0,2,0,0,0,0,1,1,6,1,6,-1,-1,-1,4,1
"154185","20134100C0859",1,9,0,9,0,6,0,0,0,0,1,1,6,1,6,1968,2,7,-1,-1
"154186","20134100C0859",2,9,0,3,0,2,0,0,0,0,2,1,6,2,8,1461,2,4,9,1
"154187","20134100C0865",1,11,0,18,2,8,0,0,0,0,4,1,1,1,8,9200,2,11,4,1
"154188","20134100C0866",1,9,0,9,0,8,0,0,0,0,3,1,6,1,5,1968,2,9,2,1
"154189","20134100C0866",2,9,0,17,0,1,0,0,0,0,1,1,6,2,4,1299,1,16,10,1
"154190","20134100C0875",1,9,0,18,0,0,0,4,0,0,1,1,6,2,5,1242,1,1,10,1
"154191","20134100C0875",2,9,0,2,0,0,0,4,0,0,3,1,6,1,8,-1,-1,-1,7,1
"154192","20134100C0875",3,9,0,2,0,0,0,0,0,0,1,1,6,1,-1,1896,2,5,4,1
"154193","20134100C0876",1,9,0,5,0,1,0,0,0,0,1,1,6,2,9,1497,1,10,8,1
"154194","20134100C0876",2,1,0,18,0,1,0,0,0,0,4,1,2,1,8,-1,-1,-1,9,1
"154195","20134100C0877",1,9,0,9,0,6,0,0,1,4,4,1,6,1,9,1870,2,10,5,1
"154196","20134100C0877",2,9,0,18,0,1,0,0,0,0,1,1,6,2,11,-1,-1,-1,10,1
"154201","20134100C0885",1,9,0,18,0,0,0,0,0,0,3,1,6,1,8,1360,1,6,5,1
"154202","20134100C0887",1,9,0,18,0,0,0,0,0,0,1,1,6,2,10,998,1,15,10,1
"154203","20134100C0889",1,8,0,18,0,4,0,0,0,0,2,1,1,1,6,-1,-1,-1,4,1
"154204","20134100C0889",2,1,0,18,0,1,0,0,0,0,1,1,6,1,5,-1,-1,-1,9,1
"154205","20134100C0899",1,9,0,7,2,7,0,0,0,0,3,1,3,2,8,1999,1,5,-1,-1
"154206","20134100C0899",2,9,0,18,0,1,0,0,0,0,4,1,2,2,7,-1,-1,-1,5,1
"154207","20134100C0901",1,3,0,18,0,1,0,0,0,0,4,1,6,1,4,125,1,2,5,1
"154208","20134100C0901",2,9,0,9,0,6,0,0,0,0,1,1,6,2,8,1242,1,5,9,1
"154209","20134100C0902",1,9,0,18,0,1,0,0,0,0,1,1,6,2,7,-1,-1,-1,7,1
"154210","20134100C0907",1,9,0,18,0,0,0,0,0,0,1,1,6,1,6,-1,-1,-1,-1,-1
"154211","20134100C0907",2,9,0,3,0,0,0,0,0,0,2,1,6,1,5,1196,1,17,10,1
"154215","20134100C0917",1,9,0,18,0,0,0,0,0,0,1,1,6,2,-1,1798,1,5,-1,-1
"154216","20134100C0918",1,19,0,18,0,1,0,0,0,0,1,1,1,1,8,4250,2,6,5,1
"154217","20134100C0918",2,9,0,4,0,1,0,0,0,0,2,1,6,2,8,-1,-1,-1,10,1
"154218","20134100C0918",3,9,0,4,0,1,0,0,0,0,2,1,6,2,6,1984,1,13,5,1
"154220","20134100C0921",1,9,0,17,0,0,1,0,1,7,1,1,6,2,6,1589,1,16,6,1
"154225","20134100C0924",1,9,0,18,0,2,0,0,0,0,3,1,6,3,-1,957,1,27,-1,-1
"154226","20134100C0924",2,9,0,3,0,1,0,0,0,0,3,1,6,2,7,1796,1,8,8,1
"154227","20134100C0930",1,9,0,18,0,0,1,10,1,3,4,1,6,1,4,1753,2,9,-1,-1
"154228","20134100C0930",2,9,0,18,0,0,0,0,0,0,0,1,1,1,6,2400,2,1,7,1
"154229","20134100C0930",3,9,0,2,9,0,0,0,0,0,4,1,6,3,-1,1124,1,7,-1,-1
"154230","20134100C0940",1,9,0,9,0,8,0,0,0,0,3,1,6,1,7,1796,1,11,6,1
"154231","20134100C0940",2,9,0,9,0,8,0,0,0,0,1,1,6,2,9,2400,2,4,9,1
"154234","20134100C0945",1,9,0,5,0,1,0,0,0,0,1,1,2,1,6,973,1,11,3,1
"154239","20134100C0949",1,9,0,9,0,6,0,0,0,0,1,1,6,1,6,1149,1,14,4,1
"154240","20134100C0949",2,8,0,18,0,1,0,0,0,0,4,1,2,1,7,2402,2,10,3,1
"154241","20134100C0950",1,9,0,18,0,8,0,0,0,0,1,1,6,1,6,1798,1,7,3,1
"154242","20134100C0950",2,9,0,18,0,8,0,0,0,0,3,1,2,1,6,999,1,13,6,1
"154244","20134100C0956",1,9,0,9,0,8,0,0,0,0,1,1,6,3,-1,1399,2,4,-1,-1
"154260","20134100C1003",1,9,0,9,0,5,0,0,0,0,1,1,6,1,6,-1,-1,-1,-1,-1
"154261","20134100C1003",2,1,0,18,0,8,0,0,0,0,1,1,6,1,8,-1,-1,-1,-1,-1
"154265","20134100C1010",1,4,0,13,0,1,0,0,0,0,1,1,6,1,5,198,1,10,2,1
"154266","20134100C1010",2,9,0,9,0,6,0,0,0,0,3,1,6,2,8,1968,2,7,-1,-1
"154267","20134100C1010",3,9,0,3,0,1,0,0,0,0,0,1,6,1,5,1598,1,10,-1,-1
"154268","20134100C1013",1,9,0,18,0,0,0,0,0,0,1,1,6,1,5,-1,-1,-1,-1,-1
"154271","20134100C1021",1,9,0,5,0,0,0,0,0,0,1,1,6,2,8,2148,2,4,3,1
"154272","20134100C1021",2,9,0,18,0,0,0,0,0,0,4,1,6,2,7,-1,-1,-1,9,1
"154275","20134100C1027",1,10,0,4,0,2,0,0,0,0,1,1,1,1,8,-1,-1,-1,9,2
"154276","20134100C1027",2,9,0,3,0,2,0,0,0,0,2,1,6,2,6,1329,1,-1,9,1
"154277","20134100C1034",1,21,0,18,0,8,0,0,0,0,3,1,6,1,-1,-1,-1,-1,-1,-1
"154278","20134100C1034",2,1,0,18,0,8,0,0,0,0,4,1,2,2,5,-1,-1,-1,5,1
"154279","20134100C1039",1,9,0,4,0,6,0,0,0,0,0,1,6,3,-1,-1,-1,-1,-1,-1
"154280","20134100C1039",2,9,0,18,0,1,0,0,0,0,2,1,6,1,8,3227,2,11,5,1
"154281","20134100C1039",3,9,0,18,0,1,0,0,0,0,1,1,6,1,8,2987,2,7,8,1
"154282","20134100C1040",1,9,0,9,0,5,0,0,0,0,1,1,6,1,4,1124,1,11,9,1
"154283","20134100C1040",2,9,0,18,0,1,0,0,0,0,1,1,6,2,8,1198,1,2,5,1
"154288","20134100C1048",1,9,0,9,0,8,0,0,7,0,1,1,2,2,4,1796,1,8,10,1
"154289","20134100C1048",2,9,0,18,0,1,0,0,1,0,1,1,2,1,5,1390,1,18,6,1
"154290","20134100C1052",1,9,0,9,0,4,0,0,0,0,3,1,6,2,4,1149,1,14,4,1
"154291","20134100C1052",2,9,0,18,0,4,0,0,0,0,1,1,1,1,8,-1,-1,-1,10,1
"154292","20134100C1053",1,9,0,4,0,0,0,0,0,0,2,1,6,2,8,1360,1,1,10,1
"154293","20134100C1053",2,9,0,4,0,0,0,0,0,0,2,1,6,1,6,1360,1,13,4,1
"154294","20134100C1053",3,9,0,4,0,0,0,0,0,0,1,1,6,1,7,-1,-1,-1,8,1
"154295","20134100C1056",1,9,0,7,0,4,0,0,0,0,1,1,1,1,9,1968,2,7,5,1
"154296","20134100C1056",2,1,0,18,0,8,0,0,0,0,2,1,2,1,6,-1,-1,-1,3,1
"154300","20134100C1063",1,9,0,9,0,6,0,0,0,0,1,1,6,1,11,1199,1,12,5,1
"154301","20134100C1063",2,9,0,18,0,8,0,0,0,0,3,1,6,2,7,1598,1,11,4,1
"154302","20134100C1066",1,9,0,18,0,0,0,0,0,0,1,1,6,3,-1,-1,-1,-1,-1,-1
"154303","20134100C1066",2,9,0,18,0,0,0,7,0,0,2,1,6,1,7,1396,1,8,1,1
"154305","20134100C1082",1,9,0,3,0,1,0,0,0,0,2,1,6,1,6,1299,1,16,5,1
"154306","20134100C1082",2,9,0,3,0,1,0,0,0,0,2,1,6,1,8,-1,-1,-1,5,1
"154307","20134100C1082",3,9,0,18,0,1,0,0,0,0,1,1,6,1,10,1995,2,12,3,1
"154308","20134100C1087",1,9,0,18,0,1,0,4,0,0,1,1,6,2,6,-1,-1,-1,7,1
"154309","20134100C1087",2,21,1,2,0,1,0,0,0,0,2,1,1,1,-1,12777,2,6,3,1
"154310","20134100C1087",3,9,0,13,0,1,0,0,0,0,1,1,6,1,6,1910,2,5,-1,-1
"154311","20134100C1090",1,9,0,18,0,8,5,0,0,0,3,1,6,1,8,1850,1,14,8,1
"154312","20134100C1090",2,9,0,9,0,1,0,0,7,0,1,1,6,1,7,1896,2,10,2,1
"154313","20134100C1101",1,8,0,5,0,8,0,0,0,0,4,1,1,1,9,2148,2,7,7,1
"154314","20134100C1101",2,1,0,18,0,8,0,0,0,0,1,1,2,1,6,-1,-1,-1,-1,-1
"154315","20134100C1102",1,9,0,9,0,5,0,0,0,0,4,1,6,1,10,3189,1,7,9,3
"154316","20134100C1102",2,4,0,18,0,1,1,0,0,0,1,1,6,1,4,249,1,4,7,1
"154319","20134100C1105",1,9,0,1,0,0,0,0,2,2,3,1,6,2,5,1998,1,6,4,1
"154320","20134100C1106",1,9,0,4,0,1,0,0,0,0,1,1,6,3,-1,-1,-1,-1,-1,-1
"154321","20134100C1106",2,9,0,4,0,1,0,0,0,0,2,1,1,1,5,1598,1,12,8,1
"154322","20134100C1112",1,9,0,5,0,0,0,0,0,0,2,1,6,1,7,1797,8,2,6,1
"154323","20134100C1115",1,9,0,18,0,0,0,0,0,0,1,1,6,2,4,1242,1,14,4,1
"154324","20134100C1116",1,9,0,1,0,0,0,0,0,0,2,1,2,1,6,1998,2,4,6,1
"154325","20134100C1117",1,9,0,4,0,0,0,0,0,0,1,1,6,1,8,-1,-1,-1,-1,-1
"154326","20134100C1117",2,9,0,3,0,0,0,0,0,0,2,1,6,2,10,1339,1,7,9,1
"154327","20134100C1117",3,9,0,3,0,0,0,0,0,0,2,1,6,2,6,-1,-1,-1,7,1
"154328","20134100C1117",4,9,0,3,0,0,0,0,0,0,2,1,6,1,6,-1,-1,-1,6,1
"154331","20134100C1126",1,9,0,9,0,5,0,0,0,0,1,1,6,2,7,1588,1,11,4,1
"154335","20134100C1138",1,9,0,18,0,0,0,0,0,0,1,1,6,1,8,-1,-1,-1,9,1
"154337","20134100C1140",1,9,0,18,0,0,5,4,0,0,1,1,3,2,7,1685,2,1,5,1
"154338","20134100C1140",2,9,0,2,0,0,0,4,0,0,4,1,6,3,-1,1992,2,6,-1,-1
"154339","20134100C1140",3,9,0,2,0,0,0,0,0,0,2,1,6,3,-1,1998,1,9,-1,-1
"154344","20134100C1143",1,19,0,12,0,2,0,0,0,0,2,1,6,3,-1,-1,-1,-1,-1,-1
"154345","20134100C1143",2,9,0,18,0,2,0,0,0,0,1,1,6,1,6,1896,2,11,6,1
"154346","20134100C1152",1,9,0,1,0,1,0,0,0,0,2,1,6,1,-1,1753,2,5,9,1
"154347","20134100C1157",1,9,0,9,0,2,0,0,0,0,1,1,6,1,8,-1,-1,-1,6,1
"154350","20134100C1163",1,9,0,9,0,6,0,0,0,0,3,1,6,2,8,3301,1,12,3,1
"154351","20134100C1163",2,9,0,18,0,1,1,0,0,0,1,1,6,2,6,1368,1,1,6,1
"154355","20134100C1172",1,9,0,14,0,0,0,4,0,0,1,1,2,2,6,1299,1,13,5,1
"154356","20134100C1172",2,9,0,2,0,0,0,0,0,0,1,1,6,3,-1,1598,2,1,5,1
"154357","20134100C1173",1,9,0,17,0,0,1,0,0,6,1,1,1,2,6,1362,1,1,6,1
"154358","20134100C1176",1,9,0,9,0,8,0,0,0,0,1,1,6,1,-1,2435,1,13,-1,-1
"154359","20134100C1176",2,9,0,18,0,8,0,0,0,0,1,1,6,2,9,2204,2,7,-1,-1
"154360","20134100C1179",1,9,0,18,0,1,0,0,0,0,1,1,6,1,5,1560,2,1,4,1
"154361","20134100C1182",1,9,0,18,0,8,0,0,0,0,1,1,1,1,7,-1,-1,-1,8,1
"154362","20134100C1182",2,9,0,9,0,6,0,0,1,0,3,1,6,1,4,1242,1,6,10,1
"156245","20134100J0487",1,9,0,7,0,6,0,0,0,0,1,1,6,1,9,-1,-1,-1,-1,-1
"156246","20134100J0487",2,9,0,18,0,1,0,0,0,0,4,1,6,2,8,1995,1,6,8,1
"156256","20134100J0498",1,9,0,18,0,1,0,0,0,0,1,1,6,2,6,-1,-1,-1,10,1
"156257","20134100J0498",2,9,0,3,0,1,0,0,0,0,2,1,6,2,9,-1,-1,-1,10,1
"156280","20134100J0537",1,9,0,18,0,0,1,10,7,4,1,1,6,1,8,-1,-1,-1,8,1
"156734","20134100T1026",1,9,0,18,0,0,0,0,2,7,4,1,6,1,9,1299,1,10,-1,-1
"156750","20134100T1040",1,19,0,12,0,0,0,0,0,0,0,1,6,3,-1,-1,-1,-1,-1,-1
"156751","20134100T1040",2,9,0,18,0,0,2,0,1,7,1,1,6,1,5,1995,2,4,4,1
"156769","20134100T1059",1,9,0,18,0,0,0,0,2,7,1,1,6,2,6,1590,1,13,1,1
"156773","20134100T1064",1,9,0,18,0,2,0,0,0,0,1,1,6,1,7,1896,2,7,8,3
"156830","20134100T1108",1,9,0,18,0,0,0,0,0,0,1,1,1,1,7,-1,-1,-1,4,1
"156831","20134100T1108",2,9,0,18,0,0,5,0,5,6,2,1,6,1,10,1998,1,14,9,1
"156832","20134100T1108",3,9,0,18,0,0,1,0,0,0,4,1,6,1,5,1997,1,1,7,1
"182620","2013450001780",1,1,0,18,9,0,0,11,0,0,1,1,6,1,8,-1,-1,-1,9,1
"182647","2013450001811",1,9,0,18,0,1,0,0,0,0,1,1,6,1,5,-1,-1,-1,10,1
"182648","2013450001811",2,9,0,6,0,6,0,0,0,0,3,1,6,1,8,-1,-1,-1,5,1
"182716","2013450002162",1,9,0,18,0,1,1,0,0,0,1,1,2,1,4,1149,1,6,10,1
"182717","2013450002162",2,9,0,18,0,1,0,0,0,0,2,1,2,1,6,999,1,11,3,1
"182718","2013450002162",3,9,0,3,0,1,0,0,0,0,2,1,2,1,8,998,1,13,9,1
"182719","2013450002162",4,9,0,3,0,1,0,0,0,0,2,1,2,1,6,1753,2,10,6,1
"182720","2013450002162",5,9,0,3,0,1,0,0,0,0,2,1,1,2,7,1560,2,1,9,1
"182941","2013450002732",1,9,0,18,0,0,0,0,0,0,0,1,6,1,8,2979,1,5,9,1
"182950","2013450002742",1,9,0,18,0,1,0,0,0,0,1,1,6,3,-1,-1,-1,-1,-1,-1
"182965","2013450002838",1,9,0,4,0,1,0,0,0,0,1,1,6,2,7,1995,2,8,9,1
"182966","2013450002838",2,9,0,4,0,1,0,0,0,0,2,1,6,1,7,1596,1,7,5,1
"183029","2013450003109",1,9,0,3,0,0,0,0,0,0,2,1,2,1,8,1598,1,8,3,1
"183030","2013450003109",2,9,0,18,0,0,0,0,0,0,1,1,6,2,11,1299,1,6,9,1
"183033","2013450003114",1,9,0,9,0,1,0,0,0,0,2,1,1,1,6,1910,2,5,8,1
"183034","2013450003114",2,9,0,18,0,1,0,0,1,0,1,1,2,1,6,3189,1,10,6,1
"183107","2013450003285",1,9,0,18,0,0,0,0,0,0,4,1,3,2,7,1389,1,15,9,1
"183161","2013450003424",1,9,0,18,0,8,5,7,0,0,1,1,6,1,9,-1,-1,-1,10,1
"183204","2013450003577",1,9,0,1,0,1,0,4,1,1,2,1,6,2,11,1596,1,1,-1,-1
"183205","2013450003577",2,9,0,2,0,1,0,0,0,0,3,1,6,2,10,1400,1,8,-1,-1
"183277","2013450003797",1,1,0,18,0,0,2,0,0,0,0,1,6,1,7,-1,-1,-1,7,1
"183278","2013450003797",2,9,0,9,0,0,0,0,0,0,0,1,6,1,5,-1,-1,-1,6,1
"183293","2013450003818",1,9,0,9,0,4,0,0,0,0,1,1,6,1,8,1587,1,12,10,1
"183294","2013450003818",2,1,0,18,0,3,0,0,0,0,3,1,6,2,8,-1,-1,-1,10,1
"183304","2013450003862",1,9,0,9,0,1,0,0,0,0,2,1,6,2,9,1240,1,7,9,1
"183305","2013450003862",2,9,0,3,0,1,0,0,7,0,2,1,6,2,10,1998,1,10,9,1
"183306","2013450003862",3,9,0,18,0,1,0,0,0,0,1,1,6,1,-1,1360,1,6,-1,-1
"183318","2013450003888",1,9,0,18,0,0,0,4,0,0,1,1,6,1,5,1598,1,8,6,1
"183319","2013450003888",2,1,0,2,0,0,0,0,0,0,0,1,6,1,7,-1,-1,-1,10,1
"183321","2013450003891",1,19,0,1,0,1,0,0,0,0,3,1,1,1,7,2402,2,3,7,1
"183322","2013450003891",2,1,0,18,0,1,0,0,0,0,1,1,6,1,7,-1,-1,-1,6,1
"183326","2013450003894",1,2,0,18,0,0,0,0,0,0,1,1,6,1,4,49,1,2,3,1
"183327","2013450003894",2,9,0,11,0,0,0,0,0,0,4,1,6,1,6,1388,1,4,10,1
"183351","2013450003941",1,9,0,18,0,0,0,0,0,0,1,1,6,2,6,1390,1,4,5,1
"183352","2013450003941",2,9,0,3,0,0,0,0,0,0,2,1,6,2,8,1686,2,2,6,1
"183353","2013450003941",3,9,0,3,0,0,0,0,0,0,2,1,1,1,8,-1,-1,-1,9,1
"183424","2013450004058",1,9,0,18,0,1,0,0,0,0,4,1,6,3,-1,-1,-1,-1,-1,-1
"183425","2013450004058",2,1,0,18,0,1,0,0,0,0,3,1,4,1,3,-1,-1,-1,6,1
"183426","2013450004062",1,9,0,16,0,0,0,0,4,0,1,1,6,1,4,1120,1,18,6,1
"183568","2013450004331",1,9,0,9,0,0,0,0,0,0,4,1,6,2,8,1339,1,9,10,1
"183569","2013450004331",2,19,0,18,0,0,0,0,0,0,1,1,1,1,7,4461,2,5,10,1
"183600","2013450004363",1,9,0,11,0,0,0,0,0,0,1,1,1,1,5,1984,1,17,6,1
"183601","2013450004363",2,9,0,3,0,0,0,0,0,0,2,1,1,1,6,1199,1,9,6,1
"183602","2013450004363",3,5,0,3,0,0,0,0,0,0,2,1,1,1,-1,654,1,7,8,1
"183603","2013450004363",4,9,0,3,0,0,0,0,0,0,2,1,1,1,9,1990,1,24,7,1
"183631","2013450004409",1,9,0,4,0,0,0,0,0,0,2,1,6,2,5,1000,1,13,10,1
"183632","2013450004409",2,9,0,18,0,0,0,0,0,0,1,1,6,1,-1,1598,1,16,4,1
"183693","2013450004537",1,9,0,9,0,6,0,0,0,0,1,1,1,1,7,1598,1,7,6,1
"183694","2013450004537",2,3,0,18,0,1,1,0,0,0,1,1,1,1,4,125,1,6,5,1
"183695","2013450004537",3,9,0,2,0,1,0,0,0,0,0,1,6,1,-1,1900,2,7,10,1
"183729","2013450004576",1,1,0,9,0,3,5,0,0,0,2,1,2,1,6,-1,-1,-1,9,1
"183730","2013450004576",2,9,0,7,0,4,0,0,0,0,1,1,6,1,11,1405,1,8,7,1
"183769","2013450004642",1,1,0,18,0,8,0,0,0,0,1,1,6,1,4,-1,-1,-1,4,1
"183821","2013450004715",1,9,0,3,0,2,0,0,0,0,2,1,6,2,6,1587,1,6,6,1
"183822","2013450004715",2,9,0,18,0,2,0,0,0,0,2,1,6,1,6,-1,-1,-1,9,1
"183838","2013450004752",1,1,0,18,0,0,0,0,0,0,1,1,6,2,6,-1,-1,-1,9,1
"183839","2013450004752",2,9,0,18,0,0,0,0,0,0,1,1,6,1,6,1686,2,1,8,2
"183852","2013450004772",1,9,0,18,0,2,0,0,0,0,1,1,6,1,11,1388,1,7,10,1
"183853","2013450004772",2,9,0,4,0,1,0,0,0,0,1,1,6,1,9,1998,1,14,6,1
"184138","2013450005165",1,9,0,18,0,1,0,0,0,0,4,1,2,1,8,1248,1,2,5,1
"184139","2013450005165",2,19,0,10,0,1,0,0,0,0,1,1,6,3,-1,2400,2,10,-1,-1
"184150","2013450005178",1,9,0,5,0,0,0,0,0,0,1,1,6,1,9,5993,1,17,10,1
"184151","2013450005178",2,1,0,18,0,0,0,0,0,0,1,1,6,1,6,-1,-1,-1,8,1
"184171","2013450005210",1,9,0,18,9,0,0,0,0,0,1,1,6,1,10,1895,1,13,9,1
"184198","2013450005259",1,9,0,18,0,0,0,0,0,0,3,1,1,2,4,1124,1,14,8,1
"184199","2013450005259",2,9,0,18,0,0,0,4,0,0,4,1,1,1,7,1995,2,7,9,1
"184200","2013450005259",3,9,0,2,0,0,0,0,0,0,3,1,6,2,4,1598,1,9,7,1
"184227","2013450005292",1,9,0,1,0,0,0,0,0,0,2,1,6,2,9,998,1,13,4,1
"184322","2013450005412",1,9,0,8,9,1,0,0,0,0,2,1,3,2,6,1388,1,6,6,1
"184323","2013450005412",2,19,0,18,9,1,0,0,0,0,2,1,2,1,8,2198,2,-1,6,1
"184329","2013450005420",1,9,0,3,0,0,0,0,0,0,4,1,6,2,4,1299,1,9,9,1
"184352","2013450005448",1,9,0,18,0,1,1,0,7,0,1,1,6,1,10,1995,1,8,8,1
"184353","2013450005448",2,9,0,18,0,1,0,0,0,0,3,1,6,3,-1,-1,-1,-1,-1,-1
"184381","2013450005481",1,1,0,18,0,0,0,0,0,0,0,1,6,1,3,-1,-1,-1,7,1
"184385","2013450005484",1,9,0,9,0,0,0,0,7,0,1,1,6,2,10,1968,2,6,9,1
"184386","2013450005484",2,1,0,15,0,0,0,0,0,0,3,1,1,1,7,-1,-1,-1,9,1
"184456","2013450005564",1,9,0,4,0,6,0,0,0,0,2,1,6,1,7,1985,1,11,8,1
"184457","2013450005564",2,9,0,18,0,5,0,0,0,0,1,1,6,3,-1,847,1,15,-1,-1
"184518","2013450005622",1,1,0,18,9,0,1,0,0,0,1,1,6,1,6,-1,-1,-1,10,1