"","Acc_Index","Vehicle_Reference","Vehicle_Type","Towing_and_Articulation","Vehicle_Manoeuvre","Vehicle_Location.Restricted_Lane","Junction_Location","Skidding_and_Overturning","Hit_Object_in_Carriageway","Vehicle_Leaving_Carriageway","Hit_Object_off_Carriageway","X1st_Point_of_Impact","Was_Vehicle_Left_Hand_Drive","Journey_Purpose_of_Driver","Sex_of_Driver","Age_Band_of_Driver","Engine_Capacity_.CC.","Propulsion_Code","Age_of_Vehicle","Driver_IMD_Decile","Driver_Home_Area_Type"
"184521","2013450005629",1,9,0,18,0,8,0,0,0,0,1,1,6,1,8,4196,1,9,9,1
"184522","2013450005629",2,9,0,10,0,8,0,0,0,0,2,1,6,2,9,2967,1,13,10,1
"184583","2013450005678",1,3,0,18,0,8,0,0,0,0,1,1,2,1,5,125,1,2,4,1
"184584","2013450005678",2,9,0,6,0,8,0,0,0,0,4,1,6,1,6,1199,1,12,3,1
"184607","2013450005711",1,9,0,9,0,6,0,0,0,0,3,1,6,2,7,1582,2,6,4,1
"184608","2013450005711",2,2,0,18,0,1,1,0,0,0,1,1,6,1,5,124,1,6,10,1
"184612","2013450005714",1,9,0,5,0,1,0,0,0,0,4,1,6,2,10,1991,2,2,8,1
"184613","2013450005714",2,9,0,7,0,1,0,0,0,0,1,1,6,1,9,1061,1,9,8,1
"184732","2013450005850",1,9,0,8,0,0,0,0,0,0,2,1,6,1,8,1796,1,6,10,1
"184733","2013450005850",2,19,0,18,0,0,0,0,0,0,1,1,2,1,8,2148,2,8,9,1
"184734","2013450005850",3,1,0,18,0,0,0,0,0,0,1,1,6,1,8,-1,-1,-1,5,1
"184748","2013450005865",1,9,0,9,0,8,0,0,0,0,1,1,2,1,7,2179,2,-1,8,1
"184749","2013450005865",2,1,0,18,0,1,0,0,0,0,4,1,6,1,6,-1,-1,-1,6,1
"184756","2013450005872",1,9,0,4,0,1,0,0,0,0,4,1,6,2,8,1753,2,4,10,1
"184757","2013450005872",2,1,0,7,0,1,0,0,0,0,1,1,6,1,8,-1,-1,-1,10,1
"184795","2013450005918",1,9,0,4,0,3,0,0,0,0,3,1,6,2,-1,-1,-1,-1,-1,-1
"184850","2013450005986",1,9,0,18,0,4,1,0,8,2,1,1,2,1,7,1360,1,13,4,1
"184856","2013450005993",1,1,0,4,0,1,5,0,0,0,0,1,6,2,6,-1,-1,-1,3,1
"184924","2013450006097",1,9,0,18,0,1,0,0,0,0,2,1,6,1,7,-1,-1,-1,6,1
"184925","2013450006097",2,9,0,18,0,1,0,0,0,0,1,1,6,1,-1,-1,-1,-1,10,1
"185022","2013450006234",1,9,0,7,0,8,0,0,0,0,1,1,6,1,7,1968,2,1,9,1
"185023","2013450006234",2,1,0,18,0,8,0,0,0,0,1,1,2,1,8,-1,-1,-1,9,1
"185070","2013450006294",1,9,0,18,0,4,0,0,0,0,3,1,6,2,10,995,1,8,4,1
"185071","2013450006294",2,1,0,18,0,4,0,0,0,0,1,1,6,1,6,-1,-1,-1,3,1
"185112","2013450006329",1,9,0,18,0,1,0,0,0,0,1,1,6,2,9,1061,1,9,2,1
"185113","2013450006329",2,22,0,18,0,8,0,0,0,0,1,1,6,1,11,-1,-1,-1,3,1
"185143","2013450006373",1,1,0,18,5,0,0,0,0,0,0,1,6,2,4,-1,-1,-1,6,1
"185191","2013450006422",1,3,0,4,0,1,1,0,0,0,1,1,1,2,6,124,1,1,6,1
"185193","2013450006425",1,9,0,18,0,0,0,4,0,0,3,1,6,1,9,1368,1,4,10,1
"185194","2013450006425",2,9,0,2,0,0,0,4,0,0,4,1,6,2,9,1870,2,11,3,1
"185195","2013450006425",3,9,0,2,0,0,0,0,0,0,4,1,6,2,5,973,1,12,10,1
"185203","2013450006433",1,9,0,14,0,1,0,0,7,0,1,1,6,1,7,3189,1,9,4,1
"185204","2013450006433",2,9,0,9,0,5,0,0,7,0,3,1,6,1,7,1896,2,8,9,1
"185230","2013450006475",1,9,0,9,0,1,0,0,0,0,1,1,6,1,5,1686,2,10,2,1
"185231","2013450006475",2,1,0,10,0,8,5,0,0,0,1,1,6,1,7,-1,-1,-1,8,1
"185246","2013450006490",1,9,0,3,0,1,0,0,0,0,2,1,6,1,5,1396,1,15,8,1
"185247","2013450006490",2,9,0,18,0,1,0,0,0,0,1,1,6,2,9,1560,2,8,10,1
"185292","2013450006541",1,9,0,17,0,0,2,0,0,0,1,1,2,2,4,1390,1,8,10,1
"185329","2013450006581",1,1,0,8,0,3,0,0,0,0,4,1,6,1,8,-1,-1,-1,10,1
"185330","2013450006581",2,9,0,18,0,3,0,0,0,0,1,1,6,2,6,1598,1,6,5,1
"185377","2013450006625",1,9,0,9,0,8,0,0,0,0,1,1,6,2,6,1598,1,13,4,2
"185378","2013450006625",2,9,0,18,0,2,0,0,0,0,1,1,6,2,7,1598,1,8,4,1
"185396","2013450006663",1,9,0,17,0,0,0,0,0,0,1,1,1,2,7,1364,1,5,4,1
"185397","2013450006663",2,9,0,16,0,0,0,0,0,0,1,1,6,2,7,1598,1,1,10,1
"185409","2013450006675",1,9,0,4,0,2,0,0,0,0,1,1,6,1,6,1390,1,2,6,1
"185410","2013450006675",2,9,0,4,0,2,0,0,0,0,2,1,6,1,5,1388,1,4,10,1
"185411","2013450006675",3,9,0,4,0,2,0,0,0,0,2,1,1,2,7,1390,1,6,10,1
"185487","2013450006754",1,21,4,18,0,0,5,5,0,0,1,1,1,1,9,7146,2,2,1,1
"185488","2013450006754",2,9,0,3,0,0,0,0,0,0,3,1,6,1,9,2393,1,7,9,1
"185489","2013450006754",3,9,0,18,0,0,0,0,0,0,2,1,6,1,6,-1,-1,-1,9,1
"185496","2013450006765",1,9,0,15,0,0,0,0,0,0,2,1,6,1,7,-1,-1,-1,9,1
"185497","2013450006765",2,1,0,18,0,0,2,0,1,0,1,1,6,1,-1,-1,-1,-1,8,1
"185518","2013450006792",1,9,0,7,0,1,0,0,0,0,4,1,2,2,9,1995,1,7,10,1
"185519","2013450006792",2,1,0,18,0,1,0,0,0,0,1,1,6,1,4,-1,-1,-1,10,1
"185525","2013450006798",1,9,0,18,9,0,0,0,7,0,1,1,6,1,7,1794,1,13,2,1
"185526","2013450006798",2,9,0,18,0,0,0,0,2,0,1,1,1,1,7,2953,1,4,5,2
"185574","2013450006874",1,1,0,18,0,8,2,0,0,0,4,1,2,2,6,-1,-1,-1,5,1
"185575","2013450006874",2,9,0,9,0,6,0,0,0,0,1,1,6,1,10,1086,1,5,10,1
"185687","2013450007039",1,9,0,4,0,0,0,0,0,0,2,1,2,2,7,1998,1,7,4,1
"185688","2013450007039",2,9,0,4,0,0,0,0,0,0,2,1,6,2,7,1339,1,3,7,1
"185689","2013450007039",3,9,0,18,0,0,0,0,0,0,1,1,6,1,7,-1,-1,-1,6,1
"185692","2013450007048",1,9,0,9,0,0,0,0,0,0,0,1,6,2,8,2259,1,14,10,1
"185693","2013450007051",1,9,0,4,0,2,0,0,0,0,1,1,1,2,8,1360,1,1,6,1
"185694","2013450007051",2,9,0,5,0,2,0,0,0,0,2,1,1,1,5,1390,1,17,9,1
"185697","2013450007054",1,9,0,18,0,0,0,0,0,0,2,1,6,1,11,1390,1,12,10,1
"185698","2013450007054",2,9,0,18,0,0,0,0,0,0,1,1,6,1,4,1242,1,6,8,1
"185757","2013450007132",1,9,0,18,0,0,0,0,0,0,3,1,6,1,6,1781,1,7,8,1
"185758","2013450007132",2,9,0,18,0,0,1,0,0,0,4,1,6,1,7,1527,2,15,7,1
"185801","2013450007181",1,9,0,18,0,1,0,0,0,0,2,1,6,2,10,1995,1,3,10,1
"185802","2013450007181",2,9,0,18,0,1,1,0,0,0,1,1,6,1,8,1400,1,13,6,1
"185805","2013450007183",1,9,0,5,0,1,0,0,0,0,1,1,6,2,7,1397,1,12,4,1
"185806","2013450007183",2,1,0,18,9,1,0,0,0,0,1,1,6,1,2,-1,-1,-1,9,1
"185858","2013450007230",1,9,0,9,0,1,0,0,0,0,2,1,6,1,4,1242,1,11,10,1
"185859","2013450007230",2,1,0,18,0,2,0,0,0,0,2,1,2,1,7,-1,-1,-1,6,1
"185876","2013450007255",1,9,0,7,0,4,0,0,0,0,4,1,6,1,8,1798,1,12,4,1
"185877","2013450007255",2,1,0,5,0,4,0,0,0,0,3,1,6,1,8,-1,-1,-1,8,2
"185961","2013450007356",1,9,0,3,0,1,0,0,0,0,2,1,6,2,6,1796,1,3,4,1
"185962","2013450007356",2,9,0,3,0,1,0,0,0,0,2,1,6,1,5,1149,1,4,10,1
"185963","2013450007356",3,9,0,18,0,1,0,0,0,0,1,1,1,1,10,-1,-1,-1,4,1
"185970","2013450007362",1,9,0,17,0,1,0,0,0,0,4,1,1,1,5,1998,2,8,10,1
"185971","2013450007362",2,9,0,17,0,1,0,0,0,0,3,1,6,2,6,1598,1,9,5,1
"185996","2013450007410",1,9,0,16,0,1,0,0,0,0,1,1,6,2,9,1596,1,13,8,1
"186236","2013450007705",1,9,0,5,0,1,0,0,0,0,1,1,1,1,9,1968,2,3,4,1
"186237","2013450007705",2,9,0,18,0,1,0,0,1,0,4,1,1,2,8,1399,2,4,10,1
"186268","2013450007731",1,9,0,5,0,0,0,0,0,0,1,1,6,2,9,1198,1,7,7,1
"186269","2013450007731",2,9,0,5,0,0,0,0,0,0,2,1,6,1,8,1149,1,12,6,1
"186311","2013450007782",1,9,0,1,9,0,0,0,0,0,2,1,6,2,4,1242,1,1,8,1
"186339","2013450007796",1,9,0,18,0,0,1,0,0,0,1,1,1,1,7,1896,2,9,4,1
"186340","2013450007796",2,9,0,18,0,0,1,0,0,0,1,1,6,1,5,1984,1,14,6,1
"186414","2013450007874",1,19,0,4,0,0,1,0,0,0,1,1,6,1,8,1896,2,17,1,1
"186415","2013450007874",2,9,0,4,0,0,0,0,0,0,2,1,6,1,6,1998,1,5,10,1
"186555","2013450008056",1,9,0,4,0,1,0,0,0,0,1,1,6,1,4,1598,1,8,10,1
"186556","2013450008056",2,9,0,4,0,1,0,0,0,0,2,1,6,2,7,1598,1,17,4,1
"186590","2013450008089",1,9,0,4,0,0,0,0,1,0,2,1,6,2,7,2401,2,9,8,1
"186591","2013450008089",2,9,0,18,0,0,0,0,0,0,1,1,6,2,9,1797,8,4,6,1
"186627","2013450008125",1,9,0,18,0,0,0,0,1,0,1,1,6,1,5,1124,1,15,10,1
"186647","2013450008143",1,9,0,18,0,0,0,0,0,0,4,1,6,1,5,1362,1,1,8,2
"186648","2013450008143",2,9,0,1,9,0,0,0,0,0,2,1,6,1,7,-1,-1,-1,10,1
"186666","2013450008162",1,9,0,9,0,5,0,0,0,0,1,1,1,1,9,1968,2,3,7,1
"186667","2013450008162",2,5,0,16,0,2,0,0,0,0,1,1,6,1,8,865,1,1,10,1
"186674","2013450008184",1,9,0,8,0,0,0,0,0,0,2,1,6,2,11,1587,1,13,10,1
"186675","2013450008184",2,9,0,18,0,0,0,0,0,0,2,1,6,2,8,1199,1,11,10,1
"186676","2013450008184",3,9,0,18,0,0,0,0,0,0,2,1,6,2,8,1895,1,16,9,1
"186677","2013450008184",4,9,0,18,0,0,0,0,0,0,1,1,6,1,7,1598,1,-1,10,1
"186766","2013450008305",1,9,0,3,0,8,0,0,0,0,1,1,1,1,8,1200,1,-1,7,1
"186767","2013450008305",2,9,0,3,0,8,0,0,0,0,2,1,1,1,5,1229,1,7,6,1
"186768","2013450008305",3,9,0,3,0,8,0,0,0,0,2,1,1,2,8,2148,2,7,10,1
"186788","2013450008318",1,8,0,13,0,1,0,0,0,0,1,1,1,1,6,2499,2,6,9,1
"186789","2013450008318",2,1,0,18,0,2,0,0,0,0,1,1,6,1,9,-1,-1,-1,10,1
"186790","2013450008320",1,9,0,16,0,0,0,0,0,0,2,1,1,1,8,1390,1,7,8,1
"186791","2013450008320",2,3,0,16,0,0,0,0,0,0,1,1,1,1,6,124,1,4,10,1
"186804","2013450008332",1,1,0,18,0,0,0,0,0,0,0,1,6,1,7,-1,-1,-1,6,1
"186807","2013450008338",1,9,0,17,0,0,0,0,0,0,4,1,6,2,7,1498,1,8,6,1
"186808","2013450008338",2,9,0,16,0,0,0,0,0,0,3,1,6,2,6,1598,1,9,6,1
"186809","2013450008339",1,9,0,18,0,8,0,0,0,0,1,1,6,2,6,1493,2,2,8,1
"186810","2013450008339",2,9,0,18,0,8,0,0,0,0,1,1,6,2,8,1685,2,1,10,1
"186943","2013450008520",1,9,0,7,0,3,0,7,0,0,1,1,6,1,10,1199,1,13,9,1
"186956","2013450008542",1,9,0,7,0,3,0,0,0,0,4,1,6,1,7,1461,2,3,-1,-1
"186957","2013450008542",2,1,0,18,0,3,2,0,0,0,3,1,6,2,8,-1,-1,-1,6,1
"187000","2013450008580",1,9,0,18,0,0,1,0,0,0,3,1,6,1,10,-1,-1,-1,6,3
"187001","2013450008580",2,9,0,18,0,0,0,0,0,0,1,1,6,2,4,1598,1,10,9,3
"187080","2013450008685",1,9,0,18,0,1,0,0,0,0,4,1,6,1,7,1988,1,14,4,1
"187081","2013450008685",2,9,0,5,0,6,0,0,0,0,1,1,1,2,5,1600,1,43,7,1
"187162","2013450008809",1,3,0,18,0,0,0,0,0,0,1,1,1,1,5,125,1,9,8,1
"187163","2013450008809",2,9,0,18,0,0,0,0,0,0,4,1,6,1,9,1332,1,8,4,1
"187172","2013450008817",1,9,0,18,0,0,0,0,0,0,1,1,6,1,6,1390,1,13,9,1
"187173","2013450008817",2,9,0,2,0,0,0,0,0,0,2,1,6,1,10,1951,2,13,10,1
"187222","2013450008864",1,9,0,9,0,8,0,0,0,0,4,1,6,1,8,1968,2,6,10,1
"187223","2013450008864",2,1,0,9,0,8,0,0,0,0,4,1,6,1,7,-1,-1,-1,7,1
"187288","2013450008922",1,9,0,3,0,1,0,0,0,0,2,1,6,2,8,1299,1,14,8,2
"187289","2013450008922",2,9,0,3,0,1,0,0,0,0,1,1,6,1,10,1248,1,1,4,1
"187290","2013450008922",3,9,0,3,0,1,0,0,0,0,0,1,6,1,-1,-1,-1,-1,-1,-1
"187299","2013450008941",1,9,0,9,0,1,0,0,0,0,3,1,6,1,10,1798,1,1,9,1
"187300","2013450008941",2,9,0,18,0,1,0,0,0,0,1,1,6,1,6,1390,1,-1,4,1
"187353","2013450009009",1,9,0,3,0,0,1,0,0,0,1,1,3,2,4,1397,1,4,9,1
"187354","2013450009009",2,9,0,3,0,0,0,0,0,0,2,1,2,2,6,1368,1,4,7,1
"187443","2013450009095",1,9,0,18,0,1,0,0,0,0,1,1,6,1,6,-1,-1,-1,4,1
"187444","2013450009095",2,1,0,18,0,1,0,0,0,0,2,1,6,1,8,-1,-1,-1,4,1
"187463","2013450009124",1,11,0,18,0,0,0,0,0,0,1,1,1,1,-1,-1,-1,-1,-1,-1
"187564","2013450009245",1,9,0,9,0,6,0,0,0,0,4,1,6,1,7,1596,1,2,6,1
"187565","2013450009245",2,2,0,18,0,8,5,0,0,0,1,1,2,2,6,49,1,7,9,1
"187647","2013450009337",1,9,0,9,0,6,0,0,0,0,4,1,6,1,6,1995,2,5,3,1
"187648","2013450009337",2,3,0,18,0,1,0,0,0,0,1,1,6,1,5,85,1,21,9,1
"187655","2013450009344",1,9,0,17,0,8,0,0,0,0,1,1,2,1,6,998,1,7,8,1
"187656","2013450009344",2,9,0,5,0,6,0,0,0,0,1,1,6,1,10,1997,1,1,9,1
"187670","2013450009357",1,3,0,18,0,3,0,0,2,10,1,1,6,1,7,600,1,1,6,1
"187726","2013450009425",1,9,0,18,0,0,0,0,0,0,4,1,2,1,6,1999,1,7,4,1
"187821","2013450009536",1,9,0,3,0,0,0,0,0,0,2,1,6,2,6,1198,1,4,10,1
"187822","2013450009536",2,9,0,3,0,0,0,0,0,0,2,1,2,2,7,-1,-1,-1,10,1
"187823","2013450009536",3,19,0,3,0,0,0,0,0,0,1,1,6,1,8,2198,2,2,10,1
"187844","2013450009573",1,1,0,11,0,0,0,0,0,0,1,1,1,2,6,-1,-1,-1,8,1
"187871","2013450009621",1,5,0,14,0,2,0,0,0,0,4,1,2,1,8,647,1,17,3,1
"188015","2013450009785",1,9,0,18,0,0,0,0,0,0,4,1,2,2,5,1242,1,11,3,1
"188036","2013450009815",1,9,0,18,0,0,0,0,0,0,4,1,2,2,7,1781,1,11,10,1
"188037","2013450009815",2,1,0,5,0,0,0,0,0,0,1,1,6,1,6,-1,-1,-1,7,1
"188069","2013450009854",1,9,0,7,0,8,0,0,0,0,1,1,6,2,8,1498,1,6,6,1
"188070","2013450009854",2,1,0,18,0,2,0,0,0,0,4,1,6,1,5,-1,-1,-1,10,1
"188090","2013450009880",1,9,0,5,0,4,0,0,0,0,1,1,6,1,7,1794,1,13,6,1
"188091","2013450009880",2,1,0,18,0,8,1,0,0,0,1,1,6,2,8,-1,-1,-1,9,1
"188123","2013450009922",1,9,0,9,0,6,0,0,0,0,1,1,2,2,7,1599,1,5,7,1
"188124","2013450009922",2,5,0,14,0,1,0,0,0,0,3,1,2,1,7,-1,-1,-1,7,1
"188297","2013450010125",1,9,0,18,0,0,0,0,0,0,3,1,6,1,11,1998,1,9,9,1
"188299","2013450010127",1,1,0,18,0,1,0,0,0,0,1,1,2,1,9,-1,-1,-1,9,1
"188302","2013450010140",1,9,0,3,0,0,0,0,0,0,2,1,6,2,5,1995,1,2,10,1
"188303","2013450010140",2,9,0,4,0,0,0,0,0,0,1,1,6,1,4,-1,-1,-1,10,1
"188322","2013450010167",1,9,0,5,0,8,0,0,0,0,0,1,6,2,8,1598,1,9,9,1
"188323","2013450010169",1,1,0,9,0,1,0,0,0,0,2,1,6,1,3,-1,-1,-1,9,1
"188324","2013450010169",2,9,0,15,0,1,0,0,0,0,1,1,6,2,7,1910,2,5,4,1
"188337","2013450010178",1,9,0,5,0,0,0,0,0,0,3,1,2,2,6,1397,1,5,7,1
"188346","2013450010193",1,9,0,18,0,1,0,0,0,0,1,1,6,2,6,1599,1,6,10,1
"188347","2013450010193",2,9,0,18,0,1,0,0,0,0,2,1,6,2,10,1587,1,10,8,1
"188472","2013450010338",1,9,0,16,0,4,0,0,0,0,1,1,6,1,10,1590,1,11,8,1
"188473","2013450010338",2,1,0,16,0,8,0,0,0,0,2,1,6,1,4,-1,-1,-1,7,1
"188486","2013450010358",1,9,0,4,0,1,1,0,0,0,1,1,6,1,9,1598,1,2,10,1
"188487","2013450010358",2,3,0,3,0,1,0,0,0,0,2,1,6,2,7,125,1,2,4,1
"188532","2013450010421",1,9,0,3,0,1,0,0,0,0,2,1,6,2,7,1229,1,1,6,1
"188533","2013450010421",2,9,0,18,0,1,0,0,0,0,1,1,6,1,-1,2495,2,20,-1,-1
"188704","2013450010628",1,9,0,18,0,0,0,0,0,0,4,1,6,3,-1,-1,-1,-1,-1,-1
"188711","2013450010645",1,1,0,18,0,8,0,0,0,0,2,1,1,1,6,-1,-1,-1,10,1
"188712","2013450010645",2,9,0,7,0,6,0,0,0,0,1,1,6,2,8,1599,1,8,10,1
"188784","2013450010741",1,9,0,18,0,1,0,0,0,0,1,1,3,1,6,1499,2,-1,6,1
"188785","2013450010741",2,9,0,18,0,1,0,0,0,0,1,1,3,1,7,1973,1,13,6,1
"188786","2013450010741",3,9,0,3,0,1,0,0,0,0,2,1,1,1,9,-1,-1,-1,6,1
"188796","2013450010749",1,9,0,3,0,8,0,0,0,0,1,1,2,1,6,-1,-1,-1,6,3
"188797","2013450010749",2,9,0,4,0,8,0,0,0,0,2,1,6,2,4,1686,2,-1,8,1
"188807","2013450010766",1,11,0,4,0,0,0,0,0,0,0,1,1,1,5,6700,2,6,3,1
"188808","2013450010768",1,9,0,5,0,0,0,0,0,0,1,1,6,2,6,1998,1,10,10,1
"188809","2013450010768",2,9,0,10,0,0,0,0,0,0,1,1,6,1,8,998,1,3,10,1
"188826","2013450010794",1,9,0,18,0,1,0,0,0,0,0,1,6,2,8,1587,1,7,9,3
"188873","2013450010843",1,9,0,4,0,0,0,0,0,0,2,1,6,2,8,1598,1,1,9,3
"188874","2013450010843",2,9,0,18,0,0,0,0,0,0,1,1,6,1,5,1299,1,7,5,1
"188885","2013450010856",1,19,0,3,0,0,0,0,0,0,2,1,1,1,6,1996,2,-1,9,1
"188886","2013450010856",2,3,0,18,8,0,5,10,0,0,1,1,6,2,7,124,1,7,9,1
"188897","2013450010870",1,1,0,18,0,2,0,0,0,0,1,1,6,3,-1,-1,-1,-1,-1,-1
"189005","2013450011025",1,9,0,18,0,4,0,0,0,0,1,1,6,1,10,1248,1,4,9,1
"189006","2013450011025",2,5,0,6,0,3,0,0,0,0,2,1,6,1,5,599,1,6,7,1
"189017","2013450011036",1,9,0,3,0,1,0,0,0,0,1,1,6,2,7,1997,2,5,10,1
"189018","2013450011036",2,1,0,3,0,1,0,0,0,0,1,1,6,1,4,-1,-1,-1,9,1
"189061","2013450011105",1,19,0,18,0,1,0,0,0,0,1,1,6,1,6,1753,2,4,4,1
"189062","2013450011105",2,9,0,14,0,1,0,0,0,0,4,1,6,2,7,2198,1,10,4,1
"189063","2013450011105",3,9,0,18,0,1,0,0,0,0,1,1,6,2,8,1997,2,13,4,1
"189087","2013450011130",1,9,0,16,0,0,0,0,0,0,1,1,6,2,10,2295,1,12,8,1
"189088","2013450011130",2,9,0,17,0,0,0,0,0,0,1,1,2,2,7,2688,2,12,10,1
"189101","2013450011141",1,9,0,18,0,1,0,0,0,0,1,1,1,2,8,1699,1,7,10,1
"189132","2013450011186",1,1,0,17,0,4,5,0,0,0,0,1,6,1,8,-1,-1,-1,8,1
"189247","2013450011327",1,9,0,7,0,0,0,0,0,0,0,1,1,2,9,1596,1,3,9,1
"189248","2013450011327",2,5,0,3,0,0,0,0,7,0,3,1,1,1,6,599,1,9,5,1
"189265","2013450011344",1,3,0,10,0,2,0,0,0,0,2,1,4,1,4,125,1,8,8,1
"189266","2013450011344",2,9,0,9,0,2,0,0,0,0,1,1,2,2,8,1398,1,2,9,3
"189278","2013450011356",1,9,0,18,0,1,0,0,0,0,2,1,1,1,8,-1,-1,-1,8,1
"189279","2013450011356",2,9,0,18,0,1,0,0,0,0,1,1,1,2,6,1997,2,10,10,1
"189287","2013450011366",1,11,0,18,0,1,0,0,0,0,1,1,1,1,6,6700,2,6,10,1
"189290","2013450011369",1,9,0,9,0,1,0,0,0,0,1,1,6,1,7,1796,1,2,5,1
"189291","2013450011369",2,3,0,14,0,1,0,0,0,0,1,1,6,1,5,125,1,2,9,1
"189330","2013450011421",1,1,0,18,0,8,0,0,0,0,1,1,4,1,3,-1,-1,-1,10,1
"189331","2013450011421",2,9,0,18,0,8,0,0,0,0,3,1,6,3,-1,-1,-1,-1,-1,-1
"189343","2013450011444",1,9,0,18,0,6,0,0,0,0,1,1,6,3,-1,-1,-1,-1,-1,-1
"189456","2013450011599",1,9,0,17,0,0,1,10,1,0,4,1,6,1,4,1396,1,15,2,1
"189477","2013450011618",1,9,0,7,0,6,0,0,0,0,1,1,6,2,10,1299,1,8,8,1
"189478","2013450011618",2,9,0,18,0,8,0,0,0,0,4,1,6,2,8,1910,2,3,8,1
"189574","2013450011744",1,1,0,18,9,0,0,0,0,0,3,1,4,1,3,-1,-1,-1,10,1
"189575","2013450011744",2,9,0,18,0,0,0,0,0,0,1,1,6,2,7,1984,1,4,10,1
"189597","2013450011761",1,3,0,18,0,0,2,0,0,0,4,1,6,1,5,125,1,1,4,1
"189598","2013450011761",2,3,0,18,0,0,0,0,0,0,0,1,6,1,4,125,1,-1,4,1
"189616","2013450011774",1,9,0,18,0,0,0,0,1,2,4,1,6,1,7,1896,2,10,5,1
"189621","2013450011780",1,9,0,18,0,0,0,4,0,0,1,1,6,2,8,1389,1,20,9,1
"189622","2013450011780",2,9,0,2,6,0,0,0,0,0,3,1,1,1,10,-1,-1,-1,9,1
"189623","2013450011780",3,9,0,2,6,0,0,0,0,0,2,1,1,1,7,-1,-1,-1,10,1
"189624","2013450011780",4,9,0,2,6,0,0,0,0,0,3,1,1,1,7,-1,-1,-1,9,1
"189734","2013450012006",1,9,0,16,0,1,0,0,0,0,3,1,6,1,9,1951,2,9,10,1
"189735","2013450012006",2,9,0,17,0,1,0,0,0,0,3,1,6,3,-1,-1,-1,-1,-1,-1
"189738","2013450012027",1,9,0,9,0,2,0,0,0,0,2,1,2,1,7,1995,1,11,3,1
"189739","2013450012027",2,3,0,9,0,2,0,0,0,0,1,1,1,1,8,125,1,8,6,1
"12474","201401CP00001",1,8,0,18,0,1,0,0,0,0,1,1,6,1,8,1753,2,4,9,1
"12484","201401CP00002",1,21,0,1,0,8,0,0,0,0,2,1,6,3,-1,-1,-1,-1,-1,-1
"12492","201401CP00003",1,9,0,18,0,8,0,0,0,0,1,1,2,1,9,2987,2,2,7,1
"12502","201401CP00004",1,9,0,18,0,1,0,0,0,0,3,1,1,1,7,-1,-1,-1,3,1
"12513","201401CP00004",2,3,0,13,0,1,0,0,0,0,4,1,2,1,6,125,1,3,3,1
"12524","201401CP00005",1,19,0,18,0,2,0,0,0,0,1,1,1,1,6,-1,-1,-1,2,1
"12534","201401CP00006",1,8,0,3,0,1,0,0,0,0,1,1,1,1,9,2664,2,14,4,1
"12544","201401CP00006",2,9,0,4,0,1,0,0,0,0,3,1,6,1,7,1910,2,5,4,1
"12554","201401CP00007",1,8,0,18,0,8,0,0,0,0,1,1,1,1,8,2499,2,7,4,1
"12564","201401CP00007",2,1,0,18,0,8,0,0,0,0,4,1,6,1,8,-1,-1,-1,-1,1
"12574","201401CP00008",1,1,0,18,0,8,0,0,0,0,2,1,6,1,6,-1,-1,-1,5,1
"12588","201401CP00008",2,8,0,9,0,8,0,0,0,0,4,1,6,1,-1,2499,2,5,6,1
"12596","201401CP00009",1,2,0,18,0,1,0,0,0,0,1,1,6,1,-1,-1,-1,-1,4,1
"12606","201401CP00009",2,9,0,4,0,1,0,0,0,0,2,1,6,1,7,875,1,2,5,1
"12626","201401CP00011",1,5,0,18,0,1,0,0,0,0,3,1,6,2,6,998,1,3,8,1
"12656","201401CP00013",1,20,0,1,0,1,0,0,0,0,2,1,1,1,7,-1,-1,-1,7,1
"12667","201401CP00013",2,1,0,3,0,1,0,0,0,0,2,1,1,1,7,-1,-1,-1,6,1
"12694","201401CP00015",1,1,0,18,0,1,0,0,0,0,1,1,2,1,7,-1,-1,-1,-1,1
"12703","201401CP00016",1,1,0,18,4,1,0,0,0,0,1,1,6,1,6,-1,-1,-1,-1,-1
"12713","201401CP00017",1,8,0,9,0,8,0,0,0,0,4,1,1,1,10,2499,2,7,-1,-1
"12724","201401CP00017",2,1,0,9,0,8,0,0,0,0,4,1,1,1,6,-1,-1,-1,3,1
"12734","201401CP00018",1,9,0,7,0,8,0,0,0,0,3,1,6,2,9,1995,1,10,4,1