"","Acc_Index","Vehicle_Reference","Vehicle_Type","Towing_and_Articulation","Vehicle_Manoeuvre","Vehicle_Location.Restricted_Lane","Junction_Location","Skidding_and_Overturning","Hit_Object_in_Carriageway","Vehicle_Leaving_Carriageway","Hit_Object_off_Carriageway","X1st_Point_of_Impact","Was_Vehicle_Left_Hand_Drive","Journey_Purpose_of_Driver","Sex_of_Driver","Age_Band_of_Driver","Engine_Capacity_.CC.","Propulsion_Code","Age_of_Vehicle","Driver_IMD_Decile","Driver_Home_Area_Type"
"12745","201401CP00018",2,1,0,18,0,8,0,0,0,0,1,1,6,1,7,-1,-1,-1,8,1
"12754","201401CP00019",1,5,0,18,0,1,0,0,0,0,1,1,6,1,9,649,1,5,3,1
"12764","201401CP00019",2,8,0,18,0,1,0,0,0,0,0,1,1,1,6,-1,-1,-1,5,1
"12776","201401CP00019",3,20,0,18,0,2,0,0,0,0,3,1,1,1,-1,-1,-1,-1,5,2
"12783","201401CP00020",1,1,0,18,0,1,0,8,0,0,1,1,1,1,7,-1,-1,-1,1,1
"12794","201401CP00020",2,8,0,3,0,1,0,0,0,0,4,1,1,1,8,-1,-1,-1,2,1
"12804","201401CP00021",1,8,0,9,0,6,0,0,0,0,3,1,6,1,8,2499,2,3,5,1
"12813","201401CP00021",2,5,0,18,0,1,0,0,0,0,1,1,6,2,8,599,1,16,-1,1
"12825","201401CP00022",1,20,0,9,0,8,0,0,0,0,4,1,1,1,6,-1,-1,-1,9,1
"12834","201401CP00022",2,5,0,18,0,8,0,0,0,0,1,1,2,1,8,1299,1,10,7,3
"12844","201401CP00023",1,9,0,9,0,8,0,0,0,0,3,1,2,1,6,1686,2,7,8,1
"12854","201401CP00023",2,1,0,18,0,8,0,0,0,0,1,1,2,1,6,-1,-1,-1,2,1
"12865","201401CP00024",1,1,0,18,0,1,0,0,0,0,4,1,2,1,6,-1,-1,-1,2,1
"12874","201401CP00024",2,8,0,18,0,1,0,0,0,0,1,1,1,1,7,2499,2,6,6,1
"12884","201401CP00025",1,11,0,5,0,1,0,0,0,0,1,1,1,3,-1,-1,-1,-1,-1,-1
"12894","201401CP00026",1,11,0,18,0,2,0,0,0,0,0,1,1,1,8,4461,2,1,2,1
"12904","201401CP00027",1,1,0,5,0,8,0,0,0,0,3,1,2,2,7,-1,-1,-1,2,1
"12913","201401CP00027",2,11,0,5,0,8,0,0,0,0,4,1,1,1,8,12000,2,7,3,1
"12924","201401CP00028",1,9,0,4,0,1,0,0,0,0,4,1,6,1,9,-1,-1,-1,3,1
"12934","201401CP00028",2,1,0,18,4,1,0,8,0,0,3,1,6,1,6,-1,-1,-1,2,1
"12946","201401CP00029",1,9,0,6,0,2,0,0,0,0,3,1,1,1,6,2354,1,6,8,1
"12954","201401CP00029",2,5,0,18,0,2,0,0,0,0,1,1,2,1,6,-1,-1,-1,8,1
"12967","201401CP00030",1,5,0,18,0,1,0,0,0,0,1,1,2,1,6,998,1,7,9,3
"12975","201401CP00031",1,9,0,3,0,0,0,0,0,0,3,1,6,1,7,1600,2,5,10,1
"12985","201401CP00031",2,3,0,14,0,0,0,8,0,0,1,1,6,1,7,124,1,4,1,1
"12998","201401CP00031",3,9,0,3,0,0,0,0,0,0,4,1,6,1,5,-1,-1,-1,9,1
"13004","201401CP00032",1,3,0,18,0,2,0,0,0,0,2,1,6,1,7,124,1,14,5,1
"13016","201401CP00032",2,9,0,18,0,2,0,0,0,0,1,1,1,1,6,1248,2,3,8,1
"13024","201401CP00033",1,3,0,14,0,1,0,0,0,0,4,1,2,1,7,124,1,1,3,1
"13044","201401CP00035",1,1,0,18,0,2,0,0,0,0,1,1,2,2,6,-1,-1,-1,7,1
"13054","201401CP00036",1,8,0,18,0,2,0,0,0,0,1,1,1,1,-1,998,1,4,5,1
"13064","201401CP00037",1,8,0,5,0,2,0,0,0,0,4,1,1,1,8,2402,2,10,3,1
"13077","201401CP00038",1,4,0,18,0,1,0,0,0,0,1,1,6,1,8,249,1,8,4,1
"13124","201401CP00041",1,1,0,18,0,1,0,8,0,0,1,1,6,1,6,-1,-1,-1,1,1
"13134","201401CP00041",2,19,0,3,0,1,0,0,0,0,4,1,6,3,-1,1461,2,3,-1,-1
"13144","201401CP00042",1,8,0,5,0,1,0,0,0,0,3,1,1,1,9,2499,2,6,9,2
"13154","201401CP00043",1,1,0,18,0,1,0,0,0,0,1,1,6,1,6,-1,-1,-1,2,1
"13164","201401CP00044",1,9,0,18,0,1,1,0,0,0,1,1,6,1,7,-1,-1,-1,3,1
"13174","201401CP00044",2,9,0,3,0,1,0,0,0,0,2,1,6,2,7,1995,2,10,4,1
"13184","201401CP00045",1,3,0,14,0,1,0,0,0,0,1,1,2,1,6,124,1,5,6,1
"13194","201401CP00046",1,3,0,15,0,1,0,0,0,0,1,1,2,1,5,125,1,2,8,1
"13206","201401CP00046",2,9,0,7,0,1,0,0,0,0,4,1,1,1,8,-1,-1,-1,7,1
"13214","201401CP00047",1,8,0,18,0,1,0,0,0,0,1,1,1,1,7,1997,2,4,3,1
"13224","201401CP00048",1,8,0,18,0,1,0,0,0,0,1,1,1,1,8,2664,2,13,9,1
"13234","201401CP00049",1,19,0,5,0,1,0,0,0,0,4,1,1,1,10,1997,2,12,-1,-1
"13244","201401CP00049",2,1,0,18,0,1,0,0,0,0,3,1,2,1,5,-1,-1,-1,-1,1
"13256","201401CP00050",1,1,0,18,0,1,0,0,0,0,1,1,1,1,6,-1,-1,-1,2,1
"13266","201401CP00051",1,20,0,2,0,1,0,0,0,0,3,1,1,1,9,6692,2,3,2,1
"13273","201401CP00052",1,1,0,18,0,1,0,0,0,0,1,1,6,1,6,-1,-1,-1,2,1
"13286","201401CP00053",1,11,0,3,0,2,0,0,0,0,4,1,1,1,7,-1,-1,-1,1,1
"13296","201401CP00054",1,21,0,18,0,0,0,4,0,0,1,1,1,1,7,7146,2,3,3,1
"133011","201401CP00054",2,3,0,18,0,0,0,0,0,0,4,1,1,1,7,124,1,1,2,1
"13316","201401CP00054",3,11,0,2,0,0,0,0,0,0,2,1,1,1,9,-1,-1,-1,5,1
"13323","201401CP00055",1,8,0,9,0,1,0,0,0,0,3,1,1,1,8,2402,2,10,2,1
"13333","201401CP00055",2,1,0,14,0,1,1,0,0,0,1,1,2,1,7,-1,-1,-1,5,1
"13344","201401CP00056",1,9,0,18,0,8,0,0,0,0,1,1,6,2,5,1198,1,6,1,1
"13354","201401CP00057",1,1,0,15,0,2,0,11,0,0,1,1,1,1,5,-1,-1,-1,2,1
"13364","201401CP00057",2,9,0,3,0,2,0,0,0,0,0,1,6,1,8,2143,2,2,4,1
"13373","201401CP00057",3,19,0,3,0,2,0,0,0,0,0,1,1,1,6,2402,2,10,5,1
"13383","201401CP00059",1,8,0,18,0,1,0,0,0,0,4,1,1,1,7,2499,2,5,2,1
"13393","201401CP00059",2,1,0,18,0,1,0,0,0,0,3,1,2,1,8,-1,-1,-1,6,1
"13403","201401CP00060",1,11,0,18,0,1,0,0,0,0,1,1,1,1,6,6700,2,4,-1,1
"13414","201401CP00061",1,8,0,9,0,0,0,0,0,0,4,1,6,1,6,2499,2,3,3,1
"13424","201401CP00061",2,1,0,15,0,0,0,0,0,0,1,1,6,2,5,-1,-1,-1,1,1
"13434","201401CP00062",1,3,0,16,0,2,0,0,0,0,2,1,6,1,7,125,1,9,5,1
"13444","201401CP00062",2,20,0,16,0,2,0,0,0,0,4,1,1,1,5,-1,-1,-1,4,1
"13454","201401CP00063",1,1,0,18,0,8,0,0,0,0,3,1,6,2,6,-1,-1,-1,5,1
"13464","201401CP00063",2,8,0,9,0,8,0,0,0,0,1,1,1,1,7,1797,8,4,2,1
"13474","201401CP00064",1,1,0,9,0,8,0,0,0,0,1,1,6,1,6,-1,-1,-1,1,1
"13496","201401CP00067",1,3,0,18,0,0,0,0,0,0,1,1,2,1,6,102,1,8,2,1
"13504","201401CP00068",1,3,0,14,0,2,0,0,0,0,1,1,6,1,5,-1,-1,-1,-1,-1
"13514","201401CP00069",1,11,0,2,0,1,0,0,0,0,2,1,1,1,9,8268,2,11,2,1
"13526","201401CP00069",2,1,0,18,0,1,0,0,0,0,1,1,6,1,8,-1,-1,-1,9,2
"13534","201401CP00072",1,8,0,7,0,8,0,0,0,0,4,1,6,3,-1,-1,-1,-1,-1,-1
"13544","201401CP00075",1,4,0,18,0,8,0,0,0,0,1,1,6,1,8,124,1,8,5,1
"13556","201401CP00075",2,1,0,9,0,8,0,0,0,0,2,1,6,2,5,-1,-1,-1,3,1
"13566","201401CP00078",1,8,0,18,0,8,0,0,0,0,3,1,1,1,6,1339,8,4,3,1
"13574","201401CP00078",2,5,0,11,0,8,0,0,0,0,4,1,6,1,6,798,1,5,3,1
"13585","201401CP00079",1,4,0,14,0,1,0,0,0,0,1,1,6,3,-1,-1,-1,-1,-1,-1
"13597","201401CP00081",1,5,0,18,5,1,0,0,0,0,1,1,6,3,-1,-1,-1,-1,-1,-1
"13604","201401CP00083",1,3,0,9,0,8,0,0,0,0,4,1,6,1,9,124,1,6,4,1
"13616","201401CP00083",2,1,0,18,0,8,0,0,0,0,1,1,6,1,7,-1,-1,-1,1,1
"13624","201401CP00084",1,11,0,4,0,1,0,0,0,0,0,1,1,1,9,-1,2,-1,-1,-1
"13638","201401CP00087",1,9,0,9,0,8,0,0,0,0,4,1,6,1,6,-1,-1,-1,-1,-1
"13644","201401CP00087",2,5,0,18,0,8,0,0,0,0,1,1,6,1,5,599,1,11,10,1
"13654","201401CP00088",1,8,0,3,0,1,0,8,0,0,4,1,1,1,7,1497,8,5,5,1
"13664","201401CP00088",2,1,0,15,0,1,0,0,0,0,1,1,2,1,6,-1,-1,-1,1,1
"136710","201401CP00091",1,3,0,18,0,8,0,0,0,0,3,1,2,1,6,125,1,3,7,1
"13686","201401CP00091",2,9,0,6,0,8,0,0,0,0,2,1,6,3,-1,1968,2,5,-1,-1
"137112","201401CP00093",1,8,0,5,0,0,0,0,0,0,4,1,1,3,-1,-1,-1,-1,-1,-1
"13724","201401CP00095",1,8,0,14,0,1,0,0,0,0,4,1,1,1,8,2499,2,5,3,1
"13738","201401CP00098",1,1,0,18,0,8,0,0,0,0,1,1,6,1,6,-1,-1,-1,-1,1
"13743","201401CP00098",2,9,0,9,0,8,0,0,0,0,4,1,6,1,6,1896,2,12,4,1
"13753","201401CP00102",1,5,0,16,0,2,0,10,0,0,4,1,6,1,8,-1,-1,-1,2,1
"13784","201401CP00105",1,19,0,18,0,8,0,0,0,0,4,1,1,1,9,-1,-1,-1,6,2
"13794","201401CP00105",2,1,0,18,0,8,0,0,0,0,3,1,6,1,6,-1,-1,-1,6,1
"13804","201401CP00106",1,21,0,9,0,1,0,0,0,0,3,1,1,1,7,12740,2,1,9,1
"13814","201401CP00106",2,3,0,18,0,1,0,0,0,0,4,1,1,1,5,125,1,10,1,1
"13824","201401CP00107",1,90,0,7,0,8,0,0,0,0,4,1,1,1,8,-1,-1,-1,7,1
"13834","201401CP00107",2,1,0,18,0,8,0,0,0,0,3,1,6,1,6,-1,-1,-1,-1,-1
"13844","201401CP00108",1,11,0,5,0,1,0,0,0,0,0,1,1,1,7,6700,2,2,3,1
"13855","201401CP00111",1,19,0,7,0,8,0,0,0,0,4,1,1,1,8,2402,2,4,2,1
"13864","201401CP00111",2,1,0,18,0,8,0,0,0,0,1,1,2,1,6,-1,-1,-1,3,1
"13874","201401CP00112",1,8,0,1,0,2,0,0,0,0,3,1,1,1,7,1753,2,6,1,1
"13884","201401CP00114",1,5,0,18,0,1,0,0,0,0,4,1,1,2,7,498,1,9,2,1
"13894","201401CP00118",1,19,0,6,0,2,0,0,0,0,3,1,1,1,8,-1,-1,-1,1,1
"13904","201401CP00118",2,1,0,18,0,2,0,0,0,0,1,1,1,1,5,-1,-1,-1,6,1
"13917","201401CP00119",1,9,0,6,0,8,0,0,0,0,1,1,6,1,5,1991,2,5,-1,-1
"13924","201401CP00119",2,9,0,18,0,8,0,0,0,0,0,1,1,1,7,-1,-1,-1,-1,-1
"13933","201401CP00120",1,20,0,6,0,2,0,0,0,0,3,1,1,1,5,-1,-1,-1,10,1
"13945","201401CP00120",2,3,0,18,0,2,0,0,0,0,1,1,2,1,4,124,1,2,7,1
"13953","201401CP00121",1,1,0,3,0,8,0,0,0,0,2,1,2,1,8,-1,-1,-1,1,1
"13965","201401CP00121",2,19,0,18,0,8,0,0,0,0,1,1,1,1,6,-1,-1,-1,3,1
"13976","201401CP00122",1,3,0,18,0,1,0,0,0,0,1,1,2,1,7,125,1,6,2,1
"13984","201401CP00122",2,8,0,3,0,1,0,0,0,0,3,1,1,1,7,1997,2,2,3,1
"13994","201401CP00125",1,20,0,18,0,1,0,0,0,0,3,1,1,1,7,2143,2,2,3,1
"14024","201401CP00127",1,3,0,18,0,1,0,0,0,0,1,1,6,1,4,102,1,7,1,1
"14034","201401CP00129",1,20,0,7,0,2,0,0,0,0,4,1,1,1,6,-1,-1,-1,2,1
"14048","201401CP00129",2,1,0,15,0,2,0,0,0,0,3,1,6,1,6,-1,-1,-1,6,1
"14056","201401CP00131",1,3,0,18,0,1,0,0,0,0,1,1,6,3,-1,-1,-1,-1,-1,-1
"14063","201401CP00132",1,9,0,2,0,2,0,0,0,0,2,1,6,1,8,1497,8,-1,2,1
"14075","201401CP00132",2,3,0,18,0,2,0,4,0,0,1,1,1,1,9,-1,-1,-1,2,1
"14084","201401CP00133",1,8,0,9,0,8,0,0,0,0,4,1,6,1,8,2499,2,7,9,1
"14096","201401CP00133",2,5,0,18,0,8,0,0,0,0,1,1,6,1,6,645,1,1,-1,3
"14124","201401CP00135",1,19,0,9,0,8,0,0,0,0,4,1,1,1,7,-1,-1,-1,6,1
"14138","201401CP00135",2,5,0,18,0,8,0,0,0,0,1,1,6,1,7,953,1,11,3,1
"14144","201401CP00136",1,9,0,18,0,1,0,0,0,0,0,1,6,1,9,1596,1,14,5,1
"14154","201401CP00136",2,9,0,18,0,1,0,0,0,0,2,1,6,1,6,1796,1,18,3,1
"14168","201401CP00136",3,9,0,18,0,1,0,0,0,0,1,1,6,1,6,1598,1,15,1,1
"14174","201401CP00137",1,8,0,4,0,2,0,0,0,0,1,1,1,1,9,2499,2,7,3,1
"14184","201401CP00137",2,1,0,7,0,1,1,0,0,0,4,1,6,1,3,-1,-1,-1,1,1
"14198","201401CP00138",1,19,0,18,0,2,0,0,0,0,1,1,1,1,7,2143,2,3,5,1
"14207","201401CP00139",1,1,0,18,0,1,0,0,0,0,1,1,2,1,8,-1,-1,-1,3,1
"14217","201401CP00140",1,1,0,9,0,8,0,0,0,0,1,1,6,3,-1,-1,-1,-1,-1,-1
"14224","201401CP00141",1,11,0,18,0,2,0,0,0,0,1,1,1,1,8,9360,2,3,-1,-1
"14235","201401CP00142",1,11,0,5,0,2,0,0,0,0,0,1,1,1,7,-1,-1,-1,2,1
"14244","201401CP00143",1,8,0,3,0,1,0,0,0,0,3,1,6,1,11,2664,2,15,5,1
"14254","201401CP00143",2,4,0,18,0,1,0,8,0,0,4,1,6,1,8,385,1,13,3,1
"14264","201401CP00144",1,11,0,1,0,0,0,7,0,0,2,1,1,2,8,4250,2,1,5,1
"14276","201401CP00146",1,1,0,18,0,2,0,0,0,0,1,1,1,1,6,-1,-1,-1,3,1
"14285","201401CP00147",1,19,0,9,0,8,0,0,0,0,3,1,1,1,5,2143,2,4,2,1
"14294","201401CP00147",2,4,0,18,0,8,0,0,0,0,1,1,6,1,5,645,1,8,2,1
"14305","201401CP00148",1,5,0,18,0,0,1,0,0,0,0,1,6,1,4,649,1,7,3,1
"14317","201401CP00148",2,9,0,12,0,0,0,0,0,0,0,1,6,1,6,1995,2,1,-1,1
"14322","201401CP00149",1,1,0,9,0,1,0,0,0,0,2,1,6,1,7,-1,-1,-1,1,1
"14332","201401CP00149",2,9,0,18,0,1,0,0,0,0,1,1,6,3,-1,1997,1,12,-1,-1
"14346","201401CP00150",1,1,0,18,0,8,0,0,0,0,1,1,1,1,6,-1,-1,-1,2,1
"14353","201401CP00151",1,21,0,18,0,2,0,0,0,0,1,1,1,1,-1,-1,-1,-1,2,1
"14366","201401CP00151",2,1,0,18,0,2,0,0,0,0,2,1,2,1,6,-1,-1,-1,-1,1
"14375","201401CP00152",1,20,0,18,0,8,0,0,0,0,1,1,6,1,6,12777,2,1,6,1
"14384","201401CP00152",2,1,0,18,0,8,0,0,0,0,2,1,6,1,8,-1,-1,-1,-1,1
"14394","201401CP00153",1,21,0,11,0,2,0,0,0,0,1,1,1,1,9,9200,2,3,1,1
"14406","201401CP00153",2,9,0,18,0,2,0,0,6,6,3,1,6,1,6,1988,1,10,3,1
"14414","201401CP00153",3,19,0,18,0,1,0,0,0,0,1,1,1,1,6,1753,2,7,3,1
"144210","201401CP00154",1,1,0,18,0,1,0,0,0,0,2,1,6,1,6,-1,-1,-1,7,1
"14434","201401CP00154",2,19,0,18,0,1,0,0,0,0,1,1,6,3,-1,-1,-1,-1,-1,-1
"144410","201401CP00155",1,9,0,18,0,2,0,0,0,0,1,1,1,1,6,1797,8,4,3,1
"14457","201401CP00156",1,11,0,2,0,2,0,0,0,0,4,1,1,1,8,8268,2,11,1,1
"14467","201401CP00157",1,4,0,15,4,1,0,0,0,0,1,1,2,1,7,-1,-1,-1,2,1
"14475","201401CP00158",1,11,0,5,0,0,0,0,0,0,4,1,1,1,6,8268,2,8,5,1
"14484","201401CP00159",1,9,0,18,0,2,0,4,0,0,3,1,6,1,6,1995,2,6,3,1
"14494","201401CP00159",2,9,0,2,0,2,0,0,0,0,3,1,6,1,8,1997,2,3,-1,1
"145010","201401CP00159",3,8,0,2,0,2,0,0,0,0,3,1,6,1,9,2402,2,12,3,2
"14514","201401CP00159",4,9,0,2,0,2,0,0,0,0,3,1,6,2,6,1390,1,10,2,1
"14524","201401CP00159",5,8,0,2,0,2,0,0,0,0,3,1,6,1,9,2499,2,4,4,1
"14534","201401CP00159",6,9,0,2,0,2,0,0,0,0,3,1,6,1,-1,1968,2,1,-1,1
"14544","201401CP00160",1,10,0,18,0,8,0,0,0,0,3,1,1,1,6,2500,2,6,2,1
"14554","201401CP00160",2,1,0,18,0,8,0,0,0,0,1,1,6,2,7,-1,-1,-1,2,1
"14563","201401CP00161",1,11,0,9,0,8,0,0,0,0,0,1,1,2,9,6692,2,3,3,1
"14574","201401CP00161",2,9,0,7,0,8,0,0,0,0,0,1,2,1,6,2494,1,24,2,1
"14594","201401CP00163",1,9,0,3,0,1,0,0,0,0,3,1,6,1,7,1968,2,9,4,1
"14604","201401CP00163",2,1,0,14,0,1,0,8,0,0,4,1,6,1,7,-1,-1,-1,3,1
"14614","201401CP00165",1,11,0,18,0,8,0,0,0,0,0,1,6,1,8,6692,2,3,1,1
"14624","201401CP00165",2,11,0,18,0,8,0,0,0,0,2,1,6,3,-1,-1,-1,-1,-1,-1
"14634","201401CP00166",1,9,0,9,0,8,0,0,0,0,4,1,6,1,-1,1242,1,16,3,1
"14644","201401CP00166",2,1,0,18,0,8,0,0,0,0,1,1,6,2,6,-1,-1,-1,2,1
"14654","201401CP00167",1,5,0,18,0,1,0,0,0,0,3,1,2,1,7,948,1,23,4,1
"14664","201401CP00167",2,20,0,9,0,8,0,0,0,0,0,1,1,1,-1,-1,-1,-1,1,1
"14684","201401CP00170",1,9,0,18,0,2,0,0,0,0,1,1,6,3,-1,-1,-1,-1,-1,-1
"14693","201401CP00171",1,5,0,18,0,8,0,0,0,0,1,1,2,1,6,-1,-1,-1,7,1
"14704","201401CP00171",2,9,0,9,0,8,0,0,0,0,4,1,1,1,10,1199,2,2,9,1
"14714","201401CP00172",1,9,0,18,0,8,0,0,0,0,1,1,6,3,-1,1796,1,5,-1,-1
"14724","201401CP00173",1,8,0,3,0,1,0,0,0,0,4,1,1,1,9,2499,2,3,8,1
"14734","201401CP00173",2,1,0,18,0,1,0,8,0,0,1,1,2,1,7,-1,-1,-1,5,1
"14744","201401CP00174",1,20,0,1,0,0,0,0,0,0,2,1,1,1,8,2143,2,2,3,1
"14753","201401CP00175",1,1,0,18,0,1,0,0,0,0,2,1,6,1,6,-1,-1,-1,1,1
"14763","201401CP00175",2,9,0,18,0,1,0,0,0,0,1,1,6,2,-1,1595,1,1,-1,-1
"14774","201401CP00176",1,20,0,18,0,0,0,0,0,0,1,1,1,1,6,-1,-1,-1,2,1
"14784","201401CP00177",1,19,0,7,0,2,0,0,0,0,1,1,1,1,8,1248,2,3,5,1
"14794","201401CP00178",1,3,0,9,0,8,0,0,0,0,1,1,2,1,6,124,1,1,2,1
"14804","201401CP00178",2,19,0,18,0,8,0,0,0,0,3,1,1,1,6,2198,2,-1,10,1
"14814","201401CP00179",1,1,0,18,0,8,0,0,0,0,1,1,2,1,5,-1,-1,-1,2,1
"14824","201401CP00180",1,11,0,18,0,1,0,0,0,0,0,1,1,1,7,7300,2,8,3,1
"14834","201401CP00181",1,11,0,9,0,8,0,0,0,0,4,1,1,1,9,-1,-1,-1,3,1
"14843","201401CP00181",2,1,0,18,0,8,0,0,0,0,1,1,2,2,6,-1,-1,-1,1,1
"14853","201401CP00182",1,1,0,18,0,1,0,0,0,0,1,1,2,1,8,-1,-1,-1,10,1
"14863","201401CP00182",2,19,0,7,0,1,0,0,0,0,4,1,1,1,-1,-1,-1,-1,3,1
"14874","201401CP00183",1,11,0,18,0,1,0,0,0,0,3,1,1,1,8,-1,-1,-1,3,1
"14884","201401CP00183",2,1,0,18,0,1,0,0,0,0,4,1,6,1,7,-1,-1,-1,2,1
"14894","201401CP00184",1,1,0,18,0,1,0,0,0,0,2,1,2,2,8,-1,-1,-1,4,1
"14904","201401CP00184",2,9,0,9,0,8,0,0,0,0,0,1,6,1,8,-1,-1,-1,4,1
"14914","201401CP00185",1,8,0,9,0,1,0,0,0,0,0,1,1,1,8,1997,2,2,10,1
"14924","201401CP00185",2,1,0,18,0,1,0,0,0,0,1,1,6,1,8,-1,-1,-1,1,1
"14934","201401CP00187",1,9,0,11,0,1,0,7,3,0,1,1,6,1,8,3600,1,11,9,1
"14944","201401CP00187",2,1,0,18,0,1,0,0,0,0,2,1,6,1,7,-1,-1,-1,3,1
"14954","201401CP00187",3,1,0,18,0,1,0,0,0,0,2,1,6,1,9,-1,-1,-1,6,2
"14964","201401CP00189",1,9,0,14,0,8,0,0,0,0,3,1,1,1,8,-1,-1,-1,-1,-1
"14974","201401CP00191",1,1,0,18,0,1,0,0,0,0,1,1,6,1,-1,-1,-1,-1,3,1
"14984","201401CP00191",2,9,0,9,0,1,0,0,0,0,4,1,6,3,-1,-1,-1,-1,-1,-1
"14994","201401CP00192",1,11,0,4,0,1,0,0,0,0,1,1,1,2,8,4500,2,2,-1,-1
"15004","201401CP00193",1,1,0,18,0,2,0,0,0,0,3,1,2,1,8,-1,-1,-1,2,1
"15014","201401CP00193",2,9,0,13,0,2,0,0,0,0,4,1,6,3,-1,-1,-1,-1,-1,-1
"15024","201401CP00194",1,5,0,18,0,1,0,0,0,0,1,1,2,2,5,599,1,9,5,1
"15034","201401CP00194",2,21,0,9,0,8,0,0,0,0,4,1,1,1,5,10837,2,2,2,1
"15043","201401CP00195",1,1,0,18,4,1,0,0,0,0,1,1,6,2,6,-1,-1,-1,5,1
"15053","201401CP00195",2,8,0,6,0,1,0,0,0,0,4,1,1,1,9,2402,2,8,2,1
"15064","201401CP00196",1,1,0,13,0,2,0,0,0,0,4,1,2,1,6,-1,-1,-1,6,1
"15074","201401CP00196",2,20,0,6,0,2,0,0,0,0,3,1,1,1,6,-1,-1,-1,2,1
"15084","201401CP00197",1,9,0,9,0,8,0,0,0,0,4,1,6,2,6,1984,1,15,3,1
"15093","201401CP00197",2,3,0,18,0,8,0,0,0,0,1,1,6,1,6,125,1,1,8,1
"15106","201401CP00198",1,1,0,12,0,2,0,0,0,0,3,1,6,1,5,-1,-1,-1,3,1
"15115","201401CP00198",2,3,0,14,0,2,0,0,0,0,1,1,6,1,6,125,1,6,3,1
"151210","201401CP00199",1,1,0,18,0,8,0,0,0,0,3,1,6,1,6,-1,-1,-1,4,1
"15135","201401CP00199",2,8,0,18,0,8,0,0,0,0,4,1,1,1,9,2664,2,14,3,1
"15144","201401CP00200",1,1,0,18,0,2,0,0,0,0,1,1,2,1,6,-1,-1,-1,5,1
"15154","201401CP00201",1,8,0,6,9,2,0,10,7,0,1,1,6,1,9,2499,2,7,8,2
"15164","201401CP00202",1,11,0,18,0,1,0,0,0,0,4,1,1,1,8,4500,2,2,4,1
"15176","201401CP00203",1,8,0,18,0,1,0,0,0,0,1,1,1,1,7,-1,-1,-1,9,1
"15185","201401CP00204",1,4,0,18,0,8,0,0,0,0,1,1,6,1,6,49,1,5,4,1
"15195","201401CP00204",2,19,0,9,0,8,0,0,0,0,4,1,1,1,7,1560,2,3,1,1
"15204","201401CP00205",1,5,0,3,0,1,0,0,0,0,2,1,2,1,8,1298,1,6,7,1
"15214","201401CP00205",2,20,0,18,0,1,0,0,0,0,1,1,6,1,6,-1,-1,-1,5,1
"15224","201401CP00206",1,11,0,18,0,2,0,0,0,0,1,1,6,3,-1,-1,-1,-1,-1,-1
"15234","201401CP00207",1,20,0,18,0,8,1,0,0,0,1,1,1,1,8,-1,-1,-1,1,1
"15246","201401CP00208",1,9,0,9,0,8,0,0,0,0,4,1,2,1,7,3800,1,2,3,1
"15254","201401CP00208",2,1,0,18,0,8,0,0,0,0,1,1,2,1,6,-1,-1,-1,4,1
"15267","201401CP00209",1,1,0,14,0,1,0,0,0,0,1,1,2,1,9,-1,-1,-1,3,1
"152710","201401CP00210",1,20,0,2,0,1,0,0,0,0,4,1,1,1,6,-1,-1,-1,3,1
"15285","201401CP00210",2,1,0,18,0,1,0,8,0,0,1,1,2,1,7,-1,-1,-1,10,1
"15296","201401CP00211",1,1,0,18,0,1,0,0,0,0,1,1,2,1,5,-1,-1,-1,-1,1
"15307","201401CP00211",2,8,0,4,0,1,0,0,0,0,2,1,1,1,9,2499,2,-1,-1,-1
"15315","201401CP00212",1,5,0,18,0,2,0,0,0,0,1,1,1,1,7,599,1,5,8,3
"15329","201401CP00212",2,8,0,18,0,2,0,0,0,0,2,1,1,2,8,2499,2,5,3,1
"15334","201401CP00212",3,9,0,6,0,2,0,0,0,0,0,1,6,1,6,1798,8,1,2,1
"15344","201401CP00213",1,1,0,18,0,2,0,0,0,0,1,1,1,1,6,-1,-1,-1,3,1
"15357","201401CP00213",2,8,0,18,0,1,0,0,0,0,1,1,1,1,8,2499,2,3,-1,1
"15366","201401CP00214",1,8,0,9,0,8,0,0,0,0,4,1,1,1,8,2402,2,11,7,1
"15375","201401CP00214",2,1,0,18,0,8,0,0,0,0,1,1,6,1,6,-1,-1,-1,3,1
"15384","201401CP00215",1,8,0,9,0,8,0,0,0,0,4,1,1,1,8,2664,2,14,3,1
"15394","201401CP00215",2,1,0,18,0,8,0,0,0,0,1,1,2,1,8,-1,-1,-1,9,1
"15404","201401CP00216",1,1,0,18,0,2,0,0,0,0,1,1,2,2,6,-1,-1,-1,6,1
"15414","201401CP00216",2,8,0,6,0,2,0,0,0,0,3,1,1,1,8,2499,2,2,8,1
"15423","201401CP00218",1,8,0,18,0,1,0,0,0,0,1,1,1,1,6,2499,2,7,9,1
"15433","201401CP00218",2,9,0,4,0,1,0,0,0,0,2,1,6,1,7,1796,1,6,-1,-1
"15444","201401CP00219",1,1,0,18,0,8,0,0,0,0,1,1,6,1,5,-1,-1,-1,2,1
"15454","201401CP00219",2,21,0,18,0,8,0,0,0,0,4,1,6,2,7,-1,-1,-1,1,1
"15464","201401CP00220",1,9,0,1,0,2,0,0,0,0,2,1,6,1,7,2362,1,13,3,1
"15473","201401CP00221",1,20,0,18,0,1,0,0,0,0,1,1,1,1,8,9200,2,3,3,1
"15483","201401CP00222",1,1,0,18,0,1,0,0,0,0,1,1,6,1,5,-1,-1,-1,-1,-1