"","Acc_Index","Vehicle_Reference","Vehicle_Type","Towing_and_Articulation","Vehicle_Manoeuvre","Vehicle_Location.Restricted_Lane","Junction_Location","Skidding_and_Overturning","Hit_Object_in_Carriageway","Vehicle_Leaving_Carriageway","Hit_Object_off_Carriageway","X1st_Point_of_Impact","Was_Vehicle_Left_Hand_Drive","Journey_Purpose_of_Driver","Sex_of_Driver","Age_Band_of_Driver","Engine_Capacity_.CC.","Propulsion_Code","Age_of_Vehicle","Driver_IMD_Decile","Driver_Home_Area_Type"
"15494","201401CP00223",1,8,0,7,0,2,0,0,0,0,1,1,1,1,7,2987,2,3,3,1
"15504","201401CP00224",1,5,0,18,0,1,0,0,0,0,3,1,6,1,7,599,1,7,2,1
"15514","201401CP00224",2,8,0,11,0,1,0,0,0,0,4,1,1,1,8,2499,2,6,7,1
"15524","201401CP00225",1,8,0,9,0,8,0,0,0,0,1,1,1,1,8,1791,8,2,1,1
"15534","201401CP00227",1,11,0,18,0,2,0,0,0,0,4,1,1,1,9,-1,-1,-1,7,1
"15544","201401CP00228",1,3,0,18,0,1,0,0,0,0,1,1,6,1,6,125,1,1,2,1
"15555","201401CP00228",2,20,0,1,0,1,0,0,0,0,2,1,1,1,5,-1,-1,-1,10,1
"15564","201401CP00229",1,20,0,12,0,2,0,0,0,0,3,1,1,1,8,2198,2,2,2,1
"15574","201401CP00229",2,1,0,18,0,2,0,0,0,0,4,1,6,1,5,-1,-1,-1,7,1
"15584","201401CP00230",1,8,0,18,0,2,0,0,0,0,1,1,1,1,9,1896,2,9,8,1
"15594","201401CP00231",1,3,0,18,0,2,0,0,0,0,4,1,6,1,6,124,1,1,2,1
"15603","201401CP00231",2,11,0,13,0,2,0,0,0,0,3,1,1,1,9,11967,2,4,8,2
"15612","201401CP00232",1,9,0,12,0,1,0,0,0,0,3,1,6,1,8,1368,1,4,-1,1
"15622","201401CP00232",2,3,0,18,0,1,0,0,0,0,4,1,6,1,4,124,1,-1,7,1
"15634","201401CP00233",1,5,0,18,0,8,0,0,0,0,1,1,1,1,8,471,1,1,6,1
"15644","201401CP00234",1,8,0,5,8,0,0,0,0,0,3,1,1,1,8,1798,8,-1,2,1
"15654","201401CP00234",2,1,0,18,0,0,0,0,0,0,4,1,6,1,6,-1,-1,-1,1,1
"15664","201401CP00235",1,4,0,14,0,1,0,0,0,0,1,1,6,1,7,108,1,3,2,1
"15674","201401CP00237",1,9,0,6,0,2,0,0,0,0,3,1,1,1,7,2000,1,9,4,1
"15684","201401CP00237",2,5,0,18,0,2,0,0,0,0,1,1,1,1,6,670,1,1,1,2
"15714","201401CP00239",1,1,0,18,0,2,0,0,0,0,2,1,2,2,7,-1,-1,-1,3,1
"15724","201401CP00239",2,1,0,18,0,2,0,0,0,0,1,1,2,1,8,-1,-1,-1,-1,-1
"15734","201401CP00240",1,9,0,18,0,1,0,0,0,0,4,1,6,1,9,-1,-1,-1,4,1
"15744","201401CP00241",1,3,0,3,0,8,0,0,0,0,1,1,6,1,5,124,1,8,-1,1
"15754","201401CP00241",2,20,0,1,0,2,0,0,0,0,2,1,1,1,7,-1,-1,-1,5,1
"15764","201401CP00242",1,1,0,18,0,1,0,0,0,0,1,1,2,1,7,-1,-1,-1,2,1
"15774","201401CP00242",2,1,0,18,0,8,0,0,0,0,3,1,2,1,5,-1,-1,-1,5,1
"15784","201401CP00243",1,9,0,18,0,0,0,0,0,0,1,1,6,1,6,2993,2,6,-1,1
"15794","201401CP00243",2,1,0,18,0,0,0,0,4,0,1,1,6,1,6,-1,-1,-1,1,1
"15804","201401CP00244",1,20,0,6,0,1,0,0,0,0,3,1,1,1,8,-1,-1,-1,9,1
"15814","201401CP00244",2,4,0,18,0,1,0,0,0,0,4,1,6,1,7,125,1,1,4,1
"15824","201401CP00245",1,1,0,18,0,2,0,0,1,1,3,1,6,2,5,-1,-1,-1,6,1
"15834","201401CP00245",2,21,0,13,0,2,0,0,0,0,4,1,1,3,-1,-1,-1,-1,-1,-1
"15844","201401CP00246",1,8,0,9,0,8,0,0,0,0,4,1,1,1,8,2499,2,3,4,1
"15854","201401CP00246",2,1,0,18,0,8,0,0,0,0,1,1,2,1,6,-1,-1,-1,1,1
"15866","201401CP00247",1,1,0,18,0,8,0,0,0,0,1,1,6,2,7,-1,-1,-1,2,1
"15874","201401CP00247",2,9,0,9,0,8,0,0,0,0,4,1,1,1,8,-1,-1,-1,5,1
"15884","201401CP00248",1,5,0,18,0,8,0,0,0,0,1,1,6,3,-1,-1,-1,-1,-1,-1
"15893","201401CP00249",1,11,0,3,2,2,0,0,0,0,0,1,1,1,8,8268,2,11,5,1
"15903","201401CP00250",1,11,0,4,0,1,0,0,0,0,0,1,1,1,8,4500,2,2,5,1
"15914","201401CP00251",1,1,0,14,0,1,0,0,0,0,1,1,1,1,5,-1,-1,-1,-1,1
"15924","201401CP00252",1,1,0,18,0,1,0,0,0,0,1,1,2,1,7,-1,-1,-1,9,1
"15934","201401CP00252",2,9,0,6,0,1,0,0,0,0,3,1,6,1,5,1596,1,3,7,1
"15944","201401CP00253",1,8,0,18,0,1,0,0,0,0,4,1,1,1,7,2402,2,12,10,1
"15953","201401CP00253",2,9,0,5,0,1,0,0,0,0,3,1,6,1,7,2967,2,3,10,1
"15963","201401CP00255",1,1,0,9,0,1,0,0,0,0,3,1,6,1,5,-1,-1,-1,1,1
"15974","201401CP00255",2,9,0,18,0,1,0,0,0,0,4,1,6,1,9,-1,-1,-1,9,3
"15984","201401CP00256",1,10,0,3,0,1,0,0,0,0,4,1,1,1,6,-1,-1,-1,2,1
"15993","201401CP00256",2,1,0,15,0,1,0,0,0,0,3,1,6,1,6,-1,-1,-1,3,1
"16003","201401CP00257",1,4,0,18,0,2,0,0,0,0,3,1,6,1,6,125,1,4,4,1
"16014","201401CP00257",2,9,0,11,0,2,0,0,0,0,4,1,6,1,5,-1,-1,-1,-1,-1
"16024","201401CP00258",1,5,0,18,0,1,0,0,0,0,4,1,1,1,6,-1,-1,-1,-1,1
"16034","201401CP00259",1,21,0,18,0,1,0,0,0,0,3,1,1,1,6,-1,-1,-1,4,1
"16063","201401CP00262",1,11,0,18,0,1,0,0,0,0,1,1,1,1,8,6700,2,3,-1,1
"16073","201401CP00263",1,1,0,15,0,8,0,0,0,0,1,1,6,1,5,-1,-1,-1,1,1
"16083","201401CP00264",1,1,0,18,0,0,0,0,0,0,3,1,2,1,6,-1,-1,-1,2,1
"16094","201401CP00266",1,1,0,18,0,0,0,0,0,0,3,1,2,1,6,-1,-1,-1,6,1
"16103","201401CP00266",2,1,0,18,0,0,0,0,0,0,4,1,2,1,6,-1,-1,-1,9,1
"16113","201401CP00267",1,1,0,7,0,8,0,0,0,0,1,1,6,1,7,-1,-1,-1,4,1
"16124","201401CP00268",1,9,0,18,0,8,0,0,0,0,3,1,6,1,6,1497,8,-1,1,1
"16134","201401CP00268",2,9,0,9,0,8,0,0,0,0,1,1,6,1,6,2497,2,8,7,3
"16144","201401CP00269",1,9,0,9,0,8,0,0,0,0,1,1,6,1,7,1968,2,7,6,3
"16154","201401CP00269",2,1,0,18,0,8,0,0,0,0,1,1,1,2,6,-1,-1,-1,2,1
"16163","201401CP00270",1,19,0,7,0,8,0,0,0,0,4,1,1,1,7,-1,-1,-1,3,1
"16173","201401CP00270",2,1,0,18,0,8,0,0,0,0,3,1,2,2,6,-1,-1,-1,3,1
"16204","201401CP00272",1,9,0,9,0,8,0,0,0,0,4,1,6,2,6,1560,2,5,4,1
"16214","201401CP00272",2,1,0,18,0,8,0,0,0,0,3,1,2,2,6,-1,-1,-1,4,1
"16224","201401CP00273",1,1,0,18,0,1,0,0,0,0,1,1,6,1,8,-1,-1,-1,10,1
"16233","201401CP00273",2,19,0,3,0,1,0,0,0,0,2,1,6,3,-1,-1,-1,-1,-1,-1
"16244","201401CP00274",1,1,0,7,0,8,0,0,0,0,1,1,6,1,6,-1,-1,-1,3,1
"16254","201401CP00275",1,1,0,18,0,8,0,0,0,0,1,1,6,1,7,-1,-1,-1,-1,-1
"16264","201401CP00275",2,9,0,9,0,8,0,0,0,0,4,1,6,1,9,2148,2,7,9,1
"16274","201401CP00276",1,8,0,18,0,8,0,0,0,0,4,1,1,1,10,2402,2,12,-1,-1
"16284","201401CP00276",2,20,0,1,0,8,0,0,0,0,2,1,1,1,7,-1,-1,-1,2,1
"16294","201401CP00277",1,1,0,18,0,8,0,0,0,0,1,1,2,1,6,-1,-1,-1,3,1
"16304","201401CP00277",2,5,0,9,0,8,0,0,0,0,4,1,6,3,-1,-1,-1,-1,-1,-1
"16313","201401CP00278",1,20,0,1,0,2,0,0,0,0,2,1,1,1,6,-1,-1,-1,8,1
"16322","201401CP00279",1,19,0,9,0,8,0,0,0,0,4,1,1,1,8,2143,2,-1,10,3
"16333","201401CP00279",2,1,0,18,0,8,0,0,0,0,1,1,2,1,6,-1,-1,-1,1,1
"16344","201401CP00280",1,5,0,18,0,1,0,0,0,0,1,1,1,1,7,600,1,2,5,1
"16364","201401CP00282",1,3,0,14,0,8,0,0,0,0,1,1,6,1,7,-1,-1,-1,1,1
"16373","201401CP00283",1,11,0,7,0,8,0,0,0,0,0,1,1,1,7,-1,-1,-1,2,1
"16403","201401CP00285",1,8,0,18,0,1,0,0,0,0,1,1,6,1,9,2664,2,14,3,1
"16413","201401CP00285",2,1,0,18,0,1,0,0,0,0,4,1,6,1,5,-1,-1,-1,-1,1
"16423","201401CP00286",1,3,0,18,0,8,0,0,0,0,1,1,6,1,6,124,1,1,2,1
"16433","201401CP00286",2,19,0,7,0,8,0,0,0,0,4,1,1,1,8,1560,2,-1,3,1
"16443","201401CP00287",1,9,0,1,0,2,0,0,0,0,2,1,6,1,9,1996,1,12,3,1
"16453","201401CP00287",2,2,0,2,0,2,0,0,0,0,4,1,6,1,5,49,1,17,6,1
"16473","201401CP00289",1,9,0,7,0,1,0,0,0,0,4,1,6,1,4,1461,2,1,7,1
"16483","201401CP00289",2,1,0,18,0,1,0,0,0,0,3,1,6,1,5,-1,-1,-1,3,1
"16496","201401CP00290",1,9,0,12,0,2,0,0,0,0,0,1,6,3,-1,998,1,9,-1,-1
"16503","201401CP00290",2,11,0,18,0,2,0,0,0,0,0,1,1,1,6,6692,2,3,5,1
"16513","201401CP00291",1,1,0,9,0,8,0,0,0,0,1,1,2,1,7,-1,-1,-1,7,1
"16523","201401CP00292",1,1,0,13,0,1,0,0,0,0,1,1,1,1,6,-1,-1,-1,3,1
"16533","201401CP00292",2,8,0,6,0,1,0,0,0,0,4,1,1,1,-1,-1,-1,-1,2,1
"16543","201401CP00293",1,1,0,18,0,8,0,0,0,0,3,1,6,1,6,-1,-1,-1,2,1
"16553","201401CP00293",2,9,0,18,0,8,0,0,0,0,3,1,6,1,5,1798,1,2,2,1
"16563","201401CP00294",1,19,0,18,0,2,0,0,0,0,3,1,6,1,7,1968,2,7,-1,-1
"16573","201401CP00295",1,20,0,6,0,1,0,0,0,0,3,1,1,1,6,2143,2,4,8,1
"16583","201401CP00295",2,3,0,18,0,1,0,0,0,0,4,1,1,1,7,124,1,13,2,1
"16593","201401CP00296",1,5,0,18,0,2,0,0,0,0,1,1,6,1,7,929,1,14,6,1
"16603","201401CP00297",1,21,0,7,0,8,0,0,0,0,4,1,1,1,7,-1,2,13,3,1
"16613","201401CP00297",2,1,0,15,0,8,0,0,0,0,3,1,2,2,6,-1,-1,-1,-1,-1
"16623","201401CP00298",1,5,0,14,0,1,0,0,0,0,1,1,1,1,8,-1,-1,-1,4,1
"16633","201401CP00299",1,20,0,3,0,0,0,0,0,0,4,1,1,1,7,-1,-1,-1,10,1
"16643","201401CP00299",2,1,0,18,0,0,0,8,0,0,1,1,2,1,-1,-1,-1,-1,-1,-1
"16653","201401CP00300",1,1,0,18,0,1,0,0,0,0,1,1,2,2,7,-1,-1,-1,1,1
"16663","201401CP00300",2,9,0,9,0,8,0,0,0,0,4,1,6,3,-1,-1,-1,-1,-1,-1
"16673","201401CP00301",1,11,0,18,0,1,0,0,0,0,4,1,1,1,9,4500,2,2,6,1
"16683","201401CP00301",2,1,0,18,0,1,0,0,0,0,3,1,6,1,8,-1,-1,-1,3,1
"16693","201401CP00302",1,1,0,18,0,0,0,8,0,0,4,1,2,1,7,-1,-1,-1,-1,1
"16703","201401CP00302",2,9,0,2,0,0,0,0,0,0,3,1,6,1,-1,-1,-1,-1,-1,-1
"16713","201401CP00303",1,11,0,18,0,1,0,0,0,0,4,1,1,3,-1,-1,-1,-1,-1,-1
"16723","201401CP00304",1,20,0,2,0,1,0,0,0,0,3,1,1,1,7,-1,-1,-1,1,1
"16733","201401CP00304",2,1,0,18,0,1,0,8,0,0,1,1,1,1,6,-1,-1,-1,2,1
"16742","201401CP00305",1,1,0,14,0,1,0,0,0,0,1,1,2,1,6,-1,-1,-1,4,1
"16752","201401CP00306",1,3,0,18,0,2,0,0,0,0,1,1,2,1,6,125,1,-1,4,1
"16763","201401CP00307",1,3,0,18,0,0,0,0,0,0,3,1,6,1,6,125,1,5,1,1
"16773","201401CP00307",2,9,0,3,0,0,0,0,0,0,4,1,6,1,8,1560,2,2,6,1
"16783","201401CP00308",1,11,0,4,0,1,0,0,0,0,0,1,1,1,8,4461,2,1,3,1
"16793","201401CP00309",1,1,0,14,0,2,0,0,0,0,4,1,2,1,7,-1,-1,-1,7,3
"16803","201401CP00309",2,21,0,18,0,2,0,0,0,0,3,1,1,1,7,-1,-1,-1,2,1
"16813","201401CP00309",3,9,0,18,0,2,0,0,0,0,4,1,1,1,7,-1,-1,-1,3,1
"16823","201401CP00310",1,3,0,7,0,8,0,0,0,0,3,1,2,1,7,125,1,1,-1,-1
"16833","201401CP00310",2,20,0,7,0,8,0,0,0,0,4,1,1,1,7,2402,2,8,-1,1
"16843","201401CP00311",1,5,0,14,0,2,0,0,0,0,4,1,6,1,4,-1,-1,-1,4,1
"16853","201401CP00311",2,8,0,6,0,2,0,0,0,0,3,1,1,1,7,2499,2,3,-1,-1
"16873","201401CP00313",1,8,0,2,0,1,0,0,0,0,4,1,1,1,6,2499,2,-1,1,1
"16883","201401CP00313",2,5,0,18,0,1,0,8,0,0,1,1,2,1,8,583,1,24,9,1
"16893","201401CP00314",1,8,0,18,0,1,0,0,0,0,3,1,1,1,7,2402,2,9,3,1
"16903","201401CP00314",2,9,0,18,0,2,0,0,0,0,3,1,6,3,-1,-1,-1,-1,-1,-1
"16913","201401CP00315",1,5,0,14,0,1,0,0,0,0,1,1,2,2,7,-1,-1,-1,6,1
"16923","201401CP00316",1,5,0,18,0,1,0,0,0,0,4,1,6,1,7,1690,1,-1,-1,1
"16933","201401CP00316",2,19,4,18,0,1,0,0,0,0,0,1,1,1,-1,2402,2,7,-1,1
"16943","201401CP00317",1,5,0,15,0,8,0,0,0,0,3,1,6,1,6,598,1,14,3,1
"16953","201401CP00317",2,20,0,18,0,8,0,0,0,0,4,1,6,1,8,-1,-1,-1,4,1
"16983","201401CP00319",1,11,0,18,2,2,0,0,0,0,4,1,6,2,8,9000,2,4,2,1
"16993","201401CP00320",1,11,0,5,0,1,0,0,0,0,0,1,1,1,8,9000,2,5,4,1
"17003","201401CP00321",1,3,0,9,0,8,0,0,0,0,4,1,6,1,5,125,1,8,7,1
"17012","201401CP00321",2,1,0,18,0,8,0,0,0,0,1,1,6,1,6,-1,-1,-1,2,1
"17022","201401CP00322",1,5,0,14,0,2,0,0,0,0,1,1,2,1,6,656,1,5,2,1
"17032","201401CP00322",2,9,0,3,0,2,0,0,0,0,3,1,1,1,6,-1,-1,-1,-1,-1
"17042","201401CP00322",3,8,0,3,0,2,0,0,0,0,4,1,1,1,9,1349,1,4,5,1
"17052","201401CP00323",1,1,0,18,0,8,0,0,0,0,4,1,6,1,6,-1,-1,-1,1,1
"17062","201401CP00323",2,1,0,18,0,8,0,0,0,0,4,1,6,2,-1,-1,-1,-1,5,1
"17072","201401CP00323",3,20,0,9,0,8,0,0,0,0,1,1,6,3,-1,-1,-1,-1,-1,-1
"17082","201401CP00324",1,9,0,9,0,8,0,0,0,0,4,1,2,1,7,2497,2,9,2,1
"17092","201401CP00324",2,5,0,18,0,8,0,0,0,0,1,1,6,1,6,998,1,7,8,1
"17101","201401CP00325",1,1,0,18,0,1,0,0,0,0,1,1,2,2,5,-1,-1,-1,4,1
"17111","201401CP00325",2,9,0,7,0,8,0,0,0,0,4,1,6,3,-1,-1,-1,-1,-1,-1
"17121","201401CP00326",1,9,0,2,0,2,0,0,0,0,3,1,6,3,-1,-1,-1,-1,-1,-1
"17132","201401CP00326",2,1,0,18,0,2,0,8,0,0,4,1,6,1,7,-1,-1,-1,4,1
"17142","201401CP00327",1,8,0,6,2,2,0,0,0,0,0,1,1,1,8,2499,2,7,10,1
"17151","201401CP00327",2,1,0,18,0,1,0,0,0,0,3,1,2,1,6,-1,-1,-1,-1,1
"17161","201401CP00328",1,9,0,2,0,0,0,0,0,0,3,1,6,1,8,1997,2,1,-1,-1
"17171","201401CP00328",2,1,0,18,0,0,0,8,0,0,1,1,6,2,6,-1,-1,-1,-1,1
"17181","201401CP00329",1,9,0,3,0,1,0,0,0,0,4,1,6,2,7,1299,1,10,1,1
"17191","201401CP00329",2,1,0,15,0,1,0,8,0,0,1,1,6,1,-1,-1,-1,-1,6,1
"17201","201401CP00330",1,8,0,4,0,1,0,0,0,0,0,1,1,1,9,2143,2,1,8,1
"17211","201401CP00331",1,9,0,3,0,8,0,0,0,0,4,1,6,2,6,1956,2,1,1,1
"17221","201401CP00331",2,3,0,18,0,8,0,0,0,0,2,1,6,1,7,125,1,3,2,1
"17231","201401CP00333",1,5,0,3,0,1,0,0,0,0,2,1,6,1,8,1649,1,2,7,1
"17241","201401CP00333",2,9,0,5,0,1,0,0,0,0,1,1,6,2,9,1390,1,6,8,1
"1725","201401CP00334",1,11,0,18,0,1,0,0,0,0,0,1,1,1,6,-1,-1,-1,3,1
"1726","201401CP00335",1,1,0,14,0,1,0,0,0,0,1,1,6,1,7,-1,-1,-1,5,1
"17271","201401CP00336",1,9,0,18,0,0,0,0,0,0,1,1,6,1,7,2148,2,10,-1,1
"17281","201401CP00337",1,8,0,18,0,8,0,0,0,0,1,1,1,1,11,2664,2,15,4,1
"17301","201401CP00339",1,1,0,9,0,8,0,0,0,0,4,1,6,2,5,-1,-1,-1,-1,1
"17311","201401CP00339",2,9,0,18,0,8,0,0,0,0,1,1,6,3,-1,1560,2,1,-1,-1
"17321","201401CP00340",1,3,0,14,0,1,0,0,0,0,1,1,6,3,-1,-1,-1,-1,-1,-1
"17331","201401CP00342",1,11,0,18,0,1,0,0,0,0,0,1,1,1,9,4500,2,2,1,1
"17341","201401CP00342",2,9,0,11,0,1,0,0,0,0,0,1,6,3,-1,2987,2,4,-1,-1
"17351","201401CP00343",1,9,0,14,0,0,0,0,0,0,1,1,6,1,6,1997,2,2,4,1
"17361","201401CP00344",1,9,0,3,0,1,0,0,0,0,2,1,6,2,5,1400,1,15,3,1
"17371","201401CP00344",2,9,0,18,0,1,0,0,0,0,1,1,6,1,6,1995,2,6,1,1
"17381","201401CP00345",1,8,0,18,0,1,0,0,0,0,3,1,1,1,7,2499,2,-1,7,1
"17391","201401CP00345",2,21,0,18,0,1,0,0,0,0,4,1,1,1,7,-1,2,19,-1,-1
"17401","201401CP00346",1,1,0,3,0,1,0,0,0,0,2,1,6,1,7,-1,-1,-1,8,1
"17411","201401CP00346",2,10,0,7,0,2,0,0,0,0,3,1,6,2,8,-1,-1,-1,3,1
"17421","201401CP00347",1,1,0,18,0,0,0,0,0,0,3,1,6,1,8,-1,-1,-1,8,1
"17431","201401CP00347",2,21,0,11,0,0,0,0,0,0,4,1,1,1,6,-1,2,4,3,3
"17441","201401CP00348",1,1,0,18,0,2,0,0,0,0,2,1,6,1,5,-1,-1,-1,4,1
"17451","201401CP00348",2,8,0,18,0,2,0,0,0,0,1,1,6,1,8,2499,2,6,1,1
"17461","201401CP00349",1,9,0,18,0,1,0,0,0,0,2,1,6,2,6,1798,1,6,-1,1
"17471","201401CP00349",2,9,0,18,0,1,0,0,0,0,1,1,6,1,-1,1461,2,1,-1,-1
"17481","201401CP00350",1,21,0,18,0,2,0,0,0,0,1,1,1,2,8,2977,2,6,10,1
"17491","201401CP00351",1,9,0,18,0,2,0,0,0,0,1,1,6,1,6,1896,2,9,2,1
"17501","201401CP00352",1,19,0,9,0,8,0,0,0,0,4,1,1,1,6,1560,2,1,9,3
"17511","201401CP00352",2,1,0,18,0,8,0,0,0,0,1,1,6,1,7,-1,-1,-1,1,1
"17521","201401CP00353",1,9,0,7,0,8,0,0,0,0,1,1,6,1,7,2143,12,-1,2,1
"17531","201401CP00354",1,1,0,9,0,8,0,0,0,0,4,1,2,1,6,-1,-1,-1,-1,-1
"17541","201401CP00354",2,1,0,18,0,8,0,0,0,0,1,1,2,1,5,-1,-1,-1,-1,-1
"17551","201401CP00355",1,8,0,7,0,1,0,0,0,0,3,1,1,1,9,2402,2,10,7,1
"17561","201401CP00356",1,11,0,18,0,1,0,0,0,0,4,1,1,1,8,6692,2,4,2,1
"17571","201401CP00357",1,11,0,18,0,1,0,0,0,0,1,1,1,1,9,9360,2,3,1,1
"17581","201401CP00357",2,9,0,18,0,1,0,0,0,0,2,1,6,1,7,-1,-1,-1,-1,1
"17591","201401CP00358",1,9,0,9,0,8,0,0,0,0,4,1,6,2,6,1497,8,5,1,1
"17601","201401CP00358",2,5,0,18,0,8,0,0,0,0,1,1,2,1,7,961,1,2,2,1
"17611","201401CP00359",1,1,0,7,0,8,0,0,0,0,1,1,6,3,-1,-1,-1,-1,-1,-1
"17621","201401CP00360",1,11,0,4,0,1,0,0,0,0,0,1,1,1,6,4461,2,1,1,1
"1763","201401CP00361",1,3,0,16,0,1,0,0,0,0,1,1,6,1,10,125,1,1,-1,-1
"1764","201401CP00363",1,11,0,18,0,8,0,0,0,0,0,1,1,2,8,9360,2,1,8,1
"1765","201401CP00363",2,1,0,18,0,8,0,0,0,0,0,1,6,3,-1,-1,-1,-1,-1,-1
"1766","201401CP00364",1,8,0,4,0,0,0,0,0,0,4,1,1,1,8,1997,2,2,6,1
"1767","201401CP00364",2,1,0,18,0,0,0,8,0,0,1,1,2,1,6,-1,-1,-1,3,1
"1768","201401CP00365",1,8,0,5,0,8,0,0,0,0,1,1,1,1,9,2664,2,13,4,1
"1769","201401CP00365",2,8,0,5,0,8,0,0,0,0,4,1,1,1,7,1797,8,4,7,1
"1770","201401CP00366",1,9,0,9,0,8,0,0,0,0,3,1,6,2,7,1596,1,8,-1,1
"1771","201401CP00366",2,4,0,9,0,8,0,0,0,0,4,1,6,1,8,249,1,4,3,1
"1772","201401CP00367",1,9,0,18,0,0,0,0,0,0,1,1,6,3,-1,-1,-1,-1,-1,-1
"1773","201401CP00368",1,20,0,14,0,1,0,0,0,0,3,1,1,1,7,5193,2,-1,1,1
"1774","201401CP00368",2,1,0,13,0,1,0,4,0,0,4,1,6,1,5,-1,-1,-1,8,1
"1775","201401CP00368",3,19,0,2,0,2,0,0,0,0,1,1,1,1,8,2198,2,2,5,1
"1776","201401CP00369",1,11,0,9,0,8,0,0,0,0,1,1,1,1,6,9360,2,2,1,1
"1777","201401CP00369",2,4,0,18,0,8,0,0,0,0,1,1,2,1,7,279,1,4,9,1
"1778","201401CP00370",1,9,0,6,0,2,0,0,0,0,3,1,1,1,6,1997,2,2,2,1
"1779","201401CP00370",2,5,0,18,0,2,0,0,0,0,1,1,1,1,7,1130,1,12,7,1
"1780","201401CP00371",1,21,0,18,0,1,0,0,0,0,1,1,1,1,6,12900,2,5,7,1
"1781","201401CP00371",2,3,0,9,0,1,0,0,0,0,2,1,6,1,6,124,1,-1,-1,-1
"1782","201401CP00372",1,1,0,18,0,1,0,0,0,0,1,1,6,1,6,-1,-1,-1,5,1
"1783","201401CP00372",2,11,0,9,0,8,0,0,0,0,1,1,1,1,9,7300,2,10,2,1
"1784","201401CP00375",1,9,0,6,0,8,0,0,0,0,2,1,6,1,8,1798,8,-1,3,1
"1785","201401CP00376",1,8,0,2,0,1,0,0,0,0,4,1,1,1,6,1497,8,5,3,1
"1786","201401CP00376",2,1,0,18,0,1,0,8,0,0,3,1,2,1,7,-1,-1,-1,4,1
"1787","201401CP00377",1,1,0,18,0,1,0,0,0,0,4,1,2,1,7,-1,-1,-1,10,3
"1788","201401CP00377",2,9,0,18,0,1,0,0,0,0,3,1,6,3,-1,-1,-1,-1,-1,-1
"1789","201401CP00378",1,3,0,18,0,8,0,0,0,0,1,1,2,1,6,125,1,-1,1,1
"1790","201401CP00378",2,9,0,7,0,8,0,0,0,0,0,1,6,3,-1,-1,-1,-1,-1,-1
"1791","201401CP00379",1,1,0,18,0,8,0,0,0,0,3,1,2,1,6,-1,-1,-1,10,1
"1792","201401CP00379",2,20,0,7,0,8,0,0,0,0,4,1,1,1,10,-1,-1,-1,-1,-1
"1793","201401CP00380",1,1,0,18,0,1,0,0,0,0,3,1,2,1,6,-1,-1,-1,-1,1
"1794","201401CP00380",2,19,0,18,0,1,0,0,0,0,4,1,1,1,8,1968,2,6,1,1
"1795","201401CP00381",1,9,0,14,0,2,0,0,0,0,1,1,6,1,5,1497,8,5,3,1
"1796","201401CP00382",1,1,0,18,0,8,0,0,0,0,3,1,6,1,7,-1,-1,-1,3,1
"1797","201401CP00382",2,20,0,9,0,8,0,0,0,0,1,1,1,1,7,-1,-1,-1,6,1
"1798","201401CP00383",1,9,0,2,0,1,0,0,0,0,3,1,6,1,10,2993,2,-1,-1,-1
"1799","201401CP00383",2,8,0,18,0,1,0,0,0,0,3,1,1,2,8,2499,2,7,1,1
"1800","201401CP00383",3,9,0,2,0,1,0,0,0,0,3,1,6,2,6,1995,2,1,4,1
"1801","201401CP00383",4,16,0,18,0,1,0,4,0,0,1,1,1,1,-1,-1,-1,-1,-1,-1
"1802","201401CP00384",1,11,0,18,0,1,0,0,0,0,1,1,1,1,7,-1,-1,-1,3,1
"1803","201401CP00384",2,5,0,3,0,1,0,0,0,0,2,1,6,1,-1,-1,-1,-1,8,1
"1804","201401CP00385",1,8,0,7,0,1,0,0,0,0,1,1,1,1,8,-1,-1,-1,2,1
"1805","201401CP00386",1,20,0,9,0,8,0,0,0,0,4,1,1,1,10,-1,-1,-1,1,1
"1806","201401CP00386",2,1,0,18,0,8,0,0,0,0,1,1,2,2,6,-1,-1,-1,2,1
"1807","201401CP00387",1,4,0,3,0,1,0,0,0,0,2,1,2,1,6,-1,-1,-1,2,1
"1808","201401CP00387",2,9,0,18,0,1,0,0,0,0,1,1,6,1,7,1783,1,12,4,1
"1809","201401CP00388",1,11,0,18,0,1,0,0,0,0,1,1,6,1,9,9360,2,1,3,1
"1810","201401CP00388",2,20,0,18,0,1,0,0,0,0,2,1,1,1,6,-1,-1,-1,3,1
"1811","201401CP00389",1,8,0,5,0,1,0,0,0,0,4,1,1,1,11,2402,2,12,9,1
"1812","201401CP00390",1,3,0,9,0,8,0,0,0,0,3,1,2,2,8,124,1,1,3,1
"1813","201401CP00391",1,9,0,18,0,1,0,0,0,0,1,1,6,1,7,1461,2,1,2,1
"1814","201401CP00391",2,1,0,18,0,2,0,0,0,0,1,1,6,1,4,-1,-1,-1,3,1
"1815","201401CP00392",1,1,0,14,0,1,0,0,0,0,3,1,6,1,6,-1,-1,-1,3,1
"1816","201401CP00392",2,8,0,18,0,1,0,0,0,0,4,1,1,1,10,2499,2,7,8,1
"1817","201401CP00393",1,20,0,18,0,1,0,0,0,0,1,1,1,1,6,-1,-1,-1,-1,1
"1818","201401CP00393",2,1,0,9,0,1,0,0,7,0,3,1,2,2,6,-1,-1,-1,7,1
"1819","201401CP00393",3,3,0,13,0,1,0,0,7,0,4,1,1,1,6,125,1,10,2,1
"1820","201401CP00394",1,9,0,9,0,8,0,0,0,0,4,1,6,3,-1,-1,-1,-1,-1,-1