"","Acc_Index","Vehicle_Reference","Vehicle_Type","Towing_and_Articulation","Vehicle_Manoeuvre","Vehicle_Location.Restricted_Lane","Junction_Location","Skidding_and_Overturning","Hit_Object_in_Carriageway","Vehicle_Leaving_Carriageway","Hit_Object_off_Carriageway","X1st_Point_of_Impact","Was_Vehicle_Left_Hand_Drive","Journey_Purpose_of_Driver","Sex_of_Driver","Age_Band_of_Driver","Engine_Capacity_.CC.","Propulsion_Code","Age_of_Vehicle","Driver_IMD_Decile","Driver_Home_Area_Type"
"1821","201401CP00394",2,1,0,18,0,8,0,0,0,0,1,1,2,1,4,-1,-1,-1,1,1
"1822","201401CP00395",1,3,0,13,0,1,0,0,0,0,4,1,6,1,5,124,1,6,4,1
"1823","201401CP00395",2,9,0,12,0,1,0,0,0,0,3,1,6,1,7,-1,-1,-1,10,1
"1824","201401CP00396",1,1,0,18,0,0,0,8,0,0,3,1,6,1,7,-1,-1,-1,1,1
"1825","201401CP00396",2,21,0,2,0,0,0,0,0,0,4,1,1,1,7,-1,-1,-1,1,1
"1828","201401CP00398",1,11,0,18,0,1,0,0,0,0,1,1,1,1,8,9000,2,4,2,1
"1829","201401CP00399",1,20,0,17,0,2,0,0,0,0,4,1,1,1,8,-1,-1,-1,2,1
"1830","201401CP00400",1,9,0,7,0,8,0,0,0,0,4,1,6,1,8,2143,2,1,3,1
"1831","201401CP00400",2,1,0,18,0,8,0,0,0,0,1,1,6,1,6,-1,-1,-1,-1,3
"1832","201401CP00401",1,3,0,18,0,8,0,0,0,0,1,1,6,1,6,-1,-1,-1,6,1
"1833","201401CP00402",1,11,0,9,0,1,0,0,0,0,0,1,1,1,6,4500,2,2,1,1
"1834","201401CP00403",1,9,0,18,0,1,0,0,0,0,1,1,6,1,7,1598,1,6,7,1
"1835","201401CP00403",2,9,0,4,0,1,0,0,0,0,2,1,1,1,5,-1,-1,-1,3,1
"1836","201401CP00403",3,9,0,3,0,1,0,0,0,0,2,1,6,1,4,1199,1,13,5,1
"1837","201401CP00404",1,9,0,7,0,2,0,0,0,0,1,1,6,1,9,1497,8,7,1,1
"1838","201401CP00405",1,8,0,6,0,2,0,0,0,0,0,1,1,3,-1,-1,-1,-1,-1,-1
"1839","201401CP00405",2,9,0,18,0,2,0,0,0,0,2,1,6,1,6,2171,1,10,4,1
"1840","201401CP00405",3,8,0,18,0,2,0,0,0,0,1,1,6,1,6,2143,2,1,2,1
"1841","201401CP00406",1,8,0,9,0,8,0,0,0,0,4,1,1,1,10,2499,2,1,6,1
"1842","201401CP00406",2,4,0,18,0,8,0,0,0,0,1,1,6,1,3,244,1,11,3,1
"1843","201401CP00407",1,8,0,4,0,2,0,0,0,0,4,1,1,1,5,1598,1,4,7,1
"1844","201401CP00407",2,1,0,15,0,2,0,8,0,0,1,1,6,2,6,-1,-1,-1,1,1
"4733","201401EK40182",1,1,0,18,0,2,0,8,0,0,1,1,6,1,8,-1,-1,-1,4,1
"4734","201401EK40182",2,9,0,2,0,2,0,0,0,0,3,1,6,1,-1,-1,-1,-1,-1,-1
"5477","201401EK40697",1,8,0,18,0,1,0,0,0,0,4,1,1,1,11,-1,-1,-1,4,1
"5478","201401EK40697",2,1,0,18,2,1,0,0,0,0,3,1,6,1,6,-1,-1,-1,-1,-1
"6332","201401EO40222",1,9,0,4,4,2,0,0,0,0,4,1,6,1,5,1598,2,2,6,1
"6333","201401EO40222",2,1,0,4,4,2,0,0,1,1,3,1,2,2,6,-1,-1,-1,5,1
"6392","201401EO40261",1,3,0,18,0,0,0,0,0,0,0,1,6,1,7,124,1,5,2,1
"6393","201401EO40261",2,9,0,5,0,0,0,0,0,0,0,1,6,1,-1,1870,2,13,3,1
"6397","201401EO40265",1,19,0,18,0,1,0,0,0,0,1,1,6,1,8,1995,2,1,2,1
"6398","201401EO40265",2,1,0,9,0,1,0,0,0,0,3,1,6,2,6,-1,-1,-1,4,1
"7116","201401EO40722",1,8,0,18,0,2,0,0,0,0,3,1,6,1,-1,1497,8,6,-1,-1
"7362","201401EO40885",1,4,0,18,0,8,1,0,0,0,4,1,1,1,8,499,1,18,2,1
"7363","201401EO40885",2,9,0,5,0,8,0,0,0,0,3,1,2,1,7,1598,1,11,8,2
"7851","201401FH10220",1,1,0,18,0,0,0,0,0,0,3,1,6,2,6,-1,-1,-1,4,1
"7852","201401FH10220",2,9,0,11,0,0,0,0,0,0,3,1,6,3,-1,-1,-1,-1,-1,-1
"10560","201401HT20238",1,9,0,16,9,2,0,10,7,2,1,1,6,1,6,1997,2,5,7,1
"11056","201401HT20559",1,1,0,18,0,1,0,0,0,0,3,1,6,1,7,-1,-1,-1,2,1
"11057","201401HT20559",2,9,0,13,0,1,0,0,0,0,4,1,6,1,-1,1248,2,8,-1,-1
"11304","201401HT20725",1,1,0,18,0,0,0,0,0,0,2,1,2,1,6,-1,-1,-1,-1,1
"11305","201401HT20725",2,9,0,18,0,0,0,0,0,0,1,1,2,1,6,1397,1,12,2,1
"11430","201401HT20802",1,1,0,18,0,8,0,0,0,0,4,1,6,2,6,-1,-1,-1,2,1
"11431","201401HT20802",2,9,0,7,0,8,0,0,0,0,1,1,6,1,8,2497,2,3,1,1
"12042","201401HT29005",1,19,0,18,0,1,0,0,0,0,1,1,6,1,6,1598,2,1,3,1
"18407","201401LX50061",1,11,0,5,0,1,0,0,0,0,4,1,1,1,8,3900,2,11,3,1
"18996","201401LX50484",1,9,0,5,0,6,0,0,0,0,1,1,6,1,5,1796,1,12,3,1
"18997","201401LX50484",2,5,0,18,0,8,0,0,0,0,4,1,6,1,9,1052,1,20,-1,-1
"19144","201401LX50591",1,9,0,18,0,1,0,0,0,0,2,1,6,1,5,1242,1,13,2,1
"19145","201401LX50591",2,9,0,18,0,1,0,0,0,0,1,1,6,2,7,1598,1,4,-1,-1
"19167","201401LX50606",1,9,0,9,0,8,0,0,0,0,1,1,1,1,8,1229,1,1,2,1
"19168","201401LX50606",2,9,0,18,0,8,0,0,0,0,3,1,1,2,8,2198,1,6,5,1
"200431","201401LX51196",1,19,0,9,0,8,0,0,0,0,3,1,1,1,7,1753,2,7,-1,-1
"200441","201401LX51196",2,9,0,18,0,8,0,0,0,0,1,1,6,1,9,2435,1,13,3,1
"201081","201401LX51235",1,9,0,18,0,8,0,0,0,0,1,1,6,1,8,1600,1,15,3,1
"201092","201401LX51235",2,9,0,7,0,8,0,0,0,0,3,1,6,3,-1,1596,1,2,-1,-1
"201263","201401LX51248",1,9,0,1,0,0,0,0,0,0,2,1,6,2,5,1995,1,4,3,1
"201271","201401LX51248",2,19,0,18,0,0,0,0,0,0,1,1,6,1,-1,-1,-1,-1,-1,-1
"203062","201401LX51371",1,9,0,18,0,8,0,0,0,0,1,1,6,1,6,-1,-1,-1,3,1
"203072","201401LX51371",2,3,0,18,0,8,0,0,0,0,4,1,6,1,-1,125,1,11,3,1
"225532","201401PL60219",1,9,0,9,0,8,5,7,0,0,1,1,6,2,11,1490,1,8,5,1
"225542","201401PL60219",2,9,0,10,0,1,0,0,0,0,0,1,1,1,6,-1,-1,-1,2,1
"22812","201401PL60399",1,9,0,4,0,8,0,0,0,0,2,1,6,1,8,1400,1,8,8,1
"22813","201401PL60399",2,9,0,4,0,8,0,0,0,0,1,1,6,1,7,1396,1,16,2,1
"22820","201401PL60405",1,9,0,18,0,8,0,0,0,0,1,1,6,1,7,1997,1,6,2,1
"22821","201401PL60405",2,9,0,9,0,8,0,0,0,0,4,1,6,2,6,2184,2,7,3,1
"22822","201401PL60405",3,19,0,2,0,8,0,0,0,0,1,1,6,1,-1,1870,2,10,-1,-1
"23841","201401PL69037",1,9,0,18,0,1,0,0,0,0,1,1,6,1,4,1199,1,11,3,1
"23842","201401PL69037",2,9,0,18,0,1,0,0,0,0,2,1,6,2,9,1329,1,1,-1,-1
"23872","201401PY20001",1,1,0,18,0,8,0,0,0,0,4,1,6,1,7,-1,-1,-1,8,1
"23873","201401PY20001",2,9,0,18,0,8,0,0,0,0,1,1,6,3,-1,-1,-1,-1,-1,-1
"23874","201401PY20002",1,9,0,18,0,1,0,0,0,0,1,1,6,1,6,1991,1,13,7,1
"23875","201401PY20004",1,9,0,17,0,8,0,0,0,0,1,1,6,2,4,999,1,2,-1,-1
"23876","201401PY20004",2,1,0,17,0,8,0,0,0,0,2,1,6,1,9,-1,-1,-1,9,1
"23877","201401PY20007",1,3,0,9,0,8,0,0,0,0,4,1,6,1,5,49,1,4,3,1
"23878","201401PY20007",2,9,0,18,0,8,0,0,0,0,1,1,6,1,-1,1596,1,13,10,1
"23879","201401PY20010",1,9,0,9,0,8,0,0,0,0,4,1,6,2,8,1596,1,10,2,1
"23880","201401PY20010",2,9,0,18,0,8,0,0,0,0,1,1,6,2,8,1596,1,2,5,1
"23881","201401PY20013",1,11,0,4,0,1,0,0,0,0,0,1,1,1,8,-1,2,11,-1,-1
"23882","201401PY20014",1,9,0,3,0,1,0,0,0,0,2,1,6,1,6,-1,-1,-1,-1,-1
"23883","201401PY20014",2,9,0,4,0,1,0,0,0,0,1,1,6,2,6,1150,1,7,5,1
"23884","201401PY20015",1,1,0,18,0,8,0,0,0,0,1,1,6,1,9,-1,-1,-1,-1,-1
"23885","201401PY20015",2,9,0,9,0,8,0,0,0,0,4,1,6,3,-1,-1,-1,-1,-1,-1
"23886","201401PY20016",1,9,0,18,0,1,0,0,0,0,1,1,6,2,10,1339,1,10,8,1
"23887","201401PY20017",1,9,0,14,0,1,0,4,0,0,4,1,6,1,-1,1398,1,3,4,1
"23888","201401PY20017",2,19,0,2,0,1,0,0,0,0,3,1,1,1,7,1560,2,2,2,1
"23889","201401PY20018",1,9,0,18,0,8,0,0,0,0,1,1,6,1,7,-1,-1,-1,5,3
"23890","201401PY20018",2,9,0,9,0,8,0,0,0,0,4,1,6,1,6,-1,-1,-1,3,1
"23891","201401PY20020",1,1,0,18,0,8,0,0,0,0,1,1,6,2,8,-1,-1,-1,10,1
"23892","201401PY20020",2,9,0,7,0,8,0,0,0,0,3,1,6,1,-1,1198,1,2,10,1
"23893","201401PY20021",1,5,0,18,0,8,0,7,0,0,1,1,6,1,10,-1,-1,-1,7,1
"23894","201401PY20022",1,4,0,18,0,1,0,0,0,0,0,1,1,1,-1,-1,-1,-1,-1,-1
"23895","201401PY20024",1,9,0,7,0,8,0,0,0,0,1,1,6,2,6,1685,2,2,-1,-1
"23896","201401PY20025",1,3,0,18,0,8,0,0,0,0,1,1,6,1,4,124,1,2,9,1
"23897","201401PY20025",2,9,0,9,0,8,0,0,0,0,4,1,6,1,9,1998,2,12,1,1
"23898","201401PY20028",1,9,0,18,0,8,0,0,0,0,1,1,6,1,8,1242,1,9,3,1
"23899","201401PY20029",1,9,0,9,0,8,0,0,0,0,3,1,6,1,4,1390,1,13,3,1
"23900","201401PY20029",2,5,0,13,0,8,0,0,0,0,1,1,6,1,9,1064,1,14,9,1
"23901","201401PY20031",1,9,0,18,0,1,0,0,0,0,2,1,6,2,6,2171,1,9,10,1
"23902","201401PY20031",2,19,0,18,0,1,0,0,0,0,1,1,6,3,-1,-1,-1,-1,-1,-1
"23903","201401PY20032",1,9,0,3,0,1,0,0,0,0,1,1,6,2,6,1596,1,17,3,1
"23904","201401PY20032",2,9,0,1,0,2,0,0,0,0,2,1,6,3,-1,1242,1,8,-1,-1
"23905","201401PY20033",1,9,0,18,0,0,0,0,0,0,1,1,6,3,-1,-1,-1,-1,-1,-1
"23906","201401PY20038",1,9,0,18,0,1,0,0,0,0,1,1,6,1,11,1364,1,9,9,1
"23907","201401PY20039",1,9,0,9,0,8,0,0,0,0,4,1,6,1,6,1781,1,15,8,1
"23908","201401PY20039",2,9,0,18,0,8,0,0,0,0,1,1,6,1,4,-1,-1,-1,-1,1
"23909","201401PY20040",1,9,0,18,0,8,0,0,0,0,4,1,6,1,7,1910,2,8,10,1
"23910","201401PY20040",2,19,0,18,0,8,0,0,0,0,1,1,6,1,9,2143,2,3,7,1
"23911","201401PY20041",1,9,0,18,0,1,0,0,0,0,1,1,6,1,8,1248,2,11,10,1
"23912","201401PY20042",1,11,0,5,0,1,0,0,0,0,0,1,1,1,8,8268,2,11,9,1
"23913","201401PY20043",1,1,0,7,0,0,0,0,0,0,4,1,6,1,6,-1,-1,-1,4,1
"23914","201401PY20043",2,9,0,15,0,0,0,0,0,0,1,1,6,1,7,1830,1,19,9,1
"23915","201401PY20045",1,1,0,9,0,8,0,0,0,0,3,1,6,1,8,-1,-1,-1,5,1
"23916","201401PY20045",2,19,0,18,0,8,0,0,0,0,1,1,1,1,5,1995,2,7,5,1
"23917","201401PY20046",1,9,0,18,0,1,0,0,0,0,1,1,6,2,5,1061,1,8,4,1
"23918","201401PY20047",1,8,0,18,0,1,0,0,0,0,1,1,1,1,6,1968,2,1,-1,-1
"23919","201401PY20048",1,9,0,18,0,0,0,0,0,0,4,1,6,2,8,1990,1,15,3,1
"23920","201401PY20050",1,9,0,18,0,8,0,0,0,0,4,1,6,2,5,599,1,12,6,1
"23921","201401PY20050",2,9,0,18,0,8,0,0,0,0,1,1,6,1,6,1598,1,7,3,1
"23922","201401PY20052",1,19,0,18,0,8,0,0,0,0,1,1,1,1,9,2143,2,1,8,3
"23923","201401PY20053",1,9,0,18,0,1,0,0,0,0,1,1,6,3,-1,-1,-1,-1,-1,-1
"23924","201401PY20054",1,2,0,18,0,1,0,0,0,0,3,1,6,1,4,49,1,15,4,1
"23925","201401PY20054",2,9,0,11,0,1,0,0,0,0,4,1,6,3,-1,2143,2,5,-1,-1
"23926","201401PY20055",1,19,0,18,9,0,0,0,0,0,4,1,6,3,-1,2198,2,1,-1,-1
"23927","201401PY20056",1,9,0,3,0,0,0,0,0,0,2,1,6,2,6,1997,2,2,6,1
"23928","201401PY20056",2,9,0,18,0,0,0,0,0,0,1,1,6,2,6,1598,1,4,9,1
"23929","201401PY20057",1,11,0,18,0,1,0,0,0,0,0,1,6,1,8,4500,2,3,2,1
"23930","201401PY20058",1,9,0,7,0,8,0,0,0,0,3,1,6,2,8,1299,1,11,9,1
"23931","201401PY20058",2,9,0,18,0,8,0,0,0,0,1,1,6,2,7,1364,1,9,8,1
"23932","201401PY20060",1,19,0,5,0,8,0,0,0,0,3,1,1,2,7,2402,2,8,4,1
"23933","201401PY20060",2,9,0,18,0,8,0,0,0,0,1,1,6,2,4,1242,1,12,6,1
"23934","201401PY20061",1,9,0,18,0,8,0,0,0,0,1,1,6,1,8,1995,1,11,4,1
"23935","201401PY20061",2,9,0,9,0,8,0,0,0,0,3,1,6,2,6,1956,2,3,10,1
"239361","201401PY20062",1,9,0,18,0,1,0,0,0,0,2,1,1,2,8,1598,2,1,10,1
"23937","201401PY20062",2,9,0,18,0,1,0,0,0,0,1,1,6,3,-1,2967,2,6,-1,-1
"23938","201401PY20063",1,9,0,18,0,8,0,0,0,0,1,1,6,2,7,1242,1,13,4,1
"23939","201401PY20063",2,9,0,9,0,8,0,0,0,0,4,1,6,1,7,1753,2,8,7,1
"23940","201401PY20064",1,9,0,3,0,1,0,0,0,0,2,1,6,1,8,-1,-1,-1,-1,1
"23941","201401PY20064",2,21,0,4,0,1,0,0,0,0,1,1,1,1,-1,-1,-1,-1,-1,-1
"23942","201401PY20065",1,1,0,18,0,8,0,0,0,0,1,1,6,1,7,-1,-1,-1,9,1
"23943","201401PY20065",2,9,0,9,0,8,0,0,0,0,4,1,6,1,6,1390,1,11,3,1
"23944","201401PY20066",1,9,0,9,0,8,0,0,0,0,4,1,6,2,6,1598,1,7,2,1
"23945","201401PY20066",2,9,0,18,0,8,0,0,0,0,1,1,6,1,9,1686,2,18,2,1
"23946","201401PY20067",1,9,0,18,0,0,0,0,0,0,1,1,6,1,6,-1,-1,-1,-1,-1
"23948","201401PY20069",1,19,0,18,0,1,0,0,0,0,1,1,1,1,-1,-1,-1,-1,-1,-1
"23949","201401PY20070",1,1,0,14,0,1,0,8,0,0,1,1,6,2,6,-1,-1,-1,3,1
"23950","201401PY20070",2,9,0,2,0,1,0,0,0,0,3,1,6,1,-1,-1,-1,-1,5,1
"23951","201401PY20071",1,9,0,3,0,1,0,0,0,0,2,1,6,2,-1,-1,-1,-1,-1,-1
"239521","201401PY20071",2,9,0,5,0,1,0,0,0,0,1,1,6,2,8,1198,1,1,10,1
"239531","201401PY20072",1,9,0,18,0,2,0,0,0,0,2,1,6,1,7,1598,1,12,-1,-1
"23954","201401PY20072",2,90,0,18,0,2,0,0,0,0,1,1,1,1,7,-1,-1,-1,8,2
"23955","201401PY20074",1,1,0,18,0,8,0,0,0,0,1,1,6,1,6,-1,-1,-1,7,1
"23956","201401PY20074",2,9,0,7,0,8,0,0,0,0,3,1,6,2,6,1998,1,8,4,1
"23957","201401PY20075",1,9,0,3,0,1,0,0,0,0,2,1,6,1,8,1796,1,5,9,1
"23958","201401PY20075",2,9,0,4,0,1,0,0,0,0,1,1,6,1,8,2495,2,19,-1,-1
"23959","201401PY20076",1,9,0,18,0,1,0,10,1,4,1,1,6,2,6,1124,1,14,3,1
"23960","201401PY20078",1,9,0,3,0,1,0,0,0,0,2,1,1,1,8,-1,-1,-1,4,1
"23961","201401PY20078",2,9,0,4,0,1,0,0,0,0,1,1,6,3,-1,4244,1,5,-1,-1
"23962","201401PY20079",1,9,0,18,0,8,0,0,0,0,3,1,6,2,11,1275,1,18,10,1
"23963","201401PY20079",2,3,0,17,0,8,0,0,0,0,1,1,6,1,5,125,1,2,3,1
"23964","201401PY20081",1,9,0,18,0,8,0,0,0,0,4,1,6,1,11,1240,1,4,5,1
"23965","201401PY20081",2,8,0,18,0,8,0,0,0,0,1,1,1,1,6,-1,-1,-1,7,3
"23966","201401PY20082",1,9,0,18,0,8,0,0,0,0,1,1,6,2,9,1299,1,13,7,1
"23967","201401PY20082",2,9,0,18,0,8,0,0,0,0,3,1,6,2,8,1497,8,2,-1,-1
"23968","201401PY20083",1,9,0,9,0,8,0,0,0,0,4,1,6,1,7,-1,-1,-1,8,1
"23969","201401PY20083",2,1,0,18,0,8,0,0,0,0,1,1,6,1,-1,-1,-1,-1,-1,-1
"23970","201401PY20084",1,9,0,18,0,1,0,0,0,0,1,1,6,3,-1,1896,2,7,-1,-1
"23971","201401PY20085",1,9,0,16,0,8,0,0,0,0,1,1,6,1,5,1796,1,5,-1,-1
"23972","201401PY20085",2,9,0,7,0,8,0,0,0,0,3,1,6,1,5,1149,1,12,3,1
"23973","201401PY20086",1,1,0,14,0,0,0,8,0,0,1,1,6,1,8,-1,-1,-1,3,1
"23974","201401PY20086",2,9,0,2,0,0,0,0,0,0,3,1,6,2,9,1984,1,14,9,1
"23975","201401PY20087",1,9,0,18,0,1,0,0,0,0,4,1,6,1,6,1998,2,9,3,1
"23976","201401PY20087",2,9,0,5,0,1,0,0,0,0,3,1,6,2,7,2143,2,3,8,1
"23977","201401PY20088",1,5,0,18,0,8,0,0,0,0,1,1,6,1,7,779,1,2,2,1
"23978","201401PY20088",2,19,0,9,0,8,0,0,0,0,4,1,6,3,-1,-1,-1,-1,-1,-1
"23979","201401PY20089",1,9,0,18,0,1,0,0,0,0,1,1,1,1,7,1995,2,9,9,1
"23980","201401PY20090",1,9,0,18,0,1,5,10,1,2,1,1,6,2,6,1229,1,2,10,1
"23981","201401PY20091",1,9,0,4,0,1,0,0,0,0,1,1,6,2,7,1598,1,15,3,1
"23982","201401PY20091",2,9,0,3,0,1,0,0,0,0,2,1,6,2,8,998,1,13,3,1
"23983","201401PY20091",3,19,0,3,0,1,0,0,0,0,2,1,6,1,7,2198,2,2,4,1
"23984","201401PY20092",1,9,0,18,0,8,0,0,0,0,1,1,6,1,5,1242,1,6,7,1
"23985","201401PY20092",2,9,0,9,0,8,0,0,0,0,4,1,6,2,7,1596,1,13,9,1
"23986","201401PY20093",1,9,0,18,0,8,0,0,0,0,1,1,1,1,8,2902,2,6,-1,-1
"23987","201401PY20093",2,9,0,7,0,8,0,0,0,0,3,1,6,2,9,1988,1,15,7,1
"23988","201401PY20094",1,11,0,4,0,0,0,0,0,0,2,1,1,2,-1,4461,2,1,-1,-1
"23989","201401PY20094",2,19,0,4,0,0,0,0,0,0,1,1,6,1,6,2300,2,11,4,1
"23990","201401PY20095",1,9,0,18,0,8,0,0,0,0,1,1,6,1,5,2143,2,1,5,1
"23991","201401PY20097",1,9,0,3,0,1,0,0,0,0,2,1,6,2,7,3301,1,14,1,1
"23992","201401PY20097",2,9,0,4,0,1,0,0,0,0,1,1,6,2,6,1598,1,7,-1,1
"23993","201401PY20098",1,19,0,9,0,8,0,0,0,0,3,1,1,1,7,1995,2,6,9,1
"23994","201401PY20098",2,19,0,13,0,8,0,0,0,0,1,1,1,1,8,-1,-1,-1,4,1
"23995","201401PY20098",3,19,0,4,0,8,0,0,0,0,1,1,1,1,8,2151,2,11,-1,-1
"23996","201401PY20099",1,9,0,18,0,8,0,0,0,0,1,1,1,1,8,1598,1,7,9,1
"23997","201401PY20099",2,2,0,9,0,8,0,0,0,0,3,1,6,1,6,49,1,9,2,1
"23998","201401PY20101",1,9,0,18,0,2,0,10,1,2,1,1,6,1,10,1364,1,1,-1,-1
"24001","201401PY20103",1,9,0,18,0,1,0,0,0,0,1,1,6,2,7,1995,2,7,4,1
"24002","201401PY20107",1,1,0,18,0,8,0,0,0,0,1,1,6,1,5,-1,-1,-1,10,1
"24003","201401PY20107",2,9,0,7,0,8,0,0,0,0,3,1,6,1,-1,1242,1,15,-1,-1
"24004","201401PY20110",1,9,0,18,0,1,0,0,0,0,1,1,6,1,9,1360,1,13,7,1
"24005","201401PY20110",2,3,0,18,0,1,0,0,0,0,2,1,6,1,7,125,1,6,4,1
"24006","201401PY20111",1,9,0,18,0,0,0,0,0,0,1,1,6,2,11,1388,1,10,5,1
"24007","201401PY20111",2,9,0,18,0,0,0,0,0,0,2,1,6,2,-1,2967,2,6,-1,-1
"24008","201401PY20113",1,1,0,18,0,8,0,0,0,0,4,1,6,2,7,-1,-1,-1,9,1
"24009","201401PY20113",2,9,0,9,0,8,0,0,0,0,1,1,6,1,8,2826,2,16,7,3
"24010","201401PY20114",1,9,0,9,0,8,0,0,0,0,3,1,6,2,8,1598,1,13,4,1
"24013","201401PY20117",1,9,0,18,0,1,0,0,0,0,1,1,6,3,-1,1560,2,4,-1,-1
"24014","201401PY20119",1,11,0,4,0,1,0,0,0,0,0,1,1,1,-1,-1,-1,-1,-1,-1
"24015","201401PY20120",1,4,0,18,0,1,0,0,0,0,1,1,6,3,-1,-1,-1,-1,-1,-1
"24016","201401PY20121",1,9,0,18,0,8,0,0,0,0,4,1,6,1,5,1299,1,11,2,1
"24017","201401PY20121",2,9,0,18,0,8,0,0,0,0,1,1,6,2,8,1364,1,7,7,1
"24018","201401PY20123",1,9,0,18,0,8,0,0,0,0,1,1,6,2,9,1598,1,3,9,1
"24019","201401PY20125",1,9,0,4,0,8,0,0,0,0,1,1,6,1,8,1198,1,1,7,1
"24020","201401PY20125",2,9,0,4,0,8,0,0,0,0,2,1,6,2,8,1598,1,9,7,1
"24021","201401PY20126",1,9,0,4,0,0,0,0,0,0,2,1,6,1,9,1995,2,4,4,1
"24022","201401PY20126",2,9,0,18,0,0,0,0,0,0,1,1,6,1,7,2967,2,3,10,1
"24023","201401PY20129",1,19,0,9,0,8,0,0,0,0,1,1,6,1,6,2198,2,1,6,1
"24024","201401PY20129",2,1,0,18,0,8,0,0,0,0,2,1,6,2,7,-1,-1,-1,9,1
"24025","201401PY20130",1,9,0,7,0,8,0,0,0,0,3,1,6,2,6,999,1,3,-1,-1
"24026","201401PY20130",2,9,0,18,0,8,0,0,0,0,1,1,6,1,8,-1,-1,-1,8,1
"24027","201401PY20131",1,5,0,10,0,8,0,0,0,0,3,1,6,2,6,-1,-1,-1,7,3
"24028","201401PY20131",2,9,0,18,0,8,0,0,0,0,3,1,6,2,9,-1,-1,-1,9,1
"24029","201401PY20132",1,9,0,18,0,0,1,0,0,0,4,1,6,2,9,-1,-1,-1,10,1
"24030","201401PY20132",2,5,0,5,0,0,0,0,0,0,1,1,6,1,-1,-1,-1,-1,9,1
"24031","201401PY20132",3,9,0,18,0,0,0,0,0,0,3,1,6,1,9,1798,1,1,7,3
"24032","201401PY20133",1,3,0,18,0,0,0,0,0,0,1,1,6,1,4,125,1,13,6,1
"24033","201401PY20133",2,9,0,6,0,0,0,0,0,0,4,1,6,2,6,1400,1,9,4,1
"24034","201401PY20134",1,9,0,18,0,8,0,0,0,0,1,1,6,2,11,1199,1,11,8,1
"24035","201401PY20134",2,9,0,9,0,8,0,0,0,0,1,1,6,1,6,3498,1,7,2,1
"24036","201401PY20135",1,9,0,18,0,1,0,10,1,2,1,1,6,1,4,1229,1,6,-1,-1
"24037","201401PY20135",2,19,0,18,0,2,0,0,0,0,0,1,6,3,-1,-1,-1,-1,-1,-1
"24038","201401PY20136",1,19,0,18,0,0,0,0,0,0,1,1,6,1,7,1248,2,7,10,3
"24039","201401PY20136",2,9,0,4,0,0,0,0,0,0,2,1,6,1,7,1596,1,15,-1,-1
"24040","201401PY20136",3,9,0,4,0,0,0,0,0,0,3,1,6,1,5,1781,1,25,9,1
"24041","201401PY20137",1,9,0,18,0,0,0,0,0,0,1,1,6,1,7,1149,1,4,-1,1
"24042","201401PY20138",1,9,0,18,0,8,0,0,0,0,1,1,6,1,8,1796,1,14,10,1
"24043","201401PY20139",1,9,0,18,0,0,0,10,1,2,1,1,6,1,-1,1388,1,2,10,1
"24044","201401PY20140",1,3,0,15,0,8,0,0,0,0,4,1,6,1,8,647,1,14,9,1
"24045","201401PY20140",2,19,0,6,0,8,0,0,0,0,3,1,6,1,5,-1,-1,-1,9,1
"24046","201401PY20141",1,9,0,18,0,8,0,0,0,0,4,1,6,2,10,1598,1,14,4,1
"24047","201401PY20141",2,4,0,18,0,8,1,9,0,0,3,1,6,1,-1,600,1,2,8,2
"240481","201401PY20142",1,9,0,18,0,0,0,0,0,0,1,1,6,1,8,-1,-1,-1,8,1
"240491","201401PY20142",2,9,0,18,0,0,0,0,0,0,1,1,6,1,6,1998,1,14,3,1
"24050","201401PY20143",1,9,0,5,0,8,0,0,0,0,1,1,6,1,6,-1,-1,-1,10,1
"24051","201401PY20143",2,9,0,4,0,8,0,0,0,0,2,1,6,2,9,998,1,3,9,1
"24052","201401PY20144",1,9,0,1,0,8,0,0,0,0,2,1,6,1,-1,-1,-1,-1,-1,-1
"24053","201401PY20146",1,9,0,9,0,8,0,0,0,0,3,1,6,1,-1,1400,1,14,-1,-1
"24054","201401PY20146",2,1,0,18,0,8,0,0,0,0,1,1,6,1,6,-1,-1,-1,2,1
"24055","201401PY20147",1,1,0,18,0,8,0,0,0,0,3,1,6,2,7,-1,-1,-1,8,1
"24056","201401PY20147",2,19,0,18,0,8,0,0,0,0,4,1,6,1,-1,-1,-1,-1,7,3
"24057","201401PY20148",1,9,0,18,0,2,0,0,0,0,1,1,6,1,5,1398,2,7,10,1
"24058","201401PY20149",1,9,0,9,0,8,0,0,0,0,3,1,6,1,-1,-1,-1,-1,-1,-1
"24059","201401PY20149",2,19,0,18,0,8,0,0,0,0,1,1,6,1,6,2402,2,6,-1,-1
"24060","201401PY20150",1,9,0,18,0,8,0,0,0,0,1,1,6,2,9,1968,2,3,10,1
"24061","201401PY20151",1,9,0,18,0,8,0,7,0,0,1,1,6,1,4,-1,-1,-1,-1,-1
"24062","201401PY20152",1,9,0,9,0,8,0,0,0,0,1,1,6,1,5,1560,2,9,2,1
"24063","201401PY20152",2,9,0,18,0,8,0,0,0,0,1,1,6,2,4,1796,2,1,-1,-1
"24064","201401PY20152",3,9,0,18,0,8,0,0,0,0,3,1,6,1,9,1242,1,4,7,3
"24065","201401PY20153",1,11,0,4,0,1,0,0,0,0,0,1,1,3,-1,-1,-1,-1,-1,-1