"","Acc_Index","Vehicle_Reference","Vehicle_Type","Towing_and_Articulation","Vehicle_Manoeuvre","Vehicle_Location.Restricted_Lane","Junction_Location","Skidding_and_Overturning","Hit_Object_in_Carriageway","Vehicle_Leaving_Carriageway","Hit_Object_off_Carriageway","X1st_Point_of_Impact","Was_Vehicle_Left_Hand_Drive","Journey_Purpose_of_Driver","Sex_of_Driver","Age_Band_of_Driver","Engine_Capacity_.CC.","Propulsion_Code","Age_of_Vehicle","Driver_IMD_Decile","Driver_Home_Area_Type"
"24066","201401PY20154",1,1,0,18,0,8,0,0,0,0,1,1,6,1,7,-1,-1,-1,8,1
"24067","201401PY20154",2,20,0,9,0,8,0,0,0,0,4,1,6,1,10,-1,-1,-1,-1,-1
"24068","201401PY20155",1,9,0,1,0,0,0,0,0,0,2,1,6,2,11,1390,1,13,10,1
"24069","201401PY20156",1,9,0,4,0,0,0,0,0,0,2,1,6,2,8,1240,1,9,10,1
"24070","201401PY20156",2,9,0,5,0,0,0,0,0,0,1,1,6,2,7,1390,1,9,9,1
"24071","201401PY20157",1,8,0,4,0,1,0,0,0,0,2,1,1,1,5,1910,2,7,-1,-1
"24072","201401PY20157",2,9,0,4,0,1,0,0,0,0,1,1,6,3,-1,-1,-1,-1,-1,-1
"24073","201401PY20158",1,9,0,18,0,8,0,0,0,0,1,1,6,1,10,1781,1,14,9,1
"24074","201401PY20158",2,9,0,9,0,8,0,0,0,0,4,1,6,1,8,1199,1,15,-1,1
"24075","201401PY20159",1,9,0,9,0,8,0,0,0,0,4,1,6,1,4,-1,-1,-1,9,1
"24076","201401PY20159",2,1,0,18,0,8,0,0,0,0,1,1,6,1,7,-1,-1,-1,3,1
"24077","201401PY20160",1,9,0,2,8,8,0,0,0,0,2,1,1,2,4,1299,1,8,10,1
"24078","201401PY20160",2,9,0,7,0,8,0,4,0,0,1,1,6,2,6,1242,1,2,8,1
"24079","201401PY20160",3,9,0,18,0,8,0,0,0,0,1,1,6,2,6,1386,1,6,10,1
"24080","201401PY20161",1,9,0,18,0,2,0,0,0,0,1,1,6,3,-1,-1,-1,-1,-1,-1
"24081","201401PY20163",1,11,0,2,0,1,0,0,0,0,0,1,1,1,8,-1,-1,-1,7,1
"24082","201401PY20164",1,9,0,6,0,1,0,10,0,0,1,1,6,2,10,1299,1,11,8,1
"24083","201401PY20165",1,9,0,18,0,8,0,0,0,0,1,1,6,1,7,-1,-1,-1,6,1
"24084","201401PY20165",2,9,0,7,0,8,0,0,0,0,3,1,6,3,-1,1248,2,7,-1,-1
"24085","201401PY20166",1,19,0,9,0,8,0,0,0,0,3,1,1,1,9,2261,1,6,3,1
"24086","201401PY20166",2,9,0,18,0,8,0,0,0,0,1,1,6,2,6,1596,1,4,2,1
"24087","201401PY20167",1,2,0,18,0,8,0,0,0,0,1,1,6,1,4,49,1,14,5,1
"24088","201401PY20167",2,19,0,9,0,8,0,0,0,0,4,1,1,1,8,2402,2,8,7,1
"24089","201401PY20169",1,9,0,18,0,1,0,10,1,2,1,1,6,1,7,1984,1,8,10,1
"24090","201401PY20170",1,3,0,13,0,1,0,0,0,0,4,1,6,1,5,124,1,5,3,1
"24091","201401PY20170",2,11,0,18,0,1,0,0,0,0,3,1,6,3,-1,-1,-1,-1,-1,-1
"24092","201401PY20171",1,9,0,18,0,1,0,0,0,0,1,1,6,1,11,1598,1,5,8,1
"24093","201401PY20171",2,9,0,18,0,1,0,0,0,0,2,1,6,2,6,1598,1,10,9,1
"24094","201401PY20172",1,9,0,9,0,8,0,0,0,0,4,1,6,1,4,1595,1,4,10,1
"24095","201401PY20172",2,9,0,18,0,8,0,0,0,0,1,1,6,1,8,1985,1,15,9,1
"24096","201401PY20173",1,9,0,5,0,1,0,0,0,0,1,1,6,1,10,-1,-1,-1,10,1
"24097","201401PY20173",2,1,0,3,0,1,0,0,0,0,2,1,6,1,8,-1,-1,-1,9,1
"24098","201401PY20174",1,9,0,4,0,1,0,0,0,0,2,1,6,2,8,1796,1,8,10,1
"24099","201401PY20174",2,9,0,4,0,1,0,0,0,0,1,1,6,2,4,1242,1,5,8,1
"24100","201401PY20175",1,9,0,18,0,2,0,0,0,0,1,1,1,1,-1,-1,-1,-1,-1,-1
"24101","201401PY20176",1,9,0,18,0,1,0,0,0,0,1,1,6,1,11,1199,1,11,1,1
"24102","201401PY20176",2,9,0,18,0,2,0,0,0,0,1,1,6,3,-1,-1,-1,-1,-1,-1
"24103","201401PY20177",1,9,0,18,0,1,0,0,0,0,1,1,6,2,6,1497,1,11,5,1
"24104","201401PY20178",1,9,0,18,0,8,0,0,0,0,1,1,6,1,4,1199,1,13,2,1
"24105","201401PY20178",2,9,0,9,0,8,0,0,0,0,4,1,6,1,-1,1996,1,19,-1,-1
"24106","201401PY20179",1,9,0,18,0,8,0,0,0,0,1,1,2,1,6,-1,-1,-1,9,1
"24107","201401PY20179",2,9,0,9,0,8,0,0,0,0,4,1,6,1,8,1598,1,6,-1,-1
"24108","201401PY20180",1,9,0,4,0,8,0,0,0,0,2,1,6,1,9,1798,1,13,10,1
"24109","201401PY20180",2,9,0,4,0,8,0,0,0,0,1,1,6,2,7,1896,2,11,8,1
"24110","201401PY20181",1,9,0,1,0,8,0,0,0,0,2,1,6,1,-1,-1,-1,-1,-1,-1
"24111","201401PY20182",1,1,0,18,0,8,0,0,0,0,1,1,6,1,7,-1,-1,-1,5,1
"24112","201401PY20182",2,9,0,7,0,8,0,0,0,0,1,1,6,1,-1,2987,2,3,4,1
"24113","201401PY20183",1,19,0,4,0,0,0,0,0,0,2,1,6,1,5,2287,2,1,3,1
"24114","201401PY20183",2,9,0,18,0,0,5,0,0,0,1,1,6,1,5,1398,1,1,3,1
"24115","201401PY20184",1,9,0,18,0,8,0,0,0,0,1,1,6,2,10,-1,3,9,5,1
"24116","201401PY20184",2,9,0,6,0,8,0,0,0,0,3,1,6,2,8,998,1,5,9,1
"24117","201401PY20185",1,9,0,5,0,8,0,0,0,0,1,1,6,2,9,-1,-1,-1,4,1
"24118","201401PY20185",2,9,0,4,0,8,0,0,0,0,2,1,6,2,-1,1124,1,9,9,1
"24119","201401PY20187",1,9,0,18,0,0,0,0,0,0,1,1,6,1,4,1390,1,6,8,3
"24120","201401PY20189",1,9,0,18,0,0,0,10,1,4,4,1,6,2,8,1149,1,9,10,1
"24121","201401PY20190",1,5,0,18,0,8,0,0,0,0,1,1,6,1,6,599,1,20,2,1
"24122","201401PY20190",2,9,0,7,0,8,0,0,0,0,3,1,6,1,5,1686,2,6,8,1
"24123","201401PY20191",1,9,0,18,0,8,0,0,0,0,1,1,6,1,7,-1,-1,-1,2,1
"24124","201401PY20191",2,9,0,9,0,8,0,0,0,0,3,1,6,1,-1,1896,2,10,-1,-1
"24125","201401PY20192",1,9,0,9,0,8,0,0,0,0,4,1,6,1,8,1796,1,6,7,1
"24126","201401PY20192",2,9,0,18,0,8,0,0,0,0,1,1,1,1,8,1968,2,1,8,1
"24127","201401PY20193",1,11,0,4,0,0,0,0,0,0,4,1,6,1,8,6700,2,8,-1,1
"24128","201401PY20194",1,9,0,18,0,8,0,0,0,0,1,1,6,1,-1,-1,-1,-1,-1,-1
"24129","201401PY20195",1,9,0,9,0,8,0,0,0,0,3,1,6,2,6,1991,2,5,3,1
"24130","201401PY20195",2,9,0,18,0,8,0,0,0,0,1,1,6,2,-1,1598,1,4,-1,-1
"24131","201401PY20196",1,9,0,1,0,0,0,0,0,0,2,1,6,1,6,1199,1,12,8,1
"24132","201401PY20196",2,5,0,3,0,0,0,0,0,0,1,1,6,1,5,675,1,-1,8,1
"24133","201401PY20197",1,9,0,18,0,8,0,0,0,0,4,1,6,1,-1,-1,-1,-1,-1,-1
"24134","201401PY20198",1,9,0,18,0,8,0,0,0,0,2,1,6,1,7,1400,1,16,3,1
"24135","201401PY20198",2,19,0,18,0,8,0,0,0,0,1,1,6,1,-1,-1,-1,-1,8,1
"24136","201401PY20199",1,9,0,7,0,8,0,0,0,0,3,1,6,1,10,-1,-1,-1,10,1
"24137","201401PY20199",2,1,0,18,0,8,0,0,0,0,1,1,6,1,6,-1,-1,-1,10,1
"24138","201401PY20200",1,1,0,18,0,8,0,0,0,0,3,1,6,1,7,-1,-1,-1,7,1
"24139","201401PY20203",1,9,0,18,0,0,0,0,0,0,3,1,6,1,7,2199,2,1,2,1
"24140","201401PY20203",2,9,0,2,0,0,0,0,0,0,4,1,6,2,4,1242,1,4,8,1
"24141","201401PY20203",3,9,0,2,0,0,0,0,0,0,4,1,6,1,10,2179,2,4,8,1
"24142","201401PY20203",4,9,0,2,0,0,0,0,0,0,4,1,6,1,-1,1296,1,6,8,1
"24143","201401PY20204",1,9,0,2,0,8,0,0,0,0,4,1,6,1,9,1398,1,2,-1,-1
"24144","201401PY20204",2,1,0,18,0,8,0,0,0,0,1,1,6,2,6,-1,-1,-1,-1,-1
"24145","201401PY20205",1,9,0,18,0,8,0,0,0,0,1,1,6,1,4,1299,1,12,9,1
"24146","201401PY20206",1,9,0,18,0,8,0,0,0,0,3,1,6,1,8,1896,2,12,3,1
"24147","201401PY20206",2,9,0,9,0,8,0,0,0,0,1,1,6,1,5,1700,2,12,7,3
"24148","201401PY20207",1,5,0,4,0,8,0,0,0,0,2,1,6,1,7,1137,1,9,6,1
"24149","201401PY20207",2,9,0,18,0,8,0,0,0,0,1,1,6,2,-1,1598,1,13,6,1
"24150","201401PY20209",1,9,0,18,0,0,0,0,0,0,1,1,6,2,6,1124,1,9,2,1
"24151","201401PY20210",1,9,0,9,0,8,0,0,0,0,1,1,6,1,8,-1,-1,-1,8,3
"24152","201401PY20210",2,1,0,18,0,8,0,0,0,0,1,1,6,1,6,-1,-1,-1,9,1
"24153","201401PY20211",1,9,0,18,0,8,0,0,0,0,1,1,6,1,5,1910,2,6,2,1
"24154","201401PY20211",2,9,0,9,0,8,0,0,0,0,4,1,6,1,-1,1596,1,11,-1,-1
"24155","201401PY20212",1,9,0,18,0,0,0,0,0,0,1,1,6,2,7,1461,2,6,10,1
"24156","201401PY20213",1,9,0,18,0,0,0,0,0,0,1,1,6,2,11,1339,1,11,10,1
"24157","201401PY20213",2,11,0,18,0,0,0,0,0,0,1,1,1,1,9,3900,2,10,2,1
"24158","201401PY20214",1,5,0,18,0,8,0,0,0,0,1,1,6,1,8,883,1,8,7,1
"24159","201401PY20214",2,9,0,9,0,8,0,0,0,0,2,1,6,1,-1,-1,-1,-1,-1,-1
"24160","201401PY20215",1,1,0,18,0,8,0,0,0,0,3,1,6,1,11,-1,-1,-1,9,1
"24161","201401PY20215",2,9,0,18,0,8,0,0,0,0,4,1,6,1,-1,-1,-1,-1,-1,-1
"24162","201401PY20216",1,9,0,1,0,8,0,0,0,0,2,1,6,2,6,1796,1,9,8,1
"24163","201401PY20217",1,9,0,18,0,8,0,0,0,0,1,1,6,1,11,1360,1,10,9,1
"24164","201401PY20217",2,9,0,4,0,8,0,0,0,0,2,1,6,1,8,-1,-1,-1,5,1
"24165","201401PY20218",1,9,0,18,0,8,0,0,0,0,1,1,6,2,5,-1,-1,-1,8,1
"24166","201401PY20218",2,9,0,7,0,8,0,0,0,0,2,1,6,1,-1,-1,-1,-1,-1,-1
"24167","201401PY20219",1,3,0,16,0,8,0,0,0,0,3,1,6,1,5,125,1,2,3,1
"24168","201401PY20219",2,9,0,17,0,8,0,0,0,0,4,1,6,1,-1,2143,2,5,-1,-1
"24169","201401PY20220",1,9,0,18,0,8,0,0,0,0,1,1,6,1,6,1995,2,2,8,1
"24170","201401PY20221",1,9,0,4,0,0,0,0,0,0,1,1,6,1,-1,-1,-1,-1,-1,-1
"24171","201401PY20221",2,9,0,4,0,0,0,0,0,0,2,1,6,1,9,-1,-1,-1,8,1
"24172","201401PY20222",1,9,0,1,0,8,0,0,0,0,2,1,6,1,8,1595,1,11,2,1
"24173","201401PY20223",1,9,0,5,0,8,0,0,0,0,3,1,6,1,5,1596,1,12,4,1
"24174","201401PY20223",2,9,0,18,0,8,0,0,0,0,1,1,6,1,6,1229,1,1,2,1
"24175","201401PY20224",1,9,0,7,0,8,0,0,0,0,3,1,6,1,7,-1,-1,-1,10,1
"24176","201401PY20224",2,1,0,18,0,8,0,0,0,0,1,1,6,1,6,-1,-1,-1,9,1
"24177","201401PY20225",1,9,0,9,0,8,0,0,0,0,1,1,6,1,6,-1,-1,-1,8,1
"24178","201401PY20225",2,9,0,18,0,8,0,0,0,0,1,1,6,2,-1,-1,-1,-1,7,1
"24179","201401PY20226",1,9,0,18,0,8,0,0,0,0,1,1,6,1,-1,-1,-1,-1,-1,-1
"24180","201401PY20227",1,9,0,5,0,8,0,0,0,0,3,1,6,1,4,1360,1,11,7,1
"24181","201401PY20227",2,9,0,18,0,8,0,0,0,0,1,1,6,1,7,2993,2,2,6,1
"24182","201401PY20230",1,9,0,7,0,8,0,10,1,10,1,1,6,1,-1,1686,2,7,-1,-1
"24183","201401PY20231",1,9,0,18,0,8,0,10,1,10,1,1,6,1,5,2793,1,15,5,1
"24184","201401PY20231",2,9,0,18,0,8,0,0,0,0,1,1,6,1,7,1796,1,7,6,1
"24185","201401PY20233",1,9,0,4,0,8,0,0,0,0,2,1,6,1,8,1998,1,11,4,1
"24186","201401PY20233",2,9,0,18,0,8,0,0,0,0,1,1,6,1,-1,-1,-1,-1,-1,-1
"24187","201401PY20234",1,2,0,18,0,8,0,0,0,0,4,1,6,1,5,123,1,7,8,1
"24188","201401PY20236",1,9,0,5,0,8,0,0,0,0,2,1,6,2,6,1598,1,15,5,1
"24189","201401PY20236",2,9,0,18,0,8,0,0,0,0,1,1,6,1,-1,-1,-1,-1,-1,-1
"24190","201401PY20237",1,9,0,15,0,0,0,0,0,0,4,1,6,2,8,1398,1,3,4,1
"24191","201401PY20237",2,1,0,18,0,0,0,0,0,0,3,1,6,1,4,-1,-1,-1,10,1
"24192","201401PY20238",1,9,0,18,0,8,0,0,0,0,1,1,6,1,8,-1,-1,-1,9,1
"24193","201401PY20238",2,9,0,7,0,8,0,0,0,0,3,1,6,1,5,1998,1,11,2,1
"24194","201401PY20239",1,11,0,18,0,8,0,0,0,0,3,1,6,1,-1,-1,-1,-1,-1,-1
"24195","201401PY20240",1,9,0,18,0,8,0,0,0,0,2,1,6,1,4,1390,1,11,2,1
"24196","201401PY20240",2,9,0,18,0,8,0,9,0,0,1,1,6,1,8,2494,1,15,3,1
"24197","201401PY20241",1,9,0,4,0,0,0,0,0,0,2,1,6,2,4,1598,1,6,10,1
"24198","201401PY20241",2,5,0,18,0,0,0,0,0,0,1,1,6,1,6,599,1,6,9,1
"24199","201401PY20242",1,11,0,18,0,0,0,0,0,0,4,1,1,1,7,9000,2,8,1,1
"24200","201401PY20242",2,9,0,2,0,0,0,0,0,0,3,1,6,1,-1,-1,-1,-1,-1,-1
"24201","201401PY20243",1,9,0,18,0,0,0,0,0,0,3,1,6,1,5,1598,1,4,3,1
"24202","201401PY20243",2,9,0,2,0,0,0,0,0,0,3,1,6,1,6,1396,1,11,3,1
"24203","201401PY20244",1,9,0,4,0,8,0,0,0,0,2,1,6,1,8,-1,-1,-1,7,1
"24204","201401PY20244",2,9,0,4,0,8,0,0,0,0,1,1,6,1,9,1895,1,15,-1,-1
"24205","201401PY20245",1,9,0,18,0,8,0,0,0,0,1,1,6,1,5,1596,1,5,-1,-1
"24206","201401PY20245",2,9,0,2,0,8,0,0,0,0,2,1,6,2,6,1390,1,3,7,1
"24207","201401PY20246",1,1,0,18,0,8,0,0,0,0,1,1,6,2,7,-1,-1,-1,9,1
"24208","201401PY20246",2,9,0,7,0,8,0,0,0,0,1,1,6,1,-1,1598,1,7,9,1
"24209","201401PY20247",1,9,0,18,0,8,0,0,0,0,1,1,6,1,-1,-1,-1,-1,-1,-1
"24210","201401PY20248",1,9,0,9,0,8,0,0,0,0,3,1,6,1,6,-1,-1,-1,-1,-1
"24211","201401PY20248",2,9,0,18,0,8,0,0,0,0,1,1,6,1,5,1799,1,19,6,1
"24212","201401PY20249",1,9,0,18,0,8,0,0,0,0,1,1,6,2,5,3246,1,10,8,1
"24213","201401PY20249",2,9,0,18,0,8,0,0,0,0,1,1,6,1,8,1598,2,1,3,1
"24214","201401PY20249",3,9,0,18,0,8,0,0,0,0,3,1,6,2,6,998,1,8,4,1
"24215","201401PY20250",1,9,0,11,0,8,0,0,0,0,4,1,6,1,9,1995,2,2,9,1
"24216","201401PY20250",2,9,0,18,0,8,0,0,0,0,1,1,6,1,-1,2148,2,7,2,1
"24217","201401PY20251",1,1,0,18,0,8,0,0,0,0,1,1,6,1,7,-1,-1,-1,2,1
"24218","201401PY20251",2,9,0,9,0,8,0,0,0,0,4,1,6,1,5,1598,1,12,-1,1
"24219","201401PY20252",1,9,0,9,0,8,0,9,0,0,1,1,6,1,11,1995,2,4,4,3
"24220","201401PY20253",1,9,0,18,0,8,0,0,0,0,4,1,6,2,7,1998,1,12,2,1
"24221","201401PY20254",1,9,0,4,0,8,0,0,0,0,1,1,6,1,8,-1,-1,-1,4,1
"24222","201401PY20254",2,9,0,4,0,8,0,0,0,0,2,1,6,1,6,1797,8,3,7,1
"24223","201401PY20255",1,11,0,4,0,8,0,0,0,0,4,1,1,2,10,-1,2,11,5,1
"24224","201401PY20256",1,9,0,18,0,8,0,10,1,2,1,1,6,1,5,1995,1,12,5,1
"24225","201401PY20257",1,9,0,18,0,8,0,0,0,0,3,1,6,1,7,1968,2,1,9,1
"24226","201401PY20258",1,9,0,18,0,8,0,0,0,0,1,1,6,2,7,1341,1,10,7,1
"24227","201401PY20258",2,9,0,9,0,8,0,0,0,0,1,1,6,1,-1,-1,-1,-1,-1,-1
"24228","201401PY20259",1,9,0,18,0,8,0,0,0,0,1,1,6,2,6,1997,1,7,4,1
"24229","201401PY20259",2,9,0,9,0,8,0,0,0,0,4,1,6,2,7,1769,1,10,4,1
"24230","201401PY20259",3,9,0,18,0,8,0,0,0,0,1,1,6,2,7,1896,2,5,6,1
"24231","201401PY20260",1,11,0,18,0,8,0,0,0,0,0,1,1,1,8,6370,2,2,2,1
"24234","201401PY20262",1,9,0,9,0,8,0,0,0,0,1,1,6,2,8,2496,1,8,9,1
"24235","201401PY20262",2,3,0,18,0,8,0,0,0,0,1,1,6,1,4,-1,-1,-1,9,1
"24236","201401PY20263",1,21,0,7,0,8,0,0,0,0,4,1,6,1,8,10837,2,1,-1,-1
"24237","201401PY20263",2,5,0,7,0,8,0,0,0,0,3,1,6,2,5,-1,-1,-1,-1,1
"24238","201401PY20264",1,21,0,18,0,0,0,0,0,0,3,1,6,1,9,12913,2,6,2,3
"24239","201401PY20265",1,3,0,7,0,8,0,0,0,0,3,1,6,1,5,1552,1,11,3,1
"24240","201401PY20265",2,9,0,18,0,8,0,0,0,0,1,1,6,2,4,-1,-1,-1,4,1
"24241","201401PY20266",1,9,0,18,0,0,0,10,1,10,1,1,6,2,8,-1,-1,-1,9,1
"24242","201401PY20266",2,9,0,2,0,0,0,0,0,0,3,1,6,1,5,1598,2,4,-1,-1
"24243","201401PY20267",1,9,0,18,0,8,0,0,0,0,3,1,6,1,8,1797,8,4,4,1
"24244","201401PY20267",2,9,0,18,0,8,0,0,0,0,3,1,6,1,4,-1,-1,-1,2,1
"24245","201401PY20267",3,9,0,15,0,8,0,0,0,0,4,1,6,1,6,1799,1,6,2,1
"24246","201401PY20268",1,2,0,18,0,8,0,0,0,0,1,1,6,1,4,-1,-1,-1,3,1
"24247","201401PY20268",2,9,0,9,0,8,0,0,0,0,1,1,6,1,9,1596,1,6,-1,-1
"24248","201401PY20270",1,9,0,18,0,8,0,0,0,0,1,1,6,2,7,1598,1,13,3,1
"24249","201401PY20271",1,9,0,5,0,8,0,0,0,0,3,1,6,2,5,1229,1,2,8,1
"24250","201401PY20271",2,9,0,18,0,8,0,0,0,0,4,1,6,1,8,1598,1,1,9,1
"24251","201401PY20272",1,9,0,18,0,8,0,0,0,0,1,1,6,1,7,1248,2,7,6,1
"24252","201401PY20272",2,3,0,4,0,8,0,0,0,0,2,1,6,1,4,125,1,7,5,1
"24253","201401PY20273",1,9,0,18,0,8,0,0,0,0,1,1,6,2,6,998,1,2,3,1
"24254","201401PY20273",2,9,0,9,0,8,0,0,0,0,1,1,6,1,-1,1598,1,10,-1,-1
"24255","201401PY20274",1,11,0,18,0,8,0,0,0,0,4,1,6,1,-1,-1,-1,-1,-1,-1
"24256","201401PY20275",1,3,0,15,0,0,0,0,0,0,4,1,6,2,8,124,1,5,10,1
"24257","201401PY20275",2,9,0,18,0,0,0,0,0,0,3,1,6,1,7,-1,-1,-1,-1,-1
"24258","201401PY20276",1,9,0,6,0,8,0,0,0,0,3,1,6,1,5,1797,8,5,3,1
"24259","201401PY20276",2,3,0,18,0,8,0,0,0,0,1,1,6,1,9,1050,1,2,9,1
"24260","201401PY20277",1,9,0,18,0,0,0,0,0,0,2,1,6,2,6,1598,1,11,1,1
"24261","201401PY20277",2,9,0,18,0,0,0,0,0,0,1,1,6,1,5,-1,-1,-1,10,1
"24262","201401PY20278",1,9,0,18,0,8,0,0,0,0,1,1,6,1,-1,1396,1,9,-1,-1
"24263","201401PY20279",1,9,0,9,0,8,0,0,0,0,1,1,6,2,11,1339,1,5,7,1
"24264","201401PY20279",2,9,0,18,0,8,0,0,0,0,3,1,6,1,6,1595,1,10,3,1
"24265","201401PY20280",1,9,0,5,0,8,0,0,0,0,1,1,6,1,9,2231,2,1,3,1
"24266","201401PY20280",2,9,0,12,0,8,0,0,0,0,3,1,6,1,7,-1,-1,-1,9,1
"24267","201401PY20281",1,9,0,18,0,8,0,0,0,0,4,1,6,2,9,1399,2,8,1,1
"24268","201401PY20282",1,9,0,7,0,8,0,0,0,0,4,1,6,1,-1,-1,-1,-1,-1,-1
"24269","201401PY20284",1,9,0,7,0,8,0,0,0,0,1,1,6,2,11,1248,1,2,9,1
"24270","201401PY20284",2,3,0,18,0,8,0,0,0,0,1,1,6,2,10,-1,-1,-1,7,1
"24271","201401PY20285",1,9,0,9,0,8,0,0,0,0,3,1,6,2,5,1388,1,17,4,1
"24272","201401PY20285",2,9,0,18,0,8,0,0,0,0,1,1,6,1,-1,-1,-1,-1,2,1
"24273","201401PY20286",1,9,0,18,0,8,0,0,0,0,1,1,6,1,7,1598,1,1,3,1
"24274","201401PY20287",1,1,0,18,0,8,0,0,0,0,4,1,6,1,7,-1,-1,-1,6,1
"24275","201401PY20287",2,9,0,14,0,8,0,0,0,0,3,1,6,1,-1,1560,2,7,-1,-1
"24276","201401PY20288",1,4,0,18,0,0,0,0,0,0,3,1,6,1,7,998,1,5,10,1
"24277","201401PY20289",1,9,0,2,0,0,0,0,0,0,4,1,6,2,-1,1769,1,9,3,1
"24278","201401PY20289",2,9,0,1,0,0,0,4,0,0,2,1,6,1,7,-1,-1,-1,3,1
"24279","201401PY20289",3,9,0,2,0,0,0,0,0,0,4,1,6,1,-1,-1,-1,-1,-1,-1
"24280","201401PY20291",1,9,0,9,0,8,0,0,0,0,3,1,6,1,4,999,1,14,4,1
"24281","201401PY20291",2,9,0,18,0,8,0,0,0,0,1,1,6,2,-1,1398,1,10,-1,-1
"24282","201401PY20292",1,9,0,18,0,8,0,0,0,0,1,1,6,2,6,1360,1,5,5,1
"24283","201401PY20292",2,9,0,4,0,8,0,0,0,0,2,1,6,2,-1,-1,-1,-1,-1,-1
"24284","201401PY20292",3,9,0,4,0,8,0,0,0,0,2,1,6,2,8,2204,2,7,-1,-1
"24285","201401PY20292",4,9,0,4,0,8,0,0,0,0,2,1,6,1,-1,1999,1,7,-1,-1
"24286","201401PY20293",1,9,0,18,0,8,0,10,1,1,1,1,6,1,-1,1493,2,11,3,1
"24287","201401PY20294",1,9,0,18,0,0,0,0,0,0,1,1,6,2,6,1240,1,11,4,1
"24288","201401PY20294",2,9,0,5,0,0,0,0,0,0,3,1,6,1,-1,-1,-1,-1,6,1
"24289","201401PY20295",1,9,0,18,0,8,0,0,0,0,3,1,6,2,-1,1242,1,-1,9,1
"24290","201401PY20295",2,19,0,15,0,8,0,0,0,0,4,1,6,1,-1,-1,-1,-1,-1,-1
"24291","201401PY20296",1,9,0,2,0,8,0,0,0,0,1,1,6,1,-1,1364,1,10,-1,-1
"24292","201401PY20296",2,9,0,1,0,8,0,0,0,0,2,1,6,1,-1,-1,-1,-1,-1,-1
"24293","201401PY20297",1,9,0,9,0,8,0,0,0,0,4,1,6,2,10,1995,1,5,8,1
"24294","201401PY20297",2,9,0,18,0,8,0,0,0,0,1,1,6,1,7,1998,1,7,9,1
"24295","201401PY20298",1,9,0,7,0,8,0,0,0,0,1,1,6,2,6,1242,1,14,2,1
"24296","201401PY20298",2,9,0,3,0,8,0,0,0,0,1,1,6,1,7,1242,1,6,2,1
"24297","201401PY20299",1,9,0,4,0,8,0,0,0,0,2,1,6,1,7,2987,2,5,8,1
"24298","201401PY20299",2,9,0,4,0,8,0,0,0,0,2,1,6,1,7,-1,-1,-1,-1,-1
"24299","201401PY20299",3,9,0,18,0,8,0,0,0,0,1,1,6,1,7,1968,2,7,9,1
"24300","201401PY20300",1,9,0,18,0,0,0,0,0,0,1,1,6,2,8,2231,2,5,-1,3
"24301","201401PY20301",1,11,0,5,0,8,0,0,0,0,0,1,6,2,9,4461,2,1,2,1
"24302","201401PY20302",1,1,0,18,0,8,0,0,0,0,1,1,6,1,8,-1,-1,-1,7,1
"24303","201401PY20302",2,9,0,18,0,8,0,0,0,0,1,1,6,1,-1,-1,-1,-1,8,3
"24304","201401PY20303",1,11,0,5,0,0,0,0,0,0,0,1,1,1,6,-1,2,11,2,1
"24305","201401PY20304",1,9,0,18,0,8,0,0,0,0,1,1,6,1,5,998,1,12,4,1
"24306","201401PY20305",1,9,0,7,0,8,0,0,0,0,3,1,6,2,9,1800,1,15,10,1
"24307","201401PY20305",2,1,0,18,0,8,0,0,0,0,1,1,6,1,8,-1,-1,-1,6,1
"24308","201401PY20306",1,9,0,6,0,0,0,0,0,0,3,1,6,1,11,1995,2,1,6,1
"24309","201401PY20306",2,9,0,18,0,0,0,0,0,0,1,1,6,1,8,-1,-1,-1,10,1
"24310","201401PY20307",1,9,0,18,0,0,0,0,0,0,2,1,6,2,9,1598,1,14,10,1
"24311","201401PY20307",2,9,0,18,0,0,0,0,0,0,3,1,6,1,6,1398,1,4,4,1
"24312","201401PY20307",3,19,0,15,0,0,0,0,0,0,4,1,6,1,9,2198,2,3,9,1
"24313","201401PY20308",1,9,0,18,0,8,0,0,0,0,1,1,6,1,7,-1,-1,-1,4,1
"24314","201401PY20309",1,9,0,9,0,8,0,0,0,0,1,1,6,2,4,-1,-1,-1,9,1
"24315","201401PY20309",2,3,0,18,0,8,0,0,0,0,1,1,6,1,8,998,1,14,-1,-1
"24316","201401PY20310",1,9,0,18,0,8,0,0,0,0,1,1,6,1,7,1995,2,9,-1,-1
"24317","201401PY20310",2,9,0,18,0,8,0,0,0,0,1,1,6,1,7,1560,2,6,4,1
"24318","201401PY20311",1,9,0,18,0,8,0,0,0,0,1,1,6,2,6,1989,1,14,5,1
"24319","201401PY20311",2,8,0,18,0,8,0,0,0,0,4,1,6,1,8,2402,2,12,7,1
"24320","201401PY20312",1,9,0,18,0,8,0,0,0,0,3,1,6,1,7,1686,2,-1,-1,-1
"24321","201401PY20312",2,1,0,18,0,8,0,0,0,0,4,1,6,1,5,-1,-1,-1,2,1
"24322","201401PY20313",1,9,0,4,0,8,0,0,0,0,2,1,6,1,5,-1,-1,-1,-1,-1
"24323","201401PY20313",2,9,0,18,0,8,0,0,0,0,1,1,6,1,10,-1,-1,-1,7,1
"24324","201401PY20314",1,9,0,1,0,8,0,0,0,0,2,1,6,2,8,2979,1,1,9,1