"","Acc_Index","Vehicle_Reference","Vehicle_Type","Towing_and_Articulation","Vehicle_Manoeuvre","Vehicle_Location.Restricted_Lane","Junction_Location","Skidding_and_Overturning","Hit_Object_in_Carriageway","Vehicle_Leaving_Carriageway","Hit_Object_off_Carriageway","X1st_Point_of_Impact","Was_Vehicle_Left_Hand_Drive","Journey_Purpose_of_Driver","Sex_of_Driver","Age_Band_of_Driver","Engine_Capacity_.CC.","Propulsion_Code","Age_of_Vehicle","Driver_IMD_Decile","Driver_Home_Area_Type"
"24325","201401PY20314",2,1,0,18,0,8,0,0,0,0,1,1,6,1,8,-1,-1,-1,9,1
"24326","201401PY20315",1,4,0,18,0,8,0,0,0,0,1,1,6,1,6,599,1,10,9,3
"24327","201401PY20315",2,9,0,9,0,8,0,0,0,0,3,1,6,2,5,1242,1,4,6,1
"24328","201401PY20317",1,9,0,18,0,0,0,4,0,0,1,1,6,1,7,-1,-1,-1,-1,-1
"24329","201401PY20317",2,9,0,2,0,0,0,0,0,0,2,1,6,1,-1,1747,1,13,-1,-1
"24330","201401PY20318",1,9,0,4,0,8,0,0,0,0,2,1,6,1,8,1968,2,2,10,1
"24331","201401PY20318",2,9,0,18,0,8,0,0,0,0,1,1,6,2,4,-1,-1,-1,2,1
"24332","201401PY20319",1,9,0,18,0,8,0,0,0,0,1,1,6,1,8,-1,-1,-1,3,1
"24333","201401PY20319",2,9,0,4,0,8,0,0,0,0,2,1,6,2,8,1598,1,13,4,1
"24334","201401PY20319",3,9,0,4,0,8,0,0,0,0,2,1,6,1,6,1896,2,10,4,1
"24335","201401PY20320",1,9,0,4,0,8,0,0,0,0,2,1,6,1,8,-1,-1,-1,10,1
"24336","201401PY20320",2,19,0,18,0,8,0,0,0,0,1,1,6,1,5,2198,2,7,10,1
"24337","201401PY20320",3,9,0,4,0,8,0,0,0,0,2,1,6,2,9,1998,1,6,9,1
"24338","201401PY20321",1,9,0,18,0,0,0,0,0,0,1,1,6,2,6,1598,1,12,2,1
"24339","201401PY20322",1,9,0,18,0,8,0,0,0,0,2,1,6,2,6,1461,2,8,5,1
"24340","201401PY20322",2,9,0,7,0,8,0,0,0,0,4,1,6,1,8,1968,2,6,7,1
"24341","201401PY20323",1,9,0,9,0,8,0,0,0,0,3,1,6,2,6,1598,1,10,1,1
"24342","201401PY20323",2,4,0,15,0,8,0,0,0,0,1,1,6,1,6,675,1,6,4,1
"24343","201401PY20324",1,9,0,18,0,8,0,10,1,2,4,1,6,2,4,1242,1,13,9,1
"24344","201401PY20325",1,9,0,1,0,0,0,0,0,0,2,1,6,1,7,-1,-1,-1,3,1
"24345","201401PY20327",1,3,0,18,0,0,0,0,0,0,1,1,6,1,6,-1,-1,-1,7,1
"24346","201401PY20327",2,9,0,9,0,0,0,0,0,0,3,1,6,1,-1,1398,1,1,-1,-1
"24347","201401PY20330",1,9,0,5,0,0,0,0,0,0,2,1,6,1,6,1896,2,10,3,2
"24348","201401PY20330",2,9,0,1,0,0,0,0,0,0,2,1,6,1,-1,-1,-1,-1,-1,-1
"24349","201401PY20332",1,9,0,18,0,0,0,10,2,2,1,1,6,1,8,2198,1,10,8,1
"24350","201401PY20332",2,9,0,18,0,0,0,0,0,0,1,1,6,1,-1,998,1,13,-1,-1
"24351","201401PY20333",1,9,0,9,0,8,0,7,1,10,1,1,6,1,6,288,1,2,8,1
"24352","201401PY20334",1,9,0,7,0,8,0,0,0,0,3,1,6,2,6,1398,1,2,2,1
"24353","201401PY20334",2,9,0,18,0,8,0,0,0,0,1,1,6,1,-1,-1,-1,-1,-1,-1
"24354","201401PY20335",1,9,0,13,0,8,0,0,0,0,1,1,6,1,8,998,1,13,7,1
"24355","201401PY20335",2,19,0,9,0,8,0,0,0,0,3,1,6,1,6,1248,2,7,1,1
"24356","201401PY20336",1,9,0,7,0,8,0,0,0,0,1,1,6,2,7,3222,2,9,7,1
"24357","201401PY20336",2,9,0,18,0,8,0,0,0,0,1,1,6,1,-1,5379,1,18,6,1
"24358","201401PY20337",1,9,0,18,0,8,0,0,0,0,1,1,6,1,8,3311,8,9,10,1
"24359","201401PY20339",1,9,0,18,0,8,0,0,0,0,4,1,6,1,-1,-1,-1,-1,-1,-1
"24360","201401PY20340",1,11,0,18,0,8,0,0,0,0,1,1,6,2,-1,4500,2,2,-1,-1
"24361","201401PY20340",2,9,0,9,0,8,0,0,0,0,1,1,6,2,-1,-1,-1,-1,-1,-1
"24362","201401PY20341",1,9,0,18,0,1,0,0,0,0,3,1,6,2,11,1246,1,6,2,1
"24363","201401PY20342",1,9,0,18,0,0,0,0,0,0,1,1,6,2,4,1598,1,12,-1,-1
"24364","201401PY20343",1,1,0,18,0,8,0,0,0,0,2,1,6,2,6,-1,-1,-1,2,1
"24365","201401PY20343",2,9,0,18,0,8,0,0,0,0,1,1,6,1,-1,-1,-1,-1,-1,-1
"24366","201401PY20344",1,9,0,18,0,8,0,0,0,0,1,1,6,1,5,1598,1,16,3,1
"24367","201401PY20344",2,9,0,18,0,8,0,0,0,0,1,1,6,2,-1,-1,-1,-1,-1,-1
"24368","201401PY20345",1,9,0,18,0,1,0,0,0,0,2,1,6,2,5,1596,1,9,5,1
"24369","201401PY20345",2,3,0,18,0,1,0,0,0,0,1,1,6,1,8,125,1,1,2,1
"24370","201401PY20346",1,5,0,18,0,8,0,0,0,0,3,1,6,1,7,-1,-1,-1,1,1
"24371","201401PY20347",1,11,0,5,0,8,0,0,0,0,3,1,1,1,-1,-1,-1,-1,-1,-1
"24372","201401PY20348",1,9,0,9,0,8,0,0,0,0,3,1,6,1,7,1598,1,1,6,1
"24373","201401PY20348",2,2,0,15,0,8,0,0,0,0,4,1,6,1,5,125,1,4,5,1
"24374","201401PY20349",1,9,0,18,0,0,0,10,1,10,2,1,6,1,7,2987,2,1,-1,1
"24375","201401PY20349",2,9,0,18,0,0,0,0,0,0,1,1,6,1,4,1198,1,1,8,1
"24376","201401PY20350",1,1,0,18,0,8,0,0,0,0,1,1,6,1,6,-1,-1,-1,9,1
"24377","201401PY20350",2,9,0,9,0,8,0,0,0,0,3,1,6,2,-1,2000,2,3,7,1
"24378","201401PY20351",1,9,0,18,0,0,0,4,1,9,1,1,6,2,5,1149,1,12,9,1
"24379","201401PY20351",2,9,0,2,0,0,0,0,0,0,2,1,6,1,8,1390,1,11,7,1
"24380","201401PY20352",1,9,0,18,0,8,0,0,0,0,4,1,6,1,6,1598,2,2,5,1
"24381","201401PY20352",2,9,0,18,0,8,0,0,0,0,1,1,6,1,5,1994,2,11,1,1
"24382","201401PY20353",1,19,0,18,0,8,0,0,0,0,1,1,6,1,9,1998,2,13,3,1
"24383","201401PY20353",2,9,0,9,0,8,0,0,0,0,4,1,6,1,5,-1,-1,-1,6,1
"24384","201401PY20354",1,9,0,7,0,8,0,0,0,0,3,1,6,2,9,1149,1,2,4,1
"24385","201401PY20354",2,3,0,18,0,8,0,0,0,0,1,1,6,1,5,124,1,1,-1,-1
"24386","201401PY20355",1,9,0,4,0,8,0,0,0,0,2,1,6,1,7,-1,-1,-1,6,1
"24387","201401PY20355",2,19,0,4,0,8,0,0,0,0,2,1,6,1,7,2287,2,1,9,1
"24388","201401PY20355",3,21,0,18,0,8,0,0,0,0,1,1,6,1,6,5880,2,7,-1,-1
"24389","201401PY20356",1,19,0,4,0,8,0,0,0,0,2,1,6,1,6,2198,2,1,-1,-1
"24390","201401PY20356",2,9,0,18,0,8,0,0,0,0,1,1,6,1,6,1896,2,10,-1,-1
"24391","201401PY20357",1,9,0,7,0,8,0,0,0,0,3,1,6,1,6,1299,1,10,-1,-1
"24392","201401PY20357",2,9,0,18,0,8,0,0,0,0,1,1,6,1,5,1199,1,12,9,1
"24393","201401PY20358",1,9,0,3,0,0,0,0,0,0,2,1,6,1,5,1397,1,13,3,1
"24394","201401PY20358",2,9,0,18,0,0,0,0,0,0,1,1,6,1,-1,3628,2,7,9,1
"24395","201401PY20359",1,9,0,18,0,8,0,0,0,0,1,1,6,1,7,2720,2,7,4,1
"24396","201401PY20359",2,9,0,4,0,8,0,0,0,0,2,1,6,1,7,1497,8,5,2,1
"24397","201401PY20360",1,1,0,9,0,8,0,0,0,0,1,1,6,2,7,-1,-1,-1,4,1
"24398","201401PY20360",2,9,0,18,0,8,0,0,0,0,1,1,6,2,-1,1497,1,18,9,1
"24399","201401PY20361",1,9,0,18,0,8,0,10,1,1,1,1,6,1,8,1197,1,2,6,1
"24400","201401PY20362",1,9,0,18,0,8,0,0,0,0,4,1,6,1,8,1560,2,6,8,1
"24401","201401PY20362",2,9,0,7,0,8,0,0,0,0,1,1,6,1,-1,1197,1,1,-1,-1
"24402","201401PY20363",1,9,0,9,0,8,0,0,0,0,1,1,6,1,6,1797,8,4,-1,-1
"24403","201401PY20363",2,9,0,18,0,8,0,0,0,0,1,1,6,1,-1,2521,1,8,-1,1
"24404","201401PY20364",1,9,0,18,0,8,0,4,0,0,1,1,6,1,4,998,1,-1,6,1
"24405","201401PY20364",2,9,0,2,0,8,0,0,0,0,3,1,6,1,5,1364,1,8,2,1
"24406","201401PY20364",3,9,0,2,0,8,0,0,0,0,3,1,6,1,-1,3000,2,18,2,1
"24407","201401PY20365",1,1,0,4,0,1,0,0,0,0,1,1,6,2,6,-1,-1,-1,3,1
"24408","201401PY20366",1,1,0,18,0,2,0,0,0,0,3,1,6,1,7,-1,-1,-1,8,1
"24409","201401PY20366",2,9,0,13,0,2,0,0,0,0,4,1,6,1,-1,-1,-1,-1,-1,-1
"24410","201401PY20367",1,11,0,18,0,1,0,0,0,0,1,1,1,1,8,-1,-1,-1,2,1
"24411","201401PY20368",1,3,0,4,0,1,0,0,0,0,0,1,1,1,-1,125,1,4,6,1
"24412","201401PY20370",1,3,0,18,0,1,0,0,0,0,1,1,6,1,4,125,1,1,2,1
"24413","201401PY20370",2,9,0,5,0,1,0,0,0,0,3,1,6,3,-1,1399,1,5,-1,-1
"24414","201401PY20371",1,9,0,9,0,8,0,0,0,0,4,1,6,2,6,2179,2,6,5,1
"24415","201401PY20371",2,9,0,18,0,8,0,0,0,0,1,1,6,1,7,1998,2,12,3,1
"24416","201401PY20372",1,1,0,18,0,8,0,0,0,0,3,1,1,1,-1,-1,-1,-1,-1,-1
"24417","201401PY20372",2,19,0,7,0,8,0,0,0,0,4,1,6,1,7,1995,2,3,8,3
"24418","201401PY20374",1,11,0,18,0,8,0,0,0,0,1,1,1,1,6,6370,2,2,2,1
"24419","201401PY20374",2,9,0,9,0,8,0,0,0,0,4,1,6,2,-1,1388,1,5,-1,-1
"24420","201401PY20375",1,9,0,5,0,1,0,0,0,0,2,1,6,3,-1,-1,-1,-1,-1,-1
"24421","201401PY20377",1,9,0,18,0,8,0,0,0,0,3,1,6,1,6,1686,2,12,7,1
"24422","201401PY20377",2,9,0,7,0,8,0,0,0,0,1,1,6,1,4,1984,1,14,4,1
"24423","201401PY20378",1,11,0,5,0,1,0,0,0,0,1,1,1,2,7,9400,2,8,4,1
"24424","201401PY20379",1,9,0,18,0,8,0,0,0,0,1,1,6,1,6,2143,2,1,6,1
"24425","201401PY20379",2,9,0,7,0,8,0,0,0,0,3,1,6,1,-1,1389,1,15,-1,-1
"24426","201401PY20381",1,9,0,7,0,8,0,0,0,0,3,1,6,1,6,1796,1,12,6,2
"24427","201401PY20381",2,9,0,18,0,8,0,0,0,0,1,1,1,1,4,2143,2,3,3,1
"24428","201401PY20383",1,9,0,9,0,8,0,0,0,0,4,1,6,1,6,2495,2,20,7,3
"24429","201401PY20383",2,9,0,18,0,8,0,0,0,0,1,1,6,1,5,1389,1,14,8,1
"24430","201401PY20384",1,9,0,7,0,8,0,0,0,0,4,1,1,1,4,1364,1,4,8,1
"24431","201401PY20384",2,1,0,18,0,8,0,0,0,0,1,1,6,1,8,-1,-1,-1,6,1
"24432","201401PY20385",1,9,0,18,0,1,0,10,1,10,1,1,6,1,6,1998,2,7,-1,-1
"24433","201401PY20386",1,9,0,18,0,8,0,0,0,0,1,1,6,1,7,2179,2,6,5,1
"24434","201401PY20386",2,9,0,9,0,8,0,0,0,0,4,1,6,1,9,1686,2,9,5,1
"24435","201401PY20387",1,9,0,5,0,1,0,0,0,0,3,1,6,2,4,1229,1,4,10,1
"24436","201401PY20387",2,9,0,18,0,2,5,0,0,0,3,1,6,2,6,1984,1,7,-1,-1
"24437","201401PY20388",1,9,0,3,0,1,0,0,0,0,2,1,6,2,6,1422,2,11,-1,-1
"24438","201401PY20388",2,9,0,4,0,1,0,0,0,0,1,1,6,2,5,1198,1,6,5,1
"24439","201401PY20389",1,5,0,18,0,1,0,0,0,0,2,1,6,1,8,1130,1,13,9,3
"24440","201401PY20389",2,21,0,18,0,1,0,0,0,0,1,1,1,1,9,-1,-1,-1,5,2
"24441","201401PY20390",1,9,0,18,0,1,0,0,0,0,1,1,6,2,-1,1781,1,16,10,1
"24442","201401PY20391",1,9,0,9,0,8,0,0,0,0,3,1,6,1,-1,1598,1,5,1,1
"24443","201401PY20391",2,5,0,18,0,8,0,0,0,0,1,1,6,1,7,749,1,8,10,1
"24444","201401PY20392",1,9,0,18,0,0,0,0,0,0,1,1,6,1,8,2494,2,6,7,3
"24445","201401PY20393",1,9,0,18,0,1,0,0,0,0,1,1,6,2,7,1997,2,1,-1,-1
"24446","201401PY20394",1,9,0,18,0,8,0,0,0,0,1,1,6,1,7,1753,2,12,3,1
"24447","201401PY20394",2,9,0,12,0,8,0,0,0,0,3,1,6,3,-1,1560,2,1,-1,-1
"24448","201401PY20395",1,9,0,18,0,8,0,0,0,0,1,1,6,2,6,1896,2,17,5,1
"24449","201401PY20395",2,4,0,18,0,8,0,0,0,0,4,1,6,1,9,125,1,2,9,1
"24450","201401PY20396",1,3,0,18,0,2,0,12,0,0,1,1,6,1,6,-1,-1,-1,4,3
"24451","201401PY20397",1,9,0,7,0,8,0,0,0,0,4,1,6,2,6,1600,1,10,10,1
"24452","201401PY20397",2,1,0,18,0,8,0,0,0,0,1,1,6,1,5,-1,-1,-1,-1,-1
"24453","201401PY20398",1,9,0,18,0,8,0,0,0,0,3,1,1,1,5,-1,-1,-1,2,1
"24454","201401PY20398",2,9,0,18,0,8,0,0,0,0,1,1,6,1,-1,2314,1,14,7,1
"24455","201401PY20399",1,1,0,18,0,8,0,0,0,0,4,1,6,1,8,-1,-1,-1,10,1
"24456","201401PY20399",2,9,0,16,0,8,0,0,0,0,1,1,6,2,-1,1299,1,10,7,3
"24457","201401PY20400",1,9,0,7,0,8,0,0,0,0,3,1,6,1,8,1596,1,3,10,1
"24458","201401PY20400",2,2,0,18,0,8,0,0,0,0,1,1,1,1,5,124,1,1,2,1
"24459","201401PY20401",1,9,0,11,0,8,0,0,0,0,4,1,6,2,7,-1,-1,-1,3,1
"24460","201401PY20401",2,9,0,18,0,8,0,0,0,0,3,1,1,1,9,1998,2,5,9,1
"24461","201401PY20402",1,9,0,18,0,2,0,0,0,0,1,1,1,2,7,1598,1,1,4,1
"24462","201401PY20404",1,19,0,4,0,1,0,4,0,0,1,1,6,1,7,-1,-1,-1,5,1
"24463","201401PY20404",2,9,0,2,0,1,0,0,0,0,2,1,6,3,-1,-1,-1,-1,-1,-1
"24464","201401PY20404",3,9,0,2,0,1,0,0,0,0,2,1,6,3,-1,-1,-1,-1,-1,-1
"24465","201401PY20405",1,9,0,7,0,1,0,0,0,0,3,1,6,2,4,1388,1,10,9,1
"24466","201401PY20405",2,1,0,18,0,1,0,0,0,0,1,1,6,1,1,-1,-1,-1,-1,-1
"24467","201401PY20406",1,9,0,18,0,8,0,0,0,0,4,1,6,1,5,1229,1,-1,3,1
"24468","201401PY20406",2,9,0,7,0,8,0,0,0,0,1,1,6,1,6,1598,1,12,7,1
"24469","201401PY20408",1,9,0,18,0,1,0,0,0,0,1,1,6,3,-1,-1,-1,-1,-1,-1
"24470","201401PY20409",1,9,0,18,0,2,0,10,1,4,1,1,6,1,6,1781,1,12,-1,-1
"24471","201401PY20411",1,1,0,18,0,8,0,0,0,0,1,1,6,1,6,-1,-1,-1,9,1
"24472","201401PY20411",2,9,0,7,0,8,0,0,0,0,4,1,6,3,-1,1198,1,3,-1,-1
"24473","201401PY20412",1,9,0,9,0,8,0,0,0,0,3,1,6,1,5,998,1,12,6,1
"24474","201401PY20412",2,5,0,13,0,8,0,0,0,0,4,1,6,1,6,599,1,6,6,1
"24475","201401PY20413",1,9,0,18,0,1,0,0,0,0,1,1,6,1,8,1999,1,10,6,1
"24476","201401PY20415",1,9,0,18,0,1,0,0,0,0,1,1,6,1,8,1991,2,8,5,3
"24477","201401PY20416",1,9,0,18,0,1,0,0,0,0,1,1,6,1,6,1998,1,10,2,1
"24478","201401PY20417",1,9,0,18,0,2,0,0,0,0,1,1,6,1,7,-1,-1,-1,2,1
"24479","201401PY20418",1,9,0,11,0,1,0,0,0,0,4,1,1,1,7,1796,7,3,-1,-1
"24480","201401PY20418",2,1,0,18,0,1,0,0,0,0,3,1,6,1,8,-1,-1,-1,10,1
"24481","201401PY20419",1,9,0,7,0,8,0,0,0,0,1,1,6,2,7,1686,2,3,8,1
"24482","201401PY20419",2,1,0,18,0,8,0,0,0,0,4,1,6,1,-1,-1,-1,-1,7,1
"24483","201401PY20420",1,8,0,5,0,1,0,0,0,0,1,1,1,3,-1,2231,2,7,-1,-1
"24484","201401PY20421",1,19,0,5,9,1,0,0,0,0,3,1,1,1,8,2198,2,1,9,2
"24485","201401PY20421",2,90,0,13,9,1,0,0,0,0,1,1,6,1,10,-1,-1,-1,-1,-1
"24486","201401PY20422",1,9,4,18,9,2,0,0,0,0,1,1,6,1,7,1995,2,9,-1,1
"24487","201401PY20424",1,9,0,18,0,1,0,4,0,0,1,1,6,1,6,1198,1,8,3,1
"24488","201401PY20424",2,9,0,2,0,1,0,0,0,0,2,1,6,3,-1,1364,1,8,-1,-1
"24489","201401PY20425",1,9,0,18,0,8,0,0,0,0,1,1,6,2,5,998,1,5,6,1
"24490","201401PY20425",2,9,0,7,0,8,0,0,0,0,3,1,6,1,-1,1968,2,1,-1,-1
"24491","201401PY20426",1,1,0,18,0,8,0,0,0,0,1,1,6,2,6,-1,-1,-1,5,1
"24492","201401PY20426",2,9,0,9,0,8,0,0,0,0,4,1,6,3,-1,-1,-1,-1,-1,-1
"24493","201401PY20427",1,9,0,18,0,1,0,0,0,0,1,1,6,3,-1,-1,-1,-1,-1,-1
"24494","201401PY20428",1,8,0,18,0,1,0,0,0,0,3,1,6,1,-1,3199,1,14,-1,-1
"24495","201401PY20428",2,19,0,11,0,1,0,0,0,0,4,1,6,1,-1,2402,2,11,7,3
"24496","201401PY20429",1,9,0,18,0,2,0,0,0,0,1,1,6,3,-1,-1,-1,-1,-1,-1
"24499","201401PY20432",1,19,0,18,0,8,0,0,0,0,1,1,6,1,-1,-1,-1,-1,8,1
"24500","201401PY20432",2,19,0,9,0,8,0,0,0,0,4,1,6,3,-1,7698,2,1,-1,-1
"24501","201401PY20433",1,9,0,9,0,8,0,0,0,0,3,1,6,1,7,-1,-1,-1,-1,-1
"24502","201401PY20433",2,1,0,18,0,8,0,0,0,0,1,1,6,1,8,-1,-1,-1,-1,1
"24503","201401PY20434",1,19,0,18,0,8,0,0,0,0,1,1,1,1,8,2198,2,8,2,1
"24504","201401PY20434",2,9,0,18,0,8,0,0,0,0,2,1,6,2,-1,1597,1,18,-1,-1
"24505","201401PY20435",1,8,0,18,0,1,0,4,0,0,1,1,6,2,8,-1,-1,-1,-1,-1
"24506","201401PY20435",2,9,0,2,0,1,0,0,0,0,2,1,6,3,-1,-1,-1,-1,-1,-1
"24507","201401PY20436",1,9,0,6,0,8,0,0,0,0,3,1,6,2,-1,1149,1,9,-1,-1
"24508","201401PY20436",2,3,0,18,0,8,0,0,0,0,1,1,6,1,5,124,1,11,4,1
"24509","201401PY20437",1,9,0,18,0,8,0,0,0,0,1,1,6,2,8,2979,1,11,9,3
"24510","201401PY20437",2,9,0,18,0,8,0,0,0,0,1,1,6,1,4,973,1,13,9,1
"24511","201401PY20439",1,9,0,18,0,8,0,0,0,0,1,1,6,2,9,1598,1,8,8,3
"24512","201401PY20439",2,9,0,7,0,8,0,0,0,0,3,1,6,2,10,1598,1,13,7,3
"24513","201401PY20440",1,9,0,5,0,1,0,0,0,0,1,1,6,2,4,1149,1,12,10,1
"24514","201401PY20440",2,9,0,18,0,1,0,0,0,0,4,1,6,1,-1,1391,1,19,-1,-1
"24515","201401PY20441",1,9,0,3,0,1,0,0,0,0,2,1,1,1,9,2000,1,9,7,1
"24516","201401PY20441",2,9,0,3,0,1,0,0,0,0,2,1,6,2,8,1598,1,6,-1,-1
"24517","201401PY20441",3,9,0,4,0,1,0,0,0,0,1,1,6,1,-1,1596,1,13,6,1
"24518","201401PY20442",1,9,0,3,0,1,0,0,0,0,2,1,6,1,7,2790,1,8,4,1
"24519","201401PY20442",2,9,0,4,0,1,0,0,0,0,1,1,6,1,-1,2494,1,13,5,1
"24520","201401PY20443",1,9,0,18,0,8,0,0,0,0,1,1,6,1,8,1598,1,14,3,1
"24521","201401PY20443",2,9,0,18,0,8,0,0,0,0,1,1,6,2,8,1149,1,13,2,1
"24522","201401PY20443",3,9,0,7,0,8,0,0,0,0,2,1,6,2,6,1968,2,7,-1,1
"24523","201401PY20444",1,5,0,18,0,8,0,0,0,0,1,1,6,1,6,535,1,19,9,1
"24524","201401PY20444",2,9,0,9,0,8,0,0,0,0,3,1,6,3,-1,-1,-1,-1,-1,-1
"24525","201401PY20445",1,9,0,7,0,8,0,0,0,0,3,1,6,1,11,1598,2,1,-1,-1
"245261","201401PY20445",2,9,0,18,0,8,0,0,0,0,1,1,1,1,-1,-1,-1,-1,-1,-1
"245271","201401PY20446",1,9,0,18,0,8,0,0,0,0,1,1,6,1,5,1998,1,6,3,1
"24528","201401PY20446",2,9,0,9,0,8,0,0,0,0,3,1,6,1,-1,2295,1,16,7,1
"24529","201401PY20447",1,9,0,18,0,8,0,0,0,0,1,1,6,1,-1,-1,-1,-1,4,1
"24530","201401PY20447",2,9,0,7,0,8,0,0,0,0,3,1,6,2,8,2597,1,12,-1,-1
"24531","201401PY20448",1,9,0,18,0,1,0,0,0,0,1,1,6,1,9,1332,1,18,7,1
"24532","201401PY20448",2,9,0,18,0,2,0,0,0,0,1,1,6,3,-1,1998,1,11,-1,-1
"24533","201401PY20450",1,9,0,4,0,1,0,0,0,0,1,1,6,1,-1,2993,2,3,8,1
"24534","201401PY20450",2,11,0,4,0,1,0,0,0,0,2,1,1,1,9,3900,2,11,9,1
"24535","201401PY20451",1,9,0,18,0,2,0,0,0,0,1,1,6,2,7,1796,1,9,10,1
"24536","201401PY20454",1,9,0,11,0,1,0,0,0,0,4,1,2,1,4,1598,1,8,8,3
"24537","201401PY20454",2,4,0,18,0,1,0,0,0,0,3,1,2,1,5,599,1,1,8,3
"24538","201401PY20455",1,9,0,18,0,8,0,10,1,4,1,1,6,1,7,1598,1,11,8,1
"24539","201401PY20456",1,9,0,18,0,1,0,0,0,0,1,1,6,2,5,1360,1,9,-1,-1
"24540","201401PY20457",1,9,0,3,0,1,0,0,0,0,4,1,6,2,5,1388,1,12,8,1
"24541","201401PY20457",2,1,0,18,0,1,0,0,0,0,1,1,6,1,6,-1,-1,-1,-1,-1
"24542","201401PY20458",1,2,0,4,0,1,0,0,0,0,0,1,1,1,6,49,1,4,1,1
"24543","201401PY20460",1,9,0,10,0,8,0,0,0,0,3,1,6,1,7,1400,1,11,1,1
"24544","201401PY20460",2,9,0,7,0,8,0,0,0,0,1,1,6,3,-1,-1,-1,-1,-1,-1
"24545","201401PY20461",1,9,0,3,0,2,0,0,0,0,2,1,6,2,9,1242,1,1,5,1
"24546","201401PY20461",2,9,0,4,0,2,0,0,0,0,1,1,6,2,5,1968,2,-1,5,1
"24547","201401PY20462",1,3,0,18,0,8,0,0,0,0,0,1,6,1,7,-1,-1,-1,-1,-1
"24548","201401PY20462",2,9,0,7,0,8,0,0,0,0,0,1,6,3,-1,-1,-1,-1,-1,-1
"24549","201401PY20463",1,9,0,3,0,1,0,0,0,0,2,1,6,2,8,1997,1,-1,8,1
"24550","201401PY20463",2,9,0,4,0,1,0,0,0,0,1,1,6,2,-1,1242,1,1,8,1
"24551","201401PY20465",1,3,0,18,0,0,0,0,0,0,1,1,6,1,4,124,1,-1,3,1
"24552","201401PY20465",2,8,0,6,0,0,0,0,0,0,3,1,1,1,7,2179,2,3,3,1
"24553","201401PY20466",1,9,0,4,0,2,0,0,0,0,1,1,6,1,4,1598,1,11,10,1
"24554","201401PY20466",2,19,0,3,0,2,0,0,0,0,2,1,6,1,-1,-1,-1,-1,-1,-1
"24555","201401PY20467",1,1,0,18,0,1,0,0,0,0,2,1,6,1,4,-1,-1,-1,9,1
"24556","201401PY20467",2,9,0,13,0,1,0,0,0,0,1,1,6,3,-1,-1,-1,-1,-1,-1
"24557","201401PY20468",1,9,0,18,0,8,0,0,0,0,1,1,6,1,8,1679,1,12,5,1
"24558","201401PY20468",2,9,0,9,0,8,0,0,0,0,4,1,6,3,-1,1468,1,18,-1,-1
"24559","201401PY20469",1,9,0,18,0,1,0,7,0,0,1,1,6,2,7,1149,1,11,8,1
"24560","201401PY20470",1,11,0,5,0,1,0,0,0,0,4,1,1,1,8,4500,2,-1,-1,1
"24561","201401PY20471",1,5,0,18,0,8,0,0,0,0,1,1,6,1,8,1050,1,9,4,1
"24562","201401PY20471",2,9,0,9,0,8,0,0,0,0,3,1,6,1,7,1206,1,5,-1,-1
"24563","201401PY20472",1,8,0,6,0,1,0,0,0,0,1,1,1,1,6,1968,2,8,-1,-1
"24564","201401PY20473",1,9,0,18,0,1,0,0,0,0,1,1,6,1,9,1796,1,7,5,1
"24565","201401PY20475",1,9,0,3,0,2,0,0,0,0,2,1,6,1,6,1997,2,11,3,1
"24566","201401PY20475",2,9,0,4,0,2,0,0,0,0,1,1,6,3,-1,-1,-1,-1,-1,-1
"24567","201401PY20476",1,9,0,7,0,8,0,10,5,6,3,1,6,2,4,-1,-1,-1,7,1
"24568","201401PY20476",2,9,0,2,0,8,0,0,0,0,2,1,6,3,-1,2987,2,7,-1,-1
"24569","201401PY20477",1,5,0,18,0,8,0,0,0,0,1,1,6,1,8,1085,1,15,8,1
"24570","201401PY20477",2,9,0,9,0,8,0,0,0,0,4,1,6,2,10,1598,1,5,3,1
"24571","201401PY20478",1,9,0,18,0,1,0,0,0,0,1,1,6,1,8,1598,1,16,5,1
"24572","201401PY20479",1,3,0,4,0,1,0,0,0,0,0,1,6,1,6,125,1,4,1,1
"24573","201401PY20480",1,9,0,18,0,1,0,0,0,0,1,1,6,1,5,1794,1,12,-1,-1
"24574","201401PY20481",1,9,0,18,0,0,0,0,0,0,1,1,6,1,-1,-1,-1,-1,-1,-1
"24575","201401PY20482",1,9,0,18,0,1,0,0,0,0,1,1,6,2,7,1461,2,3,4,1
"24576","201401PY20483",1,9,0,18,0,8,0,0,0,0,1,1,6,2,4,-1,-1,-1,-1,-1
"24577","201401PY20483",2,9,0,7,0,8,0,0,0,0,3,1,6,1,10,1461,2,6,7,3
"24578","201401PY20484",1,9,0,9,0,8,0,0,0,0,4,1,6,1,7,1781,1,14,7,1
"24579","201401PY20484",2,1,0,18,0,8,0,0,0,0,1,1,6,1,6,-1,-1,-1,6,1
"24580","201401PY20485",1,19,0,3,0,1,0,0,0,0,1,1,1,1,6,1598,2,1,6,1
"24581","201401PY20485",2,9,0,4,0,1,0,0,0,0,2,1,6,1,7,2149,2,7,4,1
"24582","201401PY20486",1,9,0,15,0,0,0,0,0,0,1,1,6,1,10,1753,2,4,10,1