"","Acc_Index","Vehicle_Reference","Vehicle_Type","Towing_and_Articulation","Vehicle_Manoeuvre","Vehicle_Location.Restricted_Lane","Junction_Location","Skidding_and_Overturning","Hit_Object_in_Carriageway","Vehicle_Leaving_Carriageway","Hit_Object_off_Carriageway","X1st_Point_of_Impact","Was_Vehicle_Left_Hand_Drive","Journey_Purpose_of_Driver","Sex_of_Driver","Age_Band_of_Driver","Engine_Capacity_.CC.","Propulsion_Code","Age_of_Vehicle","Driver_IMD_Decile","Driver_Home_Area_Type"
"24583","201401PY20486",2,9,0,18,0,0,0,0,0,0,1,1,6,2,4,1248,2,6,8,1
"24584","201401PY20487",1,9,0,18,0,0,0,4,0,0,3,1,6,1,4,1229,1,7,9,1
"24585","201401PY20487",2,9,0,2,0,0,0,0,0,0,3,1,6,1,-1,2300,1,17,10,1
"24586","201401PY20488",1,9,0,7,0,8,0,0,0,0,3,1,6,1,8,1461,2,10,3,1
"24587","201401PY20488",2,9,0,18,0,8,0,0,0,0,1,1,6,1,-1,-1,-1,-1,-1,-1
"24588","201401PY20489",1,5,0,18,0,0,0,0,0,0,3,1,6,1,6,649,1,2,4,1
"24589","201401PY20491",1,9,0,7,0,8,0,0,0,0,3,1,6,1,6,1598,1,8,3,1
"24590","201401PY20491",2,9,0,18,0,8,0,0,0,0,1,1,6,2,7,1198,1,8,3,1
"24591","201401PY20492",1,9,0,9,0,8,0,10,1,10,1,1,6,1,11,1497,8,9,10,1
"24592","201401PY20493",1,9,0,18,0,0,0,0,0,0,1,1,6,1,9,2987,2,2,9,1
"24593","201401PY20493",2,1,0,18,0,0,0,0,0,0,3,1,6,1,3,-1,-1,-1,9,1
"24594","201401PY20494",1,9,0,6,0,8,0,0,0,0,3,1,6,2,9,1364,2,8,8,1
"24595","201401PY20494",2,3,0,18,0,8,0,0,0,0,1,1,6,1,5,124,1,3,9,1
"24596","201401PY20495",1,11,0,4,0,1,0,0,0,0,1,1,1,1,8,4500,2,6,-1,-1
"24597","201401PY20496",1,1,0,18,0,1,0,0,0,0,1,1,6,1,5,-1,-1,-1,5,1
"24598","201401PY20496",2,9,0,3,0,1,0,0,0,0,2,1,6,1,9,1989,1,14,6,2
"24599","201401PY20497",1,9,0,18,0,1,0,0,0,0,1,1,6,2,8,1149,1,3,3,1
"24600","201401PY20497",2,9,0,2,0,1,0,0,0,0,2,1,6,3,-1,1587,1,14,-1,-1
"24601","201401PY20498",1,9,0,7,0,8,0,0,0,0,2,1,6,2,9,3000,1,8,6,1
"24602","201401PY20498",2,9,0,18,0,8,0,0,0,0,1,1,6,2,11,1275,1,17,3,1
"24603","201401PY20499",1,9,0,9,0,8,0,0,0,0,4,1,6,1,10,2993,2,10,-1,-1
"24604","201401PY20499",2,1,0,17,0,8,0,0,0,0,1,1,6,1,7,-1,-1,-1,-1,-1
"24605","201401PY20500",1,9,0,18,0,1,0,0,0,0,1,1,6,2,7,1598,1,2,3,1
"24606","201401PY20501",1,9,0,17,0,8,0,0,0,0,1,1,6,2,6,2099,1,11,6,1
"24607","201401PY20501",2,9,0,7,0,8,0,0,0,0,3,1,6,2,6,1388,1,4,3,1
"24608","201401PY20502",1,3,0,18,0,8,0,0,0,0,1,1,6,1,5,749,1,14,2,1
"24609","201401PY20502",2,9,0,9,0,8,0,0,0,0,3,1,6,2,-1,1560,2,-1,-1,-1
"24610","201401PY20503",1,9,0,18,0,8,0,0,0,0,1,1,6,1,8,1997,2,2,5,1
"24611","201401PY20504",1,9,0,3,0,1,0,0,0,0,2,1,6,1,4,999,1,8,4,1
"24612","201401PY20504",2,1,0,4,0,1,0,0,0,0,1,1,6,1,4,-1,-1,-1,3,1
"24613","201401PY20506",1,9,0,18,0,8,0,0,0,0,1,1,6,1,-1,1910,2,6,-1,-1
"24614","201401PY20506",2,1,0,18,0,8,0,0,0,0,2,1,6,1,7,-1,-1,-1,5,1
"24615","201401PY20507",1,4,0,18,0,1,0,0,0,0,0,1,6,1,6,450,1,9,6,1
"24616","201401PY20508",1,9,0,9,0,8,0,0,0,0,4,1,6,1,7,1582,2,6,3,1
"24617","201401PY20508",2,1,0,18,0,8,0,0,0,0,1,1,6,1,10,-1,-1,-1,8,1
"24618","201401PY20509",1,9,0,9,0,8,0,0,0,0,1,1,6,1,8,1392,1,16,3,1
"24619","201401PY20509",2,9,0,18,0,8,0,0,0,0,1,1,6,2,4,1968,2,5,7,1
"24620","201401PY20510",1,3,0,15,0,8,0,0,0,0,1,1,6,1,7,954,1,12,-1,1
"24621","201401PY20510",2,9,0,9,0,8,0,0,0,0,3,1,6,2,9,1149,1,10,9,1
"24622","201401PY20511",1,9,0,18,0,8,0,0,0,0,1,1,6,2,8,1364,1,4,5,1
"24623","201401PY20512",1,9,0,7,0,8,0,10,1,4,2,1,6,1,8,1390,1,4,4,1
"24624","201401PY20512",2,9,0,18,0,8,0,0,0,0,1,1,6,1,4,1598,1,8,4,1
"24625","201401PY20513",1,9,0,18,0,8,0,0,0,0,1,1,6,1,5,1242,1,7,1,1
"24626","201401PY20513",2,3,0,7,0,8,0,0,0,0,2,1,6,1,-1,-1,-1,-1,-1,-1
"24627","201401PY20514",1,11,0,4,0,8,0,0,0,0,2,1,1,1,7,4500,2,2,7,1
"24628","201401PY20514",2,9,0,18,0,8,0,0,0,0,1,1,6,1,-1,-1,-1,-1,-1,-1
"24629","201401PY20515",1,11,0,4,0,8,0,0,0,0,0,1,1,1,-1,-1,-1,-1,-1,-1
"24630","201401PY20516",1,11,0,18,0,8,0,0,0,0,0,1,6,1,8,4500,2,-1,5,1
"24631","201401PY20517",1,9,0,18,0,0,1,0,0,0,4,1,6,1,5,4196,1,5,2,1
"24632","201401PY20517",2,9,0,2,0,0,0,0,0,0,4,1,6,2,-1,1997,1,10,2,1
"24633","201401PY20517",3,9,0,2,0,0,0,0,0,0,4,1,6,1,-1,-1,-1,-1,2,1
"24634","201401PY20517",4,9,0,2,0,0,0,0,0,0,3,1,6,2,-1,1198,1,3,2,1
"24635","201401PY20518",1,9,0,18,0,8,0,0,0,0,1,1,6,1,8,-1,-1,-1,8,1
"24636","201401PY20519",1,1,0,18,0,8,0,0,0,0,2,1,6,2,7,-1,-1,-1,-1,1
"24637","201401PY20519",2,9,0,18,0,8,0,0,0,0,1,1,6,1,10,2987,2,3,6,1
"24638","201401PY20521",1,9,0,18,0,0,0,10,1,10,4,1,6,1,11,1596,1,9,5,1
"24639","201401PY20522",1,2,0,6,0,8,0,0,0,0,3,1,6,1,6,249,1,5,10,1
"24640","201401PY20522",2,9,0,18,0,8,0,0,0,0,1,1,6,1,4,1364,1,7,-1,1
"24641","201401PY20523",1,9,0,18,0,8,0,0,0,0,1,1,6,1,-1,-1,-1,-1,-1,-1
"24642","201401PY20525",1,9,0,5,0,1,0,0,0,0,1,1,6,3,-1,-1,-1,-1,-1,-1
"24643","201401PY20527",1,9,0,18,0,1,0,0,0,0,1,1,6,2,6,1598,1,9,1,1
"24644","201401PY20528",1,3,0,18,0,0,0,0,0,0,4,1,6,1,6,125,1,6,4,1
"24645","201401PY20528",2,9,0,2,0,0,0,0,0,0,3,1,6,1,8,-1,-1,-1,4,1
"24646","201401PY20531",1,9,0,9,0,8,0,0,0,0,3,1,6,1,-1,-1,-1,-1,10,3
"24647","201401PY20531",2,1,0,18,0,8,0,0,0,0,1,1,6,1,6,-1,-1,-1,6,1
"24648","201401PY20532",1,19,0,7,0,8,0,0,0,0,3,1,6,1,6,-1,-1,-1,1,1
"24649","201401PY20532",2,9,0,10,0,8,0,0,0,0,3,1,6,1,9,-1,-1,-1,4,1
"24650","201401PY20533",1,5,0,17,0,0,0,0,0,0,1,1,6,1,6,636,1,8,10,1
"24651","201401PY20534",1,5,0,18,0,8,0,0,0,0,1,1,6,1,-1,-1,-1,-1,-1,-1
"24652","201401PY20534",2,9,0,9,0,8,0,0,0,0,1,1,6,1,-1,-1,-1,-1,-1,-1
"24653","201401PY20535",1,9,0,18,0,1,0,0,0,0,4,1,6,1,9,-1,-1,-1,9,1
"24654","201401PY20536",1,9,0,18,0,0,0,0,0,0,1,1,6,2,9,998,1,14,8,1
"24655","201401PY20538",1,8,0,5,0,8,0,0,0,0,0,1,6,1,8,2967,2,3,7,3
"24656","201401PY20539",1,9,0,18,0,0,0,7,0,0,1,1,6,1,-1,1242,1,5,-1,-1
"24657","201401PY20540",1,9,0,4,0,0,0,0,0,0,2,1,6,2,8,1998,1,13,2,1
"24658","201401PY20540",2,9,0,18,0,0,0,0,0,0,1,1,6,1,-1,1598,2,2,10,1
"24659","201401PY20541",1,1,0,18,0,8,0,0,0,0,1,1,6,1,7,-1,-1,-1,-1,-1
"24660","201401PY20541",2,19,0,7,0,8,0,0,0,0,4,1,6,1,-1,2402,2,5,-1,-1
"24661","201401PY20542",1,11,0,3,0,8,0,0,0,0,0,1,1,1,-1,-1,-1,-1,-1,-1
"24662","201401PY20543",1,9,0,18,0,0,0,0,0,0,1,1,6,1,-1,-1,-1,-1,-1,-1
"24663","201401PY20544",1,20,4,18,0,0,0,0,0,0,2,1,1,1,7,3920,2,8,5,2
"24664","201401PY20544",2,9,0,18,0,0,0,0,0,0,1,1,6,2,7,1781,1,16,7,1
"24665","201401PY20545",1,9,0,18,0,0,0,0,0,0,1,1,6,1,8,2997,1,17,2,1
"24666","201401PY20545",2,9,0,18,0,0,0,0,0,0,1,1,6,2,8,1992,2,6,3,1
"24667","201401PY20546",1,9,0,7,0,8,0,0,0,0,2,1,6,1,6,1396,1,17,5,1
"24668","201401PY20546",2,1,0,18,0,8,0,0,0,0,1,1,6,1,7,-1,-1,-1,5,1
"24669","201401PY20547",1,1,0,5,0,0,0,0,0,0,3,1,6,1,7,-1,-1,-1,-1,-1
"24670","201401PY20547",2,9,0,18,0,0,0,0,0,0,4,1,6,2,5,998,1,8,9,1
"24671","201401PY20548",1,11,0,5,0,0,0,0,0,0,0,1,1,1,8,9000,2,11,7,1
"24672","201401PY20549",1,9,0,18,0,0,0,0,0,0,4,1,6,1,6,1895,1,15,-1,-1
"24673","201401PY20549",2,9,0,2,0,0,0,0,0,0,3,1,6,1,-1,1896,2,12,8,1
"24674","201401PY20549",3,9,0,2,0,0,0,0,0,0,3,1,6,2,-1,1598,1,5,6,1
"24675","201401PY20549",4,9,0,2,0,0,0,0,0,0,2,1,6,1,-1,-1,-1,-1,2,1
"24676","201401PY20549",5,9,0,2,0,0,0,0,0,0,2,1,6,1,-1,1968,2,5,5,1
"24677","201401PY20550",1,9,0,9,0,8,0,0,0,0,4,1,6,1,7,-1,-1,-1,7,1
"24678","201401PY20550",2,3,0,18,0,8,0,0,0,0,1,1,6,1,5,124,1,10,7,3
"24679","201401PY20551",1,9,0,18,0,8,0,0,0,0,1,1,6,2,6,1390,1,14,2,1
"24680","201401PY20551",2,9,0,9,0,8,0,0,0,0,3,1,6,1,7,998,1,14,1,1
"24681","201401PY20552",1,9,0,18,0,8,0,0,0,0,1,1,6,1,-1,-1,-1,-1,3,1
"24682","201401PY20552",2,9,0,7,0,8,0,0,0,0,3,1,6,2,9,1386,1,11,5,1
"24685","201401PY20554",1,9,0,9,0,8,0,0,0,0,3,1,6,2,4,1149,1,12,5,1
"24686","201401PY20554",2,9,0,18,0,8,0,0,0,0,1,1,6,2,7,1997,2,5,10,1
"24687","201401PY20555",1,9,0,18,0,8,0,0,0,0,1,1,6,1,8,1339,1,10,8,1
"24688","201401PY20555",2,9,0,9,0,8,0,0,0,0,3,1,6,1,7,2143,2,2,7,1
"24689","201401PY20557",1,9,0,4,0,8,0,0,0,0,2,1,6,2,5,1995,2,3,6,1
"24690","201401PY20557",2,3,0,18,0,8,0,0,0,0,1,1,6,1,6,125,1,8,4,1
"24691","201401PY20558",1,9,0,18,0,8,0,0,0,0,1,1,6,1,5,-1,-1,-1,-1,-1
"24692","201401PY20558",2,9,0,9,0,8,0,0,0,0,4,1,6,1,-1,1910,2,9,-1,-1
"24693","201401PY20559",1,9,0,6,0,8,0,0,0,0,4,1,6,2,6,1299,1,12,4,1
"24694","201401PY20559",2,1,0,18,0,8,0,0,0,0,1,1,6,1,-1,-1,-1,-1,1,1
"24695","201401PY20560",1,9,0,18,0,8,0,0,0,0,1,1,6,1,7,-1,-1,-1,5,1
"24696","201401PY20560",2,9,0,4,0,8,0,0,0,0,2,1,6,2,7,1796,1,13,7,1
"24697","201401PY20561",1,9,0,18,0,8,0,0,0,0,1,1,6,2,-1,1229,1,-1,9,1
"24698","201401PY20561",2,9,0,4,0,8,0,0,0,0,2,1,6,1,6,-1,-1,-1,4,1
"24699","201401PY20561",3,9,0,4,0,8,0,0,0,0,2,1,6,1,8,-1,-1,-1,8,3
"24700","201401PY20562",1,5,0,18,0,8,0,0,0,0,1,1,6,1,6,647,1,13,3,1
"24701","201401PY20562",2,9,0,9,0,8,0,0,0,0,4,1,6,1,10,1910,2,11,8,1
"24702","201401PY20563",1,9,0,9,0,8,0,0,0,0,4,1,6,1,5,1896,2,12,6,1
"24703","201401PY20563",2,9,0,18,0,8,0,0,0,0,1,1,6,1,5,-1,-1,-1,9,1
"24704","201401PY20564",1,11,0,5,0,0,0,0,0,0,0,1,1,2,7,3900,2,11,4,1
"24705","201401PY20565",1,2,0,18,0,8,0,0,0,0,4,1,6,1,7,125,1,1,5,1
"24706","201401PY20565",2,9,0,12,0,8,0,0,0,0,3,1,6,2,-1,998,1,-1,8,1
"24707","201401PY20566",1,9,0,18,0,8,0,0,0,0,1,1,6,1,-1,-1,-1,-1,-1,-1
"24708","201401PY20569",1,9,0,18,0,0,0,10,1,10,1,1,6,1,11,1296,1,7,9,1
"24709","201401PY20570",1,9,0,7,0,8,0,0,0,0,2,1,6,1,7,1995,2,3,8,1
"24710","201401PY20570",2,1,0,18,0,8,0,0,0,0,1,1,6,1,6,-1,-1,-1,10,1
"24711","201401PY20571",1,9,0,18,0,8,0,0,0,0,4,1,6,2,4,1242,1,-1,4,1
"24712","201401PY20572",1,9,0,18,0,8,0,0,0,0,1,1,6,1,9,1794,1,10,9,1
"24713","201401PY20572",2,5,0,4,0,8,0,0,0,0,2,1,6,1,8,599,1,14,8,1
"24714","201401PY20573",1,1,0,18,0,0,0,0,0,0,3,1,6,1,7,-1,-1,-1,5,1
"24715","201401PY20573",2,9,0,18,0,0,0,0,0,0,1,1,6,1,-1,-1,-1,-1,-1,-1
"24716","201401PY20574",1,9,0,4,0,8,0,0,0,0,2,1,6,1,7,1997,2,6,6,1
"24717","201401PY20574",2,1,0,18,0,8,0,0,0,0,1,1,6,2,8,-1,-1,-1,10,1
"24718","201401PY20575",1,9,0,1,0,8,0,10,1,10,2,1,6,1,-1,-1,-1,-1,-1,-1
"24719","201401PY20576",1,9,0,9,0,8,0,0,0,0,4,1,6,2,7,1332,1,15,9,1
"24720","201401PY20576",2,5,0,18,0,8,0,0,0,0,1,1,6,1,5,1000,1,14,9,1
"24721","201401PY20577",1,9,0,1,0,8,0,0,0,0,2,1,6,2,6,-1,-1,-1,2,1
"24722","201401PY20578",1,9,0,7,0,8,0,0,0,0,3,1,6,1,5,-1,-1,-1,7,1
"24723","201401PY20578",2,19,0,18,0,8,0,0,0,0,3,1,6,1,-1,-1,-1,-1,-1,-1
"24724","201401PY20579",1,9,0,18,0,8,0,0,0,0,1,1,6,1,8,-1,-1,-1,3,1
"24725","201401PY20580",1,9,0,7,0,8,0,0,0,0,4,1,6,1,-1,1997,1,5,9,1
"24726","201401PY20580",2,1,0,18,0,8,0,0,0,0,1,1,6,2,4,-1,-1,-1,10,1
"24727","201401PY20581",1,3,0,18,0,8,0,0,0,0,1,1,6,1,9,-1,-1,-1,3,1
"24728","201401PY20581",2,9,0,7,0,8,0,0,0,0,4,1,6,1,8,2179,2,3,9,1
"24729","201401PY20583",1,9,0,7,0,8,0,0,0,0,4,1,6,2,11,996,1,4,7,1
"24730","201401PY20583",2,1,0,18,0,8,0,0,0,0,1,1,6,1,8,-1,-1,-1,6,1
"24731","201401PY20585",1,9,0,4,0,8,0,0,0,0,2,1,6,2,7,-1,-1,-1,8,1
"24732","201401PY20585",2,9,0,18,0,8,0,0,0,0,1,1,6,2,-1,1796,1,12,8,1
"24733","201401PY20586",1,9,0,18,0,0,5,4,0,0,4,1,6,1,10,1598,1,7,2,2
"24734","201401PY20586",2,9,0,2,0,0,0,0,0,0,3,1,6,3,-1,1560,2,1,-1,-1
"24735","201401PY20587",1,1,0,18,0,8,0,0,0,0,3,1,6,1,8,-1,-1,-1,3,1
"24736","201401PY20587",2,9,0,18,0,8,0,0,0,0,4,1,6,1,-1,-1,-1,-1,5,1
"24737","201401PY20588",1,9,0,4,0,8,0,0,0,0,2,1,6,1,9,1590,1,17,-1,1
"24738","201401PY20588",2,9,0,18,0,8,0,0,0,0,1,1,6,1,4,1149,1,12,9,1
"24739","201401PY20589",1,11,0,4,0,0,0,0,0,0,2,1,1,1,7,-1,2,11,7,1
"24740","201401PY20589",2,9,0,18,0,0,0,0,0,0,1,1,6,1,10,-1,-1,-1,7,1
"24741","201401PY20591",1,9,0,4,0,8,0,0,0,0,2,1,6,1,10,1360,1,3,-1,1
"24742","201401PY20591",2,1,0,18,0,8,0,0,0,0,1,1,6,1,6,-1,-1,-1,9,1
"24743","201401PY20592",1,9,0,18,0,8,0,0,0,0,4,1,6,1,9,-1,-1,-1,4,1
"24744","201401PY20593",1,2,0,9,0,8,0,0,0,0,2,1,6,1,5,124,1,4,2,1
"24745","201401PY20593",2,9,0,18,0,8,0,0,0,0,1,1,6,1,6,-1,-1,-1,-1,-1
"24746","201401PY20594",1,9,0,9,0,8,0,0,0,0,2,1,6,2,9,1997,2,11,8,3
"24747","201401PY20594",2,2,0,18,0,8,0,0,0,0,1,1,6,2,-1,49,1,4,2,1
"24748","201401PY20595",1,3,0,4,0,8,0,0,0,0,2,1,6,1,8,750,1,22,2,1
"24749","201401PY20595",2,9,0,18,0,8,0,0,0,0,1,1,6,1,4,1329,1,-1,-1,-1
"24750","201401PY20596",1,1,0,18,0,0,0,0,0,0,4,1,6,1,6,-1,-1,-1,2,1
"24751","201401PY20596",2,9,0,2,0,0,0,0,0,0,3,1,6,2,-1,1229,1,-1,7,1
"24752","201401PY20597",1,9,0,4,0,8,0,0,0,0,2,1,6,1,8,1242,1,13,8,1
"24753","201401PY20597",2,9,0,18,0,8,0,0,0,0,1,1,6,1,-1,1390,1,13,-1,-1
"24754","201401PY20598",1,9,0,9,0,8,0,0,0,0,3,1,6,1,7,1968,2,7,10,1
"24755","201401PY20598",2,9,0,18,0,8,0,0,0,0,1,1,6,1,7,1686,2,3,3,1
"24756","201401PY20600",1,5,0,18,0,8,0,0,0,0,1,1,6,1,4,645,1,6,2,1
"24757","201401PY20600",2,9,0,9,0,8,0,0,0,0,4,1,6,1,11,1796,2,1,9,1
"24758","201401PY20601",1,20,0,7,0,8,0,0,0,0,3,1,6,1,10,4580,2,5,-1,1
"24759","201401PY20601",2,9,0,18,0,8,0,0,0,0,1,1,6,1,5,-1,-1,-1,7,1
"24760","201401PY20602",1,9,0,4,0,8,0,0,0,0,2,1,6,2,4,1390,1,3,2,1
"24761","201401PY20602",2,9,0,18,0,8,0,0,0,0,1,1,6,2,-1,4999,1,6,-1,-1
"24762","201401PY20603",1,9,0,18,0,8,0,0,0,0,4,1,6,1,11,1968,2,8,8,1
"24763","201401PY20604",1,2,0,9,0,8,0,0,0,0,4,1,6,1,4,124,1,-1,3,1
"24764","201401PY20604",2,9,0,18,0,8,0,0,0,0,1,1,6,2,6,-1,-1,-1,4,1
"24765","201401PY20606",1,9,0,4,0,0,0,0,0,0,2,1,6,1,9,1596,1,4,10,1
"24766","201401PY20606",2,1,0,18,0,0,0,0,0,0,1,1,6,1,3,-1,-1,-1,9,1
"24767","201401PY20607",1,9,0,18,0,8,0,0,0,0,1,1,6,1,6,1388,1,9,-1,1
"24768","201401PY20607",2,9,0,9,0,8,0,0,0,0,1,1,6,1,-1,1390,1,10,6,1
"24769","201401PY20608",1,9,0,18,0,8,0,0,0,0,1,1,6,2,7,1198,1,11,4,1
"24770","201401PY20608",2,9,0,9,0,8,0,0,0,0,1,1,6,1,5,998,1,-1,3,1
"24771","201401PY20610",1,9,0,9,0,8,0,0,0,0,4,1,6,1,5,1995,1,13,9,1
"24772","201401PY20610",2,3,0,18,0,8,0,0,0,0,1,1,6,1,4,125,1,2,4,1
"24773","201401PY20611",1,9,0,18,0,0,0,0,0,0,3,1,6,2,5,1364,1,6,9,1
"24774","201401PY20611",2,9,0,11,0,0,0,0,0,0,4,1,6,1,11,1998,2,5,7,1
"24775","201401PY20612",1,9,0,18,0,8,0,0,0,0,1,1,6,2,7,1984,1,13,-1,1
"24776","201401PY20613",1,9,0,18,0,0,0,0,0,0,1,1,6,1,-1,1199,1,13,-1,-1
"24777","201401PY20614",1,9,0,18,0,8,0,0,0,0,1,1,6,1,10,1997,1,5,10,1
"247781","201401PY20614",2,9,0,2,0,8,0,0,0,0,1,1,6,1,-1,-1,-1,-1,9,1
"247791","201401PY20615",1,3,0,18,0,0,0,0,0,0,3,1,6,1,4,108,1,-1,9,1
"24780","201401PY20616",1,9,0,4,0,8,0,0,0,0,2,1,6,2,7,1598,1,8,6,1
"24781","201401PY20616",2,9,0,18,0,8,0,0,0,0,1,1,6,2,-1,-1,-1,-1,-1,-1
"24782","201401PY20617",1,9,0,18,0,8,0,10,1,1,1,1,6,1,7,-1,-1,-1,6,1
"24783","201401PY20619",1,9,0,18,0,8,0,0,0,0,1,1,6,1,7,1598,1,7,8,1
"24784","201401PY20619",2,9,0,9,0,8,0,0,0,0,4,1,6,2,9,2319,1,14,2,1
"24785","201401PY20620",1,9,0,18,0,8,0,0,0,0,1,1,6,1,6,-1,-1,-1,5,1
"24786","201401PY20621",1,9,0,7,0,8,0,0,0,0,4,1,6,2,7,1242,1,4,2,1
"24787","201401PY20622",1,9,0,18,0,8,0,0,0,0,1,1,6,2,6,1086,1,8,5,1
"24788","201401PY20622",2,9,0,4,0,8,0,0,0,0,2,1,6,2,7,1490,1,6,9,1
"24789","201401PY20623",1,9,0,18,0,8,0,0,0,0,1,1,6,2,8,1397,1,12,4,1
"24790","201401PY20623",2,9,0,4,0,8,0,0,0,0,2,1,6,2,6,2967,2,4,8,1
"24791","201401PY20624",1,9,0,18,0,0,0,7,0,0,1,1,6,1,10,-1,-1,-1,3,1
"24792","201401PY20625",1,9,0,9,0,8,0,0,0,0,3,1,6,1,9,1229,1,9,2,1
"24793","201401PY20625",2,3,0,18,0,8,0,0,0,0,1,1,6,1,-1,-1,-1,-1,3,1
"24794","201401PY20626",1,9,0,18,0,8,0,0,0,0,1,1,6,1,7,330,1,10,2,1
"24795","201401PY20626",2,1,0,7,0,8,0,0,0,0,3,1,6,1,7,-1,-1,-1,4,1
"24796","201401PY20627",1,9,0,6,0,8,0,0,0,0,4,1,6,1,8,1598,1,14,10,1
"24797","201401PY20627",2,19,0,18,0,8,0,0,0,0,1,1,6,1,5,-1,-1,-1,7,1
"24798","201401PY20627",3,9,0,18,0,8,0,0,0,0,1,1,6,1,9,1390,1,13,8,1
"24799","201401PY20628",1,11,0,15,0,8,0,0,0,0,4,1,1,1,5,9400,2,8,9,1
"24800","201401PY20628",2,20,0,3,0,8,0,0,0,0,2,1,6,1,8,-1,-1,-1,4,1
"24801","201401PY20629",1,9,0,18,0,0,0,0,0,0,4,1,6,2,7,1986,2,9,2,1
"24802","201401PY20630",1,9,0,18,0,8,0,0,0,0,1,1,6,1,9,1149,1,13,-1,-1
"24803","201401PY20631",1,11,0,4,0,8,0,0,0,0,0,1,1,1,7,-1,2,11,9,1
"24804","201401PY20631",2,9,0,9,0,8,0,0,0,0,0,1,6,3,-1,-1,-1,-1,-1,-1
"24805","201401PY20632",1,9,0,9,0,8,0,0,0,0,4,1,6,2,8,1598,1,1,8,1
"24806","201401PY20632",2,1,0,18,0,8,0,0,0,0,1,1,6,1,4,-1,-1,-1,10,1
"24807","201401PY20633",1,9,0,18,0,1,0,0,0,0,1,1,1,2,8,2776,2,7,7,1
"24808","201401PY20635",1,9,0,7,0,8,0,0,0,0,3,1,6,1,7,1598,1,6,9,1
"24809","201401PY20635",2,1,0,18,0,8,0,0,0,0,1,1,6,1,-1,-1,-1,-1,3,1
"24810","201401PY20636",1,9,0,3,0,1,0,0,0,0,2,1,6,1,6,-1,-1,-1,-1,-1
"24811","201401PY20636",2,9,0,4,0,1,0,0,0,0,1,1,6,2,4,1995,1,3,10,1
"24812","201401PY20637",1,9,0,2,0,8,0,0,0,0,3,1,6,1,9,1399,2,11,3,1
"24813","201401PY20637",2,9,0,5,0,8,0,0,0,0,4,1,6,1,4,1560,2,-1,-1,1
"24814","201401PY20637",3,9,0,2,0,8,0,0,0,0,3,1,6,2,8,1398,2,1,3,1
"24815","201401PY20638",1,9,0,4,0,8,0,0,0,0,1,1,6,1,-1,-1,-1,-1,-1,-1
"24816","201401PY20639",1,11,0,5,0,0,0,0,0,0,2,1,6,1,6,7300,2,9,3,1
"24817","201401PY20639",2,9,0,18,0,0,0,0,0,0,1,1,6,1,-1,-1,-1,-1,3,1
"24818","201401PY20640",1,19,0,5,0,0,0,0,0,0,3,1,6,1,7,2287,2,3,6,1
"24819","201401PY20640",2,9,0,18,0,0,0,0,0,0,3,1,6,1,8,1598,1,14,1,1
"24820","201401PY20641",1,9,0,18,0,1,0,0,0,0,1,1,6,1,-1,-1,-1,-1,-1,-1
"24821","201401PY20641",2,9,0,3,0,1,0,0,0,0,2,1,6,1,4,1149,1,9,8,1
"24822","201401PY20641",3,9,0,3,0,1,0,0,0,0,2,1,6,1,-1,-1,-1,-1,-1,-1
"24823","201401PY20642",1,9,0,9,0,8,0,0,0,0,4,1,6,1,4,-1,-1,-1,10,1
"24824","201401PY20642",2,9,0,18,0,8,0,0,0,0,1,1,6,2,-1,998,1,12,8,1
"24825","201401PY20643",1,9,0,18,0,0,0,0,0,0,3,1,6,1,8,-1,-1,-1,9,1
"24826","201401PY20643",2,3,0,15,0,0,0,0,0,0,4,1,6,1,4,-1,-1,-1,2,1
"24827","201401PY20644",1,9,0,7,0,8,0,0,0,0,3,1,6,2,7,1490,1,7,7,1
"24828","201401PY20644",2,9,0,18,0,8,0,0,0,0,1,1,6,2,-1,-1,-1,-1,10,1
"24829","201401PY20645",1,9,0,18,0,8,0,0,0,0,3,1,1,1,5,1910,2,4,-1,-1
"24830","201401PY20645",2,3,0,18,0,8,0,0,0,0,1,1,6,1,8,125,1,8,6,1
"24833","201401PY20647",1,9,0,9,0,8,0,0,0,0,3,1,6,2,-1,1386,1,7,-1,-1
"24834","201401PY20647",2,3,0,14,0,8,0,0,0,0,1,1,6,1,-1,-1,-1,-1,-1,-1
"24837","201401PY20649",1,9,0,11,0,1,0,0,0,0,4,1,6,2,8,1398,1,9,7,1
"24838","201401PY20649",2,4,0,18,0,1,0,0,0,0,3,1,1,1,6,49,1,13,3,1
"24839","201401PY20650",1,4,0,18,0,1,0,0,0,0,2,1,6,1,4,124,1,13,10,1
"24840","201401PY20650",2,9,0,18,0,1,0,0,0,0,1,1,6,3,-1,-1,-1,-1,-1,-1
"24841","201401PY20652",1,9,0,18,0,8,0,0,0,0,1,1,6,1,7,1998,1,5,3,1
"24842","201401PY20652",2,9,0,9,0,8,0,0,0,0,3,1,6,1,7,1598,2,2,9,1
"24843","201401PY20652",3,9,0,3,0,8,0,0,0,0,3,1,6,1,9,1896,2,11,10,1
"24844","201401PY20653",1,9,0,9,0,8,0,0,0,0,3,1,6,2,8,1398,1,1,9,1
"24845","201401PY20653",2,3,0,18,0,8,0,0,0,0,1,1,1,1,4,-1,-1,-1,-1,-1