"","Acc_Index","Vehicle_Reference","Vehicle_Type","Towing_and_Articulation","Vehicle_Manoeuvre","Vehicle_Location.Restricted_Lane","Junction_Location","Skidding_and_Overturning","Hit_Object_in_Carriageway","Vehicle_Leaving_Carriageway","Hit_Object_off_Carriageway","X1st_Point_of_Impact","Was_Vehicle_Left_Hand_Drive","Journey_Purpose_of_Driver","Sex_of_Driver","Age_Band_of_Driver","Engine_Capacity_.CC.","Propulsion_Code","Age_of_Vehicle","Driver_IMD_Decile","Driver_Home_Area_Type"
"24846","201401PY20654",1,19,0,18,0,8,0,0,0,0,1,1,6,1,9,2464,2,6,6,1
"24847","201401PY20654",2,9,0,7,0,8,0,0,0,0,4,1,6,1,11,1800,1,15,6,3
"24848","201401PY20655",1,9,0,18,0,2,0,10,1,2,1,1,6,2,8,998,1,4,-1,-1
"24849","201401PY20656",1,9,0,18,0,8,0,0,0,0,4,1,6,2,7,2494,1,11,9,1
"24850","201401PY20656",2,9,0,18,0,8,0,0,0,0,1,1,6,1,5,1598,2,-1,10,1
"24851","201401PY20657",1,9,0,18,0,2,0,0,0,0,1,1,6,2,6,1388,1,16,10,1
"24852","201401PY20658",1,1,0,18,0,8,0,0,0,0,1,1,6,1,6,-1,-1,-1,2,1
"24853","201401PY20658",2,9,0,9,0,8,0,0,0,0,4,1,6,1,-1,1596,1,11,-1,-1
"24854","201401PY20659",1,9,0,3,0,1,0,0,0,0,1,1,6,1,8,1796,1,11,2,1
"24855","201401PY20659",2,9,0,1,0,2,0,0,0,0,2,1,6,1,-1,1753,2,4,-1,-1
"24856","201401PY20660",1,19,0,18,0,0,1,7,0,0,1,1,6,1,8,2402,2,8,3,1
"24857","201401PY20661",1,19,0,3,0,1,0,0,0,0,2,1,6,1,9,-1,-1,-1,-1,-1
"24858","201401PY20661",2,5,0,14,0,1,0,0,0,0,1,1,6,1,6,487,1,10,2,1
"24859","201401PY20662",1,9,0,18,0,1,0,0,0,0,1,1,6,3,-1,-1,-1,-1,-1,-1
"24860","201401PY20663",1,11,0,4,0,8,0,0,0,0,0,1,1,1,5,4461,2,1,9,1
"24861","201401PY20664",1,1,0,18,0,8,0,0,0,0,1,1,6,2,8,-1,-1,-1,2,1
"24862","201401PY20664",2,19,0,7,0,8,0,0,0,0,3,1,6,3,-1,-1,-1,-1,-1,-1
"24863","201401PY20665",1,5,0,18,0,8,0,0,0,0,1,1,6,1,7,1255,1,4,9,1
"24864","201401PY20665",2,9,0,9,0,8,0,0,0,0,4,1,6,1,6,1591,1,6,9,1
"24865","201401PY20666",1,1,0,18,0,1,0,0,0,0,2,1,6,1,7,-1,-1,-1,-1,-1
"24866","201401PY20666",2,9,0,13,0,1,0,0,0,0,1,1,6,2,-1,2000,1,6,10,1
"24867","201401PY20667",1,9,0,7,0,8,0,0,0,0,3,1,6,1,5,1598,2,-1,3,1
"24868","201401PY20667",2,1,0,18,0,8,0,0,0,0,1,1,6,1,7,-1,-1,-1,8,1
"24869","201401PY20668",1,9,0,4,0,1,0,0,0,0,2,1,1,1,6,1398,2,11,2,1
"24870","201401PY20668",2,9,0,4,0,1,0,0,0,0,1,1,6,3,-1,3982,1,19,-1,-1
"24874","201401PY20670",1,9,0,18,0,0,0,0,0,0,4,1,6,2,4,1364,1,6,8,1
"24875","201401PY20671",1,9,0,18,0,0,0,0,0,0,1,1,6,1,8,-1,-1,-1,10,1
"24880","201401PY20674",1,5,0,18,0,0,0,0,0,0,3,1,6,1,7,-1,-1,-1,2,1
"24881","201401PY20677",1,9,0,18,0,0,0,0,0,0,1,1,6,1,11,-1,-1,-1,2,1
"24882","201401PY20677",2,9,0,18,0,0,0,0,0,0,1,1,6,1,8,-1,-1,-1,4,1
"24883","201401PY20678",1,9,0,18,0,8,5,0,0,0,4,1,6,2,11,1240,1,11,8,1
"24884","201401PY20679",1,9,0,4,0,8,0,0,0,0,2,1,6,1,8,-1,-1,-1,1,1
"24885","201401PY20679",2,19,0,18,0,8,0,0,0,0,1,1,6,1,7,2198,2,-1,3,1
"24886","201401PY20680",1,9,0,9,0,8,0,0,0,0,3,1,6,2,8,-1,-1,-1,6,1
"24887","201401PY20680",2,19,0,18,0,8,0,0,0,0,1,1,6,1,5,-1,-1,-1,4,1
"24888","201401PY20681",1,9,0,18,0,8,0,0,0,0,1,1,6,2,6,1598,1,4,8,1
"24889","201401PY20681",2,9,0,4,0,8,0,0,0,0,2,1,6,1,6,-1,-1,-1,1,1
"24890","201401PY20681",3,9,0,4,0,8,0,0,0,0,2,1,6,1,6,-1,-1,-1,-1,-1
"24891","201401PY20682",1,9,0,18,0,8,0,9,0,0,1,1,6,1,5,1995,2,7,3,1
"24892","201401PY20683",1,9,0,18,0,8,0,0,0,0,1,1,6,1,-1,-1,-1,-1,3,1
"24893","201401PY20684",1,9,0,9,0,8,0,0,0,0,4,1,6,2,4,-1,-1,-1,9,1
"24894","201401PY20684",2,1,0,18,0,8,0,0,0,0,1,1,6,1,6,-1,-1,-1,6,1
"24895","201401PY20685",1,9,0,18,0,8,0,0,0,0,1,1,6,2,10,1598,1,8,3,1
"24896","201401PY20685",2,9,0,9,0,8,0,0,0,0,1,1,6,2,5,1198,1,-1,1,1
"24897","201401PY20686",1,9,0,7,0,8,0,0,0,0,3,1,6,1,8,1582,2,6,3,1
"24898","201401PY20686",2,1,0,18,0,8,0,0,0,0,1,1,6,1,7,-1,-1,-1,7,1
"24899","201401PY20687",1,9,0,4,0,8,0,0,0,0,2,1,6,2,5,1388,1,4,6,1
"24900","201401PY20687",2,9,0,18,0,8,0,0,0,0,1,1,6,1,-1,-1,-1,-1,-1,-1
"24901","201401PY20688",1,9,0,7,0,8,0,10,1,2,1,1,6,2,11,1198,1,4,6,2
"24902","201401PY20689",1,9,0,4,0,8,0,0,0,0,2,1,6,2,6,1149,1,12,2,1
"24903","201401PY20689",2,11,0,18,0,8,0,0,0,0,1,1,1,1,-1,4461,2,2,-1,-1
"24904","201401PY20691",1,9,0,18,0,0,0,4,0,0,4,1,6,1,10,1289,1,16,6,1
"24905","201401PY20691",2,9,0,2,0,0,0,0,0,0,4,1,6,1,-1,-1,-1,-1,-1,-1
"24906","201401PY20692",1,9,0,18,0,0,0,0,0,0,1,1,6,1,6,1399,2,4,9,1
"24907","201401PY20692",2,9,0,18,0,0,0,0,0,0,1,1,6,2,8,1995,1,8,9,1
"24908","201401PY20693",1,2,0,18,0,8,0,0,0,0,1,1,6,1,4,49,1,5,2,1
"24909","201401PY20693",2,9,0,9,0,8,0,0,0,0,4,1,6,2,5,1390,1,4,8,1
"24910","201401PY20694",1,9,0,3,0,8,0,0,0,0,1,1,6,2,8,1199,1,14,7,3
"24911","201401PY20694",2,9,0,1,0,8,0,0,0,0,2,1,6,1,-1,1999,1,8,6,1
"24912","201401PY20695",1,3,0,18,0,8,0,0,0,0,2,1,6,1,6,125,1,-1,7,1
"24913","201401PY20695",2,19,0,18,0,8,0,0,0,0,1,1,6,1,-1,1868,2,8,-1,-1
"24914","201401PY20696",1,9,0,2,0,8,0,0,0,0,1,1,6,2,4,998,1,-1,10,1
"24915","201401PY20696",2,9,0,2,0,8,0,0,0,0,1,1,6,2,4,-1,-1,-1,10,1
"24916","201401PY20696",3,11,0,18,0,8,0,0,0,0,1,1,6,1,6,-1,2,11,1,1
"24917","201401PY20697",1,9,0,18,0,0,0,0,0,0,3,1,6,2,10,1390,1,13,4,1
"24918","201401PY20698",1,5,0,18,0,8,0,0,0,0,1,1,6,1,6,599,1,10,-1,-1
"24919","201401PY20698",2,9,0,9,0,8,0,0,0,0,4,1,6,1,7,1986,2,7,10,1
"24920","201401PY20699",1,9,0,18,0,8,0,0,0,0,1,1,6,2,5,-1,-1,-1,1,1
"24921","201401PY20699",2,19,0,18,0,8,0,0,0,0,3,1,6,1,7,-1,-1,-1,6,1
"24922","201401PY20700",1,9,0,4,0,8,0,0,0,0,2,1,6,1,9,1242,1,14,5,1
"24923","201401PY20700",2,9,0,4,0,8,0,0,0,0,2,1,6,1,6,2967,2,7,3,1
"24924","201401PY20700",3,9,0,18,0,8,0,0,0,0,1,1,6,2,8,1490,1,6,4,1
"24925","201401PY20701",1,9,0,18,0,8,0,10,1,2,1,1,6,1,5,1968,2,6,4,1
"24926","201401PY20702",1,9,0,4,0,8,0,0,0,0,2,1,6,1,7,1870,2,4,7,3
"24927","201401PY20702",2,9,0,18,0,8,0,0,0,0,1,1,6,1,-1,-1,-1,-1,-1,-1
"24928","201401PY20703",1,9,0,18,0,1,0,0,0,0,3,1,6,1,8,1390,1,6,8,1
"24929","201401PY20703",2,11,0,11,0,1,0,0,0,0,4,1,1,1,-1,-1,-1,-1,-1,-1
"24930","201401PY20704",1,9,0,18,0,0,0,7,0,0,1,1,6,1,10,1995,1,7,3,1
"24931","201401PY20705",1,9,0,18,0,8,0,0,0,0,4,1,6,2,8,1595,1,-1,10,1
"24932","201401PY20705",2,9,0,18,0,8,0,0,0,0,1,1,6,2,-1,1560,2,9,9,1
"24933","201401PY20706",1,9,0,9,0,8,0,0,0,0,3,1,6,2,6,-1,-1,-1,8,1
"24934","201401PY20706",2,5,0,18,0,8,0,0,0,0,1,1,6,1,9,-1,-1,-1,8,1
"24935","201401PY20707",1,9,0,18,0,8,0,0,0,0,1,1,6,2,7,1596,1,16,-1,-1
"249361","201401PY20707",2,9,0,9,0,8,0,0,0,0,3,1,6,1,10,-1,-1,-1,6,1
"249371","201401PY20708",1,1,0,18,0,8,0,0,0,0,3,1,6,1,7,-1,-1,-1,4,1
"24938","201401PY20708",2,9,0,18,0,8,0,0,0,0,4,1,6,1,8,1390,1,2,-1,-1
"24939","201401PY20709",1,9,0,7,0,8,0,0,0,0,4,1,6,2,10,1198,1,1,8,1
"24940","201401PY20709",2,1,0,7,0,8,0,0,0,0,3,1,6,2,4,-1,-1,-1,4,1
"24941","201401PY20710",1,9,0,9,0,8,0,0,0,0,3,1,6,1,5,1598,1,9,1,1
"24942","201401PY20710",2,9,0,18,0,8,0,0,0,0,1,1,6,1,5,1596,1,18,10,1
"24943","201401PY20711",1,1,0,18,0,1,0,0,0,0,0,1,6,1,8,-1,-1,-1,8,1
"24944","201401PY20712",1,19,0,18,0,8,0,0,0,0,3,1,1,1,6,1461,2,2,-1,1
"24945","201401PY20712",2,19,0,18,0,8,0,0,0,0,1,1,6,1,9,1870,2,11,1,1
"24946","201401PY20713",1,9,0,18,0,0,0,7,0,0,1,1,6,2,8,1360,1,12,9,1
"24947","201401PY20714",1,9,0,18,0,8,0,0,0,0,4,1,6,2,9,1498,1,3,-1,1
"24948","201401PY20714",2,9,0,9,0,8,0,0,0,0,1,1,6,1,9,2720,2,6,-1,1
"24949","201401PY20715",1,9,0,18,0,8,0,0,0,0,1,1,6,1,6,1598,1,13,3,1
"24950","201401PY20715",2,9,0,18,0,8,0,0,0,0,2,1,6,1,-1,1598,1,11,-1,-1
"24951","201401PY20716",1,3,0,18,0,0,0,0,0,0,3,1,6,1,5,125,1,13,1,1
"24952","201401PY20717",1,9,0,18,0,0,0,4,0,0,1,1,6,1,5,-1,-1,-1,-1,-1
"24953","201401PY20717",2,9,0,2,0,0,0,0,0,0,3,1,6,1,-1,-1,-1,-1,6,1
"24954","201401PY20719",1,3,0,18,0,0,0,0,0,0,0,1,6,1,4,-1,-1,-1,3,1
"24955","201401PY20720",1,9,0,18,0,0,0,0,0,0,1,1,6,2,5,1242,1,1,10,1
"24956","201401PY20720",2,9,0,18,0,0,0,0,0,0,1,1,6,1,9,1991,2,3,10,1
"24957","201401PY20722",1,9,0,18,0,8,0,0,0,0,1,1,6,1,6,1199,1,14,10,1
"24958","201401PY20722",2,9,0,17,0,8,0,0,0,0,4,1,6,1,6,2656,1,11,2,1
"24959","201401PY20723",1,19,0,4,0,8,0,0,0,0,2,1,6,1,8,1399,2,4,9,1
"24960","201401PY20723",2,9,0,18,0,8,0,0,0,0,1,1,6,2,-1,1587,1,11,-1,-1
"24961","201401PY20724",1,3,0,9,0,8,0,0,0,0,4,1,6,1,4,124,1,-1,3,1
"24962","201401PY20724",2,9,0,18,0,8,0,0,0,0,1,1,6,1,8,1339,8,2,5,1
"24963","201401PY20725",1,9,0,17,0,2,0,10,1,4,4,1,6,2,6,1761,1,14,9,1
"24964","201401PY20726",1,19,0,18,0,8,0,0,0,0,1,1,6,1,-1,2198,2,-1,-1,-1
"24965","201401PY20727",1,9,0,18,0,8,0,0,0,0,1,1,6,2,-1,1753,2,8,8,1
"24966","201401PY20727",2,9,0,4,0,8,0,0,0,0,2,1,6,1,-1,1461,2,6,6,1
"24967","201401PY20728",1,9,0,9,0,8,0,0,0,0,3,1,6,2,6,1197,1,-1,4,1
"24968","201401PY20728",2,5,0,18,0,8,0,0,0,0,1,1,6,1,7,745,1,-1,4,1
"24969","201401PY20729",1,9,0,7,0,8,0,0,0,0,4,1,6,2,5,1598,1,5,4,1
"24970","201401PY20729",2,1,0,18,0,8,0,0,0,0,1,1,6,2,-1,-1,-1,-1,-1,-1
"24971","201401PY20730",1,9,0,18,0,8,0,0,0,0,1,1,6,2,9,-1,-1,-1,4,1
"24972","201401PY20730",2,19,0,9,0,8,0,0,0,0,3,1,6,1,9,2402,2,8,3,1
"24973","201401PY20731",1,9,0,18,0,8,0,0,0,0,1,1,6,1,7,2616,1,5,4,1
"24974","201401PY20731",2,9,0,18,0,8,0,0,0,0,3,1,6,1,8,1896,2,19,7,1
"24975","201401PY20732",1,9,0,18,0,0,0,0,0,0,1,1,6,2,7,1242,1,2,7,1
"24976","201401PY20732",2,9,0,18,0,0,0,0,0,0,1,1,6,2,6,1242,1,-1,8,1
"24977","201401PY20733",1,19,0,18,0,8,0,0,0,0,4,1,6,1,-1,-1,-1,-1,-1,-1
"24978","201401PY20733",2,1,0,18,0,8,0,0,0,0,3,1,6,1,6,-1,-1,-1,1,1
"24979","201401PY20734",1,9,0,18,0,8,0,0,0,0,3,1,6,2,8,1390,1,13,3,1
"24980","201401PY20734",2,9,0,15,0,8,0,0,0,0,4,1,6,1,-1,-1,-1,-1,-1,-1
"24981","201401PY20736",1,9,0,4,0,8,0,0,0,0,2,1,6,1,7,-1,-1,-1,-1,1
"24982","201401PY20736",2,9,0,18,0,8,0,0,0,0,1,1,6,2,6,1598,1,4,-1,-1
"24983","201401PY20737",1,9,0,18,0,0,0,0,0,0,3,1,6,2,8,1900,2,8,6,1
"24984","201401PY20739",1,9,0,18,0,8,0,7,0,0,1,1,6,1,5,-1,-1,-1,8,1
"24985","201401PY20739",2,9,0,9,0,8,0,0,0,0,3,1,6,1,8,1968,2,10,4,1
"24986","201401PY20739",3,9,0,18,0,8,0,0,0,0,1,1,6,1,7,-1,-1,-1,2,1
"24987","201401PY20740",1,9,0,18,0,8,0,0,0,0,4,1,6,1,11,1699,1,8,8,1
"24988","201401PY20741",1,9,0,18,0,0,0,0,0,0,1,1,6,1,6,1948,1,17,4,1
"24989","201401PY20742",1,9,0,18,0,0,0,0,0,0,4,1,6,1,6,1686,2,4,6,1
"24990","201401PY20743",1,9,0,18,0,0,5,4,0,0,1,1,6,1,8,1596,1,8,3,1
"24991","201401PY20743",2,9,0,2,0,0,0,0,0,0,1,1,6,3,-1,1339,1,11,-1,-1
"24992","201401PY20743",3,9,0,2,0,0,0,0,0,0,1,1,6,3,-1,-1,-1,-1,-1,-1
"24993","201401PY20744",1,9,0,9,0,8,0,0,0,0,1,1,6,2,7,1984,1,4,10,1
"24994","201401PY20744",2,5,0,18,0,8,0,0,0,0,1,1,6,1,8,-1,-1,-1,7,1
"24995","201401PY20746",1,9,0,18,0,0,0,0,0,0,1,1,6,1,7,1796,1,4,3,1
"24996","201401PY20748",1,9,0,4,0,0,0,0,0,0,2,1,6,1,5,1956,2,1,7,1
"24997","201401PY20748",2,3,0,18,0,0,0,0,0,0,1,1,6,1,4,124,1,-1,2,1
"24998","201401PY20749",1,9,0,18,0,0,0,0,0,0,1,1,6,1,9,2179,2,1,7,1
"24999","201401PY20749",2,9,0,4,0,0,0,0,0,0,2,1,6,1,9,1896,2,11,-1,-1
"25000","201401PY20751",1,3,0,18,0,0,0,0,0,0,3,1,6,1,10,-1,-1,-1,5,1
"25001","201401PY20752",1,9,0,18,0,0,0,4,0,0,1,1,6,2,8,1598,1,6,4,1
"25002","201401PY20752",2,9,0,2,0,0,0,0,0,0,1,1,6,1,5,-1,-1,-1,7,1
"25003","201401PY20752",3,9,0,2,0,0,0,0,0,0,2,1,6,2,7,1390,1,9,8,1
"25004","201401PY20753",1,19,0,18,0,0,0,0,0,0,1,1,6,1,9,-1,-1,-1,4,1
"25005","201401PY20753",2,9,0,4,0,0,0,0,0,0,2,1,6,1,6,1968,2,2,8,1
"25006","201401PY20754",1,9,0,18,0,0,0,0,0,0,1,1,6,1,9,1595,1,9,4,1
"25007","201401PY20755",1,9,0,5,0,8,0,0,0,0,3,1,6,2,6,3498,1,10,9,3
"25008","201401PY20755",2,3,0,18,0,8,0,0,0,0,1,1,6,1,7,125,1,3,3,1
"25009","201401PY20756",1,9,0,18,0,0,0,0,0,0,1,1,6,1,8,1968,2,-1,9,1
"25010","201401PY20756",2,9,0,4,0,0,0,0,0,0,2,1,6,1,8,1598,1,10,2,1
"25011","201401PY20756",3,9,0,4,0,0,0,0,0,0,2,1,6,1,9,1998,2,10,10,1
"25012","201401PY20757",1,9,0,7,0,8,0,0,0,0,2,1,6,1,4,1124,1,12,3,1
"25013","201401PY20757",2,9,0,18,0,8,0,0,0,0,1,1,6,2,10,1328,1,5,9,1
"25014","201401PY20758",1,9,0,1,0,8,0,0,0,0,2,1,6,1,-1,-1,-1,-1,-1,-1
"250151","201401PY20760",1,9,0,18,0,0,0,0,0,0,1,1,6,1,-1,-1,-1,-1,-1,-1
"25016","201401PY20761",1,9,0,9,0,8,0,0,0,0,4,1,6,2,8,998,1,-1,9,1
"25017","201401PY20761",2,9,0,18,0,8,0,0,0,0,1,1,6,1,7,1686,2,9,5,1
"25018","201401PY20762",1,9,0,18,0,8,0,0,0,0,1,1,6,2,5,1199,1,10,6,1
"25019","201401PY20762",2,9,0,18,0,8,0,0,0,0,2,1,6,2,7,998,1,6,-1,-1
"25020","201401PY20763",1,9,0,9,0,8,0,0,0,0,2,1,6,1,-1,1753,2,6,9,1
"25021","201401PY20763",2,9,0,9,0,8,0,0,0,0,1,1,6,1,7,1896,2,11,9,1
"25022","201401PY20765",1,90,0,9,0,8,0,0,0,0,3,1,1,2,6,-1,-1,-1,-1,-1
"25023","201401PY20765",2,9,0,18,0,8,0,0,0,0,1,1,6,1,9,-1,-1,-1,5,1
"25026","201401PY20768",1,9,0,18,0,0,0,0,0,0,1,1,6,1,7,-1,-1,-1,-1,-1
"25027","201401PY20769",1,9,0,5,0,0,0,0,0,0,3,1,6,1,11,1400,1,5,2,1
"25028","201401PY20769",2,9,0,18,0,0,0,0,0,0,1,1,6,1,7,1998,2,2,7,2
"25029","201401PY20769",3,19,0,2,0,0,0,0,0,0,1,1,6,2,8,-1,-1,-1,5,1
"25030","201401PY20770",1,3,0,18,0,8,0,0,0,0,1,1,6,2,8,124,1,3,8,1
"25031","201401PY20770",2,9,0,5,0,8,0,0,0,0,4,1,6,1,8,1390,1,3,9,1
"25032","201401PY20771",1,9,0,1,0,8,0,0,0,0,2,1,6,1,-1,1242,1,-1,-1,-1
"25033","201401PY20772",1,9,0,18,0,8,0,0,0,0,1,1,6,1,7,1596,1,6,-1,1
"25034","201401PY20772",2,1,0,9,0,8,0,0,0,0,3,1,6,1,3,-1,-1,-1,-1,1
"25035","201401PY20773",1,3,0,18,0,8,0,0,0,0,4,1,6,1,4,123,1,-1,10,1
"25036","201401PY20773",2,9,0,18,0,8,0,0,0,0,1,1,6,1,-1,1598,1,12,-1,-1
"25037","201401PY20774",1,9,0,18,0,8,0,0,0,0,1,1,6,1,-1,-1,-1,-1,-1,-1
"25040","201401PY20776",1,9,0,9,0,8,0,0,0,0,0,1,6,1,7,1242,1,-1,8,1
"25041","201401PY20776",2,1,0,18,0,8,0,0,0,0,0,1,6,1,10,-1,-1,-1,3,1
"25042","201401PY20777",1,9,0,9,0,8,0,0,0,0,1,1,6,1,7,1998,1,11,3,1
"25043","201401PY20777",2,5,0,18,0,8,0,0,0,0,1,1,6,1,6,598,1,17,6,1
"25044","201401PY20779",1,9,0,18,0,8,0,10,1,10,4,1,6,2,11,1242,1,5,10,1
"25045","201401PY20780",1,11,0,4,0,1,0,0,0,0,0,1,1,1,8,6692,2,4,10,1
"25046","201401PY20781",1,9,0,4,0,8,0,0,0,0,2,1,6,2,8,3222,2,10,6,1
"25047","201401PY20781",2,9,0,18,0,8,0,0,0,0,1,1,6,1,6,1229,1,6,2,1
"25048","201401PY20782",1,8,0,18,0,8,0,9,0,0,3,1,6,1,8,1388,1,8,4,1
"25051","201401PY20784",1,9,0,18,0,8,0,0,0,0,1,1,6,2,7,2776,2,-1,9,1
"25052","201401PY20784",2,9,0,18,0,8,0,0,0,0,3,1,6,1,-1,1598,1,10,-1,-1
"25053","201401PY20785",1,9,0,18,0,8,0,0,0,0,1,1,6,1,11,1498,1,4,3,1
"25054","201401PY20785",2,9,0,9,0,8,0,0,0,0,4,1,6,2,8,-1,-1,-1,9,1
"25055","201401PY20786",1,9,0,9,0,8,0,0,0,0,1,1,6,2,8,-1,-1,-1,1,1
"25056","201401PY20787",1,9,0,18,0,8,0,10,1,1,4,1,6,1,11,1580,1,19,-1,-1
"25057","201401PY20788",1,9,0,18,0,0,0,0,0,0,1,1,6,2,7,-1,-1,-1,-1,-1
"25058","201401PY20789",1,9,0,9,0,8,0,0,0,0,4,1,6,1,7,-1,-1,-1,1,1
"25059","201401PY20789",2,5,0,18,0,8,0,0,0,0,1,1,6,1,6,645,1,11,9,1
"25060","201401PY20790",1,9,0,3,0,1,0,0,0,0,2,1,6,1,7,1596,1,3,8,1
"25061","201401PY20790",2,9,0,18,0,1,0,0,0,0,1,1,6,1,-1,1975,1,8,9,1
"25062","201401PY20791",1,9,0,18,0,0,0,0,0,0,1,1,6,1,8,999,1,-1,-1,1
"25063","201401PY20792",1,9,0,18,0,8,0,7,0,0,1,1,6,1,6,3564,1,8,2,1
"25064","201401PY20794",1,9,0,9,0,8,0,0,0,0,4,1,6,2,7,1598,1,12,5,1
"25065","201401PY20794",2,9,0,9,0,8,0,0,0,0,3,1,6,1,6,-1,-1,-1,6,3
"25066","201401PY20795",1,9,0,18,0,8,0,10,1,2,4,1,6,1,7,1598,1,14,4,1
"25067","201401PY20796",1,9,0,17,0,8,0,10,1,4,4,1,6,2,4,1229,1,1,10,1
"25068","201401PY20797",1,9,0,1,0,8,0,0,0,0,2,1,6,2,9,1991,1,14,-1,-1
"25069","201401PY20797",2,1,0,18,0,8,0,0,0,0,1,1,6,1,6,-1,-1,-1,4,1
"25070","201401PY20798",1,9,0,7,0,2,0,0,0,0,1,1,6,1,7,-1,-1,-1,6,1
"25071","201401PY20799",1,9,0,2,0,0,0,0,0,0,3,1,6,2,5,-1,-1,-1,-1,-1
"25072","201401PY20799",2,9,0,18,0,0,0,0,0,0,4,1,6,3,-1,-1,-1,-1,-1,-1
"25073","201401PY20800",1,9,0,9,0,8,0,0,0,0,1,1,6,1,-1,-1,-1,-1,-1,-1
"25074","201401PY20801",1,9,0,7,0,8,0,0,0,0,1,1,6,1,5,1275,1,16,2,1
"25075","201401PY20801",2,9,0,18,0,8,0,0,0,0,4,1,6,1,5,1360,1,13,2,1
"25076","201401PY20802",1,9,0,7,0,8,0,0,0,0,4,1,6,1,8,-1,-1,-1,8,3
"25077","201401PY20802",2,5,0,18,0,8,0,0,0,0,1,1,6,1,8,-1,-1,-1,-1,-1
"25078","201401PY20803",1,11,0,5,0,8,0,0,0,0,0,1,1,1,8,-1,-1,-1,-1,-1
"25079","201401PY20804",1,9,0,4,0,0,0,0,0,0,2,1,6,1,8,1999,1,8,7,1
"25080","201401PY20804",2,2,0,18,0,0,0,0,0,0,1,1,6,1,-1,-1,-1,-1,-1,-1
"25081","201401PY20805",1,9,0,9,0,8,0,0,0,0,1,1,6,1,6,1995,1,3,7,1
"25082","201401PY20805",2,9,0,18,0,8,0,0,0,0,1,1,6,1,5,-1,-1,-1,9,1
"25083","201401PY20806",1,9,0,18,0,0,0,0,0,0,1,1,6,2,11,1390,1,14,-1,-1
"25084","201401PY20806",2,9,0,2,0,0,0,0,0,0,1,1,6,1,-1,1796,1,11,7,1
"25085","201401PY20807",1,9,0,1,0,8,0,0,0,0,2,1,6,2,10,1598,1,6,9,1
"25086","201401PY20807",2,9,0,4,0,8,0,0,0,0,1,1,6,1,6,1968,2,1,2,1
"25087","201401PY20808",1,11,0,5,0,0,0,0,0,0,0,1,1,1,9,6370,2,2,7,1
"25088","201401PY20809",1,20,0,4,0,8,0,0,0,0,2,1,1,1,9,12902,2,1,3,1
"25089","201401PY20809",2,9,0,4,0,8,1,0,0,0,1,1,6,2,-1,2499,2,12,7,3
"25090","201401PY20810",1,9,0,18,0,0,0,0,0,0,4,1,6,2,6,1598,1,1,5,1
"25091","201401PY20811",1,9,0,18,0,8,0,0,0,0,3,1,6,1,8,2198,2,8,7,1
"25092","201401PY20811",2,9,0,18,0,8,0,0,0,0,1,1,6,2,7,2400,2,4,6,1
"25093","201401PY20812",1,9,0,18,0,8,0,10,1,2,1,1,6,1,4,993,1,12,9,2
"25095","201401PY20814",1,9,0,5,0,8,0,0,0,0,1,1,6,1,11,1596,1,19,-1,-1
"25096","201401PY20814",2,1,0,4,0,8,0,0,0,0,2,1,6,1,9,-1,-1,-1,9,1
"25097","201401PY20815",1,9,0,18,0,8,0,0,0,0,1,1,6,2,5,-1,-1,-1,8,1
"25098","201401PY20815",2,9,0,4,0,8,0,0,0,0,2,1,6,1,10,-1,-1,-1,7,1
"25099","201401PY20816",1,9,0,4,0,8,0,0,0,0,2,1,6,1,5,-1,-1,-1,2,1
"25100","201401PY20816",2,9,0,18,0,8,0,0,0,0,1,1,6,1,7,1461,2,2,3,1
"25101","201401PY20818",1,9,0,18,0,8,0,0,0,0,4,1,6,1,6,1900,2,9,8,1
"25102","201401PY20819",1,19,0,1,0,0,0,0,0,0,2,1,6,1,5,2198,2,-1,9,1
"25103","201401PY20820",1,11,0,18,0,8,0,0,0,0,0,1,1,1,6,6700,2,2,7,1
"25104","201401PY20821",1,9,0,9,0,8,0,0,0,0,4,1,6,1,8,-1,-1,-1,9,2
"25105","201401PY20821",2,9,0,18,0,8,0,0,0,0,1,1,6,1,10,999,1,-1,6,1
"25106","201401PY20822",1,9,0,9,0,8,0,0,0,0,3,1,6,1,4,-1,-1,-1,5,1
"25107","201401PY20822",2,9,0,18,0,8,0,0,0,0,1,1,6,1,4,1388,1,9,8,1
"25108","201401PY20823",1,3,0,18,0,8,0,0,0,0,4,1,6,1,-1,599,1,18,6,1
"25109","201401PY20824",1,3,0,4,0,8,0,0,0,0,2,1,6,1,4,-1,-1,-1,10,1
"25110","201401PY20824",2,9,0,18,0,8,0,0,0,0,1,1,6,1,6,1968,2,2,6,1
"25111","201401PY20825",1,9,0,18,0,8,5,7,0,0,1,1,6,1,4,2397,1,15,8,1
"25112","201401PY20826",1,11,0,5,0,8,0,0,0,0,0,1,1,1,-1,4500,2,-1,-1,-1
"25113","201401PY20827",1,9,0,18,0,0,0,0,0,0,1,1,6,2,6,-1,-1,-1,4,1
"25114","201401PY20827",2,9,0,18,0,0,0,0,0,0,2,1,6,1,-1,1596,1,13,6,1
"25115","201401PY20828",1,9,0,9,0,8,0,0,0,0,4,1,6,1,4,998,1,3,10,1
"25116","201401PY20828",2,9,0,18,0,8,0,0,0,0,1,1,6,2,7,1995,2,3,7,3