"","Acc_Index","Vehicle_Reference","Vehicle_Type","Towing_and_Articulation","Vehicle_Manoeuvre","Vehicle_Location.Restricted_Lane","Junction_Location","Skidding_and_Overturning","Hit_Object_in_Carriageway","Vehicle_Leaving_Carriageway","Hit_Object_off_Carriageway","X1st_Point_of_Impact","Was_Vehicle_Left_Hand_Drive","Journey_Purpose_of_Driver","Sex_of_Driver","Age_Band_of_Driver","Engine_Capacity_.CC.","Propulsion_Code","Age_of_Vehicle","Driver_IMD_Decile","Driver_Home_Area_Type"
"25117","201401PY20829",1,9,0,18,0,0,0,0,0,0,1,1,6,1,8,-1,-1,-1,9,1
"25118","201401PY20829",2,9,0,18,0,0,0,0,0,0,2,1,6,2,8,1299,1,6,8,1
"25119","201401PY20830",1,9,0,18,0,8,0,0,0,0,1,1,6,1,7,-1,-1,-1,10,1
"25120","201401PY20831",1,9,0,18,0,0,0,0,0,0,2,1,6,2,5,1598,2,1,10,1
"25121","201401PY20831",2,9,0,18,0,0,0,0,0,0,1,1,6,1,-1,-1,-1,-1,9,1
"25122","201401PY20832",1,9,0,18,0,8,0,0,0,0,1,1,6,2,5,1995,2,2,7,1
"25123","201401PY20832",2,9,0,9,0,8,0,0,0,0,4,1,6,1,8,1597,1,15,5,1
"25124","201401PY20833",1,9,0,18,0,8,0,0,0,0,4,1,6,1,9,-1,-1,-1,7,1
"25125","201401PY20834",1,9,0,18,0,8,0,0,0,0,1,1,6,2,8,1386,1,8,8,1
"25126","201401PY20834",2,9,0,5,0,8,0,0,0,0,1,1,6,2,8,1598,1,11,-1,1
"25127","201401PY20835",1,9,0,5,0,0,0,0,0,0,3,1,6,1,7,1396,1,14,4,1
"25128","201401PY20835",2,9,0,18,0,0,0,0,0,0,1,1,6,1,6,-1,-1,-1,7,1
"25129","201401PY20836",1,11,0,18,0,8,0,0,0,0,0,1,6,1,7,6700,2,2,-1,-1
"25130","201401PY20837",1,9,0,9,0,8,0,0,0,0,3,1,6,1,10,2179,2,1,9,1
"25131","201401PY20837",2,1,0,18,0,8,0,0,0,0,1,1,6,1,7,-1,-1,-1,8,1
"25132","201401PY20839",1,2,0,18,0,8,0,0,0,0,3,1,6,1,6,49,1,10,9,1
"25135","201401PY20841",1,1,0,15,0,8,0,0,0,0,1,1,6,1,8,-1,-1,-1,-1,-1
"25136","201401PY20841",2,9,0,9,0,8,0,0,0,0,1,1,6,3,-1,1896,2,10,-1,-1
"25137","201401PY20843",1,9,0,4,0,8,0,0,0,0,2,1,6,1,6,2198,1,7,5,1
"25138","201401PY20843",2,9,0,18,0,8,0,0,0,0,1,1,6,1,-1,1796,1,11,-1,-1
"25139","201401PY20844",1,9,0,9,0,8,0,0,0,0,4,1,6,1,-1,-1,-1,-1,-1,-1
"25140","201401PY20844",2,9,0,18,0,8,0,0,0,0,1,1,6,2,4,1299,1,12,8,1
"25141","201401PY29001",1,9,0,15,0,0,0,0,0,0,4,1,6,1,8,-1,-1,-1,7,3
"25142","201401PY29001",2,9,0,18,0,0,0,0,0,0,3,1,6,1,5,1597,1,6,4,1
"25143","201401PY29003",1,9,0,18,0,8,0,0,0,0,2,1,6,2,7,1686,2,3,9,1
"25144","201401PY29003",2,9,0,18,0,8,0,0,0,0,1,1,6,2,-1,1560,2,-1,-1,-1
"25145","201401PY29006",1,9,0,18,0,8,0,0,0,0,4,1,6,1,6,1598,1,9,8,1
"25146","201401PY29006",2,9,0,7,0,8,0,0,0,0,1,1,6,1,-1,-1,-1,-1,-1,-1
"25147","201401PY29007",1,3,0,18,0,8,0,0,0,0,1,1,6,1,5,125,1,6,4,1
"25148","201401PY29007",2,9,0,7,0,8,0,0,0,0,3,1,6,2,7,1497,1,11,8,1
"25149","201401PY29011",1,9,0,18,0,8,1,0,0,0,1,1,6,2,8,1998,1,11,7,1
"25150","201401PY29011",2,9,0,18,0,8,0,0,0,0,1,1,6,2,9,1389,1,14,5,1
"25151","201401PY29016",1,1,0,18,0,8,0,0,0,0,1,1,6,1,5,-1,-1,-1,4,1
"25152","201401PY29016",2,9,0,7,0,8,0,0,0,0,3,1,6,1,-1,-1,-1,-1,-1,-1
"25153","201401PY29017",1,9,0,18,0,0,0,0,0,0,2,1,6,2,8,-1,-1,-1,-1,-1
"25154","201401PY29017",2,9,0,3,0,0,0,0,0,0,1,1,6,2,9,999,1,4,-1,-1
"25155","201401PY29017",3,9,0,5,0,0,0,0,0,0,2,1,6,2,9,3200,2,10,-1,-1
"25156","201401PY29034",1,9,0,18,0,0,0,0,0,0,3,1,6,1,7,1248,2,6,7,1
"25157","201401PY29034",2,9,0,18,0,0,0,0,0,0,4,1,6,1,9,1968,2,2,9,1
"25158","201401PY29034",3,9,0,18,0,0,0,0,0,0,3,1,6,1,9,1390,1,2,8,1
"25159","201401PY29034",4,9,0,18,0,0,0,0,0,0,3,1,6,1,-1,-1,-1,-1,-1,-1
"25160","201401PY29035",1,9,0,9,0,8,0,0,0,0,4,1,6,1,7,1598,1,7,10,1
"25161","201401PY29035",2,5,0,7,0,8,0,0,0,0,3,1,6,1,7,599,1,15,4,1
"25162","201401PY29036",1,9,0,18,0,8,0,0,0,0,4,1,6,2,5,1390,1,5,5,1
"25163","201401PY29036",2,9,0,9,0,8,0,0,0,0,3,1,6,2,8,-1,-1,-1,3,1
"25164","201401PY29037",1,9,0,18,0,8,0,0,0,0,1,1,6,1,8,1997,1,15,4,1
"25165","201401PY29037",2,9,0,9,0,8,0,0,0,0,4,1,6,2,5,1984,1,5,10,1
"25166","201401PY29047",1,9,0,18,0,8,0,0,0,0,1,1,6,2,10,1595,1,6,9,1
"25167","201401PY29049",1,9,0,9,0,8,0,0,0,0,4,1,6,2,10,1968,2,6,4,1
"25168","201401PY29049",2,9,0,7,0,8,0,0,0,0,1,1,6,1,9,3456,8,2,9,1
"25169","201401PY29052",1,9,0,5,0,8,0,0,0,0,1,1,6,1,11,1968,2,3,9,3
"25170","201401PY29063",1,3,0,18,0,0,0,0,0,0,0,1,6,2,4,-1,-1,-1,5,1
"25173","201401PY29069",1,3,0,14,0,8,0,0,0,0,1,1,6,1,5,109,1,-1,8,3
"25174","201401PY29069",2,9,0,9,0,8,0,0,0,0,1,1,6,2,9,1360,1,5,-1,-1
"25175","201401PY29070",1,9,0,17,0,0,0,10,1,2,3,1,6,2,9,1364,1,8,2,1
"25176","201401PY29084",1,9,0,18,0,8,0,0,0,0,1,1,6,1,5,1995,2,1,8,1
"25177","201401PY29084",2,9,0,17,0,8,0,0,0,0,1,1,6,2,7,1596,1,9,8,3
"25178","201401PY29095",1,9,0,18,0,8,0,0,0,0,1,1,6,2,9,1781,1,14,3,1
"25179","201401PY29095",2,9,0,9,0,8,0,0,0,0,1,1,6,1,6,1799,1,4,6,1
"25180","201401PY29111",1,11,0,4,0,1,0,0,0,0,0,1,1,1,7,4500,2,-1,-1,1
"25181","201401PY29125",1,9,0,18,0,8,0,0,0,0,1,1,6,1,8,1975,1,8,7,1
"25182","201401PY29125",2,4,0,9,0,8,0,0,0,0,4,1,6,1,4,-1,-1,-1,-1,-1
"25183","201401QA10002",1,9,0,7,0,1,0,0,0,0,0,1,1,1,7,2793,1,14,2,1
"25184","201401QA10002",2,9,0,15,0,1,5,10,1,4,1,1,1,1,6,1596,1,5,9,1
"25185","201401QA10003",1,9,0,18,0,2,0,0,0,0,4,1,6,2,5,1199,1,13,4,1
"25186","201401QA10004",1,9,0,18,0,0,0,4,0,0,4,1,1,1,6,1995,1,9,5,1
"25187","201401QA10004",2,9,0,2,0,0,0,0,0,0,4,1,6,1,6,1753,2,5,4,1
"25188","201401QA10005",1,3,0,14,0,1,0,0,0,0,1,1,1,1,6,-1,-1,-1,8,1
"25189","201401QA10005",2,9,0,2,0,1,0,0,0,0,3,1,2,2,6,1242,1,5,10,1
"25192","201401QA10008",1,9,0,9,0,2,0,0,0,0,3,1,6,2,7,1397,1,12,8,1
"25193","201401QA10008",2,3,0,18,0,1,0,10,1,0,1,1,6,1,7,124,1,6,-1,-1
"25194","201401QA10009",1,3,0,18,0,0,0,0,0,0,0,1,6,2,6,124,1,1,5,1
"25195","201401QA10009",2,9,0,6,0,0,0,0,0,0,0,1,6,1,-1,2979,1,11,-1,-1
"25196","201401QA10012",1,9,0,18,0,0,0,0,0,0,4,1,6,1,8,1995,2,1,4,1
"25197","201401QA10014",1,9,0,13,0,1,0,0,0,0,1,1,2,1,6,1834,1,11,3,1
"25198","201401QA10014",2,3,0,9,0,2,0,0,0,0,1,1,2,1,5,124,1,6,7,1
"25199","201401QA10015",1,5,0,5,0,8,0,0,0,0,0,1,2,1,8,249,1,16,8,1
"25200","201401QA10015",2,9,0,4,0,8,0,0,0,0,0,1,6,3,-1,-1,-1,-1,-1,-1
"25201","201401QA10016",1,11,0,5,0,2,0,0,0,0,1,1,1,3,-1,4500,2,3,-1,-1
"25202","201401QA10017",1,9,0,18,0,1,0,0,0,0,1,1,3,2,7,2204,2,9,10,1
"25203","201401QA10017",2,9,0,18,0,1,0,0,0,0,2,1,1,2,7,1498,1,9,9,1
"25204","201401QA10019",1,9,0,3,0,0,0,0,0,0,2,1,6,1,8,1560,2,2,3,1
"25205","201401QA10019",2,9,0,18,0,0,0,0,0,0,1,1,6,2,-1,1596,1,13,-1,-1
"25206","201401QA10021",1,9,0,9,0,2,0,0,0,0,2,1,2,2,9,1560,2,4,7,1
"25207","201401QA10021",2,9,0,9,0,2,0,0,0,0,1,1,2,2,-1,-1,-1,-1,-1,-1
"25208","201401QA10023",1,9,0,18,0,1,0,0,0,0,1,1,3,1,8,1199,1,12,6,1
"25209","201401QA10023",2,9,0,3,0,1,0,0,0,0,2,1,1,2,6,1240,1,9,5,1
"25210","201401QA10024",1,9,0,18,0,0,0,0,0,0,4,1,6,2,11,1598,1,15,5,1
"25211","201401QA10025",1,9,0,1,0,1,0,0,0,0,4,1,2,2,6,2993,2,11,4,1
"25212","201401QA10026",1,11,0,18,0,0,0,4,8,2,1,1,1,1,7,4500,2,4,5,1
"25213","201401QA10026",2,9,0,2,0,0,0,0,0,0,2,1,6,3,-1,1891,1,13,-1,-1
"25214","201401QA10026",3,9,0,2,0,0,0,0,0,0,1,1,6,3,-1,1600,1,23,-1,-1
"25215","201401QA10026",4,9,0,18,0,0,0,0,0,0,1,1,1,2,-1,1973,1,14,8,1
"25216","201401QA10027",1,9,0,18,0,8,0,0,0,0,1,1,1,1,5,1896,2,13,2,1
"25217","201401QA10027",2,9,0,9,0,8,0,0,0,0,3,1,1,2,9,1339,1,8,8,1
"25218","201401QA10029",1,9,0,12,0,8,0,10,1,4,1,1,6,1,10,1400,1,9,6,1
"25219","201401QA10029",2,9,0,9,0,8,0,0,0,0,1,1,6,2,9,1968,2,1,6,1
"25220","201401QA10030",1,5,0,14,0,2,0,0,0,0,4,1,1,1,6,670,1,1,4,1
"25221","201401QA10031",1,9,0,18,0,1,0,0,0,0,4,1,6,1,8,-1,-1,-1,4,1
"25222","201401QA10032",1,9,0,3,0,2,0,0,0,0,2,1,6,1,8,1997,2,13,4,1
"25223","201401QA10032",2,9,0,18,0,2,0,0,0,0,1,1,6,1,-1,1900,2,14,-1,-1
"25224","201401QA10033",1,19,0,18,0,8,0,0,0,0,4,1,1,1,8,2198,2,1,7,1
"25225","201401QA10033",2,9,0,9,0,1,0,0,0,0,1,1,6,2,9,1396,1,12,8,1
"25228","201401QA10035",1,9,0,18,0,0,0,0,0,0,1,1,6,1,7,1796,1,10,9,1
"25229","201401QA10035",2,9,0,18,0,0,0,0,0,0,2,1,6,2,6,1599,1,11,5,1
"25230","201401QA10037",1,9,0,18,0,8,0,0,0,0,1,1,6,1,11,2000,1,10,10,1
"25231","201401QA10037",2,9,0,9,0,8,0,0,0,0,3,1,6,1,6,-1,-1,-1,4,1
"25232","201401QA10038",1,9,0,18,0,1,0,0,0,0,1,1,6,2,6,1000,1,1,9,1
"25233","201401QA10040",1,9,0,17,0,0,1,4,0,0,1,1,6,1,5,1242,1,6,7,1
"25234","201401QA10040",2,9,0,2,0,0,0,0,0,0,3,1,6,3,-1,1668,1,9,-1,-1
"25235","201401QA10041",1,9,0,18,0,0,0,0,0,0,1,1,6,1,4,-1,-1,-1,7,1
"25236","201401QA10042",1,11,0,3,0,0,0,0,0,0,0,1,1,1,7,7300,2,13,-1,-1
"25237","201401QA10043",1,9,0,9,0,1,0,0,0,0,4,1,6,1,7,1997,2,5,5,1
"25240","201401QA10046",1,9,0,9,0,8,0,0,0,0,4,1,2,1,10,1498,1,6,8,1
"25241","201401QA10046",2,3,0,16,0,8,0,0,0,0,1,1,2,1,7,124,1,3,-1,1
"25244","201401QA10049",1,11,0,4,0,0,0,0,0,0,4,1,1,1,8,-1,-1,-1,6,1
"25247","201401QA10051",1,9,0,4,0,1,0,0,0,0,2,1,6,1,6,-1,-1,-1,6,1
"25248","201401QA10051",2,9,0,5,0,1,0,0,0,0,1,1,6,1,8,2499,1,7,-1,-1
"25249","201401QA10052",1,9,0,18,0,8,0,0,0,0,1,1,6,1,7,1598,1,8,6,1
"25250","201401QA10052",2,9,0,9,0,8,0,0,0,0,4,1,6,1,7,1397,1,12,2,1
"25251","201401QA10053",1,9,0,18,0,8,0,0,0,0,1,1,6,2,7,1198,1,3,-1,-1
"25252","201401QA10053",2,9,0,18,0,8,0,10,7,0,4,1,6,2,5,1242,1,8,7,1
"25253","201401QA10054",1,9,0,10,0,8,0,0,0,0,2,1,1,1,9,1968,2,1,8,1
"25254","201401QA10054",2,9,0,18,0,8,0,0,0,0,1,1,2,2,8,1390,1,15,8,1
"25255","201401QA10056",1,9,0,9,0,1,0,0,0,0,4,1,6,1,11,1796,1,9,5,1
"25256","201401QA10056",2,9,0,18,0,1,0,0,0,0,1,1,6,1,7,1896,2,10,8,1
"25257","201401QA10057",1,9,0,6,0,0,0,0,0,0,1,1,6,1,6,1390,1,18,8,1
"25258","201401QA10057",2,5,0,18,0,0,0,0,0,0,4,1,6,2,7,599,1,15,5,1
"25259","201401QA10058",1,1,0,18,0,0,0,4,0,0,1,1,6,1,5,-1,-1,-1,-1,-1
"25260","201401QA10058",2,8,0,2,0,0,0,0,0,0,2,1,6,3,-1,2664,2,15,-1,-1
"25261","201401QA10059",1,9,0,18,0,2,0,0,0,0,3,1,6,1,6,1598,1,1,2,1
"25262","201401QA10059",2,9,0,9,0,1,0,0,0,0,3,1,6,1,8,1988,1,13,6,1
"25263","201401QA10061",1,9,0,7,0,1,0,0,0,0,1,1,1,1,9,1896,2,6,7,1
"25264","201401QA10061",2,1,0,18,0,1,0,0,0,0,4,1,2,1,7,-1,-1,-1,6,1
"25265","201401QA10062",1,9,0,9,0,8,0,0,0,0,1,1,6,1,-1,1997,2,11,-1,-1
"25266","201401QA10063",1,1,0,18,0,1,0,0,0,0,0,1,2,1,9,-1,-1,-1,10,2
"25267","201401QA10063",2,9,0,7,0,1,0,0,0,0,0,1,6,3,-1,-1,-1,-1,-1,-1
"25268","201401QA10065",1,9,0,9,0,2,0,0,0,0,1,1,6,1,-1,1598,1,13,5,1
"25269","201401QA10066",1,9,0,18,0,8,0,0,0,0,1,1,3,2,7,1598,1,-1,9,1
"25270","201401QA10066",2,9,0,9,0,8,0,0,0,0,3,1,1,1,8,1596,1,15,8,1
"25271","201401QA10067",1,9,0,5,0,1,0,0,0,0,1,1,1,1,7,1582,2,3,6,1
"25272","201401QA10068",1,9,0,18,0,3,0,0,0,0,4,1,6,3,-1,-1,-1,-1,-1,-1
"25274","201401QA10070",1,11,0,18,0,1,0,0,0,0,0,1,1,1,7,7300,2,10,5,1
"25275","201401QA10070",2,9,0,7,0,1,0,0,0,0,0,1,6,3,-1,-1,-1,-1,-1,-1
"25276","201401QA10071",1,9,0,9,0,8,0,10,1,10,4,1,6,2,7,1600,1,15,6,1
"25277","201401QA10071",2,21,1,7,0,8,0,0,0,0,1,2,1,1,6,-1,-1,-1,-1,-1
"25279","201401QA10074",1,2,0,5,0,1,0,0,0,0,3,1,6,1,5,49,1,8,3,1
"25280","201401QA10074",2,9,0,13,0,1,0,0,0,0,4,1,6,3,-1,-1,-1,-1,-1,-1
"25281","201401QA10075",1,9,0,9,0,1,0,0,0,0,3,1,6,1,7,1388,1,5,7,1
"25282","201401QA10075",2,3,0,13,0,1,0,0,0,0,1,1,6,1,6,125,1,1,3,1
"25283","201401QA10076",1,9,0,7,0,2,0,0,0,0,1,1,1,1,6,599,1,13,3,1
"25284","201401QA10077",1,3,0,14,0,0,0,8,0,0,1,1,1,1,6,124,1,6,5,1
"25285","201401QA10077",2,9,0,2,0,0,0,0,0,0,3,1,6,1,-1,1995,1,8,-1,-1
"25286","201401QA10078",1,11,0,18,0,0,0,0,0,0,0,1,1,1,6,7300,2,13,2,1
"25287","201401QA10079",1,9,0,1,0,6,0,0,0,0,3,1,6,1,11,1769,1,10,10,1
"25288","201401QA10080",1,19,0,4,0,2,1,0,0,0,1,1,1,1,10,1896,2,11,6,1
"25289","201401QA10081",1,9,0,18,0,3,0,0,0,0,1,1,3,2,8,1997,1,7,9,1
"25290","201401QA10083",1,9,0,3,0,1,0,0,0,0,2,1,2,2,8,1995,2,10,7,1
"25291","201401QA10083",2,19,0,5,0,1,0,0,0,0,1,1,1,1,-1,2148,2,5,-1,-1
"25292","201401QA10084",1,9,0,18,0,8,0,10,0,0,4,1,1,1,6,1968,2,1,7,1
"25293","201401QA10085",1,1,0,18,0,0,0,0,1,0,3,1,6,1,8,-1,-1,-1,7,1
"25294","201401QA10085",2,19,0,13,0,0,0,0,7,10,4,1,6,1,-1,1753,2,6,-1,-1
"25295","201401QA10086",1,9,0,18,0,1,0,0,0,0,4,1,6,2,9,1242,1,1,6,1
"25296","201401QA10087",1,9,0,3,0,1,0,0,0,0,2,1,1,1,6,-1,-1,-1,-1,-1
"25297","201401QA10087",2,9,0,10,0,1,0,0,0,0,2,1,2,1,8,-1,-1,-1,3,1
"25298","201401QA10087",3,9,0,18,0,1,0,0,0,0,1,1,6,2,6,-1,-1,-1,-1,-1
"25299","201401QA10088",1,9,0,14,0,2,0,0,0,0,4,1,6,2,5,1596,1,11,3,1
"25300","201401QA10089",1,1,0,4,4,8,0,0,0,0,1,1,6,1,6,-1,-1,-1,-1,-1
"25301","201401QA10089",2,9,0,7,0,5,0,0,0,0,4,1,6,1,-1,-1,-1,-1,10,1
"25302","201401QA10090",1,9,0,4,0,0,0,0,0,0,1,1,6,1,6,2987,2,1,8,1
"25303","201401QA10090",2,9,0,6,0,0,0,4,0,0,3,1,6,2,7,2295,1,10,7,1
"25304","201401QA10090",3,9,0,2,0,0,0,0,0,0,3,1,6,3,-1,1794,1,12,-1,-1
"25305","201401QA10091",1,9,0,9,0,8,0,0,0,0,4,1,6,1,6,1598,1,5,7,1
"25306","201401QA10091",2,9,0,18,0,8,0,0,0,0,3,1,6,2,6,1390,1,5,4,1
"25307","201401QA10093",1,9,0,3,0,0,0,0,0,0,2,1,6,1,7,1461,2,5,7,1
"25308","201401QA10093",2,9,0,18,0,0,0,0,0,0,1,1,6,1,-1,1299,1,16,7,1
"25309","201401QA10095",1,5,0,13,0,8,1,0,0,0,1,1,2,1,7,599,1,12,6,1
"25310","201401QA10095",2,8,0,6,0,8,0,0,0,0,3,1,1,1,7,1797,8,5,3,1
"25311","201401QA10096",1,9,0,16,0,8,0,0,0,0,3,1,6,2,5,1240,1,9,7,1
"25312","201401QA10096",2,9,0,9,0,6,0,0,0,0,1,1,6,1,-1,-1,-1,-1,-1,-1
"25313","201401QA10098",1,3,0,18,0,1,0,7,0,0,3,1,6,1,6,125,1,2,3,1
"25314","201401QA10099",1,9,0,4,0,8,0,4,0,0,1,1,6,2,5,998,1,12,9,1
"25315","201401QA10099",2,9,0,2,0,8,0,0,0,0,1,1,6,3,-1,1997,2,8,-1,-1
"25316","201401QA10101",1,9,0,18,0,8,1,0,0,0,1,1,2,2,7,1206,1,2,3,1
"25317","201401QA10102",1,11,0,4,0,2,0,0,0,0,0,1,1,1,8,4500,2,5,4,1
"25318","201401QA10104",1,9,0,18,0,0,0,0,0,0,1,1,6,1,5,-1,-1,-1,6,1
"25319","201401QA10104",2,9,0,3,0,0,0,0,0,0,2,1,6,1,7,1796,1,7,7,1
"25322","201401QA10106",1,9,0,18,0,8,0,0,0,0,4,1,6,1,6,3222,2,9,3,1
"25323","201401QA10106",2,9,0,9,0,1,0,0,0,0,1,1,6,1,6,1199,1,13,-1,1
"25324","201401QA10107",1,11,0,18,2,2,0,0,0,0,4,1,1,1,5,9200,2,8,4,1
"25325","201401QA10108",1,3,0,18,0,2,0,0,0,0,4,1,1,1,6,125,1,9,8,1
"25326","201401QA10110",1,9,0,9,0,8,0,4,0,0,1,1,6,2,5,-1,-1,-1,5,1
"25327","201401QA10110",2,9,0,18,0,1,0,0,0,0,4,1,6,1,5,2720,2,9,6,1
"25328","201401QA10110",3,9,0,2,0,2,0,0,0,0,2,1,6,3,-1,1242,1,1,-1,-1
"25329","201401QA10111",1,9,0,18,0,0,0,0,0,0,1,1,6,2,-1,1368,1,5,-1,-1
"25333","201401QA10113",1,9,0,7,0,1,0,0,0,0,1,1,6,1,8,2982,2,8,7,1
"25334","201401QA10113",2,1,0,18,0,8,0,0,0,0,4,1,6,1,6,-1,-1,-1,9,1
"25335","201401QA10114",1,9,0,7,0,1,0,0,0,0,1,1,6,2,10,1339,1,10,7,1
"25336","201401QA10114",2,1,0,18,0,8,0,0,0,0,2,1,6,1,10,-1,-1,-1,7,1
"25337","201401QA10117",1,9,0,14,0,0,5,10,0,0,3,1,6,1,7,1794,1,12,9,1
"25338","201401QA10118",1,9,0,18,0,1,0,0,0,0,4,1,6,1,6,1986,2,8,5,1
"25339","201401QA10118",2,19,0,9,0,1,0,0,0,0,1,1,6,1,6,2198,2,6,6,1
"25340","201401QA10119",1,9,0,5,0,0,0,0,0,0,3,1,6,1,7,1398,1,13,6,1
"25341","201401QA10120",1,9,0,5,0,1,0,0,0,0,1,1,3,2,6,1999,1,8,-1,-1
"25342","201401QA10120",2,1,0,18,0,1,0,0,0,0,3,1,4,1,4,-1,-1,-1,6,1
"25343","201401QA10121",1,9,0,18,0,8,0,4,0,0,4,1,6,1,5,1598,1,14,4,1
"25344","201401QA10121",2,9,0,2,0,1,0,0,0,0,3,1,6,1,6,-1,-1,-1,5,1
"25345","201401QA10121",3,9,0,9,0,8,0,0,0,0,1,1,6,2,6,1896,2,11,6,1
"25346","201401QA10122",1,9,0,14,0,0,0,0,0,0,4,1,6,2,9,1796,1,9,9,1
"25347","201401QA10123",1,11,0,18,0,1,0,0,0,0,4,1,1,1,9,6692,2,5,4,1
"25348","201401QA10124",1,9,0,5,0,0,0,0,0,0,1,1,2,2,9,-1,-1,-1,3,1
"25349","201401QA10125",1,1,0,18,0,1,0,8,0,0,4,1,6,1,6,-1,-1,-1,8,1
"25350","201401QA10125",2,19,0,2,0,1,0,0,0,0,3,1,6,1,-1,2464,2,7,-1,-1
"25351","201401QA10126",1,9,0,6,0,0,0,0,0,0,3,1,1,2,8,1229,1,3,6,1
"25352","201401QA10126",2,1,0,14,0,0,0,0,0,0,1,1,1,1,7,-1,-1,-1,6,1
"25353","201401QA10127",1,9,0,18,0,1,0,0,0,0,3,1,6,2,8,1968,2,1,10,1
"25354","201401QA10127",2,9,0,18,0,1,0,0,0,0,1,1,6,2,6,1390,1,17,8,1
"25355","201401QA10128",1,19,0,7,0,2,0,0,0,0,1,1,6,1,6,1870,2,9,5,1
"25356","201401QA10128",2,9,0,7,0,2,0,0,0,0,2,1,6,1,7,1596,1,9,3,1
"25357","201401QA10128",3,19,0,3,0,2,0,0,0,0,2,1,6,3,-1,-1,-1,-1,-1,-1
"25358","201401QA10129",1,9,0,17,0,8,0,10,2,1,4,1,6,1,5,1753,2,11,4,1
"25359","201401QA10130",1,9,0,2,0,0,0,0,0,0,3,1,6,2,9,1998,1,11,-1,-1
"25360","201401QA10130",2,9,0,4,0,0,0,4,0,0,1,1,6,2,7,1229,1,10,4,1
"25361","201401QA10132",1,9,0,18,0,8,0,0,0,0,1,1,1,2,9,1596,1,8,-1,1
"25362","201401QA10132",2,9,0,18,0,8,0,0,0,0,3,1,3,2,6,1796,1,10,7,1
"25363","201401QA10133",1,9,0,14,0,2,0,0,0,0,1,1,6,1,9,1896,2,7,6,1
"25364","201401QA10134",1,9,0,18,0,1,0,0,0,0,1,1,6,2,6,1895,1,14,6,1
"25365","201401QA10134",2,9,0,3,0,1,0,0,0,0,2,1,2,1,7,1242,1,8,3,1
"25366","201401QA10134",3,9,0,10,0,1,0,0,0,0,2,1,2,1,7,1995,2,6,1,1
"25367","201401QA10135",1,3,0,14,0,1,0,0,0,0,1,1,6,1,7,125,1,-1,5,1
"25368","201401QA10136",1,9,0,18,0,1,0,0,0,0,3,1,6,1,7,2000,1,7,7,1
"25369","201401QA10138",1,9,0,18,0,0,0,4,0,0,1,1,6,1,6,1400,1,14,-1,-1
"25370","201401QA10138",2,9,0,2,0,0,0,0,0,0,2,1,6,3,-1,2987,2,4,-1,-1
"25371","201401QA10139",1,9,0,18,0,8,0,0,0,0,4,1,6,1,7,1896,2,7,6,1
"25372","201401QA10139",2,9,0,9,0,8,0,0,0,0,3,1,6,2,7,2400,2,2,7,1
"25373","201401QA10140",1,9,0,18,0,2,0,0,0,0,1,1,6,1,-1,-1,-1,-1,-1,-1
"25374","201401QA10143",1,9,0,18,0,1,0,4,0,0,1,1,6,2,6,1598,1,8,-1,-1
"25375","201401QA10143",2,9,0,5,0,1,0,0,0,0,3,1,6,2,9,-1,-1,-1,4,1
"25376","201401QA10143",3,9,0,2,0,1,0,0,0,0,4,1,6,1,8,1973,1,13,-1,-1
"25377","201401QA10146",1,9,0,18,0,8,1,0,0,0,4,1,6,1,5,1199,1,12,4,1
"25378","201401QA10146",2,9,0,9,0,6,0,0,0,0,1,1,6,2,7,1896,2,12,5,1
"25380","201401QA10148",1,9,0,18,0,8,0,0,7,0,3,1,2,1,6,1242,1,4,9,1
"25381","201401QA10148",2,9,0,18,0,8,0,0,1,0,3,1,6,2,-1,1590,1,9,7,1
"25382","201401QA10149",1,9,0,9,0,6,0,0,0,0,1,1,6,1,7,1598,1,14,4,1
"25383","201401QA10149",2,9,0,18,0,8,0,10,0,0,1,1,6,1,5,-1,-1,-1,-1,-1
"25384","201401QA10150",1,3,0,4,0,0,0,0,0,0,0,1,6,1,5,49,1,6,5,1
"25385","201401QA10150",2,9,0,6,0,0,0,0,0,0,0,1,6,1,-1,1896,2,10,8,1
"25386","201401QA10151",1,1,0,18,0,1,0,0,0,0,3,1,6,1,-1,-1,-1,-1,6,1
"25387","201401QA10151",2,90,0,7,0,1,0,0,0,0,4,1,6,1,-1,-1,-1,-1,-1,-1
"25388","201401QA10152",1,5,0,14,0,8,0,0,0,0,1,1,2,1,7,599,1,9,9,1
"25389","201401QA10152",2,9,0,9,0,8,0,0,0,0,3,1,2,2,8,998,1,3,7,1
"25390","201401QA10153",1,9,0,9,0,1,0,0,0,0,3,1,6,2,5,1360,1,14,4,1
"25391","201401QA10153",2,9,0,17,0,1,0,0,0,0,1,1,6,2,6,1595,1,7,5,1
"25392","201401QA10154",1,9,0,4,0,0,0,0,0,0,2,1,6,1,5,1596,1,5,2,1
"25393","201401QA10154",2,9,0,18,0,0,0,0,0,0,1,1,6,1,6,1998,1,6,5,1
"25394","201401QA10155",1,1,0,18,0,0,0,4,0,0,1,1,2,1,7,-1,-1,-1,2,1
"25395","201401QA10155",2,8,0,2,0,0,0,0,0,0,3,1,6,1,9,1997,2,6,-1,-1