"","Acc_Index","Vehicle_Reference","Vehicle_Type","Towing_and_Articulation","Vehicle_Manoeuvre","Vehicle_Location.Restricted_Lane","Junction_Location","Skidding_and_Overturning","Hit_Object_in_Carriageway","Vehicle_Leaving_Carriageway","Hit_Object_off_Carriageway","X1st_Point_of_Impact","Was_Vehicle_Left_Hand_Drive","Journey_Purpose_of_Driver","Sex_of_Driver","Age_Band_of_Driver","Engine_Capacity_.CC.","Propulsion_Code","Age_of_Vehicle","Driver_IMD_Decile","Driver_Home_Area_Type"
"25396","201401QA10156",1,9,0,18,0,2,0,0,0,0,1,1,6,1,-1,-1,-1,-1,-1,-1
"25398","201401QA10158",1,9,0,4,0,0,0,0,0,0,1,1,1,1,7,-1,-1,-1,-1,-1
"25399","201401QA10158",2,9,0,18,0,0,0,0,0,0,2,1,6,2,7,-1,-1,-1,9,1
"25400","201401QA10158",3,9,0,18,0,0,0,0,0,0,1,1,6,1,-1,1998,1,6,-1,-1
"25401","201401QA10159",1,9,0,14,0,2,0,4,0,0,4,1,6,1,6,1796,1,10,7,1
"25402","201401QA10159",2,9,0,2,0,2,0,0,0,0,3,1,6,1,-1,1149,1,12,4,1
"25403","201401QA10160",1,11,0,5,0,0,0,0,0,0,0,1,1,1,9,7300,2,10,-1,-1
"25404","201401QA10162",1,9,0,18,0,1,0,0,0,0,1,1,6,1,-1,1749,1,9,-1,-1
"25405","201401QA10163",1,9,0,18,0,1,0,0,0,0,1,1,1,1,7,1248,2,3,3,1
"25406","201401QA10163",2,9,0,18,0,1,0,0,0,0,2,1,6,2,9,2143,2,4,9,1
"25407","201401QA10165",1,8,0,18,0,1,0,0,0,0,4,1,1,1,8,1997,2,2,7,1
"25410","201401QA10168",1,9,0,9,0,8,0,0,0,0,1,1,6,1,5,1390,1,13,3,1
"25411","201401QA10168",2,9,0,18,0,8,0,0,0,0,3,1,6,2,7,2,2,7,7,1
"25412","201401QA10171",1,9,0,18,0,1,0,0,0,0,3,1,6,1,6,1595,1,6,9,2
"25413","201401QA10171",2,9,0,18,0,1,0,4,0,0,3,1,6,2,6,1762,1,18,7,1
"25414","201401QA10171",3,9,0,2,0,1,0,0,0,0,3,1,6,3,-1,1339,1,4,-1,-1
"25415","201401QA10172",1,9,0,18,0,0,0,0,0,0,1,1,6,1,5,1248,2,2,8,1
"25416","201401QA10172",2,9,0,18,0,0,0,0,0,0,3,1,2,1,10,1388,1,10,8,1
"25417","201401QA10173",1,9,0,9,0,8,0,0,0,0,1,1,1,1,5,1242,1,8,2,1
"25418","201401QA10173",2,9,0,18,0,8,0,0,0,0,3,1,2,2,6,2204,2,5,6,1
"25421","201401QA10175",1,90,0,18,0,1,0,0,0,0,1,1,1,1,7,-1,-1,-1,-1,-1
"25422","201401QA10176",1,9,0,4,0,0,0,0,0,0,2,1,6,3,-1,-1,-1,-1,-1,-1
"25423","201401QA10176",2,1,0,18,0,0,0,0,0,0,1,1,6,1,4,-1,-1,-1,4,1
"25424","201401QA10177",1,9,0,18,0,2,0,0,1,5,1,1,6,2,5,1390,1,12,6,1
"25425","201401QA10178",1,11,0,9,0,8,0,0,0,0,0,1,1,1,8,7300,2,12,4,1
"25426","201401QA10180",1,9,0,4,0,1,0,0,0,0,1,1,6,2,5,2000,2,8,10,1
"25427","201401QA10180",2,9,0,3,0,1,0,0,0,0,2,1,6,1,-1,1997,2,3,6,1
"25428","201401QA10182",1,19,0,9,0,5,0,0,0,0,1,1,6,1,8,1248,2,6,7,1
"25431","201401QA10185",1,9,0,18,0,1,0,0,0,0,4,1,6,2,9,1597,1,17,3,1
"25432","201401QA10186",1,9,0,18,0,0,1,0,0,0,1,1,6,1,8,-1,-1,-1,6,1
"25433","201401QA10187",1,9,0,5,0,0,0,0,0,0,3,1,6,1,6,1600,1,8,-1,1
"25434","201401QA10187",2,9,0,18,0,0,0,0,0,0,4,1,6,1,-1,1995,2,7,6,1
"25435","201401QA10188",1,3,0,5,9,0,0,0,1,10,1,1,6,1,6,49,1,4,5,1
"25436","201401QA10189",1,9,0,18,0,0,0,0,0,0,4,1,6,1,11,1339,1,7,6,1
"25437","201401QA10190",1,3,0,18,0,8,0,0,0,0,1,1,6,1,8,124,1,14,5,1
"25438","201401QA10190",2,8,0,7,0,6,0,0,0,0,3,1,6,1,-1,-1,-1,-1,-1,-1
"25439","201401QA10191",1,9,0,5,0,8,0,4,0,0,4,1,6,2,7,1796,1,16,5,1
"25440","201401QA10191",2,9,0,18,0,8,0,0,0,0,3,1,6,2,8,1388,1,3,5,1
"25441","201401QA10191",3,9,0,2,0,8,0,0,0,0,1,1,6,3,-1,1910,2,6,-1,-1
"25442","201401QA10192",1,9,0,18,0,8,0,0,0,0,1,1,2,1,5,1796,1,7,8,1
"25443","201401QA10193",1,9,0,7,0,2,0,0,0,0,1,1,6,1,-1,-1,-1,-1,-1,-1
"25444","201401QA10194",1,20,1,5,0,8,0,0,0,0,1,1,1,1,6,4250,2,10,-1,-1
"25445","201401QA10195",1,11,0,18,0,8,0,0,0,0,1,1,1,1,6,7300,2,12,6,1
"25446","201401QA10195",2,9,0,10,0,8,0,0,0,0,4,1,6,1,7,-1,-1,-1,-1,1
"25447","201401QA10197",1,9,0,18,0,8,0,0,0,0,1,1,6,3,-1,-1,-1,-1,-1,-1
"25448","201401QA10198",1,9,0,9,0,8,0,0,0,0,1,1,6,1,7,1968,2,8,2,1
"25449","201401QA10198",2,9,0,18,0,8,0,0,0,0,1,1,6,1,-1,1390,1,11,-1,-1
"25451","201401QA10200",1,9,0,18,0,1,0,0,0,0,1,1,6,2,4,1198,1,10,6,1
"25452","201401QA10200",2,9,0,3,0,1,0,0,0,0,2,1,6,1,6,1598,1,8,6,1
"25453","201401QA10201",1,9,0,7,0,2,0,0,0,0,4,1,6,2,7,1398,1,6,1,1
"25454","201401QA10202",1,9,0,18,0,0,5,4,0,0,4,1,6,2,8,1396,1,12,5,1
"25455","201401QA10202",2,9,0,2,0,0,0,0,0,0,3,1,6,3,-1,1686,2,10,-1,-1
"25456","201401QA10205",1,11,0,4,0,0,0,0,0,0,0,1,1,1,8,9200,2,8,4,1
"25457","201401QA10206",1,11,0,4,0,0,0,0,0,0,0,1,1,1,6,6700,2,6,3,1
"25458","201401QA10207",1,9,0,14,0,0,0,0,0,0,1,1,2,2,9,1598,1,8,9,1
"25459","201401QA10208",1,1,0,18,4,0,0,0,0,0,2,1,6,2,8,-1,-1,-1,4,1
"25460","201401QA10208",2,9,0,18,0,0,0,0,0,0,1,1,6,2,-1,-1,-1,-1,-1,-1
"25461","201401QA10209",1,9,0,9,0,8,0,0,0,0,3,1,6,1,6,1895,1,14,6,1
"25462","201401QA10209",2,4,0,13,0,8,0,0,0,0,4,1,6,1,6,125,1,1,3,1
"25463","201401QA10210",1,9,0,5,0,8,0,4,7,10,1,1,2,2,9,1590,1,9,8,1
"25464","201401QA10210",2,9,0,2,0,8,0,0,0,0,1,1,6,3,-1,1998,1,17,-1,-1
"25465","201401QA10211",1,9,0,7,0,5,0,0,0,0,4,1,2,1,8,1386,1,7,9,1
"25466","201401QA10211",2,1,0,18,0,8,0,0,0,0,3,1,6,1,6,-1,-1,-1,10,1
"25467","201401QA10212",1,9,0,18,0,5,0,0,0,0,3,1,1,1,5,1248,2,1,4,1
"25468","201401QA10212",2,5,0,13,0,8,0,0,0,0,4,1,6,1,9,1063,1,12,4,1
"25469","201401QA10213",1,9,0,4,0,0,1,0,7,10,4,1,6,1,5,-1,-1,-1,5,1
"25470","201401QA10214",1,4,0,18,0,6,0,0,0,0,1,1,6,1,5,449,1,10,7,1
"25471","201401QA10214",2,9,0,9,0,6,0,0,0,0,1,1,6,2,10,1400,1,7,7,1
"25472","201401QA10215",1,9,0,18,0,1,0,10,8,2,3,1,6,2,9,2179,2,1,6,1
"25473","201401QA10216",1,11,0,5,0,2,0,0,0,0,3,1,1,1,7,5883,2,12,-1,-1
"25474","201401QA10216",2,4,0,13,0,2,0,0,0,0,4,1,6,1,7,600,1,2,4,1
"25475","201401QA10217",1,9,0,18,0,1,0,0,0,0,1,1,6,3,-1,-1,-1,-1,-1,-1
"25476","201401QA10218",1,11,0,9,0,5,0,0,0,0,1,1,1,1,-1,5883,2,12,6,1
"25477","201401QA10218",2,8,0,18,0,8,0,0,0,0,3,1,2,2,7,1797,8,4,2,1
"25479","201401QA10220",1,11,0,3,2,8,0,0,0,0,0,1,1,1,7,4500,2,3,6,1
"25482","201401QA10222",1,9,0,3,0,1,0,0,0,0,2,1,6,2,7,998,1,2,7,1
"25483","201401QA10222",2,9,0,18,0,1,0,0,0,0,1,1,6,1,-1,1582,2,2,5,1
"25484","201401QA10223",1,3,0,13,0,8,0,0,0,0,2,1,1,1,6,125,1,7,-1,-1
"25485","201401QA10223",2,9,0,18,0,8,0,0,0,0,1,1,6,3,-1,1796,1,9,-1,-1
"25486","201401QA10224",1,9,0,4,0,8,0,0,0,0,2,1,6,1,6,1582,2,3,10,1
"25487","201401QA10224",2,9,0,4,0,8,0,0,0,0,1,1,2,2,6,1896,2,9,5,1
"25488","201401QA10225",1,9,0,18,0,0,0,0,0,0,3,1,6,2,8,1590,1,12,4,1
"25489","201401QA10227",1,1,0,18,0,8,0,0,0,0,1,1,6,1,7,-1,-1,-1,6,1
"25490","201401QA10227",2,9,0,9,0,5,0,0,0,0,4,1,6,2,-1,1595,1,12,3,1
"25491","201401QA10228",1,19,0,18,0,1,1,10,1,0,1,1,6,1,7,-1,-1,-1,3,1
"25492","201401QA10228",2,9,0,2,9,1,0,4,1,10,3,1,6,3,-1,1998,2,10,-1,-1
"25493","201401QA10228",3,9,0,2,9,1,0,4,1,10,3,1,6,3,-1,1598,1,12,-1,-1
"25494","201401QA10229",1,9,0,9,0,8,0,0,0,0,3,1,6,1,6,2401,2,11,4,1
"25495","201401QA10229",2,9,0,18,0,8,0,0,0,0,3,1,6,2,7,1397,1,10,10,1
"25496","201401QA10230",1,9,0,18,0,0,0,10,7,4,1,1,6,1,-1,1332,1,16,5,1
"25497","201401QA10231",1,9,0,18,0,8,1,0,0,0,4,1,2,1,7,1986,2,8,5,1
"25498","201401QA10231",2,9,0,9,0,6,0,0,0,0,1,1,3,1,-1,-1,-1,-1,-1,-1
"25499","201401QA10232",1,9,0,17,0,8,2,0,1,10,1,1,2,1,5,1364,1,4,4,1
"25500","201401QA10233",1,9,0,18,0,0,0,0,0,0,1,1,6,1,8,1124,1,10,5,1
"25501","201401QA10233",2,9,0,18,0,0,0,4,0,0,2,1,6,2,7,1762,1,17,7,1
"25502","201401QA10233",3,9,0,15,0,0,0,0,0,0,1,1,6,2,4,1198,1,10,4,1
"25503","201401QA10233",4,19,0,2,0,0,0,0,1,0,3,1,6,3,-1,-1,-1,-1,-1,-1
"25504","201401QA10234",1,9,0,18,0,8,5,4,0,0,1,1,6,2,11,1399,1,8,9,1
"25505","201401QA10234",2,9,0,2,0,8,0,0,0,0,3,1,6,3,-1,1397,1,1,-1,-1
"25506","201401QA10235",1,9,0,18,0,0,0,0,0,0,4,1,6,2,9,1242,1,1,6,1
"25507","201401QA10235",2,1,0,5,0,0,0,0,0,0,1,1,6,1,3,-1,-1,-1,6,1
"25508","201401QA10236",1,9,0,3,0,0,0,0,0,0,2,1,6,1,7,-1,-1,-1,5,1
"25509","201401QA10236",2,9,0,18,0,0,0,0,0,0,1,1,6,1,-1,2685,2,11,1,1
"25510","201401QA10237",1,9,0,2,4,2,0,0,0,0,1,1,6,3,-1,4266,1,13,-1,-1
"25511","201401QA10237",2,1,0,18,4,1,0,4,0,0,1,1,2,1,8,-1,-1,-1,9,1
"25514","201401QA10239",1,9,0,10,0,1,0,0,0,0,2,1,2,2,5,1299,1,8,10,1
"25515","201401QA10239",2,90,0,17,0,1,0,0,0,0,1,1,2,1,5,-1,-1,-1,6,1
"25516","201401QA10240",1,19,0,9,0,2,0,0,0,0,4,1,6,1,7,2402,2,10,6,1
"25517","201401QA10240",2,5,0,18,0,1,0,0,0,0,1,1,6,1,6,600,1,14,10,1
"25518","201401QA10241",1,19,0,6,0,0,0,10,4,6,3,1,2,1,7,2143,2,1,7,1
"25519","201401QA10241",2,9,0,18,0,0,0,0,0,0,1,1,6,1,8,1794,1,9,5,1
"25520","201401QA10242",1,9,0,18,0,8,0,0,0,0,1,1,6,1,7,1968,2,6,5,1
"25521","201401QA10242",2,9,0,18,0,8,0,0,0,0,1,1,6,1,6,1896,2,5,6,1
"25522","201401QA10243",1,9,0,18,0,0,0,0,0,0,1,1,6,2,4,1229,1,8,7,1
"25523","201401QA10245",1,9,0,2,0,1,0,0,0,0,4,1,6,2,6,1598,1,9,8,1
"25524","201401QA10245",2,9,0,1,0,1,0,4,0,0,2,1,6,2,-1,1329,1,1,6,1
"25525","201401QA10246",1,3,0,9,0,8,0,0,0,0,4,1,6,1,6,125,1,-1,3,1
"25526","201401QA10246",2,9,0,9,0,8,0,0,0,0,3,1,6,1,8,1998,1,12,-1,-1
"25527","201401QA10247",1,9,0,14,0,8,0,7,3,1,1,1,6,1,8,-1,-1,-1,6,1
"25528","201401QA10247",2,9,0,18,0,8,0,0,0,0,3,1,6,1,4,1995,1,12,3,1
"25533","201401QA10251",1,9,0,18,0,8,1,0,0,0,3,1,6,2,7,1497,1,8,4,1
"25534","201401QA10251",2,9,0,18,0,8,0,0,0,0,3,1,6,1,9,1596,1,1,2,1
"25535","201401QA10251",3,9,0,18,0,8,0,0,0,0,3,1,6,1,7,2143,2,5,10,1
"25536","201401QA10252",1,9,0,4,0,1,0,0,0,0,2,1,1,2,8,1997,2,12,4,1
"25537","201401QA10252",2,9,0,18,0,1,0,0,0,0,1,1,6,1,-1,599,1,12,-1,-1
"25540","201401QA10256",1,9,0,9,0,5,0,0,0,0,1,1,6,1,5,1598,1,1,6,1
"25541","201401QA10256",2,1,0,18,0,8,0,0,0,0,1,1,6,2,5,-1,-1,-1,5,1
"25542","201401QA10257",1,2,0,14,0,8,0,0,0,0,1,1,2,1,6,124,1,5,7,1
"25543","201401QA10257",2,9,0,9,0,8,0,0,0,0,3,1,6,1,9,1796,1,14,7,1
"25544","201401QA10258",1,9,0,18,0,8,0,0,0,0,1,1,6,2,6,1299,1,12,6,1
"25545","201401QA10258",2,1,0,9,0,5,0,0,0,0,2,1,6,1,8,-1,-1,-1,6,1
"25546","201401QA10259",1,9,0,3,0,0,0,0,0,0,2,1,6,1,6,1598,1,10,2,1
"25547","201401QA10259",2,9,0,18,0,0,0,0,0,0,1,1,6,1,5,1598,2,4,1,1
"25548","201401QA10260",1,19,0,3,0,1,0,0,0,0,2,1,1,2,9,1686,2,11,3,1
"25549","201401QA10260",2,9,0,18,0,1,0,0,0,0,1,1,6,3,-1,-1,-1,-1,-1,-1
"25550","201401QA10262",1,9,0,3,0,8,0,0,1,0,1,1,6,2,7,1596,1,12,5,1
"25551","201401QA10262",2,9,0,18,0,8,0,0,0,0,1,1,6,1,9,4398,1,12,3,1
"25552","201401QA10263",1,5,0,11,0,0,0,0,0,0,1,1,1,1,6,670,1,2,2,1
"25553","201401QA10263",2,9,0,11,0,0,0,0,0,0,4,1,6,1,10,1339,1,3,6,1
"25560","201401QA10268",1,9,0,5,0,0,0,0,0,0,4,1,6,1,-1,1799,1,7,-1,-1
"25561","201401QA10269",1,9,0,4,0,0,0,0,0,0,2,1,6,1,7,1896,2,11,-1,1
"25562","201401QA10269",2,9,0,18,0,0,0,0,0,0,1,1,6,2,6,1598,1,13,6,1
"25563","201401QA10270",1,9,0,18,0,0,0,0,0,0,4,1,3,2,7,2198,1,8,8,1
"25568","201401QA10274",1,9,0,5,0,0,0,0,0,0,4,1,6,1,-1,1386,1,11,-1,-1
"25571","201401QA10276",1,9,0,14,0,0,0,0,0,0,1,1,6,1,5,1396,1,6,6,1
"25572","201401QA10277",1,9,0,18,0,0,0,4,1,0,1,1,6,1,10,1360,1,13,8,1
"25573","201401QA10277",2,9,0,2,0,0,0,0,0,0,4,1,6,3,-1,1397,1,12,-1,-1
"25574","201401QA10278",1,5,0,14,0,1,0,0,0,0,1,1,6,1,8,-1,-1,-1,6,1
"25575","201401QA10278",2,9,0,9,0,1,0,0,0,0,3,1,2,1,7,-1,-1,-1,7,1
"25576","201401QA10279",1,9,0,18,0,8,0,0,0,0,4,1,6,1,7,998,1,11,7,1
"25577","201401QA10279",2,2,0,18,0,8,0,0,0,0,1,1,6,1,6,109,1,1,3,1
"25578","201401QA10280",1,9,0,6,0,8,0,0,0,0,4,1,6,1,-1,4172,2,6,2,1
"25579","201401QA10280",2,9,0,18,0,8,0,0,0,0,1,1,6,2,8,1587,1,12,-1,-1
"25580","201401QA10281",1,9,0,4,0,0,0,0,0,0,2,1,6,2,8,1796,1,8,6,1
"25581","201401QA10281",2,9,0,18,0,0,0,0,0,0,1,1,6,1,-1,1998,1,6,-1,-1
"25582","201401QA10281",3,19,0,18,0,0,0,0,0,0,2,1,6,1,-1,-1,-1,-1,-1,-1
"255831","201401QA10282",1,9,0,18,0,8,0,0,0,0,1,1,6,2,5,1149,1,9,7,1
"255841","201401QA10282",2,9,0,9,0,8,0,0,0,0,4,1,6,2,-1,-1,-1,-1,-1,-1
"25587","201401QA10284",1,9,0,18,0,0,0,4,0,0,1,1,6,1,7,1997,1,7,6,1
"25588","201401QA10284",2,9,0,2,0,0,0,0,0,0,2,1,6,2,-1,1590,1,12,-1,-1
"25589","201401QA10285",1,9,0,7,0,1,0,0,0,0,2,1,1,1,8,1997,2,6,6,1
"25590","201401QA10285",2,9,0,10,0,1,0,0,0,0,3,1,2,2,8,-1,-1,-1,10,1
"25591","201401QA10285",3,9,0,18,0,1,0,0,0,0,1,1,6,2,4,1896,2,12,10,1
"25592","201401QA10286",1,9,0,5,0,0,0,10,7,2,1,1,6,2,9,1390,1,12,6,1
"25593","201401QA10287",1,9,0,14,0,0,0,8,0,0,1,1,6,2,11,998,1,12,10,1
"25594","201401QA10287",2,9,0,2,0,0,0,0,0,0,3,1,6,2,10,1995,2,5,9,1
"25595","201401QA10288",1,3,0,9,0,1,1,0,0,0,0,1,6,1,4,125,1,13,3,1
"25596","201401QA10288",2,9,0,18,0,8,0,0,0,0,0,1,6,1,6,1364,2,4,4,1
"25597","201401QA10289",1,9,0,18,0,0,0,10,7,10,1,1,6,1,9,2438,1,19,4,1
"25598","201401QA10289",2,9,0,3,0,0,0,0,0,0,1,1,6,2,7,1796,1,8,10,1
"25599","201401QA10289",3,9,0,3,0,0,0,0,0,0,1,1,6,1,8,998,1,11,-1,-1
"25600","201401QA10290",1,9,0,14,0,0,0,0,0,0,4,1,6,2,9,1596,1,15,8,1
"25601","201401QA10291",1,9,0,9,0,2,0,10,1,10,1,1,6,3,-1,1997,2,3,-1,-1
"25602","201401QA10292",1,9,0,18,0,8,0,0,0,0,1,1,6,1,5,1998,1,9,6,1
"25603","201401QA10292",2,9,0,18,0,8,0,0,0,0,3,1,6,2,9,-1,-1,-1,6,1
"25604","201401QA10293",1,9,0,9,0,2,0,10,1,2,1,1,6,1,4,1124,1,12,6,1
"25605","201401QA10294",1,19,0,1,0,0,0,4,0,0,2,1,1,1,5,1995,2,1,6,1
"25606","201401QA10294",2,9,0,2,0,0,0,0,0,0,1,1,6,1,9,1910,2,7,8,1
"25607","201401QA10295",1,9,0,5,0,2,0,0,0,0,0,1,6,1,6,2148,2,6,6,1
"25608","201401QA10295",2,9,0,2,0,2,0,0,0,0,0,1,6,1,7,1796,1,10,3,1
"25609","201401QA10297",1,9,0,5,0,1,0,0,0,0,1,1,6,2,-1,998,1,14,6,1
"25610","201401QA10297",2,8,0,4,0,1,0,0,0,0,2,1,1,1,7,1896,2,6,5,1
"25611","201401QA10298",1,9,0,5,0,2,0,0,0,0,3,1,6,1,-1,1590,1,11,-1,-1
"25616","201401QA10300",1,9,0,1,0,8,0,0,0,0,4,1,6,1,6,1598,2,4,3,1
"25617","201401QA10301",1,9,0,7,0,8,0,0,0,0,3,1,6,1,9,2231,2,4,10,1
"25618","201401QA10301",2,1,0,18,0,8,0,0,0,0,1,1,6,1,9,-1,-1,-1,10,1
"25620","201401QA10304",1,9,0,9,0,5,0,0,0,0,1,1,2,1,7,2000,2,3,10,2
"25621","201401QA10304",2,1,0,18,4,8,0,0,0,0,1,1,6,1,7,-1,-1,-1,9,1
"25622","201401QA10305",1,9,0,4,0,8,0,0,0,0,2,1,2,2,8,1995,2,2,5,1
"25623","201401QA10305",2,9,0,4,0,1,0,0,0,0,2,1,2,1,6,2148,2,8,5,1
"25624","201401QA10305",3,9,0,4,0,1,0,0,0,0,2,1,2,2,9,998,1,5,4,1
"25625","201401QA10305",4,9,0,18,0,1,0,0,0,0,1,1,2,2,8,1895,1,14,3,1
"25626","201401QA10306",1,9,0,18,0,8,0,0,0,0,1,1,6,2,6,1086,1,9,3,1
"25627","201401QA10306",2,9,0,9,0,8,0,0,0,0,4,1,6,2,5,998,1,4,-1,-1
"25628","201401QA10307",1,19,0,7,0,8,0,0,0,0,4,1,1,1,7,2148,2,5,4,1
"25629","201401QA10307",2,1,0,18,9,8,0,0,0,0,1,1,2,1,8,-1,-1,-1,4,1
"25630","201401QA10308",1,11,0,4,0,0,0,0,0,0,0,1,1,1,-1,-1,-1,-1,10,1
"25631","201401QA10309",1,1,0,18,0,0,0,10,1,4,0,1,6,1,4,-1,-1,-1,10,1
"25632","201401QA10310",1,9,0,18,0,8,0,0,0,0,3,1,2,2,9,1797,8,3,4,1
"25633","201401QA10310",2,8,0,9,0,6,0,0,0,0,1,1,1,1,8,1598,1,9,6,1
"25634","201401QA10311",1,9,0,18,0,8,0,0,0,0,4,1,6,1,5,1598,2,3,2,1
"25635","201401QA10311",2,9,0,7,0,8,0,0,0,0,1,1,6,3,-1,2982,2,-1,-1,-1
"25636","201401QA10312",1,3,0,3,0,1,0,0,0,0,2,1,6,1,8,899,1,15,5,1
"25637","201401QA10312",2,9,0,18,0,1,0,0,0,0,1,1,6,1,7,1995,2,3,4,1
"25640","201401QA10314",1,11,0,18,0,1,0,0,0,0,3,1,1,2,7,9000,2,10,6,2
"25641","201401QA10314",2,1,0,18,0,2,0,0,0,0,3,1,6,1,2,-1,-1,-1,6,1
"25642","201401QA10315",1,9,0,9,0,8,0,0,0,0,1,1,6,1,6,1910,2,6,6,1
"25643","201401QA10315",2,9,0,18,0,8,0,0,0,0,3,1,6,1,6,1398,1,11,5,1
"25644","201401QA10316",1,9,0,18,0,1,0,0,0,0,1,1,6,2,5,599,1,13,6,1
"25645","201401QA10316",2,9,0,9,0,1,0,0,0,0,4,1,6,2,7,1299,1,11,6,1
"25646","201401QA10317",1,9,0,18,0,2,0,0,0,0,1,1,6,1,5,1896,2,16,6,1
"25647","201401QA10317",2,1,0,18,0,2,0,0,0,0,2,1,6,2,7,-1,-1,-1,6,1
"25648","201401QA10318",1,9,0,18,0,1,0,0,0,0,1,1,6,2,6,1390,1,4,5,1
"25649","201401QA10318",2,1,0,18,0,6,0,0,0,0,1,1,6,1,3,-1,-1,-1,5,1
"25652","201401QA10320",1,9,0,4,0,1,0,0,0,0,2,1,6,1,7,1796,1,5,6,1
"25653","201401QA10320",2,4,0,5,0,1,0,0,0,0,1,1,1,1,-1,124,1,1,3,1
"25654","201401QA10321",1,3,0,14,0,8,0,0,0,0,4,1,1,1,5,125,1,8,7,1
"25655","201401QA10321",2,9,0,9,0,6,0,0,0,0,1,1,6,1,8,1896,1,18,6,1
"256561","201401QA10323",1,9,0,18,0,0,0,0,0,0,1,1,6,1,-1,1360,1,13,-1,-1
"25660","201401QA10327",1,9,0,9,0,8,0,0,0,0,1,1,3,2,7,-1,-1,-1,6,1
"25661","201401QA10327",2,1,0,18,0,6,0,0,0,0,4,1,6,1,3,-1,-1,-1,6,1
"25662","201401QA10328",1,19,0,10,0,1,0,0,0,0,2,1,1,1,7,1968,2,3,5,1
"25663","201401QA10328",2,9,0,3,0,1,0,0,0,0,2,1,6,1,5,1598,1,8,6,1
"25664","201401QA10328",3,9,0,18,0,1,0,0,0,0,1,1,6,2,6,-1,-1,-1,4,1
"25665","201401QA10330",1,9,0,7,0,2,0,0,0,0,4,1,6,1,10,1296,1,7,7,1
"25666","201401QA10330",2,3,0,7,0,2,0,0,0,0,2,1,1,2,6,107,1,3,-1,-1
"25667","201401QA10333",1,9,0,5,0,1,0,0,0,0,2,1,2,2,5,1598,1,10,7,1
"25668","201401QA10333",2,19,0,5,0,1,0,0,0,0,1,1,6,1,-1,2402,2,9,-1,-1
"25669","201401QA10333",3,9,0,5,0,1,0,0,0,0,2,1,6,1,-1,1968,2,3,-1,-1
"25670","201401QA10336",1,9,0,18,0,2,0,0,0,0,1,1,6,1,7,1596,1,5,7,1
"256711","201401QA10336",2,9,0,4,0,2,0,0,0,0,2,1,6,1,7,1390,1,7,8,1
"256721","201401QA10337",1,3,0,15,0,8,0,0,0,0,3,1,6,1,6,125,1,7,7,1
"256731","201401QA10337",2,9,0,7,0,8,0,0,0,0,4,1,6,1,8,1781,1,10,10,1
"256741","201401QA10338",1,19,0,18,0,2,0,0,0,0,4,1,6,1,10,2494,2,6,6,1
"256751","201401QA10339",1,9,0,7,0,8,0,0,0,0,1,1,6,2,9,2035,1,9,8,1
"25676","201401QA10339",2,3,0,9,0,8,0,0,0,0,4,1,6,1,5,125,1,5,4,1
"25677","201401QA10340",1,9,0,11,0,1,0,0,0,0,1,1,1,2,6,1896,2,10,7,1
"25678","201401QA10342",1,9,0,18,0,2,0,0,0,0,4,1,6,2,6,1587,1,9,3,1
"25679","201401QA10343",1,9,0,18,0,2,1,0,0,0,4,1,6,1,5,2664,2,13,5,1
"25680","201401QA10344",1,9,0,18,0,8,0,0,0,0,1,1,2,2,9,1597,1,5,6,1
"25681","201401QA10344",2,3,0,18,0,8,0,0,0,0,2,1,6,1,6,108,1,5,2,1
"25682","201401QA10345",1,3,0,18,0,0,0,0,0,0,1,1,1,1,7,-1,-1,-1,6,1
"25683","201401QA10345",2,9,0,1,0,0,0,0,0,0,2,1,6,3,-1,-1,-1,-1,-1,-1
"25684","201401QA10346",1,9,0,14,0,0,0,0,0,0,3,1,6,2,8,1200,1,12,6,1
"25685","201401QA10346",2,9,0,14,0,0,0,0,0,0,3,1,6,1,-1,1390,1,5,-1,-1
"25686","201401QA10348",1,9,0,18,0,8,0,0,0,0,1,1,6,2,6,1598,1,5,6,1
"25687","201401QA10348",2,1,0,18,0,8,0,0,0,0,4,1,6,1,7,-1,-1,-1,4,1
"25688","201401QA10349",1,9,0,18,0,0,5,4,0,0,4,1,6,2,5,1248,1,1,6,1
"25689","201401QA10349",2,9,0,2,0,0,0,0,0,0,3,1,6,3,-1,1120,2,1,-1,-1
"25690","201401QA10349",3,9,0,2,0,0,0,0,0,0,3,1,6,3,-1,1998,1,12,-1,-1
"25691","201401QA10351",1,11,0,9,0,8,0,0,0,0,3,1,1,1,7,8300,2,8,3,1
"25692","201401QA10351",2,9,0,18,0,8,1,0,0,0,1,1,2,1,9,1598,1,15,4,1
"25693","201401QA10352",1,1,0,18,9,8,0,0,0,0,4,1,2,1,4,-1,-1,-1,9,1
"25694","201401QA10352",2,9,0,1,9,8,0,0,0,0,2,1,6,2,-1,2148,2,10,6,1
"25695","201401QA10353",1,9,0,9,0,2,0,0,0,0,1,1,6,2,-1,998,1,4,-1,-1
"25696","201401QA10353",2,9,0,1,0,1,0,0,0,0,2,1,6,1,7,1390,1,12,-1,-1
"25697","201401QA10354",1,1,0,17,0,8,0,0,0,0,1,1,6,1,6,-1,-1,-1,5,1