"","Acc_Index","Vehicle_Reference","Vehicle_Type","Towing_and_Articulation","Vehicle_Manoeuvre","Vehicle_Location.Restricted_Lane","Junction_Location","Skidding_and_Overturning","Hit_Object_in_Carriageway","Vehicle_Leaving_Carriageway","Hit_Object_off_Carriageway","X1st_Point_of_Impact","Was_Vehicle_Left_Hand_Drive","Journey_Purpose_of_Driver","Sex_of_Driver","Age_Band_of_Driver","Engine_Capacity_.CC.","Propulsion_Code","Age_of_Vehicle","Driver_IMD_Decile","Driver_Home_Area_Type"
"25698","201401QA10354",2,9,0,7,0,8,0,0,0,0,3,1,6,2,-1,1398,1,10,8,1
"25702","201401QA10356",1,9,0,18,0,8,0,0,0,0,1,1,6,1,8,3200,1,15,-1,-1
"25703","201401QA10356",2,19,0,9,0,8,0,0,0,0,4,1,6,2,6,-1,-1,-1,6,1
"25704","201401QA10359",1,3,0,5,0,6,0,0,0,0,1,1,6,2,4,124,1,7,3,1
"25705","201401QA10359",2,9,0,9,0,8,0,0,0,0,4,1,6,2,-1,-1,-1,-1,-1,-1
"25706","201401QA10360",1,9,0,18,0,1,0,0,0,0,1,1,1,1,-1,-1,-1,-1,-1,-1
"25707","201401QA10360",2,3,0,4,0,2,1,0,0,0,1,1,6,1,7,998,1,6,8,1
"25708","201401QA10361",1,9,0,18,0,0,0,0,0,0,1,1,6,2,9,1389,1,16,3,1
"25709","201401QA10361",2,9,0,6,0,0,0,0,0,0,4,1,6,1,5,1995,1,7,1,1
"25710","201401QA10362",1,9,0,9,0,8,0,0,0,0,3,1,6,2,7,1598,1,16,-1,-1
"25711","201401QA10362",2,9,0,17,0,8,0,0,0,0,1,1,6,1,7,1995,2,10,6,1
"25712","201401QA10363",1,19,0,5,0,8,0,0,0,0,1,1,1,1,7,2402,2,12,6,1
"25713","201401QA10363",2,5,0,18,0,8,0,0,0,0,2,1,6,1,6,656,1,9,4,1
"25714","201401QA10364",1,9,0,3,0,1,0,0,0,0,2,1,6,2,8,1398,1,3,4,1
"25715","201401QA10364",2,9,0,3,0,1,0,0,0,0,2,1,6,1,7,1968,2,3,5,1
"25716","201401QA10364",3,19,0,18,0,1,0,0,0,0,1,1,6,1,6,2198,2,1,4,1
"25717","201401QA10365",1,9,0,4,0,0,0,0,0,0,2,1,6,1,9,1596,1,12,6,1
"25718","201401QA10365",2,9,0,4,0,0,0,0,0,0,2,1,6,2,7,1595,1,5,7,1
"25719","201401QA10365",3,9,0,4,0,0,0,0,0,0,1,1,6,1,6,1995,2,2,5,1
"25720","201401QA10366",1,9,0,18,0,8,0,0,0,0,1,1,6,1,4,1590,1,10,3,1
"25721","201401QA10366",2,9,0,18,0,8,0,10,7,0,4,1,6,1,8,1686,2,12,6,1
"25722","201401QA10367",1,9,0,9,0,2,0,0,0,0,4,1,6,1,6,1984,1,12,3,1
"25723","201401QA10367",2,1,0,18,0,1,0,0,0,0,1,1,6,1,8,-1,-1,-1,3,1
"25724","201401QA10368",1,9,0,2,0,0,0,0,0,0,4,1,6,2,7,1995,2,9,2,1
"25725","201401QA10368",2,9,0,18,0,0,0,4,0,0,4,1,6,2,-1,1796,1,2,3,1
"25726","201401QA10370",1,9,0,18,0,1,0,0,0,0,1,1,6,1,4,1242,1,-1,7,1
"25727","201401QA10370",2,1,0,18,0,1,0,0,0,0,4,1,6,1,2,-1,-1,-1,3,1
"25728","201401QA10375",1,9,0,18,0,0,5,4,0,0,1,1,2,1,6,998,1,14,6,1
"25729","201401QA10375",2,9,0,2,0,0,0,0,0,0,2,1,6,1,9,1229,1,8,-1,-1
"25730","201401QA10376",1,1,0,18,0,8,0,0,0,0,1,1,6,1,7,-1,-1,-1,9,1
"25731","201401QA10376",2,9,0,1,0,8,0,0,0,0,4,1,6,1,-1,-1,-1,-1,-1,-1
"25732","201401QA10377",1,9,0,18,0,0,0,10,5,2,3,1,6,2,5,1794,1,12,10,1
"25733","201401QA10378",1,9,0,18,0,8,0,0,0,0,1,1,6,2,11,1388,1,5,-1,-1
"25734","201401QA10378",2,19,0,18,0,8,0,0,0,0,4,1,6,1,4,1753,2,4,3,1
"25735","201401QA10379",1,2,0,18,0,1,0,0,0,0,4,1,1,1,5,49,1,8,2,1
"25736","201401QA10379",2,9,0,13,0,1,0,0,0,0,3,1,6,1,6,1997,1,14,6,1
"25737","201401QA10380",1,9,0,18,0,1,0,0,0,0,4,1,6,1,7,1997,1,5,6,1
"25738","201401QA10381",1,9,0,4,0,1,0,0,0,0,1,1,1,1,5,1360,1,13,4,1
"25739","201401QA10381",2,9,0,4,0,1,0,0,0,0,2,1,6,2,4,999,1,-1,5,1
"25740","201401QA10386",1,11,0,2,0,1,0,0,0,0,0,1,1,1,6,4500,2,3,4,1
"25741","201401QA10387",1,9,0,3,0,1,0,0,0,0,2,1,6,1,8,1596,1,12,6,1
"25742","201401QA10387",2,9,0,18,0,1,0,0,0,0,1,1,6,3,-1,1796,1,14,-1,-1
"25743","201401QA10388",1,9,0,2,0,0,0,0,0,0,2,1,6,1,9,2685,2,11,-1,-1
"25744","201401QA10388",2,9,0,18,0,0,0,4,0,0,1,1,6,1,-1,1596,1,12,-1,-1
"25745","201401QA10389",1,9,0,9,0,2,0,0,0,0,3,1,6,1,8,1299,1,11,9,1
"25746","201401QA10389",2,3,0,18,0,1,1,0,0,0,1,1,6,1,4,-1,-1,-1,2,1
"25749","201401QA10391",1,2,0,14,0,1,0,0,0,0,4,1,6,2,4,-1,-1,-1,6,1
"25750","201401QA10391",2,9,0,3,0,1,0,0,0,0,3,1,6,2,-1,-1,-1,-1,7,1
"25751","201401QA10392",1,9,0,9,0,1,0,0,0,0,1,1,6,2,6,-1,-1,-1,4,1
"25752","201401QA10392",2,9,0,18,0,1,0,0,0,0,4,1,6,2,6,1995,2,12,5,1
"25753","201401QA10393",1,9,0,18,0,8,1,0,0,0,3,1,1,2,6,1197,1,-1,7,1
"25754","201401QA10393",2,9,0,9,0,8,0,0,0,0,1,1,6,1,11,1332,1,17,6,1
"25755","201401QA10394",1,9,0,18,0,1,0,0,0,0,4,1,6,1,6,1296,1,7,5,1
"25756","201401QA10394",2,9,0,12,0,1,0,0,0,0,3,1,6,2,6,1364,1,7,5,1
"25758","201401QA10396",1,9,0,3,0,1,0,0,0,0,2,1,6,1,6,1796,1,8,4,1
"25759","201401QA10396",2,9,0,3,0,1,0,0,0,0,2,1,6,1,10,1797,8,3,10,1
"25760","201401QA10396",3,9,0,5,0,1,0,0,0,0,1,1,6,2,6,2143,2,1,7,1
"25761","201401QA10397",1,9,0,3,0,0,0,0,0,0,2,1,2,2,9,1598,1,14,4,1
"25762","201401QA10397",2,9,0,4,0,0,0,0,0,0,1,1,2,2,7,1598,1,13,6,1
"25763","201401QA10399",1,9,0,13,0,1,0,0,0,0,1,1,6,1,6,1242,1,8,6,2
"25764","201401QA10399",2,9,0,9,0,1,0,10,7,0,2,1,6,1,6,1390,1,-1,4,1
"25765","201401QA10400",1,1,0,17,0,8,0,0,0,0,4,1,6,1,7,-1,-1,-1,8,1
"25766","201401QA10400",2,9,0,5,0,8,0,0,0,0,1,1,6,1,-1,1990,1,11,5,1
"25767","201401QA10401",1,9,0,7,0,8,0,0,0,0,4,1,6,1,-1,1968,2,7,10,1
"25768","201401QA10401",2,1,0,18,0,8,0,0,0,0,3,1,6,1,7,-1,-1,-1,7,1
"25769","201401QA10402",1,9,0,3,0,8,0,0,0,0,2,1,6,2,8,2179,2,12,4,1
"25770","201401QA10402",2,9,0,5,0,8,0,0,0,0,1,1,6,1,-1,-1,-1,-1,-1,-1
"25771","201401QA10405",1,9,0,9,0,1,0,0,0,0,4,1,6,2,11,-1,-1,-1,9,1
"25772","201401QA10405",2,9,0,15,0,1,0,0,0,0,1,1,6,2,10,1388,1,5,10,1
"25773","201401QA10406",1,9,0,9,0,8,0,0,0,0,4,1,6,1,8,1895,1,14,8,1
"25774","201401QA10406",2,3,0,18,0,8,0,0,0,0,1,1,6,1,5,124,1,2,5,1
"25777","201401QA10408",1,5,0,18,0,1,0,0,0,0,0,1,6,1,7,1130,1,12,5,1
"25778","201401QA10408",2,19,0,9,0,2,0,0,0,0,0,1,6,1,6,2198,2,-1,4,1
"25779","201401QA10410",1,3,0,13,0,1,0,0,0,0,4,1,6,1,6,125,1,-1,4,1
"25780","201401QA10410",2,9,0,9,0,1,0,0,0,0,1,1,6,1,-1,1796,1,8,-1,-1
"25781","201401QA10411",1,9,0,9,0,1,0,0,0,0,1,1,6,2,8,2148,2,7,8,1
"25782","201401QA10411",2,9,0,18,0,1,0,0,0,0,1,1,6,1,6,2494,1,23,8,1
"25784","201401QA10413",1,9,0,18,0,1,0,0,0,0,1,1,1,1,4,1388,1,7,10,1
"25785","201401QA10414",1,11,0,5,0,0,0,0,0,0,0,1,1,1,9,7300,2,12,10,1
"25786","201401QA10415",1,9,0,4,0,8,0,0,0,0,2,1,1,1,7,993,1,11,4,1
"25787","201401QA10415",2,19,0,18,0,8,0,0,0,0,1,1,6,1,6,1598,2,3,3,1
"25788","201401QA10416",1,9,0,3,0,1,0,0,0,0,2,1,6,2,7,1149,1,7,4,1
"25789","201401QA10416",2,19,0,18,0,1,0,0,0,0,1,1,1,1,7,1995,2,2,10,2
"25790","201401QA10417",1,9,0,18,0,0,0,10,1,2,1,1,6,1,11,998,1,-1,8,1
"25791","201401QA10419",1,9,0,18,0,2,0,4,0,0,1,1,6,2,7,1275,1,17,-1,-1
"25792","201401QA10419",2,9,0,2,0,2,0,0,0,0,1,1,6,1,-1,-1,-1,-1,-1,-1
"25793","201401QA10420",1,9,0,18,0,8,0,0,0,0,4,1,6,1,5,1242,1,2,7,1
"25794","201401QA10420",2,5,0,18,0,8,0,0,0,0,3,1,6,1,8,600,1,8,5,1
"25795","201401QA10421",1,3,0,7,0,8,0,0,0,0,0,1,2,1,5,124,1,6,7,1
"25796","201401QA10422",1,9,0,18,0,0,0,0,0,0,4,1,6,2,7,1598,1,9,5,1
"25799","201401QA10425",1,9,0,18,0,0,0,0,0,0,1,1,6,2,9,1598,1,14,6,1
"25801","201401QA10428",1,9,0,18,0,1,0,0,0,0,4,1,2,1,11,1798,1,3,8,1
"25802","201401QA10430",1,9,0,18,0,0,0,4,0,0,1,1,6,1,9,996,1,3,-1,-1
"25803","201401QA10430",2,9,0,2,0,0,0,0,0,0,4,1,6,1,-1,1984,1,4,6,1
"25804","201401QA10431",1,9,0,18,0,8,0,10,3,10,1,1,6,1,-1,1598,1,9,10,1
"25805","201401QA10432",1,9,0,18,0,2,0,0,0,0,4,1,6,1,6,1995,2,3,-1,-1
"25808","201401QA10435",1,9,0,10,0,1,0,0,0,0,2,1,1,1,7,2148,2,8,5,1
"25809","201401QA10435",2,9,0,18,0,1,0,0,0,0,1,1,6,3,-1,3199,1,10,-1,-1
"25810","201401QA10436",1,19,0,5,0,8,0,0,0,0,4,1,1,1,5,2402,2,3,8,1
"25811","201401QA10438",1,1,0,9,0,8,0,0,0,0,4,1,6,2,11,-1,-1,-1,9,1
"25812","201401QA10438",2,9,0,18,0,8,0,0,0,0,1,1,6,1,6,1910,2,7,4,1
"25813","201401QA10439",1,9,0,9,0,8,0,0,0,0,4,1,6,1,5,1390,1,12,6,1
"25814","201401QA10439",2,4,0,18,0,8,0,0,0,0,1,1,6,1,7,899,1,14,4,1
"25815","201401QA10441",1,9,0,5,0,1,0,0,0,0,1,1,6,1,7,1997,1,10,4,1
"25816","201401QA10441",2,1,0,18,0,1,0,0,0,0,3,1,6,1,7,-1,-1,-1,7,1
"25817","201401QA10442",1,9,0,6,0,0,0,0,0,0,3,1,6,1,7,1587,1,21,6,1
"25818","201401QA10442",2,3,0,14,0,0,0,0,0,0,1,1,1,1,5,125,1,8,5,1
"25819","201401QA10444",1,19,0,18,0,2,0,0,0,0,4,1,6,1,8,1753,2,4,5,2
"25820","201401QA10445",1,90,0,9,0,8,0,0,0,0,3,1,1,2,5,-1,-1,-1,4,1
"25821","201401QA10445",2,11,0,9,0,8,0,0,0,0,4,1,1,1,8,9200,2,8,8,1
"25822","201401QA10446",1,9,0,9,0,8,0,0,0,0,3,1,6,2,10,1998,1,11,5,1
"25823","201401QA10446",2,9,0,13,0,8,0,10,3,4,4,1,6,1,7,998,1,18,6,1
"25826","201401QA10448",1,9,0,3,0,2,0,0,0,0,2,1,6,2,5,1248,1,1,5,1
"25827","201401QA10448",2,9,0,18,0,2,0,0,0,0,1,1,6,2,6,1332,1,9,10,1
"25828","201401QA10449",1,9,0,14,0,0,0,0,0,0,1,1,6,1,-1,1339,1,4,9,1
"25831","201401QA10451",1,9,0,17,0,2,0,10,1,2,1,1,6,1,6,1997,2,9,6,1
"25832","201401QA10452",1,9,0,18,0,2,0,0,0,0,1,1,6,2,5,1995,2,5,6,1
"25833","201401QA10452",2,19,0,4,0,2,0,0,0,0,2,1,6,1,-1,1998,2,11,-1,-1
"25834","201401QA10453",1,9,0,3,0,2,0,0,0,0,2,1,6,2,7,-1,-1,-1,3,1
"25835","201401QA10453",2,9,0,18,0,2,0,0,0,0,1,1,6,2,7,1968,2,7,4,1
"25836","201401QA10454",1,11,0,2,0,0,0,0,0,0,0,1,1,2,8,7300,2,9,4,1
"25837","201401QA10455",1,9,0,18,0,0,0,0,0,0,2,1,6,1,8,1598,1,12,9,1
"25838","201401QA10455",2,9,0,18,0,0,0,0,0,0,1,1,6,1,4,1198,1,1,9,1
"25841","201401QA10458",1,9,0,18,0,1,0,0,0,0,1,1,6,3,-1,-1,-1,-1,-1,-1
"25842","201401QA10459",1,9,0,4,0,0,0,0,0,0,2,1,6,1,9,1998,1,8,5,1
"25843","201401QA10459",2,9,0,4,0,0,0,0,0,0,1,1,6,2,11,1198,1,1,3,1
"25844","201401QA10460",1,9,0,9,0,2,0,0,0,0,1,1,6,1,9,1390,1,13,5,1
"25845","201401QA10460",2,1,0,18,0,1,0,0,0,0,3,1,6,1,6,-1,-1,-1,6,1
"25846","201401QA10462",1,9,0,4,0,1,0,0,0,0,4,1,2,2,8,1339,1,2,9,1
"25847","201401QA10462",2,1,0,9,0,1,0,0,0,0,1,1,6,1,3,-1,-1,-1,9,1
"25848","201401QA10463",1,9,0,18,0,1,0,0,0,0,1,1,6,1,6,1995,2,5,6,1
"25849","201401QA10463",2,9,0,3,0,1,0,0,0,0,2,1,6,1,8,1595,1,11,10,1
"25850","201401QA10463",3,9,0,3,0,1,0,0,0,0,2,1,6,1,8,1985,1,14,6,2
"25851","201401QA10464",1,9,0,3,0,1,0,0,0,0,2,1,6,2,7,1998,1,13,3,1
"25852","201401QA10464",2,9,0,5,0,1,0,0,0,0,1,1,6,3,-1,1497,1,14,-1,-1
"25853","201401QA10465",1,9,0,18,0,8,0,0,0,0,1,1,6,2,11,1600,1,9,4,1
"25854","201401QA10465",2,1,0,18,0,8,0,0,0,0,4,1,6,1,6,-1,-1,-1,4,1
"25855","201401QA10466",1,9,0,17,0,1,0,0,0,0,1,1,6,2,8,4196,1,6,10,1
"25856","201401QA10466",2,3,0,16,0,2,0,0,0,0,1,1,6,1,5,125,1,2,6,1
"25857","201401QA10467",1,5,0,13,0,1,1,0,0,0,0,1,1,1,6,-1,-1,-1,7,1
"25858","201401QA10467",2,9,0,9,0,1,0,0,0,0,0,1,6,3,-1,-1,-1,-1,-1,-1
"25860","201401QA10469",1,9,0,18,0,0,0,0,0,0,1,1,6,1,8,-1,-1,-1,2,1
"25861","201401QA10469",2,9,0,18,0,0,0,0,0,0,1,1,6,1,7,1997,2,11,8,1
"25862","201401QA10470",1,2,0,18,0,0,0,0,0,0,4,1,6,1,5,49,1,4,8,1
"25863","201401QA10470",2,9,0,6,0,0,0,0,0,0,3,1,6,1,6,1398,2,7,2,1
"25864","201401QA10472",1,9,0,16,0,1,0,4,0,0,1,1,2,1,8,1598,1,6,6,1
"25865","201401QA10472",2,9,0,2,0,1,0,0,0,0,2,1,6,1,-1,-1,-1,-1,-1,-1
"25866","201401QA10474",1,11,0,18,0,2,0,0,0,0,3,1,1,1,6,-1,-1,-1,8,1
"25867","201401QA10474",2,9,0,18,0,2,0,0,0,0,4,1,6,2,7,1997,1,2,3,1
"25868","201401QA10475",1,9,0,18,0,0,0,0,0,0,4,1,6,2,7,2354,1,10,6,1
"25869","201401QA10476",1,9,0,1,0,1,0,0,0,0,2,1,6,1,6,1596,1,18,3,1
"25870","201401QA10477",1,19,0,18,0,0,0,10,1,10,4,1,1,1,7,2198,2,4,4,1
"25871","201401QA10477",2,9,0,2,0,0,0,0,0,0,3,1,6,2,7,-1,-1,-1,-1,-1
"25872","201401QA10477",3,9,0,2,0,0,0,0,0,0,3,1,6,1,-1,1341,1,10,-1,-1
"25873","201401QA10477",4,9,0,18,0,0,0,4,0,0,4,1,6,1,11,1339,1,11,6,1
"25874","201401QA10479",1,9,0,4,0,2,0,0,0,0,1,1,6,1,4,998,1,11,6,1
"25875","201401QA10479",2,9,0,4,0,2,0,0,0,0,2,1,6,1,7,1560,2,1,5,1
"25876","201401QA10481",1,9,0,18,0,0,0,0,0,0,3,1,6,2,5,1299,1,14,6,1
"25877","201401QA10481",2,2,0,11,0,0,0,0,0,0,4,1,6,1,9,50,1,6,4,1
"25878","201401QA10483",1,9,0,9,0,1,0,0,0,0,3,1,6,2,7,1796,1,13,4,1
"25879","201401QA10483",2,3,0,13,0,1,0,0,0,0,1,1,6,1,4,125,1,-1,3,1
"25880","201401QA10484",1,11,0,18,0,0,0,0,0,0,1,1,1,1,8,9200,2,11,4,1
"25881","201401QA10485",1,9,0,18,0,2,0,0,0,0,1,1,6,3,-1,-1,-1,-1,-1,-1
"25882","201401QA10486",1,9,0,2,0,1,0,0,0,0,2,1,6,1,6,1797,8,-1,6,1
"25883","201401QA10486",2,9,0,1,0,1,0,4,0,0,2,1,6,2,6,1896,2,6,5,1
"25884","201401QA10487",1,9,0,9,0,8,0,0,0,0,4,1,2,1,6,1560,2,4,-1,1
"25885","201401QA10487",2,9,0,18,0,8,0,0,0,0,1,1,2,2,7,1968,2,-1,7,1
"25886","201401QA10488",1,9,0,18,0,8,0,0,0,0,1,1,6,2,4,1149,1,6,4,1
"25887","201401QA10488",2,9,0,9,0,8,0,0,0,0,4,1,6,1,7,1995,2,9,4,1
"25888","201401QA10489",1,9,0,18,0,8,0,0,0,0,1,1,6,2,5,1329,1,4,6,1
"25889","201401QA10489",2,9,0,18,0,8,0,0,0,0,3,1,6,1,6,1968,2,4,9,1
"25890","201401QA10490",1,9,0,17,0,0,0,4,0,0,4,1,6,2,5,1242,1,-1,3,1
"25891","201401QA10490",2,9,0,2,0,0,0,0,0,0,3,1,6,1,7,1896,2,8,-1,-1
"25892","201401QA10491",1,9,0,13,0,2,0,0,0,0,4,1,6,1,8,-1,-1,-1,6,1
"25893","201401QA10491",2,19,0,6,0,2,0,0,0,0,1,1,6,1,7,2148,2,7,-1,1
"25894","201401QA10492",1,19,0,5,0,0,0,0,0,0,1,1,6,1,-1,-1,-1,-1,-1,-1
"25897","201401QA10494",1,9,0,18,0,1,0,0,0,0,1,1,6,1,9,1997,2,8,6,1
"25898","201401QA10494",2,9,0,14,0,2,0,0,0,0,1,1,6,1,10,2976,1,10,5,1
"25901","201401QA10497",1,9,0,18,0,0,1,0,1,4,1,1,6,2,5,1360,1,14,4,1
"25902","201401QA10500",1,9,0,9,0,8,0,0,0,0,3,1,3,2,6,1995,2,2,9,1
"25903","201401QA10501",1,9,0,18,0,1,0,0,0,0,4,1,6,1,9,998,1,12,-1,-1
"25906","201401QA10504",1,9,0,17,0,1,0,10,2,1,4,1,2,1,7,1332,1,16,3,1
"25907","201401QA10505",1,9,0,18,0,0,0,0,0,0,4,1,6,2,-1,-1,-1,-1,-1,-1
"25908","201401QA10507",1,9,0,18,0,0,0,10,7,10,1,1,6,2,8,2143,2,2,7,1
"25909","201401QA10508",1,9,0,3,0,1,0,0,0,0,2,1,6,2,7,1995,2,3,4,1
"25910","201401QA10508",2,9,0,18,0,1,0,0,0,0,1,1,6,3,-1,-1,-1,-1,-1,-1
"25911","201401QA10510",1,9,0,18,0,0,0,0,0,0,4,1,6,1,8,2362,1,14,7,1
"25912","201401QA10511",1,9,0,17,0,0,0,0,0,0,1,1,6,2,8,1588,1,11,6,1
"25913","201401QA10511",2,9,0,16,0,0,0,0,0,0,1,1,6,1,6,1896,2,7,6,1
"25914","201401QA10512",1,9,0,3,0,1,0,0,0,0,2,1,6,1,10,2148,2,7,4,1
"25915","201401QA10512",2,9,0,5,0,1,0,0,0,0,1,1,6,2,-1,1348,1,13,-1,-1
"25916","201401QA10513",1,9,0,1,0,0,0,0,0,0,2,1,6,1,10,1794,1,11,7,1
"25917","201401QA10514",1,3,0,13,0,1,0,0,0,0,2,1,6,1,4,108,1,1,10,1
"25918","201401QA10514",2,9,0,5,0,1,0,0,0,0,1,1,6,1,8,2488,2,8,4,1
"25919","201401QA10515",1,9,0,5,0,0,0,0,0,0,1,1,6,1,8,1498,1,3,7,1
"25920","201401QA10517",1,11,0,4,0,0,0,0,0,0,0,1,1,3,-1,9000,2,7,-1,-1
"25921","201401QA10518",1,9,0,18,0,1,0,0,0,0,1,1,6,1,10,1364,1,7,9,1
"25922","201401QA10519",1,9,0,5,0,1,0,0,0,0,1,1,6,2,8,-1,-1,-1,7,1
"25923","201401QA10519",2,9,0,18,0,1,0,0,0,0,4,1,6,1,4,1198,1,9,6,1
"25924","201401QA10520",1,9,0,18,0,0,0,0,0,0,4,1,6,1,6,4163,1,7,6,1
"25925","201401QA10520",2,9,0,18,0,0,0,0,0,0,3,1,6,1,8,1998,1,9,4,1
"25928","201401QA10522",1,9,0,18,0,1,0,0,0,0,3,1,6,1,7,1800,1,14,8,1
"25929","201401QA10522",2,9,0,11,0,1,0,0,0,0,4,1,6,2,-1,1794,1,5,-1,-1
"25930","201401QA10524",1,9,0,5,0,8,0,0,0,0,3,1,6,1,6,1968,2,2,7,1
"25931","201401QA10524",2,9,0,5,0,8,0,0,0,0,4,1,6,1,-1,-1,-1,-1,-1,-1
"25932","201401QA10526",1,9,0,9,0,8,0,0,0,0,1,1,6,1,6,2000,1,9,10,1
"25933","201401QA10526",2,9,0,7,0,8,0,0,0,0,3,1,6,2,6,1198,1,7,3,1
"25934","201401QA10527",1,9,0,18,0,2,0,0,0,0,1,1,6,1,9,1951,2,10,10,1
"25935","201401QA10528",1,9,0,16,0,0,0,0,0,0,1,1,6,1,8,1497,1,12,4,1
"25936","201401QA10529",1,9,0,7,0,8,0,0,0,0,3,1,6,1,4,1229,1,2,4,1
"25937","201401QA10529",2,9,0,7,0,8,0,9,3,0,4,1,6,1,6,1796,1,10,2,1
"25938","201401QA10530",1,9,0,9,0,8,0,0,0,0,4,1,6,1,8,1598,1,12,2,1
"25939","201401QA10530",2,3,0,13,0,8,0,0,0,0,1,1,6,1,5,-1,-1,-1,3,1
"25940","201401QA10531",1,9,0,7,0,8,0,0,0,0,1,1,6,2,-1,-1,-1,-1,-1,-1
"25943","201401QA10533",1,9,0,5,0,2,0,0,0,0,1,1,6,1,-1,-1,-1,-1,-1,-1
"25944","201401QA10534",1,9,0,7,0,1,0,0,0,0,1,1,6,2,6,1246,1,9,6,1
"25945","201401QA10535",1,19,0,7,0,8,0,0,0,0,4,1,1,1,7,2198,2,1,4,1
"25946","201401QA10535",2,1,0,15,0,8,0,0,0,0,1,1,6,1,7,-1,-1,-1,5,1
"25947","201401QA10536",1,9,0,8,0,8,0,0,0,0,2,1,6,1,6,1197,1,1,2,1
"25948","201401QA10536",2,9,0,9,0,8,0,0,0,0,1,1,6,1,-1,1995,1,11,-1,-1
"25949","201401QA10537",1,9,0,18,0,8,0,0,0,0,3,1,6,2,7,1783,1,12,4,1
"25950","201401QA10537",2,9,0,18,0,8,0,0,0,0,1,1,6,1,-1,1596,1,10,-1,-1
"25951","201401QA10538",1,9,0,9,0,8,0,0,0,0,0,1,6,1,7,1997,2,1,-1,-1
"25952","201401QA10538",2,3,0,18,0,8,0,0,0,0,3,1,6,2,7,-1,-1,-1,2,1
"25953","201401QA10540",1,11,0,18,0,2,0,0,0,0,4,1,6,3,-1,-1,-1,-1,-1,-1
"25954","201401QA10541",1,9,0,18,0,0,0,0,0,0,1,1,6,1,6,1498,1,7,10,1
"25955","201401QA10542",1,9,0,18,0,8,0,0,0,0,3,1,6,1,8,1328,1,13,9,1
"25956","201401QA10542",2,9,0,9,0,8,0,0,0,0,1,1,6,3,-1,-1,-1,-1,-1,-1
"25957","201401QA10545",1,8,0,2,0,0,0,0,0,0,2,1,1,1,8,1497,8,5,6,1
"25958","201401QA10545",2,9,0,1,0,0,0,4,0,0,2,1,6,1,-1,1199,1,10,-1,-1
"25961","201401QA10548",1,19,0,18,0,0,0,0,0,0,1,1,1,1,8,-1,-1,-1,7,3
"25962","201401QA10549",1,11,0,18,0,0,0,0,0,0,0,1,1,1,6,9200,2,8,7,1
"25963","201401QA10550",1,9,0,17,0,8,0,0,0,0,4,1,6,2,6,1596,1,6,9,1
"25964","201401QA10550",2,9,0,9,0,8,0,0,0,0,1,1,6,1,8,1398,1,-1,7,1
"25965","201401QA10551",1,9,0,4,0,0,0,0,0,0,2,1,6,1,6,1332,1,14,9,1
"25966","201401QA10551",2,19,0,18,0,0,0,10,1,4,1,1,1,1,4,2999,2,11,5,1
"25967","201401QA10552",1,9,0,4,0,1,0,0,0,0,1,1,6,1,6,1686,2,12,5,1
"25968","201401QA10552",2,8,0,3,0,1,0,0,0,0,2,1,1,1,9,1753,2,7,9,1
"25969","201401QA10554",1,9,0,18,0,0,0,0,0,0,4,1,6,2,7,2171,1,12,7,1
"25970","201401QA10555",1,11,0,2,0,2,0,0,0,0,0,1,1,1,-1,-1,-1,-1,-1,-1
"25971","201401QA10556",1,9,0,18,0,8,0,0,0,0,1,1,6,1,4,1388,1,8,5,1
"25972","201401QA10557",1,9,0,7,0,2,0,10,1,10,4,1,6,1,6,1229,1,2,5,1
"25973","201401QA10558",1,9,0,18,0,0,0,0,0,0,1,1,6,3,-1,-1,-1,-1,-1,-1
"25974","201401QA10558",2,1,0,18,0,0,0,0,0,0,4,1,6,1,2,-1,-1,-1,5,1
"25975","201401QA10559",1,9,0,18,0,8,0,10,1,10,1,1,6,2,5,1796,1,16,6,1
"25976","201401QA10560",1,19,0,6,0,8,0,0,0,0,3,1,6,1,7,-1,-1,-1,6,1
"25977","201401QA10560",2,9,0,18,0,8,0,0,0,0,1,1,6,2,8,2319,1,18,5,1
"25978","201401QA10561",1,9,0,9,0,5,0,0,0,0,4,1,6,1,11,1997,2,12,7,1
"25979","201401QA10561",2,9,0,5,0,6,0,0,0,0,1,1,6,2,7,1390,1,13,2,1
"25980","201401QA10562",1,9,0,9,0,6,0,0,0,0,1,1,6,1,6,1598,1,7,2,1
"25981","201401QA10563",1,9,0,7,0,8,0,0,0,0,4,1,6,2,5,1242,1,1,10,3
"25982","201401QA10564",1,9,0,18,0,1,0,0,0,0,1,1,6,1,10,1396,1,1,-1,-1
"25983","201401QA10565",1,9,0,5,0,8,0,0,0,0,1,1,6,2,8,-1,-1,-1,-1,-1
"25984","201401QA10566",1,9,0,18,0,8,0,0,0,0,3,1,6,2,6,1986,2,9,4,1
"25985","201401QA10566",2,9,0,9,0,6,0,0,0,0,1,1,6,1,-1,1560,2,-1,6,1
"25986","201401QA10567",1,3,0,5,0,8,0,0,1,7,3,1,2,1,6,124,1,1,5,1
"25987","201401QA10567",2,9,0,9,0,5,0,0,0,0,1,1,6,1,10,1995,2,9,6,1
"25988","201401QA10568",1,11,0,7,0,6,0,0,0,0,1,1,1,2,9,7300,2,10,2,1