"","Acc_Index","Vehicle_Reference","Vehicle_Type","Towing_and_Articulation","Vehicle_Manoeuvre","Vehicle_Location.Restricted_Lane","Junction_Location","Skidding_and_Overturning","Hit_Object_in_Carriageway","Vehicle_Leaving_Carriageway","Hit_Object_off_Carriageway","X1st_Point_of_Impact","Was_Vehicle_Left_Hand_Drive","Journey_Purpose_of_Driver","Sex_of_Driver","Age_Band_of_Driver","Engine_Capacity_.CC.","Propulsion_Code","Age_of_Vehicle","Driver_IMD_Decile","Driver_Home_Area_Type"
"25989","201401QA10569",1,8,0,18,0,8,0,0,0,0,3,1,1,1,8,2148,2,6,4,1
"25990","201401QA10569",2,9,0,9,0,6,0,0,0,0,4,1,6,1,6,1896,2,14,5,1
"25993","201401QA10572",1,9,0,16,0,8,0,0,0,0,1,1,6,2,6,-1,-1,-1,9,1
"25994","201401QA10572",2,9,0,9,0,8,0,0,0,0,1,1,6,2,8,1991,2,5,9,1
"25995","201401QA10573",1,9,0,18,0,0,0,0,0,0,1,1,6,1,-1,1951,2,10,5,1
"25996","201401QA10574",1,9,0,6,0,8,0,0,0,0,1,1,6,2,11,1689,2,11,9,1
"25997","201401QA10574",2,8,0,18,0,8,0,10,1,0,3,1,1,1,6,1794,1,8,7,1
"25998","201401QA10575",1,9,0,9,0,8,0,0,0,0,1,1,6,2,-1,1984,1,13,-1,-1
"25999","201401QA10576",1,9,0,9,0,8,0,0,0,0,3,1,6,2,9,-1,-1,-1,10,1
"26000","201401QA10576",2,9,0,18,0,8,0,0,0,0,1,1,6,1,7,2497,2,12,7,1
"26001","201401QA10577",1,11,0,6,0,8,0,0,0,0,4,1,1,1,6,4500,2,5,4,1
"26002","201401QA10577",2,9,0,18,0,8,0,0,0,0,1,1,6,1,7,2967,2,5,6,1
"26003","201401QA10578",1,9,0,18,0,0,0,0,0,0,1,1,6,1,-1,1596,1,1,7,1
"26004","201401QA10579",1,9,0,18,0,1,0,0,0,0,1,1,6,3,-1,-1,-1,-1,-1,-1
"26005","201401QA10579",2,9,0,4,0,1,0,0,0,0,2,1,6,1,11,1910,2,6,6,1
"26006","201401QA10579",3,9,0,4,0,1,0,0,0,0,2,1,2,1,5,1995,2,2,6,1
"26007","201401QA10580",1,9,0,4,0,1,0,0,0,0,2,1,1,1,9,1896,2,7,7,1
"26008","201401QA10580",2,9,0,18,0,1,0,0,0,0,1,1,6,1,-1,1968,2,11,-1,-1
"26009","201401QA10581",1,9,0,18,0,8,0,0,0,0,3,1,1,2,7,1597,1,5,-1,-1
"26010","201401QA10581",2,1,0,17,0,8,0,0,0,0,4,1,1,1,8,-1,-1,-1,1,1
"26011","201401QA10582",1,9,0,18,0,8,0,0,0,0,4,1,6,1,8,1769,1,12,4,1
"26012","201401QA10582",2,11,0,7,2,6,0,0,0,0,3,1,1,1,7,5883,2,12,-1,-1
"26013","201401QA10583",1,9,0,5,0,1,0,0,0,0,1,1,6,1,7,2993,2,9,6,1
"26014","201401QA10583",2,9,0,3,0,1,0,0,0,0,2,1,6,2,7,998,1,-1,7,1
"26015","201401QA10584",1,11,0,3,2,0,0,0,0,0,0,1,1,1,6,7300,2,11,1,1
"26016","201401QA10585",1,11,0,5,0,0,0,0,0,0,0,1,6,2,6,9000,2,5,6,1
"26017","201401QA10586",1,9,0,18,0,8,0,0,0,0,4,1,6,1,4,998,1,5,9,2
"26018","201401QA10586",2,9,0,9,0,5,0,0,0,0,3,1,6,1,9,1568,1,5,4,1
"26019","201401QA10587",1,9,0,7,0,2,0,10,7,10,1,1,6,1,10,-1,-1,-1,4,1
"26020","201401QA10588",1,9,0,9,0,8,0,0,0,0,3,1,6,1,6,1580,1,19,5,1
"26021","201401QA10588",2,3,0,18,0,8,0,0,0,0,1,1,6,1,8,125,1,5,8,1
"26022","201401QA10589",1,9,0,18,0,0,0,0,0,0,1,1,6,2,7,1396,1,14,6,1
"26023","201401QA10590",1,9,0,9,0,8,0,0,0,0,1,1,6,2,7,1399,1,8,3,1
"26024","201401QA10590",2,9,0,7,0,8,0,0,0,0,1,1,6,2,-1,1896,2,10,-1,-1
"26025","201401QA10591",1,9,0,18,0,0,0,4,0,0,4,1,6,2,5,1995,2,9,6,1
"26026","201401QA10591",2,19,0,2,0,0,0,0,0,0,2,1,6,3,-1,2198,2,8,-1,-1
"26027","201401QA10592",1,9,0,18,0,8,0,0,0,0,1,1,6,2,7,1248,2,1,2,1
"26028","201401QA10592",2,9,0,9,0,8,0,0,0,0,4,1,6,1,6,1781,1,15,5,1
"26029","201401QA10593",1,19,0,18,0,0,0,0,0,0,4,1,6,1,-1,1997,2,-1,-1,-1
"26030","201401QA10594",1,9,0,18,0,2,0,0,0,0,0,1,6,2,9,3498,1,7,9,1
"26031","201401QA10595",1,9,0,18,0,8,0,10,0,0,4,1,6,2,6,2143,2,3,6,1
"26032","201401QA10595",2,9,0,9,0,8,0,0,0,0,1,1,6,2,-1,1598,1,8,-1,-1
"26033","201401QA10596",1,9,0,2,0,0,0,0,0,0,3,1,1,1,-1,1797,8,2,4,1
"26034","201401QA10596",2,1,0,18,0,0,0,8,0,0,4,1,2,1,9,-1,-1,-1,5,1
"26035","201401QA10597",1,9,0,18,0,8,0,0,0,0,1,1,6,2,7,2776,2,6,6,1
"26036","201401QA10597",2,9,0,9,0,8,0,0,0,0,4,1,6,1,6,1686,2,12,4,1
"26039","201401QA10599",1,9,0,18,0,8,0,0,0,0,1,1,6,1,4,1229,1,7,3,1
"26040","201401QA10599",2,9,0,10,0,8,0,0,0,0,2,1,6,2,7,998,1,14,4,1
"26041","201401QA10601",1,9,0,9,0,8,0,0,0,0,3,1,6,3,-1,-1,-1,-1,-1,-1
"26042","201401QA10603",1,9,0,5,0,2,0,0,0,0,1,1,6,1,-1,-1,-1,-1,-1,-1
"26043","201401QA10604",1,19,0,4,0,2,0,0,0,0,2,1,6,1,8,1753,2,9,8,1
"26044","201401QA10604",2,9,0,18,0,2,0,0,0,0,1,1,6,1,5,1598,1,9,8,1
"26045","201401QA10605",1,9,0,7,0,2,0,0,0,0,4,1,6,3,-1,-1,-1,-1,-1,-1
"26046","201401QA19001",1,9,0,3,0,1,0,0,0,0,2,1,6,2,8,1390,1,3,8,1
"26047","201401QA19001",2,19,0,5,0,1,0,0,0,0,1,1,2,1,7,2198,2,-1,6,1
"26048","201401QA19002",1,9,0,18,0,1,5,4,0,0,1,1,6,2,9,2397,1,17,9,1
"26049","201401QA19002",2,9,0,2,0,1,0,0,0,0,1,1,6,1,-1,1242,1,13,-1,-1
"26050","201401QA19003",1,9,0,18,0,0,1,4,0,0,1,1,6,1,6,1600,1,16,4,1
"26051","201401QA19003",2,9,0,2,0,0,0,0,0,0,2,1,6,2,-1,1596,1,14,-1,-1
"26052","201401QA19006",1,9,0,18,0,2,0,4,0,0,1,2,6,1,6,-1,-1,-1,6,1
"26053","201401QA19006",2,9,0,2,0,2,0,0,0,0,1,1,6,2,8,1968,2,3,-1,-1
"26054","201401QA19007",1,9,0,18,0,8,0,0,0,0,3,1,6,1,7,1968,2,2,4,1
"26055","201401QA19007",2,1,0,18,0,8,0,0,0,0,4,1,6,1,9,-1,-1,-1,10,1
"26056","201401QA19008",1,9,0,18,0,8,0,0,0,0,4,1,6,1,4,698,1,11,7,1
"26057","201401QA19008",2,9,0,7,0,8,0,0,0,0,1,2,6,1,7,-1,-1,-1,2,1
"26058","201401QA19009",1,9,0,16,0,8,0,0,0,0,4,1,6,2,8,1360,1,12,5,1
"26059","201401QA19009",2,9,0,17,0,8,0,0,0,0,1,1,6,1,11,1332,1,5,7,1
"26060","201401QA19010",1,9,0,5,0,0,5,10,1,10,3,1,6,2,11,1589,1,17,7,1
"26061","201401QA19011",1,9,0,18,0,2,0,7,0,0,1,1,6,2,9,1796,1,9,6,1
"26062","201401QA19012",1,9,0,17,0,1,0,0,0,0,4,1,6,1,6,1595,1,16,7,1
"26063","201401QA19012",2,9,0,7,0,1,0,0,0,0,1,1,6,3,-1,-1,-1,-1,-1,-1
"26064","201401QA19013",1,9,0,17,0,8,0,0,0,0,1,1,6,2,7,-1,-1,-1,5,1
"26065","201401QA19013",2,9,0,9,0,8,0,0,0,0,4,1,6,2,8,1598,1,6,5,1
"26066","201401QA19023",1,9,0,18,0,0,0,0,0,0,1,1,6,2,8,1598,2,2,9,1
"26067","201401QA19026",1,1,0,18,0,8,0,0,0,0,3,1,6,1,-1,-1,-1,-1,5,1
"26068","201401QA19026",2,9,0,7,0,8,0,0,0,0,4,1,6,2,-1,1149,1,9,2,1
"26069","201401QA19027",1,11,0,4,0,2,0,0,0,0,4,1,1,1,6,-1,-1,-1,3,1
"26070","201401QA19028",1,9,0,7,0,8,0,0,0,0,1,1,6,1,6,1390,1,4,9,1
"26071","201401QA19028",2,9,0,18,0,8,0,0,0,0,4,1,6,1,5,1198,1,7,4,1
"26074","201401QA19034",1,3,0,15,0,0,0,0,0,0,3,1,6,1,8,125,1,3,-1,-1
"26075","201401QA19034",2,9,0,18,0,0,0,0,0,0,4,1,6,1,6,-1,-1,-1,9,1
"26076","201401QA19040",1,9,0,9,0,8,0,0,0,0,1,1,6,1,9,1797,8,5,7,1
"26077","201401QA19041",1,19,0,5,0,1,0,0,0,0,1,1,1,1,8,2461,2,8,-1,1
"26078","201401QA19045",1,9,0,18,0,8,0,0,0,0,3,1,6,1,6,1997,2,7,8,1
"26079","201401QA19045",2,9,0,9,0,8,0,0,0,0,1,1,6,1,8,1995,1,11,-1,1
"26080","201401QA19049",1,9,0,18,0,0,5,10,7,10,4,1,6,1,6,1598,1,12,6,1
"26083","201401QA19053",1,9,0,18,0,0,0,0,0,0,1,1,1,1,-1,-1,-1,-1,-1,-1
"26084","201401QA19058",1,9,0,9,0,2,0,0,0,0,4,1,6,1,5,998,1,-1,4,1
"26085","201401QA19062",1,9,0,18,0,2,0,10,2,7,4,1,6,1,8,1386,1,5,4,1
"26086","201401QA19063",1,9,0,4,0,1,0,0,0,0,1,1,6,1,7,1997,2,11,5,1
"26087","201401QA19063",2,9,0,18,0,1,0,0,0,0,2,1,6,2,-1,1997,1,3,3,1
"26088","201401QA19071",1,9,0,9,0,2,0,0,0,0,3,1,6,1,-1,1753,2,13,-1,-1
"26089","201401QA19072",1,9,0,3,0,0,0,0,0,0,2,1,6,1,9,998,1,12,1,1
"26090","201401QA19072",2,9,0,18,0,0,0,0,0,0,1,1,6,1,-1,1997,1,15,-1,-1
"26091","201401QA19074",1,9,0,5,0,1,0,0,0,0,1,1,6,1,9,1794,1,10,3,1
"26092","201401QA19074",2,9,0,3,0,1,0,0,0,0,2,1,6,1,6,1598,1,8,6,1
"26093","201401QA19074",3,9,0,10,0,1,0,0,0,0,2,1,6,1,8,1998,2,8,7,1
"26094","201401QA19075",1,9,0,18,0,0,0,0,0,0,1,1,2,2,6,1229,1,2,5,1
"26095","201401QA19075",2,9,0,18,0,0,0,0,0,0,2,1,6,1,-1,-1,-1,-1,-1,-1
"26096","201401QA19085",1,9,0,18,0,0,5,4,0,0,1,1,6,1,6,1560,2,1,7,1
"26097","201401QA19091",1,8,0,10,0,8,0,0,0,0,2,1,6,1,7,1968,2,2,4,1
"26098","201401QA19091",2,9,0,18,0,8,0,0,0,0,1,1,6,2,7,1796,1,9,7,1
"26099","201401QA19114",1,11,0,14,0,0,0,0,0,0,2,1,1,2,7,4500,2,4,4,1
"26100","201401QA19114",2,1,0,18,0,0,0,0,0,0,1,1,6,1,6,-1,-1,-1,-1,1
"26101","201401QA19115",1,9,0,9,0,8,0,0,0,0,4,1,6,2,8,1398,1,1,2,1
"26102","201401QA19118",1,1,0,18,0,1,0,10,1,7,3,1,2,1,6,-1,-1,-1,5,1
"26103","201401QA19118",2,19,0,18,0,1,0,0,0,0,4,1,6,3,-1,-1,-1,-1,-1,-1
"26158","201401QK50044",1,9,0,9,0,8,0,0,0,0,3,1,6,1,5,1229,1,9,6,1
"26159","201401QK50044",2,3,0,18,0,8,0,0,0,0,1,1,6,2,5,125,1,1,3,1
"26218","201401QK50095",1,9,0,18,0,0,0,0,0,0,3,1,6,1,9,1995,1,11,5,1
"26219","201401QK50095",2,9,0,18,0,0,0,4,0,0,1,1,6,1,6,1596,1,8,-1,1
"26220","201401QK50095",3,9,0,18,0,0,0,0,0,0,1,1,6,1,-1,1997,2,4,4,1
"26270","201401QK50129",1,11,0,18,0,1,0,0,0,0,0,1,1,1,7,6700,2,2,3,1
"26732","201401QK50449",1,9,0,17,0,0,5,10,7,4,1,1,6,1,-1,1998,1,6,4,1
"26757","201401QK50465",1,19,0,11,0,0,0,0,0,0,4,1,6,1,7,2402,2,8,2,1
"26758","201401QK50465",2,1,0,18,0,0,0,0,0,0,3,1,6,1,9,-1,-1,-1,2,1
"27285","201401QK50809",1,9,0,3,0,8,0,0,0,0,3,1,6,2,9,796,1,11,3,1
"27286","201401QK50809",2,9,0,9,0,8,0,0,0,0,1,1,6,1,-1,1339,1,9,-1,-1
"27526","201401QK50960",1,9,0,5,0,1,0,0,0,0,3,1,6,1,8,2148,2,11,4,1
"27607","201401QK59101",1,9,0,18,0,2,0,0,0,0,1,1,6,1,7,1461,2,3,3,1
"27608","201401QK59101",2,9,0,12,0,1,0,0,0,0,1,1,6,2,8,1396,1,15,6,1
"283931","201401RG40581",1,9,0,7,0,8,0,0,0,0,2,1,6,2,6,1685,2,-1,3,1
"283941","201401RG40581",2,1,0,18,0,8,0,0,0,0,1,1,6,2,7,-1,-1,-1,3,1
"284542","201401RG40618",1,9,0,5,0,8,0,0,0,0,3,1,6,1,7,1797,8,3,1,1
"284551","201401RG40618",2,9,0,18,0,8,0,0,0,0,1,1,6,2,7,1988,1,11,5,1
"28785","201401RY10059",1,3,0,18,0,8,0,0,0,0,1,1,6,1,5,124,1,11,3,1
"291391","201401RY10287",1,9,0,18,0,0,0,0,0,0,1,1,6,2,5,1598,1,10,9,1
"291401","201401RY10287",2,9,0,5,0,0,0,0,0,0,3,1,6,2,5,1896,2,11,3,1
"313392","201401TD00035",1,9,0,18,0,0,0,0,0,0,3,1,6,1,11,2198,2,5,10,1
"313781","201401TD00065",1,1,0,18,5,8,0,0,0,0,1,1,6,1,7,-1,-1,-1,9,1
"313791","201401TD00065",2,90,0,7,0,8,0,0,0,0,4,1,1,1,10,4751,2,12,9,1
"313831","201401TD00070",1,9,0,18,0,0,0,0,0,0,1,1,6,2,7,999,1,13,1,1
"313841","201401TD00070",2,11,0,18,0,0,0,0,0,0,1,1,1,1,7,3900,2,11,6,1
"313851","201401TD00071",1,9,0,18,0,1,5,6,3,4,3,1,6,1,8,2000,2,4,-1,-1
"313871","201401TD00073",1,9,0,18,0,0,0,0,0,0,1,1,6,1,6,1560,2,-1,3,1
"313921","201401TD00077",1,5,0,13,0,0,0,7,0,0,1,1,6,1,7,800,1,1,6,1
"313931","201401TD00077",2,9,0,18,0,0,0,0,0,0,3,1,6,2,10,1591,1,-1,8,1
"313941","201401TD00078",1,9,0,18,0,2,0,0,0,0,1,1,6,1,9,1997,2,13,6,1
"313951","201401TD00079",1,1,0,18,0,0,0,10,1,0,4,1,6,1,7,-1,-1,-1,10,1
"314001","201401TD00083",1,19,0,18,0,0,0,0,0,0,4,1,1,1,5,2148,2,4,-1,1
"314091","201401TD00091",1,10,0,18,0,0,0,0,0,0,0,1,1,1,8,-1,-1,-1,3,1
"314181","201401TD00101",1,21,0,5,0,1,0,0,0,0,1,1,1,1,8,11967,2,2,1,1
"314251","201401TD00105",1,9,0,18,0,1,0,0,0,0,4,1,6,1,5,2497,2,10,-1,-1
"314321","201401TD00111",1,9,0,1,0,0,0,10,1,0,4,1,6,1,9,1386,1,9,2,1
"314571","201401TD00129",1,9,0,18,0,2,0,0,0,0,1,1,6,1,6,1596,1,6,5,1
"314701","201401TD00138",1,9,0,18,0,0,5,0,6,2,1,1,6,1,8,1390,1,15,3,1
"314711","201401TD00138",2,9,0,6,0,0,0,0,0,0,3,1,6,1,9,1582,2,-1,5,1
"314731","201401TD00140",1,3,0,18,0,0,1,0,0,0,1,1,6,1,5,124,1,5,6,1
"314741","201401TD00140",2,9,0,6,0,0,0,0,0,0,3,1,6,1,5,1988,1,13,4,1
"314761","201401TD00142",1,9,0,18,0,2,0,7,7,10,3,1,6,1,6,1199,1,12,-1,-1
"314771","201401TD00142",2,9,0,2,0,2,0,0,0,0,3,1,6,3,-1,1995,2,11,-1,-1
"314781","201401TW60001",1,1,0,9,0,8,0,0,0,0,1,1,1,1,6,-1,-1,-1,5,1
"314791","201401TW60001",2,9,0,18,0,8,0,0,0,0,3,1,6,1,-1,1390,1,10,2,1
"314801","201401TW60002",1,19,0,18,0,1,0,0,0,0,1,1,1,1,6,2402,2,7,6,1
"314811","201401TW60002",2,9,0,3,0,1,0,0,0,0,2,1,6,1,8,1598,1,13,5,1
"314821","201401TW60002",3,9,0,18,0,8,0,0,0,0,1,1,6,2,6,1386,1,6,7,1
"314831","201401TW60004",1,1,0,18,0,8,0,0,0,0,2,1,2,1,5,-1,-1,-1,-1,-1
"314841","201401TW60004",2,9,0,17,0,8,0,0,0,0,1,1,6,1,-1,1762,1,17,8,1
"314851","201401TW60005",1,3,0,18,0,8,0,0,0,0,3,1,1,1,6,125,1,4,3,1
"314861","201401TW60005",2,9,0,9,0,8,0,0,0,0,1,1,6,1,8,2793,1,15,-1,1
"314871","201401TW60006",1,9,0,18,0,6,0,0,0,0,3,1,6,1,6,1689,2,11,9,2
"314881","201401TW60006",2,1,0,18,0,8,0,0,0,0,1,1,6,1,8,-1,-1,-1,-1,1
"314891","201401TW60007",1,20,0,9,0,8,0,0,0,0,1,1,1,1,8,4461,2,6,5,1
"314901","201401TW60007",2,9,0,18,0,8,0,0,0,0,4,1,6,1,8,-1,-1,-1,2,1
"314911","201401TW60008",1,3,0,18,0,1,1,10,1,4,4,1,6,3,-1,125,1,7,-1,-1
"314921","201401TW60010",1,9,0,10,0,1,0,0,0,0,2,1,6,2,8,1461,2,8,3,1
"314931","201401TW60010",2,9,0,18,0,1,0,0,0,0,1,1,6,1,-1,1598,1,11,-1,-1
"314941","201401TW60011",1,9,0,18,0,0,1,0,0,0,1,2,6,1,6,-1,-1,-1,4,1
"314951","201401TW60011",2,9,0,18,0,0,0,0,0,0,2,1,6,1,9,1798,1,16,7,1
"314961","201401TW60012",1,9,0,5,0,8,0,10,1,10,1,1,3,1,7,1997,2,2,-1,-1
"314971","201401TW60012",2,9,0,18,0,8,0,10,1,10,1,1,1,2,9,1991,1,13,10,1
"314981","201401TW60013",1,11,0,18,0,8,0,0,0,0,3,1,1,1,6,4500,2,2,6,1
"314991","201401TW60013",2,9,0,9,0,8,0,0,0,0,4,1,6,2,10,1598,1,15,8,1
"315001","201401TW60014",1,9,0,9,0,8,0,0,0,0,4,1,6,1,-1,1461,2,8,9,1
"315012","201401TW60014",2,1,0,18,0,8,0,0,0,0,1,1,6,1,7,-1,-1,-1,6,1
"315022","201401TW60015",1,9,0,7,0,8,0,0,0,0,1,1,6,1,8,1948,1,15,9,1
"315031","201401TW60015",2,1,0,18,0,8,0,0,0,0,4,1,2,2,8,-1,-1,-1,9,1
"315041","201401TW60016",1,9,0,18,0,0,0,0,0,0,1,1,6,2,5,1299,1,13,7,1
"315051","201401TW60016",2,9,0,18,0,0,0,0,0,0,2,1,6,2,9,1587,1,8,9,1
"315061","201401TW60017",1,9,0,4,0,8,0,0,0,0,1,1,6,2,8,1590,1,9,6,1
"315072","201401TW60017",2,21,0,9,0,5,0,0,0,0,1,1,1,1,7,6692,2,5,7,1
"315081","201401TW60019",1,9,0,4,0,8,0,0,0,0,4,1,1,2,7,1498,1,9,3,1
"315091","201401TW60019",2,5,0,5,0,8,0,0,0,0,1,1,6,2,7,-1,-1,-1,3,1
"315101","201401TW60020",1,1,0,14,0,0,0,4,1,0,1,1,6,2,6,-1,-1,-1,8,1
"315111","201401TW60020",2,9,0,2,0,0,0,0,0,0,3,1,6,2,-1,1560,2,7,9,1
"315121","201401TW60021",1,5,0,18,0,8,0,0,0,0,1,1,6,1,8,599,1,15,10,1
"31513","201401TW60021",2,9,0,9,0,5,0,0,0,0,1,1,6,1,8,1197,1,3,7,1
"31514","201401TW60022",1,19,0,18,0,0,0,0,0,0,1,1,1,1,8,2987,2,4,10,1
"315151","201401TW60022",2,11,0,18,0,0,0,0,0,0,1,1,1,1,7,12419,2,2,8,1
"315161","201401TW60023",1,9,0,14,0,0,0,7,7,1,1,1,6,2,11,-1,-1,-1,7,1
"315171","201401TW60024",1,9,0,18,0,8,0,0,0,0,1,1,6,1,4,1388,1,11,8,1
"315181","201401TW60024",2,1,0,9,0,8,0,0,0,0,1,1,6,1,9,-1,-1,-1,7,1
"315191","201401TW60025",1,9,0,9,0,8,0,0,0,0,4,1,6,1,8,1390,1,1,5,1
"315201","201401TW60025",2,1,0,18,0,8,0,0,0,0,1,1,1,1,6,-1,-1,-1,4,1
"315211","201401TW60026",1,11,0,9,0,2,0,0,0,0,0,1,1,1,8,4500,2,6,2,1
"315221","201401TW60027",1,9,0,18,0,0,0,0,0,0,4,1,6,1,8,1995,1,7,7,1
"315231","201401TW60028",1,11,0,5,0,0,0,0,0,0,0,1,1,1,8,4500,2,6,8,1
"315241","201401TW60029",1,9,0,6,0,8,0,0,0,0,3,1,6,2,8,3996,1,14,6,1
"315251","201401TW60029",2,9,0,13,0,8,0,0,0,0,1,1,6,1,7,-1,-1,-1,2,1
"315261","201401TW60031",1,9,0,18,0,8,1,0,0,0,1,1,2,1,7,1796,1,10,5,1
"315271","201401TW60031",2,9,0,9,0,5,1,0,0,0,4,1,2,1,7,1595,1,14,7,1
"315281","201401TW60033",1,9,0,15,0,8,0,0,0,0,4,1,6,2,7,1597,1,15,4,1
"315291","201401TW60034",1,9,0,7,0,8,0,0,0,0,4,1,6,1,6,1896,2,8,9,1
"315301","201401TW60034",2,1,0,18,0,8,0,0,0,0,0,1,6,1,7,-1,-1,-1,6,1
"315311","201401TW60035",1,9,0,18,0,8,0,0,0,0,1,1,6,1,7,1968,2,3,10,1
"315321","201401TW60036",1,1,0,10,0,8,0,0,0,0,2,1,6,1,6,-1,-1,-1,7,1
"315331","201401TW60036",2,9,0,9,0,8,0,0,0,0,1,1,6,2,-1,2231,2,2,-1,-1
"315341","201401TW60037",1,9,0,18,0,1,0,7,3,2,1,1,6,2,10,1242,1,1,7,1
"315351","201401TW60038",1,1,0,9,0,8,0,0,0,0,2,1,6,1,8,-1,-1,-1,9,1
"315361","201401TW60038",2,9,0,4,0,8,0,0,0,0,3,1,6,1,10,3199,1,21,9,1
"315371","201401TW60039",1,11,0,4,0,8,0,0,0,0,0,1,1,1,8,4500,2,6,4,1
"315381","201401TW60041",1,9,0,4,0,8,0,0,0,0,4,1,6,1,8,1753,2,15,8,1
"315391","201401TW60042",1,8,0,4,0,0,0,0,0,0,1,1,1,1,7,1896,2,9,6,1
"315401","201401TW60043",1,19,0,18,0,0,0,0,0,0,1,1,1,1,9,2402,2,10,5,1
"315411","201401TW60043",2,19,0,4,0,0,0,0,0,0,2,1,1,1,9,4461,2,5,9,1
"315421","201401TW60044",1,9,0,3,0,8,0,0,0,0,2,1,2,1,7,999,1,1,9,1
"315431","201401TW60044",2,5,0,4,0,8,0,0,0,0,1,1,2,1,8,1170,1,8,9,1
"315441","201401TW60045",1,11,0,4,0,8,0,0,1,0,0,1,1,1,8,4500,2,5,-1,-1
"315451","201401TW60045",2,9,0,18,0,8,0,0,0,0,0,1,6,3,-1,1229,1,2,-1,-1
"315461","201401TW60046",1,9,0,9,0,8,0,0,0,0,3,1,6,2,7,2401,2,11,8,1
"315471","201401TW60046",2,5,0,13,0,8,0,0,0,0,1,1,6,1,9,-1,-1,-1,6,1
"315481","201401TW60047",1,11,0,9,0,0,0,0,0,0,0,1,1,1,7,4250,2,5,3,1
"315491","201401TW60048",1,3,0,18,0,8,0,10,1,10,1,1,6,1,5,50,1,12,4,1
"315501","201401TW60049",1,9,0,3,0,8,0,0,0,0,2,1,6,1,8,1396,1,14,-1,-1
"315511","201401TW60049",2,8,0,18,0,8,0,0,0,0,1,1,1,1,6,1598,1,12,3,1
"315521","201401TW60052",1,1,0,18,0,8,0,0,0,0,1,1,1,1,7,-1,-1,-1,6,1
"315531","201401TW60052",2,9,0,9,0,8,0,0,0,0,4,1,1,1,-1,1798,1,14,6,1
"315541","201401TW60053",1,19,0,11,0,1,0,0,0,0,1,1,1,1,7,1998,2,9,10,1
"315551","201401TW60053",2,21,0,8,0,1,0,0,0,0,2,1,1,1,8,6692,2,3,5,3
"315561","201401TW60054",1,9,0,18,0,8,0,0,0,0,1,1,6,1,-1,1997,1,7,9,1
"315571","201401TW60054",2,1,0,9,0,8,0,0,0,0,2,1,1,1,7,-1,-1,-1,3,1
"315581","201401TW60055",1,5,0,4,0,0,0,0,0,0,0,1,1,1,7,849,1,1,3,1
"315591","201401TW60058",1,9,0,14,0,0,0,0,0,0,1,1,6,2,6,1999,1,7,9,1
"315601","201401TW60058",2,9,0,14,0,0,0,0,0,0,1,1,6,2,11,1229,1,7,9,1
"315611","201401TW60059",1,9,0,5,0,8,0,0,0,0,3,1,1,1,8,1910,2,4,5,1
"315621","201401TW60059",2,1,0,18,0,8,0,0,0,0,1,1,6,1,5,-1,-1,-1,-1,-1
"315631","201401TW60060",1,9,0,9,0,0,0,0,0,0,1,1,6,1,8,1995,2,1,5,1
"315641","201401TW60060",2,3,0,18,0,0,0,0,0,0,1,1,6,1,-1,645,1,13,-1,-1
"315651","201401TW60061",1,9,0,18,0,0,0,0,0,0,4,1,6,2,4,1596,1,1,9,1
"315661","201401TW60062",1,19,0,18,0,8,0,0,0,0,3,1,6,1,6,1686,2,11,4,1
"315671","201401TW60062",2,9,0,9,0,8,0,0,0,0,1,1,6,1,7,1749,1,10,10,1
"315681","201401TW60063",1,9,0,18,0,0,0,0,0,0,1,1,6,1,7,1598,1,11,10,1
"315691","201401TW60064",1,9,0,18,0,8,5,0,7,1,1,1,6,1,4,1242,1,11,9,1
"315701","201401TW60065",1,9,0,3,0,0,0,0,0,0,2,1,6,2,5,1399,2,2,7,1
"315711","201401TW60065",2,9,0,18,0,0,0,0,0,0,1,1,6,1,-1,-1,-1,-1,-1,-1
"315721","201401TW60066",1,9,0,4,0,8,0,0,0,0,3,1,1,1,7,1242,1,4,8,3
"315731","201401TW60067",1,9,0,9,0,8,0,0,0,0,4,1,6,1,11,1798,1,3,8,1
"315741","201401TW60067",2,4,0,18,0,8,0,0,0,0,1,1,6,1,7,330,1,1,7,1
"315751","201401TW60068",1,8,0,12,0,0,0,0,0,0,3,1,6,1,7,-1,-1,-1,-1,1
"315761","201401TW60068",2,3,0,14,0,0,0,0,0,0,4,1,6,1,6,125,1,2,9,1
"315771","201401TW60069",1,9,0,18,0,8,0,0,0,0,4,1,6,3,-1,-1,-1,-1,-1,-1
"315781","201401TW60070",1,19,0,1,0,7,0,0,0,0,2,1,1,1,6,-1,-1,-1,3,1
"315791","201401TW60071",1,9,0,2,0,0,0,0,0,0,3,1,6,1,9,1390,1,5,9,1
"315801","201401TW60071",2,9,0,18,0,0,0,4,0,0,1,1,6,3,-1,1360,1,6,-1,-1
"315811","201401TW60072",1,9,0,2,0,0,0,0,0,0,3,1,6,2,7,2143,2,2,8,1