"","Acc_Index","Vehicle_Reference","Vehicle_Type","Towing_and_Articulation","Vehicle_Manoeuvre","Vehicle_Location.Restricted_Lane","Junction_Location","Skidding_and_Overturning","Hit_Object_in_Carriageway","Vehicle_Leaving_Carriageway","Hit_Object_off_Carriageway","X1st_Point_of_Impact","Was_Vehicle_Left_Hand_Drive","Journey_Purpose_of_Driver","Sex_of_Driver","Age_Band_of_Driver","Engine_Capacity_.CC.","Propulsion_Code","Age_of_Vehicle","Driver_IMD_Decile","Driver_Home_Area_Type"
"315821","201401TW60072",2,9,0,18,0,0,0,4,0,0,1,1,6,3,-1,-1,-1,-1,-1,-1
"315831","201401TW60073",1,19,0,18,0,0,0,0,0,0,1,1,1,1,6,2151,2,10,3,1
"315841","201401TW60073",2,9,0,4,0,0,0,0,0,0,2,1,6,2,10,1997,2,5,8,1
"315851","201401TW60074",1,9,0,18,0,1,0,0,0,0,4,1,6,1,6,973,1,15,8,1
"315861","201401TW60074",2,9,0,7,0,8,0,0,0,0,1,1,6,1,-1,2698,2,8,-1,-1
"315871","201401TW60075",1,8,0,5,0,8,0,0,0,0,0,1,1,1,-1,-1,-1,-1,-1,-1
"315881","201401TW60076",1,90,0,1,0,0,0,0,0,0,2,1,6,3,-1,-1,-1,-1,-1,-1
"315891","201401TW60077",1,9,0,12,0,8,0,7,7,0,1,1,6,1,8,1997,2,9,9,1
"315901","201401TW60078",1,11,0,4,0,0,0,0,0,0,0,1,1,3,-1,-1,-1,-1,8,1
"315911","201401TW60079",1,11,0,18,0,8,0,0,0,0,1,1,1,1,8,3900,2,9,1,1
"315921","201401TW60079",2,9,0,7,0,8,0,0,0,0,4,1,6,1,10,-1,-1,-1,2,1
"31593","201401TW60080",1,19,0,18,0,8,0,0,0,0,3,1,2,1,7,-1,-1,-1,4,1
"315941","201401TW60080",2,9,0,18,0,8,0,0,0,0,4,1,6,2,8,1360,1,10,8,1
"315951","201401TW60081",1,4,0,18,0,8,0,0,0,0,4,1,1,1,8,998,1,12,10,1
"315961","201401TW60081",2,9,0,9,0,8,0,0,0,0,1,1,6,1,8,-1,-1,-1,-1,-1
"315971","201401TW60082",1,9,0,5,0,8,0,0,0,0,1,1,6,2,9,1390,1,3,8,1
"315981","201401TW60082",2,19,0,4,0,8,0,0,0,0,2,1,1,1,7,2143,2,3,6,1
"315991","201401TW60083",1,9,0,9,0,8,1,0,0,0,1,1,6,1,6,1398,2,7,-1,-1
"316001","201401TW60083",2,3,0,18,0,8,0,0,0,0,3,1,6,1,6,124,1,4,7,1
"316011","201401TW60084",1,9,0,2,0,0,0,0,0,0,3,1,3,2,7,2993,2,6,9,1
"316021","201401TW60084",2,9,0,14,0,0,0,4,0,0,1,1,6,3,-1,-1,-1,-1,-1,-1
"316031","201401TW60085",1,11,0,18,2,0,0,0,0,0,4,1,1,1,9,9000,2,8,-1,-1
"316041","201401TW60085",2,1,0,18,2,0,0,0,0,0,3,1,6,1,4,-1,-1,-1,10,1
"316051","201401TW60086",1,9,0,3,0,0,0,0,0,0,2,1,6,2,7,-1,-1,-1,10,1
"316061","201401TW60086",2,9,0,18,0,0,0,0,0,0,1,1,6,2,10,-1,-1,-1,10,1
"316071","201401TW60087",1,9,0,18,0,8,0,0,0,0,3,1,6,2,7,1968,2,5,7,1
"316081","201401TW60087",2,20,0,9,0,8,0,0,0,0,1,1,6,1,-1,-1,-1,-1,-1,-1
"316091","201401TW60088",1,9,0,7,0,1,0,0,0,0,0,1,6,2,6,1086,1,8,8,1
"316101","201401TW60088",2,1,0,18,0,1,0,0,0,0,0,1,1,1,6,-1,-1,-1,3,1
"316111","201401TW60090",1,1,0,18,0,8,0,0,0,0,4,1,2,2,6,-1,-1,-1,9,1
"316121","201401TW60090",2,9,0,7,0,8,0,0,0,0,1,1,6,1,-1,-1,-1,-1,-1,-1
"316131","201401TW60091",1,9,0,4,0,8,0,0,0,0,1,1,6,1,8,-1,-1,-1,8,1
"316141","201401TW60092",1,9,0,3,0,8,0,0,0,0,2,1,6,1,4,2362,1,10,3,1
"316151","201401TW60092",2,2,0,4,0,8,1,0,0,0,1,1,6,2,8,-1,-1,-1,5,1
"316161","201401TW60093",1,1,0,4,0,0,1,0,0,0,0,1,2,2,7,-1,-1,-1,-1,-1
"316171","201401TW60094",1,1,0,17,0,0,0,0,1,0,0,1,6,1,7,-1,-1,-1,6,1
"316181","201401TW60094",2,9,0,16,0,0,0,0,0,0,0,1,6,3,-1,-1,-1,-1,-1,-1
"316191","201401TW60095",1,19,0,18,0,8,0,0,0,0,3,1,1,1,8,2198,2,1,6,1
"316201","201401TW60095",2,1,0,18,0,8,0,0,1,0,1,1,4,1,3,-1,-1,-1,6,1
"316211","201401TW60097",1,19,0,18,0,8,0,0,0,0,1,1,6,1,6,2402,2,7,7,1
"316221","201401TW60097",2,9,0,9,0,8,0,0,0,0,3,1,6,2,6,1590,1,12,-1,-1
"316231","201401TW60099",1,1,0,5,0,8,0,0,0,0,3,1,6,1,4,-1,-1,-1,5,1
"316241","201401TW60099",2,9,0,18,0,8,0,0,1,0,1,2,6,3,-1,-1,-1,-1,-1,-1
"316251","201401TW60100",1,5,0,13,0,0,0,0,0,0,1,1,2,1,8,996,1,14,9,2
"316261","201401TW60100",2,9,0,18,0,0,0,0,0,0,1,1,6,1,9,1242,1,16,5,1
"316271","201401TW60101",1,9,0,9,0,0,0,0,0,0,4,1,6,2,6,1791,8,3,7,1
"316281","201401TW60101",2,1,0,18,0,0,0,0,0,0,1,1,4,1,8,-1,-1,-1,5,1
"316291","201401TW60103",1,8,0,18,0,8,0,0,0,0,1,1,6,1,6,1968,2,3,6,1
"316301","201401TW60103",2,9,0,9,0,8,0,0,1,0,3,1,6,1,7,1796,1,9,9,1
"316311","201401TW60104",1,9,0,18,0,0,0,10,4,2,1,1,6,1,11,1595,1,1,7,1
"316321","201401TW60105",1,9,0,9,0,8,0,0,0,0,3,1,6,2,7,1686,2,9,8,1
"316331","201401TW60105",2,3,0,13,0,8,0,0,0,0,1,1,6,1,6,-1,-1,-1,6,1
"316341","201401TW60106",1,9,0,18,0,8,0,0,0,0,1,1,6,1,7,1399,2,11,8,1
"316351","201401TW60106",2,19,0,5,0,8,0,0,0,0,3,1,1,1,5,2198,2,2,3,1
"316361","201401TW60107",1,9,0,9,0,8,0,0,0,0,1,1,1,1,8,1560,2,6,-1,-1
"316371","201401TW60107",2,1,0,9,0,8,0,0,0,0,2,1,1,2,8,-1,-1,-1,9,1
"316381","201401TW60108",1,9,0,16,0,8,0,0,0,0,4,1,6,1,10,1896,2,11,5,1
"316391","201401TW60108",2,3,0,11,0,8,0,10,1,4,1,1,1,1,5,-1,-1,-1,3,1
"316401","201401TW60109",1,9,0,4,0,0,0,0,0,0,2,1,6,2,6,1242,1,5,6,1
"316411","201401TW60109",2,9,0,3,0,0,0,0,0,0,1,1,6,2,-1,1240,1,10,-1,-1
"316421","201401TW60110",1,9,0,4,0,8,0,0,0,0,2,1,6,1,5,1595,1,15,-1,-1
"316431","201401TW60110",2,9,0,18,0,8,0,0,1,0,1,1,1,1,6,2148,2,7,1,1
"316441","201401TW60111",1,1,0,18,0,8,0,0,0,0,3,1,6,1,8,-1,-1,-1,8,1
"316451","201401TW60111",2,9,0,9,0,8,0,0,0,0,1,1,6,2,-1,1248,2,3,-1,-1
"316481","201401TW60113",1,1,0,18,0,8,0,0,1,0,4,1,2,1,6,-1,-1,-1,9,1
"316491","201401TW60114",1,9,0,7,0,8,0,0,0,0,2,1,3,1,6,1498,1,8,8,1
"316501","201401TW60114",2,1,0,7,0,8,0,0,0,0,1,1,1,1,5,-1,-1,-1,8,1
"316511","201401TW60115",1,9,0,18,0,8,0,0,0,0,4,1,6,3,-1,-1,-1,-1,-1,-1
"316521","201401TW60116",1,8,0,4,0,8,0,0,0,0,2,1,6,1,7,1910,2,8,8,1
"316531","201401TW60116",2,9,0,4,0,8,0,0,0,0,1,1,6,1,6,1398,1,10,4,1
"316541","201401TW60117",1,3,0,18,0,8,1,0,0,0,0,1,6,1,10,124,1,7,-1,1
"316551","201401TW60117",2,9,0,7,0,8,0,0,0,0,0,1,6,1,10,1590,1,10,9,1
"316561","201401TW60118",1,1,0,18,0,0,0,0,0,0,3,1,2,1,6,-1,-1,-1,7,3
"316571","201401TW60118",2,19,0,13,0,0,0,0,0,0,4,1,1,1,-1,4250,2,14,-1,-1
"316581","201401TW60119",1,90,0,18,0,1,0,0,0,0,2,1,6,1,4,-1,-1,-1,10,1
"316591","201401TW60119",2,9,0,18,0,8,0,0,0,0,1,1,6,3,-1,-1,-1,-1,-1,-1
"316601","201401TW60120",1,9,0,7,0,8,0,0,0,0,1,1,6,1,6,2987,2,1,8,1
"316611","201401TW60121",1,9,0,9,0,8,0,0,0,0,1,1,6,2,6,1598,2,2,9,1
"316621","201401TW60122",1,9,0,9,0,8,0,0,0,0,1,1,1,2,6,-1,-1,-1,8,1
"316631","201401TW60122",2,9,0,14,0,8,0,0,0,0,4,1,6,1,7,1998,1,9,6,1
"316641","201401TW60123",1,9,0,18,0,8,0,0,0,0,1,1,6,1,-1,1497,8,6,8,1
"316651","201401TW60124",1,9,0,9,0,8,0,0,0,0,1,1,2,2,6,1997,1,10,7,1
"316661","201401TW60124",2,3,0,18,0,1,0,0,0,0,1,1,1,1,5,109,1,1,2,1
"316671","201401TW60125",1,8,0,9,0,8,0,0,0,0,4,1,2,1,8,-1,-1,-1,4,1
"316681","201401TW60125",2,1,0,15,0,8,0,0,0,0,1,1,2,1,7,-1,-1,-1,7,1
"316691","201401TW60126",1,9,0,18,0,8,0,0,0,0,4,1,6,1,9,1997,1,13,8,1
"316701","201401TW60126",2,3,0,9,0,8,0,0,0,0,3,1,6,1,6,-1,-1,-1,7,1
"316711","201401TW60127",1,9,0,5,0,8,0,0,1,0,1,1,6,2,7,-1,-1,-1,9,1
"316721","201401TW60127",2,9,0,3,0,8,0,0,0,0,2,1,6,1,9,1349,1,12,-1,1
"316731","201401TW60128",1,9,0,9,0,7,0,0,1,0,3,1,1,1,9,1951,2,12,5,1
"316741","201401TW60128",2,3,0,18,0,8,0,0,0,0,1,1,1,1,6,599,1,2,-1,-1
"316751","201401TW60129",1,9,0,11,0,8,0,0,0,0,4,1,1,1,-1,-1,-1,-1,8,1
"316761","201401TW60129",2,1,0,18,0,8,0,0,0,0,3,1,6,2,10,-1,-1,-1,9,1
"316771","201401TW60130",1,9,0,4,0,1,0,0,0,0,1,1,6,1,10,1796,1,11,7,1
"316781","201401TW60130",2,9,0,4,0,1,0,0,0,0,2,1,4,2,6,996,1,4,5,1
"316791","201401TW60131",1,1,0,18,0,8,0,0,0,0,0,1,6,2,9,-1,-1,-1,10,1
"316801","201401TW60132",1,9,0,3,0,8,0,0,0,0,2,1,2,2,5,1388,1,13,2,1
"316811","201401TW60132",2,9,0,4,0,8,0,0,0,0,1,1,2,2,-1,1598,2,-1,-1,-1
"316821","201401TW60133",1,5,0,7,0,8,0,0,0,0,1,1,1,1,6,-1,-1,-1,9,1
"316831","201401TW60134",1,9,0,18,0,8,0,0,0,0,4,1,6,2,-1,-1,-1,-1,-1,-1
"316841","201401TW60135",1,9,0,9,0,8,0,0,0,0,4,1,6,2,6,1124,1,12,9,1
"316851","201401TW60135",2,5,0,18,0,8,0,0,0,0,1,1,6,1,6,649,1,5,10,1
"316861","201401TW60136",1,9,0,5,0,8,0,0,0,0,4,1,6,2,8,1108,1,13,3,1
"316871","201401TW60136",2,3,0,18,0,8,0,0,0,0,1,1,6,1,6,125,1,8,8,1
"316881","201401TW60137",1,9,0,9,0,8,2,0,0,0,1,1,6,1,-1,1598,1,15,4,1
"316891","201401TW60137",2,9,0,18,0,8,0,0,0,0,2,1,6,1,-1,1149,1,6,10,1
"316901","201401TW60138",1,9,0,3,0,0,0,0,0,0,2,2,6,2,6,-1,-1,-1,2,1
"316911","201401TW60138",2,9,0,4,0,0,0,0,0,0,1,1,6,1,-1,-1,-1,-1,8,1
"316921","201401TW60139",1,9,0,4,0,0,0,0,0,0,1,1,6,1,6,1597,1,5,-1,1
"316931","201401TW60139",2,9,0,13,0,0,0,4,0,0,2,1,6,1,6,1497,1,11,-1,-1
"316941","201401TW60139",3,9,0,2,0,0,0,0,0,0,2,1,6,1,11,2435,1,12,8,1
"316951","201401TW60140",1,9,0,9,0,8,0,0,1,0,1,1,6,1,8,1596,1,12,7,1
"316961","201401TW60140",2,19,0,18,0,8,0,0,0,0,3,1,6,1,7,2198,2,7,6,1
"316971","201401TW60141",1,9,0,12,0,0,0,0,0,0,3,1,2,1,6,-1,-1,-1,10,1
"316981","201401TW60141",2,4,0,14,0,0,0,0,0,0,1,1,2,1,6,649,1,2,10,1
"316991","201401TW60142",1,9,0,18,0,8,0,0,0,0,1,1,6,2,8,1798,1,5,7,1
"317001","201401TW60143",1,3,0,18,0,8,0,10,7,10,1,1,6,1,6,124,1,11,4,1
"317011","201401TW60144",1,9,0,9,0,8,0,0,0,0,1,1,2,1,5,1747,1,13,9,1
"317021","201401TW60144",2,9,0,9,0,8,0,0,1,0,1,1,2,1,8,998,1,11,8,1
"317031","201401TW60145",1,9,0,16,0,8,0,10,1,1,1,1,6,1,11,2435,1,10,-1,1
"317041","201401TW60147",1,1,0,18,0,8,0,0,1,0,1,1,6,1,6,-1,-1,-1,10,1
"317051","201401TW60147",2,9,0,4,0,8,0,0,0,0,3,1,6,1,7,1242,1,2,-1,-1
"317061","201401TW60148",1,9,0,4,0,8,0,0,0,0,1,1,2,2,5,1149,1,13,8,1
"317071","201401TW60148",2,9,0,9,0,8,0,0,0,0,1,1,6,2,-1,1989,1,14,-1,-1
"317081","201401TW60150",1,9,0,5,0,8,0,0,1,0,2,1,6,2,5,1398,1,5,6,1
"317091","201401TW60150",2,9,0,18,0,8,0,0,0,0,1,1,6,3,-1,-1,-1,-1,-1,-1
"317101","201401TW60151",1,1,0,11,0,8,0,10,1,0,0,1,1,2,6,-1,-1,-1,-1,-1
"317111","201401TW60151",2,9,0,9,0,8,0,0,0,0,0,1,1,2,8,2993,2,4,8,1
"317121","201401TW60153",1,9,0,9,0,8,1,10,3,1,1,1,6,1,5,2671,1,13,6,1
"317131","201401TW60154",1,9,0,9,0,8,0,0,0,0,4,1,1,2,6,1390,1,14,7,1
"317141","201401TW60154",2,1,0,18,0,8,0,0,0,0,1,1,6,1,8,-1,-1,-1,9,1
"317151","201401TW60155",1,1,0,18,5,0,0,0,0,0,0,1,6,2,-1,-1,-1,-1,2,1
"317161","201401TW60156",1,9,0,4,0,0,0,0,0,0,3,1,6,2,7,1968,2,7,9,1
"317171","201401TW60157",1,9,0,3,0,8,0,0,1,0,2,1,6,2,4,1798,1,5,8,1
"317181","201401TW60157",2,9,0,18,0,8,0,0,1,0,1,1,6,1,-1,-1,-1,-1,-1,-1
"317191","201401TW60158",1,9,0,5,0,8,0,0,0,0,3,1,6,2,10,1699,1,6,-1,-1
"317201","201401TW60158",2,1,0,9,0,8,0,0,0,0,1,1,6,1,7,-1,-1,-1,9,1
"317211","201401TW60159",1,9,0,18,0,8,0,0,0,0,3,1,6,1,5,1246,1,7,-1,1
"317221","201401TW60159",2,9,0,9,0,8,0,0,1,0,1,1,6,2,10,2435,1,19,7,2
"317231","201401TW60160",1,9,0,18,0,8,0,0,0,0,4,1,6,2,10,1198,1,-1,9,1
"317241","201401TW60160",2,1,0,15,0,8,0,0,0,0,3,1,6,1,8,-1,-1,-1,-1,-1
"317251","201401TW60161",1,3,0,3,0,0,0,0,0,0,2,1,1,1,6,-1,-1,-1,5,1
"317261","201401TW60161",2,9,0,18,0,0,0,0,0,0,1,1,4,2,7,1587,1,7,9,1
"317271","201401TW60162",1,1,0,18,0,0,0,0,0,0,3,1,6,2,6,-1,-1,-1,-1,-1
"317281","201401TW60163",1,3,0,18,0,0,0,4,0,0,4,1,1,1,6,124,1,1,-1,-1
"317291","201401TW60163",2,9,0,2,0,0,0,0,0,0,3,1,1,2,5,1242,1,16,8,1
"317301","201401TW60164",1,9,0,9,0,8,0,0,1,0,3,1,2,1,7,1781,1,14,10,1
"317311","201401TW60164",2,5,0,18,0,8,0,0,0,0,1,1,2,1,7,600,1,11,9,1
"317321","201401TW60165",1,9,0,1,0,8,0,10,1,10,2,1,6,2,11,1240,1,9,5,1
"317331","201401TW60169",1,9,0,18,0,0,0,4,0,0,1,1,6,2,8,1895,1,13,5,1
"317341","201401TW60169",2,9,0,2,0,0,0,0,0,0,2,1,6,1,8,1995,2,11,6,1
"317351","201401TW60170",1,9,0,13,0,8,0,0,0,0,1,1,1,2,6,1560,2,-1,8,1
"317361","201401TW60170",2,9,0,6,0,8,0,0,0,0,3,1,6,1,7,1984,1,14,6,1
"317371","201401TW60171",1,5,0,18,0,7,0,0,0,0,0,1,2,1,6,645,1,1,8,1
"317381","201401TW60171",2,9,0,17,0,8,0,0,0,0,0,1,1,2,6,-1,-1,-1,-1,-1
"317391","201401TW60172",1,9,0,9,0,8,0,0,0,0,3,1,6,1,7,1598,1,7,9,1
"317401","201401TW60172",2,3,0,13,0,8,0,0,0,0,1,1,6,2,6,696,1,6,9,1
"317411","201401TW60173",1,9,0,9,0,8,0,0,0,0,4,1,6,2,9,-1,-1,-1,9,1
"317421","201401TW60173",2,1,0,18,0,8,0,0,0,0,1,1,6,1,7,-1,-1,-1,4,1
"317431","201401TW60174",1,9,0,7,0,8,0,0,0,0,4,1,2,1,9,2319,1,17,10,1
"317441","201401TW60174",2,1,0,18,0,8,0,0,0,0,1,1,2,1,-1,-1,-1,-1,-1,-1
"317451","201401TW60176",1,8,0,9,0,8,0,0,0,0,1,1,1,1,7,1896,2,4,2,1
"317461","201401TW60176",2,1,0,18,0,8,0,0,0,0,1,1,2,1,6,-1,-1,-1,1,1
"317471","201401TW60177",1,9,0,18,0,8,0,0,0,0,4,1,6,3,-1,-1,-1,-1,-1,-1
"317481","201401TW60178",1,1,0,4,0,8,1,0,0,0,0,1,6,2,8,-1,-1,-1,10,1
"317491","201401TW60179",1,9,0,18,0,8,0,0,0,0,4,1,6,1,6,1198,1,5,9,1
"317501","201401TW60179",2,9,0,18,0,8,0,0,0,0,1,1,6,2,9,1598,1,11,9,1
"317511","201401TW60180",1,8,0,18,0,0,0,7,0,0,1,2,1,1,8,2362,1,11,2,1
"317521","201401TW60182",1,9,0,16,0,8,1,10,1,4,0,1,6,1,5,998,1,17,-1,-1
"317531","201401TW60183",1,11,0,3,0,8,0,0,1,0,0,1,1,1,8,6370,2,3,7,1
"317541","201401TW60184",1,11,0,4,0,0,0,0,0,0,0,1,1,1,9,4500,2,5,-1,1
"317551","201401TW60185",1,9,0,9,0,8,0,0,0,0,1,1,3,1,7,1747,1,15,9,1
"317561","201401TW60185",2,3,0,18,0,8,0,0,0,0,3,1,1,1,7,125,1,3,9,1
"317571","201401TW60186",1,3,0,15,0,0,0,0,0,0,3,1,1,1,8,599,1,14,2,1
"317581","201401TW60186",2,9,0,9,0,0,0,0,0,0,1,1,1,1,8,1995,1,6,6,1
"317591","201401TW60187",1,9,0,7,0,0,0,0,0,0,3,1,6,2,9,3456,8,2,7,1
"317601","201401TW60187",2,1,0,18,0,0,0,0,0,0,1,1,3,1,6,-1,-1,-1,10,1
"317611","201401TW60189",1,8,0,3,0,0,0,0,0,0,2,1,1,1,11,-1,-1,-1,5,1
"317621","201401TW60189",2,9,0,4,0,0,0,0,0,0,1,1,6,1,-1,2000,1,9,8,1
"317632","201401TW60190",1,9,0,17,0,8,0,0,0,0,1,1,6,1,8,2962,1,22,7,1
"317642","201401TW60190",2,3,0,17,0,7,0,0,0,0,2,1,6,1,7,125,1,6,6,1
"317652","201401TW60191",1,2,0,14,0,0,0,4,0,0,1,1,6,1,4,125,1,6,9,1
"317661","201401TW60191",2,9,0,2,0,0,0,0,0,0,3,1,6,2,-1,1242,1,4,8,1
"317671","201401TW60192",1,9,0,4,0,8,0,0,0,0,1,1,6,2,4,1242,1,3,10,1
"317681","201401TW60192",2,9,0,4,0,8,0,0,0,0,2,1,2,2,6,1596,1,5,6,1
"317691","201401TW60193",1,9,0,18,0,8,0,10,1,0,4,1,6,2,-1,-1,-1,-1,-1,-1
"317701","201401TW60195",1,9,0,18,0,8,0,0,0,0,4,1,6,1,10,1598,1,13,7,1
"317711","201401TW60196",1,9,0,18,0,0,0,0,1,0,0,1,6,2,-1,1998,2,4,-1,-1
"317721","201401TW60196",2,1,0,3,0,0,0,0,1,0,1,1,2,1,4,-1,-1,-1,4,1
"317731","201401TW60197",1,1,0,16,0,8,0,0,0,0,4,1,2,1,6,-1,-1,-1,7,1
"317741","201401TW60197",2,9,0,16,0,8,0,0,0,0,1,1,2,1,9,-1,-1,-1,6,1
"317751","201401TW60198",1,4,0,3,0,8,0,0,0,0,2,1,2,1,8,600,1,1,9,1
"317761","201401TW60198",2,9,0,4,0,8,0,0,0,0,1,1,6,1,5,-1,-1,-1,10,1
"317771","201401TW60199",1,9,0,18,0,0,0,4,0,0,3,1,2,1,8,1995,1,10,9,1
"317781","201401TW60199",2,9,0,2,0,0,0,0,0,0,3,1,6,1,9,1598,1,4,9,1
"317791","201401TW60199",3,9,0,2,0,0,0,0,0,0,4,1,6,1,8,1390,1,13,7,1
"317801","201401TW60199",4,9,0,2,0,0,0,0,0,0,3,1,6,2,-1,875,1,3,9,1
"317811","201401TW60200",1,19,0,4,0,0,0,0,0,0,1,1,1,2,10,-1,-1,-1,7,1
"317821","201401TW60201",1,9,0,18,0,8,0,0,0,0,1,1,6,2,7,1598,1,14,3,1
"317831","201401TW60201",2,9,0,18,0,8,0,0,0,0,1,1,6,1,7,2962,1,16,9,1
"317841","201401TW60202",1,9,0,18,0,8,0,0,0,0,1,1,6,2,7,1896,2,14,7,1
"317851","201401TW60202",2,9,0,9,0,8,0,0,0,0,3,1,6,1,7,-1,-1,-1,5,1
"317861","201401TW60204",1,1,0,18,0,8,0,0,0,0,3,1,6,2,5,-1,-1,-1,10,1
"317871","201401TW60204",2,9,0,9,0,8,0,0,0,0,1,1,6,1,-1,1995,2,7,10,1
"317881","201401TW60205",1,19,0,18,0,0,0,0,1,0,4,1,1,1,-1,-1,-1,-1,-1,-1
"317891","201401TW60206",1,9,0,18,0,0,0,4,0,0,1,1,6,2,8,1390,1,14,7,1
"317901","201401TW60206",2,9,0,2,0,0,0,0,0,0,2,1,6,1,5,1995,2,4,10,1
"317911","201401TW60207",1,9,0,5,0,8,0,0,0,0,2,1,6,2,8,1896,2,11,5,1
"317921","201401TW60207",2,21,0,4,0,8,0,0,0,0,1,1,1,1,7,5193,2,4,4,1
"317931","201401TW60208",1,1,0,15,0,0,0,0,0,0,1,1,6,1,7,-1,-1,-1,4,1
"317941","201401TW60208",2,9,0,3,0,0,0,0,0,0,4,1,6,3,-1,-1,-1,-1,-1,-1
"317951","201401TW60209",1,9,0,4,0,0,0,0,0,0,1,1,6,1,11,1197,1,3,5,1
"317961","201401TW60210",1,3,0,18,0,8,0,0,1,0,1,1,2,2,8,102,1,9,6,1
"317971","201401TW60211",1,9,0,9,0,8,0,10,7,10,1,1,6,2,7,1598,1,8,7,1
"317981","201401TW60212",1,9,0,5,0,8,0,0,0,0,1,1,6,2,5,-1,-1,-1,10,1
"317991","201401TW60212",2,1,0,3,0,8,0,0,0,0,2,1,6,2,8,-1,-1,-1,10,1
"318021","201401TW60214",1,11,0,4,0,0,0,0,0,0,0,1,1,1,8,8268,2,11,2,1
"318051","201401TW60216",1,9,0,16,0,0,0,7,7,2,1,1,6,2,8,2967,2,3,8,1
"318061","201401TW60218",1,9,0,18,0,8,0,10,3,1,1,1,6,2,6,1796,1,8,4,1
"318071","201401TW60218",2,9,0,18,0,8,0,0,1,10,4,1,6,1,6,-1,-1,-1,4,2
"318081","201401TW60219",1,1,0,3,0,0,0,0,0,0,1,1,2,1,6,-1,-1,-1,3,1
"318091","201401TW60219",2,19,0,1,0,0,0,0,0,0,2,1,1,1,-1,2198,2,3,-1,-1
"318101","201401TW60220",1,9,0,9,0,8,1,0,0,0,1,1,6,1,4,1339,8,5,2,1
"318111","201401TW60220",2,4,0,13,0,8,0,0,0,0,3,1,6,1,4,278,1,2,2,1
"318121","201401TW60221",1,11,0,18,0,0,0,0,0,0,0,1,1,1,-1,-1,-1,-1,-1,-1
"318131","201401TW60222",1,9,0,3,0,8,0,0,0,0,1,1,6,1,5,1108,1,10,2,1
"318141","201401TW60222",2,9,0,5,0,8,0,0,1,0,2,1,6,2,7,1598,1,9,2,1
"318151","201401TW60223",1,1,0,18,0,0,0,0,1,0,1,1,6,2,6,-1,-1,-1,9,1
"318161","201401TW60223",2,9,0,13,0,0,0,0,0,0,4,1,6,3,-1,-1,-1,-1,-1,-1
"318171","201401TW60224",1,9,0,18,0,0,0,4,0,0,3,1,6,2,7,1781,1,18,3,1
"318181","201401TW60224",2,9,0,2,0,0,0,0,0,0,3,1,6,2,7,-1,-1,-1,-1,-1
"318191","201401TW60225",1,5,0,18,0,0,1,0,0,0,0,1,6,1,6,748,1,10,4,1
"318201","201401TW60226",1,9,0,1,0,0,0,0,0,0,2,1,6,2,-1,-1,-1,-1,-1,-1
"318211","201401TW60227",1,3,0,18,0,8,0,0,0,0,1,1,6,1,6,124,1,5,9,1
"318221","201401TW60227",2,9,0,9,0,8,0,0,0,0,1,1,6,2,6,2179,2,-1,10,1
"318231","201401TW60229",1,1,0,18,0,0,0,0,0,0,4,1,2,1,7,-1,-1,-1,7,1
"318241","201401TW60229",2,9,0,1,0,0,0,0,0,0,2,2,6,2,-1,-1,-1,-1,-1,-1
"318251","201401TW60232",1,1,0,18,0,8,0,11,0,0,3,1,6,1,6,-1,-1,-1,5,1
"318261","201401TW60233",1,1,0,4,0,0,0,0,0,0,1,1,6,1,5,-1,-1,-1,2,1
"318271","201401TW60233",2,9,0,4,0,0,0,0,0,0,2,1,6,1,9,2967,2,-1,6,1
"318281","201401TW60234",1,3,0,18,0,8,0,0,0,0,3,1,6,1,6,-1,-1,-1,4,1
"318291","201401TW60234",2,9,0,9,0,8,0,0,0,0,1,1,6,1,7,1364,2,7,7,1
"318301","201401TW60235",1,9,0,12,0,1,0,0,0,0,4,1,6,2,7,996,1,5,4,1
"318311","201401TW60235",2,5,0,13,0,1,0,0,0,0,4,1,6,1,8,-1,-1,-1,9,3
"318321","201401TW60236",1,1,0,4,0,8,0,0,0,0,3,1,6,1,6,-1,-1,-1,7,1
"318331","201401TW60237",1,1,0,4,0,0,0,0,0,0,1,1,6,1,7,-1,-1,-1,7,1
"318341","201401TW60238",1,9,0,1,0,8,0,4,0,0,2,1,6,2,7,1796,1,14,7,1
"318351","201401TW60238",2,9,0,1,0,8,0,0,0,0,1,1,6,1,-1,1598,1,14,8,1
"318361","201401TW60238",3,9,0,2,0,8,0,0,0,0,0,1,6,2,8,1598,1,6,10,1
"318371","201401TW60239",1,1,0,14,0,0,0,4,0,0,1,1,2,2,7,-1,-1,-1,6,1
"318381","201401TW60239",2,21,0,2,0,0,0,0,0,0,3,1,1,1,7,6374,2,1,4,1
"318391","201401TW60240",1,19,0,9,0,8,0,0,0,0,4,1,1,1,6,2143,2,2,6,1
"318401","201401TW60240",2,3,0,18,0,8,0,0,0,0,1,1,1,1,6,125,1,3,2,1
"318411","201401TW60241",1,1,0,5,0,8,0,0,1,0,1,1,6,1,5,-1,-1,-1,7,1