"","Acc_Index","Vehicle_Reference","Vehicle_Type","Towing_and_Articulation","Vehicle_Manoeuvre","Vehicle_Location.Restricted_Lane","Junction_Location","Skidding_and_Overturning","Hit_Object_in_Carriageway","Vehicle_Leaving_Carriageway","Hit_Object_off_Carriageway","X1st_Point_of_Impact","Was_Vehicle_Left_Hand_Drive","Journey_Purpose_of_Driver","Sex_of_Driver","Age_Band_of_Driver","Engine_Capacity_.CC.","Propulsion_Code","Age_of_Vehicle","Driver_IMD_Decile","Driver_Home_Area_Type"
"318421","201401TW60241",2,9,0,18,0,8,0,0,1,0,1,1,6,1,5,1598,1,9,3,1
"318431","201401TW60242",1,9,0,18,0,0,0,0,0,0,1,1,6,1,8,1796,1,13,7,1
"318441","201401TW60242",2,9,0,18,0,0,0,0,0,0,1,1,6,1,8,1242,1,13,2,1
"318451","201401TW60243",1,9,0,13,0,8,0,0,0,0,0,1,2,1,6,-1,-1,-1,2,1
"318461","201401TW60243",2,1,0,4,0,8,0,0,0,0,2,1,2,1,6,-1,-1,-1,5,1
"318471","201401TW60243",3,1,0,4,0,8,0,0,1,0,1,1,2,1,-1,-1,-1,-1,7,1
"318481","201401TW60244",1,19,0,2,0,0,0,0,0,0,2,1,1,1,6,7146,2,5,-1,-1
"318491","201401TW60244",2,9,0,18,0,0,0,4,0,0,1,1,6,1,8,-1,-1,-1,3,1
"318501","201401TW60245",1,9,0,18,0,0,5,7,0,0,1,1,6,1,4,1199,1,11,8,1
"318511","201401TW60246",1,1,0,18,0,0,0,4,0,0,2,1,6,1,8,-1,-1,-1,10,1
"318521","201401TW60246",2,9,0,2,0,0,0,0,0,0,1,1,6,1,9,1798,1,11,9,3
"318531","201401TW60247",1,1,0,18,0,0,0,0,0,0,0,1,6,2,-1,-1,-1,-1,5,1
"318541","201401TW60248",1,5,0,13,0,0,0,0,0,0,1,1,6,1,6,-1,-1,-1,-1,-1
"318551","201401TW60248",2,9,0,12,0,0,0,0,0,0,3,1,6,2,7,1598,1,9,8,1
"318561","201401TW60249",1,1,0,18,0,8,0,0,0,0,1,1,6,1,4,-1,-1,-1,3,1
"318571","201401TW60249",2,9,0,7,0,8,0,0,0,0,4,1,2,2,7,1797,8,3,3,1
"318581","201401TW60250",1,1,0,18,0,8,1,0,0,0,1,1,2,2,7,-1,-1,-1,-1,-1
"318591","201401TW60250",2,8,0,7,0,8,0,0,0,0,4,1,6,1,-1,-1,-1,-1,-1,-1
"318601","201401TW60251",1,3,0,18,0,0,0,0,0,0,1,1,2,1,4,125,1,-1,9,2
"318611","201401TW60251",2,8,0,11,0,0,0,0,0,0,4,1,2,1,6,1560,2,-1,7,1
"318621","201401TW60252",1,9,0,17,0,8,2,0,1,5,4,1,2,1,5,1560,2,8,7,1
"318631","201401TW60253",1,11,0,3,0,0,0,0,0,0,0,1,1,1,8,4500,2,4,4,1
"318641","201401TW60254",1,9,0,12,0,0,0,0,0,0,1,1,1,2,10,2497,1,18,5,1
"318651","201401TW60254",2,9,0,3,0,0,0,0,0,0,3,1,2,1,6,-1,-1,-1,7,1
"318661","201401TW60254",3,9,0,4,0,0,0,0,0,0,3,1,2,1,5,973,1,11,5,1
"318671","201401TW60254",4,9,0,4,0,0,0,0,0,0,1,1,2,1,10,-1,-1,-1,10,1
"318681","201401TW60255",1,2,0,5,0,8,0,0,0,0,1,1,1,1,8,124,1,1,5,1
"318691","201401TW60255",2,9,0,5,0,8,0,0,0,0,3,1,1,1,7,1339,1,8,10,1
"318701","201401TW60255",3,9,0,5,0,8,0,0,0,0,4,1,2,2,7,1598,1,5,4,1
"318711","201401TW60256",1,1,0,15,0,0,0,4,0,0,1,1,6,2,7,-1,-1,-1,9,1
"318721","201401TW60256",2,9,0,2,0,0,0,0,0,0,4,1,6,1,-1,-1,-1,-1,-1,-1
"318731","201401TW60257",1,9,0,9,0,8,0,0,0,0,3,1,6,1,8,-1,-1,-1,2,1
"31874","201401TW60257",2,2,0,13,0,8,0,0,0,0,1,1,6,1,4,49,1,1,4,1
"31875","201401TW60259",1,9,0,13,0,8,0,0,0,0,3,1,6,1,4,1196,1,19,8,1
"318761","201401TW60259",2,9,0,9,0,8,0,0,0,0,3,1,6,1,7,1248,2,6,7,1
"318771","201401TW60260",1,9,0,3,0,8,0,0,0,0,2,1,2,2,6,1299,1,12,-1,1
"318781","201401TW60260",2,9,0,18,0,8,0,0,0,0,1,1,6,2,-1,1360,1,7,-1,-1
"318791","201401TW60260",3,9,0,3,0,8,0,0,0,0,2,1,6,2,-1,1699,1,7,-1,-1
"318802","201401TW60261",1,1,0,18,0,0,0,11,1,0,1,1,6,1,7,-1,-1,-1,9,1
"318812","201401TW60261",2,9,0,18,0,0,0,0,0,0,1,1,6,2,5,1400,1,5,-1,-1
"318821","201401TW60263",1,5,0,4,0,0,0,0,0,0,2,1,6,1,8,999,1,2,2,1
"31883","201401TW60263",2,5,0,14,0,0,0,0,0,0,1,1,6,1,6,599,1,9,8,1
"31884","201401TW60263",3,9,0,3,0,0,0,0,0,0,0,1,6,1,7,1596,1,7,7,1
"31887","201401TW60265",1,8,0,9,0,8,0,0,0,0,3,1,1,1,8,1896,2,6,5,1
"31888","201401TW60265",2,3,0,13,0,8,0,0,0,0,1,1,6,1,7,108,1,-1,7,1
"31889","201401TW60266",1,11,0,3,0,8,0,0,0,0,0,1,1,1,7,4500,2,6,4,1
"31890","201401TW60268",1,19,0,18,0,0,0,0,0,0,4,1,6,3,-1,-1,-1,-1,-1,-1
"31891","201401TW60269",1,1,0,9,0,8,0,0,0,0,2,1,6,2,6,-1,-1,-1,4,1
"31892","201401TW60269",2,9,0,9,0,1,0,0,0,0,1,1,6,2,8,1299,1,9,7,1
"31893","201401TW60271",1,1,0,12,0,0,0,0,0,0,1,1,4,1,4,-1,-1,-1,10,1
"31894","201401TW60271",2,11,0,18,0,0,0,0,0,0,4,1,1,1,7,9000,2,4,-1,-1
"31895","201401TW60272",1,19,0,4,0,8,0,0,0,0,1,1,2,1,6,2461,1,13,6,1
"31896","201401TW60273",1,1,0,18,0,0,0,0,1,0,3,1,6,1,7,-1,-1,-1,2,1
"31897","201401TW60274",1,90,0,18,0,8,0,0,0,0,2,1,6,3,-1,-1,-1,-1,2,1
"31898","201401TW60274",2,5,0,9,0,8,0,0,0,0,1,1,6,1,7,-1,-1,-1,2,1
"31899","201401TW60275",1,8,0,18,0,8,0,0,0,0,2,1,1,1,7,1896,2,7,3,1
"31900","201401TW60275",2,9,0,3,0,8,0,0,0,0,1,1,6,1,11,1998,1,6,9,1
"31901","201401TW60277",1,11,0,18,0,8,0,0,1,0,1,1,1,1,8,4500,2,3,7,1
"31902","201401TW60278",1,9,0,9,0,8,0,0,0,0,3,1,6,2,7,2987,2,-1,8,1
"31903","201401TW60278",2,2,0,14,0,8,0,0,0,0,1,1,1,1,5,125,1,3,3,1
"31904","201401TW60279",1,9,0,5,0,0,0,0,0,0,3,1,6,2,8,1200,1,1,9,1
"31905","201401TW60279",2,5,0,18,0,0,0,0,0,0,4,1,6,1,5,1157,1,9,7,1
"31906","201401TW60281",1,2,0,18,0,0,0,0,0,0,3,1,6,1,4,49,1,9,4,1
"31907","201401TW60281",2,9,0,9,0,0,0,0,0,0,1,1,2,2,10,1988,2,9,4,1
"31908","201401TW60282",1,9,0,9,0,8,0,0,0,0,1,1,6,2,7,999,1,1,4,1
"31909","201401TW60282",2,9,0,9,0,8,0,0,0,0,4,1,4,1,7,1995,2,2,7,1
"31910","201401TW60284",1,9,0,9,0,8,0,0,0,0,3,1,6,2,8,1895,1,13,7,1
"31911","201401TW60284",2,3,0,13,0,8,0,0,0,0,1,1,6,1,6,125,1,2,6,1
"31912","201401TW60285",1,9,0,9,0,8,0,0,0,0,1,1,6,2,6,2969,2,10,2,1
"31913","201401TW60285",2,1,0,18,0,8,0,0,0,0,1,1,6,2,6,-1,-1,-1,2,1
"319141","201401TW60286",1,3,0,13,0,8,0,0,0,0,1,1,2,1,4,124,1,-1,5,1
"319151","201401TW60286",2,90,0,9,0,8,0,0,0,0,3,1,6,3,-1,-1,-1,-1,-1,-1
"31916","201401TW60287",1,1,0,18,0,0,0,0,0,0,0,1,2,1,7,-1,-1,-1,10,1
"31917","201401TW60288",1,9,0,9,0,8,0,0,0,0,1,1,6,1,7,1998,1,13,-1,-1
"31918","201401TW60288",2,3,0,18,0,8,0,0,0,0,1,1,6,2,8,-1,-1,-1,10,1
"31919","201401TW60289",1,1,0,18,0,0,0,0,0,0,0,1,6,2,6,-1,-1,-1,6,1
"31920","201401TW60292",1,9,0,18,0,8,0,10,7,10,1,1,6,2,4,1198,1,10,9,1
"31921","201401TW60293",1,19,0,4,0,0,0,0,0,0,2,1,6,1,9,2494,2,12,6,1
"31922","201401TW60293",2,9,0,4,0,0,0,0,0,0,1,1,6,1,9,1399,1,6,10,1
"31923","201401TW60293",3,9,0,4,0,0,0,0,0,0,1,1,6,1,6,-1,-1,-1,5,1
"31924","201401TW60295",1,9,0,5,0,0,0,0,0,0,4,1,6,1,-1,2993,2,3,-1,-1
"31925","201401TW60296",1,1,0,18,0,0,0,0,0,0,1,1,1,2,6,-1,-1,-1,9,1
"31926","201401TW60296",2,19,0,12,0,0,0,0,0,0,3,1,1,1,-1,-1,-1,-1,-1,-1
"31927","201401TW60297",1,9,0,16,0,3,0,0,0,0,2,1,2,2,9,3456,8,-1,9,1
"31928","201401TW60297",2,1,0,16,0,2,0,0,0,0,1,1,2,2,6,-1,-1,-1,7,1
"31931","201401TW60299",1,11,0,3,0,0,0,0,0,0,0,1,1,1,-1,-1,-1,-1,-1,-1
"31932","201401TW60299",2,1,0,18,9,0,0,0,0,0,1,1,2,1,-1,-1,-1,-1,7,1
"31933","201401TW60300",1,19,0,9,0,8,0,0,0,0,2,1,2,1,7,2143,2,-1,-1,-1
"31934","201401TW60300",2,1,0,18,0,8,0,0,0,0,1,1,2,1,5,-1,-1,-1,8,1
"31935","201401TW60301",1,1,0,14,0,0,0,0,0,0,1,1,2,1,8,-1,-1,-1,7,1
"31936","201401TW60301",2,9,0,14,0,0,0,0,0,0,4,1,2,2,8,999,1,4,10,1
"31937","201401TW60302",1,9,0,9,0,0,0,0,0,0,4,1,6,2,7,2987,2,4,9,1
"31938","201401TW60302",2,9,0,18,0,0,0,0,0,0,1,1,6,1,9,1598,1,4,-1,-1
"31939","201401TW60303",1,9,0,4,0,8,0,7,0,0,3,1,1,1,7,1598,2,-1,6,1
"31940","201401TW60306",1,9,0,7,0,8,0,0,0,0,3,1,1,2,4,1198,1,3,9,1
"31941","201401TW60306",2,1,0,17,0,8,0,0,0,0,1,1,2,2,8,-1,-1,-1,10,1
"31942","201401TW60307",1,9,0,14,0,0,0,0,0,0,1,1,6,1,5,-1,-1,-1,10,1
"31943","201401TW60307",2,2,0,18,0,0,0,0,0,0,1,1,6,2,7,-1,-1,-1,9,1
"31944","201401TW60308",1,5,0,16,0,8,0,0,0,0,1,1,1,1,7,599,1,5,4,1
"31945","201401TW60308",2,9,0,9,0,8,0,0,0,0,3,1,6,2,7,1997,1,7,-1,-1
"31946","201401TW60309",1,9,0,18,0,8,0,0,0,0,4,1,6,1,7,1799,1,6,10,1
"31947","201401TW60309",2,9,0,5,0,8,0,0,0,0,1,1,6,1,-1,2457,1,9,-1,-1
"31948","201401TW60310",1,1,0,16,0,0,0,10,1,0,0,1,6,2,9,-1,-1,-1,9,1
"31949","201401TW60310",2,20,0,16,0,0,0,0,0,0,0,1,6,3,-1,-1,-1,-1,-1,-1
"31950","201401TW60311",1,1,0,18,0,8,0,0,0,0,1,1,2,1,9,-1,-1,-1,8,1
"31951","201401TW60311",2,9,0,9,0,8,0,0,0,0,1,1,6,2,-1,-1,-1,-1,-1,-1
"31952","201401TW60312",1,9,0,4,0,0,0,0,0,0,2,1,2,2,10,1339,1,6,10,1
"31953","201401TW60312",2,9,0,3,0,0,0,0,0,0,2,1,2,1,7,3248,1,14,6,1
"31954","201401TW60312",3,9,0,4,0,0,0,0,0,0,1,1,6,1,7,1896,2,7,-1,-1
"31955","201401TW60313",1,9,0,18,0,0,0,0,0,0,1,1,2,2,7,1985,1,12,10,1
"31956","201401TW60314",1,19,0,9,0,8,0,0,0,0,4,1,1,1,6,2402,2,9,4,1
"31957","201401TW60314",2,5,0,18,0,8,0,0,0,0,1,1,6,1,6,599,1,14,5,1
"31958","201401TW60315",1,1,0,18,0,8,0,0,0,0,1,1,1,1,7,-1,-1,-1,9,1
"31959","201401TW60315",2,9,0,9,0,8,0,0,0,0,2,1,2,2,-1,1299,1,11,8,1
"31960","201401TW60317",1,9,0,18,0,8,0,0,0,0,1,1,6,1,6,3999,1,6,4,1
"31961","201401TW60317",2,3,0,18,0,8,0,0,0,0,4,1,1,1,6,125,1,11,-1,1
"31962","201401TW60318",1,8,0,2,0,0,0,0,0,0,2,1,1,1,8,1910,2,6,6,1
"31963","201401TW60318",2,9,0,18,0,0,0,4,0,0,1,1,6,3,-1,1968,2,5,-1,-1
"31964","201401TW60319",1,1,0,18,0,0,0,10,1,0,1,1,6,1,7,-1,-1,-1,8,1
"319651","201401TW60320",1,9,0,18,0,8,0,0,0,0,4,1,6,2,7,-1,-1,-1,5,1
"319661","201401TW60320",2,9,0,18,0,8,0,0,0,0,1,1,6,1,4,1149,1,6,6,1
"31967","201401TW60321",1,9,0,18,0,8,0,0,1,0,1,1,6,2,7,1400,1,7,10,1
"31968","201401TW60321",2,9,0,9,0,8,0,0,0,0,1,1,2,1,7,1390,1,13,3,1
"31969","201401TW60322",1,1,0,18,0,0,0,4,0,0,1,1,6,1,8,-1,-1,-1,7,1
"31970","201401TW60322",2,9,0,2,0,0,0,0,0,0,2,1,6,1,5,1761,1,16,-1,-1
"31971","201401TW60325",1,9,0,14,0,0,0,0,0,0,2,1,6,2,6,998,1,3,5,1
"31972","201401TW60325",2,9,0,4,0,0,0,0,0,0,1,1,6,1,10,2495,2,12,4,1
"31973","201401TW60326",1,1,0,18,0,8,0,0,1,0,3,1,1,1,9,-1,-1,-1,9,1
"31974","201401TW60326",2,9,0,7,0,8,0,0,0,0,4,1,6,1,-1,-1,-1,-1,-1,-1
"31975","201401TW60327",1,1,0,18,0,8,0,0,0,0,1,1,6,1,4,-1,-1,-1,9,1
"31976","201401TW60327",2,9,0,9,0,8,0,0,0,0,3,1,6,1,11,1390,1,4,-1,-1
"31977","201401TW60328",1,3,0,18,0,0,0,4,0,0,1,1,6,1,6,124,1,1,4,1
"31978","201401TW60328",2,9,0,2,0,0,0,0,0,0,2,1,6,1,-1,-1,-1,-1,9,1
"31979","201401TW60329",1,1,0,18,0,8,0,0,0,0,1,1,2,2,5,-1,-1,-1,8,1
"31980","201401TW60329",2,9,0,7,0,8,0,0,0,0,4,1,6,1,-1,1896,2,4,3,1
"31981","201401TW60330",1,9,0,18,0,8,0,0,0,0,1,1,6,1,8,1198,1,1,9,1
"31982","201401TW60331",1,9,0,9,0,0,0,0,0,0,1,1,6,2,4,1199,1,10,10,1
"31983","201401TW60331",2,9,0,18,0,0,0,0,0,0,4,1,6,2,8,1598,1,10,7,1
"31984","201401TW60332",1,8,0,7,0,8,0,0,0,0,4,1,1,1,-1,1910,2,5,-1,-1
"31985","201401TW60332",2,1,0,18,0,8,0,0,0,0,1,1,6,1,8,-1,-1,-1,9,1
"31986","201401TW60333",1,9,0,3,0,0,0,0,0,0,4,1,6,1,6,1598,1,13,7,1
"31987","201401TW60333",2,1,0,15,0,0,0,4,0,0,1,1,6,1,10,-1,-1,-1,-1,-1
"31988","201401TW60334",1,19,0,18,0,0,0,0,0,0,1,1,2,1,7,2198,2,5,2,1
"31989","201401TW60336",1,9,0,3,0,8,0,0,0,0,2,1,2,1,8,2143,2,4,10,1
"31990","201401TW60336",2,9,0,3,0,8,0,0,0,0,2,1,2,2,5,1198,1,8,5,1
"31991","201401TW60336",3,9,0,4,0,8,0,0,0,0,1,1,2,1,5,-1,-1,-1,8,1
"31992","201401TW60337",1,90,0,18,0,0,0,0,0,0,1,1,6,1,7,-1,-1,-1,8,1
"31993","201401TW60338",1,11,0,4,0,8,0,0,0,0,1,1,1,1,6,9000,2,5,4,1
"31994","201401TW60339",1,19,0,18,0,0,0,0,0,0,4,1,6,3,-1,-1,-1,-1,-1,-1
"31995","201401TW60340",1,1,0,11,0,0,0,0,1,4,1,1,6,1,7,-1,-1,-1,8,1
"31996","201401TW60342",1,9,0,14,0,0,0,0,0,0,1,1,2,1,5,1794,1,11,8,1
"31997","201401TW60342",2,19,0,6,0,0,0,0,1,0,3,1,2,1,6,2460,2,9,4,1
"31998","201401TW60345",1,9,0,5,0,8,0,4,0,0,1,1,6,2,11,1596,1,6,10,2
"31999","201401TW60345",2,9,0,2,0,8,0,0,0,0,2,1,6,1,10,999,1,-1,9,1
"32000","201401TW60346",1,9,0,18,0,8,0,0,0,0,1,1,6,2,11,1299,1,10,10,1
"32001","201401TW60346",2,19,0,9,0,8,0,0,0,0,1,1,1,1,6,1686,2,11,9,1
"32002","201401TW60348",1,9,0,4,0,0,0,0,0,0,2,1,2,1,7,1560,2,7,5,1
"32003","201401TW60348",2,9,0,4,0,0,0,0,0,0,1,1,2,1,6,1598,1,11,5,1
"32004","201401TW60349",1,9,0,4,0,8,0,0,0,0,1,1,6,2,9,1360,1,9,7,1
"32005","201401TW60349",2,4,0,3,0,8,0,0,0,0,2,1,6,1,7,750,1,2,3,1
"32006","201401TW60350",1,1,0,17,0,0,1,0,0,0,4,1,6,2,6,-1,-1,-1,8,1
"32007","201401TW60351",1,9,0,4,0,0,0,0,0,0,1,1,6,1,8,1595,1,13,4,1
"32008","201401TW60351",2,9,0,4,0,0,0,0,0,0,2,1,6,1,-1,1997,2,2,10,1
"32009","201401TW60352",1,3,0,18,0,8,0,0,0,0,3,1,6,1,6,670,1,2,2,1
"32010","201401TW60353",1,3,0,18,0,2,0,0,0,0,4,1,6,1,6,124,1,6,8,1
"32011","201401TW60354",1,1,0,18,4,0,0,0,0,0,3,1,1,1,6,-1,-1,-1,6,1
"32012","201401TW60354",2,90,0,13,0,0,0,0,0,0,4,1,6,3,-1,-1,-1,-1,-1,-1
"32013","201401TW60355",1,8,0,9,0,8,0,0,0,0,3,1,1,1,7,-1,-1,-1,5,1
"32014","201401TW60355",2,3,0,13,0,8,0,0,0,0,1,1,1,1,6,125,1,1,5,1
"32015","201401TW60356",1,1,0,18,0,0,0,0,0,0,4,1,6,1,6,-1,-1,-1,3,1
"32016","201401TW60357",1,9,0,9,0,8,5,0,0,0,2,1,6,2,10,1197,1,-1,7,1
"32017","201401TW60357",2,9,0,14,0,8,0,0,0,0,1,1,6,1,10,5000,1,4,7,1
"32018","201401TW60358",1,1,0,7,0,8,0,0,0,0,0,1,2,1,6,-1,-1,-1,6,1
"32019","201401TW60358",2,19,0,7,0,8,0,0,1,0,0,1,2,3,-1,-1,-1,-1,-1,-1
"32020","201401TW60359",1,9,0,5,0,8,0,0,0,0,1,1,6,1,6,1497,8,9,-1,1
"32021","201401TW60359",2,1,0,9,0,8,0,0,0,0,4,1,6,1,7,-1,-1,-1,8,1
"32022","201401TW60360",1,9,0,6,0,0,0,0,0,0,4,1,1,2,-1,1560,2,-1,8,1
"32023","201401TW60360",2,9,0,18,0,0,0,0,0,0,1,1,6,2,4,1587,1,11,10,1
"32024","201401TW60361",1,9,0,18,0,2,0,0,0,0,4,1,6,2,7,1798,1,5,7,1
"32025","201401TW60362",1,1,0,13,0,0,0,0,0,0,4,1,6,1,9,-1,-1,-1,8,1
"32026","201401TW60362",2,11,0,5,0,0,0,0,0,0,3,1,1,3,-1,-1,-1,-1,-1,-1
"32027","201401TW60362",3,9,0,3,0,0,0,0,0,0,3,1,6,3,-1,-1,-1,-1,-1,-1
"32028","201401TW60363",1,11,0,18,0,0,0,0,0,0,0,1,1,1,8,4500,2,4,7,1
"32029","201401TW60364",1,9,0,18,0,8,0,0,0,0,3,1,6,1,6,1984,1,3,6,1
"32030","201401TW60364",2,9,0,9,0,8,0,0,0,0,1,1,6,1,10,1797,8,3,10,1
"32031","201401TW60365",1,9,0,18,0,8,0,0,1,0,4,1,1,1,9,1598,1,-1,9,1
"32032","201401TW60365",2,4,0,9,0,8,0,0,0,0,1,1,6,1,8,-1,-1,-1,7,3
"32033","201401TW60366",1,9,0,9,0,8,0,0,0,0,1,1,1,1,8,1968,2,6,7,3
"32034","201401TW60366",2,3,0,18,0,8,0,0,0,0,3,1,6,1,5,124,1,9,3,1
"32035","201401TW60367",1,9,0,18,0,0,0,4,1,10,1,1,6,1,6,1999,1,7,5,1
"32036","201401TW60367",2,9,0,2,0,0,0,0,0,0,3,1,6,1,10,1296,1,6,9,1
"32037","201401TW60367",3,9,0,2,0,0,0,0,0,0,3,1,6,1,10,1588,1,15,9,1
"32038","201401TW60368",1,3,0,9,0,8,0,0,0,0,4,1,6,1,7,124,1,6,6,1
"32039","201401TW60368",2,9,0,18,0,8,0,0,0,0,1,1,6,2,7,1598,1,12,8,1
"32040","201401TW60370",1,2,0,9,0,8,0,0,0,0,3,1,6,1,4,49,1,5,3,1
"32041","201401TW60370",2,9,0,14,0,8,0,0,0,0,1,1,6,2,8,1596,1,10,10,1
"32042","201401TW60372",1,9,0,18,0,8,0,4,0,0,3,1,6,1,8,1781,1,12,9,1
"32043","201401TW60372",2,9,0,18,0,8,0,0,0,0,1,1,6,1,9,-1,-1,-1,9,1
"32044","201401TW60372",3,9,0,2,0,8,0,0,0,0,3,1,6,3,-1,-1,-1,-1,-1,-1
"32045","201401TW60372",4,9,0,2,0,8,0,0,0,0,3,1,6,3,-1,-1,-1,-1,-1,-1
"32046","201401TW60373",1,9,0,9,0,8,0,0,0,0,1,1,6,2,6,1984,1,7,3,1
"32047","201401TW60373",2,2,0,14,0,8,0,0,0,0,2,1,6,1,7,49,1,19,7,1
"32048","201401TW60374",1,9,0,18,0,8,0,0,0,0,2,1,1,1,7,1956,2,-1,7,1
"32049","201401TW60374",2,19,0,3,0,8,0,0,0,0,1,1,1,1,8,1995,2,4,10,1
"32050","201401TW60375",1,3,0,13,0,8,0,0,0,0,1,1,1,1,6,124,1,3,5,1
"32051","201401TW60375",2,9,0,9,0,8,0,0,0,0,3,1,6,1,-1,1890,1,17,4,1
"32052","201401TW60376",1,1,0,17,0,8,0,0,0,0,4,1,1,1,7,-1,-1,-1,9,1
"32053","201401TW60376",2,9,0,16,0,8,0,0,0,0,1,1,6,2,-1,-1,-1,-1,5,1
"32054","201401TW60377",1,3,0,13,0,0,0,0,0,0,1,1,2,1,5,125,1,3,1,1
"32055","201401TW60377",2,19,0,12,0,0,0,0,0,0,3,1,1,1,6,2299,2,-1,3,1
"32056","201401TW60378",1,9,0,9,0,8,0,0,0,0,4,1,2,2,7,2204,2,7,9,1
"32057","201401TW60378",2,1,0,18,0,8,0,0,0,0,1,1,2,1,8,-1,-1,-1,10,1
"32058","201401TW60379",1,1,0,18,0,0,0,0,1,0,1,1,6,1,6,-1,-1,-1,-1,-1
"32059","201401TW60382",1,9,0,13,0,0,0,0,0,0,1,1,6,3,-1,1597,1,17,-1,-1
"32060","201401TW60382",2,1,0,18,0,0,0,0,0,0,3,1,6,1,6,-1,-1,-1,3,1
"32061","201401TW60382",3,1,0,18,0,0,0,0,0,0,3,1,6,1,6,-1,-1,-1,5,1
"32062","201401TW60384",1,1,0,4,0,7,0,0,0,0,1,1,6,2,5,-1,-1,-1,10,1
"32063","201401TW60384",2,8,0,9,0,8,0,0,0,0,4,1,2,1,8,2204,2,9,5,1
"32064","201401TW60385",1,1,0,14,0,0,0,0,0,0,1,1,1,2,6,-1,-1,-1,8,1
"32065","201401TW60385",2,9,0,3,0,0,0,0,0,0,3,1,2,1,7,2000,2,5,4,1
"32066","201401TW60386",1,9,0,6,0,0,0,0,0,0,3,1,6,2,5,-1,-1,-1,8,1
"32067","201401TW60386",2,2,0,13,0,0,0,0,0,0,1,1,6,1,7,124,1,23,-1,-1
"32068","201401TW60387",1,90,0,18,0,0,0,0,0,0,1,1,6,1,9,-1,-1,-1,-1,-1
"32069","201401TW60388",1,9,0,3,0,0,0,0,1,0,2,1,6,2,6,-1,-1,-1,10,1
"32070","201401TW60388",2,9,0,4,0,0,0,0,0,0,1,1,6,2,-1,1797,8,3,3,1
"32071","201401TW60389",1,9,0,5,0,8,0,0,0,0,1,1,2,1,8,2893,1,4,9,1
"32072","201401TW60389",2,1,0,3,0,8,0,0,0,0,2,1,2,1,-1,-1,-1,-1,5,1
"32073","201401TW60390",1,9,0,18,0,8,0,0,1,0,3,1,6,2,8,1299,1,8,8,1
"32074","201401TW60390",2,9,0,18,0,8,0,0,0,0,1,1,6,1,-1,2499,1,2,-1,-1
"32075","201401TW60391",1,9,0,18,0,8,0,0,0,0,1,1,6,2,6,1598,1,13,9,1
"32076","201401TW60391",2,9,0,9,0,8,0,0,0,0,1,1,6,2,5,1388,1,2,6,1
"32077","201401TW60392",1,9,0,9,0,8,0,0,0,0,1,1,2,1,9,973,1,14,4,1
"32078","201401TW60392",2,3,0,18,0,8,0,0,0,0,1,1,6,1,8,124,1,4,7,1
"32079","201401TW60393",1,5,0,13,0,0,0,0,1,0,1,1,6,1,7,689,1,-1,6,1
"32080","201401TW60393",2,8,0,6,0,0,0,0,0,0,3,1,6,1,6,1997,1,4,4,1
"32081","201401TW60394",1,3,0,4,0,8,0,0,0,0,1,1,1,2,6,124,1,3,3,1
"32082","201401TW60394",2,9,0,4,0,8,0,0,0,0,2,1,1,1,-1,-1,-1,-1,-1,-1
"32083","201401TW60395",1,1,0,18,0,8,0,0,1,0,1,1,1,1,6,-1,-1,-1,9,1
"32084","201401TW60395",2,19,0,7,0,8,0,0,0,0,4,1,1,1,-1,1248,2,1,-1,-1
"32085","201401TW60396",1,9,0,4,0,1,0,0,0,0,1,1,6,1,6,-1,-1,-1,3,1
"32086","201401TW60396",2,9,0,3,0,1,0,0,0,0,2,1,6,2,5,998,1,6,8,1
"32087","201401TW60397",1,20,0,4,0,0,0,0,0,0,1,1,2,1,8,5193,2,-1,6,1
"32088","201401TW60397",2,9,0,9,0,0,0,0,0,0,4,1,6,2,6,1896,2,11,7,1
"32089","201401TW60399",1,9,0,5,0,2,0,0,0,0,1,1,6,1,6,1396,1,12,2,1
"32090","201401TW60400",1,9,0,3,0,8,0,0,0,0,3,1,1,2,8,-1,-1,-1,4,1
"32091","201401TW60400",2,1,0,14,0,8,0,4,0,0,1,1,6,2,8,-1,-1,-1,-1,-1
"32092","201401TW60401",1,9,0,18,0,2,0,0,1,0,1,1,6,1,6,3947,1,19,-1,-1
"32093","201401TW60402",1,3,0,13,0,8,0,0,0,0,1,1,1,1,6,124,1,8,1,1
"32094","201401TW60402",2,9,0,9,0,8,0,0,0,0,3,1,1,1,5,-1,-1,-1,8,1
"32095","201401TW60403",1,9,0,18,0,8,0,0,0,0,3,1,6,2,9,2324,1,11,6,1
"32096","201401TW60403",2,9,0,9,0,8,0,0,0,0,1,1,6,2,8,1240,1,8,8,1
"32097","201401TW60403",3,9,0,3,0,1,0,0,0,0,1,1,6,1,-1,1339,1,6,4,1
"32098","201401TW60404",1,9,0,1,0,8,0,0,0,0,2,1,6,1,11,2190,2,17,9,1
"32099","201401TW60404",2,3,0,13,0,8,0,0,0,0,1,1,6,1,6,125,1,4,3,1
"32100","201401TW60405",1,9,0,6,0,1,0,0,0,0,3,1,6,2,7,1998,1,8,9,1
"32101","201401TW60405",2,9,0,18,0,1,0,0,0,0,2,1,1,2,7,1560,2,-1,-1,-1
"32102","201401TW60407",1,9,0,4,0,8,0,0,0,0,1,1,6,2,6,998,1,12,6,1