"","Acc_Index","Vehicle_Reference","Vehicle_Type","Towing_and_Articulation","Vehicle_Manoeuvre","Vehicle_Location.Restricted_Lane","Junction_Location","Skidding_and_Overturning","Hit_Object_in_Carriageway","Vehicle_Leaving_Carriageway","Hit_Object_off_Carriageway","X1st_Point_of_Impact","Was_Vehicle_Left_Hand_Drive","Journey_Purpose_of_Driver","Sex_of_Driver","Age_Band_of_Driver","Engine_Capacity_.CC.","Propulsion_Code","Age_of_Vehicle","Driver_IMD_Decile","Driver_Home_Area_Type"
"32103","201401TW60407",2,9,0,4,0,8,0,0,0,0,2,1,6,1,8,-1,-1,-1,3,1
"32104","201401TW60407",3,9,0,4,0,8,0,0,0,0,2,1,6,2,7,-1,-1,-1,4,1
"32105","201401TW60408",1,11,0,4,0,8,0,0,0,0,0,1,1,1,7,9000,2,5,7,1
"32106","201401TW60409",1,11,0,18,0,0,0,0,0,0,4,1,1,1,8,3900,2,9,8,1
"32107","201401TW60409",2,1,0,12,0,0,0,0,0,0,3,1,2,2,5,-1,-1,-1,7,1
"32108","201401TW60411",1,9,0,9,0,8,0,0,0,0,3,1,6,1,8,2295,1,12,8,1
"32109","201401TW60411",2,9,0,18,0,8,0,0,0,0,4,1,6,2,5,1364,1,8,3,1
"32110","201401TW60412",1,9,0,4,0,8,0,0,0,0,1,1,1,1,7,1560,2,-1,6,1
"32111","201401TW60412",2,9,0,4,0,8,0,0,0,0,2,1,1,1,-1,-1,-1,-1,6,1
"32112","201401TW60412",3,1,0,18,0,8,0,0,0,0,1,1,6,1,4,-1,-1,-1,3,1
"32113","201401TW60413",1,11,0,5,0,8,0,0,0,0,0,1,1,1,8,9000,2,5,6,1
"32114","201401TW60414",1,9,0,4,0,8,0,0,0,0,2,1,2,1,5,1896,2,12,5,1
"32115","201401TW60414",2,9,0,18,0,8,0,0,0,0,1,1,2,1,8,2143,2,4,4,1
"32116","201401TW60415",1,11,0,5,0,8,0,0,0,0,0,1,1,1,7,6374,2,3,4,1
"32117","201401TW60417",1,9,0,18,0,0,0,0,7,2,1,1,6,1,8,2967,2,7,5,1
"32118","201401TW60418",1,3,0,9,0,8,1,4,0,0,3,1,6,1,4,-1,-1,-1,-1,-1
"32119","201401TW60418",2,9,0,2,0,8,0,0,0,0,4,1,6,2,11,1590,1,11,9,1
"32120","201401TW60419",1,1,0,5,0,8,0,0,0,0,3,1,2,2,7,-1,-1,-1,10,1
"32121","201401TW60419",2,20,0,13,0,8,0,0,0,0,1,1,6,1,-1,-1,-1,-1,-1,-1
"32122","201401TW60420",1,9,0,9,0,8,0,0,0,0,3,1,2,2,7,2184,2,10,7,1
"32123","201401TW60420",2,3,0,13,0,8,0,0,0,0,1,1,1,1,6,125,1,8,8,1
"32124","201401TW60421",1,9,0,18,0,8,0,0,0,0,3,1,6,2,9,1797,8,1,9,1
"32125","201401TW60421",2,1,0,18,0,8,0,0,0,0,1,1,6,1,10,-1,-1,-1,10,1
"32128","201401TW60423",1,3,0,14,0,1,0,0,0,0,1,1,6,3,-1,-1,-1,-1,-1,-1
"32129","201401TW60424",1,1,0,18,0,8,0,0,0,0,1,1,2,1,5,-1,-1,-1,8,1
"32130","201401TW60424",2,9,0,9,0,8,0,0,0,0,3,1,6,1,-1,-1,-1,-1,-1,-1
"32131","201401TW60425",1,1,0,14,0,0,0,4,0,0,1,1,2,2,7,-1,-1,-1,10,1
"32132","201401TW60425",2,10,0,2,0,0,0,0,0,0,3,1,6,1,-1,-1,-1,-1,-1,-1
"32133","201401TW60426",1,1,0,18,0,8,0,0,0,0,3,1,2,1,7,-1,-1,-1,3,1
"32134","201401TW60426",2,9,0,7,0,8,0,0,1,0,1,1,6,1,-1,1910,2,6,-1,-1
"32135","201401TW60427",1,9,0,5,9,0,0,0,0,0,3,1,2,2,8,-1,-1,-1,6,3
"32136","201401TW60427",2,1,0,18,0,0,0,0,1,0,1,1,6,1,-1,-1,-1,-1,-1,-1
"32137","201401TW60428",1,9,0,9,0,8,0,0,0,0,3,1,1,1,5,1124,1,17,4,1
"32138","201401TW60428",2,1,0,13,0,8,0,0,0,0,1,1,1,1,7,-1,-1,-1,5,1
"32139","201401TW60429",1,1,0,7,0,8,0,0,0,0,1,1,6,1,5,-1,-1,-1,2,1
"32140","201401TW60429",2,11,0,9,0,8,0,0,0,0,1,1,1,1,7,3900,2,9,5,1
"32141","201401TW60430",1,8,0,12,0,8,0,0,0,0,3,1,1,1,7,2499,2,6,4,1
"32142","201401TW60430",2,1,0,14,0,8,0,0,0,0,1,1,6,2,7,-1,-1,-1,5,1
"32143","201401TW60431",1,8,0,5,0,0,0,0,0,0,3,1,1,1,-1,1797,8,4,-1,-1
"32144","201401TW60433",1,9,0,18,0,0,0,4,0,0,1,1,6,1,5,1149,1,7,8,1
"32145","201401TW60433",2,9,0,2,0,0,0,0,0,0,2,1,6,3,-1,1896,2,10,-1,-1
"32146","201401TW60433",3,9,0,2,0,0,0,0,0,0,2,1,6,3,-1,996,1,5,-1,-1
"32147","201401TW60434",1,1,0,15,0,8,0,0,0,0,1,1,6,1,7,-1,-1,-1,7,1
"32148","201401TW60434",2,9,0,9,0,8,0,0,0,0,4,1,6,2,-1,-1,-1,-1,-1,-1
"32149","201401TW60435",1,9,0,7,0,8,0,0,0,0,4,1,6,1,-1,1995,1,12,2,1
"32150","201401TW60435",2,1,0,18,0,8,0,0,1,0,1,1,4,2,7,-1,-1,-1,6,1
"32151","201401TW60436",1,9,0,9,0,0,0,0,1,0,1,1,6,2,7,2204,2,7,-1,-1
"32152","201401TW60436",2,5,0,14,0,0,0,0,0,0,4,1,6,1,6,-1,-1,-1,6,1
"32153","201401TW60437",1,9,0,18,0,0,0,0,0,0,1,1,1,1,10,2993,2,4,-1,-1
"32154","201401TW60438",1,9,0,18,0,8,0,0,0,0,4,1,4,2,4,998,1,4,3,1
"32155","201401TW60438",2,9,0,18,0,8,0,0,0,0,1,1,6,2,7,1596,1,2,-1,-1
"32156","201401TW60439",1,11,0,4,0,8,0,0,0,0,1,1,1,1,7,4500,2,4,8,1
"32157","201401TW60440",1,9,0,9,0,8,0,0,0,0,1,1,1,1,9,-1,-1,-1,-1,1
"32158","201401TW60440",2,11,0,18,0,8,0,0,0,0,1,1,1,1,7,9000,2,5,7,1
"32159","201401TW60441",1,1,0,18,0,8,0,11,0,0,1,1,6,1,9,-1,-1,-1,3,1
"32160","201401TW60442",1,9,0,17,0,8,0,10,1,2,1,1,2,1,5,1896,2,9,3,1
"32161","201401TW60443",1,1,0,18,0,8,0,0,0,0,1,1,2,1,6,-1,-1,-1,5,1
"32162","201401TW60443",2,9,0,9,0,8,0,0,0,0,1,1,6,2,-1,-1,-1,-1,-1,-1
"32163","201401TW60445",1,5,0,18,0,0,0,0,0,0,3,1,6,1,5,599,1,7,8,1
"32164","201401TW60445",2,9,0,17,0,0,0,0,0,0,1,1,6,1,8,1781,1,16,10,1
"32165","201401TW60446",1,19,0,9,0,8,0,0,1,0,4,1,1,1,6,1968,2,2,3,1
"32166","201401TW60446",2,1,0,18,0,8,0,0,0,0,1,1,2,2,6,-1,-1,-1,6,1
"32167","201401TW60447",1,8,0,1,0,0,0,0,0,0,2,1,1,1,8,2143,2,5,4,1
"32168","201401TW60448",1,9,0,18,0,0,0,0,0,0,1,1,6,2,4,998,1,2,10,1
"32169","201401TW60448",2,9,0,12,0,0,0,0,1,0,1,1,6,1,9,1968,2,6,8,1
"32170","201401TW60449",1,1,0,18,0,8,0,0,0,0,1,1,6,2,6,-1,-1,-1,2,1
"32171","201401TW60449",2,9,0,9,0,8,0,0,0,0,4,1,6,2,-1,1896,2,12,-1,-1
"32172","201401TW60450",1,9,0,18,0,8,0,0,0,0,3,1,6,2,8,1994,2,7,-1,-1
"32173","201401TW60450",2,9,0,9,0,8,0,0,0,0,1,1,6,1,-1,-1,-1,-1,-1,-1
"32174","201401TW60451",1,3,0,4,0,8,0,0,0,0,3,1,6,1,4,-1,-1,-1,7,1
"32175","201401TW60451",2,9,0,7,0,8,0,0,0,0,1,1,6,2,6,-1,-1,-1,5,1
"32176","201401TW60453",1,9,0,18,0,1,0,0,0,0,1,1,2,1,8,2143,2,-1,7,1
"32177","201401TW60453",2,1,0,9,0,1,0,0,0,0,2,1,2,1,6,-1,-1,-1,4,1
"32178","201401TW60454",1,1,0,14,0,0,0,0,0,0,1,1,1,2,4,-1,-1,-1,8,1
"32179","201401TW60454",2,9,0,3,0,0,0,0,0,0,4,1,3,1,6,1998,1,10,7,1
"32180","201401TW60455",1,9,0,9,0,8,0,0,0,0,3,1,4,2,5,1796,1,17,-1,-1
"32181","201401TW60455",2,9,0,18,0,8,0,0,0,0,1,1,6,1,5,1598,1,10,5,1
"32182","201401TW60455",3,5,0,7,0,8,0,0,0,0,0,1,6,1,8,-1,-1,-1,2,1
"32183","201401TW60456",1,11,0,4,0,8,0,0,0,0,0,1,1,1,8,8268,2,13,4,1
"32184","201401TW60457",1,9,0,3,0,0,0,0,0,0,2,1,2,2,6,1995,2,1,9,1
"32185","201401TW60457",2,9,0,18,0,0,0,0,0,0,1,1,6,1,10,1390,1,5,2,1
"32186","201401TW60459",1,19,0,18,0,8,0,0,0,0,1,1,1,1,9,1867,2,10,5,1
"32187","201401TW60459",2,3,0,9,0,8,0,0,0,0,1,1,6,1,4,125,1,9,6,1
"32188","201401TW60460",1,9,0,3,0,8,0,0,0,0,0,1,6,1,9,1600,2,4,-1,-1
"32189","201401TW60460",2,9,0,5,0,8,0,0,0,0,0,1,6,1,7,1390,1,13,-1,-1
"32190","201401TW60461",1,11,0,5,0,0,0,0,0,0,0,1,1,1,7,6374,2,3,5,1
"32191","201401TW60462",1,9,0,12,0,0,0,0,1,0,1,1,6,1,-1,2143,2,1,-1,-1
"32192","201401TW60462",2,9,0,18,0,0,0,0,0,0,1,1,6,1,8,1797,8,4,-1,-1
"32193","201401TW60463",1,19,0,7,0,8,0,0,0,0,4,1,6,1,6,1995,2,1,5,1
"32194","201401TW60463",2,1,0,18,0,8,0,0,0,0,1,1,6,1,6,-1,-1,-1,7,1
"32195","201401TW60464",1,3,0,4,0,0,1,0,0,0,0,1,2,1,7,263,1,3,4,1
"321961","201401TW60464",2,90,0,6,0,0,0,0,0,0,0,1,6,1,-1,-1,-1,-1,-1,-1
"321971","201401TW60465",1,9,0,13,0,8,0,0,0,0,4,1,1,1,7,-1,-1,-1,3,3
"32198","201401TW60465",2,1,0,5,0,8,0,10,0,0,3,1,2,1,7,-1,-1,-1,6,1
"32199","201401TW60466",1,9,0,18,0,0,0,0,0,0,1,1,6,1,8,1275,1,-1,8,1
"32200","201401TW60466",2,19,0,2,0,0,0,0,0,0,0,1,1,1,5,-1,-1,-1,9,1
"32201","201401TW60467",1,9,0,9,0,8,0,0,0,0,4,1,2,1,7,1399,2,6,8,1
"32202","201401TW60467",2,1,0,18,0,8,0,0,0,0,1,1,2,1,6,-1,-1,-1,8,1
"32203","201401TW60468",1,1,0,14,0,8,0,4,0,0,1,1,6,1,9,-1,-1,-1,-1,-1
"32204","201401TW60468",2,9,0,2,0,8,0,0,1,0,2,1,6,1,-1,1598,2,2,10,1
"32205","201401TW60470",1,9,0,14,0,0,0,4,0,0,4,1,6,1,9,1990,1,6,9,1
"32206","201401TW60470",2,9,0,2,0,0,0,0,0,0,3,1,6,2,7,1995,1,5,9,1
"32207","201401TW60471",1,9,0,4,0,0,0,0,0,0,1,1,6,2,8,-1,-1,-1,2,1
"32208","201401TW60471",2,9,0,4,0,0,0,0,0,0,2,1,6,1,6,1968,2,1,8,1
"32209","201401TW60471",3,9,0,4,0,0,0,0,0,0,2,1,6,1,6,1461,2,-1,8,1
"32210","201401TW60471",4,9,0,4,0,0,0,0,0,0,2,1,6,1,8,998,1,2,5,1
"32211","201401TW60472",1,9,0,9,0,8,0,0,0,0,1,1,6,1,8,1968,2,3,6,1
"32212","201401TW60472",2,5,0,18,0,8,0,0,0,0,3,1,6,1,7,-1,-1,-1,5,1
"32213","201401TW60473",1,9,0,18,0,0,0,0,0,0,3,1,6,1,9,999,1,2,6,1
"32214","201401TW60474",1,20,0,18,0,0,0,0,0,0,1,1,1,1,10,10837,2,3,8,1
"32215","201401TW60474",2,1,0,15,0,0,0,0,1,0,4,1,2,1,6,-1,-1,-1,3,1
"32216","201401TW60475",1,11,0,3,0,8,0,0,0,0,2,1,1,1,8,9400,2,9,7,1
"32217","201401TW60475",2,8,0,5,0,8,0,0,0,0,1,1,1,1,7,-1,-1,-1,-1,-1
"32218","201401TW60477",1,9,0,7,0,8,0,0,0,0,4,1,2,1,6,1461,2,-1,-1,-1
"32219","201401TW60477",2,4,0,18,0,8,0,0,0,0,1,1,2,1,5,125,1,9,-1,-1
"32220","201401TW60478",1,1,0,4,0,8,0,0,0,0,1,1,6,1,6,-1,-1,-1,6,1
"32221","201401TW60478",2,9,0,9,0,8,0,0,0,0,3,1,6,2,10,-1,-1,-1,-1,-1
"32222","201401TW60479",1,9,0,3,0,8,0,0,0,0,2,1,6,1,9,1339,1,5,4,1
"32223","201401TW60479",2,9,0,4,0,8,0,0,0,0,1,1,6,1,-1,1364,2,1,-1,-1
"32224","201401TW60480",1,9,0,4,0,0,0,0,0,0,3,1,6,1,6,1598,1,7,4,1
"32225","201401TW60480",2,1,0,18,0,0,0,0,0,0,3,1,6,1,-1,-1,-1,-1,-1,-1
"32226","201401TW60481",1,9,0,14,0,8,0,0,0,0,1,1,6,2,8,2902,2,10,7,1
"32227","201401TW60481",2,11,0,4,0,8,0,0,0,0,2,1,1,1,7,5883,2,13,3,1
"32228","201401TW60482",1,1,0,3,0,0,0,0,0,0,1,1,6,1,7,-1,-1,-1,9,1
"32229","201401TW60482",2,9,0,1,0,0,0,0,0,0,2,1,6,1,-1,-1,-1,-1,-1,-1
"32230","201401TW60483",1,19,0,9,0,8,0,0,0,0,1,1,6,1,8,1870,2,7,6,1
"32231","201401TW60483",2,1,0,18,0,8,0,0,0,0,1,1,6,1,7,-1,-1,-1,7,1
"32232","201401TW60483",3,1,0,18,0,8,0,0,0,0,1,1,6,1,7,-1,-1,-1,8,1
"32233","201401TW60483",4,1,0,18,0,8,0,0,0,0,1,1,6,1,6,-1,-1,-1,-1,-1
"32234","201401TW60484",1,9,0,9,0,8,0,0,0,0,3,1,2,1,6,1995,2,6,8,1
"32235","201401TW60484",2,5,0,13,0,8,0,0,0,0,1,1,2,1,7,998,1,15,9,1
"32236","201401TW60485",1,9,0,9,0,8,0,0,0,0,3,1,6,1,8,-1,-1,-1,10,1
"32237","201401TW60485",2,5,0,18,0,8,0,0,0,0,1,1,1,2,8,-1,-1,-1,10,1
"32238","201401TW60486",1,9,0,17,0,3,0,0,0,0,2,1,6,1,7,1997,2,6,7,1
"32239","201401TW60486",2,1,0,17,0,3,0,0,0,0,1,1,4,1,6,-1,-1,-1,6,1
"32240","201401TW60487",1,1,0,4,0,0,0,0,1,0,1,1,6,2,8,-1,-1,-1,9,1
"32241","201401TW60488",1,9,0,18,0,0,0,0,0,0,0,1,6,1,10,1968,2,-1,-1,-1
"32242","201401TW60488",2,1,0,15,0,0,0,10,1,0,4,1,6,1,8,-1,-1,-1,8,1
"32243","201401TW60489",1,11,0,4,0,8,0,0,1,0,4,1,1,1,8,9000,2,5,6,1
"32244","201401TW60490",1,11,0,3,0,8,0,0,0,0,0,1,1,1,8,4500,2,4,9,1
"322451","201401TW60490",2,9,0,14,0,8,0,0,0,0,1,1,6,1,9,1796,1,10,5,1
"32246","201401TW60491",1,5,0,13,0,8,0,0,0,0,1,1,2,1,6,695,1,6,10,1
"32247","201401TW60491",2,9,0,9,0,8,0,0,0,0,3,1,2,1,6,-1,-1,-1,4,1
"32248","201401TW60492",1,1,0,9,0,8,0,0,0,0,3,1,2,1,7,-1,-1,-1,10,1
"322491","201401TW60492",2,19,0,18,0,8,0,0,0,0,1,1,6,3,-1,2488,2,9,-1,-1
"322501","201401TW60493",1,9,0,9,0,8,0,0,0,0,3,1,6,2,10,1299,1,13,9,1
"32251","201401TW60493",2,3,0,15,0,8,0,0,0,0,1,1,6,1,7,125,1,10,10,1
"32252","201401TW60494",1,11,0,4,0,0,0,0,0,0,4,1,1,3,-1,-1,-1,-1,-1,-1
"32253","201401TW60495",1,9,0,18,0,0,0,0,0,0,1,1,3,2,6,1296,1,8,7,1
"32254","201401TW60496",1,8,0,3,0,0,0,0,0,0,2,1,2,1,5,1596,1,9,3,1
"32255","201401TW60496",2,9,0,18,0,0,0,0,0,0,1,1,2,2,4,-1,-1,-1,9,1
"32256","201401TW60497",1,9,0,9,0,8,0,0,0,0,1,1,6,2,5,998,1,21,7,1
"32257","201401TW60497",2,4,0,15,0,8,0,0,0,0,1,1,6,1,10,279,1,3,10,1
"32258","201401TW60498",1,9,0,9,0,8,0,9,2,1,1,1,6,1,6,1995,1,7,8,1
"322591","201401TW60499",1,9,0,18,0,8,0,0,0,0,1,1,6,1,8,1968,2,5,7,1
"322601","201401TW60499",2,9,0,9,0,8,0,0,0,0,1,1,6,2,6,1797,8,-1,8,1
"32261","201401TW60500",1,1,0,5,0,8,0,0,0,0,3,1,6,1,5,-1,-1,-1,8,1
"32262","201401TW60500",2,9,0,9,0,8,0,0,1,0,1,1,6,2,-1,1598,1,12,-1,-1
"32263","201401TW60502",1,1,0,14,0,8,0,4,0,0,1,1,2,2,6,-1,-1,-1,8,1
"32264","201401TW60502",2,9,0,2,0,8,0,0,0,0,3,1,6,1,7,1794,1,13,3,1
"32265","201401TW60503",1,3,0,14,0,8,0,0,0,0,1,1,2,2,6,124,1,4,5,1
"32266","201401TW60503",2,9,0,9,0,8,0,0,0,0,1,1,2,2,7,1998,2,10,8,1
"32267","201401TW60504",1,9,0,18,0,0,0,0,0,0,1,1,6,1,6,1199,1,13,9,1
"32268","201401TW60504",2,1,0,5,0,0,0,0,0,0,3,1,6,2,8,-1,-1,-1,8,1
"32269","201401TW60505",1,9,0,9,0,8,0,0,0,0,3,1,6,1,6,1198,1,12,4,1
"32270","201401TW60505",2,1,0,18,0,8,0,0,0,0,1,1,1,1,6,-1,-1,-1,5,1
"322711","201401TW60506",1,1,0,14,0,8,0,0,0,0,1,1,2,1,6,-1,-1,-1,8,1
"322721","201401TW60506",2,9,0,9,0,8,0,0,0,0,3,1,6,2,-1,1242,1,10,-1,-1
"32273","201401TW60507",1,5,0,18,0,0,0,0,0,0,4,1,6,1,8,-1,-1,-1,3,1
"32274","201401TW60507",2,9,0,7,0,0,0,0,0,0,1,1,6,2,-1,-1,-1,-1,7,1
"32275","201401TW60509",1,1,0,5,0,8,0,0,0,0,1,1,6,1,9,-1,-1,-1,6,1
"32276","201401TW60509",2,9,0,4,0,8,0,0,0,0,2,1,6,3,-1,-1,-1,-1,-1,-1
"32277","201401TW60510",1,9,0,9,0,8,0,0,0,0,3,1,6,2,7,2199,2,2,9,1
"32278","201401TW60510",2,2,0,13,0,8,0,0,0,0,1,1,6,1,4,49,1,14,4,1
"32279","201401TW60511",1,9,0,18,0,8,0,7,1,0,4,1,6,1,-1,1396,1,18,-1,-1
"32280","201401TW60512",1,9,0,4,0,8,0,0,0,0,2,1,6,1,8,1198,1,6,10,1
"32281","201401TW60512",2,9,0,4,0,8,0,0,0,0,1,1,6,3,-1,1198,1,-1,-1,-1
"32282","201401TW60513",1,5,0,14,0,0,0,0,0,0,1,1,2,1,8,1170,1,-1,7,1
"32283","201401TW60513",2,9,0,6,0,0,0,0,1,0,3,1,2,1,-1,1560,2,10,7,1
"32284","201401TW60514",1,5,0,5,0,0,0,0,0,0,3,1,6,1,7,-1,-1,-1,7,1
"32285","201401TW60514",2,9,0,18,0,0,0,1,0,0,1,1,6,2,5,-1,-1,-1,9,1
"32286","201401TW60515",1,9,0,9,0,8,0,0,0,0,3,1,2,1,7,1995,2,12,-1,-1
"32287","201401TW60515",2,5,0,13,0,8,0,0,1,0,1,1,2,1,8,-1,-1,-1,8,1
"32288","201401TW60516",1,1,0,18,0,8,0,0,0,0,1,1,2,2,7,-1,-1,-1,6,1
"32289","201401TW60516",2,9,0,9,0,8,0,0,0,0,4,1,6,1,-1,1242,1,7,8,1
"32290","201401TW60517",1,9,0,4,0,8,0,0,1,0,2,1,6,1,6,-1,-1,-1,4,1
"32291","201401TW60517",2,9,0,18,0,8,0,0,0,0,1,1,6,1,6,-1,-1,-1,2,1
"32292","201401TW60518",1,9,0,2,0,0,0,0,0,0,3,1,3,2,7,1560,2,4,10,1
"32293","201401TW60518",2,19,0,14,0,0,0,4,0,0,4,1,1,3,-1,-1,-1,-1,-1,-1
"32294","201401TW60519",1,1,0,5,0,0,0,0,0,0,4,1,6,1,5,-1,-1,-1,-1,-1
"32295","201401TW60519",2,8,0,1,0,0,0,0,0,0,1,1,6,1,8,1896,2,10,9,1
"32296","201401TW60520",1,9,0,3,0,8,0,0,0,0,2,1,6,1,7,2497,1,9,4,1
"32297","201401TW60520",2,9,0,5,0,8,0,0,0,0,1,1,6,1,7,2987,2,7,9,1
"32298","201401TW60521",1,9,0,3,0,0,0,0,0,0,2,1,1,1,9,-1,-1,-1,5,1
"32299","201401TW60521",2,9,0,4,0,0,0,0,0,0,1,1,6,1,-1,2993,2,6,-1,-1
"32300","201401TW60523",1,19,0,9,0,0,0,0,0,0,3,1,1,1,8,1995,2,5,10,1
"32301","201401TW60523",2,1,0,18,5,0,0,0,0,0,1,1,6,1,-1,-1,-1,-1,5,1
"32302","201401TW60525",1,11,0,3,0,0,0,0,0,0,0,1,1,2,8,5883,2,12,1,1
"32303","201401TW60526",1,3,0,18,0,0,0,0,0,0,4,1,4,1,4,125,1,3,-1,-1
"32304","201401TW60526",2,9,0,12,0,0,0,0,0,0,1,1,6,2,10,1896,2,11,6,1
"32305","201401TW60528",1,10,0,9,0,8,0,0,1,0,1,1,3,1,6,4249,2,6,6,1
"32306","201401TW60528",2,1,0,18,0,8,0,0,0,0,1,1,6,2,10,-1,-1,-1,-1,-1
"32307","201401TW60529",1,9,0,16,0,8,0,0,1,0,1,1,6,1,8,1997,2,12,9,1
"32308","201401TW60529",2,9,0,16,0,8,0,0,1,0,2,1,6,1,8,1391,1,19,9,1
"32309","201401TW60529",3,9,0,16,0,8,0,0,0,0,2,1,6,1,-1,1598,2,2,5,1
"32310","201401TW60532",1,9,0,9,0,8,0,0,0,0,1,1,2,1,5,2143,2,3,3,1
"32311","201401TW60532",2,5,0,14,0,8,0,0,0,0,1,1,2,1,6,600,1,8,10,1
"32312","201401TW60533",1,8,0,5,0,0,0,0,0,0,1,1,6,1,8,-1,-1,-1,6,1
"32313","201401TW60533",2,1,0,5,0,0,0,0,0,0,3,1,6,1,2,-1,-1,-1,8,1
"32314","201401TW60534",1,9,0,9,0,8,0,0,0,0,1,1,2,1,7,4163,1,3,-1,-1
"32315","201401TW60534",2,5,0,18,0,8,0,0,0,0,1,1,2,1,8,398,1,6,5,1
"32316","201401TW60535",1,9,0,13,0,0,0,0,0,0,4,1,6,2,7,-1,-1,-1,9,1
"32317","201401TW60535",2,1,0,12,0,0,0,0,0,0,1,1,6,1,4,-1,-1,-1,7,1
"32318","201401TW60536",1,1,0,18,0,0,0,0,0,0,1,1,6,1,7,-1,-1,-1,10,1
"32319","201401TW60537",1,9,0,4,0,8,0,0,0,0,2,1,6,1,8,1998,2,8,7,1
"32320","201401TW60537",2,5,0,18,0,8,0,0,0,0,1,1,1,1,6,899,1,15,5,1
"32321","201401TW60538",1,8,0,9,0,8,0,0,0,0,1,1,1,1,9,1797,8,4,-1,-1
"32322","201401TW60539",1,1,0,18,0,8,0,0,0,0,4,1,2,2,9,-1,-1,-1,9,1
"32323","201401TW60539",2,9,0,9,0,8,0,0,0,0,1,1,2,1,8,1598,1,13,6,1
"32324","201401TW60540",1,9,0,6,0,8,0,0,0,0,3,1,6,2,5,1248,1,2,7,1
"32325","201401TW60540",2,1,0,14,0,8,0,0,0,0,1,1,6,1,8,-1,-1,-1,3,1
"32326","201401TW60541",1,9,0,5,0,0,0,0,0,0,1,1,4,2,9,1240,1,5,7,1
"32327","201401TW60541",2,9,0,3,0,0,0,0,1,0,3,1,6,2,7,1590,1,9,-1,-1
"32328","201401TW60542",1,9,0,18,0,0,0,0,0,0,1,1,1,2,-1,-1,-1,-1,-1,-1
"32329","201401TW60543",1,1,0,9,0,8,0,0,0,0,1,1,6,1,7,-1,-1,-1,10,1
"32330","201401TW60543",2,9,0,18,0,8,0,0,0,0,1,1,6,1,-1,-1,-1,-1,-1,-1
"32331","201401TW60545",1,9,0,9,0,8,0,0,0,0,1,1,6,2,9,-1,-1,-1,9,1
"32332","201401TW60545",2,9,0,5,0,8,0,0,0,0,1,1,6,1,8,1598,1,11,6,1
"32333","201401TW60546",1,11,0,11,0,0,0,0,0,0,0,1,1,1,8,9000,2,5,5,1
"32334","201401TW60547",1,9,0,17,0,8,1,11,1,1,1,1,6,1,6,1299,1,12,4,1
"32335","201401TW60548",1,1,0,18,0,0,0,0,0,0,1,1,6,1,7,-1,-1,-1,-1,-1
"32336","201401TW60549",1,9,0,5,0,8,0,0,0,0,1,1,1,1,7,1598,2,4,8,1
"32337","201401TW60549",2,1,0,16,0,8,0,0,0,0,1,1,6,1,8,-1,-1,-1,9,1
"32338","201401TW60550",1,9,0,18,0,8,0,0,0,0,1,1,6,1,6,2494,1,13,-1,-1
"32339","201401TW60550",2,1,0,18,0,8,0,0,0,0,2,1,6,1,5,-1,-1,-1,8,1
"32340","201401TW60551",1,1,0,18,0,8,0,10,1,2,1,1,6,2,8,-1,-1,-1,3,1
"32341","201401TW60552",1,19,0,5,0,8,0,0,0,0,1,1,1,1,6,1753,2,2,6,1
"32342","201401TW60552",2,3,0,5,0,8,0,0,0,0,1,1,2,1,4,124,1,-1,9,1
"32343","201401TW60553",1,9,0,18,0,0,0,0,0,0,1,1,6,3,-1,-1,-1,-1,-1,-1
"32344","201401TW60554",1,3,0,18,0,8,0,0,0,0,1,1,6,1,5,125,1,9,4,1
"32345","201401TW60554",2,9,0,9,0,8,0,0,0,0,3,1,6,1,9,3189,1,10,-1,-1
"32350","201401TW60556",1,9,0,9,0,8,0,0,0,0,1,1,6,2,6,1388,1,11,-1,3
"32351","201401TW60556",2,9,0,18,0,8,0,0,1,0,1,1,6,2,7,1998,1,11,6,1
"32352","201401TW60557",1,9,0,4,0,0,0,0,0,0,4,1,3,2,7,1995,2,-1,7,1
"32353","201401TW60558",1,9,0,4,0,0,0,0,0,0,2,1,6,1,8,1560,2,7,5,1
"32354","201401TW60558",2,9,0,18,0,0,0,0,0,0,1,1,6,1,-1,-1,-1,-1,-1,-1
"32355","201401TW60559",1,5,0,18,0,8,0,0,0,0,1,1,6,1,8,-1,-1,-1,9,1
"32356","201401TW60559",2,9,0,9,0,8,0,0,0,0,1,1,6,1,-1,-1,-1,-1,8,1
"32357","201401TW60560",1,9,0,9,0,8,0,0,0,0,1,1,2,2,6,1999,1,1,6,1
"32358","201401TW60560",2,1,0,18,0,8,0,0,0,0,1,1,2,1,7,-1,-1,-1,-1,-1
"32359","201401TW60561",1,9,0,18,0,0,0,0,0,0,2,1,2,2,7,1995,2,11,9,1
"32360","201401TW60561",2,5,0,18,0,0,0,0,0,0,1,1,6,1,9,1670,1,9,10,1
"32361","201401TW60563",1,9,0,3,0,8,0,0,0,0,2,1,6,2,8,1995,1,4,6,1
"32362","201401TW60563",2,9,0,18,0,8,0,0,0,0,1,1,6,1,-1,1198,1,9,9,1
"32363","201401TW60564",1,3,0,7,0,8,1,0,0,0,0,1,6,1,4,125,1,9,3,1
"32364","201401TW60565",1,1,0,18,0,0,0,0,0,0,2,1,2,1,-1,-1,-1,-1,-1,-1
"32365","201401TW60565",2,9,0,13,0,0,0,0,0,0,4,1,6,3,-1,-1,-1,-1,-1,-1
"32366","201401TW60566",1,9,0,5,0,0,2,4,0,0,4,1,6,1,6,1360,1,6,9,1