"","Acc_Index","Vehicle_Reference","Vehicle_Type","Towing_and_Articulation","Vehicle_Manoeuvre","Vehicle_Location.Restricted_Lane","Junction_Location","Skidding_and_Overturning","Hit_Object_in_Carriageway","Vehicle_Leaving_Carriageway","Hit_Object_off_Carriageway","X1st_Point_of_Impact","Was_Vehicle_Left_Hand_Drive","Journey_Purpose_of_Driver","Sex_of_Driver","Age_Band_of_Driver","Engine_Capacity_.CC.","Propulsion_Code","Age_of_Vehicle","Driver_IMD_Decile","Driver_Home_Area_Type"
"44270","201401ZD30342",2,9,0,9,0,8,0,0,0,0,3,1,6,2,-1,599,1,12,-1,-1
"44271","201401ZD30344",1,9,0,18,0,8,0,0,0,0,1,1,6,1,6,1298,1,16,3,1
"44272","201401ZD30344",2,9,0,9,0,8,0,0,0,0,3,1,6,2,-1,2148,2,11,5,1
"44273","201401ZD30345",1,1,0,18,0,8,0,0,0,0,4,1,6,1,6,-1,-1,-1,6,1
"44274","201401ZD30345",2,19,0,9,0,8,0,0,0,0,1,1,6,1,-1,-1,-1,-1,-1,-1
"44275","201401ZD30347",1,9,0,3,0,1,0,0,0,0,2,1,6,1,8,-1,-1,-1,8,1
"44276","201401ZD30347",2,9,0,3,0,1,0,0,0,0,2,1,6,2,7,1560,2,3,5,1
"44277","201401ZD30347",3,19,0,5,0,1,0,0,0,0,1,1,6,1,6,4461,2,6,4,1
"44278","201401ZD30348",1,9,0,3,0,1,0,0,0,0,2,1,6,2,8,2180,2,22,2,1
"44279","201401ZD30348",2,9,0,4,0,1,0,0,0,0,1,1,6,1,9,1997,2,13,6,1
"44280","201401ZD30349",1,9,0,18,0,1,0,0,0,0,1,1,6,1,7,1794,1,10,4,1
"44281","201401ZD30350",1,9,0,18,0,0,0,0,0,0,1,1,6,1,6,2993,2,10,-1,-1
"44282","201401ZD30350",2,9,0,4,0,0,0,0,0,0,2,1,6,2,7,1796,1,10,5,1
"44283","201401ZD30351",1,9,0,5,0,1,0,0,0,0,3,1,6,1,8,1984,1,14,5,1
"44284","201401ZD30351",2,3,0,18,0,1,0,0,0,0,1,1,6,1,5,124,1,3,4,1
"44285","201401ZD30352",1,9,0,18,0,0,0,0,0,0,1,1,6,2,7,1984,1,14,6,1
"44286","201401ZD30353",1,9,0,9,0,8,0,0,0,0,4,1,6,1,7,1587,1,8,3,1
"44287","201401ZD30353",2,1,0,15,0,8,0,0,0,0,1,1,6,1,6,-1,-1,-1,4,1
"44288","201401ZD30355",1,9,0,9,0,8,0,0,0,0,1,1,6,2,10,1240,1,8,10,1
"44289","201401ZD30355",2,9,0,18,0,8,0,0,0,0,1,1,6,1,6,-1,-1,-1,8,1
"44290","201401ZD30356",1,9,0,18,0,8,0,0,0,0,1,1,6,1,7,1956,2,1,3,1
"44291","201401ZD30356",2,9,0,18,0,8,0,0,0,0,4,1,6,2,9,1242,1,9,5,1
"44292","201401ZD30357",1,19,0,4,0,0,0,0,0,0,1,1,1,1,6,1997,2,11,8,3
"44293","201401ZD30357",2,9,0,4,0,0,0,0,0,0,2,1,6,1,8,1360,1,8,4,1
"44294","201401ZD30358",1,9,0,9,0,8,0,0,0,0,1,1,6,1,10,1796,2,-1,1,1
"44295","201401ZD30358",2,5,0,14,0,8,0,0,0,0,4,1,6,1,8,-1,-1,-1,8,1
"44296","201401ZD30359",1,9,0,13,0,0,0,10,1,10,4,1,6,2,4,-1,-1,-1,8,1
"44297","201401ZD30359",2,9,0,18,0,0,0,0,0,0,3,1,6,1,-1,1870,2,4,-1,-1
"44298","201401ZD30360",1,9,0,3,0,0,0,0,0,0,2,1,6,2,8,1598,1,6,3,1
"44299","201401ZD30360",2,9,0,4,0,0,0,0,0,0,2,1,6,2,7,-1,-1,-1,2,1
"44300","201401ZD30360",3,9,0,18,0,0,0,0,0,0,1,1,6,2,7,-1,-1,-1,3,1
"44301","201401ZD30361",1,8,0,4,0,1,0,0,0,0,1,1,6,1,6,1753,2,7,2,1
"44302","201401ZD30361",2,9,0,3,0,1,0,0,0,0,2,1,6,2,-1,-1,-1,-1,-1,-1
"44303","201401ZD30362",1,9,0,18,0,0,0,0,0,0,4,1,6,1,5,1499,2,-1,9,1
"44304","201401ZD30362",2,19,0,12,0,0,0,0,0,0,3,1,6,1,-1,-1,-1,-1,-1,-1
"44305","201401ZD30363",1,9,0,3,0,1,0,0,0,0,2,1,6,1,9,-1,-1,-1,8,1
"44306","201401ZD30363",2,18,0,4,1,1,0,0,0,0,2,1,1,2,5,-1,-1,-1,3,1
"44307","201401ZD30364",1,9,0,18,0,2,0,0,0,0,1,1,6,1,8,998,1,13,4,1
"44308","201401ZD30364",2,21,0,4,0,2,0,0,0,0,2,1,1,1,9,12777,2,5,-1,-1
"44309","201401ZD30365",1,9,0,18,0,0,0,0,0,0,3,1,6,1,6,2688,2,14,3,1
"44310","201401ZD30366",1,3,0,18,0,8,0,0,0,0,4,1,6,1,9,124,1,1,4,1
"44311","201401ZD30366",2,9,0,18,0,8,0,0,0,0,1,1,6,2,7,1199,1,12,3,1
"44312","201401ZD30366",3,19,0,9,0,8,0,0,0,0,1,1,6,1,-1,1686,2,14,5,1
"44313","201401ZD30367",1,3,0,9,0,8,0,0,0,0,3,1,6,1,4,124,1,8,2,1
"44314","201401ZD30367",2,9,0,9,0,8,0,0,0,0,1,1,6,1,-1,1149,1,12,-1,-1
"44315","201401ZD30368",1,9,0,16,0,8,0,0,0,0,1,1,6,1,7,1598,2,2,4,1
"44316","201401ZD30369",1,9,0,18,0,0,0,0,0,0,1,1,6,1,5,1896,2,7,5,1
"44317","201401ZD30369",2,9,0,2,0,0,0,0,0,0,2,1,6,2,8,1390,1,14,2,1
"44318","201401ZD30369",3,9,0,2,0,0,0,0,0,0,2,1,6,3,-1,-1,-1,-1,-1,-1
"44319","201401ZD30370",1,11,0,5,0,0,0,0,0,0,4,1,1,3,-1,-1,-1,-1,-1,-1
"44320","201401ZD30371",1,9,0,3,0,1,0,0,0,0,2,1,6,2,6,1364,1,1,2,1
"44321","201401ZD30371",2,9,0,18,0,1,0,0,0,0,1,1,6,2,-1,1999,1,7,-1,-1
"44322","201401ZD30373",1,9,0,13,0,8,0,0,0,0,4,1,6,1,7,1998,2,10,8,1
"44323","201401ZD30373",2,11,0,9,0,8,0,0,0,0,3,1,1,1,-1,4500,2,7,-1,1
"44324","201401ZD30374",1,9,0,3,0,8,0,0,0,0,2,1,6,1,9,1798,1,3,9,1
"44325","201401ZD30374",2,9,0,18,0,8,0,0,0,0,1,1,6,1,-1,1587,1,12,2,1
"44326","201401ZD30376",1,9,0,18,0,1,0,0,0,0,4,1,6,1,7,-1,-1,-1,6,1
"44327","201401ZD30377",1,9,0,9,0,8,0,0,0,0,3,1,6,1,6,1796,1,10,1,1
"44328","201401ZD30377",2,3,0,9,0,8,0,0,0,0,1,1,6,1,5,-1,-1,-1,3,1
"44329","201401ZD30378",1,8,0,9,0,8,0,0,0,0,1,1,6,1,7,1896,2,4,3,1
"44330","201401ZD30378",2,5,0,18,0,8,0,0,0,0,1,1,6,1,6,599,1,11,8,1
"44331","201401ZD30379",1,5,0,18,0,8,0,0,0,0,1,1,6,1,7,900,1,17,3,1
"44332","201401ZD30379",2,9,0,9,0,8,0,0,0,0,4,1,6,1,11,1995,2,9,9,1
"44333","201401ZD30382",1,9,0,17,0,8,0,0,0,0,1,1,6,1,7,1497,1,12,2,1
"44334","201401ZD30382",2,3,0,16,0,8,0,0,0,0,1,1,6,1,6,125,1,4,2,1
"44335","201401ZD30383",1,9,0,9,0,8,0,0,0,0,1,1,6,2,8,1493,2,4,9,1
"44336","201401ZD30383",2,3,0,14,0,8,0,0,0,0,4,1,6,1,4,-1,-1,-1,9,3
"44337","201401ZD30384",1,3,0,18,0,8,0,0,0,0,1,1,6,1,8,125,1,-1,2,1
"44338","201401ZD30384",2,9,0,7,0,8,0,0,0,0,3,1,6,1,11,1390,1,15,5,1
"44339","201401ZD30385",1,9,0,9,0,8,0,0,0,0,1,1,6,2,5,1896,2,13,7,1
"44340","201401ZD30385",2,9,0,7,0,8,0,0,0,0,1,1,6,1,4,1995,2,1,3,1
"44341","201401ZD30386",1,9,0,3,0,8,0,0,0,0,2,1,6,2,5,1598,1,9,3,1
"44342","201401ZD30386",2,9,0,4,0,8,0,0,0,0,1,1,6,1,-1,1498,1,8,-1,-1
"44343","201401ZD30388",1,3,0,18,0,2,0,0,0,0,1,1,6,1,6,125,1,6,7,1
"44344","201401ZD30388",2,9,0,6,0,2,0,0,0,0,4,1,6,1,8,1796,1,6,7,1
"44345","201401ZD30389",1,9,0,17,0,8,0,0,0,0,3,1,6,1,7,1896,2,4,5,1
"44346","201401ZD30389",2,9,0,7,0,8,0,0,0,0,1,1,6,1,7,2793,1,17,3,1
"44347","201401ZD30390",1,5,0,18,0,0,0,0,0,0,3,1,6,2,7,-1,-1,-1,8,1
"44348","201401ZD30390",2,9,0,18,0,0,0,0,0,0,3,1,6,2,6,1395,1,1,8,1
"44349","201401ZD30391",1,9,0,18,0,0,0,0,0,0,4,1,6,1,8,2494,1,14,3,1
"44350","201401ZD30391",2,9,0,18,0,0,0,0,0,0,3,1,6,1,8,1798,1,7,7,1
"44351","201401ZD30393",1,19,0,2,0,0,0,0,0,0,3,1,6,1,8,2143,2,-1,2,1
"44352","201401ZD30393",2,1,0,18,0,0,0,0,0,0,1,1,6,1,6,-1,-1,-1,9,1
"44353","201401ZD30394",1,9,0,18,0,0,0,0,0,0,1,1,6,1,8,-1,-1,-1,-1,-1
"44354","201401ZD30394",2,9,0,18,0,0,0,0,0,0,1,1,6,1,5,1796,1,5,-1,-1
"44355","201401ZD30396",1,9,0,18,0,8,0,0,0,0,4,1,6,1,8,1896,2,7,9,1
"44356","201401ZD30396",2,9,0,7,0,8,0,0,0,0,1,1,6,2,10,1597,1,15,4,1
"44357","201401ZD30397",1,1,0,3,0,8,0,0,0,0,3,1,6,1,6,-1,-1,-1,2,1
"44358","201401ZD30397",2,1,0,3,0,8,0,0,0,0,3,1,6,1,-1,-1,-1,-1,-1,-1
"44359","201401ZD30397",3,19,0,7,0,8,0,0,0,0,4,1,6,3,-1,-1,-1,-1,-1,-1
"44360","201401ZD30398",1,9,0,18,0,0,0,0,0,0,1,1,6,1,8,1995,2,10,4,1
"44361","201401ZD30398",2,9,0,2,0,0,0,0,0,0,1,1,6,2,10,1997,1,7,5,1
"44362","201401ZD30401",1,9,0,4,0,1,0,0,0,0,2,1,6,1,6,1199,1,12,5,1
"44363","201401ZD30401",2,9,0,3,0,1,0,0,0,0,2,1,6,1,-1,-1,-1,-1,8,1
"44364","201401ZD30401",3,9,0,3,0,1,0,0,0,0,1,1,6,1,9,1900,2,9,3,1
"44365","201401ZD30403",1,9,0,9,0,8,0,0,0,0,1,1,6,1,5,1798,1,5,10,1
"44366","201401ZD30403",2,9,0,18,0,8,0,0,0,0,3,1,6,1,10,1596,1,15,5,1
"44367","201401ZD30404",1,9,0,18,0,0,1,0,0,0,2,1,6,2,9,1988,1,14,8,1
"44368","201401ZD30404",2,9,0,18,0,0,0,0,0,0,1,1,6,1,-1,1798,1,7,-1,-1
"44369","201401ZD30404",3,9,0,2,0,0,0,0,0,0,3,1,6,3,-1,-1,-1,-1,-1,-1
"44370","201401ZD30405",1,9,0,18,0,0,0,0,0,0,1,1,6,1,6,1599,1,11,3,1
"44371","201401ZD30406",1,9,0,3,0,1,0,0,0,0,2,1,6,1,5,1956,2,1,3,1
"44372","201401ZD30406",2,9,0,3,0,1,0,0,0,0,2,1,6,1,7,1149,1,8,2,1
"44373","201401ZD30406",3,9,0,18,0,1,0,0,0,0,1,1,6,2,8,1598,1,3,3,1
"44374","201401ZD30407",1,9,0,7,0,8,0,0,0,0,4,1,6,1,4,1910,2,8,2,1
"44375","201401ZD30407",2,11,0,18,0,8,0,0,0,0,3,1,6,1,8,6700,2,4,5,1
"44376","201401ZD30409",1,9,0,18,0,2,5,10,1,2,1,1,6,1,10,1598,1,14,2,1
"44377","201401ZD30412",1,9,0,18,0,8,0,0,0,0,1,1,6,1,4,1598,1,7,6,1
"44378","201401ZD30412",2,1,0,18,0,8,0,0,0,0,4,1,6,1,5,-1,-1,-1,6,1
"44379","201401ZD30413",1,1,0,5,0,2,0,0,0,0,3,1,6,1,9,-1,-1,-1,-1,-1
"44380","201401ZD30413",2,9,0,5,0,2,0,0,0,0,4,1,6,2,-1,-1,-1,-1,6,1
"44381","201401ZD30414",1,1,0,18,0,0,0,0,0,0,3,1,6,1,6,-1,-1,-1,10,1
"44382","201401ZD30414",2,19,0,11,0,0,0,0,0,0,4,1,6,1,-1,-1,-1,-1,-1,-1
"44383","201401ZD30415",1,3,0,18,0,0,1,0,0,0,0,1,6,1,7,-1,-1,-1,3,1
"44384","201401ZD30416",1,5,0,18,0,8,0,0,0,0,0,1,6,1,7,-1,-1,-1,8,1
"44385","201401ZD30416",2,9,0,9,0,8,0,0,0,0,0,1,6,2,-1,-1,-1,-1,-1,-1
"44386","201401ZD30417",1,5,0,3,0,1,0,0,0,0,4,1,6,1,6,600,1,-1,5,1
"44387","201401ZD30417",2,9,0,3,0,1,0,0,0,0,3,1,6,1,-1,1242,1,5,-1,-1
"44388","201401ZD30418",1,9,0,18,0,0,0,0,0,0,3,1,6,1,9,-1,-1,-1,-1,-1
"44389","201401ZD30418",2,9,0,5,0,0,0,0,0,0,4,1,6,2,6,1596,1,12,1,1
"44390","201401ZD30420",1,11,0,18,0,1,0,0,0,0,1,1,1,1,8,6700,2,6,1,1
"44391","201401ZD30421",1,9,0,9,0,8,0,0,0,0,3,1,6,2,6,1598,1,10,8,1
"44392","201401ZD30421",2,9,0,18,0,8,0,0,0,0,1,1,6,2,6,1984,1,11,3,1
"44393","201401ZD30423",1,1,0,18,0,1,0,0,0,0,3,1,6,1,7,-1,-1,-1,-1,-1
"44394","201401ZD30423",2,9,0,18,0,1,0,0,0,0,4,1,6,2,-1,1390,1,6,3,1
"44395","201401ZD30424",1,4,0,18,0,8,0,0,0,0,1,1,6,1,7,500,1,30,-1,-1
"44396","201401ZD30424",2,9,0,9,0,8,0,0,0,0,4,1,6,2,-1,1598,1,2,-1,-1
"44397","201401ZD30425",1,11,0,4,0,0,0,0,0,0,0,1,1,2,7,9200,2,11,5,1
"44398","201401ZD30426",1,11,0,18,0,2,0,0,0,0,1,1,1,2,7,9200,2,9,8,1
"44399","201401ZD30427",1,9,0,18,0,0,0,0,0,0,3,1,6,2,-1,-1,-1,-1,-1,-1
"44400","201401ZD30428",1,1,0,18,0,1,0,0,0,0,1,1,6,1,8,-1,-1,-1,8,1
"44401","201401ZD30429",1,9,0,18,0,1,0,0,0,0,1,1,6,1,8,1797,8,4,5,1
"44402","201401ZD30431",1,9,0,4,0,1,0,0,0,0,2,1,6,1,6,1389,1,14,4,1
"44403","201401ZD30431",2,9,0,4,0,1,0,0,0,0,1,1,6,1,6,1896,2,12,3,1
"44404","201401ZD30432",1,19,0,18,0,0,0,0,0,0,1,1,6,1,7,2287,2,7,2,1
"44405","201401ZD30432",2,9,0,3,0,0,0,0,0,0,2,1,6,2,6,-1,-1,-1,7,2
"44406","201401ZD30433",1,9,0,9,0,2,0,0,0,0,1,1,6,1,9,1246,1,8,2,1
"44407","201401ZD30434",1,9,0,18,0,2,0,0,0,0,1,1,6,2,-1,1242,1,12,-1,-1
"44408","201401ZD30435",1,9,0,2,0,0,0,0,0,0,4,1,6,1,7,1397,1,14,1,1
"44409","201401ZD30435",2,9,0,18,0,0,0,0,0,0,4,1,6,3,-1,1753,2,13,-1,-1
"44410","201401ZD30436",1,9,0,18,0,0,0,0,0,0,1,1,6,2,5,1364,1,9,3,1
"44411","201401ZD30437",1,9,0,9,0,8,0,0,0,0,1,1,6,2,8,1596,1,5,8,1
"44412","201401ZD30437",2,3,0,18,0,8,0,0,0,0,3,1,6,1,8,-1,-1,-1,4,1
"44413","201401ZD30438",1,9,0,18,0,2,0,0,0,0,1,1,6,1,6,1598,1,12,8,1
"44414","201401ZD30439",1,9,0,18,0,2,0,0,0,0,1,1,6,2,5,998,1,-1,6,1
"44415","201401ZD30440",1,9,0,7,0,8,0,0,0,0,3,1,6,1,7,1762,1,14,3,1
"44416","201401ZD30440",2,4,0,18,0,8,0,0,0,0,1,1,6,1,6,998,1,4,2,1
"44417","201401ZD30441",1,9,0,3,0,0,0,0,0,0,2,1,6,1,8,-1,-1,-1,7,1
"44418","201401ZD30441",2,9,0,3,0,0,0,0,0,0,2,1,6,2,6,1598,1,5,2,1
"44419","201401ZD30441",3,9,0,3,0,0,0,0,0,0,2,1,6,1,6,2494,1,11,10,1
"44420","201401ZD30441",4,9,0,18,0,0,0,0,0,0,1,1,6,1,8,2398,1,16,3,1
"44421","201401ZD30442",1,9,0,9,0,2,0,0,0,0,2,1,6,2,8,-1,-1,-1,4,1
"44422","201401ZD30442",2,9,0,9,0,2,0,0,0,0,1,1,6,1,-1,1461,2,7,-1,-1
"44423","201401ZD30443",1,9,0,8,0,1,0,0,0,0,2,1,6,2,10,1242,1,1,9,1
"44424","201401ZD30443",2,9,0,7,0,1,0,0,0,0,1,1,6,1,-1,1997,1,9,2,1
"44425","201401ZD30444",1,9,0,3,0,1,0,0,0,0,2,1,6,2,6,1368,1,6,6,1
"44426","201401ZD30444",2,9,0,18,0,1,0,0,0,0,1,1,6,1,7,1984,2,1,-1,-1
"44427","201401ZD30445",1,9,0,18,0,0,0,0,0,0,1,1,6,1,6,998,1,12,2,1
"44428","201401ZD30446",1,9,0,7,0,8,0,0,0,0,1,1,6,1,5,-1,-1,-1,-1,-1
"44429","201401ZD30447",1,9,0,9,0,8,0,0,0,0,4,1,6,1,6,1595,2,4,3,1
"44430","201401ZD30447",2,3,0,18,0,8,0,0,0,0,1,1,6,1,6,125,1,10,-1,-1
"44431","201401ZD30448",1,9,0,1,0,0,0,0,0,0,2,1,6,1,8,1341,1,15,8,1
"44432","201401ZD30449",1,11,0,4,0,0,0,0,0,0,0,1,1,1,8,4250,2,5,3,1
"44433","201401ZD30451",1,9,0,18,0,0,0,0,0,0,4,1,6,2,6,1598,1,11,-1,-1
"44434","201401ZD30451",2,9,0,2,0,0,0,0,0,0,4,1,6,2,8,1598,1,15,-1,-1
"44435","201401ZD30453",1,3,0,13,0,1,0,0,0,0,4,1,6,2,6,125,1,1,-1,-1
"44436","201401ZD30453",2,9,0,18,0,1,0,0,0,0,3,1,6,1,7,-1,-1,-1,-1,-1
"44437","201401ZD30454",1,9,0,18,0,1,5,10,4,6,3,1,6,1,6,2401,2,13,-1,-1
"44438","201401ZD30455",1,9,0,4,0,1,0,0,0,0,2,1,6,2,7,1590,1,12,3,1
"44439","201401ZD30455",2,9,0,4,0,1,0,0,0,0,1,1,6,2,-1,2149,2,7,-1,-1
"44440","201401ZD30456",1,9,0,18,0,8,0,0,0,0,3,1,6,1,7,-1,-1,-1,4,1
"44441","201401ZD30456",2,9,0,18,0,8,0,0,0,0,1,1,6,1,5,-1,-1,-1,5,1
"44442","201401ZD30457",1,9,0,4,0,1,0,0,0,0,1,1,6,1,4,1248,2,1,8,1
"44443","201401ZD30457",2,9,0,4,0,1,0,0,0,0,2,1,1,1,8,1198,1,9,5,1
"44444","201401ZD30457",3,9,0,4,0,1,0,0,0,0,2,1,6,2,7,1896,2,10,4,1
"44445","201401ZD30458",1,3,0,18,0,8,0,0,0,0,1,1,6,1,5,124,1,4,3,1
"44446","201401ZD30458",2,9,0,9,0,8,0,0,0,0,3,1,6,1,5,1360,1,7,4,1
"44447","201401ZD30460",1,9,0,4,0,1,0,0,0,0,1,1,6,1,7,-1,-1,-1,-1,-1
"44448","201401ZD30460",2,9,0,3,0,1,0,0,0,0,2,1,6,2,8,1998,1,9,9,1
"44449","201401ZD30461",1,9,0,18,0,1,0,0,0,0,1,1,6,2,6,1796,1,6,5,1
"44450","201401ZD30462",1,9,0,7,0,8,0,0,0,0,3,1,1,1,7,-1,-1,-1,5,1
"44451","201401ZD30462",2,3,0,16,0,8,0,0,0,0,1,1,6,1,4,124,1,12,4,1
"44452","201401ZD30463",1,9,0,3,0,1,0,0,0,0,2,1,6,2,6,1587,1,11,2,1
"44453","201401ZD30463",2,9,0,18,0,1,0,0,0,0,1,1,6,1,8,1769,1,9,2,1
"44454","201401ZD30465",1,9,0,7,0,8,0,0,0,0,2,1,6,1,9,1242,1,18,7,1
"44455","201401ZD30465",2,1,0,18,0,8,0,0,0,0,1,1,6,1,7,-1,-1,-1,3,1
"44456","201401ZD30466",1,9,0,3,0,0,0,0,0,0,2,1,6,2,10,1299,1,12,7,1
"44457","201401ZD30466",2,9,0,3,0,0,0,0,0,0,2,1,6,2,6,998,1,25,5,1
"44458","201401ZD30466",3,9,0,18,0,0,0,0,0,0,1,1,6,2,5,1796,1,8,6,1
"44459","201401ZD30467",1,9,0,18,0,1,0,0,0,0,1,1,6,3,-1,-1,-1,-1,-1,-1
"44460","201401ZD30468",1,9,0,18,0,0,0,0,0,0,1,1,6,2,5,1598,1,15,3,1
"44461","201401ZD30469",1,9,0,18,0,8,0,0,0,0,1,1,6,1,6,-1,-1,-1,-1,-1
"44462","201401ZD30469",2,9,0,7,0,8,0,0,0,0,3,1,6,1,-1,1686,2,9,-1,-1
"44463","201401ZD30470",1,9,0,18,0,1,0,0,0,0,1,1,6,2,8,1798,1,6,8,1
"44464","201401ZD30473",1,9,0,7,0,8,0,0,0,0,3,1,6,2,5,1360,1,7,5,1
"44465","201401ZD30473",2,9,0,18,0,8,0,0,0,0,1,1,6,2,-1,1995,2,12,-1,-1
"44466","201401ZD30476",1,9,0,18,0,1,0,0,0,0,2,1,6,1,9,1997,2,4,-1,-1
"44467","201401ZD30476",2,9,0,18,0,1,0,0,0,0,2,1,6,1,7,2393,1,12,5,1
"44468","201401ZD30476",3,9,0,18,0,1,0,0,0,0,1,1,6,1,4,1995,1,7,3,1
"44469","201401ZD30477",1,9,0,18,0,2,0,0,0,0,2,1,6,1,9,1497,1,9,-1,-1
"44470","201401ZD30477",2,9,0,18,0,2,0,0,0,0,1,1,6,1,7,-1,-1,-1,4,1
"44471","201401ZD30478",1,5,0,18,0,1,0,0,0,0,1,1,6,1,5,600,1,9,3,1
"44472","201401ZD30478",2,9,0,18,0,1,0,0,0,0,2,1,6,1,7,1761,1,14,-1,-1
"44473","201401ZD30479",1,9,0,3,0,0,0,0,0,0,2,1,6,1,6,1951,2,8,3,1
"44474","201401ZD30479",2,9,0,4,0,0,0,0,0,0,1,1,6,2,-1,1360,1,14,3,1
"44475","201401ZD30480",1,9,0,18,0,0,0,0,0,0,1,1,6,1,-1,1994,1,9,-1,-1
"44476","201401ZD30480",2,9,0,2,0,0,0,0,0,0,1,1,6,1,7,1910,2,4,2,1
"44477","201401ZD30481",1,11,0,18,0,1,0,0,0,0,4,1,1,1,8,4500,2,2,6,1
"44478","201401ZD30481",2,9,0,1,0,1,0,0,0,0,2,1,6,3,-1,1298,1,12,-1,-1
"44479","201401ZD30482",1,11,0,4,0,1,0,0,0,0,0,1,6,1,7,-1,2,11,2,1
"44480","201401ZD30483",1,9,0,9,0,8,0,0,0,0,1,1,6,2,6,1598,1,13,-1,-1
"44481","201401ZD30483",2,9,0,18,0,8,0,0,0,0,1,1,6,1,4,1229,1,-1,9,1
"44482","201401ZD30484",1,3,0,18,0,0,0,0,0,0,1,1,6,1,6,-1,-1,-1,3,1
"44483","201401ZD30484",2,9,0,18,0,0,0,0,0,0,4,1,6,1,5,1229,1,3,4,1
"44484","201401ZD30488",1,9,0,7,0,8,0,0,0,0,3,1,1,1,6,1988,2,8,3,1
"44485","201401ZD30488",2,5,0,18,0,8,0,0,0,0,1,1,6,1,6,-1,-1,-1,3,1
"44486","201401ZD30489",1,9,0,3,0,0,0,0,0,0,2,1,6,2,8,1598,1,1,4,1
"44487","201401ZD30489",2,9,0,18,0,0,0,0,0,0,1,1,6,1,-1,1242,1,4,-1,-1
"44488","201401ZD30490",1,9,0,18,0,1,0,0,0,0,1,1,6,1,-1,-1,-1,-1,-1,-1
"44489","201401ZD30491",1,9,0,14,0,2,0,0,0,0,1,1,6,1,5,-1,-1,-1,4,1
"44490","201401ZD30491",2,9,0,18,0,1,0,0,0,0,1,1,6,2,5,1668,1,10,5,1
"44491","201401ZD30492",1,9,0,9,0,8,0,0,0,0,4,1,6,2,5,1596,1,4,5,1
"44492","201401ZD30492",2,2,0,18,0,8,0,0,0,0,1,1,6,1,-1,49,1,9,-1,-1
"44493","201401ZD30493",1,11,0,18,0,8,0,0,0,0,1,1,1,1,7,4500,2,-1,3,1
"44494","201401ZD30493",2,9,0,7,0,8,0,0,0,0,3,1,6,3,-1,2148,2,12,-1,-1
"44495","201401ZD30495",1,9,0,18,0,1,0,10,1,10,1,1,6,2,6,2143,2,3,2,1
"44496","201401ZD30496",1,9,0,4,0,1,0,0,0,0,1,1,6,1,10,1597,1,15,4,1
"44497","201401ZD30497",1,9,0,7,0,8,0,0,0,0,4,1,6,1,8,2148,2,9,7,1
"44498","201401ZD30497",2,2,0,18,0,8,0,0,0,0,1,1,1,1,4,125,1,6,1,1
"44499","201401ZD30498",1,9,0,5,9,1,0,0,0,0,1,1,6,1,6,5461,1,1,4,1
"44500","201401ZD30500",1,9,0,18,0,2,0,0,0,0,1,1,6,2,8,1149,1,9,3,1
"44501","201401ZD30501",1,9,0,18,0,1,0,0,0,0,1,1,1,1,8,1796,1,21,5,1
"44502","201401ZD30501",2,9,0,18,0,1,0,0,0,0,2,1,6,2,9,1796,1,10,9,1
"44503","201401ZD30502",1,19,0,7,0,8,0,0,0,0,3,1,1,1,9,1248,2,3,7,1
"44504","201401ZD30502",2,5,0,18,0,8,0,0,0,0,1,1,6,1,6,749,1,7,8,1
"44505","201401ZD30503",1,5,0,4,0,0,0,0,0,0,2,1,6,1,8,988,1,13,5,1
"44506","201401ZD30503",2,9,0,4,0,0,0,0,0,0,1,1,6,1,7,1360,1,14,6,1
"44507","201401ZD30504",1,9,0,18,0,1,0,0,0,0,2,1,6,2,5,1995,2,1,5,1
"44508","201401ZD30504",2,9,0,18,0,1,0,0,0,0,1,1,6,2,-1,1796,1,7,-1,-1
"44509","201401ZD30505",1,9,0,18,0,1,0,0,0,0,2,1,6,2,-1,1242,1,9,2,1
"44510","201401ZD30505",2,9,0,18,0,1,0,0,0,0,1,1,6,3,-1,-1,-1,-1,-1,-1
"44511","201401ZD30507",1,9,0,18,0,1,0,0,0,0,1,1,6,1,6,-1,-1,-1,-1,-1
"44512","201401ZD30508",1,9,0,18,0,2,0,0,0,0,1,1,1,1,-1,-1,-1,-1,-1,-1
"44513","201401ZD30509",1,11,0,4,0,1,0,0,0,0,0,1,1,2,6,-1,-1,-1,5,1
"44514","201401ZD30510",1,5,0,18,0,8,0,0,0,0,1,1,6,1,6,599,1,8,8,1
"44515","201401ZD30510",2,9,0,7,0,8,0,0,0,0,3,1,6,2,9,1597,1,16,4,1
"44516","201401ZD30511",1,9,0,18,0,8,0,0,0,0,1,1,6,1,8,1998,1,11,4,1
"44517","201401ZD30511",2,9,0,18,0,8,5,0,0,0,3,1,6,2,-1,998,1,5,-1,-1
"44518","201401ZD30512",1,9,0,18,0,8,0,0,0,0,3,1,6,1,6,1910,2,5,3,1
"44519","201401ZD30512",2,9,0,7,0,8,0,0,0,0,1,1,6,1,-1,1598,1,15,-1,-1
"44520","201401ZD30513",1,9,0,5,0,1,0,0,0,0,1,1,6,1,6,1991,2,9,6,1
"44521","201401ZD30513",2,9,0,3,0,1,0,0,0,0,2,1,6,1,7,1240,1,10,2,1
"44522","201401ZD30514",1,9,0,9,0,8,0,0,0,0,3,1,6,1,5,1299,1,8,-1,1
"44523","201401ZD30514",2,3,0,13,0,8,0,0,0,0,1,1,6,1,6,124,1,20,-1,-1
"44524","201401ZD30515",1,9,0,9,0,8,0,0,0,0,1,1,6,1,6,1800,1,16,9,1
"44525","201401ZD30515",2,9,0,9,0,8,0,0,0,0,1,1,6,1,11,1597,1,16,3,1
"44526","201401ZD30516",1,8,0,18,0,1,0,0,0,0,1,1,1,1,7,1598,1,6,-1,-1