"","Acc_Index","Vehicle_Reference","Vehicle_Type","Towing_and_Articulation","Vehicle_Manoeuvre","Vehicle_Location.Restricted_Lane","Junction_Location","Skidding_and_Overturning","Hit_Object_in_Carriageway","Vehicle_Leaving_Carriageway","Hit_Object_off_Carriageway","X1st_Point_of_Impact","Was_Vehicle_Left_Hand_Drive","Journey_Purpose_of_Driver","Sex_of_Driver","Age_Band_of_Driver","Engine_Capacity_.CC.","Propulsion_Code","Age_of_Vehicle","Driver_IMD_Decile","Driver_Home_Area_Type"
"44527","201401ZD30518",1,19,0,4,0,1,0,0,0,0,1,1,1,1,7,1870,2,10,3,1
"44528","201401ZD30518",2,9,0,4,0,1,0,0,0,0,2,1,6,2,7,1995,2,5,5,1
"44529","201401ZD30519",1,9,0,7,0,0,0,0,0,0,1,1,6,1,7,2179,2,2,2,1
"44530","201401ZD30519",2,9,0,18,0,0,0,0,0,0,4,1,1,1,6,1598,2,1,-1,-1
"44531","201401ZD30520",1,9,0,4,0,1,0,0,0,0,1,1,6,2,6,1389,1,18,8,1
"44532","201401ZD30520",2,9,0,4,0,1,0,0,0,0,2,1,6,1,7,1560,2,5,-1,-1
"44533","201401ZD30521",1,9,0,5,0,2,0,0,0,0,2,1,6,1,6,1998,1,12,2,1
"44534","201401ZD30521",2,9,0,5,0,2,0,0,0,0,1,1,6,2,6,1398,1,10,3,1
"44535","201401ZD30522",1,9,0,18,0,2,0,4,0,0,1,1,6,2,10,1396,1,5,-1,-1
"44536","201401ZD30522",2,9,0,2,0,2,0,0,0,0,2,1,6,3,-1,-1,-1,-1,-1,-1
"44537","201401ZD30523",1,9,0,4,0,1,0,0,0,0,1,1,6,1,5,1587,1,12,8,1
"44538","201401ZD30523",2,9,0,3,0,1,0,0,0,0,2,1,6,1,5,-1,-1,-1,-1,-1
"44539","201401ZD30523",3,9,0,3,0,1,0,0,0,0,2,1,6,1,7,-1,-1,-1,5,1
"44540","201401ZD30524",1,3,0,3,0,1,0,0,0,0,1,1,6,2,5,125,1,4,9,1
"44541","201401ZD30524",2,19,0,1,0,2,0,0,0,0,2,1,6,1,-1,1598,2,-1,2,1
"44542","201401ZD30525",1,9,0,18,0,1,0,11,0,0,1,1,1,1,7,2143,2,2,-1,-1
"44543","201401ZD30527",1,9,0,7,0,8,0,0,0,0,3,1,6,1,6,2000,1,14,2,1
"44544","201401ZD30527",2,3,0,18,0,8,0,0,0,0,1,1,6,1,7,124,1,-1,10,1
"44545","201401ZD30528",1,9,0,3,0,1,0,0,0,0,2,1,6,1,7,1796,1,11,-1,-1
"44546","201401ZD30528",2,9,0,3,0,1,0,0,0,0,2,1,6,1,7,-1,-1,-1,6,1
"44547","201401ZD30528",3,9,0,3,0,1,0,0,0,0,2,1,1,1,7,-1,-1,-1,-1,-1
"44548","201401ZD30528",4,9,0,4,0,1,0,0,0,0,1,1,6,1,5,1686,2,1,-1,-1
"44549","201401ZD30530",1,1,0,18,0,0,0,0,0,0,0,1,6,2,8,-1,-1,-1,8,1
"44550","201401ZD30531",1,9,0,9,0,8,0,0,0,0,4,1,6,2,4,1390,1,13,2,1
"44551","201401ZD30531",2,9,0,18,0,8,0,0,0,0,1,1,6,1,5,-1,-1,-1,3,1
"44552","201401ZD30533",1,2,0,18,0,8,0,0,0,0,1,1,6,1,4,49,1,17,5,1
"44553","201401ZD30533",2,9,0,10,0,8,0,0,0,0,2,1,6,1,10,1598,1,9,8,1
"44554","201401ZD30538",1,3,0,18,0,0,0,0,0,0,1,1,1,1,5,125,1,4,-1,-1
"44555","201401ZD30538",2,9,0,9,0,0,0,0,0,0,3,1,1,1,10,1968,2,7,6,1
"44556","201401ZD30539",1,9,0,10,0,8,0,0,0,0,2,1,6,2,8,1796,1,8,4,1
"44557","201401ZD30539",2,19,0,4,0,8,0,0,0,0,1,1,6,1,6,1753,2,6,-1,-1
"44558","201401ZD30541",1,9,0,18,0,0,0,0,0,0,4,1,6,2,8,1198,1,12,-1,-1
"44559","201401ZD30542",1,9,0,18,0,0,0,0,0,0,1,1,6,1,7,1299,1,8,2,1
"44560","201401ZD30542",2,9,0,18,0,0,0,0,0,0,2,1,6,1,6,1896,2,16,3,1
"44561","201401ZD30543",1,9,0,18,0,8,0,0,0,0,1,1,6,1,6,1994,2,6,4,1
"44562","201401ZD30543",2,9,0,18,0,8,0,0,0,0,4,1,6,2,6,1598,1,4,4,1
"44563","201401ZD30544",1,9,0,18,9,1,0,10,1,0,1,1,6,1,6,1910,2,6,3,1
"44564","201401ZD30544",2,9,0,2,9,1,0,0,0,0,2,1,6,1,7,-1,-1,-1,3,1
"44565","201401ZD30545",1,19,0,18,0,2,0,0,0,0,1,1,6,3,-1,-1,-1,-1,-1,-1
"44566","201401ZD30546",1,9,0,18,0,1,0,0,0,0,1,1,6,1,6,1397,1,15,4,1
"44567","201401ZD30547",1,9,0,1,0,1,0,0,0,0,2,1,6,1,6,2987,2,5,3,1
"44568","201401ZD30547",2,9,0,18,0,2,0,0,0,0,1,1,1,2,5,1398,1,-1,-1,-1
"44569","201401ZD30548",1,9,0,18,0,1,0,0,0,0,1,1,6,2,7,1368,1,6,2,1
"44570","201401ZD30548",2,9,0,18,0,2,0,0,0,0,1,1,6,1,8,1368,1,6,9,1
"44573","201401ZD30551",1,9,0,18,0,8,0,0,0,0,1,1,1,2,5,1598,1,10,7,1
"44574","201401ZD30551",2,9,0,9,0,8,0,0,0,0,4,1,6,2,6,1998,1,5,3,1
"44575","201401ZD30552",1,19,0,9,0,8,0,0,0,0,3,1,6,1,7,2402,2,7,2,1
"44576","201401ZD30552",2,3,0,13,0,8,0,0,0,0,4,1,6,1,6,125,1,2,3,1
"44577","201401ZD30553",1,5,0,18,0,8,0,0,0,0,4,1,6,1,7,749,1,20,3,1
"44578","201401ZD30553",2,9,0,9,0,8,0,0,0,0,1,1,6,2,-1,1598,1,7,-1,-1
"44579","201401ZD30554",1,9,0,18,0,8,0,0,0,0,1,1,6,2,4,1149,1,12,6,1
"44580","201401ZD30554",2,9,0,7,0,8,0,0,0,0,3,1,6,1,7,1796,1,10,1,1
"44581","201401ZD30555",1,9,0,18,9,0,0,10,1,0,1,1,6,1,-1,-1,-1,-1,-1,-1
"44582","201401ZD30556",1,9,0,16,0,8,0,0,0,0,3,1,6,2,5,1339,1,7,3,1
"44583","201401ZD30556",2,9,0,9,0,8,0,0,0,0,1,1,6,1,-1,1968,2,4,-1,-1
"44586","201401ZD30558",1,11,0,4,0,2,0,0,0,0,0,1,1,1,8,6692,2,4,3,1
"44587","201401ZD30559",1,3,0,16,0,1,0,0,0,0,1,1,6,1,7,124,1,11,6,1
"44588","201401ZD30560",1,9,0,9,0,8,0,0,0,0,2,1,6,1,7,1968,2,2,5,1
"44589","201401ZD30560",2,5,0,13,0,8,0,0,0,0,1,1,6,1,6,650,1,14,5,1
"44590","201401ZD30562",1,9,0,9,0,8,0,0,0,0,3,1,6,1,8,1598,1,9,-1,-1
"44591","201401ZD30562",2,9,0,18,0,8,0,0,0,0,1,1,6,1,5,1398,1,-1,1,1
"44592","201401ZD30563",1,9,0,18,0,8,0,0,0,0,1,1,6,2,6,1995,1,5,2,1
"44593","201401ZD30563",2,9,0,9,0,8,0,0,0,0,4,1,6,2,-1,1368,1,7,-1,-1
"44594","201401ZD30564",1,20,0,18,0,2,0,0,0,0,1,1,1,1,7,-1,-1,-1,-1,-1
"44595","201401ZD30565",1,9,0,18,0,8,0,0,0,0,3,1,6,1,7,1796,1,6,4,1
"44596","201401ZD30565",2,21,0,18,0,8,0,0,0,0,4,1,1,1,6,-1,-1,-1,6,3
"44597","201401ZD30566",1,9,0,7,0,8,0,0,0,0,3,1,6,2,7,1108,1,4,1,1
"44598","201401ZD30566",2,9,0,18,0,8,0,0,0,0,1,1,6,1,-1,2231,2,7,4,1
"44599","201401ZD30567",1,2,0,18,0,8,0,0,0,0,1,1,6,1,7,124,1,5,4,1
"44600","201401ZD30567",2,9,0,9,0,8,0,0,0,0,4,1,6,1,7,1360,1,10,4,1
"44601","201401ZD30570",1,9,0,18,0,8,0,0,0,0,1,1,6,1,6,1800,1,8,-1,-1
"44602","201401ZD30570",2,9,0,9,0,8,0,0,0,0,4,1,6,1,6,1598,1,10,2,1
"44603","201401ZD30573",1,9,0,3,0,1,0,0,0,0,2,1,6,2,6,1200,1,1,8,1
"44604","201401ZD30573",2,9,0,5,0,1,0,0,0,0,1,1,6,1,7,2776,2,10,6,1
"44605","201401ZD30574",1,9,0,18,0,1,0,0,0,0,4,1,6,1,-1,-1,-1,-1,5,3
"44606","201401ZD30574",2,9,0,12,0,1,0,0,0,0,3,1,6,1,-1,1895,1,15,8,1
"44607","201401ZD30575",1,9,0,2,0,0,0,0,0,0,2,1,1,2,4,1248,2,3,8,1
"44608","201401ZD30575",2,1,0,18,0,0,0,4,0,0,1,1,6,1,5,-1,-1,-1,9,1
"44609","201401ZD30576",1,9,0,18,0,8,0,0,0,0,1,1,6,1,5,1493,1,18,7,1
"44610","201401ZD30576",2,9,0,9,0,8,0,0,0,0,4,1,6,1,-1,1396,1,11,6,1
"44611","201401ZD30577",1,9,0,18,0,8,0,0,0,0,3,1,6,1,6,1396,1,12,8,1
"44612","201401ZD30577",2,9,0,9,0,8,0,0,0,0,1,1,6,2,-1,-1,-1,-1,-1,-1
"44613","201401ZD30578",1,9,0,9,0,8,0,0,0,0,4,1,6,1,7,-1,-1,-1,3,1
"44614","201401ZD30578",2,5,0,18,0,8,0,0,0,0,1,1,6,1,7,-1,-1,-1,3,1
"44615","201401ZD30579",1,9,0,18,0,0,0,0,0,0,3,1,6,1,9,1497,8,9,4,1
"44616","201401ZD30580",1,9,0,3,0,8,0,0,0,0,2,1,1,2,8,-1,-1,-1,2,1
"44617","201401ZD30580",2,9,0,4,0,8,0,0,0,0,1,1,6,1,5,-1,-1,-1,5,1
"44618","201401ZD30581",1,9,0,18,0,1,0,0,0,0,1,1,6,1,6,1595,1,15,3,1
"44619","201401ZD30582",1,9,0,7,0,8,0,0,0,0,4,1,6,1,7,3222,2,12,1,1
"44620","201401ZD30582",2,1,0,18,0,8,0,0,0,0,1,1,6,1,5,-1,-1,-1,-1,-1
"44621","201401ZD30583",1,9,0,3,0,1,0,0,0,0,2,1,6,1,7,-1,-1,-1,2,1
"44622","201401ZD30583",2,9,0,18,0,1,0,0,0,0,1,1,6,1,11,1388,1,8,9,1
"44623","201401ZD30584",1,9,0,18,0,0,0,0,0,0,4,1,6,1,9,1339,1,4,3,1
"44624","201401ZD30585",1,9,0,18,0,8,0,0,0,0,1,1,6,1,6,1599,1,11,-1,-1
"44625","201401ZD30585",2,9,0,9,0,8,0,0,0,0,3,1,6,2,5,1299,1,12,9,1
"44626","201401ZD30586",1,9,0,18,0,1,0,0,0,0,1,1,6,2,7,2198,1,13,8,1
"44627","201401ZD30588",1,19,0,18,0,1,0,0,0,0,0,1,6,3,-1,-1,-1,-1,-1,-1
"44628","201401ZD30588",2,11,0,18,0,1,0,0,0,0,0,1,1,2,8,6692,2,5,9,1
"44629","201401ZD30589",1,9,0,13,0,8,0,0,0,0,4,1,6,1,5,1229,1,7,5,1
"44630","201401ZD30589",2,9,0,9,0,8,0,0,0,0,3,1,6,1,4,1596,1,7,-1,-1
"44631","201401ZD30592",1,3,0,18,0,1,0,0,0,0,1,1,6,2,7,125,1,1,2,1
"44632","201401ZD30593",1,9,0,3,0,0,0,0,0,0,2,1,6,1,8,1997,2,5,-1,3
"44633","201401ZD30593",2,19,0,5,0,0,0,0,0,0,1,1,6,1,8,1996,2,-1,6,1
"44634","201401ZD30594",1,9,0,18,0,0,0,10,7,2,4,1,6,1,6,1360,1,5,2,1
"44635","201401ZD30595",1,9,0,7,0,8,0,0,0,0,3,1,6,2,7,1598,2,-1,-1,-1
"44636","201401ZD30595",2,9,0,18,0,8,0,0,0,0,1,1,6,1,8,2494,1,15,2,1
"44637","201401ZD30596",1,9,0,3,0,0,0,0,0,0,3,1,6,2,6,1461,2,2,10,1
"44638","201401ZD30596",2,9,0,18,0,0,0,0,0,0,3,1,6,3,-1,1896,2,13,-1,-1
"44639","201401ZD30598",1,9,0,18,0,0,0,0,0,0,3,1,6,1,8,-1,-1,-1,1,1
"44640","201401ZD30598",2,90,0,18,0,0,0,0,0,0,1,1,6,1,11,-1,-1,-1,5,1
"44641","201401ZD30600",1,9,0,3,0,1,0,0,0,0,2,1,6,2,8,2143,2,1,10,1
"44642","201401ZD30600",2,9,0,3,0,1,0,0,0,0,2,1,6,2,7,1598,1,8,8,2
"44643","201401ZD30600",3,9,0,4,0,1,0,0,0,0,1,1,6,1,6,1796,1,14,6,1
"44644","201401ZD30601",1,9,0,9,0,8,0,0,0,0,1,1,6,1,-1,1995,2,7,7,1
"44645","201401ZD30601",2,5,0,18,0,8,0,0,0,0,4,1,6,1,6,749,1,18,6,1
"44646","201401ZD30602",1,19,0,18,0,8,5,0,0,0,4,1,6,1,6,1461,2,8,5,1
"44647","201401ZD30602",2,9,0,7,0,8,0,0,0,0,1,1,6,2,8,1364,2,8,6,1
"44648","201401ZD30603",1,9,0,18,0,8,0,0,0,0,1,1,6,1,4,1299,1,16,8,1
"44649","201401ZD30603",2,9,0,7,0,8,0,0,0,0,3,1,6,1,4,1390,1,-1,4,1
"44650","201401ZD30604",1,1,0,18,0,2,0,0,0,0,1,1,6,1,5,-1,-1,-1,-1,-1
"44651","201401ZD30604",2,9,0,3,0,2,0,0,0,0,4,1,6,1,7,1794,1,14,-1,-1
"44652","201401ZD30605",1,1,0,18,0,8,0,0,0,0,3,1,6,1,6,-1,-1,-1,4,1
"44653","201401ZD30605",2,9,0,11,0,8,0,0,0,0,4,1,6,3,-1,-1,-1,-1,-1,-1
"44654","201401ZD30606",1,19,0,9,0,8,0,0,0,0,1,1,6,1,9,2402,2,7,8,1
"44655","201401ZD30606",2,9,0,18,0,8,0,0,0,0,3,1,6,1,8,1794,1,12,3,1
"44656","201401ZD30606",3,9,0,3,0,8,0,0,0,0,1,1,6,1,7,2179,2,6,5,1
"44657","201401ZD30609",1,9,0,18,0,0,0,0,0,0,1,1,6,2,8,1590,1,16,8,1
"44658","201401ZD30609",2,11,0,3,0,0,0,0,0,0,2,1,1,1,7,-1,-1,-1,-1,-1
"44659","201401ZD30610",1,9,0,18,0,8,0,0,0,0,1,1,6,2,6,1397,1,12,8,1
"44660","201401ZD30610",2,3,0,9,0,8,0,0,0,0,3,1,6,1,7,124,1,8,8,1
"44661","201401ZD30611",1,5,0,13,0,0,0,0,0,0,1,1,6,1,7,-1,-1,-1,9,1
"44662","201401ZD30611",2,9,0,6,0,0,0,0,0,0,3,1,6,1,10,1999,1,12,1,1
"44663","201401ZD30614",1,9,0,18,0,8,0,0,0,0,4,1,6,2,9,1343,1,12,2,1
"44664","201401ZD30614",2,9,0,9,0,8,0,0,0,0,1,1,6,2,-1,1598,1,9,-1,-1
"44665","201401ZD30615",1,9,0,18,9,1,0,10,1,0,1,1,6,3,-1,-1,-1,-1,-1,-1
"44666","201401ZD30616",1,11,0,5,0,0,0,0,0,0,0,1,1,1,-1,-1,-1,-1,-1,-1
"44667","201401ZD30617",1,9,0,7,0,8,0,0,0,0,4,1,6,1,6,-1,-1,-1,9,1
"44668","201401ZD30617",2,9,0,15,0,8,0,0,0,0,1,1,6,1,-1,-1,-1,-1,-1,-1
"44669","201401ZD30618",1,9,0,14,0,0,0,0,0,0,1,1,6,1,6,1781,1,11,5,1
"44670","201401ZD30619",1,9,0,4,0,8,0,0,0,0,2,1,6,1,6,1596,1,2,7,1
"44671","201401ZD30619",2,9,0,4,0,8,0,0,0,0,1,1,6,2,6,1364,1,-1,8,1
"44672","201401ZD30620",1,9,0,11,0,1,0,0,0,0,4,1,6,2,8,1796,1,13,7,1
"44673","201401ZD30620",2,1,0,3,0,1,0,0,0,0,3,1,6,1,6,-1,-1,-1,3,1
"44674","201401ZD30621",1,11,0,18,0,2,0,0,0,0,0,1,1,1,7,9000,2,5,6,1
"44675","201401ZD30622",1,9,0,18,0,8,0,0,0,0,1,1,6,1,8,1995,1,10,5,1
"44676","201401ZD30624",1,19,0,18,0,1,0,4,0,0,1,1,1,1,7,2402,2,6,2,1
"44677","201401ZD30624",2,9,0,2,0,1,0,0,0,0,2,1,6,2,7,1794,1,7,-1,-1
"44678","201401ZD30625",1,9,0,18,0,0,0,0,0,0,1,1,6,2,7,1598,1,7,2,1
"44679","201401ZD30625",2,9,0,18,0,0,0,0,0,0,1,1,6,1,7,2793,1,16,5,1
"44680","201401ZD30625",3,9,0,2,0,0,0,0,0,0,3,1,6,1,-1,-1,-1,-1,-1,-1
"44681","201401ZD30626",1,3,0,18,0,0,0,0,0,0,1,1,6,1,5,125,1,1,5,1
"44682","201401ZD30626",2,9,0,18,0,0,0,0,0,0,1,1,6,1,6,-1,-1,-1,2,1
"44683","201401ZD30627",1,4,0,17,0,8,0,0,0,0,0,1,6,1,8,250,1,1,8,1
"44684","201401ZD30628",1,9,0,9,0,8,0,0,0,0,3,1,6,1,7,1896,2,15,2,1
"44685","201401ZD30628",2,3,0,13,0,8,0,0,0,0,1,1,6,1,4,124,1,2,3,1
"44686","201401ZD30629",1,9,0,17,0,0,5,10,2,7,4,1,6,1,8,1951,2,9,9,1
"44687","201401ZD30632",1,9,0,18,0,1,0,0,0,0,1,1,6,1,9,1598,1,18,6,1
"44688","201401ZD30634",1,9,0,18,0,8,0,0,0,0,1,1,6,2,10,1242,1,5,8,1
"44689","201401ZD30634",2,9,0,9,0,8,0,0,0,0,3,1,6,1,7,2143,2,3,10,1
"44690","201401ZD30635",1,9,0,18,0,2,0,0,0,0,1,1,6,2,6,1229,1,9,5,1
"44691","201401ZD30636",1,19,0,3,0,1,0,0,0,0,2,1,6,1,8,5193,2,2,-1,-1
"44692","201401ZD30636",2,9,0,18,0,1,0,0,0,0,1,1,6,1,6,1910,2,7,1,1
"44693","201401ZD30640",1,20,0,18,0,0,0,0,0,0,1,1,6,1,6,5900,2,7,-1,-1
"44694","201401ZD30641",1,11,0,9,0,8,0,0,0,0,0,1,1,1,7,6700,2,4,4,1
"44695","201401ZD30642",1,9,0,18,0,0,0,0,0,0,1,1,6,3,-1,-1,-1,-1,-1,-1
"44696","201401ZD30643",1,9,0,3,0,0,0,0,0,0,2,1,6,1,6,2171,1,10,3,1
"44697","201401ZD30643",2,9,0,18,0,0,0,0,0,0,1,1,6,2,6,1397,1,5,9,1
"44698","201401ZD30645",1,9,0,9,0,8,0,0,0,0,4,1,6,1,7,-1,-1,-1,5,1
"44699","201401ZD30645",2,2,0,18,0,8,0,0,0,0,1,1,6,1,7,-1,-1,-1,3,1
"44700","201401ZD30646",1,1,0,17,0,8,0,0,0,0,3,1,6,1,7,-1,-1,-1,-1,-1
"44701","201401ZD30646",2,9,0,18,0,8,0,0,0,0,4,1,6,3,-1,-1,-1,-1,-1,-1
"44702","201401ZD30647",1,9,0,6,0,0,0,0,0,0,3,1,6,2,6,1988,1,10,5,1
"44703","201401ZD30647",2,1,0,18,0,0,0,0,0,0,4,1,6,1,7,-1,-1,-1,4,1
"44704","201401ZD30648",1,9,0,9,0,8,0,0,0,0,3,1,6,1,6,973,1,14,3,1
"44705","201401ZD30648",2,3,0,18,0,8,0,0,0,0,1,1,6,1,6,124,1,6,2,1
"44706","201401ZD30649",1,9,0,18,0,8,0,0,0,0,1,1,6,1,7,1998,2,7,9,1
"44707","201401ZD30649",2,9,0,9,0,8,0,0,0,0,4,1,6,1,7,1995,2,1,9,1
"44708","201401ZD30650",1,9,0,9,0,8,0,0,0,0,4,1,6,1,9,998,1,12,4,1
"44709","201401ZD30650",2,1,0,15,0,8,0,0,0,0,1,1,6,1,5,-1,-1,-1,4,1
"44710","201401ZD30651",1,9,0,18,0,0,0,0,0,0,1,1,6,1,7,1600,1,15,3,1
"44711","201401ZD30652",1,9,0,9,0,8,0,0,0,0,1,1,6,1,7,1850,1,16,3,1
"44712","201401ZD30652",2,5,0,18,0,8,0,0,0,0,3,1,6,1,7,636,1,9,6,1
"44713","201401ZD30653",1,9,0,9,0,8,0,0,0,0,1,1,6,1,6,1390,1,10,4,1
"44714","201401ZD30653",2,1,0,15,0,8,0,0,0,0,1,1,6,1,5,-1,-1,-1,8,1
"44715","201401ZD30654",1,9,0,4,0,8,0,0,0,0,1,1,6,1,5,2499,1,9,9,1
"44716","201401ZD30654",2,9,0,9,0,8,0,0,0,0,2,1,6,1,7,999,1,13,5,1
"44717","201401ZD30655",1,9,0,18,0,1,0,0,0,0,1,1,6,1,10,1794,1,9,3,1
"44718","201401ZD30656",1,9,0,18,0,8,0,0,0,0,4,1,6,1,6,1299,1,11,2,1
"44719","201401ZD30656",2,9,0,9,0,8,0,0,0,0,1,1,6,2,-1,1390,1,4,-1,-1
"44720","201401ZD30657",1,9,0,2,0,0,0,0,0,0,3,1,6,1,8,1769,1,12,3,1
"44721","201401ZD30657",2,1,0,18,0,0,0,0,0,0,1,1,6,1,7,-1,-1,-1,4,1
"44722","201401ZD30658",1,9,0,10,0,8,0,0,0,0,2,1,6,1,7,2993,2,9,8,1
"44723","201401ZD30658",2,9,0,1,0,8,0,0,0,0,1,1,6,1,5,1796,1,10,5,1
"44724","201401ZD30659",1,11,0,18,0,2,0,0,0,0,0,1,1,1,9,9360,2,3,3,1
"44725","201401ZD30660",1,9,0,10,0,8,0,0,0,0,3,1,6,1,6,-1,-1,-1,6,1
"44726","201401ZD30660",2,1,0,18,0,8,0,0,0,0,1,1,6,1,2,-1,-1,-1,2,1
"44727","201401ZD30661",1,9,0,9,0,8,0,0,0,0,1,1,6,1,8,1769,1,8,4,1
"44728","201401ZD30661",2,1,0,18,0,8,0,0,0,0,1,1,6,1,4,-1,-1,-1,5,1
"44729","201401ZD30662",1,9,0,18,0,8,0,0,0,0,1,1,6,1,7,1796,1,11,2,1
"44730","201401ZD30662",2,1,0,7,0,8,0,0,0,0,1,1,6,1,2,-1,-1,-1,3,1
"44731","201401ZD30663",1,9,0,9,0,8,0,0,0,0,1,1,6,1,5,1248,2,5,8,1
"44732","201401ZD30663",2,3,0,18,0,8,0,0,0,0,1,1,6,1,5,125,1,1,8,1
"44733","201401ZD30664",1,5,0,13,0,0,0,0,0,0,4,1,6,1,7,599,1,11,2,1
"44734","201401ZD30664",2,9,0,12,0,0,0,0,0,0,3,1,6,1,6,1798,8,2,6,1
"44735","201401ZD30665",1,9,0,9,0,8,0,0,0,0,1,1,6,1,6,1397,1,11,4,1
"44736","201401ZD30665",2,3,0,18,0,8,0,0,0,0,1,1,6,1,5,85,1,13,4,1
"44737","201401ZD30666",1,9,0,18,0,1,0,0,0,0,1,1,6,3,-1,-1,-1,-1,-1,-1
"44738","201401ZD30667",1,9,0,18,0,2,0,0,0,0,1,1,6,2,7,-1,-1,-1,3,1
"44739","201401ZD30667",2,9,0,3,0,2,0,0,0,0,2,1,6,1,7,-1,-1,-1,1,1
"44740","201401ZD30668",1,9,0,18,0,8,0,0,0,0,1,1,6,1,8,1984,1,8,3,1
"44741","201401ZD30668",2,19,0,18,0,8,0,0,0,0,3,1,6,1,6,2461,2,10,8,1
"44742","201401ZD30669",1,9,0,9,0,8,0,0,0,0,1,1,6,1,6,1595,2,4,6,1
"44743","201401ZD30669",2,9,0,10,0,8,0,0,0,0,1,1,6,1,6,3600,1,11,5,1
"44744","201401ZD30669",3,1,0,18,0,8,0,0,0,0,1,1,6,1,5,-1,-1,-1,-1,-1
"44745","201401ZD30670",1,9,0,18,0,8,0,0,0,0,1,1,6,1,7,2400,2,-1,9,1
"44746","201401ZD30670",2,9,0,18,0,8,0,0,0,0,4,1,6,1,-1,-1,-1,-1,-1,-1
"44747","201401ZD30671",1,9,0,4,0,1,0,0,0,0,2,1,6,1,7,1968,2,5,9,1
"44748","201401ZD30671",2,9,0,18,0,1,0,0,0,0,1,1,6,1,-1,1598,1,14,-1,-1
"44749","201401ZD30672",1,1,0,18,9,1,0,0,0,0,1,1,6,1,-1,-1,-1,-1,1,1
"44750","201401ZD30673",1,9,0,18,0,1,0,0,0,0,1,1,6,3,-1,-1,-1,-1,-1,-1
"44751","201401ZD30675",1,1,0,18,0,8,0,0,0,0,1,1,6,1,5,-1,-1,-1,4,1
"44752","201401ZD30675",2,9,0,7,0,8,0,0,0,0,4,1,6,1,-1,-1,-1,-1,-1,-1
"44753","201401ZD30676",1,9,0,18,0,8,0,0,0,0,3,1,6,1,5,998,1,12,3,1
"44754","201401ZD30676",2,9,0,9,0,8,0,0,0,0,1,1,6,2,5,998,1,-1,2,1
"44755","201401ZD30678",1,9,0,9,0,8,0,0,0,0,1,1,6,1,8,1796,1,9,5,1
"44756","201401ZD30678",2,2,0,18,0,8,0,0,0,0,1,1,6,1,-1,125,1,5,5,1
"44757","201401ZD30679",1,9,0,3,0,1,0,0,0,0,2,1,6,1,10,1242,1,-1,4,1
"44758","201401ZD30679",2,9,0,18,0,1,0,0,0,0,1,1,6,1,9,1397,1,12,4,1
"44759","201401ZD30680",1,9,0,3,0,1,0,0,0,0,2,1,6,2,6,1598,1,15,1,1
"44760","201401ZD30680",2,9,0,18,0,1,0,0,0,0,1,1,6,1,-1,1984,1,20,-1,-1
"44761","201401ZD30681",1,9,0,1,0,8,0,0,0,0,2,1,6,1,6,-1,-1,-1,3,1
"44762","201401ZD30682",1,9,0,18,0,8,0,0,0,0,1,1,6,2,6,1598,1,11,5,1
"44763","201401ZD30682",2,9,0,18,0,8,0,0,0,0,2,1,6,2,7,1796,1,10,6,1
"44764","201401ZD30683",1,9,0,18,0,8,0,0,0,0,1,1,6,2,9,1396,1,14,8,1
"44765","201401ZD30684",1,9,0,2,0,0,0,0,0,0,2,1,6,2,7,1598,1,13,9,1
"44766","201401ZD30684",2,8,0,18,0,0,0,0,0,0,1,1,6,1,9,2402,2,8,6,1
"44767","201401ZD30685",1,3,0,18,0,8,0,0,0,0,1,1,6,1,7,124,1,25,3,1
"44768","201401ZD30685",2,9,0,9,0,8,0,0,0,0,1,1,6,1,9,1686,2,12,6,1
"44769","201401ZD30686",1,9,0,18,0,8,0,0,0,0,4,1,6,2,9,1199,1,10,2,1
"44770","201401ZD30686",2,9,0,18,0,8,0,0,0,0,1,1,6,1,7,1798,8,2,2,1
"44771","201401ZD30688",1,9,0,18,0,0,0,0,0,0,4,1,6,1,6,1799,1,3,4,1
"44772","201401ZD30688",2,4,0,18,0,0,0,0,0,0,3,1,6,1,6,125,1,4,3,1
"44773","201401ZD30690",1,21,0,18,0,8,0,0,0,0,4,1,1,1,8,12809,2,1,-1,-1
"44774","201401ZD30690",2,18,0,18,1,8,0,0,0,0,1,1,1,1,8,-1,-1,-1,-1,-1
"44775","201401ZD30691",1,19,0,18,0,0,0,0,0,0,4,1,6,1,8,2143,2,2,7,1
"44776","201401ZD30693",1,9,0,9,0,8,0,0,0,0,1,1,6,1,8,1560,2,1,-1,-1
"44777","201401ZD30695",1,9,0,18,0,0,0,0,0,0,1,1,6,1,6,-1,-1,-1,5,1
"44778","201401ZD30697",1,19,0,18,0,1,0,0,0,0,1,1,6,3,-1,1998,2,12,-1,-1
"44779","201401ZD30698",1,9,0,18,0,1,0,0,0,0,1,1,6,1,9,1598,1,6,4,1
"44780","201401ZD30699",1,9,0,18,0,8,0,0,0,0,4,1,6,1,7,1364,1,5,3,1
"44781","201401ZD30699",2,9,0,9,0,8,0,0,0,0,1,1,6,2,4,1248,1,4,9,1
"44782","201401ZD30700",1,9,0,4,0,1,0,0,0,0,2,1,6,1,8,1598,1,12,3,1
"44783","201401ZD30700",2,9,0,4,0,1,0,0,0,0,1,1,6,2,4,1388,1,9,9,1
"44784","201401ZD30701",1,9,0,1,0,0,0,0,0,0,2,1,6,2,-1,-1,-1,-1,-1,-1
"44785","201401ZD30702",1,9,0,9,0,8,0,0,0,0,3,1,6,2,7,1998,1,16,7,1
"44786","201401ZD30702",2,3,0,18,0,8,0,0,0,0,1,1,6,2,6,-1,-1,-1,2,1
"44787","201401ZD30703",1,4,0,13,0,8,0,0,0,0,4,1,6,1,8,1215,1,2,8,1
"44788","201401ZD30703",2,19,0,9,0,8,0,0,0,0,3,1,6,1,9,1998,2,10,1,1