"","Acc_Index","Vehicle_Reference","Vehicle_Type","Towing_and_Articulation","Vehicle_Manoeuvre","Vehicle_Location.Restricted_Lane","Junction_Location","Skidding_and_Overturning","Hit_Object_in_Carriageway","Vehicle_Leaving_Carriageway","Hit_Object_off_Carriageway","X1st_Point_of_Impact","Was_Vehicle_Left_Hand_Drive","Journey_Purpose_of_Driver","Sex_of_Driver","Age_Band_of_Driver","Engine_Capacity_.CC.","Propulsion_Code","Age_of_Vehicle","Driver_IMD_Decile","Driver_Home_Area_Type"
"44789","201401ZD30706",1,20,0,18,0,2,0,0,0,0,1,1,1,1,7,2143,2,3,4,1
"44790","201401ZD30706",2,20,0,3,0,1,0,0,0,0,1,1,1,1,7,-1,-1,-1,3,1
"44791","201401ZD30706",3,9,0,3,0,1,0,0,0,0,1,1,6,1,6,1796,1,8,-1,-1
"44792","201401ZD30706",4,9,0,3,0,1,0,0,0,0,1,1,6,1,9,-1,-1,-1,-1,-1
"44793","201401ZD30707",1,9,0,6,0,0,0,0,0,0,3,1,6,2,8,1206,1,2,4,1
"44794","201401ZD30707",2,5,0,13,0,0,0,0,0,0,1,1,6,1,8,2294,1,10,9,1
"44795","201401ZD30708",1,9,0,1,0,0,0,0,0,0,3,1,6,2,9,1597,1,14,3,1
"44796","201401ZD30709",1,9,0,4,0,0,0,0,0,0,2,1,6,2,6,-1,-1,-1,7,1
"44797","201401ZD30709",2,5,0,4,0,0,0,0,0,0,1,1,6,1,6,599,1,13,8,1
"44798","201401ZD30710",1,11,0,4,0,2,0,0,0,0,0,1,1,1,7,6700,2,4,5,1
"44799","201401ZD30711",1,21,0,4,0,1,0,0,0,0,1,1,6,1,7,-1,-1,-1,4,1
"44800","201401ZD30711",2,9,0,4,0,1,0,0,0,0,2,1,6,1,7,1895,1,14,-1,1
"44801","201401ZD30712",1,9,0,4,0,0,0,0,0,0,2,1,6,1,5,1368,1,3,9,1
"44802","201401ZD30712",2,21,0,4,0,0,0,0,0,0,1,1,1,1,-1,-1,-1,-1,-1,-1
"44803","201401ZD30713",1,9,0,18,0,0,0,0,0,0,1,1,6,1,7,1599,1,13,5,1
"44804","201401ZD30713",2,9,0,18,0,0,0,0,0,0,1,1,6,1,8,1343,1,11,4,1
"44805","201401ZD30714",1,9,0,18,0,1,0,0,0,0,1,1,6,1,8,3999,1,1,5,1
"44806","201401ZD30714",2,9,0,3,0,1,0,0,0,0,2,1,6,1,9,-1,-1,-1,7,3
"44807","201401ZD30714",3,9,0,3,0,1,0,0,0,0,2,1,6,1,-1,1781,1,13,-1,-1
"44808","201401ZD30716",1,9,0,18,0,8,0,0,0,0,3,1,6,1,7,1997,2,10,-1,-1
"44809","201401ZD30716",2,9,0,7,0,8,0,0,0,0,4,1,6,3,-1,1796,1,11,-1,-1
"44810","201401ZD30718",1,9,0,9,0,2,0,0,0,0,4,1,6,2,7,1242,1,4,5,1
"44811","201401ZD30718",2,9,0,2,0,2,0,0,0,0,4,1,6,3,-1,1600,1,14,-1,-1
"44812","201401ZD30719",1,9,0,7,0,2,0,0,0,0,1,1,6,2,-1,1896,2,7,-1,-1
"44813","201401ZD30721",1,9,0,18,0,0,0,0,0,0,1,1,6,1,7,1248,1,3,2,1
"44814","201401ZD30721",2,9,0,18,0,0,0,0,0,0,1,1,6,2,8,1360,1,14,6,3
"44815","201401ZD30722",1,9,0,9,0,8,0,0,0,0,1,1,6,1,6,1391,1,13,-1,-1
"44816","201401ZD30722",2,9,0,18,0,8,0,0,0,0,1,1,6,2,5,1149,1,7,-1,-1
"44817","201401ZD30723",1,9,0,18,0,8,0,0,0,0,1,1,6,2,6,1299,1,12,4,1
"44818","201401ZD30723",2,9,0,18,0,8,0,0,0,0,3,1,6,2,6,1596,1,6,6,1
"44819","201401ZD30724",1,9,0,18,0,0,0,0,0,0,4,1,6,1,7,1968,2,2,2,1
"44820","201401ZD30727",1,9,0,9,0,8,0,0,0,0,1,1,6,1,4,1229,1,8,4,1
"44821","201401ZD30727",2,1,0,18,0,8,0,0,0,0,4,1,6,1,3,-1,-1,-1,5,1
"44822","201401ZD30729",1,11,0,4,0,2,0,0,0,0,0,1,1,1,7,9200,2,10,6,1
"44823","201401ZD30730",1,9,0,18,0,2,0,0,0,0,1,1,6,1,8,-1,-1,-1,-1,-1
"44824","201401ZD30731",1,9,0,9,0,8,0,0,0,0,2,1,6,1,8,-1,-1,-1,-1,1
"44825","201401ZD30731",2,1,0,18,0,8,0,0,0,0,1,1,6,1,7,-1,-1,-1,2,1
"44826","201401ZD30732",1,9,0,16,0,2,0,10,1,10,1,1,6,2,9,1598,1,11,3,1
"44827","201401ZD30734",1,9,0,9,0,8,0,0,0,0,1,1,6,1,5,1798,1,2,-1,-1
"44828","201401ZD30734",2,9,0,18,0,8,0,0,0,0,4,1,6,2,9,-1,-1,-1,-1,-1
"44829","201401ZD30735",1,9,0,9,0,8,0,0,0,0,4,1,6,1,6,1796,1,10,5,1
"44830","201401ZD30735",2,9,0,18,0,8,0,0,0,0,1,1,6,1,6,-1,-1,-1,3,1
"44831","201401ZD30736",1,9,0,18,0,0,0,0,0,0,1,1,6,1,7,1686,2,10,5,1
"44832","201401ZD30736",2,9,0,18,0,0,0,0,0,0,1,1,6,1,11,1598,1,13,2,1
"44833","201401ZD30737",1,3,0,18,0,0,0,0,0,0,3,1,6,1,8,-1,-1,-1,3,1
"44834","201401ZD30738",1,1,0,17,0,8,0,0,0,0,4,1,6,1,7,-1,-1,-1,2,1
"44835","201401ZD30738",2,11,1,18,0,8,1,0,0,0,1,1,1,1,9,6692,2,5,2,1
"44836","201401ZD30739",1,9,0,7,0,8,0,0,0,0,1,1,6,2,-1,1598,1,1,-1,-1
"44837","201401ZD30741",1,19,0,18,0,0,0,0,0,0,1,1,6,1,9,-1,-1,-1,6,1
"44838","201401ZD30744",1,9,0,18,0,0,0,0,0,0,1,1,6,2,9,1598,2,2,7,1
"44839","201401ZD30744",2,9,0,2,0,0,0,0,0,0,2,1,6,3,-1,-1,-1,-1,-1,-1
"44840","201401ZD30745",1,5,0,4,0,2,0,0,0,0,2,1,6,2,5,-1,-1,-1,10,1
"44841","201401ZD30745",2,9,0,4,0,2,0,0,0,0,1,1,6,1,8,2143,2,2,8,1
"44842","201401ZD30746",1,9,0,18,1,8,0,0,0,0,1,1,6,1,6,1390,1,10,3,1
"44843","201401ZD30746",2,9,0,7,1,8,0,0,0,0,3,1,6,1,8,1896,2,7,7,1
"44844","201401ZD30748",1,9,0,18,0,8,0,0,0,0,4,1,6,1,7,1124,1,10,7,1
"44845","201401ZD30748",2,19,0,9,0,8,0,0,0,0,1,1,6,1,7,-1,-1,-1,9,1
"44846","201401ZD30749",1,9,0,18,0,8,0,0,0,0,4,1,6,1,5,1968,2,6,-1,-1
"44847","201401ZD30749",2,9,0,7,0,8,0,0,0,0,3,1,6,2,6,1796,1,6,7,1
"44848","201401ZD30750",1,3,0,18,0,8,0,0,0,0,4,1,6,1,5,125,1,5,5,1
"44849","201401ZD30750",2,9,0,9,0,8,0,0,0,0,1,1,6,2,8,1587,1,9,2,1
"44850","201401ZD30752",1,3,0,18,0,8,0,0,0,0,1,1,6,1,6,-1,-1,-1,3,1
"44851","201401ZD30752",2,9,0,9,0,8,0,0,0,0,3,1,6,2,-1,-1,-1,-1,-1,-1
"44852","201401ZD30753",1,11,0,4,0,0,0,0,0,0,0,1,6,1,-1,4250,2,5,-1,-1
"44853","201401ZD30754",1,4,0,13,0,8,0,0,0,0,0,1,6,1,6,124,1,2,5,3
"44854","201401ZD30754",2,9,0,9,0,8,0,0,0,0,0,1,6,1,6,1796,1,6,2,1
"44855","201401ZD30755",1,5,0,18,0,2,0,0,0,0,4,1,6,1,6,-1,-1,-1,2,1
"44856","201401ZD30755",2,9,0,18,0,2,0,0,0,0,3,1,6,1,11,1997,1,15,10,1
"44857","201401ZD30756",1,9,0,18,0,0,0,0,0,0,1,1,6,2,4,1229,1,5,9,1
"44858","201401ZD30757",1,9,0,9,0,8,0,0,0,0,4,1,6,1,7,1597,1,19,3,1
"44859","201401ZD30757",2,1,0,15,0,8,0,0,0,0,1,1,6,1,8,-1,-1,-1,4,1
"44860","201401ZD30758",1,19,0,7,0,8,0,0,0,0,4,1,6,1,6,2143,2,4,9,1
"44861","201401ZD30758",2,3,0,18,0,8,0,0,0,0,3,1,6,1,7,125,1,2,2,1
"44862","201401ZD30759",1,5,0,18,0,8,0,0,0,0,4,1,6,1,6,-1,-1,-1,2,1
"44863","201401ZD30759",2,2,0,18,0,8,0,0,0,0,1,1,6,1,-1,-1,-1,-1,-1,-1
"44864","201401ZD30760",1,9,0,9,0,8,0,0,0,0,1,1,6,1,7,1910,2,6,4,1
"44865","201401ZD30760",2,5,0,18,0,8,0,0,0,0,1,1,6,1,7,599,1,1,3,1
"44866","201401ZD30761",1,9,0,18,0,1,0,0,0,0,3,1,6,2,5,-1,-1,-1,-1,-1
"44867","201401ZD30761",2,9,0,18,0,1,0,0,0,0,4,1,6,2,6,-1,-1,-1,-1,-1
"44868","201401ZD30762",1,11,0,5,0,1,0,0,0,0,3,1,1,1,9,4500,2,2,-1,-1
"44869","201401ZD30762",2,9,0,13,0,1,0,0,0,0,4,1,6,1,10,1199,1,15,-1,1
"44870","201401ZD30763",1,9,0,9,0,8,0,0,0,0,3,1,6,1,8,2987,2,4,6,1
"44871","201401ZD30763",2,3,0,13,0,8,0,0,0,0,1,1,6,1,7,125,1,1,9,1
"44872","201401ZD30764",1,9,0,18,0,0,0,0,0,0,1,1,6,1,8,-1,-1,-1,4,1
"44873","201401ZD30764",2,1,0,18,0,0,0,0,0,0,1,1,6,1,3,-1,-1,-1,3,1
"44874","201401ZD30765",1,9,0,1,0,0,0,0,0,0,2,1,6,1,7,-1,-1,-1,-1,1
"44875","201401ZD30765",2,9,0,18,0,0,0,0,0,0,1,1,6,1,5,1360,1,12,5,1
"44876","201401ZD30767",1,9,0,3,0,1,0,0,0,0,2,1,6,2,6,1753,2,6,9,1
"44877","201401ZD30767",2,9,0,3,0,1,0,0,0,0,2,1,6,1,-1,1596,1,15,-1,-1
"44878","201401ZD30767",3,9,0,18,0,1,0,0,0,0,1,1,6,1,-1,1956,2,-1,-1,-1
"44879","201401ZD30768",1,9,0,4,0,1,0,0,0,0,1,1,6,1,8,2188,2,12,-1,-1
"44880","201401ZD30768",2,9,0,4,0,1,0,0,0,0,3,1,6,1,-1,1997,2,8,3,1
"44881","201401ZD30769",1,9,0,3,0,0,0,0,0,0,2,1,6,1,5,1339,1,4,-1,-1
"44882","201401ZD30769",2,9,0,18,0,0,0,0,0,0,1,1,6,1,9,1998,1,12,-1,-1
"44883","201401ZD30771",1,9,0,18,0,8,0,10,1,4,4,1,6,1,7,1970,1,17,5,1
"44884","201401ZD30771",2,9,0,9,0,8,0,0,0,0,1,1,6,2,-1,-1,-1,-1,-1,-1
"44887","201401ZD30773",1,9,0,18,0,1,0,0,0,0,2,1,6,2,5,-1,-1,-1,1,1
"44888","201401ZD30773",2,9,0,18,0,1,0,0,0,0,1,1,6,1,4,1229,1,-1,5,1
"44889","201401ZD30775",1,9,0,18,0,1,0,0,0,0,1,1,6,2,6,1229,1,1,3,1
"44890","201401ZD30776",1,9,0,13,0,8,0,10,7,10,4,1,6,2,5,1598,1,7,-1,-1
"44891","201401ZD30776",2,9,0,9,0,8,0,0,0,0,3,1,6,1,10,1149,1,12,6,1
"44892","201401ZD30777",1,9,0,18,0,2,0,0,0,0,4,1,6,2,5,1796,1,20,8,1
"44893","201401ZD30777",2,19,0,5,0,1,0,0,0,0,1,1,6,1,9,1598,7,12,6,1
"44894","201401ZD30777",3,9,0,2,0,1,0,0,0,0,3,1,6,2,7,1360,1,10,4,1
"44895","201401ZD30778",1,9,0,18,0,0,0,0,0,0,0,1,6,2,7,1997,1,5,4,1
"44896","201401ZD30778",2,9,0,18,0,0,0,0,0,0,0,1,6,1,-1,1596,1,10,-1,-1
"44897","201401ZD30779",1,9,0,18,0,8,0,0,0,0,1,1,6,2,5,1200,1,-1,7,3
"44898","201401ZD30779",2,9,0,9,0,8,0,0,0,0,3,1,6,1,6,2148,2,5,7,1
"44899","201401ZD30780",1,2,0,18,0,0,0,0,0,0,1,1,6,1,4,49,1,8,3,1
"44900","201401ZD30780",2,9,0,18,0,0,0,0,0,0,1,1,6,1,-1,-1,-1,-1,-1,-1
"44901","201401ZD30781",1,11,0,5,0,2,0,0,0,0,0,1,1,1,8,6700,2,4,-1,-1
"44902","201401ZD30782",1,9,0,9,0,8,0,0,0,0,2,1,6,1,8,2494,1,15,9,1
"44903","201401ZD30782",2,1,0,18,0,8,0,0,0,0,1,1,6,1,8,-1,-1,-1,-1,-1
"44904","201401ZD30783",1,19,0,18,0,8,0,0,0,0,4,1,6,1,6,2143,2,4,4,1
"44905","201401ZD30783",2,9,0,18,0,8,0,0,0,0,1,1,6,1,9,-1,-1,-1,5,1
"44906","201401ZD30784",1,9,0,18,0,8,0,0,0,0,1,1,6,1,6,-1,-1,-1,3,1
"44907","201401ZD30784",2,9,0,1,0,8,0,0,0,0,4,1,6,1,8,-1,-1,-1,3,1
"44908","201401ZD30787",1,9,0,14,0,0,0,0,0,0,1,1,6,1,6,-1,-1,-1,6,1
"44909","201401ZD30787",2,9,0,14,0,0,0,0,0,0,1,1,6,1,7,-1,-1,-1,8,1
"44910","201401ZD30788",1,9,0,18,0,1,0,0,0,0,1,1,6,1,6,1956,2,1,5,1
"44911","201401ZD30789",1,9,0,18,0,8,0,0,0,0,1,1,6,2,6,659,1,11,4,1
"44912","201401ZD30789",2,9,0,9,0,8,0,0,0,0,4,1,6,1,5,1388,1,9,2,1
"44913","201401ZD30790",1,9,0,9,0,8,0,0,0,0,4,1,6,2,4,999,1,10,7,1
"44914","201401ZD30790",2,11,0,18,0,8,0,0,0,0,4,1,6,1,8,9200,2,9,9,1
"44915","201401ZD30792",1,11,0,5,0,2,0,0,0,0,0,1,1,2,8,6700,2,4,4,1
"44916","201401ZD30793",1,11,0,2,0,1,0,0,0,0,0,1,1,1,-1,6700,2,4,-1,-1
"44917","201401ZD30794",1,9,0,7,0,0,0,0,0,0,3,1,6,2,6,-1,-1,-1,6,1
"44918","201401ZD30794",2,9,0,18,0,0,0,0,0,0,1,1,6,1,9,2198,2,5,9,1
"44919","201401ZD30795",1,9,0,3,0,1,0,0,0,0,2,1,6,2,8,1332,1,6,4,1
"44920","201401ZD30795",2,3,0,4,0,1,0,0,0,0,1,1,1,1,6,-1,-1,-1,2,1
"44921","201401ZD30796",1,9,0,2,0,2,0,0,0,0,2,1,6,2,7,1997,2,-1,2,1
"44922","201401ZD30796",2,1,0,18,0,2,0,4,0,0,1,1,6,1,8,-1,-1,-1,6,1
"44923","201401ZD30797",1,9,0,9,0,8,0,0,0,0,1,1,6,2,7,1999,1,7,4,1
"44924","201401ZD30797",2,1,0,18,0,8,0,0,0,0,1,1,6,1,8,-1,-1,-1,9,1
"44925","201401ZD30798",1,9,0,18,0,1,0,0,0,0,1,1,6,1,-1,1598,1,8,-1,-1
"44926","201401ZD30800",1,9,0,2,0,1,0,0,0,0,2,1,6,2,8,1596,1,10,-1,-1
"44927","201401ZD30800",2,19,0,4,0,1,0,4,0,0,1,1,6,3,-1,2300,2,9,-1,-1
"44928","201401ZD30801",1,9,0,1,0,2,0,0,0,0,2,1,6,1,-1,1596,1,10,2,1
"44929","201401ZD30802",1,5,0,4,0,1,0,0,0,0,0,1,6,2,8,645,1,1,6,1
"44930","201401ZD30803",1,19,0,10,0,8,0,0,0,0,1,1,6,1,7,1896,2,12,5,1
"44931","201401ZD30803",2,9,0,9,0,8,0,0,0,0,1,1,6,1,-1,-1,-1,-1,-1,-1
"44932","201401ZD30804",1,1,0,18,0,0,0,0,0,0,1,1,6,1,7,-1,-1,-1,9,1
"44933","201401ZD30804",2,8,0,2,0,0,0,0,0,0,3,1,6,1,-1,2446,2,12,-1,-1
"44934","201401ZD30805",1,9,0,18,0,8,0,0,0,0,2,1,1,1,-1,-1,-1,-1,5,1
"44935","201401ZD30805",2,9,0,18,0,8,0,0,0,0,1,1,1,1,8,-1,-1,-1,5,1
"44936","201401ZD30806",1,9,0,18,0,1,0,4,0,0,1,1,6,2,8,1997,1,-1,7,1
"44937","201401ZD30806",2,9,0,2,0,1,0,0,0,0,2,1,6,3,-1,-1,-1,-1,-1,-1
"44938","201401ZD30807",1,9,0,18,0,1,0,0,0,0,1,1,6,2,6,1796,1,15,9,1
"44939","201401ZD30808",1,19,0,3,0,1,0,0,0,0,2,1,6,1,5,-1,-1,-1,5,1
"44940","201401ZD30808",2,19,0,4,0,1,0,0,0,0,1,1,6,1,-1,-1,-1,-1,-1,-1
"44941","201401ZD30810",1,9,0,18,0,2,0,0,0,0,1,1,6,2,-1,-1,-1,-1,-1,-1
"44942","201401ZD30812",1,5,0,18,0,1,0,0,0,0,3,1,6,1,6,599,1,14,7,1
"44943","201401ZD30812",2,9,0,11,0,1,0,0,0,0,4,1,6,1,-1,1390,1,15,3,1
"44944","201401ZD30813",1,9,0,18,0,8,0,0,0,0,1,1,6,3,-1,-1,-1,-1,-1,-1
"44945","201401ZD30814",1,8,0,5,0,1,0,0,0,0,3,1,1,1,7,1997,2,1,3,1
"44946","201401ZD30814",2,3,0,18,0,1,0,0,0,0,1,1,6,1,6,124,1,2,2,1
"44947","201401ZD30815",1,9,0,18,0,1,0,0,0,0,1,1,1,1,8,1896,2,4,3,1
"44948","201401ZD30815",2,9,0,6,0,2,0,0,0,0,3,1,6,3,-1,-1,-1,-1,-1,-1
"44949","201401ZD30816",1,9,0,9,0,8,0,0,0,0,4,1,6,1,6,-1,-1,-1,3,1
"44950","201401ZD30816",2,9,0,18,0,8,0,0,0,0,1,1,6,1,7,-1,-1,-1,5,1
"44951","201401ZD30817",1,9,0,18,0,8,0,0,0,0,3,1,6,1,6,1796,1,10,6,1
"44952","201401ZD30817",2,9,0,11,0,8,0,0,0,0,4,1,6,2,-1,1596,1,3,4,1
"44953","201401ZD30818",1,9,0,18,0,0,0,4,0,0,1,1,6,1,6,2993,2,10,5,1
"44954","201401ZD30818",2,9,0,2,0,0,0,0,0,0,3,1,6,3,-1,-1,-1,-1,-1,-1
"44955","201401ZD30818",3,9,0,2,0,0,0,0,0,0,3,1,6,3,-1,-1,-1,-1,-1,-1
"44956","201401ZD30818",4,9,0,2,0,0,0,0,0,0,3,1,6,3,-1,-1,-1,-1,-1,-1
"44957","201401ZD30818",5,9,0,2,0,0,0,0,0,0,3,1,6,3,-1,-1,-1,-1,-1,-1
"44958","201401ZD30819",1,9,0,18,0,8,0,0,0,0,3,1,6,1,5,1796,1,4,8,1
"44959","201401ZD30819",2,2,0,18,0,8,0,0,0,0,1,1,6,1,4,49,1,7,8,1
"44960","201401ZD30820",1,11,0,14,0,1,0,4,0,0,1,1,1,1,6,6700,2,4,1,1
"44961","201401ZD30820",2,11,0,2,0,1,0,0,0,0,2,1,1,2,6,-1,-1,-1,1,1
"44962","201401ZD30821",1,9,0,18,0,2,0,0,0,0,1,1,6,1,8,2993,2,-1,5,1
"44963","201401ZD30822",1,20,1,13,0,1,0,0,0,0,1,1,6,3,-1,-1,-1,-1,-1,-1
"44964","201401ZD30822",2,1,0,18,0,1,0,0,0,0,2,1,6,1,6,-1,-1,-1,-1,-1
"44965","201401ZD30823",1,3,0,17,0,8,0,0,0,0,3,1,1,1,6,125,1,10,5,1
"44966","201401ZD30823",2,9,0,7,0,8,0,0,0,0,1,1,6,2,8,1296,1,7,7,1
"44967","201401ZD30824",1,9,0,3,0,8,0,0,0,0,2,1,6,1,7,1968,2,-1,-1,-1
"44968","201401ZD30824",2,9,0,4,0,8,0,0,0,0,1,1,6,1,-1,1587,1,10,7,1
"44969","201401ZD30825",1,3,0,18,0,2,0,10,1,2,1,1,1,1,5,125,1,11,3,1
"44970","201401ZD30826",1,9,0,5,0,1,0,0,0,0,1,1,6,2,8,2776,2,7,6,1
"44971","201401ZD30827",1,9,0,18,0,1,0,0,0,0,1,1,6,3,-1,998,1,14,-1,-1
"44972","201401ZD30829",1,9,0,7,0,8,0,0,0,0,3,1,6,1,9,1796,1,10,7,1
"44973","201401ZD30829",2,19,0,18,0,8,0,0,0,0,1,1,6,2,8,1968,2,2,4,1
"44974","201401ZD30830",1,11,0,4,0,2,0,0,0,0,0,1,1,3,-1,-1,-1,-1,-1,-1
"44975","201401ZD30831",1,9,0,18,0,1,0,4,0,0,1,1,6,2,5,1999,1,8,8,1
"44976","201401ZD30831",2,19,0,2,0,1,0,0,0,0,2,1,6,3,-1,-1,-1,-1,-1,-1
"44977","201401ZD30832",1,9,0,3,0,8,0,0,0,0,2,1,6,1,6,1995,2,8,7,1
"44978","201401ZD30832",2,19,0,4,0,8,0,0,0,0,1,1,1,1,8,2987,2,2,3,1
"44979","201401ZD30836",1,11,0,18,0,1,0,0,0,0,1,1,1,1,7,8268,2,13,5,1
"44980","201401ZD30840",1,9,0,9,0,8,0,0,0,0,4,1,6,2,6,2324,1,11,4,1
"44981","201401ZD30840",2,3,0,18,0,8,0,0,0,0,1,1,6,1,4,125,1,5,4,1
"44982","201401ZD30841",1,9,0,4,0,1,0,0,0,0,1,1,6,2,7,1995,1,4,5,1
"44983","201401ZD30841",2,9,0,4,0,1,0,0,0,0,2,1,6,1,6,1896,2,6,5,1
"44984","201401ZD30842",1,9,0,12,0,1,0,0,0,0,2,1,6,2,10,1398,1,9,-1,-1
"44985","201401ZD30842",2,3,0,18,0,1,0,0,0,0,1,1,6,1,7,124,1,1,-1,-1
"44986","201401ZD30843",1,2,0,18,0,1,0,0,0,0,2,1,6,1,9,885,1,12,-1,-1
"44987","201401ZD30843",2,9,0,18,0,1,0,0,0,0,1,1,6,2,7,-1,-1,-1,-1,-1
"44988","201401ZD30844",1,9,0,9,0,8,0,0,0,0,3,1,6,1,5,1997,1,12,4,1
"44989","201401ZD30844",2,9,0,18,0,8,0,0,0,0,1,1,6,1,5,-1,-1,-1,5,1
"44990","201401ZD30845",1,9,0,18,0,8,0,0,0,0,1,1,6,1,8,1796,1,10,1,1
"44991","201401ZD30846",1,9,0,7,0,8,0,0,0,0,1,1,6,2,8,1299,1,12,2,1
"44992","201401ZD30846",2,9,0,8,0,8,0,0,0,0,2,1,6,2,8,1390,1,10,10,1
"44993","201401ZD30848",1,9,0,9,0,8,0,0,0,0,4,1,6,1,7,1797,1,16,3,1
"44994","201401ZD30848",2,1,0,15,0,8,0,0,0,0,1,1,6,1,5,-1,-1,-1,5,1
"44995","201401ZD30849",1,9,0,18,0,0,0,0,0,0,4,1,6,1,8,2149,2,7,9,1
"44996","201401ZD30851",1,9,0,9,0,8,0,0,0,0,4,1,6,2,8,1997,1,2,8,1
"44997","201401ZD30851",2,3,0,18,0,8,0,0,0,0,1,1,6,1,4,125,1,-1,-1,-1
"44998","201401ZD30853",1,3,0,18,0,2,0,0,0,0,2,1,1,1,5,102,1,7,4,1
"44999","201401ZD30853",2,9,0,13,0,2,0,0,0,0,1,1,6,1,7,2000,2,10,4,1
"45000","201401ZD30854",1,11,0,4,0,1,0,0,0,0,0,1,1,1,7,4500,2,5,2,1
"45001","201401ZD30855",1,21,0,18,0,1,0,0,0,0,1,1,1,1,7,-1,-1,-1,4,1
"45002","201401ZD30855",2,9,0,3,0,1,0,0,0,0,2,1,1,1,6,-1,-1,-1,2,1
"45003","201401ZD30857",1,9,0,13,0,1,0,10,1,5,1,1,6,1,7,1796,1,11,9,1
"45004","201401ZD30857",2,9,0,18,0,1,0,0,0,0,2,1,6,3,-1,2616,1,10,-1,-1
"45005","201401ZD30858",1,4,0,4,0,1,0,0,0,0,1,1,6,1,8,-1,-1,-1,6,1
"45006","201401ZD30858",2,9,0,4,0,1,0,0,0,0,2,1,1,1,8,1997,1,7,-1,-1
"45007","201401ZD30864",1,9,0,4,0,1,0,0,0,0,1,1,6,2,8,1596,1,11,3,1
"45008","201401ZD30864",2,9,0,4,0,1,0,0,0,0,2,1,6,1,-1,1397,1,12,-1,-1
"45009","201401ZD30865",1,9,0,6,0,8,0,0,0,0,2,1,6,1,-1,-1,-1,-1,-1,-1
"45010","201401ZD30867",1,11,0,3,0,1,0,0,0,0,1,1,1,1,6,-1,-1,-1,1,1
"45011","201401ZD30867",2,9,0,1,0,2,0,0,0,0,2,1,6,1,-1,1900,2,14,9,1
"45012","201401ZD30868",1,9,0,18,0,1,0,0,0,0,2,1,6,2,6,2497,2,9,-1,1
"45013","201401ZD30868",2,9,0,18,0,1,0,0,0,0,1,1,1,1,6,2231,2,3,-1,-1
"45014","201401ZD30868",3,9,0,3,0,2,0,0,0,0,3,1,6,1,5,1229,1,9,-1,-1
"45015","201401ZD30868",4,9,0,3,0,2,0,0,0,0,3,1,1,1,7,1388,1,5,3,1
"45016","201401ZD30869",1,9,0,3,0,1,0,0,0,0,2,1,6,1,7,1299,1,12,8,1
"45017","201401ZD30869",2,9,0,4,0,1,0,0,0,0,1,1,6,1,-1,1560,2,2,-1,-1
"45018","201401ZD30870",1,9,0,4,0,1,0,0,0,0,2,1,6,2,8,1198,1,4,5,1
"45019","201401ZD30870",2,19,0,4,0,1,0,0,0,0,1,1,6,3,-1,-1,-1,-1,-1,-1
"45020","201401ZD30871",1,8,0,18,0,8,0,0,0,0,1,1,1,1,8,1390,1,8,3,1
"45021","201401ZD30872",1,9,0,7,0,8,0,0,0,0,4,1,6,2,8,-1,-1,-1,-1,-1
"45022","201401ZD30872",2,1,0,18,0,8,0,0,0,0,1,1,6,1,8,-1,-1,-1,4,1
"45023","201401ZD30873",1,9,0,18,0,1,0,0,0,0,1,1,6,2,6,1598,1,3,-1,-1
"45024","201401ZD30873",2,9,0,18,0,1,0,0,0,0,1,1,6,3,-1,1149,1,-1,-1,-1
"45025","201401ZD30874",1,9,0,3,0,2,0,0,0,0,2,1,6,1,6,1995,1,5,2,1
"45026","201401ZD30874",2,9,0,4,0,2,1,0,0,0,1,1,6,1,4,1199,1,12,6,1
"45027","201401ZD30875",1,9,0,7,0,8,0,0,0,0,3,1,6,1,6,1769,1,10,8,1
"45028","201401ZD30875",2,3,0,18,0,8,0,0,0,0,1,1,6,1,4,124,1,-1,6,2
"45029","201401ZD30876",1,1,0,18,0,1,0,0,0,0,1,1,6,1,6,-1,-1,-1,9,1
"45030","201401ZD30877",1,9,0,18,0,8,0,0,0,0,1,1,6,1,6,1149,1,12,4,1
"45031","201401ZD30877",2,9,0,7,0,8,0,0,0,0,3,1,6,2,5,1198,1,6,9,1
"45032","201401ZD30878",1,9,0,18,0,0,0,0,0,0,1,1,6,2,8,-1,-1,-1,9,1
"45033","201401ZD30878",2,1,0,18,0,0,0,0,0,0,3,1,6,1,-1,-1,-1,-1,-1,-1
"45034","201401ZD30879",1,11,0,2,0,1,0,0,0,0,2,1,1,1,9,9360,2,2,2,1
"45035","201401ZD30879",2,9,0,3,0,1,0,4,0,0,2,1,6,1,9,-1,-1,-1,2,1
"45036","201401ZD30879",3,9,0,4,0,1,0,0,0,0,1,1,6,1,9,1781,1,14,5,1
"45037","201401ZD30880",1,9,0,18,0,1,0,0,0,0,1,1,6,2,8,1596,1,8,-1,-1
"45038","201401ZD30880",2,1,0,18,0,1,0,0,0,0,3,1,6,1,4,-1,-1,-1,4,1
"45039","201401ZD30881",1,11,0,18,0,8,0,0,0,0,1,1,6,1,8,6700,2,6,9,1
"45040","201401ZD30882",1,9,0,9,0,8,0,0,0,0,3,1,6,2,8,1984,1,8,5,1
"45041","201401ZD30882",2,3,0,13,0,8,0,0,0,0,1,1,1,1,8,125,1,5,2,1
"45042","201401ZD30883",1,9,0,9,0,8,0,0,0,0,4,1,6,1,10,1762,1,16,6,1
"45043","201401ZD30883",2,3,0,18,0,8,0,0,0,0,1,1,6,1,6,125,1,2,6,1
"45044","201401ZD30884",1,9,0,4,0,2,0,0,0,0,2,1,6,2,5,1120,1,14,-1,-1
"45045","201401ZD30884",2,9,0,4,0,2,0,0,0,0,1,1,6,1,-1,-1,-1,-1,-1,-1
"45046","201401ZD30886",1,9,0,9,0,8,0,0,0,0,4,1,6,1,7,5439,1,11,4,1
"45047","201401ZD30886",2,9,0,17,0,8,0,0,0,0,1,1,1,1,7,-1,-1,-1,4,1