"","Acc_Index","Vehicle_Reference","Vehicle_Type","Towing_and_Articulation","Vehicle_Manoeuvre","Vehicle_Location.Restricted_Lane","Junction_Location","Skidding_and_Overturning","Hit_Object_in_Carriageway","Vehicle_Leaving_Carriageway","Hit_Object_off_Carriageway","X1st_Point_of_Impact","Was_Vehicle_Left_Hand_Drive","Journey_Purpose_of_Driver","Sex_of_Driver","Age_Band_of_Driver","Engine_Capacity_.CC.","Propulsion_Code","Age_of_Vehicle","Driver_IMD_Decile","Driver_Home_Area_Type"
"45048","201401ZD30887",1,9,0,9,0,8,0,0,0,0,3,1,6,2,7,1796,1,6,3,1
"45049","201401ZD30887",2,5,0,18,0,8,0,0,0,0,1,1,6,1,6,599,1,3,4,1
"45050","201401ZD30889",1,19,0,6,0,2,0,0,0,0,3,1,1,2,5,1598,2,-1,4,1
"45051","201401ZD30889",2,5,0,18,0,1,0,0,0,0,1,1,6,1,4,-1,-1,-1,-1,-1
"45052","201401ZD30890",1,9,0,3,0,2,0,0,0,0,2,1,6,2,7,1199,1,11,2,1
"45053","201401ZD30890",2,9,0,5,0,2,0,0,0,0,1,1,6,2,-1,-1,-1,-1,-1,-1
"45054","201401ZD30892",1,9,0,18,0,1,0,0,0,0,4,1,6,2,5,1598,1,4,4,1
"45055","201401ZD30892",2,9,0,12,0,1,0,0,0,0,3,1,6,1,7,-1,-1,-1,3,1
"45056","201401ZD30893",1,1,0,5,0,1,0,0,0,0,2,1,6,1,3,-1,-1,-1,5,1
"45057","201401ZD30893",2,9,0,18,0,1,0,0,0,0,1,1,6,1,9,1598,1,7,6,1
"45058","201401ZD30894",1,11,0,18,0,2,0,0,0,0,1,1,1,1,8,4500,2,2,-1,1
"45059","201401ZD30895",1,9,0,7,0,8,0,0,0,0,3,1,6,2,6,1596,1,10,4,1
"45060","201401ZD30895",2,9,0,18,0,8,0,0,0,0,1,1,6,2,7,1242,1,1,4,1
"45061","201401ZD30898",1,1,0,18,0,1,0,0,0,0,2,1,6,2,4,-1,-1,-1,-1,-1
"45062","201401ZD30898",2,9,0,13,0,1,0,0,0,0,1,1,6,2,-1,-1,-1,-1,-1,-1
"45063","201401ZD30899",1,9,0,7,0,8,0,0,0,0,4,1,6,2,8,1086,1,9,3,1
"45064","201401ZD30899",2,1,0,7,0,8,0,0,0,0,3,1,6,1,7,-1,-1,-1,-1,-1
"45065","201401ZD30900",1,9,0,18,0,1,2,10,1,9,3,1,1,1,8,-1,-1,-1,7,1
"45066","201401ZD30901",1,9,0,9,0,8,0,0,0,0,4,1,6,2,6,998,1,16,2,1
"45067","201401ZD30901",2,1,0,18,0,8,0,0,0,0,1,1,6,1,-1,-1,-1,-1,-1,-1
"45068","201401ZD30904",1,9,0,1,0,2,0,0,0,0,2,1,6,3,-1,1246,1,9,-1,-1
"45069","201401ZD30906",1,3,0,18,0,1,0,0,0,0,0,1,6,1,7,125,1,3,9,1
"45070","201401ZD30906",2,9,0,12,0,1,0,0,0,0,0,1,6,1,-1,1997,2,11,4,1
"45071","201401ZD30907",1,11,0,5,0,1,0,0,0,0,0,1,1,2,8,6700,2,4,4,1
"45072","201401ZD30908",1,9,0,18,0,0,5,10,0,0,1,1,6,1,4,1493,1,15,4,1
"45073","201401ZD30909",1,9,0,6,0,2,0,0,0,0,3,1,6,1,9,2967,2,3,8,1
"45074","201401ZD30909",2,9,0,18,0,1,0,0,0,0,1,1,1,1,6,-1,-1,-1,3,1
"45075","201401ZD30910",1,9,0,7,0,8,0,0,0,0,3,1,6,1,11,1598,1,9,8,1
"45076","201401ZD30910",2,1,0,18,0,8,0,0,0,0,1,1,6,2,3,-1,-1,-1,8,1
"45077","201401ZD30912",1,1,0,14,0,1,0,8,0,0,1,1,6,1,7,-1,-1,-1,3,1
"45078","201401ZD30912",2,9,0,2,0,1,0,0,0,0,3,1,6,1,8,998,1,13,8,1
"45079","201401ZD30913",1,9,0,18,0,8,0,0,0,0,1,1,6,1,5,-1,-1,-1,3,1
"45080","201401ZD30914",1,19,0,17,0,8,0,0,0,0,1,1,1,1,7,1248,2,-1,6,1
"45081","201401ZD30914",2,9,0,18,0,8,0,0,0,0,3,1,6,1,7,1348,1,13,3,1
"45082","201401ZD30915",1,9,0,4,0,1,0,0,0,0,1,1,6,2,5,1299,1,8,4,1
"45083","201401ZD30915",2,19,0,4,0,1,0,0,0,0,2,1,1,1,8,1248,2,-1,8,1
"45084","201401ZD30916",1,9,0,3,0,1,0,0,0,0,2,1,6,1,6,1198,1,4,6,1
"45085","201401ZD30916",2,9,0,4,0,1,0,0,0,0,1,1,6,3,-1,1998,2,12,-1,-1
"45086","201401ZD30917",1,3,0,18,0,8,0,0,0,0,1,1,6,1,6,125,1,-1,4,1
"45087","201401ZD30917",2,9,0,7,0,8,0,0,0,0,3,1,6,3,-1,-1,-1,-1,-1,-1
"45088","201401ZD30920",1,11,0,18,0,2,0,0,0,0,1,1,1,2,8,6692,2,4,3,1
"45089","201401ZD30923",1,9,0,18,0,2,0,0,0,0,1,1,6,1,9,1086,1,9,8,1
"45090","201401ZD30924",1,11,0,18,0,1,0,0,0,0,0,1,1,3,-1,-1,-1,-1,-1,-1
"45091","201401ZD30925",1,9,0,3,0,1,0,0,0,0,2,1,6,1,6,1598,2,3,3,1
"45092","201401ZD30925",2,9,0,3,0,1,0,0,0,0,2,1,6,1,6,1275,1,17,-1,-1
"45093","201401ZD30925",3,9,0,4,0,1,0,0,0,0,1,1,6,1,5,1597,1,15,-1,-1
"45094","201401ZD30926",1,9,0,1,0,2,0,0,0,0,2,1,6,2,-1,599,1,14,-1,-1
"45095","201401ZD30927",1,9,0,18,0,1,0,0,0,0,3,1,6,2,-1,1984,1,9,10,1
"45096","201401ZD30927",2,1,0,18,0,1,0,0,0,0,1,1,6,1,10,-1,-1,-1,-1,-1
"45097","201401ZD30928",1,9,0,18,0,1,0,0,0,0,1,1,6,3,-1,-1,-1,-1,-1,-1
"45098","201401ZD30930",1,9,0,9,0,8,0,0,0,0,4,1,6,1,6,1994,2,11,5,1
"45099","201401ZD30930",2,1,0,18,0,8,0,0,0,0,1,1,6,1,8,-1,-1,-1,3,1
"45100","201401ZD30934",1,9,0,18,0,2,0,7,0,0,1,1,6,1,7,-1,-1,-1,5,1
"45101","201401ZD30935",1,10,0,18,0,1,0,0,0,0,1,1,6,1,8,2298,2,2,4,1
"45102","201401ZD30938",1,9,0,18,0,1,0,0,0,0,1,1,6,1,-1,1390,1,8,7,1
"45103","201401ZD30940",1,9,0,18,0,1,0,0,0,0,1,1,6,1,8,1390,1,8,8,1
"45104","201401ZD30941",1,8,0,18,0,1,0,7,0,0,1,1,6,1,8,1997,2,6,2,1
"45105","201401ZD30941",2,9,0,7,0,1,0,0,0,0,0,1,6,3,-1,-1,-1,-1,-1,-1
"45106","201401ZD30942",1,9,0,4,0,1,0,0,0,0,2,1,6,1,6,1984,1,7,1,1
"45107","201401ZD30942",2,9,0,4,0,1,0,0,0,0,1,1,6,1,6,-1,-1,-1,-1,-1
"45108","201401ZD30945",1,9,0,18,0,8,0,0,0,0,1,1,6,2,6,1360,1,7,4,1
"45109","201401ZD30945",2,9,0,9,0,8,0,0,0,0,4,1,6,1,8,1796,1,9,6,1
"45110","201401ZD30947",1,9,0,7,0,8,0,0,0,0,3,1,6,2,5,1956,2,-1,2,1
"45111","201401ZD30947",2,9,0,17,0,8,0,0,0,0,1,1,6,1,-1,1956,2,5,-1,-1
"45112","201401ZD30948",1,9,0,18,0,1,0,0,0,0,1,1,6,3,-1,1896,2,13,-1,-1
"45113","201401ZD30949",1,9,0,18,0,8,0,0,0,0,1,1,6,2,9,1598,1,7,2,1
"45114","201401ZD30949",2,9,0,9,0,8,0,0,0,0,4,1,6,1,10,2179,2,11,6,1
"45115","201401ZD30950",1,19,0,18,0,1,0,0,0,0,1,1,6,1,8,-1,-1,-1,5,1
"45116","201401ZD30952",1,9,0,18,9,1,0,0,0,0,1,1,6,3,-1,-1,-1,-1,-1,-1
"45117","201401ZD30954",1,9,0,18,0,8,0,0,0,0,3,1,6,2,7,1299,1,13,-1,-1
"45118","201401ZD30954",2,9,0,18,0,8,0,0,0,0,1,1,6,1,6,-1,-1,-1,7,1
"45119","201401ZD30955",1,9,0,2,0,1,0,8,0,0,3,1,6,2,9,1461,2,-1,1,1
"45120","201401ZD30955",2,3,0,14,0,1,0,0,0,0,1,1,6,1,5,97,1,3,2,1
"45121","201401ZD30956",1,19,0,18,0,8,0,0,0,0,1,1,1,1,8,2402,2,7,-1,-1
"45122","201401ZD30956",2,3,0,14,0,8,0,0,0,0,1,1,6,1,6,124,1,4,2,1
"45123","201401ZD30957",1,9,0,18,0,1,0,0,0,0,1,1,6,2,8,1389,1,11,3,1
"45124","201401ZD30957",2,9,0,18,0,2,0,0,0,0,1,1,6,1,5,1595,1,-1,10,1
"45125","201401ZD30958",1,9,0,18,0,1,0,0,0,0,1,1,6,1,9,1587,1,12,8,1
"45126","201401ZD30959",1,9,0,2,0,1,0,0,0,0,1,1,6,2,8,1229,1,7,4,1
"45127","201401ZD30959",2,9,0,2,0,1,0,0,0,0,1,1,6,1,7,998,1,6,4,1
"45128","201401ZD30959",3,9,0,1,0,2,0,4,0,0,2,1,6,1,9,1973,1,15,8,1
"45129","201401ZD30960",1,9,0,18,0,2,0,0,0,0,1,1,6,2,7,-1,-1,-1,2,1
"45130","201401ZD30961",1,9,0,18,0,0,0,10,1,2,1,1,6,2,6,1598,1,13,4,1
"45131","201401ZD30962",1,21,0,18,0,8,0,0,0,0,1,1,1,1,9,6370,2,4,-1,-1
"45132","201401ZD30962",2,9,0,18,0,8,0,0,0,0,2,1,6,1,9,1994,1,16,9,1
"45133","201401ZD30963",1,11,0,4,0,2,0,0,0,0,0,1,6,1,9,-1,2,11,1,1
"45134","201401ZD30964",1,8,0,9,0,8,0,0,0,0,1,1,6,1,-1,1976,1,4,-1,-1
"45135","201401ZD30964",2,9,0,18,0,8,0,0,0,0,1,1,6,3,-1,-1,-1,-1,-1,-1
"45136","201401ZD30965",1,1,0,18,0,8,0,0,0,0,1,1,6,1,8,-1,-1,-1,-1,-1
"45137","201401ZD30965",2,9,0,9,0,8,0,0,0,0,4,1,6,2,-1,1398,1,9,-1,-1
"45138","201401ZD30966",1,9,0,18,0,8,0,0,0,0,1,1,6,2,8,1360,1,13,5,1
"45139","201401ZD30966",2,9,0,18,0,8,0,0,0,0,3,1,6,2,6,1198,1,11,4,1
"45140","201401ZD30967",1,9,0,9,0,8,0,0,0,0,4,1,6,2,6,2143,2,5,-1,-1
"45141","201401ZD30967",2,9,0,18,0,8,0,0,0,0,1,1,6,1,7,1735,1,16,2,1
"45142","201401ZD30968",1,3,0,18,0,8,0,0,0,0,4,1,6,1,7,-1,-1,-1,-1,-1
"45143","201401ZD30968",2,9,0,9,0,8,0,0,0,0,1,1,6,2,8,1995,2,3,4,1
"45144","201401ZD30969",1,1,0,18,0,8,0,0,0,0,1,1,6,1,4,-1,-1,-1,4,1
"45145","201401ZD30969",2,9,0,7,0,8,0,0,0,0,1,1,6,3,-1,-1,-1,-1,-1,-1
"45146","201401ZD30970",1,9,0,16,0,2,0,0,0,0,1,1,6,2,7,1497,8,6,2,1
"45147","201401ZD30971",1,19,0,9,0,8,0,0,0,0,4,1,1,2,5,1598,2,-1,5,1
"45148","201401ZD30971",2,1,0,18,0,8,0,0,0,0,1,1,2,1,-1,-1,-1,-1,-1,-1
"45149","201401ZD30972",1,9,0,3,0,1,0,0,0,0,2,1,6,1,8,1781,1,28,7,1
"45150","201401ZD30972",2,9,0,3,0,1,0,0,0,0,1,1,6,2,9,1598,1,3,4,1
"45151","201401ZD30972",3,9,0,18,0,1,0,0,0,0,1,1,6,1,5,-1,-1,-1,5,1
"45152","201401ZD30973",1,9,0,18,0,1,0,0,0,0,3,1,6,1,6,1242,1,6,4,1
"45153","201401ZD30973",2,9,0,11,0,1,0,0,0,0,4,1,6,1,7,1796,1,14,3,1
"45154","201401ZD30974",1,9,0,18,0,8,0,0,0,0,1,1,6,3,-1,-1,-1,-1,-1,-1
"45155","201401ZD30975",1,9,0,18,0,0,0,0,0,0,1,1,6,2,7,1598,1,-1,7,1
"45156","201401ZD30975",2,9,0,2,0,0,0,0,0,0,2,1,6,3,-1,2000,2,4,-1,-1
"45157","201401ZD30976",1,9,0,18,0,8,0,0,0,0,3,1,6,1,6,1975,1,7,3,1
"45158","201401ZD30976",2,1,0,7,0,8,0,0,0,0,1,1,6,1,6,-1,-1,-1,-1,-1
"45159","201401ZD30977",1,9,0,18,0,1,0,0,0,0,1,1,6,2,11,1339,1,12,8,1
"45160","201401ZD30977",2,9,0,2,0,1,0,0,0,0,2,1,6,2,7,-1,-1,-1,6,1
"45161","201401ZD30978",1,9,0,18,0,8,0,0,0,0,1,1,6,2,6,1997,1,10,5,1
"45162","201401ZD30978",2,19,0,18,0,8,0,0,0,0,4,1,1,1,7,-1,-1,-1,-1,-1
"45163","201401ZD30979",1,9,0,18,0,2,0,7,0,0,1,1,1,1,-1,-1,-1,-1,-1,-1
"45165","201401ZD30981",1,9,0,18,0,8,0,0,0,0,3,1,6,1,7,-1,-1,-1,2,1
"45166","201401ZD30981",2,9,0,9,0,8,0,0,0,0,1,1,6,1,-1,1984,1,12,-1,-1
"45167","201401ZD30982",1,9,0,2,0,1,0,0,0,0,2,1,6,1,7,1898,1,13,2,1
"45168","201401ZD30982",2,9,0,4,0,1,0,4,0,0,1,1,6,2,-1,1995,2,9,3,1
"45169","201401ZD30983",1,1,0,18,0,1,0,0,0,0,2,1,6,1,7,-1,-1,-1,2,1
"45170","201401ZD30983",2,11,0,13,0,1,0,0,0,0,1,1,1,1,8,9200,2,11,3,1
"45171","201401ZD30984",1,9,0,9,0,8,0,0,0,0,4,1,1,1,8,-1,-1,-1,9,1
"45172","201401ZD30984",2,3,0,18,0,8,0,0,0,0,1,1,6,1,4,124,1,1,4,1
"45173","201401ZD30985",1,9,0,18,0,8,0,0,0,0,1,1,6,1,5,1199,1,-1,7,1
"45174","201401ZD30985",2,9,0,9,0,8,0,0,0,0,4,1,6,1,8,1769,1,14,1,1
"45175","201401ZD30986",1,3,0,18,0,1,0,0,0,0,1,1,6,1,6,125,1,4,2,1
"45176","201401ZD30986",2,9,0,12,0,1,0,0,0,0,2,1,6,3,-1,-1,-1,-1,-1,-1
"45177","201401ZD30987",1,19,0,18,0,1,0,0,0,0,1,1,1,1,6,1998,2,11,5,1
"45178","201401ZD30988",1,11,0,16,0,8,0,0,0,0,0,1,1,3,-1,3900,2,10,-1,-1
"45179","201401ZD30989",1,9,0,18,0,1,0,0,0,0,1,1,6,2,7,1975,1,17,4,1
"45180","201401ZD30990",1,9,0,18,0,1,0,0,0,0,1,1,6,2,7,1490,1,7,2,1
"45181","201401ZD30991",1,3,0,18,0,1,0,0,0,0,1,1,6,1,5,125,1,7,-1,-1
"45182","201401ZD30992",1,9,0,3,0,8,0,0,0,0,2,1,6,1,9,1995,2,10,9,1
"45183","201401ZD30992",2,9,0,3,0,8,0,0,0,0,2,1,6,1,5,1798,1,6,9,1
"45184","201401ZD30992",3,9,0,4,0,8,0,0,0,0,1,1,1,1,6,-1,-1,-1,9,1
"45185","201401ZD30993",1,3,0,18,0,8,0,0,0,0,3,1,6,2,6,124,1,4,4,1
"45186","201401ZD30993",2,9,0,18,0,8,0,0,0,0,1,1,6,2,-1,1422,2,6,-1,-1
"45187","201401ZD30994",1,9,0,7,0,8,0,0,0,0,1,1,6,1,-1,-1,-1,-1,-1,-1
"45188","201401ZD30995",1,9,0,18,0,1,0,0,0,0,4,1,6,2,6,1398,1,-1,4,1
"45189","201401ZD30997",1,19,0,18,0,2,0,0,0,0,3,1,1,1,7,2151,2,11,3,1
"45190","201401ZD30997",2,21,0,18,0,1,0,0,0,0,3,1,1,1,7,-1,-1,-1,-1,-1
"45191","201401ZD30998",1,3,0,14,0,8,0,0,0,0,1,1,6,1,6,124,1,3,5,1
"45192","201401ZD30998",2,9,0,9,0,8,0,0,0,0,3,1,6,2,-1,-1,-1,-1,2,1
"45193","201401ZD30999",1,9,0,18,0,0,0,0,0,0,3,1,6,1,6,-1,-1,-1,4,1
"45194","201401ZD30999",2,9,0,2,0,0,0,0,0,0,3,1,6,3,-1,1396,1,14,-1,-1
"45195","201401ZD31000",1,3,0,15,0,8,0,0,0,0,1,1,6,1,4,125,1,7,5,1
"45196","201401ZD31000",2,9,0,9,0,8,0,0,0,0,3,1,6,1,6,1360,1,9,5,1
"45197","201401ZD31001",1,11,0,14,0,2,0,4,0,0,4,1,1,1,7,4500,2,6,4,1
"45198","201401ZD31001",2,20,0,2,0,2,0,0,0,0,3,1,6,3,-1,-1,-1,-1,-1,-1
"45199","201401ZD31003",1,9,0,4,0,1,0,0,0,0,2,1,6,2,6,998,1,9,4,1
"45200","201401ZD31003",2,9,0,4,0,1,0,0,0,0,1,1,6,1,-1,-1,-1,-1,-1,-1
"45201","201401ZD31004",1,19,0,18,0,1,0,0,0,0,1,1,6,3,-1,-1,-1,-1,-1,-1
"45202","201401ZD31005",1,9,0,3,0,1,0,0,0,0,2,1,6,2,7,1797,8,4,3,1
"45203","201401ZD31005",2,9,0,18,0,1,0,0,0,0,1,1,6,2,9,1198,1,12,4,1
"45204","201401ZD31006",1,9,0,18,0,8,0,0,0,0,4,1,6,1,6,1390,1,9,3,1
"45205","201401ZD31006",2,9,0,3,0,8,0,0,0,0,1,1,6,2,5,-1,-1,-1,4,1
"45206","201401ZD31006",3,9,0,9,0,8,0,0,0,0,1,1,6,2,5,1229,1,2,5,1
"45207","201401ZD31007",1,9,0,18,0,8,0,0,0,0,1,1,6,1,6,1389,1,11,5,1
"45208","201401ZD31007",2,9,0,9,0,8,0,0,0,0,1,1,6,1,7,-1,-1,-1,2,1
"45209","201401ZD31008",1,19,0,18,0,0,0,0,0,0,3,1,6,1,-1,-1,-1,-1,-1,-1
"45210","201401ZD31009",1,1,0,18,0,0,0,0,0,0,1,1,2,1,9,-1,-1,-1,3,1
"45211","201401ZD31009",2,19,0,4,0,0,0,0,0,0,2,1,6,1,-1,1995,2,1,-1,-1
"45212","201401ZD31010",1,9,0,17,0,1,0,0,0,0,1,1,2,1,7,1999,1,12,2,1
"45213","201401ZD31011",1,1,0,18,4,1,0,0,0,0,1,1,6,1,5,-1,-1,-1,5,3
"45214","201401ZD31011",2,9,0,11,4,1,0,0,0,0,2,1,6,1,10,1973,1,15,5,1
"45215","201401ZD31012",1,20,0,18,0,1,0,0,0,0,1,1,6,3,-1,-1,-1,-1,-1,-1
"45216","201401ZD31013",1,1,0,18,0,8,0,0,0,0,4,1,6,2,6,-1,-1,-1,5,1
"45217","201401ZD31013",2,9,0,18,0,8,0,0,0,0,3,1,6,1,-1,1589,1,16,-1,-1
"45218","201401ZD31014",1,11,0,4,0,8,0,0,0,0,0,1,1,1,8,9200,2,11,1,1
"45219","201401ZD31015",1,19,0,18,0,8,0,0,0,0,1,1,6,1,10,-1,-1,-1,-1,-1
"45220","201401ZD31015",2,9,0,18,0,8,0,10,0,0,4,1,6,2,8,1587,1,14,2,1
"45221","201401ZD31016",1,9,0,5,0,8,0,0,0,0,1,1,6,1,8,2494,1,15,1,1
"45222","201401ZD31017",1,3,0,18,0,8,0,0,0,0,1,1,6,1,6,124,1,8,3,1
"45223","201401ZD31017",2,9,0,9,0,8,0,0,0,0,1,1,6,1,-1,1360,1,8,2,1
"45224","201401ZD31018",1,9,0,4,0,8,0,0,0,0,2,1,6,1,6,1199,1,12,3,1
"45225","201401ZD31018",2,9,0,18,0,8,0,0,0,0,1,1,6,1,-1,1590,1,10,-1,-1
"45226","201401ZD31020",1,9,0,3,0,2,0,0,0,0,2,1,6,1,6,1598,1,7,6,1
"45227","201401ZD31020",2,9,0,3,0,2,0,0,0,0,2,1,6,2,8,1999,1,8,9,1
"45228","201401ZD31020",3,9,0,4,0,2,0,0,0,0,1,1,6,1,5,1998,1,12,4,1
"45229","201401ZD31022",1,11,0,18,0,1,0,0,0,0,1,1,1,2,6,9200,2,10,4,1
"45230","201401ZD31023",1,9,0,18,0,8,0,0,0,0,1,1,6,2,5,998,1,6,6,1
"45231","201401ZD31023",2,9,0,5,0,8,0,0,0,0,3,1,6,1,-1,1973,1,16,-1,-1
"45232","201401ZD31024",1,9,0,18,0,8,0,0,0,0,1,1,6,1,-1,-1,-1,-1,-1,-1
"45233","201401ZD31025",1,1,0,9,0,8,0,0,0,0,2,1,6,2,5,-1,-1,-1,3,1
"45234","201401ZD31025",2,9,0,9,0,8,0,0,0,0,1,1,6,1,6,1797,8,3,8,1
"45235","201401ZD31026",1,9,0,3,0,1,0,0,0,0,2,1,6,2,6,1595,1,6,6,1
"45236","201401ZD31026",2,1,0,4,0,1,0,0,0,0,1,1,6,1,10,-1,-1,-1,9,1
"45237","201401ZD31027",1,9,0,18,0,8,0,0,0,0,1,1,6,2,5,1598,1,9,2,1
"45238","201401ZD31027",2,9,0,9,0,8,0,0,0,0,3,1,6,1,-1,1596,1,12,-1,-1
"45239","201401ZD31028",1,9,0,18,0,8,0,0,0,0,1,1,6,1,-1,-1,-1,-1,-1,-1
"45240","201401ZD31031",1,9,0,9,0,8,0,0,0,0,1,1,6,1,7,1124,1,13,3,1
"45241","201401ZD31031",2,3,0,18,0,8,0,0,0,0,1,1,6,1,4,124,1,1,-1,-1
"45242","201401ZD31032",1,2,0,14,0,8,0,0,0,0,4,1,6,1,8,124,1,6,8,1
"45243","201401ZD31032",2,9,0,9,0,8,0,0,0,0,1,1,6,1,9,-1,-1,-1,4,1
"45244","201401ZD31033",1,3,0,17,0,8,0,0,0,0,4,1,6,1,5,125,1,4,4,1
"45245","201401ZD31033",2,9,0,18,0,8,0,0,0,0,1,1,6,1,10,1595,1,12,6,1
"45246","201401ZD31035",1,9,0,11,0,2,0,0,0,0,4,1,6,2,6,1198,1,9,2,1
"45247","201401ZD31035",2,9,0,18,0,2,0,0,0,0,3,1,6,1,6,1590,1,10,-1,-1
"45248","201401ZD31036",1,3,0,18,0,0,0,0,0,0,3,1,6,1,6,125,1,-1,4,1
"45249","201401ZD31036",2,9,0,3,0,0,0,0,0,0,3,1,6,2,7,-1,-1,-1,5,1
"45250","201401ZD31037",1,19,0,18,0,1,0,0,0,0,1,1,2,1,6,2198,2,1,1,1
"45251","201401ZD31037",2,9,0,4,0,1,0,0,0,0,2,1,2,2,5,1600,1,3,3,1
"45252","201401ZD31038",1,1,0,18,0,8,0,0,0,0,1,1,6,1,6,-1,-1,-1,1,1
"45253","201401ZD31038",2,9,0,7,0,8,0,0,0,0,4,1,6,3,-1,-1,-1,-1,-1,-1
"45254","201401ZD31041",1,9,0,9,0,8,0,0,0,0,4,1,1,1,7,1797,8,4,3,1
"45255","201401ZD31041",2,1,0,18,0,8,0,0,0,0,1,1,6,2,-1,-1,-1,-1,-1,-1
"45256","201401ZD31042",1,9,0,18,0,8,0,0,0,0,2,1,6,2,5,1242,1,10,4,1
"45257","201401ZD31042",2,9,0,5,0,8,0,0,0,0,1,1,6,1,7,1799,1,6,5,1
"45258","201401ZD31044",1,9,0,9,0,8,0,0,0,0,4,1,6,1,6,1796,1,8,7,1
"45259","201401ZD31044",2,1,0,18,0,8,0,0,0,0,1,1,6,1,6,-1,-1,-1,5,1
"45260","201401ZD31046",1,19,0,1,0,8,0,0,0,0,2,1,1,1,6,2143,2,1,4,1
"45261","201401ZD31047",1,9,0,3,0,1,0,0,0,0,2,1,6,1,5,-1,-1,-1,9,1
"45262","201401ZD31047",2,20,0,4,0,1,0,0,0,0,1,1,6,3,-1,-1,-1,-1,-1,-1
"45263","201401ZD31048",1,9,0,11,0,1,0,0,0,0,4,1,6,2,7,1598,1,10,6,1
"45264","201401ZD31048",2,1,0,18,0,1,0,0,0,0,3,1,6,1,8,-1,-1,-1,9,1
"45265","201401ZD31049",1,1,0,18,0,2,0,0,0,0,3,1,6,2,6,-1,-1,-1,-1,1
"45266","201401ZD31049",2,9,0,18,0,2,0,0,0,0,4,1,6,1,6,1995,2,-1,-1,-1
"45267","201401ZD31050",1,9,0,18,0,8,0,0,0,0,1,1,6,1,6,2997,1,12,4,1
"45268","201401ZD31050",2,9,0,9,0,8,0,0,0,0,4,1,6,2,8,1968,2,-1,5,1
"45269","201401ZD31051",1,3,0,18,0,8,0,0,0,0,1,1,6,1,5,125,1,9,3,1
"45270","201401ZD31051",2,9,0,18,0,8,0,0,0,0,3,1,6,1,6,1598,1,4,2,1
"45271","201401ZD31052",1,9,0,9,0,8,0,0,0,0,4,1,6,1,4,1796,1,7,8,1
"45272","201401ZD31052",2,9,0,18,0,8,0,0,0,0,1,1,6,1,-1,-1,-1,-1,-1,-1
"45273","201401ZD31053",1,5,0,18,0,8,0,0,0,0,1,1,6,1,7,-1,-1,-1,8,1
"45274","201401ZD31053",2,9,0,7,0,8,0,0,0,0,3,1,6,1,7,1956,2,1,7,1
"45275","201401ZD31054",1,11,0,18,0,1,0,0,0,0,1,1,1,1,9,9000,2,5,2,1
"45276","201401ZD31055",1,9,0,18,0,0,0,0,0,0,1,1,6,1,6,1397,1,11,3,1
"45277","201401ZD31055",2,9,0,5,0,0,0,0,0,0,1,1,6,1,6,-1,-1,-1,8,1
"45278","201401ZD31056",1,9,0,18,0,0,0,0,0,0,1,1,6,1,-1,-1,-1,-1,-1,-1
"45279","201401ZD31057",1,9,0,18,0,0,0,0,0,0,1,1,6,2,5,1242,1,-1,5,1
"45280","201401ZD31058",1,9,0,18,0,0,0,0,0,0,1,1,6,1,6,1461,2,2,3,1
"45281","201401ZD31059",1,11,0,18,0,2,0,0,0,0,4,1,1,1,7,9600,2,16,3,1
"45282","201401ZD31059",2,9,0,12,0,2,0,0,0,0,3,1,6,2,4,1598,1,1,-1,-1
"45283","201401ZD31060",1,9,0,18,0,8,0,0,0,0,3,1,6,2,9,1997,1,13,-1,-1
"45284","201401ZD31060",2,11,0,18,0,8,0,0,0,0,1,1,1,1,9,4500,2,-1,-1,-1
"45285","201401ZD31061",1,9,0,18,0,8,0,0,0,0,1,1,6,2,6,1390,1,11,4,1
"45286","201401ZD31061",2,1,0,18,0,8,0,0,0,0,2,1,6,2,7,-1,-1,-1,9,1
"45287","201401ZD31062",1,11,0,4,0,1,0,0,0,0,0,1,1,1,7,-1,-1,-1,6,1
"45288","201401ZD31064",1,9,0,18,0,1,0,0,0,0,1,1,6,3,-1,-1,-1,-1,-1,-1
"45289","201401ZD31065",1,9,0,18,0,1,0,0,0,0,1,1,6,2,-1,-1,-1,-1,-1,-1
"45290","201401ZD31066",1,9,0,4,0,1,0,4,0,0,1,1,6,1,8,1798,8,-1,2,1
"45291","201401ZD31066",2,9,0,2,0,1,0,0,0,0,2,1,6,1,8,1870,2,3,8,1
"45292","201401ZD31068",1,9,0,18,0,8,0,0,0,0,1,1,6,2,5,1200,1,1,4,1
"45293","201401ZD31068",2,9,0,9,0,8,0,0,0,0,4,1,6,2,6,1598,1,11,5,1
"45294","201401ZD31069",1,9,0,18,0,8,0,0,0,0,4,1,6,2,6,1598,1,7,5,1
"45295","201401ZD31069",2,19,0,18,0,8,0,0,0,0,1,1,6,1,6,1248,2,2,5,1
"45296","201401ZD31071",1,3,0,7,0,8,0,0,0,0,1,1,6,1,5,-1,-1,-1,-1,1
"45297","201401ZD31071",2,9,0,18,0,8,0,0,0,0,1,1,6,2,7,1497,8,-1,6,1
"45298","201401ZD31072",1,3,0,18,0,8,0,0,0,0,1,1,1,1,4,108,1,1,5,1
"45299","201401ZD31072",2,9,0,9,0,8,0,0,0,0,3,1,6,1,-1,1198,1,10,-1,-1
"45300","201401ZD31073",1,9,0,4,0,1,0,0,0,0,1,1,6,1,7,1798,8,-1,2,1
"45301","201401ZD31073",2,9,0,4,0,1,0,0,0,0,2,1,6,1,6,-1,-1,-1,2,1
"45302","201401ZD31074",1,8,0,1,0,2,0,0,0,0,2,1,6,1,10,1799,1,15,-1,-1
"45303","201401ZD31075",1,3,0,18,0,8,0,0,0,0,1,1,6,1,6,-1,-1,-1,2,1
"45304","201401ZD31075",2,9,0,9,0,8,0,0,0,0,4,1,6,2,6,1124,1,10,3,1