"","Acc_Index","Vehicle_Reference","Vehicle_Type","Towing_and_Articulation","Vehicle_Manoeuvre","Vehicle_Location.Restricted_Lane","Junction_Location","Skidding_and_Overturning","Hit_Object_in_Carriageway","Vehicle_Leaving_Carriageway","Hit_Object_off_Carriageway","X1st_Point_of_Impact","Was_Vehicle_Left_Hand_Drive","Journey_Purpose_of_Driver","Sex_of_Driver","Age_Band_of_Driver","Engine_Capacity_.CC.","Propulsion_Code","Age_of_Vehicle","Driver_IMD_Decile","Driver_Home_Area_Type"
"45305","201401ZD31076",1,9,0,18,0,8,0,0,0,0,1,1,6,2,8,-1,-1,-1,3,1
"45306","201401ZD31076",2,9,0,4,0,8,0,0,0,0,2,1,6,1,7,1796,1,15,3,1
"45307","201401ZD31077",1,19,0,7,0,8,0,0,0,0,4,1,6,1,8,2148,2,6,6,1
"45308","201401ZD31077",2,1,0,15,0,8,0,0,0,0,1,1,6,1,6,-1,-1,-1,6,1
"45309","201401ZD31078",1,3,0,18,0,1,0,0,0,0,2,1,6,1,7,124,1,6,4,1
"45310","201401ZD31078",2,9,0,18,0,1,0,0,0,0,1,1,6,2,6,1998,1,5,4,1
"45311","201401ZD31079",1,3,0,18,0,8,0,0,0,0,3,1,6,1,6,125,1,4,4,1
"45312","201401ZD31079",2,9,0,9,0,8,0,0,0,0,1,1,6,1,-1,-1,-1,-1,-1,-1
"45313","201401ZD31080",1,19,0,4,0,2,0,0,0,0,2,1,6,1,8,-1,-1,-1,4,1
"45314","201401ZD31080",2,9,0,4,0,2,0,0,0,0,1,1,6,1,-1,-1,-1,-1,1,1
"45315","201401ZD31081",1,9,0,18,0,0,0,0,0,0,4,1,1,2,8,1296,1,8,10,1
"45316","201401ZD31082",1,2,0,18,0,1,0,0,0,0,1,1,1,1,5,109,1,-1,3,1
"45317","201401ZD31083",1,9,0,18,0,8,0,0,0,0,1,1,6,2,5,1587,1,13,6,1
"45318","201401ZD31083",2,9,0,18,0,8,0,0,0,0,4,1,6,1,6,1997,2,13,3,1
"45319","201401ZD31084",1,9,0,18,0,1,0,0,0,0,1,1,6,2,8,1498,1,6,4,1
"45320","201401ZD31085",1,9,0,18,0,8,0,0,0,0,0,1,6,1,7,2987,2,5,6,1
"45321","201401ZD31085",2,9,0,18,0,8,0,0,0,0,0,1,6,1,6,1997,2,3,5,1
"45322","201401ZD31086",1,19,0,9,0,8,0,0,0,0,4,1,6,1,8,2402,2,10,3,1
"45323","201401ZD31086",2,3,0,18,0,8,0,0,0,0,1,1,6,1,5,-1,-1,-1,2,1
"45324","201401ZD31087",1,1,0,18,0,1,0,0,0,0,2,1,6,1,6,-1,-1,-1,2,1
"45325","201401ZD31087",2,9,0,13,0,1,0,0,0,0,1,1,6,3,-1,-1,-1,-1,-1,-1
"45326","201401ZD31088",1,9,0,18,0,0,0,0,0,0,1,1,6,1,8,1390,1,15,5,1
"45327","201401ZD31089",1,3,0,18,0,8,0,0,0,0,1,1,6,1,6,108,1,3,1,1
"45328","201401ZD31089",2,9,0,9,0,8,0,0,0,0,4,1,6,1,9,998,1,16,2,1
"45329","201401ZD31090",1,1,0,18,0,2,0,0,0,0,2,1,6,1,6,-1,-1,-1,5,1
"45330","201401ZD31090",2,9,0,13,0,2,0,0,0,0,1,1,6,3,-1,-1,-1,-1,-1,-1
"45331","201401ZD31091",1,19,0,18,0,8,0,0,0,0,1,1,6,1,9,1753,2,13,-1,-1
"45332","201401ZD31091",2,9,0,7,0,8,0,0,0,0,3,1,6,1,8,1390,1,12,-1,-1
"45333","201401ZD31092",1,9,0,18,0,8,0,0,0,0,1,1,6,2,9,1339,1,7,4,1
"45334","201401ZD31092",2,9,0,18,0,8,0,0,0,0,1,1,6,1,7,1796,1,11,9,1
"45335","201401ZD31093",1,9,0,16,0,8,0,0,0,0,4,1,6,1,7,-1,-1,-1,5,1
"45336","201401ZD31093",2,9,0,7,0,8,0,0,0,0,1,1,6,1,9,3222,2,8,10,1
"45337","201401ZD31094",1,9,0,18,0,2,0,0,0,0,1,1,6,1,5,998,1,17,3,1
"45338","201401ZD31095",1,11,0,18,0,2,0,0,0,0,1,1,1,1,9,6700,2,6,4,1
"45339","201401ZD31096",1,19,0,9,0,8,0,0,0,0,3,1,1,1,5,2143,2,1,8,1
"45340","201401ZD31096",2,3,0,18,0,8,0,0,0,0,1,1,1,1,5,85,1,13,3,1
"45341","201401ZD31097",1,9,0,18,0,2,0,0,0,0,1,1,2,1,6,1984,1,13,3,1
"45342","201401ZD31098",1,11,0,4,0,1,0,0,0,0,0,1,1,2,-1,6692,2,5,8,1
"45343","201401ZD31099",1,11,0,7,0,8,0,0,0,0,0,1,6,1,8,-1,-1,-1,-1,-1
"45344","201401ZD31101",1,9,0,18,0,8,0,0,0,0,1,1,6,1,7,1796,1,12,5,1
"45345","201401ZD31101",2,1,0,7,0,8,0,0,0,0,3,1,6,2,7,-1,-1,-1,10,1
"45346","201401ZD31102",1,9,0,18,0,8,0,0,0,0,2,1,6,1,7,1596,1,7,3,1
"45347","201401ZD31102",2,9,0,18,0,8,0,0,0,0,1,1,6,1,-1,1796,1,11,-1,-1
"45348","201401ZD31103",1,9,0,18,0,0,0,0,0,0,4,1,6,1,-1,-1,-1,-1,-1,-1
"45349","201401ZD31104",1,9,0,4,0,2,0,0,0,0,2,1,6,2,8,1248,1,3,6,1
"45350","201401ZD31104",2,9,0,4,0,2,0,0,0,0,1,1,6,2,9,2685,2,11,8,1
"45351","201401ZD31105",1,9,0,9,0,8,0,0,0,0,3,1,6,1,11,1998,1,19,8,1
"45352","201401ZD31105",2,2,0,18,0,8,0,0,0,0,1,1,6,1,4,49,1,12,1,1
"45353","201401ZD31106",1,9,0,18,0,1,0,0,0,0,1,1,6,1,8,1995,2,9,4,1
"45354","201401ZD31108",1,9,0,18,0,1,0,10,1,2,1,1,6,1,-1,-1,-1,-1,-1,-1
"45355","201401ZD31109",1,9,0,3,0,1,0,0,0,0,2,1,6,2,6,1360,1,7,3,1
"45356","201401ZD31109",2,19,0,4,0,1,0,0,0,0,1,1,6,1,8,2402,2,5,-1,-1
"45357","201401ZD31110",1,11,0,4,0,0,0,0,0,0,0,1,1,1,7,9000,2,5,2,1
"45358","201401ZD31111",1,9,0,3,0,8,0,0,0,0,2,1,6,2,7,1968,2,6,3,1
"45359","201401ZD31111",2,9,0,4,0,8,0,0,0,0,1,1,6,2,-1,1769,1,13,-1,-1
"45360","201401ZD31112",1,9,0,18,0,0,0,0,0,0,4,1,6,2,8,1798,1,9,4,1
"45361","201401ZD31113",1,8,0,18,0,1,0,0,0,0,1,1,1,1,-1,1896,2,6,1,1
"45362","201401ZD31114",1,9,0,18,0,1,0,0,0,0,1,1,6,3,-1,-1,-1,-1,-1,-1
"45363","201401ZD31115",1,2,0,4,0,8,0,0,0,0,0,1,6,1,6,49,1,2,5,1
"45364","201401ZD31115",2,19,0,9,0,8,0,0,0,0,0,1,6,1,8,1248,2,9,8,1
"45365","201401ZD31116",1,9,0,18,0,8,0,9,0,0,1,1,6,1,6,-1,-1,-1,6,1
"45366","201401ZD31117",1,9,0,18,0,8,0,0,0,0,3,1,6,1,9,1798,1,5,6,1
"45367","201401ZD31117",2,9,0,11,0,8,0,0,0,0,4,1,6,3,-1,-1,-1,-1,-1,-1
"45368","201401ZD31119",1,9,0,18,0,0,0,0,0,0,1,1,6,2,9,1388,1,10,5,1
"45369","201401ZD31120",1,9,0,9,0,2,0,0,0,0,1,1,6,1,-1,-1,-1,-1,-1,-1
"45370","201401ZD31122",1,3,0,18,0,8,0,0,0,0,1,1,6,1,5,124,1,7,1,1
"45371","201401ZD31122",2,9,0,9,0,8,0,0,0,0,3,1,6,1,11,1597,1,17,1,1
"45372","201401ZD31124",1,19,0,18,0,1,0,10,1,2,1,1,1,1,8,1998,2,8,-1,-1
"45373","201401ZD31125",1,11,0,4,0,1,0,0,0,0,0,1,1,1,8,11000,2,7,4,1
"45374","201401ZD31126",1,19,0,9,0,8,0,0,0,0,2,1,6,1,7,-1,-1,-1,-1,-1
"45375","201401ZD31126",2,3,0,18,0,8,0,0,0,0,1,1,6,1,6,125,1,4,3,1
"45376","201401ZD31129",1,9,0,9,0,8,0,0,0,0,4,1,6,1,4,-1,-1,-1,6,1
"45377","201401ZD31129",2,4,0,18,0,8,0,0,0,0,1,1,1,1,-1,124,1,7,7,1
"45378","201401ZD31130",1,9,0,18,0,8,0,0,0,0,1,1,6,1,5,1995,2,-1,3,1
"45379","201401ZD31130",2,9,0,7,0,8,0,0,0,0,3,1,6,1,10,2148,2,11,3,1
"45380","201401ZD31132",1,19,0,7,0,2,0,0,0,0,4,1,6,1,6,1248,2,3,7,1
"45381","201401ZD31133",1,19,0,18,0,1,0,0,0,0,1,1,6,1,6,2148,2,6,-1,-1
"45382","201401ZD31134",1,9,0,18,0,1,0,0,0,0,1,1,6,1,-1,-1,-1,-1,-1,-1
"45383","201401ZD31135",1,9,0,2,0,0,0,0,0,0,3,1,6,2,6,1598,1,4,5,1
"45384","201401ZD31135",2,19,0,18,0,0,0,0,0,0,4,1,6,1,7,2402,2,11,4,1
"45385","201401ZD31136",1,9,0,9,0,8,0,0,0,0,4,1,6,2,8,1968,2,9,4,1
"45386","201401ZD31136",2,1,0,18,0,8,0,0,0,0,1,1,6,1,7,-1,-1,-1,4,1
"45387","201401ZD31137",1,9,0,9,0,8,0,0,0,0,1,1,6,1,5,1198,1,5,4,1
"45388","201401ZD31137",2,3,0,18,0,8,0,0,0,0,1,1,6,1,5,-1,-1,-1,5,1
"45389","201401ZD31138",1,9,0,9,0,8,0,0,0,0,1,1,6,1,10,1388,1,3,7,1
"45390","201401ZD31139",1,9,0,18,0,1,0,0,0,0,1,1,6,2,7,-1,-1,-1,5,1
"45391","201401ZD31140",1,9,0,1,0,1,0,0,0,0,2,1,6,2,5,1598,1,9,3,1
"45392","201401ZD31140",2,90,0,18,0,1,0,0,0,0,3,1,6,2,11,-1,-1,-1,3,1
"45393","201401ZD31141",1,19,0,9,0,8,0,0,0,0,1,1,6,1,6,1560,2,2,2,1
"45394","201401ZD31143",1,9,0,18,0,0,0,0,0,0,1,1,6,2,6,1796,1,11,2,1
"45395","201401ZD31143",2,9,0,3,0,0,0,0,0,0,2,1,6,2,9,1329,1,-1,8,1
"45396","201401ZD31143",3,9,0,3,0,0,0,0,0,0,2,1,6,1,8,1197,1,1,6,1
"45397","201401ZD31144",1,9,0,18,0,8,5,10,7,2,1,1,6,1,6,3239,1,19,5,1
"45398","201401ZD31145",1,19,0,5,0,0,0,0,0,0,1,1,1,1,8,-1,-1,-1,3,1
"45399","201401ZD31146",1,19,0,5,0,1,0,0,0,0,1,1,6,1,6,2402,2,2,9,1
"45400","201401ZD31146",2,9,0,3,0,1,0,0,0,0,2,1,6,2,6,-1,-1,-1,9,1
"45401","201401ZD31147",1,9,0,4,0,2,0,0,0,0,1,1,6,1,4,1199,1,12,3,1
"45402","201401ZD31147",2,9,0,3,0,2,0,0,0,0,2,1,6,2,7,3200,2,12,4,1
"45403","201401ZD31148",1,9,0,18,0,1,0,0,0,0,1,1,1,1,6,1396,1,-1,2,1
"45404","201401ZD31151",1,11,0,5,0,0,0,0,0,0,0,1,1,1,-1,9000,2,5,-1,-1
"45405","201401ZD31152",1,3,0,18,0,8,0,0,0,0,0,1,6,1,7,-1,-1,-1,6,1
"45406","201401ZD31152",2,9,0,7,0,8,0,0,0,0,0,1,6,3,-1,-1,-1,-1,-1,-1
"45407","201401ZD31153",1,3,0,18,0,1,0,0,0,0,1,1,6,1,6,125,1,11,-1,-1
"45408","201401ZD31154",1,9,0,18,0,1,0,0,0,0,1,1,6,1,7,1240,1,10,4,1
"45409","201401ZD31154",2,10,0,18,0,2,0,0,0,0,1,1,1,1,6,-1,-1,-1,1,1
"45410","201401ZD31155",1,8,0,18,0,1,0,0,0,0,1,1,1,2,6,1398,2,2,2,1
"45411","201401ZD31156",1,9,0,18,0,1,0,0,0,0,1,1,6,3,-1,-1,-1,-1,-1,-1
"45412","201401ZD31157",1,9,0,18,0,1,0,0,0,0,1,1,6,2,8,-1,-1,-1,6,1
"45413","201401ZD31158",1,9,0,18,0,1,0,0,0,0,1,1,6,1,6,1896,2,6,3,1
"45414","201401ZD31158",2,9,0,18,0,2,0,0,0,0,1,1,6,2,7,1229,1,7,2,1
"45415","201401ZD31159",1,9,0,18,0,2,0,0,0,0,1,1,6,1,5,1598,1,8,4,1
"45416","201401ZD31160",1,9,0,8,0,8,0,0,0,0,2,1,6,2,9,1596,1,9,2,1
"45417","201401ZD31160",2,9,0,18,0,8,0,0,0,0,1,1,6,1,6,-1,-1,-1,-1,-1
"45418","201401ZD31161",1,9,0,9,0,8,0,0,0,0,3,1,6,1,4,1995,1,9,6,1
"45419","201401ZD31161",2,9,0,13,0,8,0,0,0,0,1,1,6,1,4,1796,1,10,3,1
"45420","201401ZD31165",1,9,0,18,0,2,0,0,0,0,1,1,6,1,-1,-1,-1,-1,-1,-1
"45421","201401ZD31166",1,9,0,3,0,1,0,0,0,0,2,1,6,2,7,1995,2,6,5,1
"45422","201401ZD31166",2,9,0,4,0,1,0,0,0,0,1,1,6,3,-1,-1,-1,-1,-1,-1
"45423","201401ZD31167",1,9,0,18,0,1,0,10,1,7,1,1,6,2,11,1590,1,10,6,1
"45424","201401ZD31172",1,9,0,18,0,8,0,0,0,0,2,1,6,1,8,2360,1,6,3,1
"45425","201401ZD31172",2,9,0,18,0,8,0,0,0,0,1,1,6,1,6,-1,-1,-1,6,1
"45426","201401ZD31173",1,9,0,9,0,8,0,0,0,0,3,1,6,2,4,1242,1,15,10,1
"45427","201401ZD31173",2,9,0,18,0,8,0,0,0,0,1,1,6,2,6,1595,1,15,2,1
"45428","201401ZD31176",1,9,0,18,0,1,0,0,0,0,2,1,6,1,5,1598,1,12,10,1
"45429","201401ZD31176",2,9,0,18,0,1,0,0,0,0,1,1,6,1,8,1995,1,5,4,1
"45430","201401ZD31179",1,9,0,18,0,8,0,0,0,0,2,1,6,2,8,1951,2,13,3,1
"45431","201401ZD31179",2,9,0,4,0,8,0,0,0,0,1,1,6,2,6,-1,-1,-1,-1,-1
"45432","201401ZD31181",1,11,0,5,0,0,0,0,0,0,0,1,1,2,5,6700,2,3,2,1
"45433","201401ZD31183",1,9,0,18,0,8,0,0,0,0,4,1,6,1,7,1498,1,5,9,1
"45434","201401ZD31183",2,9,0,7,0,8,0,0,0,0,1,1,6,1,9,1596,1,1,7,1
"45435","201401ZD31185",1,9,0,7,0,8,0,0,0,0,1,1,6,1,10,1149,1,15,-1,-1
"45436","201401ZD31185",2,9,0,18,0,8,0,0,0,0,1,1,6,1,5,-1,-1,-1,2,1
"45437","201401ZD31186",1,9,0,9,0,8,0,0,0,0,4,1,6,2,6,1798,1,5,7,1
"45438","201401ZD31186",2,19,0,18,0,8,0,0,0,0,1,1,1,1,6,1968,2,1,8,1
"45439","201401ZD31187",1,9,0,9,0,8,0,0,0,0,1,1,6,1,5,1995,2,6,2,1
"45440","201401ZD31187",2,9,0,4,0,8,0,0,0,0,1,1,6,1,7,1984,1,14,3,1
"45441","201401ZD31188",1,9,0,18,0,1,0,0,0,0,1,1,6,1,5,1598,1,9,7,1
"45442","201401ZD31188",2,9,0,3,0,1,0,0,0,0,2,1,6,1,7,1956,2,-1,6,1
"45443","201401ZD31189",1,9,0,3,0,1,0,0,0,0,2,1,6,2,7,1590,1,11,-1,-1
"45444","201401ZD31189",2,9,0,4,0,1,0,0,0,0,1,1,6,2,9,1968,2,8,8,1
"45445","201401ZD31191",1,11,0,4,0,2,0,0,0,0,0,1,1,1,6,6700,2,6,7,1
"45446","201401ZD31192",1,9,0,18,0,1,0,0,0,0,1,1,6,1,7,-1,-1,-1,9,1
"45447","201401ZD31194",1,19,0,5,0,1,0,0,0,0,1,1,1,1,7,1995,2,3,3,1
"45448","201401ZD31194",2,8,0,5,0,1,0,0,0,0,2,1,1,1,6,1797,8,4,4,1
"45449","201401ZD31196",1,9,0,7,0,8,0,0,0,0,3,1,6,3,-1,-1,-1,-1,-1,-1
"45450","201401ZD31196",2,4,0,17,0,8,0,0,0,0,1,1,6,1,5,-1,-1,-1,5,1
"45451","201401ZD39001",1,19,0,7,0,8,0,0,0,0,3,1,1,1,6,2198,2,7,-1,-1
"45452","201401ZD39001",2,9,0,18,0,8,0,0,0,0,1,1,6,2,7,1794,1,12,7,1
"45453","201401ZD39002",1,3,0,18,0,0,0,0,0,0,1,1,1,1,6,124,1,2,5,1
"45454","201401ZD39002",2,9,0,1,0,0,0,0,0,0,4,1,1,1,6,-1,-1,-1,-1,-1
"45455","201401ZD39003",1,21,0,4,0,1,0,0,0,0,1,1,1,1,8,10837,2,2,-1,-1
"45456","201401ZD39003",2,9,0,4,0,1,0,0,0,0,2,1,6,1,9,-1,-1,-1,-1,-1
"45457","201401ZD39004",1,9,0,4,0,1,0,0,0,0,2,1,6,1,7,1699,1,9,8,1
"45458","201401ZD39004",2,9,0,4,0,1,0,0,0,0,1,1,6,1,9,1798,1,11,9,1
"45459","201401ZD39005",1,9,0,7,0,8,0,0,0,0,3,1,6,1,7,1560,2,1,3,1
"45460","201401ZD39005",2,1,0,18,0,8,0,0,0,0,1,1,6,2,5,-1,-1,-1,4,1
"45461","201401ZD39006",1,9,0,18,0,1,0,0,0,0,3,1,6,2,7,1896,2,7,3,1
"45462","201401ZD39006",2,9,0,11,0,1,0,0,0,0,4,1,6,2,9,1598,1,2,3,1
"45463","201401ZD39007",1,9,0,18,0,1,0,0,0,0,1,1,6,2,8,1598,1,11,-1,-1
"45464","201401ZD39009",1,9,0,18,0,8,0,0,0,0,1,1,6,2,4,1400,1,13,5,1
"45465","201401ZD39009",2,9,0,7,0,8,0,0,0,0,3,1,6,1,4,-1,-1,-1,-1,-1
"45466","201401ZD39010",1,3,0,18,0,8,0,0,0,0,1,1,6,2,5,-1,-1,-1,7,1
"45467","201401ZD39010",2,9,0,7,0,8,0,0,0,0,3,1,6,3,-1,-1,-1,-1,-1,-1
"45468","201401ZD39017",1,9,0,18,0,1,0,0,0,0,1,1,6,1,5,1798,1,9,4,1
"45469","201401ZD39018",1,9,0,9,0,8,0,0,0,0,3,1,1,1,5,2521,1,4,3,1
"45470","201401ZD39018",2,3,0,13,0,8,0,0,0,0,1,1,6,1,5,124,1,1,2,1
"45471","201401ZD39049",1,19,0,13,0,1,0,0,0,0,1,1,1,1,10,2464,2,5,7,1
"45472","201401ZD39049",2,11,0,18,0,1,0,0,0,0,2,1,1,1,9,9200,2,11,4,1
"45473","201401ZD39057",1,9,0,18,0,1,0,10,1,2,1,1,6,2,5,1390,1,13,-1,1
"45474","201401ZD39062",1,9,0,18,0,1,0,0,0,0,1,1,6,1,6,1299,1,13,5,1
"45475","201401ZD39071",1,3,0,18,0,1,0,0,0,0,2,1,6,1,5,124,1,7,-1,1
"45476","201401ZD39071",2,11,0,5,0,1,0,0,0,0,1,1,1,2,-1,-1,-1,-1,-1,-1
"45477","201401ZD39072",1,19,0,5,0,1,0,0,0,0,1,1,6,1,-1,-1,-1,-1,-1,-1
"45478","201401ZD39073",1,9,0,4,0,1,0,0,0,0,1,1,6,1,4,1598,1,8,6,1
"45479","201401ZD39073",2,9,0,4,0,1,0,0,0,0,2,1,6,2,7,1364,2,5,4,1
"45480","201401ZD39075",1,9,0,18,0,1,0,0,0,0,2,1,6,2,4,1229,1,2,2,1
"45481","201401ZD39075",2,9,0,18,0,1,0,0,0,0,1,1,6,1,4,1197,1,-1,-1,1
"45482","201401ZD39076",1,19,0,4,0,1,0,0,0,0,1,1,1,1,6,2198,2,-1,5,1
"45483","201401ZD39076",2,9,0,3,0,1,0,0,0,0,2,1,6,1,8,1997,1,7,5,1
"45484","201401ZD39076",3,9,0,3,0,1,0,0,0,0,2,1,6,1,7,1587,1,9,4,1
"45485","201401ZD39077",1,9,0,3,0,1,0,0,0,0,2,1,6,2,8,1390,1,12,6,1
"45486","201401ZD39077",2,9,0,4,0,1,0,0,0,0,1,1,6,3,-1,2400,2,4,-1,-1
"45488","201401ZD39088",1,9,0,3,0,1,0,0,0,0,2,1,6,1,9,1796,1,12,6,1
"45489","201401ZD39088",2,19,0,4,0,1,0,0,0,0,1,1,1,1,4,1686,2,13,3,1
"45490","201401ZD39090",1,9,0,9,0,2,0,0,0,0,1,1,6,1,8,1229,1,5,3,1
"45491","201401ZD39096",1,9,0,18,0,8,0,0,0,0,2,1,6,1,5,1596,1,4,-1,1
"45492","201401ZD39096",2,3,0,3,0,8,0,0,0,0,1,1,1,1,5,125,1,3,4,1
"45493","201401ZD39104",1,9,0,3,0,1,0,0,0,0,2,1,6,2,6,1596,1,12,-1,-1
"45494","201401ZD39104",2,9,0,4,0,1,0,0,0,0,1,1,6,2,7,1995,1,12,-1,-1
"45495","201401ZD39115",1,9,0,18,0,8,0,0,0,0,4,1,6,1,5,1493,1,19,3,1
"45496","201401ZD39177",1,9,0,18,0,1,0,0,0,0,1,1,6,3,-1,-1,-1,-1,-1,-1
"45497","201401ZD39181",1,11,0,18,0,0,0,0,0,0,0,1,1,1,8,9200,2,11,2,1
"45498","201401ZD39222",1,9,0,18,0,8,0,0,0,0,1,1,6,1,-1,1587,1,14,4,1
"45629","201401ZT80107",1,11,0,18,0,8,0,0,0,0,1,1,1,1,7,11967,2,7,5,1
"45630","201401ZT80107",2,9,0,9,0,8,0,0,0,0,3,1,6,1,8,-1,-1,-1,-1,-1
"45797","201401ZT80222",1,9,0,9,0,8,0,0,0,0,1,1,6,1,-1,1596,1,13,6,1
"45798","201401ZT80222",2,5,0,18,0,8,0,0,0,0,1,1,6,1,7,800,1,1,4,1
"45891","201401ZT80285",1,9,0,18,0,1,0,0,0,0,1,1,6,3,-1,-1,-1,-1,-1,-1
"45995","201401ZT80365",1,9,0,9,0,8,0,0,0,0,1,1,6,2,4,1120,1,17,9,1
"45996","201401ZT80365",2,9,0,9,0,8,0,0,0,0,1,1,6,2,6,-1,-1,-1,6,1
"165467","20144100C0009",1,9,0,4,0,0,0,0,0,0,2,1,2,1,7,1896,2,12,8,1
"165468","20144100C0009",2,9,0,18,0,0,0,0,0,0,1,1,6,1,5,1896,2,10,10,1
"165469","20144100C0010",1,9,0,18,0,0,0,0,0,0,4,1,6,2,5,1360,1,8,10,1
"165470","20144100C0023",1,19,0,18,0,1,0,0,0,0,4,1,6,1,-1,-1,-1,-1,-1,-1
"165471","20144100C0035",1,9,0,18,0,1,1,0,0,0,3,1,6,1,7,-1,-1,-1,-1,-1
"165472","20144100C0035",2,1,0,7,0,2,1,0,0,0,3,1,6,1,6,-1,-1,-1,4,1
"165473","20144100C0037",1,10,0,5,0,6,0,0,0,0,1,1,3,1,9,2496,2,15,3,1
"165474","20144100C0037",2,1,0,18,0,1,0,0,0,0,4,1,2,2,6,-1,-1,-1,5,1
"165477","20144100C0039",1,9,0,5,0,1,0,0,0,0,1,1,6,2,7,998,1,6,7,3
"165478","20144100C0039",2,9,0,18,0,8,0,9,0,0,4,1,6,2,5,1396,1,12,6,1
"165481","20144100C0042",1,9,0,9,0,5,0,0,0,0,1,1,1,2,7,1198,1,1,5,1
"165482","20144100C0042",2,1,0,18,0,1,0,0,0,0,3,1,1,2,7,-1,-1,-1,10,1
"165483","20144100C0056",1,9,0,18,0,8,1,10,1,0,1,1,6,1,5,1998,1,13,1,1
"165484","20144100C0058",1,9,0,5,0,6,0,0,0,0,1,1,6,2,6,1598,1,12,-1,-1
"165485","20144100C0058",2,9,0,18,0,1,1,0,1,2,4,1,6,1,5,1242,1,13,8,1
"165488","20144100C0069",1,9,0,18,0,0,0,4,0,0,1,1,6,2,7,1895,1,13,10,1
"165489","20144100C0069",2,9,0,2,0,0,0,0,0,0,2,1,6,3,-1,-1,-1,-1,7,1
"165490","20144100C0070",1,9,0,18,0,1,0,0,0,0,3,1,6,1,7,1596,1,12,-1,-1
"165491","20144100C0070",2,3,0,13,0,1,0,0,0,0,4,1,6,1,4,125,1,1,4,1
"165492","20144100C0071",1,9,0,18,0,1,0,0,0,0,1,1,6,2,-1,1390,1,13,-1,-1
"165493","20144100C0071",2,9,0,3,0,1,0,0,0,0,2,1,6,2,6,1364,1,5,9,1
"165494","20144100C0080",1,9,0,5,0,1,0,0,0,0,1,1,2,2,8,1149,1,7,9,1
"165495","20144100C0081",1,9,0,9,0,8,0,0,0,0,4,1,6,2,11,1339,1,7,4,1
"165496","20144100C0081",2,9,0,18,0,1,0,0,0,0,1,1,6,2,5,-1,-1,-1,8,1
"165501","20144100C0086",1,19,0,18,0,4,0,0,0,0,3,1,6,1,9,1248,2,9,-1,-1
"165502","20144100C0086",2,9,0,18,0,3,0,0,0,0,4,1,2,1,9,1242,1,1,4,1
"165503","20144100C0093",1,19,0,1,9,0,0,0,0,0,2,1,6,1,-1,-1,-1,-1,-1,-1
"165506","20144100C0096",1,3,0,18,0,8,0,0,0,0,1,1,6,1,4,125,1,3,8,3
"165507","20144100C0096",2,9,0,9,0,6,0,0,0,0,4,1,6,1,6,1242,1,1,6,1
"165510","20144100C0099",1,9,0,18,0,2,0,0,0,0,3,1,6,1,5,1998,1,10,5,1
"165511","20144100C0099",2,9,0,18,0,2,1,0,7,0,4,1,6,1,4,1995,2,9,7,1
"165513","20144100C0101",1,9,0,18,0,0,0,0,0,0,4,1,1,1,9,1596,1,10,7,1
"165515","20144100C0105",1,19,0,18,0,1,0,0,0,0,1,1,6,1,4,1968,2,1,-1,-1
"165516","20144100C0105",2,9,0,4,0,1,0,0,0,0,2,1,6,1,10,2295,1,13,9,1
"165519","20144100C0111",1,9,0,7,0,5,0,0,0,0,4,1,6,2,-1,-1,-1,-1,-1,-1
"165520","20144100C0111",2,1,0,18,0,8,0,0,0,0,3,1,6,1,5,-1,-1,-1,10,1
"165525","20144100C0122",1,9,0,18,0,1,0,0,0,0,1,1,6,1,7,1968,2,5,-1,-1
"165526","20144100C0122",2,9,0,3,0,1,0,0,0,0,2,1,6,2,6,1598,1,7,8,3
"165527","20144100C0130",1,9,0,9,0,6,0,0,0,0,1,1,6,1,7,1998,1,11,5,1
"165528","20144100C0130",2,2,0,14,0,1,0,0,0,0,4,1,6,2,-1,-1,-1,-1,-1,-1
"165533","20144100C0138",1,9,0,9,9,6,0,0,0,0,1,1,6,2,7,1895,1,14,-1,-1
"165534","20144100C0138",2,1,0,18,9,8,0,0,0,0,4,1,6,1,8,-1,-1,-1,7,1
"165535","20144100C0144",1,9,0,18,0,1,0,0,0,0,1,1,6,2,8,2184,2,5,10,1
"1655361","20144100C0144",2,9,0,3,0,1,0,0,0,0,2,1,6,1,7,1910,2,8,-1,-1
"1655371","20144100C0144",3,9,0,10,0,1,0,0,0,0,2,1,6,1,8,1242,1,1,6,1
"165538","20144100C0149",1,9,0,7,0,1,0,0,0,0,1,1,1,2,9,1598,1,8,-1,-1
"165539","20144100C0149",2,1,0,18,0,1,0,0,0,0,2,1,1,1,4,-1,-1,-1,4,1
"165540","20144100C0150",1,1,0,18,0,1,0,0,0,0,1,1,6,1,5,-1,-1,-1,4,1
"165541","20144100C0150",2,9,0,18,0,2,0,0,0,0,1,1,6,1,6,1560,2,1,4,1
"165542","20144100C0161",1,9,0,18,0,1,0,0,0,0,1,1,6,2,5,1390,1,6,3,1
"165543","20144100C0161",2,9,0,3,0,1,0,0,0,0,2,1,6,2,5,998,1,6,4,1
"165544","20144100C0165",1,9,0,10,0,1,0,0,0,0,2,1,3,2,6,1598,1,10,7,1
"165545","20144100C0165",2,9,0,18,0,1,0,0,0,0,1,1,6,3,-1,1984,1,5,7,1
"165546","20144100C0167",1,9,0,4,0,1,0,0,0,0,1,1,6,1,5,599,1,12,-1,-1
"165547","20144100C0167",2,9,0,3,0,1,0,0,0,0,2,1,2,1,7,1781,1,12,8,1
"165548","20144100C0177",1,9,0,11,0,0,0,0,0,0,4,1,2,1,8,2143,2,2,10,1
"165549","20144100C0177",2,3,0,18,0,0,0,0,0,0,3,1,6,2,4,-1,-1,-1,-1,3