"","Acc_Index","Vehicle_Reference","Vehicle_Type","Towing_and_Articulation","Vehicle_Manoeuvre","Vehicle_Location.Restricted_Lane","Junction_Location","Skidding_and_Overturning","Hit_Object_in_Carriageway","Vehicle_Leaving_Carriageway","Hit_Object_off_Carriageway","X1st_Point_of_Impact","Was_Vehicle_Left_Hand_Drive","Journey_Purpose_of_Driver","Sex_of_Driver","Age_Band_of_Driver","Engine_Capacity_.CC.","Propulsion_Code","Age_of_Vehicle","Driver_IMD_Decile","Driver_Home_Area_Type"
"165551","20144100C0180",1,9,0,18,0,2,0,0,0,0,1,1,1,2,5,1368,1,7,8,3
"165552","20144100C0181",1,3,0,18,0,1,0,0,0,0,1,1,1,1,5,125,1,2,9,1
"165553","20144100C0181",2,9,0,18,0,6,0,0,0,0,3,1,1,2,8,998,1,7,6,1
"165554","20144100C0182",1,9,0,16,0,0,0,0,0,0,4,1,6,1,7,1598,1,13,5,1
"165555","20144100C0183",1,9,0,18,0,0,1,0,1,5,1,1,6,1,6,1124,1,14,9,1
"165556","20144100C0185",1,9,0,4,0,0,1,0,0,0,1,1,6,1,9,1998,1,14,-1,-1
"165557","20144100C0185",2,9,0,3,0,0,0,0,0,0,2,1,6,1,4,1229,1,6,6,1
"165558","20144100C0185",3,9,0,3,0,0,0,0,0,0,2,1,6,2,7,1560,2,4,9,1
"165561","20144100C0194",1,90,0,5,0,6,0,0,0,0,4,1,6,2,8,-1,-1,-1,4,1
"165562","20144100C0194",2,9,0,18,0,1,0,0,0,0,1,1,6,1,6,1998,2,11,5,1
"165563","20144100C0195",1,21,0,18,0,0,0,0,0,0,1,1,1,1,6,6370,2,4,8,1
"165564","20144100C0196",1,9,0,5,0,0,0,0,0,0,4,1,6,1,8,1796,1,13,5,1
"165567","20144100C0200",1,9,0,11,0,0,0,0,0,0,4,1,6,3,-1,-1,-1,-1,-1,-1
"165568","20144100C0200",2,9,0,18,0,0,0,0,0,0,3,1,6,1,6,-1,-1,-1,5,1
"165571","20144100C0204",1,19,0,18,0,0,0,0,0,0,4,1,6,3,-1,-1,-1,-1,-1,-1
"165572","20144100C0207",1,9,0,18,0,2,0,0,0,0,3,1,2,1,7,-1,-1,-1,8,1
"165573","20144100C0209",1,9,0,18,0,0,1,0,7,4,1,1,6,1,4,1360,1,15,8,1
"165574","20144100C0210",1,9,0,5,0,1,0,0,0,0,2,1,6,1,7,1598,1,13,6,1
"165575","20144100C0210",2,9,0,4,0,1,0,0,0,0,1,1,6,1,6,-1,-1,-1,5,1
"165576","20144100C0212",1,9,0,18,0,1,0,0,0,0,1,1,6,2,5,1581,1,14,3,1
"165577","20144100C0212",2,9,0,4,0,1,0,0,0,0,2,1,6,2,9,1364,1,5,7,1
"165578","20144100C0214",1,9,0,16,0,0,1,10,1,7,1,1,6,1,5,1388,1,9,9,1
"165581","20144100C0221",1,9,0,16,0,3,0,0,0,0,1,1,6,1,6,1686,2,7,-1,-1
"165587","20144100C0235",1,9,0,5,0,1,0,0,0,0,1,1,2,1,8,4996,1,6,10,1
"165588","20144100C0235",2,9,0,3,0,1,0,0,0,0,2,1,3,1,6,-1,-1,-1,8,1
"165589","20144100C0236",1,9,0,9,0,8,0,0,0,0,1,1,6,2,4,998,1,9,6,1
"165590","20144100C0236",2,9,0,18,0,8,0,0,0,0,3,1,6,2,5,1242,1,6,6,1
"165593","20144100C0242",1,9,0,18,0,1,0,0,0,0,3,1,6,1,6,1975,1,8,8,1
"165594","20144100C0242",2,1,0,18,0,1,0,0,0,0,4,1,4,1,3,-1,-1,-1,7,1
"165595","20144100C0244",1,19,0,17,0,0,0,0,0,0,0,1,1,1,7,-1,-1,-1,5,1
"165600","20144100C0256",1,9,0,18,0,8,0,0,0,0,1,1,2,1,5,1598,1,4,9,1
"165601","20144100C0257",1,9,0,7,0,1,0,0,0,0,1,1,6,1,6,1598,2,1,7,1
"165602","20144100C0257",2,9,0,4,0,1,0,0,0,0,2,1,6,1,8,1598,1,9,7,1
"165605","20144100C0266",1,9,0,9,0,8,0,0,0,0,2,1,6,2,6,1868,2,12,7,3
"165606","20144100C0266",2,9,0,18,0,8,0,0,0,0,1,1,2,1,8,4511,1,9,10,1
"165609","20144100C0279",1,9,0,1,0,1,0,0,0,0,2,1,3,1,7,1896,2,9,3,1
"165610","20144100C0279",2,9,0,3,0,2,0,0,0,0,1,1,3,2,7,-1,-1,-1,9,1
"165613","20144100C0284",1,9,0,3,0,2,0,0,0,0,4,1,6,1,-1,1396,1,4,-1,-1
"165614","20144100C0284",2,1,0,15,0,2,0,8,0,0,1,1,6,1,4,-1,-1,-1,5,1
"165615","20144100C0285",1,19,0,5,0,4,0,0,0,0,3,1,1,1,10,1753,2,5,6,1
"165616","20144100C0285",2,1,0,18,0,8,0,0,0,0,4,1,1,1,8,-1,-1,-1,-1,-1
"165617","20144100C0287",1,19,0,7,0,6,0,0,0,0,2,1,6,3,-1,-1,-1,-1,-1,-1
"165618","20144100C0287",2,3,0,18,0,8,1,0,0,0,1,1,2,1,6,125,1,1,5,1
"165619","20144100C0289",1,9,0,5,6,0,0,0,0,0,1,1,3,1,7,1895,1,14,-1,-1
"165620","20144100C0289",2,9,0,2,6,0,0,0,0,0,2,1,3,1,7,2499,1,7,3,1
"165625","20144100C0299",1,2,0,10,0,1,0,0,0,0,0,1,1,1,6,124,1,1,2,1
"165626","20144100C0310",1,9,0,18,0,0,0,0,0,0,4,1,6,1,6,1998,1,9,7,1
"165627","20144100C0312",1,9,0,9,0,8,0,0,0,0,4,1,3,2,6,1498,1,5,-1,-1
"165628","20144100C0312",2,9,0,4,0,1,0,0,0,0,0,1,6,1,6,1061,1,11,6,1
"165629","20144100C0312",3,9,0,15,4,8,0,0,1,1,1,1,1,1,6,1248,2,2,-1,-1
"165630","20144100C0320",1,9,0,9,0,6,0,0,0,0,1,1,6,1,4,1388,1,12,9,1
"165631","20144100C0320",2,9,0,18,0,8,0,0,1,0,1,1,6,2,7,1998,1,13,4,1
"165632","20144100C0322",1,9,0,7,0,6,0,0,0,0,1,1,6,1,6,1242,1,14,4,1
"165633","20144100C0322",2,4,0,18,0,8,0,0,0,0,4,1,6,1,6,-1,-1,-1,-1,-1
"165634","20144100C0330",1,9,0,18,0,1,0,0,0,0,1,1,6,1,5,-1,-1,-1,-1,-1
"165635","20144100C0331",1,9,0,5,0,0,0,0,0,0,1,1,2,1,10,2143,2,1,10,1
"165641","20144100C0342",1,9,0,18,0,0,0,0,0,0,1,1,6,1,10,1910,2,8,7,1
"165642","20144100C0348",1,5,0,18,0,0,0,0,0,0,1,1,6,1,7,-1,-1,-1,4,1
"165643","20144100C0352",1,9,0,4,0,0,0,0,0,0,1,1,6,1,6,1398,1,8,4,1
"165644","20144100C0352",2,9,0,3,0,0,0,0,0,0,2,1,6,2,6,-1,-1,-1,8,1
"165645","20144100C0352",3,9,0,3,0,0,0,0,0,0,2,1,6,1,6,-1,-1,-1,8,1
"165650","20144100C0362",1,9,0,5,0,0,0,0,0,0,1,1,6,1,5,1997,2,10,8,1
"165651","20144100C0362",2,9,0,18,0,0,0,0,0,0,4,1,1,1,5,1997,2,11,6,1
"165653","20144100C0364",1,9,0,7,0,8,0,0,0,0,4,1,2,2,6,1368,1,5,10,1
"165654","20144100C0364",2,1,0,18,0,8,0,0,0,0,3,1,2,1,5,-1,-1,-1,8,1
"165655","20144100C0366",1,9,0,9,0,6,0,0,0,0,3,1,6,2,5,1997,2,3,7,1
"165656","20144100C0366",2,9,0,18,0,8,0,0,0,0,1,1,1,1,7,-1,-1,-1,4,1
"165659","20144100C0371",1,19,0,5,0,1,0,0,0,0,1,1,1,1,8,1461,2,1,9,1
"165660","20144100C0371",2,9,0,3,0,1,0,0,0,0,1,1,1,2,6,-1,-1,-1,5,1
"165661","20144100C0371",3,19,0,3,0,1,0,0,0,0,2,1,1,1,7,-1,-1,-1,7,1
"165664","20144100C0378",1,9,0,5,0,1,0,0,0,0,1,1,6,1,8,1390,1,13,4,1
"165665","20144100C0378",2,2,0,3,0,1,0,0,0,0,2,1,6,1,8,-1,-1,-1,3,1
"165666","20144100C0379",1,21,0,18,0,0,0,5,0,0,1,1,1,1,8,6370,2,7,-1,-1
"165667","20144100C0379",2,9,0,18,0,0,0,0,0,0,0,1,6,2,7,-1,-1,-1,-1,-1
"165668","20144100C0388",1,11,0,4,2,0,0,0,0,0,4,1,1,1,8,7300,2,9,6,1
"165669","20144100C0394",1,9,0,10,0,6,0,0,0,0,1,1,2,1,8,1995,2,8,5,1
"165670","20144100C0395",1,9,0,9,0,6,0,0,0,0,1,1,6,2,6,2435,1,8,-1,-1
"165671","20144100C0395",2,1,0,18,0,8,0,0,0,0,4,1,6,1,3,-1,-1,-1,8,1
"165672","20144100C0396",1,9,0,18,0,0,1,0,0,0,1,1,6,1,6,1199,1,14,6,1
"165673","20144100C0396",2,4,0,3,0,0,0,0,0,0,2,1,2,1,6,108,1,6,3,1
"165675","20144100C0398",1,9,0,18,0,1,0,0,0,0,4,1,2,1,7,-1,-1,-1,8,1
"165680","20144100C0407",1,19,0,18,0,0,0,0,0,0,4,1,1,1,8,-1,-1,-1,4,1
"165681","20144100C0408",1,9,0,11,0,8,0,0,0,0,2,1,6,1,6,-1,-1,-1,5,1
"165682","20144100C0408",2,11,0,18,0,8,0,0,0,0,1,1,1,1,8,-1,2,17,2,1
"165683","20144100C0408",3,9,0,18,0,8,0,0,0,0,2,1,6,2,8,1968,2,4,10,1
"165684","20144100C0409",1,9,0,5,0,1,0,0,0,0,1,1,6,1,6,1749,1,13,5,1
"165685","20144100C0409",2,9,0,4,0,1,0,0,0,0,2,1,6,1,6,1988,1,15,5,1
"165686","20144100C0409",3,9,0,4,0,1,0,0,0,0,2,1,2,1,6,1600,1,3,6,1
"165687","20144100C0410",1,9,0,6,0,0,0,0,0,0,2,1,6,1,7,1794,1,8,3,1
"165688","20144100C0410",2,5,0,18,0,0,1,0,0,0,1,1,6,1,6,599,1,4,4,1
"165689","20144100C0411",1,9,0,9,0,6,0,0,0,0,1,1,6,1,6,1149,1,12,4,1
"165690","20144100C0411",2,9,0,18,0,8,0,0,0,0,4,1,6,1,6,973,1,14,-1,-1
"165691","20144100C0419",1,9,0,9,0,6,0,0,0,0,3,1,6,1,-1,-1,-1,-1,-1,-1
"165694","20144100C0422",1,9,0,9,0,6,0,0,0,0,4,1,2,2,5,1199,1,12,-1,-1
"165695","20144100C0422",2,5,0,14,0,8,1,0,0,0,1,1,2,1,5,599,1,7,8,1
"165696","20144100C0423",1,9,0,5,0,1,0,0,0,0,1,1,2,1,9,1783,1,14,10,1
"165697","20144100C0423",2,9,0,4,0,1,0,0,0,0,2,1,2,1,8,2099,1,10,7,3
"165698","20144100C0425",1,3,0,18,0,1,1,0,0,0,0,1,6,1,9,-1,-1,-1,7,1
"165699","20144100C0425",2,9,0,11,0,1,0,0,0,0,0,1,6,1,6,1248,1,2,8,1
"165702","20144100C0441",1,9,0,18,0,1,1,0,7,1,4,1,6,1,6,-1,-1,-1,5,1
"165703","20144100C0460",1,9,0,3,0,2,0,0,0,0,2,1,6,2,8,1388,1,2,8,1
"165704","20144100C0460",2,9,0,3,0,2,0,0,0,0,2,1,3,1,4,-1,-1,-1,10,1
"165705","20144100C0460",3,9,0,3,0,2,0,0,0,0,2,1,6,1,10,2401,2,7,10,1
"165706","20144100C0460",4,9,0,12,0,6,1,0,5,0,1,1,6,1,4,1388,1,10,9,1
"165707","20144100C0462",1,9,0,5,0,2,0,0,0,0,1,1,6,2,9,1299,1,13,-1,-1
"165708","20144100C0462",2,1,0,5,0,2,0,0,0,0,1,1,6,1,3,-1,-1,-1,3,1
"165712","20144100C0471",1,5,0,18,0,0,0,0,0,0,0,1,1,1,6,599,1,13,5,1
"165716","20144100C0474",1,9,0,5,0,2,1,0,1,10,1,1,2,1,7,1598,1,5,9,1
"165717","20144100C0477",1,90,0,18,9,0,0,0,0,0,0,1,1,1,6,-1,-1,-1,4,1
"165719","20144100C0491",1,9,0,5,0,4,0,0,0,0,1,1,1,1,8,1995,2,7,-1,-1
"165720","20144100C0491",2,1,0,18,0,8,0,0,0,0,4,1,1,1,7,-1,-1,-1,4,1
"165721","20144100C0496",1,9,0,4,0,0,0,0,0,0,1,1,6,1,6,-1,-1,-1,-1,-1
"165722","20144100C0496",2,9,0,4,0,0,0,0,0,0,2,1,1,1,9,1998,2,5,8,1
"165723","20144100C0498",1,9,0,18,0,8,0,0,7,10,4,1,6,2,6,1149,1,6,10,1
"165724","20144100C0498",2,9,0,18,0,8,0,0,0,0,1,1,6,2,9,1598,2,1,9,1
"165727","20144100C0502",1,19,0,18,0,8,0,0,0,0,1,1,6,1,-1,2198,2,1,-1,-1
"165728","20144100C0502",2,9,0,9,0,8,0,0,0,0,4,1,2,2,9,1149,1,2,10,1
"165729","20144100C0506",1,9,0,9,0,5,0,0,0,0,3,1,6,2,7,2204,2,6,-1,-1
"165730","20144100C0506",2,1,0,18,0,1,0,0,0,0,1,1,2,1,7,-1,-1,-1,7,1
"165737","20144100C0517",1,9,0,18,0,1,0,7,3,0,1,1,3,2,9,2497,2,7,9,1
"165738","20144100C0517",2,9,0,2,0,2,0,0,0,0,1,1,6,1,8,-1,-1,-1,4,1
"165741","20144100C0520",1,9,0,18,0,0,0,0,0,0,1,1,6,2,8,1998,1,14,6,1
"165742","20144100C0520",2,9,0,3,0,0,0,0,0,0,2,1,1,1,7,1896,2,8,6,1
"165747","20144100C0527",1,9,0,18,0,8,0,0,0,0,1,1,6,1,5,-1,-1,-1,5,1
"165748","20144100C0527",2,9,0,9,0,5,0,0,0,0,1,1,6,2,6,1242,1,13,4,1
"165749","20144100C0528",1,9,0,9,0,6,0,0,0,0,1,1,6,2,6,1968,2,1,6,1
"165750","20144100C0528",2,9,0,14,0,1,0,0,0,0,1,1,1,2,6,1248,2,2,7,1
"165751","20144100C0528",3,20,0,3,0,1,0,0,0,0,0,1,1,1,7,10518,2,7,1,1
"165752","20144100C0529",1,9,0,9,0,8,0,0,0,0,4,1,6,3,-1,-1,-1,-1,-1,-1
"165753","20144100C0529",2,3,0,9,0,8,0,0,0,0,1,1,2,1,4,125,1,6,7,1
"165754","20144100C0535",1,9,0,18,0,8,0,0,0,0,4,1,6,2,7,-1,-1,-1,4,1
"165755","20144100C0535",2,90,0,18,0,6,0,0,0,0,1,1,6,1,11,-1,-1,-1,6,1
"165756","20144100C0540",1,9,0,9,0,6,0,0,0,0,1,1,6,2,8,1598,1,14,7,1
"165757","20144100C0540",2,3,0,14,0,1,0,0,0,0,4,1,2,1,4,125,1,2,4,1
"165761","20144100C0547",1,9,0,5,0,4,0,0,0,0,3,1,6,1,8,1339,1,2,9,1
"165762","20144100C0547",2,9,0,5,0,4,0,0,0,0,4,1,1,2,7,1984,1,6,-1,-1
"165763","20144100C0551",1,9,0,9,0,1,0,0,0,0,1,1,6,1,8,1994,2,5,4,1
"165764","20144100C0555",1,9,0,18,0,0,0,0,0,0,1,1,6,1,6,1229,1,6,10,1
"165765","20144100C0555",2,9,0,3,0,0,0,0,0,0,2,1,6,1,10,1389,1,18,5,1
"165766","20144100C0555",3,9,0,3,0,0,0,0,0,0,2,1,6,1,6,998,1,14,7,1
"165767","20144100C0556",1,9,0,7,0,8,0,0,0,0,4,1,6,2,6,2996,1,7,8,1
"165768","20144100C0556",2,1,0,7,0,8,0,0,0,0,3,1,6,1,7,-1,-1,-1,10,1
"165769","20144100C0557",1,9,0,18,0,0,0,0,0,0,4,1,1,2,6,1796,1,7,4,1
"165770","20144100C0557",2,1,0,18,0,0,0,0,0,0,3,1,1,1,7,-1,-1,-1,6,1
"165771","20144100C0559",1,9,0,18,0,0,0,0,0,0,1,1,6,2,4,1198,1,12,-1,-1
"165772","20144100C0559",2,9,0,3,0,0,0,0,0,0,2,1,6,2,7,-1,-1,-1,4,1
"165773","20144100C0559",3,9,0,3,0,0,0,0,0,0,2,1,6,2,5,-1,-1,-1,-1,-1
"165778","20144100C0578",1,9,0,5,0,8,0,0,0,0,1,1,6,2,5,1388,1,15,5,1
"165779","20144100C0578",2,9,0,9,0,8,0,0,0,0,4,1,6,2,11,1242,1,9,9,1
"165782","20144100C0581",1,9,0,18,0,1,1,0,0,0,1,1,2,1,7,1598,1,14,-1,-1
"165783","20144100C0581",2,9,0,10,0,1,0,0,0,0,2,1,2,2,-1,1242,1,2,-1,-1
"165790","20144100C0614",1,19,0,18,0,1,0,0,0,0,1,1,6,1,6,2402,2,10,3,1
"165791","20144100C0614",2,9,0,5,0,1,0,0,0,0,2,1,1,2,7,1248,2,1,3,1
"165795","20144100C0621",1,9,0,4,0,1,0,0,0,0,0,1,6,3,-1,-1,-1,-1,-1,-1
"165796","20144100C0621",2,9,0,18,0,1,1,0,0,0,2,2,6,2,6,1124,1,13,6,1
"165797","20144100C0621",3,1,0,18,0,1,0,0,0,0,1,1,6,1,6,-1,-1,-1,7,1
"165802","20144100C0627",1,9,0,13,0,0,0,0,0,0,1,1,6,1,5,1596,1,12,-1,-1
"165803","20144100C0627",2,5,0,18,0,0,0,0,0,0,1,1,6,1,8,998,1,11,4,1
"165811","20144100C0639",1,9,0,7,0,5,0,0,0,0,4,1,6,1,6,1968,2,1,-1,-1
"165812","20144100C0642",1,9,0,18,0,8,0,0,0,0,3,1,1,1,6,1753,2,12,6,1
"165813","20144100C0644",1,19,0,18,0,4,0,0,1,0,2,1,6,2,10,-1,-1,-1,10,1
"165814","20144100C0644",2,5,0,18,0,8,0,0,7,0,1,1,2,1,8,999,1,4,10,1
"165816","20144100C0648",1,9,0,9,0,6,0,0,0,0,1,1,6,1,4,1200,1,12,5,1
"165817","20144100C0648",2,5,0,18,0,8,0,0,0,0,1,1,6,1,8,599,1,3,10,1
"165822","20144100C0665",1,9,0,14,0,4,1,0,3,2,1,1,1,1,7,-1,-1,-1,4,1
"165823","20144100C0665",2,9,0,18,0,8,0,0,0,0,4,1,6,2,10,1422,2,9,10,1
"165827","20144100C0676",1,3,0,18,0,8,0,0,0,0,1,1,6,1,4,124,1,13,8,1
"165828","20144100C0676",2,9,0,18,0,8,0,0,0,0,3,1,6,2,9,996,1,1,7,1
"165829","20144100C0683",1,9,0,1,0,1,0,0,0,0,2,1,1,1,8,-1,-1,-1,6,1
"165830","20144100C0683",2,3,0,3,0,2,0,0,0,0,1,1,2,2,8,114,1,-1,6,1
"165831","20144100C0688",1,9,0,9,0,5,0,0,0,0,4,1,1,1,6,599,1,12,9,1
"165832","20144100C0688",2,5,0,18,0,1,0,0,0,0,1,1,6,1,5,-1,-1,-1,3,1
"165835","20144100C0702",1,9,0,18,0,0,0,0,0,0,1,1,6,1,5,1968,2,7,9,1
"165836","20144100C0702",2,3,0,18,0,0,0,0,0,0,1,1,6,1,5,125,1,1,-1,-1
"165837","20144100C0703",1,1,0,18,0,6,0,0,0,0,1,1,6,2,3,-1,-1,-1,3,1
"165838","20144100C0703",2,9,0,18,0,8,0,0,0,0,4,1,2,1,5,1461,2,2,3,1
"165839","20144100C0704",1,9,0,7,0,8,0,0,0,0,4,1,6,1,4,2480,1,4,8,1
"165840","20144100C0704",2,9,0,8,0,8,0,0,0,0,3,1,1,2,7,1328,1,9,8,1
"165841","20144100C0705",1,3,0,18,0,0,0,0,0,0,2,1,1,1,6,124,1,7,8,1
"165842","20144100C0705",2,9,0,13,0,0,0,0,0,0,4,1,6,1,6,2143,2,2,5,1
"165855","20144100C0714",1,19,0,4,0,1,1,0,0,0,1,1,2,1,6,2151,2,12,5,1
"165856","20144100C0714",2,19,0,4,0,1,0,0,0,0,2,1,1,1,7,1461,2,-1,-1,1
"165857","20144100C0720",1,9,0,1,0,6,0,0,0,0,4,1,6,2,8,-1,-1,-1,-1,-1
"165858","20144100C0723",1,9,0,18,0,1,0,0,0,0,1,1,6,1,4,1388,1,7,6,1
"165859","20144100C0723",2,9,0,3,0,1,0,0,0,0,2,1,6,1,6,1390,1,-1,-1,-1
"165860","20144100C0729",1,19,0,1,0,6,0,0,0,0,2,1,6,1,8,2461,2,8,5,1
"165861","20144100C0729",2,9,0,18,0,8,0,0,0,0,4,1,6,1,11,1762,1,15,5,1
"165862","20144100C0733",1,9,0,18,0,0,0,0,0,0,1,1,6,3,-1,1199,1,12,-1,-1
"165863","20144100C0733",2,9,0,2,0,0,0,0,0,0,3,1,6,1,6,1390,1,3,6,1
"165864","20144100C0744",1,8,0,5,0,0,0,0,0,0,0,1,1,1,8,1360,1,11,4,1
"165865","20144100C0746",1,9,0,2,0,0,0,0,0,0,3,1,6,2,6,-1,-1,-1,-1,-1
"165866","20144100C0746",2,1,0,18,0,0,0,0,0,0,4,1,6,1,4,-1,-1,-1,8,1
"165869","20144100C0749",1,9,0,18,0,3,0,0,0,0,3,1,6,1,7,1799,1,8,7,1
"165870","20144100C0749",2,9,0,18,0,1,0,0,0,0,3,1,2,2,9,998,1,2,4,1
"165872","20144100C0755",1,9,0,18,0,8,0,0,0,0,1,1,1,2,8,1242,1,1,10,3
"165873","20144100C0755",2,9,0,18,0,8,0,0,0,0,3,1,6,2,9,1598,1,9,-1,-1
"165876","20144100C0759",1,9,0,7,0,3,0,0,0,0,4,1,6,2,8,1339,1,1,6,1
"165877","20144100C0759",2,9,0,9,0,8,0,0,0,0,3,1,6,2,6,1248,2,-1,2,1
"165882","20144100C0770",1,9,0,18,0,0,0,0,0,0,3,1,6,2,11,-1,-1,-1,-1,-1
"165883","20144100C0770",2,1,0,18,0,0,0,0,0,0,1,1,6,1,3,-1,-1,-1,10,1
"165884","20144100C0771",1,9,0,12,0,0,0,0,0,0,4,1,6,2,4,1242,1,1,8,1
"165885","20144100C0771",2,9,0,18,0,0,0,0,0,0,1,1,6,1,4,1242,1,12,8,1
"1658881","20144100C0784",1,9,0,18,0,8,0,0,0,0,1,1,6,2,8,1596,1,15,6,1
"165889","20144100C0784",2,9,0,18,0,8,0,0,0,0,3,1,6,2,6,1794,1,14,-1,-1
"165896","20144100C0794",1,9,0,18,0,2,0,0,0,0,3,1,6,2,5,1086,1,10,10,1
"165897","20144100C0795",1,1,0,18,9,0,0,0,0,0,1,1,6,1,8,-1,-1,-1,9,1
"165898","20144100C0797",1,19,0,4,9,2,0,0,0,0,4,1,6,1,6,-1,-1,-1,-1,-1
"165902","20144100C0799",1,3,0,15,0,0,0,0,0,0,1,1,1,1,4,125,1,1,6,1
"165903","20144100C0799",2,9,0,18,0,0,0,0,0,0,1,1,6,1,9,2148,2,11,6,1
"165904","20144100C0799",3,9,0,18,0,0,0,0,0,0,1,1,6,1,9,1388,1,8,8,1
"165905","20144100C0802",1,8,0,4,0,1,0,0,0,0,4,1,1,1,8,2402,2,10,5,1
"165906","20144100C0805",1,19,0,18,0,1,0,0,0,0,1,1,6,1,-1,-1,-1,-1,-1,-1
"165907","20144100C0805",2,9,0,8,0,1,0,0,0,0,2,1,6,1,7,1870,2,11,5,1
"165910","20144100C0826",1,9,0,11,0,0,0,0,0,0,0,1,6,3,-1,-1,-1,-1,-1,-1
"165911","20144100C0826",2,9,0,4,0,0,1,0,0,0,2,1,6,1,8,-1,-1,-1,5,1
"165912","20144100C0826",3,9,0,18,0,0,1,0,0,0,2,1,6,1,4,1968,2,3,7,1
"165913","20144100C0826",4,9,0,18,0,0,1,0,0,0,1,1,6,1,5,1997,2,6,-1,1
"165914","20144100C0829",1,9,0,18,0,0,1,10,7,10,1,1,6,1,4,1896,2,10,-1,-1
"165915","20144100C0829",2,9,0,2,0,0,0,0,0,0,1,1,6,3,-1,-1,-1,-1,4,1
"165918","20144100C0833",1,9,0,6,0,2,0,0,0,0,3,1,6,1,6,1900,2,8,7,1
"165919","20144100C0833",2,3,0,13,0,2,0,0,0,0,1,1,2,1,6,125,1,4,8,1
"165920","20144100C0837",1,9,0,14,0,0,0,0,0,0,4,1,6,1,11,1968,2,10,-1,-1
"165921","20144100C0842",1,9,0,7,0,6,0,0,0,0,0,1,2,1,5,1596,1,3,8,1
"165922","20144100C0842",2,9,0,18,0,8,1,0,7,4,1,1,6,1,7,2497,1,5,3,1
"165925","20144100C0846",1,5,0,18,0,0,1,12,0,0,1,1,6,1,8,865,1,7,5,1
"165927","20144100C0849",1,9,0,18,0,2,0,0,0,0,1,1,6,2,8,1598,1,8,4,1
"165928","20144100C0849",2,9,0,3,0,2,0,0,0,0,2,1,6,1,7,-1,-1,-1,7,1
"165929","20144100C0850",1,9,0,18,0,1,0,0,0,0,1,1,6,2,9,2993,2,8,-1,-1
"165930","20144100C0850",2,9,0,3,0,1,0,0,0,0,2,1,6,2,7,1390,1,7,4,1
"165931","20144100C0852",1,9,0,18,0,0,5,10,0,0,4,1,2,2,4,1124,1,15,5,1
"165934","20144100C0855",1,9,0,5,0,6,0,0,0,0,3,1,6,1,10,1762,1,14,3,1
"165935","20144100C0855",2,1,0,18,0,8,0,0,0,0,1,1,6,2,7,-1,-1,-1,9,1
"165936","20144100C0862",1,19,0,18,0,0,0,0,0,0,1,1,6,1,6,1753,2,14,7,1
"165937","20144100C0862",2,9,0,3,0,0,0,0,0,0,2,1,6,1,6,1798,1,-1,9,1
"165938","20144100C0862",3,9,0,3,0,0,0,0,0,0,2,1,6,2,7,2148,2,11,4,1
"165939","20144100C0863",1,9,0,4,0,0,0,0,0,0,2,1,6,2,8,1596,1,2,4,1
"165940","20144100C0863",2,9,0,4,0,0,0,0,0,0,1,1,2,1,7,998,1,7,8,1
"165941","20144100C0866",1,9,0,4,0,1,0,0,0,0,1,1,6,1,7,-1,-1,-1,-1,-1
"165942","20144100C0866",2,9,0,3,0,1,0,0,0,0,2,1,6,1,6,1199,1,10,-1,1
"165945","20144100C0884",1,9,0,4,0,0,0,0,0,0,1,1,2,1,5,1686,2,11,8,1
"165946","20144100C0884",2,9,0,4,0,0,0,0,0,0,2,1,2,2,8,1796,1,6,5,1
"165947","20144100C0887",1,9,0,5,0,8,0,0,0,0,4,1,6,1,7,1390,1,11,6,1
"165948","20144100C0887",2,8,0,12,0,8,0,0,0,0,3,1,1,1,6,1995,2,7,5,1
"165951","20144100C0892",1,9,0,4,0,0,0,0,0,0,2,1,6,1,7,-1,-1,-1,-1,-1
"165952","20144100C0892",2,9,0,4,0,0,0,0,0,0,2,1,6,2,5,-1,-1,-1,7,1
"165953","20144100C0892",3,9,0,18,0,0,0,0,0,0,1,1,6,1,10,1598,1,1,7,1
"165954","20144100C0893",1,9,0,18,0,0,0,0,7,2,1,1,6,1,11,1197,1,1,10,1
"165955","20144100C0893",2,9,0,2,0,0,0,0,0,0,4,1,6,3,-1,1796,1,9,10,1
"165956","20144100C0893",3,9,0,2,0,0,0,0,0,0,4,1,6,3,-1,1995,1,8,9,3
"165957","20144100C0893",4,9,0,2,0,0,0,0,0,0,4,1,6,3,-1,1598,1,11,9,1
"165958","20144100C0893",5,9,0,2,0,0,0,0,0,0,1,1,6,3,-1,1896,2,10,10,1
"165961","20144100C0896",1,9,0,18,0,0,0,0,0,0,4,1,1,1,6,-1,-1,-1,6,1
"165969","20144100C0924",1,2,0,15,0,1,0,10,0,0,1,1,6,1,4,-1,-1,-1,7,1
"165970","20144100C0925",1,9,0,5,0,4,0,0,0,0,1,1,6,2,8,998,1,15,3,1