"","Acc_Index","Vehicle_Reference","Vehicle_Type","Towing_and_Articulation","Vehicle_Manoeuvre","Vehicle_Location.Restricted_Lane","Junction_Location","Skidding_and_Overturning","Hit_Object_in_Carriageway","Vehicle_Leaving_Carriageway","Hit_Object_off_Carriageway","X1st_Point_of_Impact","Was_Vehicle_Left_Hand_Drive","Journey_Purpose_of_Driver","Sex_of_Driver","Age_Band_of_Driver","Engine_Capacity_.CC.","Propulsion_Code","Age_of_Vehicle","Driver_IMD_Decile","Driver_Home_Area_Type"
"165971","20144100C0925",2,9,0,18,0,8,0,0,0,0,2,1,6,2,7,998,1,8,6,1
"165980","20144100C0947",1,9,0,9,0,6,0,0,0,0,1,1,6,1,-1,1798,1,7,-1,-1
"165981","20144100C0947",2,9,0,18,0,8,0,0,0,0,3,1,6,1,5,1598,1,13,8,1
"165982","20144100C0952",1,8,0,2,0,0,0,0,0,0,4,1,6,2,-1,-1,-1,-1,-1,-1
"165983","20144100C0952",2,1,0,18,0,0,0,10,0,0,1,1,2,2,7,-1,-1,-1,9,1
"165990","20144100C0965",1,9,0,18,0,6,0,0,0,0,3,1,6,2,7,1686,2,3,4,1
"165991","20144100C0965",2,9,0,18,0,8,0,0,0,0,1,1,1,2,7,1242,1,2,6,1
"165992","20144100C0966",1,9,0,18,0,0,0,0,0,0,1,1,6,2,6,1560,2,4,5,1
"165993","20144100C0966",2,9,0,3,0,0,0,0,0,0,2,1,1,1,6,1686,2,4,7,3
"165998","20144100C0973",1,3,0,4,0,0,0,0,0,0,1,1,1,1,4,-1,-1,-1,7,1
"165999","20144100C0973",2,9,0,1,0,0,0,0,0,0,2,1,6,2,7,-1,-1,-1,7,1
"166000","20144100C0977",1,9,0,7,9,6,0,0,0,0,1,1,6,1,7,996,1,5,4,1
"166001","20144100C0977",2,1,0,18,9,8,0,0,0,0,3,1,6,1,9,-1,-1,-1,4,1
"166002","20144100C0979",1,9,0,18,0,0,0,0,0,0,0,1,6,1,-1,1686,2,2,-1,-1
"166003","20144100C0979",2,3,0,18,0,0,0,0,0,0,3,1,6,1,4,-1,-1,-1,3,1
"166006","20144100C0985",1,9,0,18,0,2,0,0,0,0,1,1,6,2,9,1895,1,14,9,1
"166007","20144100C0986",1,9,0,9,0,8,0,0,0,0,3,1,6,2,6,1390,1,12,8,1
"166008","20144100C0986",2,9,0,5,0,8,0,0,0,0,3,1,6,1,7,1560,2,2,8,1
"166009","20144100C0989",1,11,0,18,0,8,0,0,0,0,0,1,1,1,-1,5883,2,12,-1,-1
"166010","20144100C0989",2,9,0,7,0,6,0,0,0,0,0,1,6,2,-1,-1,-1,-1,-1,-1
"166011","20144100C0999",1,9,0,18,0,1,0,0,0,0,1,1,6,1,5,1149,1,4,7,1
"166012","20144100C0999",2,9,0,9,0,5,0,0,0,0,1,1,6,1,-1,1796,1,4,-1,-1
"166016","20144100C1003",1,9,0,18,0,8,0,0,0,0,1,1,6,2,8,1498,1,4,9,1
"166017","20144100C1003",2,8,0,7,0,6,0,0,0,0,3,1,1,1,7,1896,2,6,10,1
"166020","20144100C1016",1,9,0,18,0,1,0,0,0,0,1,1,6,2,8,1368,1,-1,9,1
"166028","20144100C1025",1,9,0,17,0,0,1,0,1,4,1,1,6,2,7,1124,1,19,4,1
"166029","20144100C1030",1,9,0,18,0,1,0,0,1,10,1,1,2,1,7,1598,1,10,5,1
"166030","20144100C1032",1,9,0,18,0,1,0,0,0,0,4,1,6,1,6,1595,1,-1,-1,-1
"166031","20144100C1033",1,19,0,18,0,1,1,0,0,0,1,1,1,1,10,2799,2,13,5,1
"166032","20144100C1033",2,9,0,4,0,1,0,0,0,0,2,1,6,1,7,-1,-1,-1,10,1
"166033","20144100C1033",3,9,0,3,0,1,0,0,0,0,0,1,1,1,6,1686,2,2,3,1
"166034","20144100C1034",1,9,0,18,0,0,0,0,0,0,4,1,6,2,8,1388,1,12,-1,-1
"166037","20144100C1047",1,9,0,9,0,5,0,0,3,0,3,1,6,3,-1,1388,1,4,-1,-1
"166038","20144100C1047",2,8,0,18,0,8,0,0,0,0,1,1,1,1,7,1997,2,8,3,1
"166039","20144100C1048",1,9,0,6,0,2,0,0,0,0,3,1,6,2,6,1498,1,7,4,1
"166040","20144100C1048",2,2,0,13,0,2,0,0,0,0,1,1,6,1,4,-1,-1,-1,8,1
"166043","20144100C1050",1,19,0,7,0,1,0,0,0,0,4,1,6,3,-1,-1,-1,-1,-1,-1
"166044","20144100C1050",2,1,0,18,0,1,0,0,0,0,3,1,2,1,6,-1,-1,-1,9,1
"166045","20144100C1054",1,9,0,9,0,6,0,0,0,0,3,1,2,1,7,1560,2,8,-1,-1
"166046","20144100C1054",2,4,0,14,0,1,0,0,0,0,1,1,2,1,5,124,1,11,7,1
"166047","20144100C1064",1,9,0,18,0,0,0,4,0,0,1,1,6,2,6,1388,1,7,5,1
"166048","20144100C1064",2,9,0,2,0,0,0,0,0,0,4,1,6,3,-1,2231,2,7,-1,-1
"166049","20144100C1064",3,9,0,2,0,0,0,0,0,0,4,1,6,3,-1,1984,1,13,-1,-1
"166052","20144100C1067",1,9,0,18,0,0,0,0,0,0,1,1,6,1,8,1796,1,14,-1,-1
"166053","20144100C1076",1,9,0,9,0,6,0,0,0,0,0,1,2,2,7,1998,1,12,8,1
"166054","20144100C1076",2,5,0,14,0,8,1,0,0,0,0,1,2,1,7,899,1,16,4,2
"166067","20144100C1090",1,9,0,18,0,1,0,0,0,0,1,1,6,1,4,1229,1,1,10,1
"166071","20144100C1111",1,9,0,18,0,8,0,0,0,0,0,1,6,1,6,-1,-1,-1,-1,-1
"166072","20144100C1111",2,11,0,18,0,8,0,0,0,0,0,1,1,1,7,7300,2,9,8,1
"166073","20144100C1112",1,9,0,18,0,1,0,7,1,7,4,1,6,2,6,1896,2,7,10,1
"166079","20144100C1122",1,9,0,18,0,1,0,0,0,0,1,1,6,1,6,2172,2,10,-1,-1
"166080","20144100C1122",2,9,0,4,0,1,0,0,0,0,2,1,6,1,6,1197,1,1,6,1
"166093","20144100C1134",1,9,0,18,0,1,0,0,0,0,3,1,6,1,8,1686,2,-1,4,1
"166094","20144100C1137",1,9,0,18,0,2,0,0,0,0,1,1,6,2,6,1991,2,10,2,1
"166095","20144100C1137",2,9,0,3,0,2,0,0,0,0,2,1,6,1,5,1998,1,8,10,1
"166096","20144100C1142",1,9,0,5,0,6,0,0,7,0,1,1,6,1,8,2199,2,4,6,1
"166097","20144100C1142",2,9,0,18,0,8,0,7,7,10,4,1,6,2,9,1968,2,2,8,1
"166098","20144100C1150",1,9,0,9,0,6,0,0,0,0,3,1,6,2,10,1587,1,11,6,1
"166099","20144100C1150",2,9,0,18,0,8,0,0,0,0,1,1,3,1,4,999,1,15,10,1
"166100","20144100C1152",1,9,0,9,0,5,0,0,0,0,1,1,6,1,-1,-1,-1,-1,-1,-1
"166101","20144100C1152",2,1,0,18,0,8,0,0,0,0,3,1,2,1,5,-1,-1,-1,8,1
"166102","20144100C1155",1,21,1,5,0,4,0,0,0,0,3,1,6,3,-1,12809,2,-1,-1,-1
"166103","20144100C1158",1,9,0,16,0,0,0,0,0,0,0,2,6,2,5,-1,-1,-1,6,1
"166104","20144100C1158",2,3,0,17,0,0,1,10,0,0,0,1,6,1,6,645,1,-1,5,1
"166105","20144100C1160",1,9,0,9,0,5,0,0,0,0,1,1,6,2,5,1198,1,8,6,1
"166106","20144100C1166",1,9,0,9,0,5,0,0,0,0,1,1,6,1,7,1598,1,8,-1,-1
"166107","20144100C1167",1,3,0,14,0,8,0,0,0,0,4,1,6,1,8,-1,-1,-1,8,1
"166108","20144100C1167",2,9,0,9,0,5,0,0,0,0,3,1,6,1,5,1598,1,8,8,1
"166121","20144100C1187",1,1,0,9,0,0,0,10,0,10,1,1,6,1,8,-1,-1,-1,4,1
"166122","20144100C1189",1,1,0,18,0,6,0,0,0,0,1,1,6,1,3,-1,-1,-1,-1,-1
"166123","20144100C1189",2,9,0,18,0,8,0,0,0,0,4,1,3,2,6,1686,2,2,-1,-1
"166125","20144100C1195",1,9,0,1,0,0,0,0,0,0,2,1,6,3,-1,-1,-1,-1,-1,-1
"166126","20144100C1198",1,9,0,18,0,0,0,0,0,0,1,1,1,1,6,1896,2,7,6,1
"166127","20144100C1199",1,1,0,16,0,2,0,0,0,0,1,1,2,1,6,-1,-1,-1,4,1
"166128","20144100C1210",1,9,0,9,0,8,0,0,0,0,1,1,1,1,7,-1,-1,-1,6,1
"166129","20144100C1210",2,9,0,18,0,8,0,0,0,0,1,1,2,2,5,1199,1,10,9,1
"166130","20144100C1214",1,9,0,17,0,8,0,0,0,0,4,1,2,1,5,1242,1,3,9,1
"166131","20144100C1214",2,9,0,3,0,8,0,0,0,0,3,1,2,1,8,-1,-1,-1,4,1
"166132","20144100C1215",1,1,0,18,0,8,0,0,0,0,1,1,2,2,8,-1,-1,-1,-1,-1
"166133","20144100C1215",2,19,0,9,0,8,0,0,0,0,4,1,1,1,5,-1,-1,-1,3,1
"166138","20144100C1234",1,9,0,9,0,8,0,0,0,0,1,1,6,1,9,1595,1,11,4,1
"166139","20144100C1234",2,9,0,9,0,8,0,0,0,0,2,1,6,1,-1,1395,1,-1,-1,-1
"166140","20144100C1234",3,9,0,15,0,8,0,0,0,0,0,1,6,3,-1,-1,-1,-1,-1,-1
"166141","20144100C1236",1,9,0,9,0,6,0,0,0,0,1,1,6,2,7,1998,1,9,9,1
"166142","20144100C1236",2,9,0,18,0,8,0,0,0,0,3,1,2,2,9,1242,1,1,4,1
"166143","20144100C1236",3,9,0,3,0,1,0,0,0,0,3,1,6,2,7,2993,2,4,6,1
"166157","20144100C1272",1,19,0,1,0,1,0,0,0,0,2,1,1,1,7,2402,2,4,-1,-1
"166158","20144100C1272",2,9,0,3,0,1,0,0,0,0,1,1,1,1,5,1229,1,-1,2,1
"166159","20144100C1272",3,9,0,3,0,1,0,0,0,0,1,1,1,2,5,998,1,1,-1,-1
"166163","20144100C1279",1,19,0,18,0,1,0,0,0,0,1,1,6,1,8,-1,-1,-1,-1,-1
"166164","20144100C1279",2,9,0,3,0,1,0,0,0,0,2,1,6,2,7,2993,2,1,10,2
"166165","20144100C1282",1,9,0,18,0,0,0,0,0,0,1,1,6,1,6,1198,1,4,9,1
"166166","20144100C1282",2,9,0,4,0,0,0,0,0,0,2,1,6,2,6,1968,2,1,9,1
"166167","20144100C1282",3,9,0,4,0,0,0,0,0,0,2,1,6,1,4,2000,2,5,7,1
"166168","20144100C1286",1,9,0,18,0,1,0,0,0,0,1,1,1,1,8,1984,1,8,3,1
"166175","20144100C1296",1,3,0,14,0,8,0,0,0,0,3,1,6,1,9,124,1,2,-1,-1
"166176","20144100C1296",2,9,0,5,0,6,0,0,0,0,1,1,6,1,8,973,1,15,7,1
"166177","20144100C1298",1,9,0,10,0,1,0,0,0,0,2,1,1,2,7,1242,1,1,10,1
"166178","20144100C1298",2,19,0,18,0,1,0,0,0,0,1,1,2,1,7,1753,2,8,8,1
"166179","20144100C1298",3,19,0,18,0,8,0,0,0,0,3,1,2,1,8,2460,2,8,5,3
"166184","20144100C1304",1,11,0,4,0,1,0,0,0,0,1,1,1,1,9,6370,2,6,-1,-1
"166185","20144100C1307",1,9,0,18,0,4,0,0,0,0,1,1,6,2,6,1242,1,2,9,1
"166186","20144100C1307",2,1,0,18,0,8,0,0,0,0,4,1,2,1,4,-1,-1,-1,-1,-1
"166198","20144100C1325",1,9,0,18,0,1,1,4,0,0,1,1,6,2,6,1997,1,11,7,1
"166199","20144100C1325",2,9,0,2,0,1,0,0,0,0,1,1,6,3,-1,1598,1,1,9,1
"166205","20144100C1337",1,9,0,4,0,1,0,0,0,0,4,1,2,2,7,1998,2,9,4,1
"166206","20144100C1338",1,9,0,9,0,5,0,0,0,0,3,1,6,2,7,1598,1,4,10,1
"166207","20144100C1338",2,9,0,9,0,6,0,0,0,0,1,1,6,2,7,-1,-1,-1,7,1
"166208","20144100C1351",1,1,0,18,5,0,0,0,0,0,1,1,6,1,-1,-1,-1,-1,-1,-1
"166209","20144100C1353",1,9,0,18,0,1,0,0,0,0,1,1,6,1,6,2993,2,2,-1,-1
"166210","20144100C1353",2,9,0,3,0,1,0,0,0,0,2,1,6,1,7,1386,1,9,7,1
"168224","20144100J0428",1,9,0,4,0,1,0,0,0,0,1,1,2,2,9,1332,1,15,9,1
"168225","20144100J0428",2,9,0,3,0,1,0,0,0,0,2,1,2,1,10,-1,-1,-1,9,2
"168289","20144100J0526",1,9,0,18,0,1,0,0,0,0,1,1,6,1,4,993,1,11,4,1
"168290","20144100J0526",2,9,0,4,0,1,0,0,0,0,2,1,2,2,8,1598,1,13,10,1
"168320","20144100J0571",1,11,0,5,0,0,0,0,0,0,0,1,6,1,7,-1,-1,-1,5,1
"168814","20144100T1015",1,9,0,18,0,0,0,0,0,0,1,1,6,1,6,1686,2,9,-1,-1
"168815","20144100T1015",2,9,0,18,0,0,0,0,0,0,2,1,1,2,6,1560,2,5,7,1
"168828","20144100T1024",1,9,0,11,0,0,0,0,0,0,1,1,6,1,10,998,1,13,3,1
"168829","20144100T1024",2,19,0,18,0,0,0,0,0,0,2,1,2,1,7,1995,2,3,10,1
"168901","20144100T1087",1,9,0,18,0,0,0,0,0,7,1,1,6,2,7,-1,-1,-1,2,1
"168902","20144100T1087",2,9,0,18,0,0,0,0,0,0,4,1,6,1,6,1389,1,12,1,1
"168926","20144100T1107",1,9,0,18,0,0,2,0,1,7,4,1,2,2,5,1349,1,5,6,1
"168940","20144100T1125",1,9,0,4,0,0,0,0,0,0,1,1,2,2,8,1968,2,4,9,1
"168941","20144100T1125",2,9,0,3,0,0,0,0,0,0,2,1,1,2,7,1956,2,1,7,3
"168954","20144100T1129",1,9,0,4,0,0,0,0,0,0,0,1,6,1,6,1240,1,11,5,1
"1689551","20144100T1129",2,9,0,4,0,0,0,0,0,0,2,1,6,1,8,1200,1,-1,7,1
"1689561","20144100T1129",3,9,0,4,0,0,0,0,0,0,3,1,6,2,6,1339,8,7,8,1
"1689571","20144100T1129",4,9,0,4,0,0,0,0,0,0,1,1,6,1,7,-1,-1,-1,6,1
"195960","2014450011918",1,9,0,3,0,0,0,0,0,0,0,1,6,1,8,-1,-1,-1,9,1
"195961","2014450011918",2,3,0,18,0,0,0,8,0,0,4,1,2,1,7,125,1,1,8,2
"195962","2014450011918",3,9,0,3,0,0,0,0,0,0,3,1,1,1,5,1497,8,7,4,1
"196055","2014450012184",1,9,0,18,0,0,0,0,0,0,4,1,6,3,-1,-1,-1,-1,-1,-1
"196069","2014450012220",1,9,0,18,0,1,0,0,0,0,1,1,6,1,10,1910,2,8,8,1
"196070","2014450012220",2,1,0,9,0,6,5,0,0,0,3,1,6,2,6,-1,-1,-1,7,1
"196074","2014450012224",1,9,0,4,0,0,0,0,0,0,2,1,6,1,7,1995,2,4,10,1
"196075","2014450012224",2,9,0,18,0,0,0,0,0,0,2,1,6,2,7,1235,1,22,6,1
"196076","2014450012224",3,9,0,18,0,0,0,0,0,0,2,1,6,2,4,1149,1,10,10,1
"196077","2014450012224",4,9,0,18,0,0,0,0,0,0,2,1,6,2,5,998,1,13,10,1
"196110","2014450012263",1,9,0,1,0,0,0,0,0,0,0,1,6,2,10,995,1,7,3,1
"196111","2014450012270",1,11,0,18,0,1,0,0,0,0,1,1,1,1,-1,-1,-1,-1,9,1
"196112","2014450012270",2,9,0,10,0,1,0,0,0,0,2,1,6,2,5,1299,1,16,4,1
"196148","2014450012345",1,3,0,9,0,6,1,0,0,0,0,1,1,1,8,85,1,15,7,1
"196216","2014450012457",1,9,0,18,0,8,1,4,2,0,2,1,6,1,6,-1,-1,-1,9,2
"196217","2014450012457",2,9,0,2,0,8,0,0,0,0,2,1,6,1,7,-1,-1,-1,3,1
"196237","2014450012482",1,9,0,18,0,0,1,0,0,0,1,1,2,1,6,1299,1,6,10,1
"196238","2014450012482",2,9,0,18,0,0,0,0,0,0,1,1,2,1,9,1242,1,3,6,1
"196290","2014450012534",1,9,0,18,0,0,0,0,0,0,3,1,1,1,11,1796,1,13,9,1
"196338","2014450012597",1,1,0,18,0,0,0,0,0,0,3,1,6,2,8,-1,-1,-1,9,3
"196339","2014450012597",2,1,0,18,0,0,0,0,0,0,3,1,6,1,8,-1,-1,-1,9,3
"196340","2014450012597",3,9,0,18,0,0,0,0,0,0,4,1,6,3,-1,-1,-1,-1,-1,-1
"196363","2014450012629",1,2,0,18,0,1,0,0,0,0,1,1,6,1,-1,-1,-1,-1,-1,-1
"196500","2014450012804",1,9,0,9,0,5,0,0,0,0,1,1,6,2,8,1389,1,8,6,1
"196501","2014450012804",2,9,0,18,0,1,1,0,0,0,1,1,6,2,6,1149,1,10,8,1
"196520","2014450012825",1,9,0,3,0,1,0,0,0,0,2,1,2,1,4,-1,-1,-1,9,3
"196521","2014450012825",2,9,0,18,0,1,0,0,0,0,1,1,6,1,5,-1,-1,-1,10,1
"196536","2014450012856",1,9,0,9,0,8,0,0,0,0,4,1,6,2,6,1299,1,14,5,1
"196537","2014450012856",2,4,0,18,0,8,0,0,0,0,1,1,6,1,4,250,1,2,9,1
"196606","2014450012964",1,9,0,18,0,0,0,0,0,0,3,1,6,1,5,1396,1,17,9,1
"196608","2014450012968",1,9,0,18,0,2,0,0,0,0,1,1,6,2,6,1368,1,5,10,1
"196620","2014450012997",1,9,0,4,0,0,0,0,0,0,4,1,6,2,4,1299,1,9,10,1
"196702","2014450013072",1,9,0,18,0,0,0,0,0,0,1,1,6,2,11,-1,-1,-1,9,1
"196825","2014450013224",1,9,0,18,0,0,0,0,0,0,1,1,1,1,-1,1598,1,1,4,1
"196866","2014450013279",1,9,0,18,0,8,0,0,0,0,1,1,2,1,6,1598,1,16,5,1
"196867","2014450013279",2,9,0,4,0,1,0,0,0,0,4,1,1,1,6,-1,-1,-1,9,1
"196897","2014450013317",1,9,0,18,0,2,0,0,0,0,2,1,2,2,7,1896,2,12,10,1
"196898","2014450013317",2,9,0,18,0,2,0,0,0,0,1,1,3,1,7,2926,2,14,10,1
"196912","2014450013336",1,9,0,18,0,8,0,0,0,0,4,1,1,2,5,998,1,6,7,1
"196913","2014450013336",2,9,0,18,0,8,0,0,0,0,1,1,6,2,8,1598,1,1,10,1
"196929","2014450013357",1,9,0,18,0,0,0,0,0,0,1,1,6,1,-1,1149,1,11,-1,-1
"196970","2014450013401",1,9,0,3,0,0,0,0,0,0,2,1,6,2,8,1124,1,12,8,1
"196971","2014450013401",2,9,0,18,0,0,0,0,0,0,1,1,6,2,7,1598,1,2,5,1
"197005","2014450013455",1,9,0,18,0,1,1,0,0,0,0,1,6,2,10,998,1,4,9,1
"197006","2014450013455",2,9,0,1,0,6,0,0,0,0,0,1,6,3,-1,1390,1,14,-1,-1
"197009","2014450013459",1,9,0,18,0,6,0,0,0,0,1,1,6,2,10,1329,1,4,2,1
"197010","2014450013459",2,9,0,9,0,6,0,0,1,0,4,1,6,2,7,4398,1,10,8,2
"197143","2014450013640",1,9,0,18,0,1,0,0,0,0,1,1,1,1,6,1984,1,12,8,1
"197260","2014450013796",1,9,0,9,0,1,0,0,0,0,1,1,6,1,6,1796,1,8,9,1
"197261","2014450013796",2,1,0,18,0,1,0,0,0,0,2,1,6,1,9,-1,-1,-1,10,1
"197326","2014450013873",1,1,0,18,0,0,0,0,0,0,2,1,2,1,5,-1,-1,-1,9,1
"197327","2014450013873",2,19,0,18,0,0,0,0,0,0,4,1,6,1,7,2198,2,1,4,1
"197414","2014450013977",1,2,0,18,0,1,0,0,0,0,3,1,6,1,4,49,1,8,8,1
"197422","2014450013995",1,9,0,18,0,0,0,0,0,0,1,1,6,2,-1,-1,-1,-1,-1,-1
"197458","2014450014035",1,3,0,18,9,0,0,0,0,0,1,1,6,3,-1,125,1,6,-1,-1
"197469","2014450014049",1,5,0,18,0,1,0,0,0,0,1,1,6,1,4,645,1,10,8,1
"197470","2014450014049",2,9,0,9,0,1,0,0,0,0,1,1,6,1,7,1798,1,4,9,1
"197504","2014450014082",1,9,0,9,0,5,0,0,0,0,1,1,2,1,7,1396,1,5,6,1
"197505","2014450014082",2,9,0,18,0,1,0,0,0,0,1,1,6,1,7,1364,1,8,9,1
"197527","2014450014107",1,9,0,18,0,0,0,0,0,0,1,1,6,1,7,1587,1,12,10,1
"197528","2014450014107",2,9,0,18,0,0,0,0,0,0,2,1,6,1,10,1994,1,18,9,1
"197534","2014450014120",1,2,0,18,0,0,0,0,0,0,1,1,6,1,-1,-1,-1,-1,-1,-1
"197662","2014450014290",1,9,0,18,0,8,0,0,0,0,3,1,6,3,5,1896,2,10,6,1
"197663","2014450014290",2,9,0,18,0,8,0,0,0,0,1,1,6,3,-1,-1,-1,-1,-1,-1
"197692","2014450014331",1,9,0,18,0,0,0,0,0,0,1,1,1,2,6,1598,1,8,10,1
"197693","2014450014331",2,9,0,3,0,0,0,0,0,0,2,1,1,1,9,3498,1,1,8,1
"197751","2014450014395",1,9,0,9,0,1,0,7,0,0,1,1,6,2,8,1998,1,9,10,1
"197752","2014450014395",2,9,0,18,0,1,0,0,0,0,4,1,6,1,7,1799,1,6,4,1
"197765","2014450014420",1,3,0,3,0,1,0,0,0,0,2,1,6,1,10,645,1,4,10,1
"197766","2014450014420",2,9,0,18,0,8,0,0,0,0,0,1,1,1,8,-1,-1,-1,-1,-1
"197767","2014450014420",3,9,0,3,0,1,0,0,0,0,1,1,1,1,6,1339,8,6,4,1
"197874","2014450014558",1,1,0,9,0,1,0,0,0,0,4,1,6,1,4,-1,-1,-1,3,1
"197875","2014450014558",2,9,0,18,0,1,0,0,0,0,1,1,6,1,11,2204,2,7,10,1
"197903","2014450014576",1,9,0,9,0,6,0,0,0,0,3,1,2,2,7,1390,1,9,10,1
"197904","2014450014576",2,1,0,18,0,1,0,0,0,0,1,1,6,2,6,-1,-1,-1,6,1
"197952","2014450014649",1,9,0,18,0,0,1,0,0,0,1,1,6,1,10,1600,1,8,10,1
"197990","2014450014692",1,1,0,18,5,1,0,11,0,0,1,1,2,2,4,-1,-1,-1,10,1
"198049","2014450014777",1,9,0,5,0,6,0,0,0,0,1,1,6,2,10,1339,1,8,8,1
"198060","2014450014794",1,1,0,13,0,1,0,0,0,0,3,1,6,1,5,-1,-1,-1,7,1
"198061","2014450014794",2,9,0,13,0,1,0,0,0,0,4,1,1,1,8,-1,-1,-1,9,1
"198091","2014450014819",1,9,0,18,0,0,0,0,0,0,1,1,6,1,7,1997,2,7,7,1
"198123","2014450014854",1,9,0,3,0,2,0,0,1,0,3,1,6,2,10,1240,1,5,10,1
"198124","2014450014854",2,1,0,14,0,2,0,0,0,0,4,1,6,1,7,-1,-1,-1,9,1
"198127","2014450014858",1,1,0,9,0,6,0,0,0,0,4,1,6,2,3,-1,-1,-1,10,1
"198128","2014450014858",2,9,0,5,0,8,0,0,0,0,1,1,6,2,9,1590,1,10,10,1
"198334","2014450015090",1,1,0,18,5,0,5,0,0,0,1,1,6,1,9,-1,-1,-1,9,1
"198335","2014450015090",2,1,0,18,5,0,5,0,0,0,1,1,6,2,2,-1,-1,-1,9,1
"198371","2014450015149",1,9,0,3,0,1,0,0,0,0,2,1,2,1,6,-1,-1,-1,9,1
"198372","2014450015149",2,9,0,3,0,1,0,0,0,0,2,1,2,2,5,1390,1,1,10,1
"198373","2014450015149",3,9,0,4,0,1,1,0,0,0,1,1,6,2,5,1984,1,3,10,1
"198379","2014450015161",1,9,0,9,0,3,0,0,0,0,3,1,6,2,7,1598,1,12,10,1
"198380","2014450015161",2,5,0,13,0,3,1,0,0,0,1,1,6,1,8,1050,1,7,8,1
"198500","2014450015303",1,9,0,18,0,8,0,0,0,0,1,1,6,1,5,1149,1,12,10,1
"198501","2014450015303",2,9,0,9,0,8,0,0,0,0,4,1,6,1,9,1910,2,6,9,1
"198613","2014450015423",1,1,0,18,0,4,2,0,0,0,3,1,1,1,7,-1,-1,-1,4,1
"198614","2014450015423",2,9,0,9,0,4,0,0,0,0,4,1,6,1,-1,-1,-1,-1,-1,-1
"198649","2014450015461",1,9,0,16,0,1,0,0,0,0,1,1,1,2,6,1390,1,10,10,1
"198782","2014450015625",1,9,0,18,0,2,0,0,0,0,2,1,6,1,-1,1422,2,13,9,1
"198783","2014450015625",2,9,0,18,0,2,0,0,0,0,1,1,6,2,7,1910,2,10,9,1
"198802","2014450015659",1,9,0,18,0,0,0,0,1,2,4,1,1,2,8,1560,2,1,3,1
"198803","2014450015659",2,9,0,6,0,0,0,0,0,0,1,1,6,1,5,999,1,15,10,1
"198817","2014450015668",1,1,0,18,0,8,0,0,0,0,1,1,6,1,8,-1,-1,-1,10,1
"198818","2014450015668",2,9,0,9,0,8,0,0,0,0,3,1,6,2,10,1240,1,9,7,1
"198821","2014450015677",1,1,0,14,0,0,0,0,0,0,1,1,2,2,9,-1,-1,-1,8,1
"198822","2014450015677",2,9,0,5,0,0,0,0,0,0,3,1,6,2,4,1589,1,8,9,1
"198990","2014450015860",1,1,0,18,0,0,0,0,0,0,1,1,6,1,11,-1,-1,-1,10,1
"199026","2014450015899",1,8,0,18,0,0,1,0,0,0,1,1,1,2,9,2664,2,14,10,1
"199064","2014450015936",1,9,0,18,0,2,0,0,0,0,3,1,6,1,6,1968,2,3,4,1
"199065","2014450015936",2,9,0,18,0,8,0,0,0,0,1,1,1,1,8,998,1,14,9,1
"199102","2014450015986",1,9,0,1,0,0,0,0,0,0,3,1,6,3,6,1461,2,9,6,1
"199165","2014450016060",1,3,0,18,0,3,1,0,0,0,0,1,6,1,5,125,1,2,9,1
"199170","2014450016065",1,9,0,18,0,3,0,0,0,0,3,1,6,3,-1,-1,-1,-1,-1,-1
"199171","2014450016065",2,1,0,18,0,3,0,0,0,0,4,1,6,1,5,-1,-1,-1,9,1
"199176","2014450016078",1,9,0,5,0,1,0,0,0,0,1,1,1,1,9,1910,2,6,8,1
"199177","2014450016082",1,9,0,18,0,1,0,0,0,0,0,1,6,1,10,1896,2,17,8,1
"199178","2014450016082",2,9,0,18,0,1,0,0,0,0,0,1,6,1,10,1796,1,6,10,1
"199187","2014450016094",1,9,0,4,0,0,0,10,0,0,1,1,6,1,10,1398,1,-1,7,1
"199188","2014450016094",2,9,0,4,0,0,0,0,0,0,4,1,1,1,8,1984,1,13,10,2
"199274","2014450016178",1,5,0,13,0,1,0,0,0,0,4,1,2,1,-1,988,1,5,7,1
"199275","2014450016178",2,9,0,5,0,6,0,0,0,0,3,1,4,2,7,1896,2,11,6,1
"199384","2014450016296",1,9,0,9,0,1,0,0,0,0,4,1,6,2,6,1796,1,15,10,1
"199385","2014450016296",2,2,0,18,0,1,0,0,0,0,1,1,6,1,6,50,1,3,10,1
"199464","2014450016386",1,9,0,18,0,0,0,0,0,0,1,1,6,1,9,1596,1,7,4,1
"199465","2014450016386",2,9,0,16,0,0,0,0,0,0,1,1,6,2,6,1399,2,12,10,1
"199549","2014450016512",1,9,0,5,0,2,0,0,0,0,1,1,6,3,-1,-1,-1,-1,-1,-1