"","Acc_Index","Vehicle_Reference","Vehicle_Type","Towing_and_Articulation","Vehicle_Manoeuvre","Vehicle_Location.Restricted_Lane","Junction_Location","Skidding_and_Overturning","Hit_Object_in_Carriageway","Vehicle_Leaving_Carriageway","Hit_Object_off_Carriageway","X1st_Point_of_Impact","Was_Vehicle_Left_Hand_Drive","Journey_Purpose_of_Driver","Sex_of_Driver","Age_Band_of_Driver","Engine_Capacity_.CC.","Propulsion_Code","Age_of_Vehicle","Driver_IMD_Decile","Driver_Home_Area_Type"
"199550","2014450016512",2,1,0,5,0,2,2,0,0,0,2,1,6,1,11,-1,-1,-1,10,1
"199559","2014450016531",1,9,0,18,0,0,0,0,0,0,1,1,6,1,9,1390,1,15,6,1
"199560","2014450016531",2,1,0,18,0,0,0,0,0,0,4,1,4,2,3,-1,-1,-1,8,1
"199585","2014450016547",1,1,0,18,0,8,0,0,0,0,4,1,4,1,3,-1,-1,-1,10,1
"199586","2014450016547",2,9,0,18,0,8,0,0,0,0,3,1,6,3,-1,-1,-1,-1,-1,-1
"199593","2014450016550",1,9,0,18,0,4,0,0,0,0,1,1,6,2,9,1596,1,2,10,1
"199594","2014450016550",2,1,0,18,0,8,0,0,0,0,1,1,6,2,5,-1,-1,-1,6,1
"199671","2014450016669",1,3,0,4,0,1,2,0,0,0,3,1,6,1,7,124,1,5,10,1
"199677","2014450016689",1,19,0,9,0,8,0,0,0,0,3,1,6,1,6,2402,2,13,6,1
"199678","2014450016689",2,4,0,18,0,8,5,0,1,0,4,1,2,2,7,249,1,4,6,1
"199687","2014450016699",1,9,0,5,0,2,0,0,0,0,1,1,6,2,6,1995,2,4,10,1
"199688","2014450016699",2,1,0,18,0,1,0,0,0,0,4,1,1,2,6,-1,-1,-1,8,1
"199782","2014450016815",1,9,0,4,0,0,0,0,0,0,1,1,6,1,7,999,1,8,10,1
"199783","2014450016815",2,9,0,3,0,0,0,0,0,0,2,1,1,1,7,1582,2,3,10,2
"199790","2014450016824",1,9,0,18,0,0,0,0,0,0,1,1,2,1,4,998,1,9,9,1
"200028","2014450017064",1,11,0,4,0,1,0,0,0,0,1,1,1,1,7,6700,2,7,4,1
"200029","2014450017064",2,9,0,4,0,1,0,0,0,0,2,1,6,1,9,1368,1,6,10,1
"200030","2014450017065",1,9,0,18,0,1,0,0,0,0,4,1,6,1,11,899,1,15,10,1
"200031","2014450017065",2,9,0,5,0,6,0,0,0,0,1,1,6,1,11,1390,1,2,10,1
"200040","2014450017073",1,1,0,18,0,1,0,0,0,0,3,1,6,1,4,-1,-1,-1,10,1
"200041","2014450017073",2,9,0,18,0,1,0,0,0,0,4,1,6,3,-1,1595,1,7,-1,-1
"200083","2014450017119",1,5,0,7,0,3,5,0,0,0,4,1,6,1,6,660,1,7,10,1
"200103","2014450017140",1,1,0,18,0,1,5,0,7,0,1,1,6,1,6,-1,-1,-1,10,1
"200104","2014450017140",2,9,0,9,0,6,0,0,0,0,1,1,6,2,8,2993,2,-1,10,1
"200105","2014450017142",1,1,0,18,0,8,0,0,0,0,1,1,6,1,6,-1,-1,-1,10,1
"200106","2014450017142",2,9,0,18,0,4,0,0,0,0,1,1,6,1,-1,1997,2,2,8,1
"200125","2014450017167",1,9,0,18,0,1,0,0,0,0,1,1,6,2,9,1596,1,2,4,1
"200126","2014450017167",2,9,0,9,0,6,0,0,0,0,0,1,6,1,10,1999,1,13,10,1
"200136","2014450017196",1,1,0,18,4,6,0,0,0,0,1,1,6,2,10,-1,-1,-1,8,1
"200137","2014450017196",2,9,0,18,0,2,0,0,0,0,4,1,6,2,7,1339,1,6,7,1
"200215","2014450017290",1,9,0,13,0,0,0,0,0,0,1,1,6,1,10,1996,1,17,10,1
"200216","2014450017290",2,1,0,14,0,0,0,0,0,0,1,1,6,1,8,-1,-1,-1,7,1
"200315","2014450017406",1,1,0,18,9,1,0,0,0,0,1,1,6,2,5,-1,-1,-1,9,1
"200316","2014450017406",2,9,0,18,9,6,0,0,0,0,4,1,6,1,6,1560,2,1,5,1
"200343","2014450017429",1,9,0,18,0,1,0,0,0,0,1,1,6,2,10,1275,1,19,9,1
"200344","2014450017429",2,9,0,3,0,1,0,0,0,0,2,1,6,2,9,1596,1,11,9,1
"200345","2014450017429",3,9,0,3,0,1,0,0,0,0,2,1,2,2,9,1598,1,8,4,1
"200346","2014450017429",4,9,0,3,0,1,0,0,0,0,2,1,2,1,8,1493,2,4,9,1
"200407","2014450017478",1,9,0,9,0,5,0,0,0,0,3,1,6,2,4,973,1,12,10,1
"200408","2014450017478",2,3,0,18,0,1,0,0,0,0,3,1,6,2,5,125,1,5,9,1
"200423","2014450017498",1,3,0,18,0,0,1,0,0,0,1,1,6,1,4,124,1,1,9,1
"200424","2014450017498",2,9,0,3,0,0,0,0,0,0,2,1,6,1,6,1796,1,10,10,1
"200425","2014450017498",3,9,0,1,0,0,0,0,0,0,2,1,6,2,7,1086,1,9,10,1
"200429","2014450017511",1,9,0,18,0,0,0,0,0,0,3,1,6,3,-1,-1,-1,-1,-1,-1
"200445","2014450017534",1,9,0,18,0,1,0,0,0,0,1,1,6,2,8,1596,1,2,7,1
"200446","2014450017534",2,9,0,18,0,1,0,0,0,0,1,1,6,2,7,1598,1,7,3,1
"200518","2014450017632",1,9,0,3,0,0,0,0,0,0,2,1,1,2,6,1198,1,8,8,1
"200519","2014450017632",2,9,0,5,0,0,0,0,0,0,1,1,1,1,4,-1,-1,-1,9,1
"200533","2014450017643",1,9,0,18,0,0,2,0,7,0,1,1,6,1,6,3999,1,6,7,1
"200537","2014450017648",1,9,0,1,0,0,0,0,0,0,2,1,1,1,8,-1,-1,-1,-1,-1
"200542","2014450017651",1,9,0,18,0,1,0,0,0,0,2,1,6,2,4,-1,-1,-1,9,3
"200543","2014450017651",2,9,0,18,0,1,0,0,0,0,1,1,6,2,6,1368,1,1,8,1
"200544","2014450017651",3,9,0,18,0,1,0,0,0,0,2,1,6,2,11,1248,1,1,9,1
"200545","2014450017651",4,9,0,18,0,1,0,0,0,0,1,1,6,2,6,1360,1,7,6,1
"200560","2014450017661",1,1,0,4,0,2,0,0,0,0,1,1,1,1,9,-1,-1,-1,8,1
"200561","2014450017661",2,19,0,3,0,2,0,0,0,0,2,1,1,1,5,2300,2,10,4,1
"200629","2014450017738",1,9,0,17,0,0,1,11,0,0,4,1,6,1,4,1596,1,10,10,1
"200632","2014450017744",1,9,0,18,0,0,0,0,0,0,1,1,2,1,8,-1,-1,-1,6,1
"200633","2014450017744",2,9,0,18,0,0,0,0,0,0,2,1,1,1,8,1686,2,4,-1,1
"200636","2014450017746",1,9,0,5,0,0,0,0,0,0,0,1,1,1,7,2204,2,7,1,1
"200639","2014450017749",1,9,0,5,0,4,0,0,0,0,1,1,6,2,7,1596,1,7,4,1
"200640","2014450017749",2,3,0,9,0,3,0,0,0,0,4,1,6,1,5,125,1,3,9,1
"200649","2014450017778",1,9,0,9,0,5,0,0,0,0,3,1,6,2,7,999,1,4,6,1
"200650","2014450017778",2,5,0,14,0,1,5,0,7,0,1,1,6,1,6,599,1,5,9,1
"200726","2014450017859",1,9,0,18,0,0,0,0,0,0,1,1,6,3,-1,-1,-1,-1,-1,-1
"200750","2014450017903",1,1,0,3,0,0,0,0,0,0,3,1,6,1,7,-1,-1,-1,8,1
"200751","2014450017903",2,9,0,18,0,0,0,0,0,0,1,1,6,1,9,1596,1,13,9,1
"200754","2014450017905",1,9,0,18,9,0,0,0,7,0,1,1,6,2,11,1086,1,5,10,1
"200806","2014450017975",1,3,0,18,0,0,5,10,1,4,4,1,6,1,4,124,1,14,5,1
"200844","2014450018031",1,9,0,5,0,8,0,0,0,0,1,1,6,1,-1,2987,2,4,3,1
"201010","2014450018312",1,9,0,3,0,1,0,0,0,0,2,1,6,2,5,1598,2,-1,10,1
"201011","2014450018312",2,9,0,4,0,1,0,0,0,0,1,1,6,1,-1,3301,1,12,10,1
"201090","2014450018397",1,5,0,18,0,1,0,0,0,0,1,1,6,2,6,124,1,4,10,1
"201091","2014450018397",2,9,0,9,0,1,0,0,0,0,4,1,6,1,4,1360,1,11,9,1
"201128","2014450018441",1,9,0,18,0,8,0,0,0,0,4,1,6,2,4,998,1,13,9,1
"201129","2014450018441",2,9,0,18,0,6,0,0,0,0,1,1,6,1,-1,-1,-1,-1,9,1
"201240","2014450018547",1,9,0,18,0,0,0,10,2,4,1,1,2,1,6,1124,1,14,6,1
"201261","2014450018581",1,9,0,6,0,0,0,0,0,0,3,1,6,1,5,1396,1,11,10,1
"201262","2014450018581",2,5,0,18,0,0,0,0,0,0,1,1,2,1,8,844,1,37,8,2
"201288","2014450018612",1,9,0,18,0,0,0,0,0,0,1,1,6,2,5,1149,1,14,10,1
"2013201","2014450018643",1,9,0,18,0,0,0,0,1,10,1,1,6,2,8,2893,1,4,8,1
"2013411","2014450018670",1,9,0,18,0,0,1,7,0,0,1,1,2,1,6,1850,1,14,5,1
"2013581","2014450018684",1,9,0,4,0,0,0,0,0,0,1,1,2,1,6,1595,1,15,10,1
"2013591","2014450018684",2,9,0,18,0,0,0,0,0,0,2,1,1,1,9,1560,2,2,7,1
"2014821","2014450018816",1,9,0,9,0,1,0,0,0,0,3,1,6,1,11,1796,1,3,10,1
"2014831","2014450018816",2,5,0,18,0,1,0,0,0,0,4,1,2,1,8,1137,1,9,4,1
"2015111","2014450018834",1,9,0,16,0,0,1,0,7,4,1,1,6,1,5,1396,1,13,7,1
"2015121","2014450018834",2,9,0,18,0,0,0,0,0,0,4,1,6,1,6,2494,1,12,9,3
"2015221","2014450018849",1,9,0,9,0,5,0,0,0,0,1,1,6,2,10,2698,2,6,7,2
"2015231","2014450018849",2,3,0,18,0,8,2,0,0,0,1,1,2,1,6,125,1,1,7,1
"2015521","2014450018879",1,9,0,18,0,0,1,0,0,0,1,1,6,1,5,1587,1,13,8,1
"2015531","2014450018879",2,9,0,18,0,0,1,0,0,0,1,1,2,2,5,1596,1,1,3,1
"201558","2014450018889",1,9,0,3,0,0,0,0,0,0,2,1,1,1,7,-1,-1,-1,8,1
"2015591","2014450018889",2,9,0,18,0,0,0,0,0,0,1,1,6,2,6,-1,-1,-1,6,1
"2016261","2014450018973",1,1,0,18,0,5,0,0,0,0,1,1,1,1,8,-1,-1,-1,9,1
"2016271","2014450018973",2,9,0,4,0,1,0,0,0,0,1,1,3,2,6,1390,1,4,6,1
"2016301","2014450018981",1,19,0,6,0,1,0,0,0,0,3,1,1,1,7,2402,2,7,7,2
"2016311","2014450018981",2,5,0,18,0,1,0,0,0,0,1,1,6,1,5,599,1,11,10,2
"2016511","2014450019001",1,9,0,16,0,3,0,0,0,0,1,1,1,2,9,1598,1,3,9,3
"201680","2014450019032",1,9,0,9,0,8,1,0,1,0,3,1,6,1,5,1242,1,14,6,1
"201762","2014450019121",1,9,0,9,0,1,0,0,0,0,1,1,6,2,5,1398,1,-1,10,1
"201763","2014450019121",2,1,0,18,0,1,5,0,0,0,1,1,6,1,9,-1,-1,-1,9,1
"201768","2014450019125",1,9,0,5,0,8,0,0,0,0,4,1,6,2,6,1598,2,-1,-1,3
"201769","2014450019125",2,9,0,5,0,8,0,0,0,0,3,1,6,2,8,1498,1,7,9,1
"201791","2014450019155",1,9,0,7,0,1,0,0,0,0,1,1,6,1,10,1598,1,-1,6,1
"201792","2014450019155",2,1,0,9,0,1,0,0,0,0,1,1,6,1,9,-1,-1,-1,10,1
"201830","2014450019206",1,9,0,18,0,1,0,0,0,0,2,1,6,1,9,-1,-1,-1,8,1
"201831","2014450019206",2,9,0,18,0,1,0,0,0,0,1,1,6,2,8,1997,2,4,6,1
"201832","2014450019206",3,10,0,10,0,5,0,0,0,0,2,1,6,1,5,2198,2,2,-1,1
"201898","2014450019294",1,9,0,18,0,1,0,0,0,0,1,1,6,2,8,1796,1,4,7,1
"201899","2014450019294",2,9,0,3,0,1,0,0,0,0,2,1,6,1,9,1299,1,7,10,1
"201900","2014450019294",3,90,0,3,0,1,0,0,0,0,2,1,1,1,5,-1,-1,-1,1,1
"202002","2014450019414",1,19,0,18,0,0,0,0,0,0,1,1,6,1,6,1995,2,7,7,1
"202043","2014450019457",1,9,0,5,0,6,0,0,0,0,1,1,3,2,8,1796,1,8,10,1
"202044","2014450019457",2,5,0,5,0,6,0,0,0,0,2,1,6,2,8,599,1,2,10,1
"202076","2014450019523",1,9,0,5,0,1,0,0,0,0,3,1,6,1,9,1368,1,2,7,1
"202077","2014450019523",2,1,0,18,0,1,0,0,0,0,1,1,6,1,9,-1,-1,-1,10,1
"202087","2014450019536",1,9,0,16,0,0,1,0,0,0,1,1,6,2,5,1390,1,14,6,1
"202088","2014450019536",2,9,0,18,0,0,0,0,0,0,1,1,6,2,8,1600,1,15,9,1
"202125","2014450019596",1,9,0,16,0,0,0,0,0,0,1,1,6,2,6,1398,2,4,10,1
"202126","2014450019596",2,9,0,17,0,0,0,0,0,0,1,1,6,1,6,-1,-1,-1,10,1
"202271","2014450019771",1,1,0,18,0,8,0,0,0,0,1,1,6,1,7,-1,-1,-1,10,1
"202272","2014450019771",2,9,0,18,0,4,0,0,0,0,1,1,6,1,8,1398,2,11,10,1
"202328","2014450019823",1,9,0,4,0,0,0,0,0,0,1,1,6,1,5,-1,-1,-1,-1,-1
"202329","2014450019823",2,9,0,9,0,0,0,0,0,0,2,1,6,2,6,1984,1,5,8,1
"202392","2014450019864",1,9,0,7,0,3,0,0,0,0,4,1,6,1,6,1390,1,5,8,1
"202393","2014450019864",2,9,0,18,0,3,0,0,0,0,3,1,6,1,8,1998,1,12,9,1
"202472","2014450019944",1,9,0,9,0,8,0,0,1,7,1,1,1,2,6,1390,1,17,6,1
"202482","2014450019955",1,9,0,4,0,0,0,0,0,0,1,1,6,2,4,1299,1,12,8,1
"202483","2014450019955",2,9,0,5,0,0,0,0,0,0,2,1,6,1,9,1399,2,9,10,1
"202484","2014450019955",3,9,0,18,0,0,0,0,0,0,2,1,6,3,-1,-1,-1,-1,-1,-1
"202507","2014450019983",1,9,0,18,0,0,0,0,0,0,1,1,1,1,10,-1,-1,-1,10,1
"202508","2014450019983",2,9,0,3,0,0,0,0,0,0,2,1,2,2,8,1299,1,9,8,1
"202537","2014450020006",1,9,0,18,0,3,0,0,0,0,1,1,1,1,6,-1,-1,-1,6,1
"202538","2014450020006",2,9,0,9,0,5,0,0,0,0,4,1,2,1,6,1781,1,13,3,1
"202618","2014450020124",1,9,0,4,0,1,0,0,0,0,4,1,2,2,6,999,1,-1,4,1
"202626","2014450020141",1,9,0,3,0,1,0,0,0,0,1,1,6,2,7,2497,2,11,9,1
"202627","2014450020141",2,9,0,9,0,5,0,0,0,0,1,1,6,2,6,1794,1,10,8,1
"202645","2014450020156",1,9,0,16,0,1,0,0,0,0,1,1,6,2,9,1596,1,13,9,3
"202646","2014450020156",2,9,0,7,0,7,0,0,0,0,1,1,6,1,9,1398,2,8,7,1
"202649","2014450020158",1,9,0,18,0,3,0,0,0,0,4,1,6,2,7,1995,1,1,6,1
"202650","2014450020158",2,9,0,9,0,3,0,0,0,0,4,1,6,2,5,1229,1,6,10,1
"202680","2014450020204",1,9,0,9,0,0,0,0,0,0,2,1,6,1,4,1396,1,10,9,1
"202681","2014450020204",2,9,0,4,0,0,0,0,0,0,1,1,1,1,5,-1,-1,-1,9,1
"202773","2014450020353",1,9,0,7,0,1,0,0,0,0,4,1,6,2,8,1997,2,7,9,1
"202774","2014450020353",2,1,0,18,0,8,0,0,0,0,0,1,6,1,9,-1,-1,-1,9,1
"202785","2014450020364",1,11,0,18,0,0,0,0,0,0,1,1,1,1,8,6700,2,-1,5,1
"202825","2014450020402",1,1,0,18,0,1,0,0,0,0,3,1,4,1,4,-1,-1,-1,9,3
"202826","2014450020402",2,9,0,18,0,1,0,0,0,0,4,1,6,3,-1,-1,-1,-1,-1,-1
"202833","2014450020407",1,9,0,9,0,4,0,0,0,0,1,1,2,1,7,1124,1,11,8,1
"202834","2014450020407",2,9,0,18,0,3,0,0,0,0,1,1,1,1,7,2488,2,5,3,1
"202912","2014450020494",1,9,0,4,0,2,0,0,0,0,1,1,6,2,6,1598,1,4,10,1
"202913","2014450020494",2,9,0,4,0,2,0,0,0,0,1,1,6,2,7,1988,1,11,5,1
"202914","2014450020494",3,9,0,4,0,2,0,0,0,0,2,1,6,1,7,1600,1,15,10,1
"202959","2014450020558",1,9,0,18,6,8,1,0,0,0,1,1,1,1,8,-1,-1,-1,8,1
"202960","2014450020558",2,1,0,18,6,1,0,0,0,0,4,1,1,1,3,-1,-1,-1,10,1
"203012","2014450020621",1,19,0,9,0,5,0,0,0,0,1,1,2,1,7,1870,2,8,9,1
"203013","2014450020621",2,9,0,18,0,8,0,0,0,0,1,1,6,2,11,1493,2,4,8,1
"203014","2014450020622",1,20,0,18,0,1,0,0,0,0,1,1,6,1,7,4764,2,3,3,1
"203015","2014450020622",2,20,0,18,0,1,0,0,0,0,2,1,1,1,8,7146,2,3,3,1
"203101","2014450020720",1,9,0,18,0,6,0,0,0,0,1,1,6,2,7,-1,-1,-1,4,1
"203102","2014450020720",2,1,0,18,0,2,0,0,0,0,2,1,6,1,4,-1,-1,-1,7,1
"203113","2014450020733",1,9,0,5,0,2,0,0,0,0,0,1,1,1,6,2204,2,10,6,1
"203114","2014450020734",1,9,0,18,0,8,0,0,0,0,1,1,6,1,9,1753,2,10,6,3
"203115","2014450020734",2,9,0,9,0,8,0,0,0,0,4,1,6,2,4,1341,1,9,10,1
"203164","2014450020780",1,9,0,4,0,1,1,0,0,0,1,1,6,1,7,1360,1,10,3,1
"203165","2014450020780",2,1,0,18,0,1,0,0,0,0,4,1,6,1,9,-1,-1,-1,4,1
"203182","2014450020800",1,9,0,6,0,0,0,0,0,0,1,1,2,1,6,1796,1,11,-1,1
"203187","2014450020815",1,8,0,4,0,1,0,0,0,0,1,1,1,1,9,1997,2,5,3,1
"203188","2014450020815",2,9,0,3,0,1,0,0,0,0,2,1,1,2,8,1995,1,8,7,1
"203189","2014450020815",3,9,0,3,0,1,0,0,0,0,2,1,1,1,8,1796,1,11,7,1
"203222","2014450020921",1,9,0,18,0,0,0,0,0,0,1,1,6,2,-1,-1,-1,-1,-1,-1
"203228","2014450020939",1,9,0,10,0,1,0,0,0,0,0,1,6,2,8,2777,2,3,10,1
"203237","2014450020971",1,9,0,18,0,4,0,0,0,0,1,1,1,1,6,-1,-1,-1,5,1
"203238","2014450020971",2,9,0,9,0,8,0,0,0,0,1,1,6,1,9,1997,1,1,4,1
"203282","2014450021044",1,1,0,18,9,0,0,0,0,0,3,1,6,1,3,-1,-1,-1,9,1
"203283","2014450021044",2,9,0,18,0,0,0,0,0,0,4,1,6,3,-1,-1,-1,-1,-1,-1
"203290","2014450021052",1,9,0,7,0,1,0,0,0,0,1,1,3,2,8,1796,1,8,10,1
"203339","2014450021144",1,5,0,13,0,1,0,0,0,0,1,1,2,1,6,650,1,2,9,1
"203340","2014450021144",2,9,0,9,0,6,0,0,0,0,3,1,2,1,5,1995,2,9,6,1
"203372","2014450021271",1,9,0,18,0,0,0,0,0,0,1,1,2,2,9,1798,1,-1,10,1
"203373","2014450021271",2,19,0,3,0,0,0,0,0,0,2,1,1,1,5,2402,2,11,7,1
"203374","2014450021271",3,9,0,3,0,0,0,0,0,0,2,1,2,1,10,2035,1,7,10,1
"203412","2014450021337",1,1,0,9,0,4,0,0,0,0,0,1,6,2,7,-1,-1,-1,3,1
"203430","2014450021363",1,1,0,16,0,1,1,0,0,0,3,1,1,1,7,-1,-1,-1,10,1
"203434","2014450021365",1,9,0,18,0,0,1,0,0,0,1,1,2,1,7,2148,2,11,3,1
"203442","2014450021520",1,5,0,18,0,0,0,0,0,0,3,1,6,1,7,124,1,-1,7,2
"203443","2014450021520",2,9,0,18,0,0,0,0,0,0,0,1,6,3,-1,-1,-1,-1,-1,-1
"203452","2014450023081",1,9,0,18,0,1,0,0,0,0,4,1,5,2,11,-1,-1,-1,9,1
"203453","2014450023081",2,9,0,9,0,1,0,0,0,0,1,1,1,1,5,-1,-1,-1,5,1
"38671","201501CP00001",1,8,0,9,0,8,0,0,0,0,3,1,1,1,10,1997,2,2,-1,1
"38681","201501CP00001",2,1,0,18,0,8,0,0,0,0,1,1,2,1,8,-1,-1,-1,-1,3
"3869","201501CP00002",1,9,0,3,0,1,0,0,0,0,2,1,6,1,5,1229,1,8,-1,1
"3870","201501CP00002",2,8,0,4,0,1,0,0,0,0,1,1,1,1,-1,2499,2,2,-1,-1
"3871","201501CP00003",1,3,0,14,0,0,0,0,0,0,1,1,6,1,5,124,1,1,-1,1
"3872","201501CP00004",1,1,0,18,0,2,0,0,0,0,4,1,2,1,8,-1,-1,-1,-1,1
"3873","201501CP00004",2,20,0,15,0,2,0,0,0,0,3,1,6,1,7,-1,-1,-1,-1,2
"3874","201501CP00005",1,8,0,9,0,1,0,0,0,0,1,1,1,1,8,1598,2,4,-1,1
"3875","201501CP00005",2,17,0,18,0,2,0,0,0,0,1,1,1,1,-1,-1,-1,-1,-1,-1
"3876","201501CP00006",1,3,0,15,0,1,0,0,0,0,3,1,6,1,4,-1,-1,-1,-1,1
"3877","201501CP00006",2,1,0,18,0,1,0,0,0,0,4,1,2,1,5,-1,-1,-1,-1,3
"3878","201501CP00007",1,8,0,18,0,8,0,0,0,0,1,1,1,1,7,1910,2,8,-1,1
"3879","201501CP00008",1,9,0,18,0,2,0,0,0,0,1,1,6,2,9,1798,1,6,-1,1
"3880","201501CP00009",1,9,0,18,0,8,0,0,0,0,1,1,6,3,-1,-1,-1,-1,-1,-1
"3881","201501CP00010",1,19,0,7,0,8,0,0,0,0,4,1,1,1,6,2143,2,3,-1,1
"3882","201501CP00010",2,1,0,18,0,8,0,0,0,0,1,1,6,1,7,-1,-1,-1,-1,1
"3883","201501CP00011",1,9,0,18,0,1,0,0,0,0,1,1,6,1,6,4163,1,7,-1,1
"3884","201501CP00011",2,1,0,18,0,1,0,0,0,0,2,1,6,2,6,-1,-1,-1,-1,-1
"3885","201501CP00012",1,8,0,18,0,1,0,0,0,0,1,1,1,1,8,2148,2,5,-1,2
"3886","201501CP00013",1,9,0,11,0,1,0,0,0,0,4,1,6,1,6,1968,2,1,-1,1
"3887","201501CP00013",2,4,0,18,0,1,0,0,0,0,3,1,6,1,8,-1,-1,-1,-1,1
"3888","201501CP00014",1,9,0,18,0,1,0,0,0,0,2,1,6,2,6,998,1,7,-1,1
"3889","201501CP00014",2,20,0,18,0,1,0,0,0,0,1,1,6,3,-1,10837,2,5,-1,-1
"3890","201501CP00015",1,1,0,18,0,1,0,8,0,0,1,1,6,1,-1,-1,-1,-1,-1,1
"3891","201501CP00015",2,8,0,2,0,1,0,0,0,0,3,1,6,1,-1,2402,2,9,-1,-1
"3892","201501CP00016",1,8,0,6,0,1,0,0,0,0,0,1,1,3,-1,2148,2,6,-1,-1
"3893","201501CP00016",2,1,0,18,0,1,0,0,0,0,4,1,6,1,6,-1,-1,-1,-1,1
"3894","201501CP00017",1,8,0,6,0,1,0,0,0,0,3,1,1,1,6,1997,2,4,-1,1
"3895","201501CP00017",2,1,0,18,0,1,0,0,0,0,1,1,2,1,8,-1,-1,-1,-1,1
"3896","201501CP00018",1,20,0,7,0,0,0,0,0,0,3,1,1,1,8,-1,-1,-1,-1,1
"3897","201501CP00018",2,5,0,13,0,0,0,0,0,0,4,1,6,1,7,-1,-1,-1,-1,1
"3898","201501CP00019",1,5,0,18,0,2,0,0,0,0,1,1,2,1,8,-1,-1,-1,-1,1
"3899","201501CP00020",1,21,0,7,0,8,0,0,0,0,4,1,1,1,7,-1,-1,-1,-1,1
"3900","201501CP00020",2,1,0,18,0,8,0,0,0,0,3,1,6,1,6,-1,-1,-1,-1,1
"3901","201501CP00021",1,9,0,18,0,8,0,0,0,0,1,1,6,3,-1,-1,-1,-1,-1,-1
"3902","201501CP00022",1,3,0,18,0,1,0,0,0,0,1,1,6,1,6,124,1,8,-1,1
"3903","201501CP00023",1,1,0,18,0,2,0,0,0,0,1,1,6,3,-1,-1,-1,-1,-1,-1
"3904","201501CP00024",1,5,0,18,0,0,0,4,0,0,1,1,6,1,6,599,1,7,-1,1
"3905","201501CP00024",2,9,0,2,0,0,0,0,0,0,2,1,6,1,7,1598,1,10,-1,1
"3906","201501CP00025",1,1,0,3,0,1,0,0,0,0,2,1,6,1,6,-1,-1,-1,-1,1
"3907","201501CP00025",2,20,0,18,0,1,0,0,0,0,1,1,1,3,-1,-1,-1,-1,-1,-1
"3908","201501CP00026",1,11,0,18,0,1,0,0,0,0,0,1,1,1,9,4461,2,2,-1,1
"3909","201501CP00027",1,9,0,18,0,8,0,0,0,0,4,1,6,1,7,1995,2,4,-1,1
"3910","201501CP00028",1,21,0,11,0,1,0,0,0,0,0,1,2,1,6,3920,2,3,-1,1
"3911","201501CP00028",2,5,0,18,0,1,0,0,0,0,4,1,1,2,7,553,1,22,-1,1
"3912","201501CP00029",1,8,0,6,0,1,0,0,0,0,3,1,1,1,6,1798,8,1,-1,1
"3913","201501CP00029",2,1,0,18,0,1,0,0,0,0,1,1,6,1,6,-1,-1,-1,-1,1
"3916","201501CP00031",1,1,0,18,0,8,0,0,0,0,1,1,2,1,5,-1,-1,-1,-1,1
"3917","201501CP00031",2,8,0,9,0,8,0,0,0,0,3,1,1,1,8,2499,2,1,-1,1
"3918","201501CP00032",1,8,0,18,0,1,0,0,4,2,1,1,1,1,8,2499,2,7,-1,1
"3919","201501CP00032",2,9,0,10,0,1,0,0,0,0,2,1,6,1,7,2987,2,7,-1,1
"3920","201501CP00033",1,9,0,12,0,1,0,0,0,0,0,1,6,3,-1,1997,2,10,-1,-1
"3921","201501CP00033",2,5,0,18,0,1,0,0,4,2,3,1,2,1,8,600,1,12,-1,1
"3922","201501CP00034",1,1,0,18,0,1,0,0,0,0,1,1,6,1,8,-1,-1,-1,-1,1
"3923","201501CP00034",2,9,0,18,0,1,0,0,0,0,1,1,6,1,5,1686,2,5,-1,1
"3924","201501CP00035",1,21,0,3,0,1,0,0,0,0,1,1,1,1,8,12902,2,2,-1,1
"3925","201501CP00035",2,3,0,3,0,1,0,0,0,0,2,1,2,1,8,897,1,12,-1,1
"3926","201501CP00036",1,8,0,9,0,8,0,0,0,0,0,1,1,1,8,1339,8,4,-1,1
"3927","201501CP00036",2,5,0,18,0,8,0,0,0,0,3,1,2,1,6,599,1,18,-1,1
"3928","201501CP00037",1,3,0,9,0,8,0,0,0,0,4,1,2,1,5,124,1,1,-1,-1
"3929","201501CP00037",2,1,0,18,0,8,0,0,0,0,1,1,2,2,5,-1,-1,-1,-1,1
"3930","201501CP00038",1,11,0,18,0,1,0,0,0,0,4,1,1,3,-1,-1,-1,-1,-1,-1
"3931","201501CP00038",2,1,0,18,0,1,0,0,0,0,3,1,2,1,6,-1,-1,-1,-1,1
"3932","201501CP00039",1,1,0,18,0,1,0,0,0,0,1,1,2,1,6,-1,-1,-1,-1,1
"3933","201501CP00039",2,8,0,9,0,8,0,0,0,0,4,1,1,1,10,2402,2,11,-1,2