"","Acc_Index","Vehicle_Reference","Vehicle_Type","Towing_and_Articulation","Vehicle_Manoeuvre","Vehicle_Location.Restricted_Lane","Junction_Location","Skidding_and_Overturning","Hit_Object_in_Carriageway","Vehicle_Leaving_Carriageway","Hit_Object_off_Carriageway","X1st_Point_of_Impact","Was_Vehicle_Left_Hand_Drive","Journey_Purpose_of_Driver","Sex_of_Driver","Age_Band_of_Driver","Engine_Capacity_.CC.","Propulsion_Code","Age_of_Vehicle","Driver_IMD_Decile","Driver_Home_Area_Type"
"3934","201501CP00040",1,19,0,16,0,1,0,0,0,0,4,1,6,1,6,2198,2,1,-1,1
"3935","201501CP00040",2,1,0,18,0,1,0,0,0,0,3,1,6,1,7,-1,-1,-1,-1,1
"3936","201501CP00041",1,19,0,12,0,0,0,0,0,0,1,1,6,1,7,-1,-1,-1,-1,1
"3937","201501CP00041",2,8,0,18,0,0,0,0,0,0,2,1,6,1,9,-1,-1,-1,-1,1
"3938","201501CP00041",3,19,0,18,0,0,0,0,0,0,2,1,6,1,6,2198,2,3,-1,1
"3939","201501CP00042",1,1,0,18,0,8,0,0,0,0,3,1,2,1,6,-1,-1,-1,-1,1
"3940","201501CP00042",2,9,0,7,0,8,0,0,0,0,4,1,6,3,-1,-1,-1,-1,-1,-1
"3941","201501CP00043",1,8,0,5,0,1,0,0,0,0,4,1,6,3,-1,1997,2,5,-1,-1
"3942","201501CP00044",1,20,0,18,0,1,0,0,0,0,4,1,1,1,7,-1,-1,-1,-1,1
"3943","201501CP00045",1,5,0,18,0,1,0,2,0,0,1,1,2,1,8,660,1,9,-1,3
"3944","201501CP00045",2,9,0,12,0,1,0,0,0,0,0,1,2,3,-1,-1,-1,-1,-1,-1
"3945","201501CP00046",1,8,0,9,0,8,0,0,0,0,4,1,1,1,9,2499,2,1,-1,1
"3946","201501CP00046",2,1,0,18,0,8,0,0,0,0,1,1,6,1,6,-1,-1,-1,-1,1
"3947","201501CP00047",1,11,0,18,0,2,0,0,0,0,1,1,1,1,6,6700,2,6,-1,1
"3948","201501CP00048",1,4,0,14,0,1,0,0,0,0,1,1,2,1,6,471,1,2,-1,1
"3949","201501CP00049",1,11,0,18,0,8,0,0,0,0,0,1,1,2,6,9360,2,4,-1,1
"3950","201501CP00050",1,19,0,7,0,8,0,0,0,0,3,1,1,1,6,1560,2,2,-1,1
"3951","201501CP00050",2,1,0,18,0,8,0,0,0,0,1,1,2,2,6,-1,-1,-1,-1,1
"3952","201501CP00051",1,20,0,18,0,1,0,0,0,0,1,1,1,1,6,-1,-1,-1,-1,1
"3953","201501CP00052",1,9,0,7,0,1,0,0,0,0,4,1,6,1,7,-1,-1,-1,-1,1
"3954","201501CP00052",2,1,0,18,0,1,0,0,0,0,1,1,2,2,6,-1,-1,-1,-1,1
"3955","201501CP00053",1,8,0,18,0,2,0,0,0,0,1,1,1,3,-1,-1,-1,-1,-1,-1
"3956","201501CP00054",1,20,0,1,0,1,0,0,0,0,2,1,1,3,-1,-1,-1,-1,-1,-1
"3957","201501CP00055",1,1,0,14,0,1,0,0,0,0,1,1,6,3,-1,-1,-1,-1,-1,-1
"3958","201501CP00056",1,20,0,5,0,2,0,0,0,0,1,1,1,1,10,-1,-1,-1,-1,1
"3959","201501CP00057",1,8,0,18,0,1,0,0,0,0,1,1,1,1,7,2499,2,8,-1,1
"3960","201501CP00058",1,1,0,18,0,8,0,0,0,0,0,1,6,1,8,-1,-1,-1,-1,1
"3961","201501CP00058",2,9,0,9,0,8,0,0,0,0,3,1,6,1,6,2987,2,-1,-1,1
"3962","201501CP00059",1,5,0,14,0,1,0,0,0,0,1,1,2,1,6,1000,1,1,-1,1
"3963","201501CP00060",1,11,0,18,0,1,0,0,0,0,0,1,1,3,-1,-1,-1,-1,-1,-1
"3964","201501CP00061",1,1,0,18,0,1,0,0,0,0,1,1,6,1,8,-1,-1,-1,-1,1
"3965","201501CP00061",2,9,0,4,0,1,0,0,0,0,2,1,6,2,6,-1,-1,-1,-1,1
"3966","201501CP00062",1,21,0,4,0,1,0,0,0,0,2,1,1,1,6,12777,2,3,-1,1
"3967","201501CP00062",2,1,0,18,0,1,0,0,0,0,1,1,2,1,6,-1,-1,-1,-1,1
"3968","201501CP00063",1,1,0,15,0,0,0,0,0,0,1,1,6,1,6,-1,-1,-1,-1,1
"3969","201501CP00063",2,19,0,7,0,0,0,0,0,0,4,1,1,1,6,2143,2,1,-1,1
"3970","201501CP00064",1,9,0,3,0,1,0,0,0,0,4,1,1,1,5,-1,-1,-1,-1,1
"3971","201501CP00064",2,1,0,18,0,1,0,0,0,0,1,1,6,1,-1,-1,-1,-1,-1,1
"3972","201501CP00065",1,8,0,2,0,1,0,0,0,0,4,1,1,1,7,2402,2,12,-1,1
"3973","201501CP00065",2,1,0,18,0,1,0,8,0,0,1,1,6,2,-1,-1,-1,-1,-1,1
"3974","201501CP00066",1,20,0,1,0,1,0,0,0,0,2,1,1,1,8,-1,-1,-1,-1,1
"3975","201501CP00067",1,9,0,17,0,1,1,0,0,0,1,1,6,1,7,1560,2,6,-1,1
"3976","201501CP00068",1,8,0,4,0,1,0,0,0,0,4,1,1,1,9,2143,12,2,-1,1
"3977","201501CP00068",2,3,0,18,0,1,0,0,0,0,1,1,6,1,5,125,1,11,-1,1
"3978","201501CP00069",1,9,0,7,0,8,0,0,0,0,4,1,6,1,7,1598,1,10,-1,1
"3979","201501CP00069",2,9,0,7,0,8,0,0,0,0,1,1,6,3,-1,1560,2,3,-1,-1
"3980","201501CP00070",1,1,0,18,0,8,0,0,0,0,1,1,6,1,5,-1,-1,-1,-1,1
"3981","201501CP00070",2,9,0,9,0,8,0,0,0,0,4,1,6,3,-1,2987,2,6,-1,-1
"3982","201501CP00071",1,1,0,18,0,2,0,0,0,0,3,1,2,2,7,-1,-1,-1,-1,1
"3983","201501CP00072",1,3,0,18,0,0,0,0,0,0,1,1,6,2,6,125,1,2,-1,1
"3984","201501CP00073",1,1,0,18,0,8,0,0,0,0,1,1,2,1,5,-1,-1,-1,-1,1
"3985","201501CP00073",2,8,0,9,0,8,0,0,0,0,4,1,1,1,7,1798,8,-1,-1,1
"3986","201501CP00074",1,11,0,5,0,1,0,0,0,0,0,1,1,2,8,6700,2,6,-1,1
"3987","201501CP00075",1,11,0,18,0,0,0,0,0,0,4,1,1,1,10,6700,2,3,-1,1
"3991","201501CP00080",1,1,0,18,0,1,0,8,0,0,1,1,2,1,8,-1,-1,-1,-1,1
"3992","201501CP00080",2,8,0,4,0,1,0,0,0,0,4,1,1,3,-1,1796,1,1,-1,-1
"3993","201501CP00081",1,9,0,18,0,1,0,0,0,0,1,1,6,1,8,1997,2,4,-1,1
"3994","201501CP00081",2,8,0,4,0,1,0,0,0,0,2,1,1,1,8,2499,2,6,-1,1
"3995","201501CP00082",1,8,0,3,0,2,0,0,0,0,3,1,1,1,10,2499,2,8,-1,-1
"3996","201501CP00082",2,11,0,14,0,2,0,0,0,0,1,1,1,1,9,9360,2,6,-1,1
"3997","201501CP00083",1,19,0,1,0,2,0,0,0,0,2,1,1,1,7,2287,2,4,-1,1
"3998","201501CP00084",1,1,0,18,4,1,0,8,0,0,1,1,2,1,7,-1,-1,-1,-1,1
"3999","201501CP00084",2,9,0,3,0,1,0,0,0,0,4,1,1,3,-1,-1,-1,-1,-1,-1
"4000","201501CP00086",1,1,0,18,0,1,0,0,0,0,3,1,2,1,6,-1,-1,-1,-1,1
"4001","201501CP00086",2,8,0,13,0,1,0,0,0,0,4,1,1,3,-1,-1,-1,-1,-1,-1
"4002","201501CP00087",1,19,0,7,0,8,0,0,0,0,4,1,1,1,8,2143,2,5,-1,1
"4003","201501CP00087",2,1,0,15,0,8,0,0,0,0,3,1,1,1,6,-1,-1,-1,-1,1
"4006","201501CP00089",1,8,0,18,0,2,0,0,0,0,1,1,1,3,-1,2499,2,7,-1,-1
"4007","201501CP00090",1,9,0,5,0,1,0,0,0,0,1,1,6,1,7,2148,2,7,-1,1
"4008","201501CP00090",2,19,0,1,0,1,0,0,0,0,2,1,1,1,7,2148,2,7,-1,1
"4009","201501CP00091",1,11,0,12,0,2,0,0,0,0,3,1,1,1,9,12000,2,7,-1,1
"4010","201501CP00091",2,9,0,18,0,2,0,0,0,0,4,1,6,2,4,1395,1,1,-1,1
"4011","201501CP00092",1,3,0,15,0,1,0,0,0,0,1,1,6,1,9,124,1,7,-1,-1
"4012","201501CP00092",2,9,0,7,0,1,0,0,0,0,4,1,6,2,5,1596,1,13,-1,2
"4013","201501CP00093",1,1,0,15,0,8,0,0,0,0,1,1,6,1,7,-1,-1,-1,-1,1
"4014","201501CP00093",2,8,0,9,0,8,0,0,0,0,4,1,6,1,6,1798,8,2,-1,1
"4015","201501CP00094",1,1,0,18,0,8,0,0,0,0,4,1,2,1,7,-1,-1,-1,-1,1
"4016","201501CP00094",2,9,0,9,0,8,0,0,0,0,0,1,6,1,8,1798,1,2,-1,1
"4017","201501CP00095",1,1,0,18,0,1,0,0,0,0,1,1,1,1,6,-1,-1,-1,-1,1
"4018","201501CP00095",2,19,0,7,0,1,0,0,0,0,4,1,1,1,6,2198,2,1,-1,1
"4019","201501CP00096",1,11,0,18,0,1,0,0,0,0,0,1,1,1,9,4461,2,2,-1,1
"4020","201501CP00097",1,11,0,18,0,2,0,0,0,0,2,1,1,1,8,4500,2,3,-1,1
"4021","201501CP00098",1,1,0,18,0,8,0,0,0,0,1,1,2,1,6,-1,-1,-1,-1,1
"4022","201501CP00098",2,9,0,18,0,8,0,0,0,0,3,1,6,1,-1,1797,8,4,-1,1
"4023","201501CP00099",1,1,0,18,0,1,0,0,0,0,3,1,6,2,8,-1,-1,-1,-1,-1
"4024","201501CP00099",2,11,0,18,0,1,0,0,0,0,4,1,6,1,7,8268,2,12,-1,1
"4025","201501CP00100",1,11,0,5,0,8,0,0,0,0,0,1,1,1,8,4500,2,3,-1,1
"4026","201501CP00101",1,11,0,4,0,0,0,0,0,0,4,1,1,1,8,6700,2,6,-1,1
"4027","201501CP00102",1,9,0,4,0,0,0,0,0,0,2,1,6,1,8,998,1,1,-1,3
"4028","201501CP00102",2,9,0,4,0,0,0,0,0,0,2,1,6,1,8,1986,2,6,-1,2
"4029","201501CP00102",3,9,0,4,0,0,0,0,0,0,2,1,6,1,8,1997,2,4,-1,1
"4030","201501CP00102",4,19,0,4,0,0,0,0,0,0,2,1,6,1,6,2298,2,4,-1,1
"4031","201501CP00102",5,8,0,4,0,0,0,0,0,0,1,1,1,1,8,2499,2,6,-1,1
"4032","201501CP00103",1,21,0,18,0,0,0,0,0,0,4,1,1,1,7,2198,2,1,-1,1
"4033","201501CP00104",1,3,0,14,0,1,0,0,0,0,1,1,1,1,7,125,1,1,-1,1
"4034","201501CP00105",1,1,0,18,0,8,0,0,0,0,1,1,6,1,6,-1,-1,-1,-1,1
"4035","201501CP00105",2,8,0,9,0,8,0,0,0,0,4,1,1,1,10,2499,2,7,-1,1
"4036","201501CP00106",1,1,0,17,0,3,0,0,0,0,3,1,2,1,6,-1,-1,-1,-1,1
"4037","201501CP00106",2,8,0,17,0,3,0,0,0,0,4,1,1,1,10,1124,1,15,-1,1
"4038","201501CP00108",1,9,0,1,0,1,0,0,0,0,4,1,1,1,6,1686,2,3,-1,1
"4039","201501CP00109",1,9,0,18,0,1,0,0,0,0,4,1,6,3,-1,2198,1,13,-1,-1
"4040","201501CP00109",2,1,0,18,0,1,0,0,0,0,3,1,2,1,-1,-1,-1,-1,-1,1
"4041","201501CP00110",1,1,0,18,0,8,0,0,0,0,3,1,2,2,7,-1,-1,-1,-1,1
"4042","201501CP00110",2,8,0,9,0,8,0,0,0,0,4,1,1,1,8,2499,2,9,-1,1
"4043","201501CP00111",1,9,0,9,0,8,0,0,0,0,4,1,1,1,8,2000,1,6,-1,1
"4044","201501CP00111",2,1,0,18,0,8,0,0,0,0,1,1,2,1,6,-1,-1,-1,-1,1
"4045","201501CP00112",1,1,0,18,0,1,0,0,0,0,3,1,6,1,7,-1,-1,-1,-1,-1
"4046","201501CP00112",2,9,0,18,0,1,0,0,0,0,4,1,6,1,8,1689,2,11,-1,1
"4047","201501CP00113",1,8,0,4,0,2,0,0,0,0,4,1,1,1,9,2499,2,4,-1,1
"4048","201501CP00113",2,1,0,15,0,2,0,8,0,0,1,1,6,2,6,-1,-1,-1,-1,1
"4049","201501CP00114",1,1,0,11,0,1,0,0,0,0,4,1,2,1,7,-1,-1,-1,-1,1
"4050","201501CP00114",2,1,0,18,0,1,0,0,0,0,3,1,2,3,-1,-1,-1,-1,-1,-1
"4051","201501CP00115",1,1,0,18,0,1,0,8,0,0,4,1,6,1,7,-1,-1,-1,-1,1
"4052","201501CP00115",2,8,0,3,0,1,0,0,0,0,1,1,6,1,8,1339,8,3,-1,1
"4053","201501CP00116",1,9,0,9,0,8,0,0,0,0,4,1,6,1,7,2993,2,1,-1,1
"4054","201501CP00116",2,1,0,18,0,8,0,0,0,0,3,1,2,1,6,-1,-1,-1,-1,1
"4055","201501CP00117",1,9,0,18,0,0,0,0,0,0,2,2,6,1,6,-1,-1,-1,-1,-1
"4056","201501CP00117",2,9,0,18,0,0,0,0,0,0,1,1,6,1,5,-1,-1,-1,-1,1
"4057","201501CP00118",1,8,0,18,0,8,0,0,0,0,1,1,1,1,7,2402,2,10,-1,1
"4058","201501CP00118",2,19,0,9,0,8,0,0,0,0,4,1,1,1,8,2198,2,7,-1,-1
"4059","201501CP00119",1,9,0,18,0,1,0,0,0,0,1,1,6,1,7,1997,2,4,-1,1
"4060","201501CP00119",2,9,0,4,0,1,0,0,0,0,2,1,6,1,6,2987,2,9,-1,1
"4061","201501CP00120",1,9,0,18,0,1,0,0,1,2,1,1,6,1,5,1595,1,3,-1,1
"4062","201501CP00121",1,1,0,15,0,1,0,8,0,0,1,1,6,1,6,-1,-1,-1,-1,1
"4063","201501CP00121",2,8,0,3,0,1,0,0,0,0,4,1,6,3,-1,2402,2,12,-1,-1
"4064","201501CP00122",1,9,0,2,0,1,0,0,0,0,3,1,6,2,7,1198,1,1,-1,1
"4065","201501CP00122",2,1,0,18,0,1,0,8,0,0,1,1,6,2,7,-1,-1,-1,-1,1
"4066","201501CP00123",1,11,0,4,0,0,0,0,0,0,4,1,1,1,7,7300,2,11,-1,1
"4067","201501CP00124",1,3,0,10,0,1,0,0,0,0,2,1,6,1,5,125,1,8,-1,1
"4068","201501CP00124",2,20,0,18,0,8,0,0,0,0,1,1,1,1,-1,-1,-1,-1,-1,1
"4069","201501CP00125",1,11,0,4,0,1,0,0,0,0,0,1,1,3,-1,-1,-1,-1,-1,-1
"4070","201501CP00126",1,1,0,18,0,1,0,0,0,0,3,1,2,2,6,-1,-1,-1,-1,1
"4071","201501CP00126",2,20,0,7,0,1,0,0,0,0,4,1,1,1,6,-1,-1,-1,-1,1
"4072","201501CP00127",1,19,0,1,0,2,0,0,0,0,2,1,1,1,6,2143,2,4,-1,1
"4073","201501CP00128",1,9,0,1,0,1,0,0,0,0,2,1,1,1,8,-1,-1,-1,-1,1
"4074","201501CP00129",1,1,0,15,0,8,0,0,0,0,1,1,6,1,6,-1,-1,-1,-1,1
"4075","201501CP00129",2,8,0,9,0,8,0,0,0,0,4,1,1,1,9,2143,2,3,-1,1
"4076","201501CP00130",1,3,0,14,0,1,0,0,0,0,1,1,6,3,-1,-1,-1,-1,-1,-1
"4077","201501CP00131",1,1,0,18,0,0,0,0,0,0,1,1,2,2,1,-1,-1,-1,-1,-1
"4078","201501CP00131",2,8,0,4,0,0,0,0,0,0,2,1,1,3,-1,-1,-1,-1,-1,-1
"4079","201501CP00132",1,1,0,18,0,8,0,0,0,0,3,1,6,1,7,-1,-1,-1,-1,1
"4080","201501CP00132",2,9,0,13,0,8,0,0,0,0,4,1,6,3,-1,-1,-1,-1,-1,-1
"4081","201501CP00133",1,9,0,7,0,8,0,0,0,0,4,1,6,1,7,1798,8,3,-1,1
"4082","201501CP00133",2,1,0,18,0,8,0,0,0,0,3,1,2,2,6,-1,-1,-1,-1,1
"4083","201501CP00134",1,9,0,18,0,8,0,0,0,0,1,1,2,1,6,1363,2,11,-1,1
"4084","201501CP00134",2,8,0,18,0,8,0,0,0,0,4,1,1,1,8,2402,2,10,-1,2
"4085","201501CP00135",1,19,0,18,0,1,0,0,0,0,1,1,1,1,6,4116,2,13,-1,1
"4086","201501CP00136",1,11,0,17,0,1,0,0,0,0,0,1,1,1,7,9360,2,4,-1,1
"4087","201501CP00137",1,1,0,14,0,1,0,0,0,0,3,1,6,1,8,-1,-1,-1,-1,1
"4088","201501CP00137",2,8,0,5,0,1,0,0,0,0,4,1,1,3,-1,1364,1,6,-1,-1
"4089","201501CP00138",1,1,0,18,0,0,0,0,0,0,3,1,6,1,8,-1,-1,-1,-1,1
"4090","201501CP00138",2,11,0,13,0,0,0,0,0,0,4,1,1,1,8,10667,2,-1,-1,1
"4091","201501CP00139",1,3,0,18,0,2,0,0,0,0,1,1,6,1,4,-1,-1,-1,-1,1
"4092","201501CP00140",1,9,0,14,0,2,0,0,0,0,1,1,6,1,7,1797,8,3,-1,1
"4093","201501CP00141",1,1,0,14,0,1,0,0,0,0,1,1,6,3,-1,-1,-1,-1,-1,-1
"4095","201501CP00143",1,9,0,3,0,1,0,0,0,0,2,1,6,1,6,1896,2,6,-1,1
"4096","201501CP00143",2,3,0,4,0,1,0,0,0,0,2,1,2,1,7,125,1,10,-1,1
"4097","201501CP00143",3,9,0,18,0,1,0,0,0,0,1,1,6,1,7,1796,1,12,-1,1
"4098","201501CP00144",1,1,0,18,2,1,0,0,0,0,1,1,6,1,5,-1,-1,-1,-1,1
"4099","201501CP00145",1,11,0,18,0,0,0,0,0,0,0,1,1,1,-1,7300,2,10,-1,-1
"4100","201501CP00146",1,1,0,4,0,1,0,0,0,0,2,1,6,1,6,-1,-1,-1,-1,1
"4101","201501CP00146",2,9,0,4,0,1,0,0,0,0,1,1,1,1,9,2143,2,1,-1,1
"4102","201501CP00147",1,20,0,1,0,0,0,0,0,0,2,1,1,1,-1,-1,-1,-1,-1,1
"4103","201501CP00148",1,1,0,12,0,1,0,0,0,0,3,1,6,2,5,-1,-1,-1,-1,1
"4104","201501CP00148",2,5,0,18,0,1,0,0,0,0,4,1,6,1,7,779,1,3,-1,1
"4105","201501CP00149",1,19,0,9,0,8,0,0,0,0,1,1,1,1,6,1968,2,2,-1,1
"4106","201501CP00149",2,1,0,7,0,8,0,0,0,0,1,1,2,2,7,-1,-1,-1,-1,1
"4107","201501CP00150",1,20,0,6,0,1,0,0,0,0,3,1,1,1,8,-1,-1,-1,-1,1
"4108","201501CP00150",2,3,0,18,0,1,0,0,0,0,1,1,6,1,6,125,1,1,-1,1
"4109","201501CP00151",1,5,0,3,0,1,0,0,0,0,3,1,2,1,6,108,1,1,-1,1
"4110","201501CP00151",2,20,0,5,0,1,0,0,0,0,4,1,1,1,8,2402,2,8,-1,1
"4111","201501CP00152",1,3,0,5,0,2,0,0,0,0,1,1,6,1,7,124,1,17,-1,1
"4112","201501CP00153",1,1,0,18,0,0,0,0,0,0,4,1,6,1,8,-1,-1,-1,-1,1
"4113","201501CP00153",2,8,0,6,0,0,0,0,0,0,1,1,1,1,-1,2499,2,8,-1,1
"4114","201501CP00154",1,20,0,7,9,2,0,0,0,0,1,1,6,3,-1,-1,-1,-1,-1,-1
"4115","201501CP00155",1,1,0,18,0,8,0,0,0,0,3,1,6,1,5,-1,-1,-1,-1,1
"4116","201501CP00155",2,8,0,9,0,8,0,0,0,0,1,1,1,1,9,2499,2,4,-1,2
"4117","201501CP00156",1,3,0,3,0,2,0,0,0,0,2,1,2,1,6,124,1,9,-1,1
"4118","201501CP00156",2,1,0,18,0,2,0,0,0,0,1,1,2,2,6,-1,-1,-1,-1,1
"4119","201501CP00157",1,5,0,9,0,8,0,0,0,0,4,1,6,1,8,1215,1,3,-1,1
"4120","201501CP00158",1,5,0,14,0,1,0,0,0,0,1,1,6,1,6,618,1,13,-1,1
"4121","201501CP00159",1,9,0,18,0,2,0,0,0,0,1,1,1,1,9,1686,2,2,-1,1
"4122","201501CP00161",1,9,0,18,0,8,0,0,0,0,3,1,1,1,6,-1,-1,-1,-1,1
"4123","201501CP00161",2,1,0,18,0,8,0,0,0,0,1,1,2,1,8,-1,-1,-1,-1,1
"4124","201501CP00163",1,8,0,3,0,1,0,0,0,0,2,1,1,1,7,2499,2,2,-1,1
"4125","201501CP00163",2,19,0,4,0,1,0,0,0,0,1,1,1,1,-1,1560,2,1,-1,1
"4126","201501CP00163",3,19,0,3,0,1,0,0,0,0,2,1,1,1,6,2198,2,3,-1,1
"4127","201501CP00164",1,1,0,18,0,8,0,0,0,0,1,1,6,1,5,-1,-1,-1,-1,1
"4128","201501CP00165",1,4,0,3,0,0,0,0,0,0,1,1,6,1,8,279,1,7,-1,1
"4129","201501CP00165",2,19,0,1,0,0,0,0,0,0,2,1,1,1,-1,1753,2,5,-1,-1
"4130","201501CP00167",1,5,0,18,0,1,0,0,0,0,1,1,6,1,7,649,1,-1,-1,1
"4131","201501CP00168",1,1,0,18,0,8,0,0,0,0,1,1,2,1,7,-1,-1,-1,-1,1
"4132","201501CP00168",2,1,0,18,0,8,0,0,0,0,3,1,2,1,-1,-1,-1,-1,-1,1
"4133","201501CP00169",1,1,0,18,0,8,0,0,0,0,1,1,2,2,7,-1,-1,-1,-1,1
"4134","201501CP00169",2,8,0,9,0,8,0,0,0,0,4,1,1,1,8,2499,2,4,-1,1
"4135","201501CP00170",1,11,0,18,0,2,0,0,0,0,0,1,1,1,7,9000,2,6,-1,1
"4136","201501CP00171",1,8,0,18,0,0,0,0,0,0,3,1,1,1,8,2664,2,14,-1,2
"4137","201501CP00172",1,9,0,18,0,1,0,0,0,0,1,1,6,1,7,1598,2,1,-1,1
"4138","201501CP00172",2,1,0,3,0,1,0,0,0,0,2,1,6,2,6,-1,-1,-1,-1,1
"4139","201501CP00173",1,8,0,6,0,2,0,0,0,0,3,1,1,1,6,1798,8,2,-1,1
"4140","201501CP00173",2,1,0,18,0,2,0,0,0,0,1,1,2,1,9,-1,-1,-1,-1,1
"4141","201501CP00174",1,1,0,15,0,0,0,8,0,0,1,1,6,1,7,-1,-1,-1,-1,1
"4142","201501CP00174",2,8,0,3,0,0,0,0,0,0,4,1,1,1,-1,1997,2,3,-1,1
"4143","201501CP00175",1,3,0,3,0,1,0,0,0,0,3,1,6,1,5,124,1,7,-1,2
"4144","201501CP00175",2,21,0,11,0,1,0,0,0,0,4,1,1,1,8,12902,2,2,-1,1
"4145","201501CP00176",1,9,0,5,0,1,0,0,0,0,2,1,6,1,8,1797,8,4,-1,1
"4146","201501CP00176",2,20,0,18,0,1,0,0,0,0,1,1,1,1,7,-1,-1,-1,-1,1
"4147","201501CP00177",1,9,0,3,0,1,0,0,0,0,2,1,6,1,6,1896,2,12,-1,1
"4148","201501CP00177",2,9,0,5,0,1,0,0,0,0,1,1,6,1,6,1910,2,11,-1,1
"4150","201501CP00179",1,3,0,18,0,1,0,0,0,0,1,1,6,1,6,125,1,1,-1,1
"4151","201501CP00180",1,1,0,18,0,1,0,0,0,0,1,1,2,2,6,-1,-1,-1,-1,1
"4152","201501CP00180",2,8,0,4,0,1,0,0,0,0,2,1,1,1,8,2402,2,9,-1,1
"4153","201501CP00181",1,20,0,7,0,8,0,0,0,0,4,1,1,1,8,11705,2,8,-1,1
"4154","201501CP00181",2,1,0,18,0,8,0,0,0,0,3,1,2,2,6,-1,-1,-1,-1,-1
"4155","201501CP00182",1,9,0,18,0,1,0,0,0,0,2,1,6,1,5,2179,2,-1,-1,1
"4156","201501CP00182",2,1,0,18,0,1,0,0,0,0,1,1,6,1,6,-1,-1,-1,-1,1
"4157","201501CP00183",1,9,0,18,0,8,0,0,0,0,1,1,6,1,4,1910,2,9,-1,1
"4158","201501CP00183",2,9,0,18,0,8,0,0,0,0,1,1,6,2,7,1995,2,9,-1,1
"4159","201501CP00184",1,20,0,5,0,0,0,0,0,0,3,1,1,1,8,-1,-1,-1,-1,1
"4160","201501CP00184",2,1,0,18,0,0,0,0,0,0,4,1,6,1,8,-1,-1,-1,-1,-1
"4161","201501CP00185",1,3,0,11,0,1,0,0,0,0,4,1,6,1,7,124,1,9,-1,1
"4162","201501CP00185",2,1,0,18,4,1,0,0,0,0,3,1,2,1,6,-1,-1,-1,-1,-1
"4163","201501CP00186",1,1,0,18,0,8,0,0,0,0,3,1,2,1,6,-1,-1,-1,-1,1
"4164","201501CP00186",2,9,0,7,0,8,0,0,0,0,4,1,6,3,-1,-1,-1,-1,-1,-1
"4165","201501CP00187",1,1,0,18,0,8,0,0,0,0,1,1,2,1,-1,-1,-1,-1,-1,1
"4166","201501CP00187",2,9,0,9,0,8,0,0,0,0,4,1,6,3,-1,-1,-1,-1,-1,-1
"4169","201501CP00189",1,8,0,6,0,8,0,0,0,0,4,1,6,1,-1,2143,2,2,-1,1
"4170","201501CP00189",2,5,0,7,0,8,0,0,0,0,1,1,6,1,8,1165,1,12,-1,1
"4171","201501CP00190",1,9,0,18,0,2,0,0,0,0,4,1,1,1,7,-1,-1,-1,-1,2
"4172","201501CP00190",2,1,0,18,0,2,0,0,0,0,3,1,6,1,6,-1,-1,-1,-1,1
"4173","201501CP00191",1,8,0,18,0,8,0,0,0,0,1,1,1,1,9,1796,1,9,-1,1
"4174","201501CP00191",2,8,0,9,0,8,0,0,0,0,4,1,1,1,7,-1,-1,-1,-1,1
"4175","201501CP00192",1,8,0,9,0,8,0,0,0,0,4,1,1,1,8,2499,2,3,-1,1
"4176","201501CP00192",2,3,0,15,0,8,0,0,0,0,1,1,6,1,6,125,1,7,-1,1
"4177","201501CP00193",1,1,0,18,0,1,0,0,0,0,3,1,6,1,6,-1,-1,-1,-1,2
"4178","201501CP00193",2,9,0,18,0,1,0,0,0,0,4,1,6,3,8,1910,2,9,-1,1
"4179","201501CP00194",1,20,0,18,0,1,0,0,0,0,4,1,1,1,7,-1,-1,-1,-1,1
"4180","201501CP00195",1,9,0,18,0,8,0,0,0,0,1,1,6,3,-1,1582,2,7,-1,-1
"4181","201501CP00196",1,1,0,18,0,1,0,10,0,0,4,1,6,1,8,-1,-1,-1,-1,1
"4182","201501CP00196",2,9,0,18,0,1,0,0,0,0,0,1,6,3,-1,2400,2,5,-1,-1
"4183","201501CP00198",1,9,0,18,0,1,0,0,0,0,3,1,6,1,-1,1956,2,5,-1,1
"4184","201501CP00198",2,21,0,11,0,1,0,0,0,0,4,2,1,3,-1,-1,-1,-1,-1,-1
"4185","201501CP00199",1,1,0,18,0,8,0,0,0,0,2,1,6,1,6,-1,-1,-1,-1,1
"4186","201501CP00199",2,9,0,9,0,8,0,0,0,0,1,1,6,3,-1,-1,-1,-1,-1,-1
"4187","201501CP00200",1,1,0,18,0,8,0,0,0,0,1,1,6,1,6,-1,-1,-1,-1,1
"4188","201501CP00200",2,9,0,9,0,8,0,0,0,0,3,1,6,1,-1,599,1,13,-1,-1
"4189","201501CP00201",1,1,0,18,0,8,0,0,0,0,3,1,6,2,6,-1,-1,-1,-1,1
"4190","201501CP00201",2,21,0,7,0,8,0,0,0,0,4,1,1,1,6,9365,2,7,-1,2
"4191","201501CP00202",1,4,0,18,0,1,0,0,0,0,1,1,6,3,-1,-1,-1,-1,-1,-1
"4192","201501CP00202",2,1,0,18,0,1,0,0,0,0,2,1,6,1,7,-1,-1,-1,-1,1
"4193","201501CP00203",1,21,0,5,0,2,0,0,0,0,1,1,1,1,-1,4461,2,3,-1,1
"4194","201501CP00203",2,3,0,18,0,2,0,0,0,0,2,1,6,1,7,125,1,2,-1,1
"4195","201501CP00204",1,21,0,9,0,8,0,0,0,0,4,1,1,1,8,4461,2,3,-1,1
"4196","201501CP00204",2,1,0,18,0,8,0,0,0,0,1,1,6,1,6,-1,-1,-1,-1,1
"4197","201501CP00205",1,8,0,5,0,1,0,0,0,0,3,1,1,1,7,1997,2,1,-1,-1
"4198","201501CP00205",2,5,0,18,0,1,0,0,0,0,4,1,6,1,8,1130,1,13,-1,3
"4200","201501CP00208",1,9,0,18,0,1,0,0,0,0,1,1,6,1,6,-1,-1,-1,-1,1
"4201","201501CP00209",1,1,0,18,0,8,0,0,0,0,1,1,2,1,6,-1,-1,-1,-1,1