"","Acc_Index","Vehicle_Reference","Vehicle_Type","Towing_and_Articulation","Vehicle_Manoeuvre","Vehicle_Location.Restricted_Lane","Junction_Location","Skidding_and_Overturning","Hit_Object_in_Carriageway","Vehicle_Leaving_Carriageway","Hit_Object_off_Carriageway","X1st_Point_of_Impact","Was_Vehicle_Left_Hand_Drive","Journey_Purpose_of_Driver","Sex_of_Driver","Age_Band_of_Driver","Engine_Capacity_.CC.","Propulsion_Code","Age_of_Vehicle","Driver_IMD_Decile","Driver_Home_Area_Type"
"4202","201501CP00210",1,9,0,18,0,1,0,0,0,0,1,1,6,1,6,2143,12,2,-1,1
"4203","201501CP00211",1,20,0,18,0,1,0,0,0,0,1,1,1,1,7,2143,2,-1,-1,1
"4204","201501CP00211",2,1,0,18,0,1,0,0,0,0,2,1,2,1,8,-1,-1,-1,-1,1
"4205","201501CP00212",1,3,0,18,0,1,0,0,0,0,4,1,6,1,6,125,1,1,-1,1
"4206","201501CP00212",2,19,0,6,0,8,0,0,0,0,1,1,6,3,-1,-1,-1,-1,-1,-1
"4207","201501CP00213",1,4,0,18,0,8,0,0,0,0,1,1,6,1,5,124,1,2,-1,1
"4208","201501CP00213",2,4,0,18,0,8,0,0,0,0,2,1,6,3,-1,535,1,21,-1,-1
"4209","201501CP00214",1,3,0,3,0,1,0,0,0,0,2,1,6,1,7,125,1,1,-1,1
"4210","201501CP00214",2,11,0,4,0,1,0,0,0,0,1,1,1,1,8,9200,2,11,-1,1
"4211","201501CP00215",1,21,0,5,0,1,0,0,0,0,4,1,1,1,7,10677,2,-1,-1,-1
"4212","201501CP00215",2,3,0,5,0,1,0,0,0,0,3,1,6,1,8,125,1,7,-1,1
"4213","201501CP00216",1,1,0,17,0,2,0,0,0,0,3,1,6,2,6,-1,-1,-1,-1,-1
"4214","201501CP00217",1,3,0,9,0,8,0,0,0,0,4,1,6,1,5,125,1,8,-1,1
"4215","201501CP00217",2,1,0,18,0,8,0,0,0,0,1,1,6,2,6,-1,-1,-1,-1,-1
"4216","201501CP00218",1,9,0,9,0,0,0,0,0,0,4,1,6,1,6,1995,2,1,-1,1
"4217","201501CP00218",2,1,0,18,0,0,0,0,0,0,1,1,6,1,6,-1,-1,-1,-1,1
"4218","201501CP00219",1,3,0,18,0,2,0,0,0,0,4,1,6,1,6,-1,-1,-1,-1,1
"4219","201501CP00219",2,9,0,12,0,2,0,0,0,0,3,1,1,1,8,1797,8,2,-1,1
"4220","201501CP00220",1,8,0,18,0,1,0,0,0,0,3,1,1,1,8,2499,2,1,-1,1
"4221","201501CP00221",1,20,0,1,0,1,0,0,0,0,2,1,1,1,7,-1,-1,-1,-1,1
"4222","201501CP00222",1,9,0,18,0,1,0,0,0,0,1,1,6,1,6,1968,2,1,-1,1
"4223","201501CP00222",2,9,0,1,0,1,0,0,0,0,2,1,6,3,-1,1598,1,2,-1,-1
"4224","201501CP00222",3,9,0,4,0,1,0,0,0,0,2,1,6,1,7,1797,8,4,-1,1
"4225","201501CP00223",1,8,0,18,0,0,0,0,0,0,1,1,1,1,8,2499,2,6,-1,1
"4226","201501CP00223",2,9,0,4,0,0,0,0,0,0,2,1,6,1,8,1117,1,24,-1,1
"4227","201501CP00224",1,3,0,18,0,8,0,0,0,0,2,1,6,1,7,124,1,3,-1,-1
"4228","201501CP00224",2,8,0,18,0,8,0,0,0,0,1,1,1,1,7,1997,2,5,-1,1
"4229","201501CP00225",1,8,0,6,0,1,0,0,0,0,3,1,1,1,8,1968,2,4,-1,1
"4230","201501CP00225",2,1,0,14,0,1,0,0,0,0,1,1,6,2,6,-1,-1,-1,-1,1
"4231","201501CP00226",1,9,0,7,0,8,0,0,0,0,3,1,2,2,9,1968,2,1,-1,1
"4232","201501CP00227",1,19,0,1,0,1,0,0,0,0,2,1,1,1,8,2198,2,3,-1,1
"4233","201501CP00229",1,9,0,9,0,8,0,0,0,0,1,1,6,1,7,2993,2,1,-1,1
"4234","201501CP00229",2,9,0,18,0,8,0,0,0,0,4,1,6,1,7,1596,1,9,-1,1
"4235","201501CP00231",1,1,0,18,0,0,0,0,0,0,1,1,6,2,6,-1,-1,-1,-1,1
"4236","201501CP00231",2,8,0,9,0,0,0,0,0,0,4,1,6,3,-1,2499,2,8,-1,-1
"4237","201501CP00232",1,9,0,6,0,0,0,0,0,0,3,1,1,1,7,1968,2,2,-1,-1
"4238","201501CP00232",2,1,0,14,0,0,0,0,0,0,1,1,6,1,6,-1,-1,-1,-1,1
"4239","201501CP00233",1,3,0,15,0,0,0,0,0,0,1,1,6,1,5,125,1,7,-1,1
"4240","201501CP00233",2,21,0,3,0,0,0,0,0,0,2,1,1,1,6,7698,2,-1,-1,1
"4241","201501CP00234",1,9,0,18,0,1,0,0,0,0,1,1,6,1,7,1896,2,10,-1,1
"4242","201501CP00235",1,11,0,3,0,2,0,0,0,0,0,1,1,3,-1,-1,-1,-1,-1,-1
"4243","201501CP00236",1,4,0,18,0,1,0,0,0,0,1,1,6,1,5,471,1,1,-1,1
"4244","201501CP00237",1,3,0,18,0,2,0,0,0,0,1,1,6,1,8,124,1,9,-1,1
"4245","201501CP00238",1,9,0,18,0,8,0,0,0,0,1,1,6,1,7,1797,8,5,-1,1
"4246","201501CP00238",2,1,0,9,0,8,0,0,0,0,4,1,6,1,6,-1,-1,-1,-1,1
"4247","201501CP00239",1,1,0,9,0,8,0,0,0,0,3,1,6,1,5,-1,-1,-1,-1,1
"4248","201501CP00239",2,3,0,18,0,8,0,0,0,0,1,1,6,1,8,124,1,3,-1,1
"4249","201501CP00240",1,1,0,18,0,0,0,0,0,0,1,1,6,1,7,-1,-1,-1,-1,1
"4250","201501CP00241",1,8,0,9,0,8,0,0,0,0,1,1,1,1,10,2664,2,14,-1,1
"4251","201501CP00241",2,1,0,18,0,8,0,0,0,0,1,1,6,2,11,-1,-1,-1,-1,1
"4252","201501CP00242",1,4,0,14,0,1,0,0,0,0,1,1,6,1,7,-1,-1,-1,-1,1
"4253","201501CP00243",1,11,0,2,2,0,0,0,0,0,0,1,1,1,7,8900,2,3,-1,1
"4254","201501CP00244",1,1,0,18,0,8,0,0,0,0,1,1,2,1,6,-1,-1,-1,-1,1
"4255","201501CP00244",2,8,0,9,0,8,0,0,0,0,2,1,1,1,8,2499,2,5,-1,1
"4256","201501CP00245",1,3,0,18,0,1,0,0,0,0,4,1,6,1,6,125,1,1,-1,1
"4257","201501CP00246",1,19,0,5,0,1,0,0,0,0,2,1,1,1,6,1399,2,7,-1,1
"4258","201501CP00247",1,8,0,18,0,1,0,0,0,0,1,1,1,1,8,1997,2,2,-1,1
"4259","201501CP00248",1,21,1,9,0,8,0,0,0,0,3,1,1,1,10,12900,2,5,-1,3
"4260","201501CP00248",2,1,0,18,4,8,0,0,0,0,3,1,6,2,7,-1,-1,-1,-1,1
"4261","201501CP00249",1,9,0,13,0,2,0,10,1,10,1,1,6,1,11,1580,1,25,-1,1
"4262","201501CP00249",2,1,0,18,0,2,0,0,0,0,0,1,6,1,7,-1,-1,-1,-1,-1
"4265","201501CP00251",1,20,0,2,0,1,0,0,0,0,3,1,1,1,7,-1,-1,-1,-1,1
"4266","201501CP00251",2,1,0,18,0,1,0,8,0,0,1,1,6,1,7,-1,-1,-1,-1,1
"4267","201501CP00252",1,9,0,4,0,8,0,0,0,0,2,1,6,1,6,1797,8,3,-1,1
"4268","201501CP00252",2,9,0,18,0,8,0,0,0,0,1,1,6,1,5,1598,1,10,-1,1
"4269","201501CP00253",1,8,0,7,0,2,0,0,0,0,1,1,1,1,10,2499,2,7,-1,1
"4270","201501CP00254",1,8,0,6,0,8,0,0,0,0,3,1,1,1,9,2148,2,5,-1,1
"4271","201501CP00254",2,1,0,18,0,8,0,0,0,0,4,1,6,1,6,-1,-1,-1,-1,1
"4272","201501CP00255",1,20,0,15,0,1,0,0,0,0,3,1,1,1,10,-1,-1,-1,-1,1
"4273","201501CP00255",2,1,0,18,0,1,0,0,0,0,4,1,2,2,8,-1,-1,-1,-1,1
"4274","201501CP00256",1,1,0,18,0,8,0,0,0,0,4,1,6,1,6,-1,-1,-1,-1,1
"4275","201501CP00256",2,8,0,18,0,8,0,0,0,0,1,1,1,1,8,2402,2,10,-1,1
"4277","201501CP00258",1,1,0,9,0,2,0,0,0,0,1,1,1,1,6,-1,-1,-1,-1,1
"4278","201501CP00258",2,8,0,18,0,1,0,0,0,0,3,1,1,1,8,2143,12,2,-1,1
"4279","201501CP00259",1,1,0,15,0,1,0,0,0,0,3,1,2,2,6,-1,-1,-1,-1,1
"4280","201501CP00259",2,19,0,3,0,1,0,0,0,0,4,1,1,1,8,1968,2,1,-1,-1
"4281","201501CP00259",3,8,0,3,0,1,0,0,0,0,4,1,1,1,7,2664,2,15,-1,1
"4282","201501CP00260",1,9,0,18,0,1,0,0,0,0,1,1,6,3,-1,-1,-1,-1,-1,-1
"4283","201501CP00261",1,9,0,18,0,2,0,0,0,0,1,1,6,2,6,1596,1,10,-1,1
"4284","201501CP00262",1,8,0,4,0,1,0,0,0,0,4,1,1,1,9,1997,2,4,-1,1
"4285","201501CP00262",2,1,0,15,0,1,0,8,0,0,1,1,6,1,7,-1,-1,-1,-1,1
"4286","201501CP00263",1,21,0,18,0,1,0,0,0,0,4,1,6,3,-1,-1,-1,-1,-1,-1
"4287","201501CP00264",1,8,0,9,0,1,0,0,0,0,3,1,1,1,7,2499,2,4,-1,1
"4288","201501CP00264",2,4,0,18,0,1,0,0,0,0,1,1,6,2,7,249,1,5,-1,1
"4289","201501CP00265",1,5,0,18,0,1,0,0,0,0,3,1,6,1,7,955,1,14,-1,1
"4290","201501CP00266",1,1,0,18,0,8,0,0,0,0,4,1,6,1,8,-1,-1,-1,-1,1
"4291","201501CP00266",2,19,0,9,0,8,0,0,0,0,1,1,1,1,10,1461,2,-1,-1,2
"4294","201501CP00268",1,9,0,18,0,2,0,0,0,0,2,1,6,1,7,1995,2,6,-1,1
"4295","201501CP00268",2,9,0,18,0,2,0,0,0,0,1,1,6,1,6,2656,1,13,-1,1
"4296","201501CP00269",1,1,0,4,0,1,0,0,0,0,1,1,6,1,7,-1,-1,-1,-1,3
"4297","201501CP00269",2,9,0,4,0,1,0,0,0,0,2,1,6,1,7,1798,8,1,-1,1
"4298","201501CP00270",1,3,0,17,0,8,0,0,0,0,3,1,6,1,9,124,1,13,-1,1
"4299","201501CP00271",1,9,0,5,0,1,0,0,0,0,1,1,6,1,10,2993,2,4,-1,1
"4300","201501CP00272",1,1,0,18,0,1,0,0,0,0,1,1,6,1,8,-1,-1,-1,-1,1
"4301","201501CP00273",1,9,0,18,0,1,0,0,0,0,1,1,6,1,7,1686,2,1,-1,1
"4302","201501CP00274",1,9,0,18,0,0,0,0,0,0,1,1,6,1,5,-1,-1,-1,-1,1
"4303","201501CP00274",2,9,0,1,0,0,0,0,0,0,2,1,6,1,8,1797,8,3,-1,1
"4304","201501CP00275",1,8,0,7,0,8,0,0,0,0,4,1,1,1,7,2148,2,7,-1,1
"4305","201501CP00276",1,11,0,9,0,1,0,0,0,0,0,1,1,1,9,4500,2,-1,-1,1
"4306","201501CP00277",1,19,0,11,0,8,0,0,0,0,0,1,6,3,-1,-1,-1,-1,-1,-1
"4307","201501CP00277",2,11,0,18,0,8,0,0,0,0,0,1,1,1,8,6370,2,6,-1,1
"4308","201501CP00278",1,5,0,14,0,1,0,0,0,0,1,1,6,1,-1,600,1,10,-1,1
"4309","201501CP00279",1,8,0,2,0,1,0,0,0,0,4,1,1,3,-1,-1,-1,-1,-1,-1
"4310","201501CP00279",2,1,0,18,0,1,0,0,0,0,1,1,6,1,8,-1,-1,-1,-1,1
"4311","201501CP00280",1,9,0,18,0,2,0,0,0,0,4,1,6,2,6,1595,2,5,-1,1
"4312","201501CP00281",1,9,0,9,0,8,0,0,0,0,1,1,6,1,8,1798,8,3,-1,1
"4313","201501CP00281",2,1,0,18,0,8,0,0,0,0,3,1,6,1,8,-1,-1,-1,-1,1
"4314","201501CP00282",1,9,0,4,0,1,0,0,0,0,0,1,6,3,-1,2987,2,2,-1,-1
"4315","201501CP00282",2,3,0,18,0,1,0,0,0,0,0,1,6,1,6,124,1,2,-1,-1
"4316","201501CP00283",1,9,0,6,0,0,0,0,0,0,3,1,6,3,-1,-1,-1,-1,-1,-1
"4317","201501CP00283",2,1,0,18,0,0,0,0,0,0,1,1,6,1,7,-1,-1,-1,-1,1
"4318","201501CP00284",1,1,0,18,0,2,0,0,0,0,1,1,2,1,8,-1,-1,-1,-1,1
"4319","201501CP00284",2,8,0,2,0,2,0,0,0,0,1,1,1,3,-1,1798,8,1,-1,1
"4320","201501CP00285",1,1,0,18,0,8,0,0,0,0,3,1,6,2,6,-1,-1,-1,-1,1
"4321","201501CP00285",2,20,0,9,0,8,0,0,0,0,1,1,6,3,-1,-1,-1,-1,-1,-1
"4322","201501CP00286",1,9,0,18,0,8,0,0,0,0,4,1,6,1,7,-1,-1,-1,-1,1
"4323","201501CP00286",2,1,0,18,0,8,0,0,0,0,1,1,6,1,7,-1,-1,-1,-1,1
"4324","201501CP00287",1,11,0,18,0,1,0,0,0,0,0,1,1,1,-1,9360,2,8,-1,1
"4327","201501CP00289",1,9,0,9,0,8,0,0,0,0,4,1,6,2,7,-1,-1,-1,-1,1
"4328","201501CP00289",2,9,0,18,0,8,0,0,0,0,1,1,6,1,6,-1,-1,-1,-1,1
"4329","201501CP00290",1,1,0,18,0,1,0,0,0,0,0,1,6,1,6,-1,-1,-1,-1,1
"4330","201501CP00290",2,8,0,6,0,1,0,0,0,0,0,1,1,1,7,1997,2,1,-1,1
"4331","201501CP00291",1,11,0,18,2,8,0,0,0,0,4,1,1,1,8,9000,2,5,-1,1
"4332","201501CP00293",1,11,0,5,0,0,0,0,0,0,0,1,1,1,7,4461,2,2,-1,1
"7293","201501EK40250",1,1,0,18,0,0,0,8,0,0,1,1,6,1,6,-1,-1,-1,-1,1
"7294","201501EK40250",2,9,0,2,0,0,0,0,0,0,3,1,6,3,-1,-1,-1,-1,-1,-1
"7386","201501EK40314",1,3,0,14,0,8,0,0,0,0,4,1,6,1,6,124,1,18,-1,1
"7387","201501EK40314",2,8,0,9,0,8,0,0,0,0,3,1,1,1,9,1896,2,6,-1,1
"7417","201501EK40344",1,11,0,18,0,1,0,0,0,0,0,1,1,1,6,7300,2,12,-1,1
"9009","201501EO40330",1,9,0,2,0,1,0,0,0,0,3,1,6,1,7,1968,2,1,-1,3
"9010","201501EO40330",2,3,0,18,0,1,0,4,0,0,4,1,6,1,5,124,1,-1,-1,1
"9842","201501EO40889",1,3,0,18,0,1,0,0,0,0,1,1,6,3,-1,-1,-1,-1,-1,-1
"12653","201501HT20112",1,1,0,18,0,8,0,0,0,0,4,1,2,2,6,-1,-1,-1,-1,1
"12654","201501HT20112",2,9,0,16,0,8,0,0,0,0,1,1,6,1,8,1988,1,14,-1,-1
"12664","201501HT20121",1,8,0,9,0,8,0,0,0,0,1,1,1,1,9,1997,2,4,-1,1
"12740","201501HT20171",1,9,0,3,0,1,0,0,0,0,3,1,1,1,8,2993,2,1,-1,1
"12741","201501HT20171",2,9,0,11,0,1,0,0,0,0,4,1,6,1,5,1390,1,1,-1,-1
"14214","201501HT21108",1,1,0,18,0,8,0,0,0,0,4,1,2,1,6,-1,-1,-1,-1,1
"14215","201501HT21108",2,9,0,7,0,8,0,0,0,0,1,1,6,1,-1,1997,2,4,-1,1
"210724","201501LX50340",1,9,0,18,0,8,0,0,0,0,3,1,6,2,8,2435,1,15,-1,-1
"210734","201501LX50340",2,1,0,18,0,8,0,0,0,0,1,1,6,1,6,-1,-1,-1,-1,1
"212314","201501LX50453",1,9,0,7,0,8,0,0,0,0,4,1,6,3,-1,-1,-1,-1,-1,-1
"212324","201501LX50453",2,1,0,18,0,8,0,0,0,0,1,1,6,1,9,-1,-1,-1,-1,1
"219233","201501LX50950",1,3,0,18,0,8,0,0,0,0,1,1,6,1,6,124,1,2,-1,1
"219243","201501LX50950",2,9,0,9,0,8,0,0,0,0,4,1,6,1,-1,1796,1,10,-1,-1
"225092","201501LX51357",1,9,0,4,0,8,0,0,0,0,2,1,6,2,8,1229,1,10,-1,-1
"225102","201501LX51357",2,9,0,18,0,8,0,0,0,0,1,1,6,2,6,1598,1,1,-1,1
"245721","201501PL60291",1,19,0,18,0,1,0,0,0,0,1,1,1,1,-1,2143,2,1,-1,-1
"247831","201501PL60435",1,9,0,3,0,8,0,0,0,0,2,1,6,2,8,1388,1,6,-1,1
"247841","201501PL60435",2,19,0,18,0,8,0,0,0,0,1,1,6,1,-1,1997,2,10,-1,-1
"249721","201501PL60564",1,9,0,5,0,0,0,0,0,0,3,1,6,1,10,998,1,1,-1,1
"249731","201501PL60564",2,11,0,18,0,0,0,0,0,0,4,1,1,2,7,3900,2,12,-1,-1
"251761","201501PL60700",1,9,0,18,0,8,0,0,0,0,1,1,6,1,6,1360,1,6,-1,1
"251771","201501PL60700",2,9,0,4,0,8,0,0,0,0,2,1,6,1,8,1560,2,7,-1,1
"255491","201501PL60922",1,9,0,5,0,0,0,0,0,0,0,1,6,1,-1,1596,1,12,-1,1
"255501","201501PL60922",2,1,0,18,0,0,0,0,0,0,0,1,6,1,8,-1,-1,-1,-1,1
"25807","201501PY20002",1,9,0,18,0,0,5,0,0,0,3,1,6,1,11,1360,1,6,-1,1
"258081","201501PY20005",1,9,0,18,0,1,0,0,0,0,1,1,6,3,-1,-1,-1,-1,-1,-1
"258091","201501PY20008",1,9,0,9,0,2,0,0,0,0,1,1,6,1,8,1598,1,1,-1,1
"258101","201501PY20009",1,9,0,18,0,8,0,0,0,0,1,1,6,1,8,-1,-1,-1,-1,1
"258111","201501PY20010",1,19,0,17,0,0,1,0,0,0,1,1,6,1,8,2494,2,6,-1,1
"258121","201501PY20010",2,9,0,16,0,0,0,0,0,0,1,1,6,2,4,-1,-1,-1,-1,2
"258131","201501PY20010",3,9,0,2,0,0,0,0,0,0,3,1,6,3,-1,-1,-1,-1,-1,-1
"258141","201501PY20010",4,19,0,2,0,0,0,0,0,0,3,1,6,3,-1,-1,-1,-1,-1,-1
"258151","201501PY20012",1,9,0,18,0,8,0,0,0,0,4,1,6,1,8,1560,2,5,-1,-1
"258161","201501PY20012",2,9,0,10,0,8,0,0,0,0,1,1,6,1,6,-1,-1,-1,-1,-1
"258171","201501PY20012",3,9,0,7,0,8,0,0,0,0,1,1,6,1,11,-1,-1,-1,-1,-1
"258181","201501PY20014",1,9,0,18,0,2,0,0,0,0,1,1,6,2,-1,1390,1,11,-1,-1
"258211","201501PY20020",1,9,0,18,0,8,0,0,0,0,4,1,6,1,7,-1,-1,-1,-1,1
"258221","201501PY20020",2,9,0,18,0,8,0,0,0,0,1,1,6,1,8,-1,-1,-1,-1,1
"258231","201501PY20021",1,9,0,3,0,0,0,0,0,0,2,1,6,1,5,1560,2,1,-1,1
"25824","201501PY20021",2,9,0,18,0,0,0,0,0,0,1,1,6,2,-1,1242,1,1,-1,1
"25825","201501PY20023",1,9,0,18,0,8,0,0,0,0,1,1,6,1,8,-1,-1,-1,-1,1
"258261","201501PY20023",2,9,0,9,0,8,0,0,0,0,4,1,6,1,11,1997,2,13,-1,2
"258271","201501PY20024",1,9,0,18,0,0,0,0,0,0,4,1,6,1,11,1364,1,8,-1,1
"258281","201501PY20025",1,9,0,18,0,0,0,4,0,0,1,1,6,1,6,1242,1,9,-1,1
"25829","201501PY20025",2,9,0,2,0,0,0,0,0,0,3,1,6,3,-1,1596,1,10,-1,-1
"25830","201501PY20025",3,9,0,2,0,0,0,0,0,0,3,1,6,3,-1,1242,1,5,-1,-1
"258311","201501PY20026",1,9,0,9,0,2,0,0,0,0,1,1,6,2,9,1248,1,2,-1,3
"258321","201501PY20027",1,9,0,7,0,8,0,0,0,0,3,1,6,1,11,1390,1,13,-1,1
"258331","201501PY20027",2,20,0,18,0,8,0,0,0,0,1,1,1,1,7,4461,2,3,-1,1
"258341","201501PY20028",1,9,0,1,0,8,0,0,0,0,2,1,6,2,-1,-1,-1,-1,-1,-1
"258351","201501PY20029",1,9,0,9,0,8,0,0,0,0,1,1,6,2,8,-1,-1,-1,-1,1
"258361","201501PY20029",2,9,0,8,0,8,0,0,0,0,1,1,6,2,7,1339,8,8,-1,-1
"258371","201501PY20029",3,9,0,18,0,8,0,0,0,0,3,1,6,1,4,1398,1,2,-1,-1
"258381","201501PY20031",1,9,0,18,0,8,0,0,0,0,1,1,6,1,6,2393,1,13,-1,1
"25839","201501PY20031",2,9,0,9,0,8,0,0,0,0,1,1,6,2,11,1598,1,6,-1,1
"25840","201501PY20033",1,9,0,18,0,8,0,0,0,0,4,1,6,1,7,1988,2,10,-1,1
"258411","201501PY20033",2,9,0,18,0,8,0,0,0,0,1,1,6,1,7,2993,2,2,-1,1
"258421","201501PY20038",1,9,0,8,0,8,0,0,0,0,2,1,6,2,8,1587,1,12,-1,1
"258431","201501PY20038",2,9,0,7,0,8,0,0,0,0,1,1,6,1,-1,1995,2,1,-1,-1
"258441","201501PY20039",1,9,0,4,0,2,0,0,0,0,2,1,6,1,9,1896,2,11,-1,1
"258451","201501PY20039",2,9,0,4,0,2,0,0,0,0,1,1,6,2,6,1242,1,2,-1,1
"258461","201501PY20040",1,9,0,18,0,1,0,0,0,0,1,1,6,2,5,-1,-1,-1,-1,1
"258471","201501PY20040",2,9,0,2,0,1,0,0,0,0,1,1,6,3,-1,1968,2,1,-1,-1
"258481","201501PY20041",1,9,0,18,0,8,0,0,0,0,4,1,6,1,7,2184,2,5,-1,1
"258491","201501PY20041",2,3,0,18,0,8,0,0,0,0,1,1,6,1,4,124,1,7,-1,1
"258501","201501PY20042",1,9,0,18,0,0,0,0,0,0,1,1,6,1,7,1461,2,1,-1,1
"258511","201501PY20042",2,11,0,3,0,0,0,0,0,0,2,1,6,1,8,-1,2,12,-1,1
"258521","201501PY20043",1,9,0,18,0,8,0,0,0,0,4,1,6,1,11,-1,-1,-1,-1,1
"258531","201501PY20043",2,4,0,18,0,8,0,0,0,0,1,1,6,1,5,471,1,2,-1,1
"258541","201501PY20044",1,9,0,18,0,1,0,0,0,0,3,1,6,2,9,1598,1,12,-1,1
"258551","201501PY20044",2,9,0,5,0,2,0,0,0,0,3,1,6,2,-1,-1,-1,-1,-1,-1
"258561","201501PY20045",1,9,0,18,0,1,0,0,0,0,1,1,6,1,4,1796,2,2,-1,1
"258571","201501PY20045",2,9,0,2,0,1,0,0,0,0,1,1,6,3,-1,-1,-1,-1,-1,-1
"258581","201501PY20048",1,9,0,6,0,0,0,0,0,0,3,1,6,1,-1,1999,1,12,-1,-1
"25859","201501PY20048",2,1,0,18,0,0,0,0,0,0,1,1,6,1,6,-1,-1,-1,-1,1
"258601","201501PY20051",1,9,0,4,0,8,0,0,0,0,1,1,6,1,6,1596,1,5,-1,1
"258611","201501PY20051",2,9,0,8,0,8,0,0,0,0,2,1,6,2,9,1329,1,5,-1,-1
"258621","201501PY20053",1,9,0,18,0,8,0,0,0,0,1,1,6,1,4,1360,1,12,-1,1
"258631","201501PY20053",2,9,0,18,0,8,0,0,0,0,1,1,6,2,8,998,1,6,-1,1
"258641","201501PY20055",1,9,0,18,0,0,0,0,0,0,1,1,6,1,5,1468,1,12,-1,1
"258651","201501PY20056",1,9,0,18,0,2,0,0,0,0,3,1,6,1,11,1794,1,11,-1,1
"258661","201501PY20056",2,9,0,18,0,1,0,0,0,0,3,1,6,1,6,3199,1,15,-1,-1
"258671","201501PY20056",3,9,0,18,0,1,0,0,0,0,3,1,6,1,7,1798,1,13,-1,-1
"258681","201501PY20057",1,9,0,18,0,8,0,0,0,0,1,1,6,1,11,1199,1,11,-1,1
"258691","201501PY20058",1,9,0,17,0,0,0,0,0,0,1,1,6,1,6,1992,2,10,-1,1
"258701","201501PY20058",2,9,0,16,0,0,0,0,0,0,1,1,6,1,-1,1199,1,13,-1,-1
"258711","201501PY20059",1,11,0,5,0,2,0,0,0,0,0,1,1,1,-1,-1,-1,-1,-1,-1
"258721","201501PY20060",1,9,0,4,0,0,0,0,0,0,2,1,6,1,6,-1,-1,-1,-1,1
"258731","201501PY20060",2,19,0,4,0,0,0,0,0,0,1,1,6,1,6,2143,2,1,-1,1
"258741","201501PY20061",1,9,0,8,0,1,0,0,0,0,2,1,6,2,9,-1,-1,-1,-1,1
"258751","201501PY20061",2,19,0,7,0,2,0,0,0,0,1,1,6,1,7,1968,2,3,-1,1
"258761","201501PY20062",1,11,0,3,0,0,0,0,0,0,2,1,6,2,6,6700,2,3,-1,1
"258771","201501PY20062",2,9,0,18,0,0,0,0,0,0,1,1,6,1,8,1596,1,3,-1,1
"258781","201501PY20064",1,1,0,18,0,8,0,0,0,0,4,1,6,1,6,-1,-1,-1,-1,1
"258791","201501PY20064",2,9,0,9,0,8,0,0,0,0,1,1,6,2,-1,-1,-1,-1,-1,-1
"258801","201501PY20065",1,9,0,18,0,0,0,0,0,0,3,1,6,2,7,1242,1,7,-1,1
"258811","201501PY20067",1,9,0,18,0,0,0,0,0,0,1,1,6,1,6,1995,1,4,-1,1
"258821","201501PY20068",1,9,0,1,0,2,0,0,0,0,2,1,6,2,10,1339,1,8,-1,1
"258831","201501PY20068",2,3,0,3,0,2,0,0,0,0,1,1,6,1,-1,125,1,2,-1,-1
"258841","201501PY20071",1,1,0,18,0,8,0,0,0,0,1,1,6,1,8,-1,-1,-1,-1,1
"258851","201501PY20071",2,9,0,7,0,8,0,0,0,0,3,1,6,3,-1,1995,2,9,-1,-1
"258861","201501PY20072",1,9,0,18,0,1,0,0,0,0,1,1,6,2,7,1596,1,10,-1,1
"258871","201501PY20073",1,9,0,18,0,0,0,0,0,0,1,1,6,1,6,-1,-1,-1,-1,1
"258881","201501PY20073",2,9,0,18,0,0,0,0,0,0,2,1,6,2,8,1400,1,15,-1,1
"258891","201501PY20073",3,9,0,2,0,0,0,0,0,0,2,1,6,3,-1,-1,-1,-1,-1,-1
"258901","201501PY20073",4,9,0,2,0,0,0,0,0,0,2,1,6,3,-1,-1,-1,-1,-1,-1
"258911","201501PY20074",1,9,0,9,0,8,0,0,0,0,4,1,6,2,5,1242,1,3,-1,1
"258921","201501PY20074",2,9,0,18,0,8,0,0,0,0,1,1,6,1,6,-1,-1,-1,-1,1
"258931","201501PY20075",1,9,0,3,0,1,0,0,0,0,2,1,6,1,8,-1,-1,-1,-1,1
"258941","201501PY20075",2,9,0,4,0,1,0,0,0,0,1,1,6,1,-1,1956,2,5,-1,-1
"25895","201501PY20076",1,9,0,18,0,8,0,0,0,0,1,1,6,1,9,-1,-1,-1,-1,1
"25896","201501PY20076",2,9,0,7,0,8,0,0,0,0,3,1,6,1,8,1493,1,23,-1,1
"258971","201501PY20077",1,9,0,18,0,1,0,0,0,0,1,1,6,3,-1,-1,-1,-1,-1,-1
"258981","201501PY20078",1,9,0,9,0,8,0,0,0,0,1,1,6,1,6,1995,2,11,-1,1
"25899","201501PY20078",2,9,0,18,0,8,0,0,0,0,3,1,6,2,9,1242,1,2,-1,1
"25900","201501PY20079",1,9,0,18,0,0,0,0,0,0,1,1,6,2,4,1461,2,13,-1,2
"259011","201501PY20081",1,9,0,9,0,8,0,0,0,0,4,1,6,1,5,1364,1,10,-1,1
"259021","201501PY20081",2,9,0,18,0,8,0,0,0,0,1,1,6,1,11,995,1,7,-1,-1
"259031","201501PY20082",1,11,0,18,0,1,0,0,0,0,4,1,1,1,9,-1,-1,-1,-1,2
"25904","201501PY20085",1,3,0,14,0,2,0,0,0,0,1,1,6,1,-1,-1,-1,-1,-1,-1
"25905","201501PY20086",1,9,0,5,0,1,0,0,0,0,1,1,6,1,6,-1,-1,-1,-1,-1
"259061","201501PY20087",1,9,0,18,0,8,0,0,0,0,4,1,6,1,10,-1,-1,-1,-1,2
"259071","201501PY20087",2,9,0,18,0,8,0,0,0,0,1,1,6,1,7,1995,2,4,-1,1