"","Acc_Index","Vehicle_Reference","Vehicle_Type","Towing_and_Articulation","Vehicle_Manoeuvre","Vehicle_Location.Restricted_Lane","Junction_Location","Skidding_and_Overturning","Hit_Object_in_Carriageway","Vehicle_Leaving_Carriageway","Hit_Object_off_Carriageway","X1st_Point_of_Impact","Was_Vehicle_Left_Hand_Drive","Journey_Purpose_of_Driver","Sex_of_Driver","Age_Band_of_Driver","Engine_Capacity_.CC.","Propulsion_Code","Age_of_Vehicle","Driver_IMD_Decile","Driver_Home_Area_Type"
"259081","201501PY20088",1,1,0,18,0,8,0,0,0,0,4,1,6,1,6,-1,-1,-1,-1,1
"259091","201501PY20088",2,9,0,7,0,8,0,0,0,0,1,1,6,1,8,-1,-1,-1,-1,1
"259101","201501PY20089",1,9,0,18,0,8,0,0,0,0,1,1,6,2,6,998,1,6,-1,1
"259111","201501PY20089",2,9,0,9,0,8,0,0,0,0,4,1,6,1,-1,1794,1,13,-1,-1
"259121","201501PY20090",1,9,0,18,0,0,0,0,0,0,3,1,6,1,-1,-1,-1,-1,-1,1
"259131","201501PY20091",1,9,0,18,0,8,0,0,0,0,3,1,6,1,8,1797,8,2,-1,1
"259141","201501PY20091",2,9,0,18,0,8,0,0,0,0,1,1,6,1,6,-1,-1,-1,-1,1
"259151","201501PY20092",1,9,0,18,0,8,0,0,0,0,1,1,6,2,9,998,1,11,-1,1
"259161","201501PY20092",2,9,0,9,0,8,0,0,0,0,4,1,6,2,7,1998,1,12,-1,1
"259171","201501PY20093",1,9,0,18,0,0,0,4,0,0,1,1,6,1,5,1598,1,4,-1,1
"259181","201501PY20093",2,9,0,2,0,0,0,0,0,0,2,1,6,2,9,1398,1,3,-1,1
"259191","201501PY20094",1,9,0,18,0,8,0,0,0,0,3,1,6,2,-1,-1,-1,-1,-1,1
"259201","201501PY20094",2,19,0,15,0,8,0,0,0,0,4,1,6,1,8,-1,-1,-1,-1,-1
"259211","201501PY20097",1,9,0,18,0,8,0,0,0,0,1,1,6,2,8,-1,-1,-1,-1,-1
"259221","201501PY20097",2,9,0,4,0,8,0,0,0,0,2,1,6,2,5,-1,-1,-1,-1,1
"259231","201501PY20097",3,9,0,4,0,8,0,0,0,0,2,1,6,1,-1,1598,2,5,-1,1
"259241","201501PY20098",1,1,0,18,0,8,0,0,0,0,1,1,6,2,8,-1,-1,-1,-1,1
"259251","201501PY20098",2,9,0,9,0,8,0,0,0,0,3,1,6,1,8,1199,1,16,-1,1
"25926","201501PY20099",1,9,0,8,0,8,0,0,0,0,2,1,6,2,5,1596,1,6,-1,1
"25927","201501PY20099",2,9,0,18,0,8,0,0,0,0,1,1,6,1,-1,-1,-1,-1,-1,-1
"259281","201501PY20101",1,9,0,9,0,8,0,0,0,0,4,1,6,2,6,1598,1,11,-1,1
"259291","201501PY20101",2,9,0,18,0,8,0,0,0,0,1,1,6,1,-1,-1,-1,-1,-1,1
"259301","201501PY20102",1,9,0,18,0,0,0,4,0,0,4,1,6,1,6,-1,-1,-1,-1,1
"259311","201501PY20102",2,9,0,2,0,0,0,0,0,0,3,1,6,2,-1,1390,1,8,-1,1
"259321","201501PY20103",1,9,0,5,0,8,0,0,0,0,3,1,6,1,4,-1,-1,-1,-1,1
"259331","201501PY20103",2,3,0,18,0,8,0,0,0,0,1,1,6,1,7,125,1,12,-1,1
"259341","201501PY20104",1,9,0,18,0,0,0,0,0,0,4,1,6,1,-1,-1,-1,-1,-1,-1
"259351","201501PY20105",1,9,0,18,0,0,0,0,0,0,1,1,6,1,7,1197,1,5,-1,1
"259361","201501PY20105",2,9,0,18,0,0,0,0,0,0,1,1,6,2,7,1229,1,2,-1,1
"259371","201501PY20106",1,9,0,7,0,6,0,0,0,0,3,1,6,1,10,-1,-1,-1,-1,1
"259381","201501PY20106",2,3,0,18,0,8,0,0,0,0,4,1,6,1,5,278,1,-1,-1,1
"259391","201501PY20107",1,9,0,18,0,8,0,0,0,0,2,1,6,2,8,1364,1,6,-1,1
"259401","201501PY20107",2,9,0,18,0,8,0,0,0,0,1,1,6,1,-1,1596,1,12,-1,-1
"25941","201501PY20108",1,9,0,18,0,0,0,0,0,0,1,1,6,2,6,1198,1,9,-1,1
"25942","201501PY20108",2,9,0,4,0,0,0,0,0,0,2,1,6,1,7,1560,2,1,-1,1
"259431","201501PY20108",3,9,0,4,0,0,0,0,0,0,2,1,6,2,6,1560,2,9,-1,1
"259441","201501PY20108",4,9,0,4,0,0,0,0,0,0,2,1,6,2,4,-1,-1,-1,-1,1
"259451","201501PY20109",1,9,0,18,0,8,0,0,0,0,1,1,6,2,9,1769,1,11,-1,1
"259461","201501PY20109",2,9,0,18,0,8,0,0,0,0,3,1,6,1,7,1398,2,1,-1,1
"259471","201501PY20110",1,9,0,18,0,0,0,0,0,0,1,1,6,2,8,1248,2,2,-1,1
"259481","201501PY20110",2,9,0,18,0,0,5,10,0,0,4,1,6,1,4,-1,-1,-1,-1,1
"259491","201501PY20112",1,3,0,15,0,0,0,0,0,0,4,1,6,1,6,125,1,1,-1,1
"259501","201501PY20112",2,9,0,18,0,0,0,0,0,0,3,1,6,1,7,1596,1,9,-1,1
"259511","201501PY20113",1,9,0,4,0,0,0,0,0,0,2,1,6,1,-1,-1,-1,-1,-1,-1
"259521","201501PY20113",2,1,0,18,0,0,0,0,0,0,1,1,6,1,8,-1,-1,-1,-1,1
"259531","201501PY20114",1,9,0,18,0,1,0,0,0,0,1,1,6,2,6,1999,1,7,-1,1
"259541","201501PY20114",2,9,0,18,0,2,0,0,0,0,1,1,6,1,5,1995,2,5,-1,1
"259551","201501PY20115",1,3,0,18,0,8,0,0,0,0,3,1,6,1,5,124,1,5,-1,1
"259561","201501PY20115",2,9,0,18,0,8,0,0,0,0,1,1,6,2,8,2351,1,15,-1,1
"259571","201501PY20116",1,9,0,18,0,8,0,0,0,0,1,1,6,2,4,1242,1,5,-1,1
"259581","201501PY20116",2,1,0,9,0,8,0,0,0,0,3,1,6,1,6,-1,-1,-1,-1,-1
"25959","201501PY20117",1,3,0,18,0,8,0,0,0,0,1,1,6,1,6,124,1,4,-1,1
"25960","201501PY20117",2,9,0,7,0,8,0,0,0,0,3,1,6,2,-1,-1,-1,-1,-1,1
"259611","201501PY20118",1,11,0,2,0,8,0,0,0,0,3,1,1,1,7,6700,2,3,-1,1
"259621","201501PY20118",2,19,0,15,0,8,0,0,0,0,4,1,6,1,-1,-1,-1,-1,-1,-1
"259631","201501PY20119",1,9,0,18,0,8,0,4,0,0,1,1,6,1,11,998,1,12,-1,1
"259641","201501PY20119",2,19,0,2,0,8,0,0,0,0,2,1,6,1,-1,2402,2,11,-1,1
"259651","201501PY20120",1,9,0,18,0,8,0,0,0,0,1,1,6,1,9,2987,2,5,-1,1
"259661","201501PY20120",2,9,0,9,0,8,0,0,0,0,3,1,6,1,11,1329,1,5,-1,1
"259671","201501PY20122",1,1,0,18,0,0,0,0,0,0,1,1,6,1,7,-1,-1,-1,-1,1
"259681","201501PY20122",2,9,0,2,0,0,0,0,0,0,3,1,6,2,-1,998,1,4,-1,-1
"259691","201501PY20123",1,9,0,4,0,8,0,0,0,0,2,1,6,1,10,1997,2,2,-1,1
"259701","201501PY20123",2,9,0,18,0,8,0,0,0,0,1,1,6,2,10,1896,2,7,-1,1
"259711","201501PY20124",1,9,0,18,0,8,0,0,0,0,1,1,6,1,7,2324,1,12,-1,1
"259721","201501PY20124",2,3,0,18,0,8,0,0,0,0,1,1,6,1,-1,-1,-1,-1,-1,-1
"259731","201501PY20126",1,11,0,18,0,8,0,0,0,0,0,1,6,1,7,4500,2,1,-1,1
"259741","201501PY20127",1,9,0,4,0,8,0,0,0,0,2,1,6,2,5,1753,2,11,-1,1
"259751","201501PY20127",2,9,0,18,0,8,0,0,0,0,1,1,6,1,-1,1998,1,11,-1,-1
"259761","201501PY20128",1,1,0,18,0,0,0,0,0,0,1,1,6,1,6,-1,-1,-1,-1,1
"259771","201501PY20128",2,9,0,6,0,0,0,0,0,0,4,1,6,1,-1,1595,1,2,-1,-1
"259801","201501PY20131",1,9,0,18,0,0,0,0,0,0,1,1,6,1,5,1968,2,8,-1,2
"259811","201501PY20132",1,9,0,18,0,0,0,0,0,0,1,1,6,2,6,1242,1,7,-1,1
"259821","201501PY20132",2,9,0,2,0,0,0,0,0,0,2,1,6,1,-1,1328,1,8,-1,-1
"259831","201501PY20133",1,1,0,18,0,8,0,0,0,0,1,1,6,2,8,-1,-1,-1,-1,1
"259841","201501PY20133",2,9,0,9,0,8,0,0,0,0,3,1,6,1,-1,998,1,13,-1,-1
"259851","201501PY20134",1,9,0,4,0,0,0,0,0,0,2,1,6,2,5,1956,2,2,-1,1
"259861","201501PY20134",2,9,0,18,0,0,0,0,0,0,1,1,6,1,6,-1,-1,-1,-1,1
"259871","201501PY20135",1,9,0,18,0,8,0,0,0,0,4,1,6,1,-1,-1,-1,-1,-1,-1
"259881","201501PY20137",1,9,0,18,0,0,0,10,1,10,1,1,6,1,6,1596,1,12,-1,-1
"259891","201501PY20137",2,9,0,2,0,0,0,0,0,0,4,1,6,2,7,2993,2,4,-1,1
"259901","201501PY20137",3,9,0,2,0,0,0,0,0,0,4,1,6,1,8,-1,-1,-1,-1,1
"25991","201501PY20137",4,9,0,2,0,0,0,0,0,0,2,1,6,1,-1,2993,2,3,-1,-1
"25992","201501PY20138",1,11,0,18,0,8,0,0,0,0,0,1,6,1,7,6370,2,3,-1,1
"259931","201501PY20139",1,9,0,9,0,8,0,0,0,0,3,1,6,2,6,1390,1,5,-1,1
"259941","201501PY20139",2,9,0,18,0,8,0,0,0,0,1,1,6,1,6,-1,-1,-1,-1,1
"259951","201501PY20140",1,9,0,18,0,8,0,10,1,2,4,1,6,1,9,1796,1,4,-1,1
"259961","201501PY20141",1,9,0,18,0,0,0,0,0,0,1,1,6,1,7,1995,2,7,-1,1
"259971","201501PY20143",1,9,0,18,0,1,0,0,0,0,1,1,6,2,8,1984,1,3,-1,1
"259981","201501PY20143",2,1,0,18,0,1,0,0,0,0,2,1,6,1,7,-1,-1,-1,-1,1
"259991","201501PY20144",1,9,0,7,0,8,0,0,0,0,3,1,6,2,8,1242,1,6,-1,1
"260001","201501PY20144",2,9,0,18,0,8,0,0,0,0,1,1,6,2,6,-1,-1,-1,-1,1
"260011","201501PY20145",1,9,0,18,0,1,0,0,0,0,1,1,1,1,8,1997,2,5,-1,1
"260021","201501PY20145",2,9,0,7,0,1,0,0,0,0,3,1,6,1,8,1598,1,11,-1,1
"260031","201501PY20146",1,9,0,3,0,2,0,0,0,0,2,1,6,2,7,1769,1,10,-1,1
"260041","201501PY20146",2,9,0,3,0,2,0,0,0,0,2,1,6,2,6,1991,2,8,-1,1
"260051","201501PY20146",3,9,0,3,0,2,0,0,0,0,2,1,6,1,9,1999,1,12,-1,1
"260061","201501PY20146",4,9,0,4,0,2,0,0,0,0,1,1,6,1,7,-1,-1,-1,-1,1
"260071","201501PY20147",1,9,0,17,0,8,0,0,0,0,3,1,6,2,7,1796,1,14,-1,1
"260081","201501PY20149",1,9,0,18,0,1,0,0,0,0,1,1,6,1,8,998,1,16,-1,1
"260091","201501PY20151",1,9,0,9,0,8,0,0,0,0,3,1,6,2,8,-1,-1,-1,-1,-1
"260101","201501PY20151",2,3,0,13,0,8,0,0,0,0,1,1,6,3,-1,-1,-1,-1,-1,-1
"260111","201501PY20152",1,3,0,13,0,8,0,0,0,0,4,1,6,1,7,124,1,2,-1,-1
"260121","201501PY20152",2,9,0,9,0,8,0,0,0,0,3,1,6,1,7,998,1,6,-1,1
"260131","201501PY20153",1,11,0,4,0,0,0,0,0,0,0,1,1,1,8,-1,2,12,-1,-1
"260141","201501PY20154",1,1,0,18,0,8,0,0,0,0,4,1,6,1,8,-1,-1,-1,-1,1
"260151","201501PY20154",2,9,0,9,0,8,0,0,0,0,1,1,6,1,-1,2544,1,16,-1,3
"260161","201501PY20155",1,9,0,18,0,8,0,0,0,0,3,1,6,2,9,1997,1,5,-1,1
"260171","201501PY20155",2,19,0,18,0,8,0,0,0,0,3,1,6,1,7,2151,2,9,-1,1
"260181","201501PY20156",1,19,0,5,0,2,0,0,0,0,1,1,6,3,-1,1968,2,3,-1,-1
"260191","201501PY20156",2,9,0,3,0,2,0,0,0,0,3,1,6,1,-1,-1,-1,-1,-1,-1
"260201","201501PY20158",1,9,0,3,0,2,0,0,0,0,2,1,6,1,9,1598,2,1,-1,1
"260211","201501PY20158",2,9,0,4,0,2,0,0,0,0,1,1,6,1,-1,1368,1,9,-1,2
"260221","201501PY20160",1,3,0,18,0,8,0,0,0,0,1,1,6,1,5,108,1,1,-1,1
"260231","201501PY20160",2,1,0,18,0,8,0,0,0,0,1,1,6,1,4,-1,-1,-1,-1,1
"260241","201501PY20161",1,1,0,9,0,8,0,0,0,0,3,1,6,1,10,-1,-1,-1,-1,1
"260251","201501PY20161",2,9,0,9,0,8,0,0,0,0,4,1,6,1,-1,-1,-1,-1,-1,-1
"260261","201501PY20162",1,9,0,18,0,8,0,0,0,0,1,1,6,1,4,-1,-1,-1,-1,1
"260271","201501PY20162",2,9,0,9,0,8,0,0,0,0,1,1,6,1,-1,-1,-1,-1,-1,-1
"260281","201501PY20163",1,9,0,9,0,8,0,0,0,0,3,1,6,2,-1,1598,1,7,-1,1
"260291","201501PY20163",2,9,0,7,0,8,0,0,0,0,1,1,6,2,4,1399,1,4,-1,1
"260301","201501PY20164",1,11,0,18,0,2,0,0,0,0,1,1,1,1,10,4461,2,2,-1,1
"260311","201501PY20165",1,3,0,18,0,0,0,0,0,0,1,1,6,1,-1,124,1,3,-1,-1
"260321","201501PY20165",2,19,0,5,0,0,0,0,0,0,3,1,6,1,-1,1998,2,12,-1,-1
"260331","201501PY20166",1,9,0,18,0,0,0,0,0,0,1,1,6,1,11,-1,-1,-1,-1,1
"260341","201501PY20166",2,19,0,2,0,0,0,0,0,0,2,1,6,3,-1,-1,-1,-1,-1,-1
"260361","201501PY20168",1,9,0,18,0,0,0,0,0,0,1,1,6,1,6,2171,1,10,-1,1
"26037","201501PY20168",2,9,0,3,0,0,0,0,0,0,2,1,6,2,7,1198,1,7,-1,1
"26038","201501PY20169",1,9,0,8,0,1,0,0,0,0,2,1,6,1,4,1390,1,9,-1,-1
"260391","201501PY20169",2,9,0,18,0,1,0,0,0,0,1,1,6,1,-1,1199,1,13,-1,-1
"260401","201501PY20170",1,9,0,9,0,8,0,0,0,0,1,1,6,2,8,-1,-1,-1,-1,1
"260411","201501PY20170",2,19,0,18,0,8,0,0,0,0,1,1,6,1,6,-1,-1,-1,-1,1
"260421","201501PY20171",1,3,0,18,0,1,0,0,0,0,0,1,6,1,7,124,1,14,-1,1
"260431","201501PY20173",1,9,0,18,0,1,0,0,0,0,3,1,6,3,-1,-1,-1,-1,-1,-1
"260441","201501PY20174",1,5,0,18,0,8,0,0,0,0,1,1,6,1,8,1000,1,11,-1,1
"260451","201501PY20174",2,9,0,9,0,8,0,0,0,0,1,1,6,1,7,2497,2,5,-1,1
"260461","201501PY20176",1,9,0,18,0,8,0,0,0,0,4,1,6,2,6,1328,1,9,-1,1
"260471","201501PY20176",2,9,0,9,0,8,0,0,0,0,1,1,6,3,-1,-1,-1,-1,-1,-1
"260481","201501PY20179",1,3,0,18,0,8,0,0,0,0,1,1,6,2,6,-1,-1,-1,-1,1
"260491","201501PY20179",2,9,0,18,0,8,0,0,0,0,1,1,6,1,8,1753,2,5,-1,1
"260501","201501PY20180",1,5,0,18,0,8,0,0,0,0,1,1,6,1,7,649,1,5,-1,1
"260511","201501PY20180",2,19,0,9,0,8,0,0,0,0,1,1,6,1,6,1461,2,1,-1,1
"260521","201501PY20181",1,9,0,13,0,0,0,10,1,2,4,1,6,2,5,1598,1,10,-1,1
"260531","201501PY20181",2,11,0,18,0,0,0,0,0,0,3,1,1,1,7,9000,2,9,-1,1
"260541","201501PY20182",1,9,0,18,0,2,0,0,0,0,1,1,6,1,7,1390,1,3,-1,1
"260551","201501PY20182",2,9,0,2,0,2,0,0,0,0,3,1,6,3,-1,-1,-1,-1,-1,-1
"260561","201501PY20182",3,9,0,2,0,2,0,0,0,0,3,1,6,3,-1,-1,-1,-1,-1,-1
"260571","201501PY20183",1,9,0,18,0,0,0,0,0,0,3,1,6,1,5,-1,-1,-1,-1,1
"260581","201501PY20183",2,9,0,18,0,0,0,0,0,0,3,1,6,1,11,998,1,7,-1,3
"260591","201501PY20184",1,9,0,18,0,0,0,0,0,0,3,1,6,1,9,-1,-1,-1,-1,1
"260601","201501PY20184",2,9,0,2,0,0,0,0,0,0,3,1,6,2,7,1968,2,1,-1,1
"260611","201501PY20185",1,9,0,4,0,0,0,0,0,0,0,1,6,3,-1,-1,-1,-1,-1,-1
"260621","201501PY20185",2,9,0,4,0,0,0,0,0,0,2,1,6,2,6,1598,1,8,-1,1
"260631","201501PY20185",3,9,0,4,0,0,0,0,0,0,2,1,6,1,-1,-1,-1,-1,-1,-1
"260641","201501PY20185",4,9,0,4,0,0,0,0,0,0,1,1,6,2,-1,1997,2,8,-1,-1
"260661","201501PY20190",1,9,0,7,0,8,0,0,0,0,1,1,6,1,6,1598,1,10,-1,1
"260671","201501PY20190",2,3,0,13,0,8,0,0,0,0,1,1,6,1,4,125,1,3,-1,1
"260681","201501PY20191",1,9,0,18,0,1,0,0,0,0,1,1,6,1,7,1598,2,4,-1,1
"260691","201501PY20193",1,9,0,18,0,0,0,0,0,0,1,1,6,2,7,1995,2,1,-1,1
"260701","201501PY20194",1,9,0,8,0,8,0,0,0,0,3,1,6,1,-1,1994,2,5,-1,1
"260711","201501PY20194",2,3,0,10,0,8,0,0,0,0,3,1,6,1,-1,-1,-1,-1,-1,1
"26072","201501PY20194",3,2,0,16,0,8,0,0,0,0,4,1,6,1,-1,49,1,10,-1,1
"26073","201501PY20195",1,11,0,4,0,0,0,0,0,0,0,1,1,1,8,9000,2,9,-1,1
"260741","201501PY20196",1,11,0,18,0,1,0,0,0,0,1,1,6,1,9,-1,-1,-1,-1,1
"260751","201501PY20198",1,9,0,18,0,8,0,0,0,0,1,1,6,1,7,-1,-1,-1,-1,1
"260761","201501PY20198",2,9,0,18,0,8,0,0,0,0,3,1,6,2,7,796,1,14,-1,1
"260771","201501PY20199",1,9,0,9,0,8,0,0,0,0,4,1,6,1,5,-1,-1,-1,-1,1
"260781","201501PY20199",2,9,0,18,0,8,0,0,0,0,1,1,6,2,9,-1,-1,-1,-1,3
"260791","201501PY20200",1,9,0,9,0,8,0,0,0,0,4,1,6,1,11,2198,1,12,-1,1
"260801","201501PY20200",2,1,0,18,0,8,0,0,0,0,1,1,6,1,10,-1,-1,-1,-1,1
"26081","201501PY20201",1,5,0,13,0,8,0,0,0,0,4,1,6,1,8,599,1,6,-1,1
"26082","201501PY20201",2,9,0,9,0,8,0,0,0,0,3,1,6,1,-1,1149,1,8,-1,1
"260831","201501PY20202",1,9,0,18,0,1,0,0,0,0,4,1,6,1,5,1199,1,12,-1,1
"260841","201501PY20203",1,9,0,18,0,0,5,0,0,0,4,1,6,1,5,-1,-1,-1,-1,1
"260851","201501PY20203",2,11,0,18,0,0,0,0,0,0,0,1,1,1,9,-1,-1,-1,-1,-1
"260861","201501PY20204",1,1,0,18,0,8,0,0,0,0,1,1,6,1,7,-1,-1,-1,-1,1
"260871","201501PY20204",2,9,0,7,0,8,0,0,0,0,4,1,6,3,-1,-1,-1,-1,-1,-1
"260881","201501PY20205",1,9,0,4,0,0,0,0,0,0,1,1,6,1,6,1995,1,9,-1,1
"260891","201501PY20205",2,9,0,3,0,0,0,0,0,0,2,1,6,2,6,996,1,2,-1,1
"260901","201501PY20205",3,9,0,3,0,0,0,0,0,0,2,1,6,1,6,-1,-1,-1,-1,-1
"260911","201501PY20206",1,9,0,9,0,8,0,0,0,0,1,1,6,2,7,1397,1,4,-1,1
"260921","201501PY20206",2,1,0,18,0,8,0,0,0,0,4,1,6,1,7,-1,-1,-1,-1,1
"260931","201501PY20207",1,9,0,9,0,8,0,0,0,0,2,1,6,1,7,-1,-1,-1,-1,1
"260941","201501PY20207",2,9,0,18,0,8,0,0,0,0,1,1,6,2,6,1587,1,12,-1,-1
"260951","201501PY20207",3,9,0,18,0,8,0,0,0,0,0,1,6,3,-1,-1,-1,-1,-1,-1
"260961","201501PY20208",1,9,0,9,0,8,0,0,0,0,3,1,6,1,11,-1,-1,-1,-1,1
"260971","201501PY20208",2,9,0,18,0,8,0,0,0,0,1,1,6,3,-1,-1,-1,-1,-1,-1
"260981","201501PY20209",1,9,0,9,0,8,0,0,0,0,3,1,6,2,-1,1796,1,18,-1,1
"260991","201501PY20209",2,3,0,13,0,8,0,0,0,0,4,1,6,1,6,125,1,1,-1,1
"261001","201501PY20210",1,19,0,18,0,8,0,0,0,0,4,1,6,1,7,3199,2,5,-1,1
"261011","201501PY20210",2,19,0,18,0,8,0,0,0,0,1,1,6,1,8,1461,2,3,-1,1
"261021","201501PY20211",1,9,0,1,0,8,0,0,0,0,2,1,6,1,-1,-1,-1,-1,-1,-1
"261031","201501PY20212",1,9,0,3,0,8,0,0,0,0,2,1,6,1,8,1364,1,6,-1,3
"26104","201501PY20212",2,9,0,4,0,8,0,0,0,0,1,1,6,1,8,1598,1,16,-1,1
"26105","201501PY20224",1,1,0,18,0,2,0,8,0,0,1,1,6,1,7,-1,-1,-1,-1,1
"26106","201501PY20224",2,9,0,2,0,2,0,0,0,0,3,1,6,1,-1,-1,-1,-1,-1,-1
"26107","201501PY20225",1,9,0,8,0,8,0,0,0,0,1,1,6,1,6,-1,-1,-1,-1,1
"26108","201501PY20225",2,9,0,1,0,8,0,0,0,0,2,1,6,1,-1,1390,1,9,-1,1
"26109","201501PY20227",1,9,0,18,0,2,0,7,0,0,1,1,6,2,7,1796,1,11,-1,1
"26110","201501PY20228",1,9,0,3,0,0,0,0,0,0,2,1,6,2,8,2460,2,9,-1,1
"26111","201501PY20228",2,19,0,1,0,0,0,0,0,0,2,1,1,1,7,2148,2,8,-1,-1
"26112","201501PY20229",1,1,0,18,0,8,0,0,0,0,1,1,6,1,6,-1,-1,-1,-1,1
"26113","201501PY20229",2,9,0,18,0,8,0,0,0,0,1,1,6,1,-1,1598,1,5,-1,1
"26114","201501PY20230",1,9,0,18,0,8,0,0,0,0,4,1,6,1,6,1968,2,6,-1,1
"26115","201501PY20230",2,9,0,9,0,8,0,0,0,0,1,1,6,1,11,-1,-1,-1,-1,1
"26116","201501PY20231",1,9,0,18,0,8,0,0,0,0,4,1,6,1,8,-1,-1,-1,-1,1
"26117","201501PY20232",1,9,0,18,0,8,1,0,0,0,3,1,6,1,11,1388,1,6,-1,1
"26118","201501PY20232",2,9,0,18,0,8,0,0,0,0,3,1,6,1,7,1797,8,6,-1,1
"26119","201501PY20232",3,9,0,9,0,8,0,0,0,0,4,1,6,1,8,1753,2,6,-1,1
"26120","201501PY20233",1,19,0,18,0,0,0,0,0,0,4,1,6,1,-1,-1,-1,-1,-1,-1
"26121","201501PY20234",1,9,0,1,0,8,0,0,0,0,2,1,6,1,8,1360,1,15,-1,1
"26122","201501PY20234",2,1,0,18,0,8,0,0,0,0,3,1,6,2,4,-1,-1,-1,-1,1
"26123","201501PY20235",1,3,0,18,0,8,0,0,0,0,1,1,6,1,5,1000,1,1,-1,1
"26124","201501PY20235",2,9,0,9,0,8,0,0,0,0,3,1,6,1,5,1598,1,9,-1,1
"26125","201501PY20236",1,9,0,18,0,0,0,0,0,0,1,1,6,2,10,1898,1,13,-1,1
"26126","201501PY20237",1,9,0,5,0,1,0,7,0,0,1,1,6,2,7,1992,2,9,-1,1
"26127","201501PY20238",1,3,0,13,0,1,0,0,0,0,4,1,6,1,6,114,1,1,-1,-1
"26128","201501PY20238",2,9,0,14,0,1,0,0,0,0,3,1,6,2,6,998,1,1,-1,1
"26129","201501PY20240",1,9,0,18,0,8,0,10,1,4,4,1,6,1,-1,-1,-1,-1,-1,1
"26130","201501PY20241",1,9,0,4,0,0,0,0,0,0,2,1,6,1,5,1596,1,5,-1,1
"26131","201501PY20241",2,9,0,18,0,0,0,0,0,0,1,1,6,1,-1,-1,-1,-1,-1,-1
"26132","201501PY20242",1,9,0,7,0,8,0,0,0,0,4,1,6,1,6,1596,1,4,-1,1
"26133","201501PY20242",2,1,0,18,0,8,0,0,0,0,1,1,6,1,6,-1,-1,-1,-1,1
"26134","201501PY20243",1,9,0,18,0,8,0,0,0,0,4,1,6,1,10,1970,1,13,-1,1
"26135","201501PY20243",2,9,0,7,0,8,0,0,0,0,3,1,6,1,-1,-1,-1,-1,-1,-1
"26136","201501PY20244",1,9,0,18,0,0,0,0,0,0,4,1,6,1,8,-1,-1,-1,-1,1
"26137","201501PY20245",1,9,0,18,0,8,0,0,0,0,1,1,6,1,7,-1,-1,-1,-1,1
"26138","201501PY20245",2,9,0,9,0,8,0,0,0,0,4,1,6,2,5,1242,1,4,-1,1
"26139","201501PY20246",1,9,0,4,0,0,0,0,0,0,2,1,6,1,6,1761,1,16,-1,1
"26140","201501PY20246",2,9,0,18,0,0,0,0,0,0,1,1,6,1,-1,1896,2,19,-1,1
"26141","201501PY20247",1,9,0,18,0,0,0,0,0,0,1,1,6,1,-1,-1,-1,-1,-1,1
"26142","201501PY20248",1,9,0,18,0,8,0,0,0,0,1,1,6,1,5,1997,1,8,-1,1
"26143","201501PY20248",2,9,0,9,0,8,0,0,0,0,4,1,6,2,10,1596,1,13,-1,1
"26146","201501PY20250",1,19,0,9,0,8,0,0,0,0,3,1,6,1,6,2198,2,5,-1,1
"26147","201501PY20250",2,5,0,18,0,8,0,0,0,0,1,1,6,2,8,-1,-1,-1,-1,1
"26148","201501PY20251",1,19,0,18,0,8,0,0,0,0,1,1,6,1,9,1753,2,12,-1,1
"26149","201501PY20251",2,5,0,9,0,8,0,0,0,0,4,1,6,1,9,998,1,5,-1,1
"26150","201501PY20252",1,9,0,18,0,0,0,0,0,0,4,1,6,2,7,1332,1,11,-1,1
"26151","201501PY20253",1,9,0,18,0,8,0,0,0,0,1,1,6,2,6,1390,1,1,-1,1
"26152","201501PY20253",2,9,0,2,0,8,0,0,0,0,3,1,6,1,8,1997,2,11,-1,1
"26153","201501PY20253",3,9,0,2,0,8,0,0,0,0,2,1,6,1,-1,-1,-1,-1,-1,-1
"26154","201501PY20254",1,9,0,18,0,8,0,0,0,0,1,1,6,1,4,1242,1,11,-1,1
"26155","201501PY20254",2,9,0,9,0,8,0,0,0,0,3,1,6,1,8,2099,1,11,-1,1
"26156","201501PY20255",1,11,0,2,0,0,0,0,0,0,0,1,1,1,-1,-1,-1,-1,-1,-1
"26157","201501PY20256",1,9,0,9,0,8,0,0,0,0,4,1,6,1,7,1390,1,16,-1,1
"261581","201501PY20256",2,1,0,18,0,8,0,0,0,0,1,1,6,1,6,-1,-1,-1,-1,-1
"261591","201501PY20257",1,4,0,18,0,0,0,0,0,0,1,1,6,2,6,-1,-1,-1,-1,1
"26160","201501PY20257",2,9,0,5,0,0,0,0,0,0,2,1,6,1,8,1988,1,14,-1,1
"26161","201501PY20257",3,9,0,18,0,0,0,0,0,0,3,1,6,1,8,1686,2,4,-1,1
"26162","201501PY20258",1,9,0,4,0,8,0,0,0,0,2,1,6,2,7,1598,1,10,-1,1
"26163","201501PY20258",2,9,0,18,0,8,0,0,0,0,1,1,6,1,-1,-1,-1,-1,-1,-1
"26164","201501PY20259",1,9,0,6,0,8,0,0,0,0,3,1,6,1,6,1995,2,11,-1,1
"26165","201501PY20259",2,5,0,18,0,8,0,0,0,0,1,1,6,1,5,749,1,19,-1,1
"26166","201501PY20260",1,1,0,18,0,8,0,0,0,0,3,1,6,1,5,-1,-1,-1,-1,1