"","Acc_Index","Vehicle_Reference","Vehicle_Type","Towing_and_Articulation","Vehicle_Manoeuvre","Vehicle_Location.Restricted_Lane","Junction_Location","Skidding_and_Overturning","Hit_Object_in_Carriageway","Vehicle_Leaving_Carriageway","Hit_Object_off_Carriageway","X1st_Point_of_Impact","Was_Vehicle_Left_Hand_Drive","Journey_Purpose_of_Driver","Sex_of_Driver","Age_Band_of_Driver","Engine_Capacity_.CC.","Propulsion_Code","Age_of_Vehicle","Driver_IMD_Decile","Driver_Home_Area_Type"
"26167","201501PY20261",1,9,0,7,0,8,0,0,0,0,3,1,6,1,7,2171,1,12,-1,1
"26168","201501PY20261",2,3,0,18,0,8,0,0,0,0,1,1,6,1,4,125,1,3,-1,-1
"26169","201501PY20262",1,9,0,18,0,8,0,0,0,0,1,1,6,2,8,1598,1,6,-1,1
"26170","201501PY20262",2,19,0,9,0,8,0,0,0,0,3,1,6,1,6,-1,-1,-1,-1,1
"26171","201501PY20263",1,1,0,18,0,8,0,0,0,0,1,1,6,1,4,-1,-1,-1,-1,1
"26172","201501PY20263",2,9,0,9,0,8,0,0,0,0,3,1,6,1,8,1969,2,1,-1,1
"26173","201501PY20264",1,9,0,18,0,0,0,0,0,0,1,1,6,2,6,1360,1,13,-1,1
"26174","201501PY20265",1,9,0,17,0,0,5,10,0,0,4,1,6,1,10,1951,2,9,-1,1
"26175","201501PY20265",2,9,0,2,0,0,0,0,0,0,3,1,6,3,-1,1596,1,5,-1,-1
"26176","201501PY20266",1,9,0,18,0,0,0,4,0,0,4,1,6,2,8,1389,1,11,-1,1
"26177","201501PY20266",2,9,0,2,0,0,0,0,0,0,3,1,6,1,4,1994,1,12,-1,-1
"26178","201501PY20266",3,9,0,2,0,0,0,0,0,0,2,1,6,1,-1,1749,1,12,-1,-1
"26179","201501PY20267",1,9,0,18,0,0,0,0,0,0,4,1,6,1,-1,-1,-1,-1,-1,-1
"26180","201501PY20268",1,9,0,16,0,0,5,0,0,0,1,1,6,1,5,1339,8,5,-1,1
"26181","201501PY20268",2,9,0,2,0,0,0,0,0,0,2,1,6,3,-1,1587,1,15,-1,-1
"26182","201501PY20269",1,11,0,18,0,8,0,0,0,0,4,1,1,1,8,6370,2,3,-1,-1
"26183","201501PY20270",1,11,0,5,0,8,0,0,0,0,0,1,6,1,7,9000,2,9,-1,1
"26184","201501PY20271",1,19,0,18,0,8,0,0,0,0,1,1,6,1,8,-1,-1,-1,-1,1
"26185","201501PY20271",2,9,0,9,0,8,0,0,0,0,3,1,6,2,4,1242,1,10,-1,1
"26186","201501PY20272",1,3,0,18,0,8,0,0,0,0,1,1,6,1,6,124,1,5,-1,1
"26187","201501PY20272",2,9,0,9,0,8,0,0,0,0,4,1,6,2,7,2179,2,4,-1,1
"26188","201501PY20273",1,5,0,18,0,8,0,0,0,0,1,1,6,1,5,649,1,16,-1,1
"26189","201501PY20273",2,9,0,5,0,8,0,0,0,0,3,1,6,1,-1,-1,-1,-1,-1,-1
"26190","201501PY20274",1,9,0,18,0,8,0,0,0,0,1,1,6,1,-1,-1,-1,-1,-1,1
"26191","201501PY20274",2,9,0,4,0,8,0,0,0,0,2,1,6,2,6,-1,-1,-1,-1,1
"26192","201501PY20275",1,9,0,18,0,8,0,10,1,2,4,1,6,2,10,1598,1,15,-1,1
"26193","201501PY20276",1,9,0,9,0,8,0,0,0,0,3,1,6,1,-1,-1,-1,-1,-1,-1
"26194","201501PY20276",2,9,0,13,0,8,0,0,0,0,4,1,6,2,7,1596,1,9,-1,1
"26195","201501PY20277",1,11,0,2,0,0,0,0,0,0,4,1,6,1,8,4500,2,4,-1,1
"26198","201501PY20279",1,9,0,4,0,0,0,0,0,0,2,1,6,1,7,1197,1,-1,-1,1
"26199","201501PY20279",2,9,0,18,0,0,0,0,0,0,1,1,6,1,8,1497,8,8,-1,1
"26200","201501PY20282",1,9,0,5,0,0,0,0,0,0,3,1,6,2,-1,1124,1,9,-1,-1
"26201","201501PY20282",2,9,0,18,0,0,0,0,0,0,1,1,6,2,8,1248,2,4,-1,1
"26202","201501PY20284",1,9,0,18,0,8,0,0,0,0,1,1,6,2,8,1598,1,4,-1,1
"26203","201501PY20284",2,9,0,1,0,8,0,0,0,0,2,1,6,2,-1,1596,1,2,-1,-1
"26204","201501PY20285",1,9,0,18,0,8,0,0,0,0,1,1,6,1,5,-1,-1,-1,-1,1
"26205","201501PY20285",2,9,0,9,0,8,0,0,0,0,1,1,6,2,8,1796,1,14,-1,1
"26206","201501PY20286",1,9,0,10,0,8,0,0,0,0,4,1,6,2,10,1781,1,20,-1,2
"26207","201501PY20286",2,19,0,18,0,8,0,0,0,0,3,1,6,1,8,1753,2,5,-1,3
"26208","201501PY20287",1,9,0,18,0,8,0,0,0,0,1,1,6,2,4,1242,1,1,-1,1
"26209","201501PY20287",2,9,0,9,0,8,0,0,0,0,4,1,6,1,11,1783,1,11,-1,1
"26210","201501PY20288",1,9,0,5,0,0,0,0,0,0,3,1,1,1,8,-1,-1,-1,-1,-1
"26211","201501PY20288",2,9,0,15,0,0,0,0,0,0,1,1,6,2,7,1598,2,4,-1,1
"26212","201501PY20289",1,9,0,18,0,0,5,10,1,10,4,1,6,1,4,-1,-1,-1,-1,1
"26213","201501PY20290",1,9,0,4,0,8,0,0,0,0,2,1,6,1,7,998,1,7,-1,1
"26214","201501PY20290",2,9,0,18,0,8,0,0,0,0,1,1,6,1,8,-1,-1,-1,-1,1
"26215","201501PY20291",1,9,0,18,0,8,0,0,0,0,4,1,1,1,8,-1,-1,-1,-1,1
"26217","201501PY20293",1,9,0,4,0,0,0,0,0,0,2,1,6,1,5,2982,2,-1,-1,1
"262181","201501PY20293",2,5,0,18,0,0,0,0,0,0,1,1,6,1,6,449,1,10,-1,1
"262191","201501PY20294",1,9,0,6,0,0,0,0,0,0,4,1,6,1,6,1596,1,14,-1,1
"262201","201501PY20294",2,3,0,18,0,0,0,0,0,0,1,1,6,1,5,124,1,7,-1,1
"26221","201501PY20295",1,9,0,9,0,8,0,0,0,0,4,1,6,1,4,1753,2,7,-1,1
"26222","201501PY20295",2,5,0,18,0,8,0,0,0,0,3,1,6,1,6,600,1,15,-1,1
"26223","201501PY20296",1,11,0,7,0,8,0,0,0,0,0,1,6,1,7,-1,-1,-1,-1,-1
"26224","201501PY20297",1,9,0,9,0,8,0,0,0,0,1,1,6,2,-1,1796,1,15,-1,-1
"26225","201501PY20299",1,9,0,5,0,8,0,0,0,0,3,1,6,1,-1,973,1,12,-1,1
"26226","201501PY20299",2,9,0,18,0,8,0,0,0,0,1,1,6,1,8,2435,1,12,-1,1
"26227","201501PY20300",1,3,0,18,0,8,0,0,0,0,1,1,6,1,11,250,1,-1,-1,1
"26228","201501PY20301",1,8,0,9,0,8,0,0,0,0,4,1,6,1,8,2402,2,9,-1,1
"26229","201501PY20301",2,1,0,18,0,8,0,0,0,0,1,1,6,1,6,-1,-1,-1,-1,1
"26230","201501PY20303",1,9,0,6,0,0,0,0,0,0,3,1,6,1,8,1997,2,13,-1,1
"26231","201501PY20303",2,2,0,15,0,0,0,0,0,0,1,1,6,1,4,124,1,14,-1,1
"26232","201501PY20303",3,2,0,15,0,0,0,0,0,0,1,1,6,1,5,-1,-1,-1,-1,1
"26233","201501PY20304",1,9,0,18,0,8,0,0,0,0,1,1,6,2,8,1781,1,13,-1,1
"26234","201501PY20304",2,9,0,18,0,8,0,0,0,0,1,1,6,1,-1,-1,-1,-1,-1,-1
"26235","201501PY20305",1,9,0,4,0,8,0,0,0,0,2,1,6,2,7,1240,1,11,-1,1
"26236","201501PY20305",2,9,0,18,0,8,0,0,0,0,1,1,6,2,-1,-1,-1,-1,-1,-1
"26237","201501PY20306",1,20,0,18,0,8,0,4,0,0,4,1,6,1,7,-1,-1,-1,-1,1
"26238","201501PY20306",2,9,0,2,0,8,0,0,0,0,3,1,6,2,6,1988,1,10,-1,1
"26239","201501PY20307",1,9,0,18,0,0,0,4,0,0,1,1,6,1,10,4600,1,18,-1,1
"26240","201501PY20307",2,19,0,2,0,0,0,0,0,0,3,1,6,1,-1,2402,2,8,-1,-1
"26241","201501PY20308",1,9,0,9,0,8,0,0,0,0,3,1,6,1,10,1598,1,6,-1,1
"26242","201501PY20308",2,1,0,18,0,8,0,0,0,0,1,1,6,2,8,-1,-1,-1,-1,-1
"26243","201501PY20309",1,1,0,18,0,8,0,0,0,0,4,1,6,1,7,-1,-1,-1,-1,1
"26244","201501PY20309",2,9,0,9,0,8,0,0,0,0,3,1,6,2,6,1599,1,7,-1,1
"26245","201501PY20310",1,3,0,18,0,8,0,0,0,0,1,1,6,1,5,-1,-1,-1,-1,1
"26246","201501PY20311",1,3,0,18,0,8,0,0,0,0,1,1,6,1,6,125,1,7,-1,1
"26247","201501PY20311",2,9,0,9,0,8,0,0,0,0,3,1,6,2,-1,1598,1,11,-1,1
"26248","201501PY20313",1,9,0,18,0,8,0,0,0,0,4,1,6,2,7,-1,-1,-1,-1,1
"26249","201501PY20314",1,9,0,3,0,1,0,0,0,0,2,1,6,1,9,1968,2,7,-1,1
"26250","201501PY20314",2,9,0,4,0,1,0,0,0,0,1,1,6,2,-1,1999,1,10,-1,-1
"26251","201501PY20315",1,9,0,9,0,8,0,0,0,0,1,1,6,1,6,1587,1,7,-1,1
"26252","201501PY20315",2,3,0,18,0,8,0,0,0,0,1,1,6,1,7,330,1,1,-1,1
"26253","201501PY20316",1,9,0,18,0,8,0,0,0,0,1,1,6,1,6,1461,2,7,-1,1
"26254","201501PY20316",2,9,0,9,0,8,0,0,0,0,3,1,6,2,8,1397,1,8,-1,1
"26255","201501PY20318",1,11,0,18,0,1,0,0,0,0,1,1,6,1,7,-1,-1,-1,-1,1
"26256","201501PY20318",2,5,0,13,0,2,0,0,0,0,1,1,6,1,6,599,1,11,-1,1
"26257","201501PY20319",1,9,0,9,0,8,0,0,0,0,1,1,6,2,7,-1,-1,-1,-1,1
"26258","201501PY20319",2,5,0,18,0,8,0,0,0,0,1,1,6,1,7,649,1,5,-1,1
"26259","201501PY20320",1,9,0,9,0,8,0,0,0,0,4,1,6,2,8,1388,1,6,-1,1
"26260","201501PY20320",2,9,0,18,0,8,0,0,0,0,1,1,6,1,-1,4461,2,1,-1,3
"26261","201501PY20321",1,9,0,18,0,1,0,0,0,0,1,1,6,1,11,1598,1,8,-1,1
"26262","201501PY20321",2,9,0,18,0,1,0,0,0,0,2,1,6,1,6,1968,2,5,-1,1
"26263","201501PY20322",1,9,0,9,0,8,0,0,0,0,1,1,6,2,6,1198,1,4,-1,1
"26264","201501PY20322",2,9,0,18,0,8,0,0,0,0,1,1,6,1,5,1796,1,6,-1,1
"26265","201501PY20322",3,9,0,10,0,8,0,0,0,0,1,1,6,1,7,-1,-1,-1,-1,1
"26266","201501PY20324",1,3,0,18,0,1,0,0,0,0,1,1,6,1,-1,-1,-1,-1,-1,-1
"26267","201501PY20325",1,19,0,18,0,8,0,0,0,0,1,1,6,1,6,1248,2,5,-1,1
"26268","201501PY20325",2,19,0,9,0,8,0,0,0,0,4,1,6,1,7,2148,2,8,-1,1
"26269","201501PY20327",1,9,0,9,0,8,0,0,0,0,1,1,6,1,5,1595,1,1,-1,1
"262701","201501PY20327",2,9,0,18,0,8,0,0,0,0,1,1,6,1,6,1598,1,5,-1,1
"26271","201501PY20327",3,19,0,10,0,8,0,0,0,0,3,1,6,1,6,1598,2,2,-1,1
"26272","201501PY20328",1,9,0,18,0,8,0,0,0,0,1,1,6,1,6,-1,-1,-1,-1,-1
"26273","201501PY20328",2,9,0,9,0,8,0,0,0,0,4,1,6,2,6,-1,-1,-1,-1,-1
"26274","201501PY20329",1,9,0,9,0,8,0,0,0,0,3,1,6,1,5,1598,1,14,-1,1
"26275","201501PY20329",2,9,0,18,0,8,0,0,0,0,1,1,6,2,6,989,1,16,-1,1
"26276","201501PY20330",1,9,0,18,0,8,0,0,0,0,1,1,6,2,9,-1,-1,-1,-1,1
"26277","201501PY20330",2,9,0,18,0,8,0,0,0,0,4,1,6,2,6,1598,2,4,-1,1
"26278","201501PY20333",1,9,0,2,0,1,0,0,0,0,2,1,6,3,-1,-1,-1,-1,-1,-1
"26279","201501PY20333",2,9,0,18,0,1,0,0,0,0,1,1,6,1,9,1797,8,5,-1,1
"26280","201501PY20334",1,9,0,3,0,0,0,0,0,0,2,1,6,2,8,-1,-1,-1,-1,1
"26281","201501PY20334",2,9,0,3,0,0,0,0,0,0,2,1,6,1,7,-1,-1,-1,-1,2
"26282","201501PY20334",3,9,0,18,0,0,0,0,0,0,1,1,6,3,-1,-1,-1,-1,-1,-1
"26283","201501PY20335",1,19,0,11,0,8,0,0,0,0,4,1,6,1,4,-1,-1,-1,-1,1
"26284","201501PY20335",2,9,0,18,0,8,0,0,0,0,3,1,6,1,8,2993,2,4,-1,1
"26285","201501PY20336",1,9,0,9,0,8,0,0,0,0,3,1,6,1,7,1686,2,4,-1,1
"26286","201501PY20336",2,9,0,18,0,8,0,0,0,0,1,1,6,1,6,1910,2,7,-1,1
"26287","201501PY20337",1,9,0,9,0,8,0,0,0,0,3,1,6,1,8,1398,1,3,-1,1
"26288","201501PY20337",2,1,0,18,0,8,0,0,0,0,1,1,6,1,8,-1,-1,-1,-1,1
"26289","201501PY20338",1,9,0,18,0,8,0,0,0,0,1,1,6,1,7,1995,2,2,-1,1
"26290","201501PY20338",2,3,0,18,0,8,0,0,0,0,3,1,6,1,5,125,1,6,-1,1
"26291","201501PY20339",1,9,0,18,0,8,0,0,0,0,4,1,6,1,6,-1,-1,-1,-1,1
"26292","201501PY20340",1,3,0,18,0,8,0,0,0,0,1,1,6,1,5,-1,-1,-1,-1,1
"26293","201501PY20340",2,9,0,5,0,8,0,0,0,0,3,1,6,1,-1,-1,-1,-1,-1,-1
"26294","201501PY20341",1,9,0,18,0,8,0,0,0,0,3,1,6,1,6,1390,1,8,-1,1
"26295","201501PY20341",2,9,0,9,0,8,0,0,0,0,1,1,6,2,7,1968,2,10,-1,1
"26296","201501PY20342",1,9,0,9,0,8,0,0,0,0,3,1,6,2,6,1388,1,3,-1,1
"26297","201501PY20342",2,9,0,18,0,8,0,0,0,0,1,1,6,1,7,1998,2,4,-1,1
"26298","201501PY20343",1,8,0,4,0,2,0,0,0,0,4,1,6,3,-1,-1,-1,-1,-1,-1
"26299","201501PY20344",1,3,0,18,0,8,0,0,0,0,0,1,6,2,5,102,1,-1,-1,1
"26300","201501PY20345",1,11,0,4,0,1,0,0,0,0,0,1,1,1,6,6700,2,3,-1,1
"26301","201501PY20346",1,9,0,18,0,1,0,0,0,0,4,1,6,2,7,1796,1,12,-1,1
"26302","201501PY20348",1,9,0,1,0,0,0,0,0,0,2,1,6,1,-1,-1,-1,-1,-1,-1
"26303","201501PY20348",2,9,0,2,0,0,0,0,0,0,1,1,6,3,-1,-1,-1,-1,-1,-1
"26304","201501PY20348",3,9,0,2,0,0,0,0,0,0,2,1,6,3,-1,-1,-1,-1,-1,-1
"26305","201501PY20349",1,9,0,4,0,0,0,0,0,0,1,1,6,1,-1,1596,1,4,-1,-1
"26306","201501PY20349",2,19,0,3,0,0,0,0,0,0,2,1,6,1,6,1998,2,12,-1,1
"26307","201501PY20350",1,9,0,3,0,1,0,0,0,0,2,1,6,2,6,2204,2,6,-1,1
"26308","201501PY20350",2,9,0,3,0,1,0,0,0,0,2,1,6,2,6,1398,2,11,-1,1
"26309","201501PY20350",3,5,0,18,0,1,0,0,0,0,1,1,6,1,5,-1,-1,-1,-1,1
"26310","201501PY20351",1,9,0,1,0,8,0,0,0,0,2,1,6,1,10,1598,1,8,-1,1
"26311","201501PY20351",2,9,0,18,0,8,0,0,0,0,1,1,6,1,-1,1396,1,3,-1,1
"26312","201501PY20352",1,9,0,9,0,8,0,0,0,0,1,1,6,1,7,1968,2,8,-1,1
"26313","201501PY20352",2,1,0,18,0,8,0,0,0,0,3,1,6,1,3,-1,-1,-1,-1,1
"26314","201501PY20353",1,1,0,18,0,0,0,0,0,0,3,1,6,1,1,-1,-1,-1,-1,-1
"26315","201501PY20353",2,9,0,18,0,0,0,0,0,0,1,1,6,1,4,-1,-1,-1,-1,1
"26316","201501PY20354",1,9,0,18,0,1,0,0,0,0,1,1,6,2,5,1229,1,8,-1,1
"26317","201501PY20355",1,9,0,18,0,8,0,0,0,0,4,1,6,1,-1,-1,-1,-1,-1,1
"26318","201501PY20355",2,9,0,9,0,8,0,0,0,0,1,1,6,2,6,1560,2,10,-1,1
"26319","201501PY20356",1,19,0,18,0,8,0,0,0,0,4,1,6,1,6,2198,2,6,-1,1
"26320","201501PY20356",2,1,0,18,0,8,0,0,0,0,3,1,6,1,2,-1,-1,-1,-1,1
"26321","201501PY20357",1,1,0,18,0,8,0,0,0,0,4,1,6,1,8,-1,-1,-1,-1,1
"26322","201501PY20357",2,9,0,18,0,8,0,0,0,0,1,1,6,1,-1,-1,-1,-1,-1,-1
"26323","201501PY20358",1,11,0,18,0,8,0,0,0,0,1,1,1,1,7,-1,-1,-1,-1,1
"26324","201501PY20358",2,9,0,11,0,8,0,0,0,0,4,1,6,2,10,1386,1,9,-1,1
"26325","201501PY20359",1,19,0,18,0,8,0,0,0,0,1,1,6,1,6,1560,2,2,-1,1
"26326","201501PY20359",2,9,0,9,0,8,0,0,0,0,4,1,6,1,5,1329,1,1,-1,1
"26327","201501PY20360",1,8,0,9,0,8,0,0,0,0,3,1,6,1,8,2402,2,9,-1,1
"26328","201501PY20360",2,3,0,18,0,8,0,0,0,0,1,1,6,1,4,-1,-1,-1,-1,1
"26329","201501PY20361",1,1,0,18,0,8,0,0,0,0,4,1,6,1,8,-1,-1,-1,-1,1
"26330","201501PY20361",2,19,0,7,0,8,0,0,0,0,3,1,6,1,-1,-1,-1,-1,-1,-1
"26331","201501PY20362",1,9,0,9,0,8,0,0,0,0,4,1,6,2,6,2143,2,1,-1,1
"26332","201501PY20363",1,3,0,18,0,8,0,0,0,0,3,1,6,1,4,108,1,1,-1,1
"26333","201501PY20364",1,9,0,18,0,8,0,0,0,0,1,1,6,1,4,-1,-1,-1,-1,1
"26334","201501PY20364",2,9,0,4,0,8,0,0,0,0,2,1,6,1,10,-1,-1,-1,-1,1
"26335","201501PY20364",3,9,0,4,0,8,0,0,0,0,2,1,6,2,8,1598,1,10,-1,1
"26336","201501PY20365",1,2,0,18,0,8,0,9,0,0,1,1,6,1,8,125,1,13,-1,1
"26337","201501PY20366",1,1,0,18,0,8,0,0,0,0,4,1,6,1,8,-1,-1,-1,-1,1
"26338","201501PY20366",2,9,0,18,0,8,0,0,0,0,1,1,6,1,-1,-1,-1,-1,-1,-1
"26339","201501PY20367",1,8,0,9,0,8,0,0,0,0,3,1,6,1,10,2402,2,10,-1,-1
"26340","201501PY20367",2,9,0,18,0,8,0,0,0,0,2,1,6,1,7,1796,1,7,-1,1
"26341","201501PY20368",1,19,0,7,0,8,0,0,0,0,3,1,6,1,7,1968,2,5,-1,3
"26342","201501PY20368",2,4,0,18,0,8,0,0,0,0,4,1,6,1,9,650,1,55,-1,1
"263431","201501PY20369",1,9,0,18,0,8,0,0,0,0,1,1,6,2,5,1560,2,7,-1,1
"263441","201501PY20369",2,9,0,9,0,8,0,0,0,0,4,1,6,1,4,1198,1,6,-1,1
"26345","201501PY20370",1,9,0,18,0,8,0,0,0,0,1,1,6,2,5,1598,1,9,-1,1
"26346","201501PY20370",2,9,0,5,0,8,0,0,0,0,1,1,6,1,-1,1799,1,19,-1,-1
"26347","201501PY20372",1,9,0,18,0,8,0,10,1,10,4,1,6,1,5,1364,1,8,-1,1
"26348","201501PY20373",1,9,0,1,0,8,0,0,0,0,3,1,6,1,7,1749,1,14,-1,1
"26349","201501PY20373",2,11,0,18,0,8,0,0,0,0,1,1,6,1,7,-1,-1,-1,-1,1
"26350","201501PY20374",1,9,0,9,0,8,0,0,0,0,3,1,6,2,8,1299,1,14,-1,1
"26351","201501PY20374",2,1,0,18,0,8,0,0,0,0,1,1,6,1,6,-1,-1,-1,-1,1
"26352","201501PY20375",1,9,0,18,0,8,0,0,0,0,1,1,6,2,6,1242,1,18,-1,1
"26353","201501PY20375",2,9,0,18,0,8,0,0,0,0,1,1,6,1,5,1796,1,12,-1,1
"26354","201501PY20376",1,9,0,4,0,8,0,0,0,0,2,1,6,2,7,1461,2,3,-1,1
"26355","201501PY20376",2,9,0,18,0,8,0,0,0,0,1,1,6,2,6,-1,-1,-1,-1,1
"26356","201501PY20377",1,9,0,9,0,8,0,0,0,0,4,1,6,1,6,1198,1,2,-1,1
"26357","201501PY20377",2,2,0,18,0,8,0,0,0,0,1,1,6,1,4,49,1,8,-1,1
"26358","201501PY20378",1,9,0,18,0,8,0,0,0,0,4,1,6,2,7,2993,2,4,-1,1
"26359","201501PY20379",1,9,0,18,0,0,5,0,2,10,4,1,6,2,6,-1,-1,-1,-1,1
"26360","201501PY20380",1,9,0,18,0,8,0,0,0,0,1,1,6,1,7,1599,1,14,-1,1
"26361","201501PY20380",2,9,0,4,0,8,0,0,0,0,2,1,6,2,7,1984,1,14,-1,1
"26362","201501PY20381",1,9,0,18,0,8,0,0,0,0,1,1,6,1,6,1390,1,13,-1,1
"26363","201501PY20381",2,3,0,9,0,8,0,0,0,0,4,1,6,1,-1,125,1,1,-1,-1
"26364","201501PY20382",1,5,0,3,0,1,0,0,0,0,2,1,6,1,5,-1,-1,-1,-1,3
"26365","201501PY20382",2,9,0,18,0,1,0,0,0,0,1,1,6,2,-1,1388,1,13,-1,-1
"26366","201501PY20383",1,8,0,6,0,2,0,0,0,0,1,1,6,1,8,2499,2,8,-1,3
"26367","201501PY20383",2,3,0,7,0,2,0,0,0,0,1,1,6,1,4,125,1,5,-1,1
"26369","201501PY20385",1,11,0,4,0,0,0,0,0,0,0,1,1,1,-1,-1,-1,-1,-1,-1
"26370","201501PY20387",1,11,0,18,0,8,0,0,0,0,0,1,6,1,8,-1,-1,-1,-1,1
"26371","201501PY20388",1,9,0,9,0,8,0,0,0,0,3,1,6,1,10,998,1,2,-1,3
"26372","201501PY20388",2,9,0,18,0,8,0,0,0,0,1,1,6,1,-1,-1,-1,-1,-1,3
"26373","201501PY20389",1,9,0,4,0,0,0,0,0,0,2,1,6,1,10,1975,1,5,-1,3
"26374","201501PY20389",2,9,0,18,0,0,0,0,0,0,1,1,6,2,8,1248,2,10,-1,1
"26375","201501PY20390",1,9,0,1,0,0,0,0,0,0,2,1,6,1,9,1560,2,1,-1,1
"26376","201501PY20391",1,19,0,18,0,8,0,0,0,0,1,1,6,1,8,1753,2,12,-1,1
"26377","201501PY20391",2,9,0,18,0,8,0,0,0,0,1,1,6,1,8,2720,2,10,-1,1
"26378","201501PY20391",3,9,0,5,0,8,0,0,0,0,0,1,6,1,8,2982,2,12,-1,1
"26379","201501PY20392",1,9,0,2,0,0,0,0,0,0,3,1,6,1,8,1956,2,-1,-1,1
"26380","201501PY20392",2,3,0,18,0,0,0,0,0,0,1,1,6,1,6,125,1,2,-1,1
"26381","201501PY20393",1,5,0,18,0,0,0,0,0,0,1,1,6,1,8,1261,1,9,-1,1
"26382","201501PY20393",2,9,0,3,0,0,0,0,0,0,2,1,6,1,7,-1,-1,-1,-1,1
"26383","201501PY20393",3,9,0,1,0,0,0,0,0,0,2,1,6,1,6,-1,-1,-1,-1,1
"26384","201501PY20394",1,9,0,18,0,8,0,10,1,2,4,1,6,2,4,-1,-1,-1,-1,1
"26385","201501PY20395",1,9,0,4,0,8,0,0,0,0,2,1,6,2,6,1995,1,7,-1,1
"26386","201501PY20395",2,9,0,18,0,8,0,0,0,0,1,1,6,1,8,1242,1,3,-1,1
"26387","201501PY20396",1,9,0,18,0,8,0,0,0,0,3,1,6,1,-1,-1,-1,-1,-1,1
"26388","201501PY20396",2,1,0,18,0,8,0,0,0,0,4,1,6,1,8,-1,-1,-1,-1,1
"26389","201501PY20397",1,9,0,18,0,8,0,0,0,0,1,1,6,1,9,1998,1,11,-1,1
"26390","201501PY20397",2,9,0,9,0,8,0,0,0,0,4,1,6,2,7,1587,1,13,-1,1
"26391","201501PY20398",1,9,0,9,0,8,0,0,0,0,4,1,6,2,6,1685,2,3,-1,1
"26392","201501PY20398",2,9,0,7,0,8,0,0,0,0,3,1,6,1,6,1360,1,9,-1,1
"26393","201501PY20399",1,1,0,18,0,8,0,0,0,0,1,1,6,1,8,-1,-1,-1,-1,1
"26394","201501PY20399",2,9,0,7,0,8,0,0,0,0,4,1,6,1,-1,973,1,13,-1,-1
"26395","201501PY20400",1,9,0,4,0,8,0,0,0,0,2,1,6,2,7,1397,1,6,-1,1
"26396","201501PY20400",2,9,0,18,0,8,0,0,0,0,1,1,6,2,-1,1598,1,2,-1,-1
"26397","201501PY20400",3,9,0,4,0,8,0,0,0,0,2,1,6,1,-1,-1,-1,-1,-1,-1
"26398","201501PY20401",1,9,0,7,0,8,0,0,0,0,3,1,6,1,8,1997,2,4,-1,1
"26399","201501PY20401",2,1,0,18,0,8,0,0,0,0,1,1,6,2,6,-1,-1,-1,-1,1
"264001","201501PY20402",1,9,0,18,0,0,0,0,0,0,1,1,6,2,-1,-1,-1,-1,-1,1
"264011","201501PY20402",2,9,0,1,0,0,0,0,0,0,2,1,6,2,-1,1242,1,8,-1,-1
"264021","201501PY20403",1,1,0,8,0,8,0,0,0,0,2,1,6,2,6,-1,-1,-1,-1,1
"26403","201501PY20403",2,9,0,18,0,8,0,0,0,0,1,1,6,1,-1,2148,2,7,-1,-1
"26404","201501PY20404",1,1,0,18,0,0,0,0,0,0,1,1,6,1,7,-1,-1,-1,-1,-1
"26405","201501PY20404",2,9,0,4,0,0,0,0,0,0,2,1,6,1,-1,-1,-1,-1,-1,-1
"26406","201501PY20405",1,9,0,18,0,8,0,0,0,0,1,1,6,1,7,1992,2,7,-1,1
"26407","201501PY20405",2,9,0,18,0,8,0,0,0,0,4,1,6,1,6,-1,-1,-1,-1,1
"26408","201501PY20406",1,9,0,9,0,8,0,0,0,0,3,1,6,2,9,2995,1,13,-1,1
"26409","201501PY20406",2,5,0,18,0,8,0,0,0,0,1,1,6,1,8,499,1,16,-1,1
"26410","201501PY20407",1,9,0,9,0,8,0,7,0,0,1,1,6,1,7,1598,1,8,-1,1
"26411","201501PY20408",1,9,0,18,0,0,0,10,1,3,4,1,6,1,11,1598,1,5,-1,1
"26412","201501PY20409",1,9,0,4,0,8,0,0,0,0,2,1,6,1,8,-1,-1,-1,-1,1
"26413","201501PY20409",2,9,0,18,0,8,0,0,0,0,1,1,6,1,6,1856,2,5,-1,1
"26414","201501PY20410",1,9,0,10,0,8,0,0,0,0,2,1,6,2,7,1598,1,2,-1,1
"26415","201501PY20410",2,9,0,18,0,8,0,0,0,0,1,1,6,1,-1,-1,-1,-1,-1,-1
"26416","201501PY20411",1,1,0,18,0,8,0,0,0,0,2,1,6,1,8,-1,-1,-1,-1,1
"26417","201501PY20411",2,9,0,18,0,8,0,0,0,0,1,1,6,1,-1,-1,-1,-1,-1,-1
"26418","201501PY20412",1,3,0,18,0,0,0,10,0,0,4,1,6,1,6,998,1,6,-1,1
"26419","201501PY20413",1,9,0,7,0,8,0,0,0,0,3,1,6,2,6,1598,1,12,-1,1
"26420","201501PY20413",2,1,0,18,0,8,0,0,0,0,1,1,6,1,-1,-1,-1,-1,-1,-1
"26421","201501PY20414",1,9,0,18,0,8,0,0,0,0,3,1,6,2,8,1796,1,16,-1,1
"26422","201501PY20414",2,1,0,9,0,8,0,0,0,0,4,1,6,1,6,-1,-1,-1,-1,1
"26423","201501PY20415",1,9,0,5,0,0,0,0,0,0,3,1,6,2,7,1595,1,12,-1,1
"26424","201501PY20415",2,3,0,18,0,0,0,0,0,0,1,1,6,1,6,124,1,7,-1,1