"","Acc_Index","Vehicle_Reference","Vehicle_Type","Towing_and_Articulation","Vehicle_Manoeuvre","Vehicle_Location.Restricted_Lane","Junction_Location","Skidding_and_Overturning","Hit_Object_in_Carriageway","Vehicle_Leaving_Carriageway","Hit_Object_off_Carriageway","X1st_Point_of_Impact","Was_Vehicle_Left_Hand_Drive","Journey_Purpose_of_Driver","Sex_of_Driver","Age_Band_of_Driver","Engine_Capacity_.CC.","Propulsion_Code","Age_of_Vehicle","Driver_IMD_Decile","Driver_Home_Area_Type"
"26425","201501PY20416",1,3,0,18,0,0,0,0,0,0,3,1,6,1,5,125,1,-1,-1,1
"26426","201501PY20417",1,9,0,18,0,8,0,0,0,0,1,1,6,1,8,1596,1,11,-1,1
"26427","201501PY20417",2,9,0,9,0,8,0,0,0,0,4,1,6,1,10,1798,1,7,-1,1
"26428","201501PY20418",1,9,0,5,0,0,0,0,0,0,4,1,6,1,6,4163,1,2,-1,1
"26429","201501PY20419",1,9,0,18,0,0,0,0,0,0,1,1,6,1,5,-1,-1,-1,-1,1
"26430","201501PY20419",2,9,0,18,0,0,0,0,0,0,1,1,6,1,7,1984,1,14,-1,-1
"26431","201501PY20419",3,9,0,18,0,0,1,0,0,0,1,1,6,2,6,1598,1,15,-1,1
"26432","201501PY20419",4,9,0,4,0,0,0,0,0,0,2,1,6,1,8,1299,1,12,-1,1
"264331","201501PY20419",5,9,0,4,0,0,0,0,0,0,3,1,6,1,10,2143,2,3,-1,1
"264341","201501PY20421",1,1,0,9,0,8,0,0,0,0,4,1,6,1,8,-1,-1,-1,-1,1
"26435","201501PY20421",2,9,0,18,0,8,0,0,0,0,1,1,6,1,4,1360,1,9,-1,1
"264361","201501PY20422",1,3,0,18,0,8,0,0,0,0,3,1,6,1,4,124,1,-1,-1,2
"26437","201501PY20422",2,9,0,9,0,8,0,0,0,0,1,1,6,2,7,1560,2,8,-1,1
"26438","201501PY20423",1,9,0,18,0,0,0,0,0,0,3,1,6,2,6,1968,2,-1,-1,1
"26439","201501PY20423",2,9,0,18,0,0,0,0,0,0,3,1,6,2,8,1956,2,1,-1,1
"26440","201501PY20425",1,9,0,4,0,8,0,0,0,0,2,1,6,1,8,1984,1,1,-1,1
"26441","201501PY20425",2,9,0,18,0,8,0,0,0,0,1,1,6,1,7,1968,2,2,-1,1
"26442","201501PY20425",3,9,0,4,0,8,0,0,0,0,2,1,6,2,8,1299,1,11,-1,1
"26443","201501PY20426",1,1,0,18,0,8,0,0,0,0,3,1,6,1,7,-1,-1,-1,-1,1
"26444","201501PY20426",2,9,0,15,0,8,0,0,0,0,4,1,6,1,-1,-1,-1,-1,-1,-1
"26445","201501PY20427",1,9,0,9,0,8,0,0,0,0,3,1,6,1,6,1686,2,4,-1,1
"26446","201501PY20427",2,9,0,18,0,8,0,0,0,0,1,1,6,1,10,-1,-1,-1,-1,1
"26447","201501PY20428",1,9,0,18,0,8,0,0,0,0,2,1,6,2,7,1796,1,6,-1,1
"26448","201501PY20428",2,2,0,18,0,8,0,0,0,0,1,1,6,1,5,124,1,6,-1,1
"264491","201501PY20429",1,9,0,18,0,0,0,0,0,0,1,1,6,2,8,-1,-1,-1,-1,1
"264501","201501PY20429",2,9,0,4,0,0,0,0,0,0,2,1,6,1,10,1783,1,14,-1,1
"26451","201501PY20429",3,9,0,4,0,0,0,0,0,0,2,1,6,2,7,1390,1,6,-1,1
"26454","201501PY20431",1,11,0,18,0,8,0,0,0,0,4,1,6,1,8,4250,2,4,-1,1
"26455","201501PY20431",2,9,0,7,0,8,0,0,0,0,3,1,6,1,8,-1,-1,-1,-1,1
"26456","201501PY20432",1,9,0,9,0,8,0,0,0,0,4,1,6,1,4,1461,2,-1,-1,1
"26457","201501PY20432",2,9,0,18,0,8,0,0,0,0,1,1,6,1,7,-1,-1,-1,-1,1
"26458","201501PY20433",1,9,0,4,0,8,0,0,0,0,2,1,6,1,6,1598,1,12,-1,1
"26459","201501PY20433",2,9,0,18,0,8,0,0,0,0,1,1,6,1,-1,-1,-1,-1,-1,-1
"26460","201501PY20434",1,9,0,18,0,0,0,10,1,4,4,1,6,1,4,1995,2,10,-1,1
"26461","201501PY20435",1,9,0,5,0,0,0,0,0,0,3,1,6,1,8,-1,-1,-1,-1,1
"26462","201501PY20436",1,9,0,18,0,8,0,0,0,0,1,1,6,2,5,3200,2,10,-1,1
"26463","201501PY20436",2,3,0,9,0,8,0,0,0,0,4,1,6,1,4,124,1,7,-1,1
"26464","201501PY20437",1,9,0,4,0,0,0,0,0,0,2,1,6,1,8,2164,1,20,-1,1
"26465","201501PY20437",2,9,0,18,0,0,0,0,0,0,1,1,6,1,6,1796,1,7,-1,1
"26466","201501PY20438",1,9,0,18,0,0,0,0,0,0,4,1,6,1,8,-1,-1,-1,-1,1
"26467","201501PY20439",1,21,0,18,0,8,0,0,0,0,1,1,6,1,7,6374,2,1,-1,1
"26468","201501PY20439",2,9,0,10,0,8,0,0,0,0,2,1,6,2,7,1242,1,1,-1,1
"26469","201501PY20439",3,11,0,3,0,8,0,0,0,0,1,1,6,1,9,4500,2,1,-1,1
"26470","201501PY20440",1,9,0,9,0,8,0,0,0,0,4,1,6,2,7,1796,1,12,-1,1
"26471","201501PY20440",2,9,0,12,0,8,0,0,0,0,3,1,6,1,4,2400,1,10,-1,1
"26472","201501PY20441",1,2,0,18,0,0,0,0,0,0,4,1,6,2,-1,-1,-1,-1,-1,-1
"26473","201501PY20442",1,19,0,18,0,0,0,0,0,0,1,1,6,1,7,1968,2,-1,-1,1
"26474","201501PY20442",2,9,0,12,0,0,0,0,0,0,1,1,6,2,-1,1242,1,5,-1,1
"26475","201501PY20442",3,9,0,2,0,0,0,0,0,0,3,1,6,1,7,1368,1,6,-1,1
"26476","201501PY20444",1,9,0,15,0,8,0,0,0,0,4,1,6,1,7,1590,1,12,-1,1
"26477","201501PY20444",2,1,0,9,0,8,0,0,0,0,3,1,6,1,11,-1,-1,-1,-1,1
"26478","201501PY20445",1,9,0,18,0,8,0,0,0,0,4,1,6,1,11,1242,1,7,-1,1
"26481","201501PY20447",1,9,0,9,0,8,0,0,0,0,3,1,6,1,9,-1,-1,-1,-1,1
"26482","201501PY20448",1,11,0,4,0,8,0,0,0,0,0,1,1,1,8,-1,-1,-1,-1,1
"26483","201501PY20449",1,9,0,18,0,0,0,7,0,0,3,1,6,1,9,1988,1,13,-1,1
"26484","201501PY20450",1,9,0,18,0,0,0,4,0,0,4,1,6,2,7,1493,1,16,-1,-1
"26485","201501PY20450",2,11,0,2,0,0,0,0,0,0,3,1,6,1,8,4500,2,7,-1,1
"26488","201501PY20452",1,1,0,18,0,8,0,0,0,0,1,1,6,1,7,-1,-1,-1,-1,1
"26489","201501PY20452",2,9,0,7,0,8,0,0,0,0,4,1,6,1,-1,2720,2,9,-1,-1
"26490","201501PY20453",1,1,0,18,0,0,0,0,0,0,1,1,6,1,8,-1,-1,-1,-1,1
"26491","201501PY20453",2,9,0,5,0,0,0,0,0,0,3,1,6,1,10,2179,2,3,-1,1
"26492","201501PY20454",1,9,0,18,0,8,0,0,0,0,1,1,6,1,7,-1,-1,-1,-1,1
"26493","201501PY20454",2,2,0,18,0,8,0,0,0,0,3,1,6,1,4,114,1,1,-1,1
"26494","201501PY20455",1,9,0,18,0,0,0,0,0,0,4,1,6,2,6,1349,1,6,-1,1
"26495","201501PY20456",1,9,0,9,0,8,0,0,0,0,4,1,6,1,11,1896,2,10,-1,1
"26496","201501PY20456",2,9,0,18,0,8,0,0,0,0,1,1,6,2,6,1984,1,13,-1,1
"26497","201501PY20457",1,5,0,18,0,8,0,0,0,0,1,1,6,1,6,583,1,14,-1,1
"26498","201501PY20457",2,9,0,9,0,8,0,0,0,0,4,1,6,2,7,1595,1,2,-1,1
"26499","201501PY20458",1,9,0,9,0,8,0,0,0,0,4,1,6,2,4,-1,-1,-1,-1,1
"26500","201501PY20458",2,9,0,18,0,8,0,0,0,0,1,1,6,2,6,998,1,5,-1,1
"26501","201501PY20459",1,11,0,18,0,8,0,0,0,0,3,1,6,1,8,-1,-1,-1,-1,1
"26502","201501PY20459",2,1,0,9,0,8,0,0,0,0,3,1,6,1,-1,-1,-1,-1,-1,1
"26504","201501PY20461",1,11,0,18,0,8,0,0,0,0,1,1,1,1,-1,6696,2,2,-1,1
"265051","201501PY20461",2,9,0,4,0,8,0,0,0,0,2,1,6,2,9,1339,1,5,-1,1
"265061","201501PY20462",1,9,0,18,0,0,0,0,0,0,3,1,6,2,-1,1997,2,16,-1,1
"26507","201501PY20462",2,9,0,18,0,0,0,0,0,0,3,1,6,1,10,1796,1,5,-1,1
"26508","201501PY20463",1,9,0,9,0,8,0,0,0,0,4,1,6,2,6,1560,2,4,-1,1
"26509","201501PY20463",2,9,0,18,0,8,0,0,0,0,1,1,6,2,-1,1995,2,1,-1,1
"26510","201501PY20464",1,11,0,18,0,0,0,10,1,2,4,1,6,1,8,6700,2,9,-1,1
"26513","201501PY20466",1,9,0,18,0,0,0,10,1,4,4,1,6,2,6,-1,-1,-1,-1,1
"26514","201501PY20466",2,9,0,2,0,0,0,0,0,0,2,1,6,2,7,2179,2,3,-1,3
"26515","201501PY20467",1,9,0,18,0,8,0,0,0,0,1,1,6,1,5,1198,1,13,-1,1
"26516","201501PY20467",2,9,0,3,0,8,0,0,0,0,2,1,6,1,-1,-1,-1,-1,-1,-1
"26517","201501PY20468",1,2,0,18,0,0,0,0,0,0,0,1,6,1,4,49,1,2,-1,-1
"26518","201501PY20469",1,1,0,18,0,8,0,10,0,0,3,1,6,1,3,-1,-1,-1,-1,-1
"26519","201501PY20470",1,9,0,7,0,8,0,0,0,0,3,1,6,1,8,1598,1,4,-1,1
"26520","201501PY20470",2,9,0,11,0,8,0,0,0,0,4,1,6,2,-1,-1,-1,-1,-1,-1
"26521","201501PY20471",1,3,0,4,0,0,0,10,0,0,4,1,6,1,4,1085,1,17,-1,1
"26522","201501PY20472",1,9,0,18,0,8,0,0,0,0,4,1,6,1,4,1600,1,17,-1,1
"26523","201501PY20472",2,9,0,18,0,8,0,0,0,0,1,1,6,1,-1,1796,1,9,-1,1
"26524","201501PY20473",1,9,0,7,0,8,0,0,0,0,3,1,6,1,5,1595,1,1,-1,1
"26525","201501PY20473",2,20,0,18,0,8,0,0,0,0,1,1,6,1,6,-1,-1,-1,-1,-1
"26526","201501PY20474",1,9,0,9,0,8,0,0,0,0,4,1,6,1,6,1600,1,15,-1,1
"26527","201501PY20474",2,4,0,18,0,8,0,0,0,0,1,1,6,1,8,279,1,3,-1,-1
"26528","201501PY20475",1,9,0,9,0,8,0,0,0,0,3,1,6,2,7,1596,1,9,-1,1
"26529","201501PY20475",2,3,0,18,0,8,0,0,0,0,1,1,6,1,8,123,1,33,-1,1
"26530","201501PY20476",1,9,0,4,0,8,0,0,0,0,2,1,6,2,8,1685,2,2,-1,1
"26531","201501PY20476",2,9,0,4,0,8,0,0,0,0,2,1,6,1,8,1968,2,6,-1,1
"26532","201501PY20476",3,9,0,18,0,8,0,0,0,0,1,1,6,1,-1,-1,-1,-1,-1,-1
"26533","201501PY20477",1,9,0,4,0,8,0,0,0,0,2,1,6,1,7,1596,1,8,-1,1
"26534","201501PY20477",2,9,0,18,0,8,0,0,0,0,1,1,6,1,8,1560,2,1,-1,1
"26535","201501PY20478",1,9,0,18,0,0,0,0,0,0,1,1,6,1,5,-1,-1,-1,-1,1
"26536","201501PY20478",2,9,0,4,0,0,0,0,0,0,2,1,6,1,5,1997,2,14,-1,1
"26537","201501PY20479",1,3,0,13,0,8,0,0,0,0,4,1,6,2,7,-1,-1,-1,-1,1
"26538","201501PY20479",2,9,0,9,0,8,0,0,0,0,3,1,6,1,6,-1,-1,-1,-1,1
"26539","201501PY20480",1,3,0,15,0,8,0,0,0,0,4,1,6,1,6,748,1,9,-1,1
"26540","201501PY20480",2,9,0,9,0,8,0,0,0,0,3,1,6,1,9,2148,2,11,-1,1
"26541","201501PY20481",1,9,0,18,0,8,0,0,0,0,1,1,6,1,11,1171,1,15,-1,1
"26542","201501PY20481",2,9,0,2,0,8,0,0,0,0,1,1,6,2,7,1595,1,6,-1,1
"26543","201501PY20482",1,9,0,18,0,0,0,0,0,0,4,1,6,2,-1,1240,1,7,-1,1
"26544","201501PY20482",2,19,0,5,0,0,0,0,0,0,3,1,6,1,6,2402,2,10,-1,1
"26545","201501PY20483",1,19,0,18,0,8,0,0,0,0,1,1,6,1,5,2198,2,3,-1,1
"26546","201501PY20483",2,9,0,6,0,8,0,0,0,0,4,1,6,1,-1,-1,-1,-1,-1,-1
"26547","201501PY20484",1,9,0,9,0,8,0,0,0,0,3,1,6,2,4,998,1,7,-1,1
"26548","201501PY20484",2,9,0,18,0,8,0,0,0,0,1,1,6,2,7,2435,1,13,-1,1
"26549","201501PY20485",1,9,0,9,0,8,0,0,0,0,3,1,6,2,6,1596,1,8,-1,1
"26550","201501PY20485",2,3,0,15,0,8,0,0,0,0,1,1,6,1,7,124,1,-1,-1,1
"26551","201501PY20486",1,3,0,18,0,8,0,0,0,0,1,1,6,1,-1,-1,-1,-1,-1,1
"26552","201501PY20486",2,9,0,9,0,8,0,0,0,0,4,1,6,1,-1,-1,-1,-1,-1,-1
"26553","201501PY20487",1,11,0,16,0,0,0,4,1,10,3,1,6,1,7,9000,2,12,-1,1
"26554","201501PY20487",2,9,0,17,0,0,0,0,0,0,3,1,6,2,6,2521,1,9,-1,1
"26555","201501PY20487",3,9,0,2,0,0,0,0,0,0,2,1,6,1,8,1798,1,1,-1,1
"26556","201501PY20488",1,1,0,18,0,8,0,0,0,0,1,1,6,1,5,-1,-1,-1,-1,1
"26557","201501PY20488",2,9,0,9,0,8,0,0,0,0,4,1,6,1,-1,-1,-1,-1,-1,1
"26558","201501PY20489",1,11,0,18,0,1,0,0,0,0,3,1,6,1,7,6700,2,1,-1,1
"26559","201501PY20490",1,9,0,18,0,0,0,0,0,0,4,1,6,1,11,1796,1,13,-1,1
"26560","201501PY20491",1,5,0,18,0,8,0,0,0,0,1,1,6,1,5,599,1,2,-1,1
"26561","201501PY20491",2,9,0,9,0,8,0,0,0,0,4,1,6,1,-1,1598,1,10,-1,-1
"26562","201501PY20492",1,9,0,5,0,8,0,0,0,0,4,1,6,2,6,-1,-1,-1,-1,-1
"26563","201501PY20493",1,20,0,18,0,8,0,0,0,0,4,1,6,1,7,-1,-1,-1,-1,1
"26564","201501PY20494",1,11,0,4,0,8,0,0,0,0,0,1,1,2,8,9200,2,12,-1,-1
"26565","201501PY20495",1,9,0,18,0,8,0,0,0,0,1,1,6,1,9,1997,2,8,-1,1
"26566","201501PY20495",2,9,0,4,0,8,0,0,0,0,2,1,6,1,5,-1,-1,-1,-1,1
"26567","201501PY20496",1,9,0,18,0,0,0,0,0,0,4,1,6,2,8,1596,1,4,-1,1
"26568","201501PY20497",1,9,0,9,0,8,0,0,0,0,3,1,6,2,9,1242,1,3,-1,1
"26569","201501PY20497",2,5,0,18,0,8,0,0,0,0,1,1,6,1,6,599,1,15,-1,1
"26570","201501PY20498",1,9,0,9,0,8,0,0,0,0,3,1,6,2,4,995,1,3,-1,1
"26571","201501PY20498",2,9,0,18,0,8,0,0,0,0,1,1,6,1,-1,-1,-1,-1,-1,1
"26572","201501PY20499",1,9,0,18,0,8,0,0,0,0,4,1,6,1,7,1560,2,2,-1,1
"26573","201501PY20500",1,9,0,18,0,0,0,0,0,0,1,1,6,1,-1,1390,1,7,-1,-1
"26574","201501PY20501",1,9,0,15,0,0,0,0,0,0,4,1,6,2,8,1598,1,12,-1,1
"26575","201501PY20501",2,1,0,18,0,0,0,0,0,0,3,1,6,1,7,-1,-1,-1,-1,1
"26576","201501PY20502",1,9,0,18,0,8,0,0,0,0,3,1,6,2,5,1242,1,5,-1,1
"26577","201501PY20502",2,9,0,18,0,8,0,0,0,0,4,1,6,1,5,1248,2,4,-1,1
"26578","201501PY20503",1,9,0,9,0,8,0,0,0,0,4,1,6,1,6,999,1,8,-1,1
"26579","201501PY20503",2,1,0,18,0,8,0,0,0,0,1,1,6,1,8,-1,-1,-1,-1,1
"26580","201501PY20504",1,9,0,3,0,0,0,0,0,0,1,1,6,2,5,-1,-1,-1,-1,1
"26581","201501PY20504",2,9,0,1,0,0,0,0,0,0,2,1,6,1,-1,-1,-1,-1,-1,-1
"265821","201501PY20505",1,9,0,18,0,8,0,0,0,0,4,1,6,1,-1,-1,-1,-1,-1,-1
"26583","201501PY20506",1,9,0,6,0,8,0,0,0,0,4,1,6,2,7,1242,1,19,-1,1
"26584","201501PY20506",2,9,0,18,0,8,0,0,0,0,1,1,6,1,5,1997,2,3,-1,1
"26585","201501PY20507",1,9,0,18,0,0,0,10,1,2,4,1,6,1,-1,1598,1,10,-1,-1
"26586","201501PY20508",1,9,0,18,0,0,0,10,1,10,1,1,6,1,10,1590,1,16,-1,1
"26587","201501PY20509",1,9,0,6,0,8,0,0,0,0,2,1,6,1,-1,998,1,2,-1,1
"26588","201501PY20509",2,3,0,18,0,8,0,0,0,0,1,1,6,1,6,-1,-1,-1,-1,-1
"26589","201501PY20510",1,9,0,8,0,8,0,0,0,0,2,1,6,1,5,1397,1,8,-1,1
"26590","201501PY20510",2,9,0,18,0,8,0,0,0,0,1,1,6,1,-1,-1,-1,-1,-1,-1
"265911","201501PY20511",1,2,0,18,0,8,0,0,0,0,1,1,6,1,9,124,1,6,-1,1
"265921","201501PY20511",2,9,0,5,0,8,0,0,0,0,3,1,6,1,5,1596,1,8,-1,1
"26593","201501PY20512",1,9,0,6,0,0,0,0,0,0,3,1,6,1,9,1988,1,12,-1,1
"26594","201501PY20512",2,2,0,18,0,0,0,0,0,0,1,1,6,1,5,124,1,2,-1,1
"26595","201501PY20513",1,9,0,5,0,8,0,0,0,0,3,1,6,2,-1,-1,-1,-1,-1,-1
"26596","201501PY20513",2,1,0,18,0,8,0,0,0,0,1,1,6,1,7,-1,-1,-1,-1,1
"26597","201501PY20514",1,3,0,9,0,8,0,0,0,0,4,1,6,1,7,-1,-1,-1,-1,1
"26598","201501PY20515",1,9,0,3,0,0,0,0,0,0,1,1,6,2,4,-1,-1,-1,-1,1
"26599","201501PY20515",2,9,0,1,0,0,0,0,0,0,2,1,6,1,-1,-1,-1,-1,-1,-1
"26600","201501PY20516",1,9,0,2,0,8,0,0,0,0,3,1,6,2,-1,1398,1,4,-1,-1
"266011","201501PY20516",2,9,0,18,0,8,0,0,0,0,4,1,6,1,10,3498,1,12,-1,1
"266021","201501PY20517",1,5,0,18,0,0,0,0,0,0,3,1,6,1,5,108,1,1,-1,-1
"26603","201501PY20518",1,9,0,9,0,8,0,0,0,0,4,1,6,2,6,-1,-1,-1,-1,1
"26604","201501PY20518",2,9,0,18,0,8,0,0,0,0,1,1,6,1,7,-1,-1,-1,-1,1
"26605","201501PY20520",1,9,0,18,0,0,0,10,1,3,4,1,6,1,6,1985,1,14,-1,-1
"26606","201501PY20521",1,9,0,7,0,8,0,0,0,0,1,1,6,1,5,-1,-1,-1,-1,1
"26607","201501PY20521",2,9,0,9,0,8,0,0,0,0,1,1,6,2,7,1753,2,6,-1,1
"26608","201501PY20521",3,9,0,3,0,8,0,0,0,0,1,1,6,2,7,1598,2,-1,-1,1
"26609","201501PY20522",1,19,0,18,0,8,0,0,0,0,2,1,6,1,6,1997,2,9,-1,-1
"26610","201501PY20522",2,9,0,18,0,8,0,0,0,0,3,1,6,2,8,2184,2,13,-1,1
"26611","201501PY20522",3,9,0,7,0,8,0,0,0,0,1,1,6,1,5,1796,1,12,-1,1
"26612","201501PY20523",1,9,0,9,0,8,0,0,0,0,4,1,6,2,6,1364,1,7,-1,1
"26613","201501PY20523",2,1,0,18,0,8,0,0,0,0,1,1,6,1,7,-1,-1,-1,-1,1
"26614","201501PY20524",1,9,0,9,0,8,0,0,0,0,4,1,6,1,7,1598,1,14,-1,1
"26615","201501PY20524",2,5,0,18,0,8,0,0,0,0,1,1,6,1,7,599,1,4,-1,1
"26616","201501PY20526",1,9,0,18,0,0,0,0,0,0,1,1,6,1,-1,-1,-1,-1,-1,1
"26617","201501PY20526",2,9,0,18,0,0,0,0,0,0,2,1,6,2,6,1242,1,1,-1,1
"26618","201501PY20527",1,9,0,18,0,2,0,7,0,0,1,1,6,1,7,-1,-1,-1,-1,1
"26619","201501PY20528",1,9,0,18,0,8,0,0,0,0,1,1,6,1,-1,-1,-1,-1,-1,-1
"26620","201501PY20529",1,9,0,9,0,8,0,0,0,0,4,1,6,2,7,1242,1,5,-1,1
"26621","201501PY20529",2,9,0,18,0,8,0,0,0,0,1,1,6,1,-1,-1,-1,-1,-1,1
"26622","201501PY20530",1,1,0,18,0,0,0,0,0,0,1,1,6,1,-1,-1,-1,-1,-1,1
"26623","201501PY20530",2,9,0,2,0,0,0,0,0,0,3,1,6,1,-1,1997,2,7,-1,-1
"26624","201501PY20531",1,9,0,2,0,0,0,0,0,0,3,1,6,2,7,1968,2,1,-1,1
"26625","201501PY20531",2,1,0,18,0,0,0,0,0,0,1,1,6,1,7,-1,-1,-1,-1,1
"26626","201501PY20532",1,9,0,18,0,8,0,0,0,0,2,1,6,1,6,1968,2,9,-1,-1
"26627","201501PY20532",2,9,0,18,0,8,0,0,0,0,1,1,6,2,8,998,1,1,-1,1
"26628","201501PY20533",1,5,0,18,0,8,0,0,0,0,1,1,6,1,7,748,1,6,-1,1
"26629","201501PY20533",2,9,0,9,0,8,0,0,0,0,3,1,6,1,-1,1240,1,11,-1,-1
"26630","201501PY20534",1,9,0,17,0,8,0,0,0,0,4,1,6,1,4,1149,1,12,-1,1
"26631","201501PY20534",2,9,0,2,0,8,0,0,0,0,3,1,6,1,6,1360,1,11,-1,1
"26632","201501PY20535",1,9,0,18,0,8,0,7,0,0,3,1,6,1,6,1794,1,12,-1,-1
"26633","201501PY20536",1,9,0,9,0,8,0,0,0,0,4,1,6,1,5,1299,1,12,-1,1
"26634","201501PY20536",2,20,0,18,0,8,0,0,0,0,1,1,6,1,9,-1,-1,-1,-1,1
"26635","201501PY20537",1,2,0,18,0,8,0,0,0,0,1,1,6,1,-1,49,1,5,-1,1
"26636","201501PY20537",2,9,0,2,0,8,0,0,0,0,0,1,6,1,8,1870,2,10,-1,1
"26637","201501PY20538",1,19,0,18,0,8,0,0,0,0,4,1,6,1,6,2143,2,-1,-1,1
"26638","201501PY20539",1,9,0,9,0,8,0,0,0,0,4,1,6,1,4,1390,1,14,-1,1
"26639","201501PY20539",2,9,0,18,0,8,0,0,0,0,1,1,6,1,6,-1,-1,-1,-1,1
"26640","201501PY20540",1,9,0,18,0,0,0,0,0,0,4,1,6,2,8,1995,2,5,-1,1
"26641","201501PY20540",2,9,0,2,0,0,0,0,0,0,3,1,6,1,-1,2996,1,9,-1,-1
"26642","201501PY20541",1,9,0,18,0,8,0,0,0,0,3,1,6,2,-1,1590,1,18,-1,1
"26643","201501PY20541",2,9,0,18,0,8,0,0,0,0,3,1,6,1,6,2987,2,5,-1,1
"26644","201501PY20542",1,1,0,7,0,8,0,0,0,0,3,1,6,1,4,-1,-1,-1,-1,1
"26645","201501PY20542",2,9,0,18,0,8,0,0,0,0,1,1,6,1,9,1598,1,4,-1,1
"26646","201501PY20543",1,9,0,4,0,8,0,0,0,0,2,1,6,2,8,2685,2,12,-1,1
"26647","201501PY20543",2,9,0,18,0,8,0,0,0,0,1,1,6,2,7,1461,2,7,-1,1
"26648","201501PY20544",1,20,0,18,0,0,0,0,0,0,4,1,6,1,-1,-1,-1,-1,-1,-1
"26649","201501PY20545",1,9,0,18,0,8,0,7,0,0,3,1,6,1,11,1329,1,3,-1,1
"26650","201501PY20546",1,11,0,4,0,8,0,0,0,0,0,1,6,1,6,9000,2,12,-1,-1
"26651","201501PY20547",1,9,0,15,0,8,0,0,0,0,4,1,6,1,-1,-1,-1,-1,-1,-1
"26652","201501PY20547",2,1,0,18,0,8,0,0,0,0,3,1,6,2,4,-1,-1,-1,-1,1
"26653","201501PY20548",1,9,0,2,0,8,0,0,0,0,4,1,6,1,8,1396,1,15,-1,1
"26654","201501PY20548",2,1,0,18,0,8,0,0,0,0,1,1,6,1,7,-1,-1,-1,-1,1
"26655","201501PY20549",1,3,0,18,0,8,0,0,0,0,3,1,6,1,4,998,1,10,-1,1
"26656","201501PY20549",2,9,0,18,0,8,0,0,0,0,4,1,6,1,-1,-1,-1,-1,-1,-1
"26657","201501PY20550",1,1,0,9,0,8,0,0,0,0,1,1,6,2,6,-1,-1,-1,-1,1
"26658","201501PY20550",2,9,0,9,0,8,0,0,0,0,3,1,6,1,6,1796,2,2,-1,1
"26659","201501PY20551",1,9,0,18,0,0,0,0,0,0,4,1,6,1,5,2191,2,-1,-1,1
"26660","201501PY20551",2,9,0,2,0,0,0,0,0,0,2,1,6,1,-1,1984,2,3,-1,1
"26661","201501PY20552",1,9,0,18,0,8,0,0,0,0,1,1,6,2,7,1596,1,10,-1,1
"26662","201501PY20552",2,9,0,9,0,8,0,0,0,0,4,1,6,2,7,1499,1,-1,-1,1
"26663","201501PY20553",1,9,0,4,0,8,0,0,0,0,2,1,6,1,8,2400,2,3,-1,1
"26664","201501PY20553",2,2,0,4,0,8,0,0,0,0,1,1,6,2,4,96,1,9,-1,-1
"26665","201501PY20554",1,9,0,4,0,1,0,0,0,0,2,1,6,2,7,1598,2,1,-1,1
"26666","201501PY20554",2,1,0,4,0,1,0,0,0,0,1,1,6,1,9,-1,-1,-1,-1,1
"26667","201501PY20555",1,9,0,18,0,8,0,0,0,0,1,1,6,2,6,1598,2,3,-1,1
"26668","201501PY20555",2,9,0,9,0,8,0,0,0,0,4,1,6,1,6,999,1,1,-1,2
"26669","201501PY20556",1,19,0,18,0,0,0,0,0,0,4,1,6,1,5,4500,2,8,-1,1
"26670","201501PY20556",2,9,0,5,0,0,0,0,0,0,3,1,6,2,8,1598,1,5,-1,1
"26671","201501PY20557",1,9,0,18,0,8,0,0,0,0,1,1,6,1,5,999,1,3,-1,1
"26672","201501PY20557",2,9,0,9,0,8,0,0,0,0,4,1,6,1,8,-1,-1,-1,-1,1
"26673","201501PY20558",1,9,0,18,0,8,0,0,0,0,1,1,6,1,8,1796,1,8,-1,1
"26674","201501PY20558",2,9,0,18,0,8,0,0,0,0,3,1,6,2,5,998,1,1,-1,1
"26675","201501PY20559",1,9,0,9,0,8,0,0,0,0,4,1,6,1,8,-1,-1,-1,-1,-1
"26676","201501PY20559",2,4,0,18,0,8,0,0,0,0,1,1,6,1,5,296,1,-1,-1,1
"26677","201501PY20560",1,9,0,4,0,8,0,0,0,0,2,1,6,2,8,2987,2,9,-1,1
"26678","201501PY20560",2,9,0,18,0,8,0,0,0,0,1,1,6,2,5,-1,-1,-1,-1,1
"26679","201501PY20561",1,9,0,18,0,8,0,0,0,0,4,1,6,1,5,998,1,1,-1,1
"26680","201501PY20561",2,9,0,9,0,8,0,0,0,0,1,1,6,1,-1,1360,1,15,-1,1
"26681","201501PY20563",1,3,0,18,0,8,0,7,0,0,1,1,6,1,5,125,1,1,-1,1
"26684","201501PY20565",1,9,0,5,0,8,0,0,0,0,3,1,6,2,8,1598,1,6,-1,1
"26685","201501PY20565",2,1,0,18,0,8,0,0,0,0,1,1,6,1,6,-1,-1,-1,-1,1
"26686","201501PY20566",1,9,0,15,0,8,0,0,0,0,4,1,6,1,-1,-1,-1,-1,-1,-1
"26687","201501PY20566",2,1,0,18,0,8,0,0,0,0,3,1,6,1,7,-1,-1,-1,-1,1
"26688","201501PY20568",1,1,0,7,0,8,0,0,0,0,3,1,6,1,7,-1,-1,-1,-1,1
"26689","201501PY20568",2,9,0,7,0,8,0,0,0,0,4,1,6,1,-1,1951,2,11,-1,-1
"26690","201501PY20569",1,9,0,17,0,0,0,0,0,0,3,1,6,1,5,1364,1,11,-1,1