"","Acc_Index","Vehicle_Reference","Vehicle_Type","Towing_and_Articulation","Vehicle_Manoeuvre","Vehicle_Location.Restricted_Lane","Junction_Location","Skidding_and_Overturning","Hit_Object_in_Carriageway","Vehicle_Leaving_Carriageway","Hit_Object_off_Carriageway","X1st_Point_of_Impact","Was_Vehicle_Left_Hand_Drive","Journey_Purpose_of_Driver","Sex_of_Driver","Age_Band_of_Driver","Engine_Capacity_.CC.","Propulsion_Code","Age_of_Vehicle","Driver_IMD_Decile","Driver_Home_Area_Type"
"26691","201501PY20569",2,20,0,16,0,0,0,0,0,0,3,1,6,1,-1,-1,-1,-1,-1,-1
"26692","201501PY20570",1,9,0,5,0,0,0,0,0,0,3,1,6,1,6,1910,2,10,-1,1
"26693","201501PY20570",2,9,0,18,0,0,0,0,0,0,1,1,6,2,5,1360,1,10,-1,1
"26694","201501PY20571",1,9,0,18,0,8,0,0,0,0,1,1,6,2,4,1461,2,1,-1,1
"26695","201501PY20571",2,9,0,9,0,8,0,0,0,0,4,1,6,1,9,-1,-1,-1,-1,1
"26696","201501PY20572",1,9,0,9,0,8,0,0,0,0,4,1,6,1,5,1968,2,2,-1,1
"26697","201501PY20572",2,1,0,18,0,8,0,0,0,0,1,1,6,1,5,-1,-1,-1,-1,1
"26698","201501PY20573",1,11,0,4,0,8,0,0,0,0,0,1,1,1,6,7300,2,10,-1,1
"26699","201501PY20574",1,3,0,18,0,8,0,0,0,0,3,1,6,2,7,125,1,13,-1,1
"26700","201501PY20577",1,9,0,18,0,0,0,0,0,0,4,1,6,1,-1,-1,-1,-1,-1,-1
"26701","201501PY20578",1,9,0,18,0,8,0,10,1,2,1,1,6,1,5,1910,2,6,-1,1
"26702","201501PY20578",2,9,0,2,0,8,0,0,0,0,4,1,6,1,-1,-1,-1,-1,-1,-1
"26703","201501PY20579",1,9,0,18,0,0,0,0,0,0,1,1,6,1,7,1968,2,-1,-1,1
"26704","201501PY20579",2,9,0,18,0,0,0,0,0,0,1,1,6,1,6,1587,1,16,-1,1
"26705","201501PY20580",1,9,0,18,0,8,0,0,0,0,1,1,6,1,5,-1,-1,-1,-1,3
"26706","201501PY20580",2,1,0,18,0,8,0,0,0,0,4,1,6,1,6,-1,-1,-1,-1,1
"26707","201501PY20583",1,11,0,18,0,8,0,0,0,0,3,1,6,1,6,4500,2,4,-1,1
"26708","201501PY20583",2,9,0,18,0,8,0,0,0,0,3,1,6,1,10,1685,2,2,-1,1
"26709","201501PY20584",1,9,0,18,0,0,0,0,0,0,4,1,6,1,-1,1590,1,22,-1,-1
"267101","201501PY20585",1,19,0,18,0,8,0,0,0,0,4,1,6,1,-1,-1,-1,-1,-1,-1
"267111","201501PY20586",1,20,0,18,0,8,0,0,0,0,1,1,6,1,8,8970,2,11,-1,1
"26712","201501PY20586",2,9,0,4,0,8,0,0,0,0,2,1,6,1,-1,-1,-1,-1,-1,-1
"26713","201501PY20587",1,9,0,18,0,8,0,10,1,2,4,1,6,1,6,1124,1,9,-1,1
"26714","201501PY20589",1,9,0,18,0,0,0,4,0,0,3,1,6,1,8,1995,2,1,-1,-1
"26715","201501PY20589",2,9,0,18,0,0,0,0,0,0,3,1,6,1,7,-1,-1,-1,-1,1
"26716","201501PY20589",3,9,0,2,0,0,0,0,0,0,2,1,6,1,-1,-1,-1,-1,-1,-1
"26717","201501PY20590",1,19,0,18,0,8,0,0,0,0,1,1,6,1,8,1560,2,-1,-1,-1
"26718","201501PY20590",2,9,0,4,0,8,0,0,0,0,2,1,6,1,-1,1368,1,8,-1,1
"26719","201501PY20591",1,9,0,18,0,8,0,0,0,0,1,1,6,2,8,1999,1,8,-1,-1
"26720","201501PY20591",2,9,0,9,0,8,0,0,0,0,4,1,6,2,7,1997,2,4,-1,1
"26721","201501PY20592",1,11,0,4,0,0,0,0,0,0,4,1,1,1,9,6700,2,3,-1,1
"26722","201501PY20593",1,9,0,1,0,0,0,0,0,0,2,1,6,1,-1,1390,1,2,-1,1
"26723","201501PY20593",2,9,0,18,0,0,0,4,0,0,1,1,6,2,-1,1997,1,12,-1,1
"26724","201501PY20593",3,9,0,2,0,0,0,0,0,0,4,1,6,1,-1,1339,1,12,-1,-1
"26725","201501PY20595",1,9,0,18,0,8,0,0,0,0,4,1,6,2,7,1596,1,7,-1,1
"26726","201501PY20595",2,19,0,18,0,8,0,0,0,0,1,1,6,1,8,2198,2,2,-1,-1
"26727","201501PY20596",1,9,0,9,0,8,0,0,0,0,3,1,6,2,8,1198,1,4,-1,1
"26728","201501PY20596",2,19,0,18,0,8,0,0,0,0,4,1,6,1,5,1753,2,5,-1,1
"26729","201501PY20599",1,9,0,18,0,8,0,0,0,0,4,1,6,2,7,-1,-1,-1,-1,1
"26730","201501PY20600",1,9,0,18,0,0,0,0,0,0,1,1,6,1,7,2184,2,11,-1,1
"26731","201501PY20600",2,9,0,4,0,0,0,0,0,0,2,1,6,2,4,-1,-1,-1,-1,3
"267321","201501PY20601",1,9,0,18,0,0,0,0,0,0,1,1,6,2,4,1598,1,10,-1,1
"26733","201501PY20601",2,9,0,4,0,0,0,0,0,0,2,1,6,1,11,1598,1,8,-1,1
"26734","201501PY20601",3,9,0,4,0,0,0,0,0,0,2,1,6,1,-1,2497,1,14,-1,1
"26735","201501PY20602",1,9,0,9,0,8,0,0,0,0,4,1,6,2,11,1149,1,19,-1,1
"26736","201501PY20602",2,1,0,18,0,8,0,0,0,0,1,1,6,1,4,-1,-1,-1,-1,1
"26737","201501PY20603",1,9,0,6,0,0,0,0,0,0,3,1,6,1,8,1598,1,10,-1,1
"26738","201501PY20603",2,1,0,18,0,0,0,0,0,0,1,1,6,1,-1,-1,-1,-1,-1,-1
"26739","201501PY20604",1,3,0,4,0,8,0,0,0,0,2,1,6,1,8,125,1,40,-1,1
"26740","201501PY20604",2,9,0,18,0,8,0,0,0,0,1,1,6,1,7,1398,1,3,-1,1
"26741","201501PY20605",1,9,0,18,0,8,0,0,0,0,4,1,6,1,7,1995,2,4,-1,1
"26742","201501PY20607",1,9,0,18,0,0,0,0,0,0,4,1,6,1,8,1390,1,9,-1,1
"26743","201501PY20608",1,9,0,1,0,8,0,0,0,0,2,1,6,1,8,1799,1,9,-1,1
"26744","201501PY20608",2,1,0,18,0,8,0,0,0,0,1,1,6,1,6,-1,-1,-1,-1,1
"26745","201501PY20610",1,4,0,18,0,8,0,0,0,0,4,1,6,1,8,-1,-1,-1,-1,1
"26746","201501PY20611",1,1,0,18,0,0,0,0,0,0,1,1,6,1,8,-1,-1,-1,-1,1
"26747","201501PY20611",2,9,0,2,0,0,0,0,0,0,3,1,6,1,-1,-1,-1,-1,-1,-1
"26748","201501PY20612",1,9,0,18,0,0,0,0,0,0,1,1,6,2,8,1796,1,15,-1,1
"26749","201501PY20612",2,9,0,18,0,0,0,0,0,0,1,1,6,1,8,-1,-1,-1,-1,1
"26750","201501PY20613",1,9,0,15,0,8,0,0,0,0,3,1,6,1,7,998,1,13,-1,1
"26751","201501PY20613",2,2,0,18,0,8,0,0,0,0,4,1,6,1,5,124,1,-1,-1,1
"26752","201501PY20614",1,9,0,18,0,8,0,0,0,0,3,1,6,1,-1,1596,1,13,-1,1
"26753","201501PY20614",2,9,0,9,0,8,0,0,0,0,1,1,6,2,6,1598,1,5,-1,1
"26754","201501PY20615",1,9,0,9,0,8,0,0,0,0,4,1,6,1,5,1395,1,-1,-1,1
"26755","201501PY20615",2,9,0,18,0,8,0,0,0,0,1,1,6,1,4,1360,1,9,-1,1
"26756","201501PY20616",1,9,0,18,0,8,0,0,0,0,1,1,6,2,11,998,1,16,-1,1
"267571","201501PY20616",2,9,0,18,0,8,0,0,0,0,4,1,6,1,5,-1,-1,-1,-1,3
"267581","201501PY20617",1,11,0,4,0,8,0,0,0,0,0,1,1,1,10,-1,-1,-1,-1,1
"26759","201501PY20618",1,9,0,9,0,8,0,0,0,0,2,1,6,1,6,1124,1,10,-1,1
"26760","201501PY20618",2,1,0,18,0,8,0,0,0,0,1,1,6,1,6,-1,-1,-1,-1,1
"26761","201501PY20619",1,9,0,7,0,8,0,0,0,0,3,1,6,2,4,1339,1,9,-1,1
"26762","201501PY20619",2,9,0,18,0,8,0,0,0,0,1,1,6,2,7,1596,1,4,-1,1
"26763","201501PY20620",1,9,0,18,0,8,0,10,1,2,1,1,6,1,6,1995,2,11,-1,1
"26764","201501PY20620",2,9,0,9,0,8,0,0,0,0,3,1,6,1,8,1560,2,5,-1,1
"26765","201501PY20621",1,1,0,17,0,8,0,0,0,0,1,1,6,1,6,-1,-1,-1,-1,1
"26766","201501PY20621",2,9,0,7,0,8,0,0,0,0,3,1,6,2,10,1598,1,5,-1,1
"26767","201501PY20622",1,9,0,18,0,8,1,4,0,0,3,1,6,1,-1,1364,1,8,-1,1
"26768","201501PY20622",2,9,0,2,0,8,0,0,0,0,4,1,6,2,7,-1,-1,-1,-1,1
"26769","201501PY20623",1,9,0,18,0,0,0,0,0,0,3,1,6,1,6,-1,-1,-1,-1,1
"26770","201501PY20623",2,9,0,18,0,0,0,0,0,0,3,1,6,1,-1,1149,1,12,-1,1
"26771","201501PY20624",1,3,0,18,0,8,0,0,0,0,1,1,6,1,4,-1,-1,-1,-1,1
"26772","201501PY20624",2,9,0,7,0,8,0,0,0,0,4,1,6,1,-1,-1,-1,-1,-1,-1
"26773","201501PY20625",1,9,0,7,0,8,0,0,0,0,4,1,6,1,6,1596,1,4,-1,1
"26774","201501PY20626",1,1,0,18,0,0,0,0,0,0,1,1,6,1,8,-1,-1,-1,-1,1
"26775","201501PY20626",2,9,0,5,0,0,0,0,0,0,3,1,6,2,6,1997,2,5,-1,-1
"26776","201501PY20627",1,9,0,18,0,0,0,0,0,0,1,1,6,2,4,1198,1,8,-1,1
"26777","201501PY20627",2,9,0,4,0,0,0,0,0,0,2,1,6,2,5,1388,1,7,-1,1
"26778","201501PY20628",1,9,0,18,0,0,0,4,0,0,4,1,6,2,5,1242,1,7,-1,1
"26779","201501PY20628",2,9,0,2,0,0,0,0,0,0,3,1,6,1,-1,-1,-1,-1,-1,-1
"26780","201501PY20629",1,9,0,9,0,8,0,0,0,0,1,1,6,2,10,1596,1,6,-1,1
"26781","201501PY20629",2,9,0,18,0,8,0,0,0,0,3,1,6,1,7,796,1,15,-1,1
"26782","201501PY20630",1,9,0,5,0,0,0,0,0,0,4,1,6,1,-1,1970,1,12,-1,-1
"26783","201501PY20631",1,9,0,18,0,0,0,0,0,0,3,1,6,1,10,2231,2,5,-1,1
"26784","201501PY20631",2,9,0,18,0,0,0,0,0,0,3,1,6,1,7,2700,1,12,-1,1
"26785","201501PY20632",1,9,0,9,0,8,0,0,0,0,4,1,6,2,8,1797,8,2,-1,1
"26786","201501PY20632",2,5,0,18,0,8,0,0,0,0,1,1,6,1,8,798,1,7,-1,1
"26789","201501PY20634",1,9,0,7,0,8,0,0,0,0,3,1,6,2,5,1618,1,-1,-1,1
"26790","201501PY20634",2,9,0,15,0,8,0,0,0,0,4,1,6,2,8,1360,1,13,-1,-1
"26791","201501PY20635",1,9,0,18,0,0,0,0,0,0,4,1,6,1,-1,-1,-1,-1,-1,-1
"26792","201501PY20636",1,3,0,18,0,2,0,0,0,0,0,1,6,2,4,125,1,4,-1,-1
"26793","201501PY20637",1,9,0,18,0,8,0,0,0,0,4,1,6,2,7,1400,1,13,-1,1
"26794","201501PY20637",2,19,0,9,0,8,0,0,0,0,1,1,6,1,6,1998,2,12,-1,1
"26795","201501PY20638",1,9,0,18,0,8,0,0,0,0,1,1,6,2,7,998,1,1,-1,1
"26796","201501PY20638",2,9,0,9,0,8,0,0,0,0,4,1,6,2,-1,2979,1,1,-1,1
"26797","201501PY20640",1,9,0,18,0,8,0,0,0,0,4,1,6,2,5,1198,1,6,-1,1
"26798","201501PY20640",2,9,0,18,0,8,0,0,0,0,1,1,6,1,-1,1956,2,2,-1,1
"26799","201501PY20641",1,9,0,9,0,8,0,0,0,0,4,1,6,2,6,1995,2,7,-1,1
"26800","201501PY20641",2,1,0,18,0,8,0,0,0,0,1,1,6,1,8,-1,-1,-1,-1,1
"26801","201501PY20642",1,9,0,18,0,0,0,0,0,0,1,1,6,1,5,1560,2,2,-1,1
"26802","201501PY20642",2,9,0,4,0,0,0,0,0,0,2,1,6,1,7,-1,-1,-1,-1,-1
"26803","201501PY20643",1,9,0,1,0,0,0,10,1,2,2,1,6,1,-1,2521,1,7,-1,1
"26804","201501PY20644",1,9,0,18,0,8,0,0,0,0,3,1,6,2,8,1490,1,8,-1,1
"26805","201501PY20644",2,9,0,18,0,8,0,0,0,0,1,1,6,1,8,-1,-1,-1,-1,1
"26806","201501PY20645",1,19,0,18,0,8,0,0,0,0,1,1,6,1,-1,-1,-1,-1,-1,-1
"26807","201501PY20645",2,1,0,4,0,8,0,0,0,0,2,1,6,1,3,-1,-1,-1,-1,1
"26808","201501PY20646",1,9,0,4,0,8,0,0,0,0,2,1,6,2,6,1796,1,13,-1,1
"26809","201501PY20646",2,9,0,18,0,8,0,0,0,0,1,1,4,2,5,1242,1,1,-1,-1
"26810","201501PY20647",1,1,0,4,0,8,0,0,0,0,2,1,6,1,8,-1,-1,-1,-1,1
"26811","201501PY20647",2,9,0,4,0,8,0,0,0,0,1,1,6,1,-1,1596,1,1,-1,-1
"26812","201501PY20648",1,9,0,10,0,8,0,0,0,0,2,1,6,2,6,1360,1,5,-1,1
"26813","201501PY20648",2,9,0,18,0,8,0,0,0,0,1,1,6,1,6,-1,-1,-1,-1,1
"26814","201501PY20649",1,2,0,15,0,8,0,0,0,0,4,1,6,1,4,125,1,8,-1,1
"26815","201501PY20649",2,9,0,18,0,8,0,0,0,0,3,1,6,1,6,-1,-1,-1,-1,1
"26816","201501PY20650",1,9,0,18,0,8,0,0,0,0,4,1,6,1,6,1598,1,-1,-1,1
"26817","201501PY20651",1,9,0,18,0,8,0,0,0,0,4,1,6,1,5,1796,2,2,-1,1
"26818","201501PY20651",2,20,0,18,0,8,0,10,1,2,1,1,6,1,8,-1,-1,-1,-1,1
"26819","201501PY20652",1,9,0,18,0,0,0,10,1,10,1,1,6,1,6,1997,2,7,-1,1
"26820","201501PY20653",1,5,0,18,0,8,0,0,0,0,3,1,6,1,7,599,1,22,-1,1
"26821","201501PY20653",2,9,0,7,0,8,0,0,0,0,4,1,6,1,6,1998,2,11,-1,1
"26822","201501PY20654",1,9,0,18,0,8,0,0,0,0,1,1,6,2,5,1242,1,6,-1,1
"26823","201501PY20654",2,9,0,9,0,8,0,0,0,0,3,1,6,1,6,1498,1,2,-1,1
"26824","201501PY20655",1,9,0,4,0,8,0,0,0,0,2,1,6,1,6,1229,1,10,-1,1
"268251","201501PY20655",2,9,0,18,0,8,0,0,0,0,1,1,6,1,-1,-1,-1,-1,-1,-1
"268261","201501PY20657",1,9,0,9,0,8,0,0,0,0,3,1,6,2,6,1598,1,9,-1,1
"26827","201501PY20657",2,3,0,18,0,8,0,0,0,0,1,1,6,1,11,599,1,8,-1,1
"26828","201501PY20658",1,9,0,18,0,8,0,0,0,0,3,1,6,2,6,2143,2,1,-1,1
"26829","201501PY20659",1,9,0,18,0,8,0,0,0,0,1,1,6,1,7,2400,2,5,-1,1
"26830","201501PY20659",2,9,0,9,0,8,0,0,0,0,4,1,6,2,5,-1,-1,-1,-1,1
"26831","201501PY20660",1,9,0,18,0,0,0,10,1,2,4,1,6,1,5,1596,1,10,-1,1
"26832","201501PY20661",1,9,0,18,0,8,0,0,0,0,1,1,6,2,4,998,1,13,-1,1
"26833","201501PY20661",2,9,0,9,0,8,0,0,0,0,3,1,6,2,7,1598,2,1,-1,1
"26834","201501PY20662",1,9,0,9,0,8,0,0,0,0,3,1,6,1,8,-1,-1,-1,-1,1
"26835","201501PY20662",2,1,0,18,0,8,0,0,0,0,1,1,6,1,7,-1,-1,-1,-1,1
"268361","201501PY20663",1,9,0,5,0,0,0,0,0,0,3,1,6,2,8,1896,2,8,-1,1
"268371","201501PY20663",2,9,0,18,0,0,0,0,0,0,1,1,6,2,8,1910,2,5,-1,1
"26838","201501PY20664",1,9,0,9,0,8,0,0,0,0,4,1,6,1,7,998,1,11,-1,1
"26839","201501PY20664",2,3,0,18,0,8,0,0,0,0,1,1,6,1,6,-1,-1,-1,-1,1
"26840","201501PY20665",1,9,0,18,0,8,0,0,0,0,1,1,6,1,8,1995,2,2,-1,1
"26841","201501PY20665",2,9,0,4,0,8,0,0,0,0,2,1,6,2,7,1753,2,7,-1,1
"26842","201501PY20666",1,1,0,18,0,8,0,0,0,0,4,1,6,1,8,-1,-1,-1,-1,1
"26843","201501PY20666",2,9,0,18,0,8,0,0,0,0,1,1,6,1,-1,1796,1,7,-1,1
"26844","201501PY20667",1,9,0,18,0,0,0,0,0,0,1,1,6,1,9,1910,2,11,-1,2
"26845","201501PY20667",2,9,0,12,0,0,0,0,0,0,3,1,6,1,6,1685,2,1,-1,3
"26846","201501PY20668",1,9,0,18,0,8,0,7,0,0,1,1,6,1,6,2494,1,11,-1,1
"26847","201501PY20669",1,9,0,18,0,8,0,0,0,0,3,1,6,2,6,1781,1,17,-1,1
"26848","201501PY20669",2,1,0,18,0,8,0,0,0,0,1,1,6,1,8,-1,-1,-1,-1,1
"26849","201501PY20670",1,9,0,5,0,8,0,0,0,0,3,1,6,1,7,-1,-1,-1,-1,1
"26850","201501PY20670",2,3,0,15,0,8,0,0,0,0,4,1,6,1,4,-1,-1,-1,-1,1
"26852","201501PY20672",1,9,0,18,0,8,0,0,0,0,4,1,6,1,10,1390,1,6,-1,1
"26853","201501PY20673",1,9,0,18,0,0,0,0,0,0,3,1,6,1,6,-1,-1,-1,-1,1
"26854","201501PY20673",2,9,0,2,0,0,0,0,0,0,3,1,6,1,6,1398,2,4,-1,1
"26855","201501PY20673",3,9,0,18,0,0,0,0,0,0,1,1,6,2,11,1781,1,12,-1,1
"26856","201501PY20674",1,3,0,18,0,8,0,0,0,0,1,1,6,2,6,124,1,16,-1,1
"26857","201501PY20674",2,9,0,9,0,8,0,0,0,0,4,1,6,2,7,1956,2,1,-1,1
"26858","201501PY20675",1,9,0,9,0,8,0,0,0,0,1,1,6,1,4,1339,1,3,-1,1
"26859","201501PY20675",2,2,0,15,0,8,0,0,0,0,4,1,6,1,6,176,1,17,-1,1
"268601","201501PY20676",1,9,0,18,0,8,0,0,0,0,3,1,6,1,-1,1296,1,9,-1,1
"26861","201501PY20678",1,11,0,4,0,0,0,0,0,0,0,1,6,1,6,6700,2,3,-1,1
"26862","201501PY20679",1,3,0,18,0,8,0,0,0,0,1,1,6,1,4,-1,-1,-1,-1,1
"26863","201501PY20679",2,9,0,9,0,8,0,0,0,0,4,1,6,1,7,-1,-1,-1,-1,1
"26864","201501PY20680",1,9,0,4,0,8,0,0,0,0,1,1,6,1,7,-1,-1,-1,-1,1
"26865","201501PY20680",2,9,0,18,0,8,0,0,0,0,4,1,6,1,8,2204,2,6,-1,-1
"26866","201501PY20680",3,19,0,18,0,8,0,0,0,0,1,1,6,1,8,2198,2,3,-1,1
"26867","201501PY20681",1,9,0,18,0,0,0,7,0,0,3,1,6,1,11,1388,1,3,-1,1
"26868","201501PY20682",1,11,0,18,0,0,0,0,0,0,4,1,1,1,-1,4500,2,6,-1,1
"268691","201501PY20682",2,9,0,1,0,0,0,0,0,0,2,1,6,1,11,1242,1,3,-1,1
"26870","201501PY20683",1,9,0,18,0,0,0,0,0,0,4,1,6,2,6,1598,1,3,-1,1
"26871","201501PY20684",1,9,0,18,0,8,0,0,0,0,1,1,6,2,4,1086,1,5,-1,-1
"26874","201501PY20686",1,9,0,18,0,8,0,0,0,0,1,1,6,2,4,1598,2,3,-1,1
"26875","201501PY20686",2,9,0,7,0,8,0,0,0,0,3,1,6,2,5,-1,-1,-1,-1,1
"26876","201501PY20687",1,9,0,18,0,8,0,0,0,0,1,1,6,1,8,1968,2,4,-1,1
"26877","201501PY20687",2,9,0,9,0,8,0,0,0,0,4,1,6,2,7,1596,1,12,-1,1
"26878","201501PY20688",1,9,0,18,0,8,0,0,0,0,3,1,6,2,8,1598,1,10,-1,1
"26879","201501PY20688",2,9,0,18,0,8,0,0,0,0,3,1,6,1,-1,2148,2,7,-1,-1
"26880","201501PY20689",1,9,0,4,0,8,0,0,0,0,2,1,6,2,5,1242,1,1,-1,1
"26881","201501PY20689",2,9,0,18,0,8,0,0,0,0,1,1,6,1,-1,-1,-1,-1,-1,-1
"26882","201501PY20690",1,9,0,18,0,0,0,0,0,0,1,1,6,1,5,1796,1,17,-1,1
"26883","201501PY20690",2,9,0,18,0,0,0,0,0,0,3,1,6,2,6,1299,1,13,-1,1
"26884","201501PY20690",3,9,0,2,0,0,0,0,0,0,3,1,6,1,6,1995,2,4,-1,1
"26885","201501PY20691",1,9,0,4,0,0,0,0,0,0,3,1,6,1,8,1368,1,8,-1,1
"26886","201501PY20691",2,20,0,18,0,0,0,0,0,0,3,1,6,1,6,-1,-1,-1,-1,1
"26887","201501PY20692",1,9,0,18,0,8,0,0,0,0,1,1,6,2,9,1796,1,12,-1,1
"26888","201501PY20692",2,9,0,8,0,8,0,0,0,0,2,1,6,1,6,1995,2,2,-1,1
"26889","201501PY20693",1,9,0,7,0,8,0,0,0,0,1,1,6,1,5,1229,1,1,-1,1
"26890","201501PY20693",2,3,0,15,0,8,0,0,0,0,1,1,6,1,4,124,1,2,-1,1
"268911","201501PY20694",1,9,0,18,0,8,0,0,0,0,4,1,6,1,7,-1,-1,-1,-1,1
"268921","201501PY20695",1,9,0,18,0,8,0,0,0,0,4,1,6,1,-1,-1,-1,-1,-1,-1
"26893","201501PY20696",1,9,0,8,0,8,0,0,0,0,2,1,6,2,6,1360,1,12,-1,1
"26894","201501PY20696",2,9,0,18,0,8,0,0,0,0,1,1,6,1,-1,-1,-1,-1,-1,-1
"26895","201501PY20697",1,9,0,18,0,8,0,0,0,0,4,1,6,1,6,1995,2,3,-1,1
"26896","201501PY20699",1,9,0,5,0,0,0,0,0,0,3,1,6,2,9,2494,1,15,-1,1
"26897","201501PY20699",2,1,0,18,0,0,0,0,0,0,1,1,6,1,4,-1,-1,-1,-1,-1
"26898","201501PY20700",1,9,0,4,0,8,0,0,0,0,2,1,6,1,9,2231,2,2,-1,1
"26899","201501PY20700",2,9,0,18,0,8,0,0,0,0,1,1,6,2,8,1395,1,1,-1,1
"26900","201501PY20701",1,11,0,4,0,8,0,0,0,0,0,1,1,1,8,6700,2,3,-1,1
"269011","201501PY20702",1,3,0,18,0,8,0,0,0,0,4,1,6,1,7,124,1,1,-1,1
"269021","201501PY20702",2,9,0,7,0,8,0,0,0,0,2,1,6,1,-1,1390,1,11,-1,-1
"26903","201501PY20703",1,3,0,15,0,8,0,0,0,0,4,1,6,1,9,680,1,6,-1,1
"26904","201501PY20703",2,9,0,3,0,8,0,0,0,0,3,1,6,1,6,1995,2,10,-1,1
"26905","201501PY20704",1,9,0,7,0,8,0,0,0,0,3,1,6,1,7,1896,2,6,-1,1
"26906","201501PY20704",2,9,0,9,0,8,0,0,0,0,3,1,6,2,7,1997,2,3,-1,1
"26907","201501PY20705",1,9,0,7,0,8,0,0,0,0,4,1,6,1,4,1596,1,14,-1,1
"26908","201501PY20705",2,1,0,18,0,8,0,0,0,0,1,1,6,1,6,-1,-1,-1,-1,1
"26909","201501PY20706",1,8,0,18,0,0,1,0,0,0,4,1,1,1,8,2402,2,9,-1,1
"26910","201501PY20707",1,9,0,18,0,8,0,0,0,0,1,1,6,2,6,1686,2,1,-1,1
"26911","201501PY20707",2,9,0,9,0,8,0,0,0,0,4,1,6,1,6,1968,2,3,-1,1
"26913","201501PY20709",1,9,0,7,0,8,0,10,1,1,4,1,6,1,4,1242,1,1,-1,1
"26914","201501PY20710",1,9,0,9,0,8,0,0,0,0,4,1,6,1,6,-1,-1,-1,-1,1
"26915","201501PY20710",2,9,0,18,0,8,0,0,0,0,1,1,6,2,8,1997,1,13,-1,-1
"269161","201501PY20711",1,9,0,18,0,0,1,7,0,0,3,1,6,1,-1,-1,-1,-1,-1,-1
"269171","201501PY20713",1,9,0,4,0,0,0,0,0,0,4,1,6,1,5,-1,-1,-1,-1,1
"26918","201501PY20715",1,9,0,12,0,8,0,0,0,0,3,1,6,1,11,1596,1,12,-1,1
"26919","201501PY20715",2,1,0,15,0,8,0,0,0,0,4,1,6,1,4,-1,-1,-1,-1,1
"26920","201501PY20716",1,9,0,4,0,0,0,0,0,0,2,1,6,2,9,-1,-1,-1,-1,1
"26921","201501PY20716",2,11,0,18,0,0,0,0,0,0,1,1,1,2,7,6700,2,9,-1,1
"26922","201501PY20717",1,9,0,18,0,8,0,0,0,0,1,1,6,1,4,-1,-1,-1,-1,1
"26923","201501PY20717",2,9,0,3,0,8,0,10,1,2,2,1,6,2,10,998,1,6,-1,1
"269241","201501PY20719",1,9,0,18,0,8,0,0,0,0,4,1,6,1,6,-1,-1,-1,-1,1
"26925","201501PY20719",2,9,0,9,0,8,0,0,0,0,1,1,6,1,-1,-1,-1,-1,-1,-1
"26926","201501PY20720",1,9,0,2,0,8,0,0,0,0,3,1,6,2,9,2400,2,5,-1,1
"26927","201501PY20720",2,9,0,18,0,8,0,0,0,0,3,1,6,1,-1,999,1,27,-1,-1
"26928","201501PY20721",1,9,0,18,0,8,0,10,1,4,4,1,6,2,5,973,1,14,-1,1
"26929","201501PY20722",1,9,0,7,0,8,0,0,0,0,3,1,6,2,6,1968,2,3,-1,1
"26930","201501PY20722",2,9,0,18,0,8,0,0,0,0,1,1,6,1,7,-1,-1,-1,-1,2
"26931","201501PY20723",1,9,0,18,0,8,0,0,0,0,3,1,6,2,8,1360,1,13,-1,1
"26932","201501PY20725",1,9,0,18,0,8,0,0,0,0,4,1,6,1,5,2143,2,4,-1,1
"26933","201501PY20726",1,9,0,18,0,8,0,0,0,0,4,1,6,2,8,1399,1,7,-1,1
"26934","201501PY20726",2,9,0,18,0,8,0,0,0,0,1,1,6,2,8,1598,1,13,-1,1
"26935","201501PY20727",1,11,0,18,0,8,0,0,0,0,1,1,6,2,7,6370,2,3,-1,1
"26936","201501PY20728",1,9,0,9,0,8,0,0,0,0,4,1,6,1,4,1229,1,3,-1,1
"26937","201501PY20728",2,9,0,18,0,8,0,0,0,0,1,1,6,1,8,1395,1,1,-1,1
"26938","201501PY20729",1,9,0,18,0,8,0,0,0,0,4,1,6,1,9,-1,-1,-1,-1,1
"26939","201501PY20729",2,9,0,18,0,8,0,0,0,0,1,1,6,1,7,-1,-1,-1,-1,1
"26940","201501PY20730",1,9,0,4,0,0,0,0,0,0,2,1,6,1,4,1149,1,6,-1,1
"26941","201501PY20730",2,9,0,4,0,0,0,0,0,0,2,1,6,1,4,1364,1,10,-1,1
"26942","201501PY20730",3,9,0,18,0,0,0,0,0,0,1,1,6,1,4,1242,1,14,-1,1
"26943","201501PY20731",1,3,0,18,0,8,0,0,0,0,1,1,6,1,6,-1,-1,-1,-1,1
"26944","201501PY20731",2,9,0,9,0,8,0,0,0,0,3,1,6,1,-1,-1,-1,-1,-1,-1
"26945","201501PY20732",1,9,0,9,0,8,0,0,0,0,3,1,6,1,5,1798,8,2,-1,1
"26946","201501PY20732",2,9,0,18,0,8,0,0,0,0,1,1,6,2,5,1798,1,7,-1,1
"26947","201501PY20733",1,9,0,4,0,8,0,0,0,0,2,1,6,2,-1,1968,2,1,-1,1
"26948","201501PY20733",2,19,0,18,0,8,0,0,0,0,1,1,6,1,-1,-1,-1,-1,-1,-1
"26949","201501PY20735",1,9,0,18,0,8,0,0,0,0,3,1,6,2,7,1598,1,7,-1,1
"26950","201501PY20735",2,9,0,9,0,8,0,0,0,0,1,1,6,2,7,1560,2,4,-1,1
"26951","201501PY20736",1,9,0,6,0,0,0,0,0,0,4,1,6,2,6,1796,1,8,-1,1