"","Acc_Index","Vehicle_Reference","Vehicle_Type","Towing_and_Articulation","Vehicle_Manoeuvre","Vehicle_Location.Restricted_Lane","Junction_Location","Skidding_and_Overturning","Hit_Object_in_Carriageway","Vehicle_Leaving_Carriageway","Hit_Object_off_Carriageway","X1st_Point_of_Impact","Was_Vehicle_Left_Hand_Drive","Journey_Purpose_of_Driver","Sex_of_Driver","Age_Band_of_Driver","Engine_Capacity_.CC.","Propulsion_Code","Age_of_Vehicle","Driver_IMD_Decile","Driver_Home_Area_Type"
"26952","201501PY20736",2,9,0,18,0,0,0,0,0,0,1,1,6,1,-1,1560,2,3,-1,-1
"26953","201501PY20737",1,9,0,18,0,1,0,0,0,0,1,1,6,1,8,1240,1,11,-1,1
"26954","201501PY20738",1,9,0,9,0,1,0,0,0,0,1,1,6,2,-1,998,1,13,-1,-1
"26955","201501PY20738",2,9,0,15,0,1,0,0,0,0,1,1,6,3,-1,-1,-1,-1,-1,-1
"26956","201501PY20739",1,9,0,18,0,8,0,0,0,0,1,1,6,2,5,1388,1,13,-1,1
"26957","201501PY20739",2,9,0,4,0,8,0,0,0,0,2,1,6,1,8,1339,8,3,-1,1
"26958","201501PY20740",1,3,0,18,0,8,0,0,0,0,1,1,6,1,8,598,1,22,-1,2
"26959","201501PY20740",2,9,0,9,0,8,0,0,0,0,2,1,6,2,-1,1199,1,11,-1,1
"26960","201501PY20741",1,9,0,7,0,8,0,0,0,0,3,1,6,1,4,1995,1,7,-1,1
"26961","201501PY20741",2,1,0,18,0,8,0,0,0,0,1,1,6,1,7,-1,-1,-1,-1,1
"26962","201501PY20742",1,3,0,9,0,8,0,0,0,0,4,1,6,1,7,124,1,6,-1,1
"26963","201501PY20742",2,9,0,7,0,8,0,0,0,0,3,1,6,1,-1,-1,-1,-1,-1,-1
"26964","201501PY20743",1,9,0,9,0,8,0,0,0,0,4,1,6,2,10,-1,-1,-1,-1,-1
"26965","201501PY20743",2,1,0,18,0,8,0,0,0,0,3,1,6,1,-1,-1,-1,-1,-1,1
"26966","201501PY20744",1,3,0,4,0,8,0,0,0,0,2,1,6,1,5,125,1,-1,-1,1
"26967","201501PY20744",2,9,0,18,0,8,0,0,0,0,1,1,6,1,-1,-1,-1,-1,-1,-1
"26968","201501PY20745",1,1,0,18,0,3,0,0,0,0,1,1,6,1,7,-1,-1,-1,-1,1
"26969","201501PY20745",2,20,0,9,0,8,0,0,0,0,4,1,6,1,-1,-1,-1,-1,-1,-1
"26970","201501PY20746",1,9,0,18,0,8,0,0,0,0,1,1,6,1,6,1991,2,6,-1,1
"26971","201501PY20746",2,9,0,4,0,8,0,0,0,0,2,1,6,1,5,3628,2,7,-1,-1
"26972","201501PY20747",1,9,0,18,0,0,0,0,0,0,1,1,6,1,9,1596,1,4,-1,1
"26973","201501PY20747",2,9,0,4,0,0,0,0,0,0,2,1,6,2,7,-1,-1,-1,-1,1
"26974","201501PY20749",1,11,0,18,0,0,0,0,0,0,3,1,6,2,7,6370,2,3,-1,1
"26975","201501PY20749",2,9,0,15,0,0,0,0,0,0,4,1,6,1,6,1398,2,-1,-1,1
"26976","201501PY20750",1,9,0,7,0,8,0,0,0,0,3,1,6,2,5,-1,-1,-1,-1,1
"26977","201501PY20750",2,9,0,18,0,8,0,0,0,0,4,1,6,2,7,1240,1,6,-1,1
"26978","201501PY20752",1,9,0,9,0,8,0,0,0,0,3,1,6,1,8,2996,1,1,-1,1
"26979","201501PY20752",2,3,0,18,0,8,0,0,0,0,1,1,6,1,-1,800,1,3,-1,1
"26980","201501PY20753",1,9,0,9,0,8,0,0,0,0,4,1,6,1,8,1796,1,12,-1,1
"26981","201501PY20753",2,9,0,9,0,8,0,0,0,0,1,1,6,2,9,1364,1,1,-1,1
"26982","201501PY20754",1,9,0,4,0,0,0,10,1,4,4,1,6,1,8,1242,1,8,-1,1
"26983","201501PY20755",1,9,0,9,0,8,0,0,0,0,4,1,6,1,6,999,1,-1,-1,1
"26984","201501PY20755",2,3,0,18,0,8,0,0,0,0,1,1,6,1,4,125,1,10,-1,1
"26985","201501PY20758",1,9,0,4,0,8,0,0,0,0,2,1,6,1,-1,1781,1,13,-1,1
"26986","201501PY20758",2,9,0,18,0,8,0,0,0,0,1,1,6,1,-1,2987,2,2,-1,-1
"26987","201501PY20759",1,9,0,1,0,8,0,0,0,0,2,1,6,1,5,2969,2,9,-1,1
"26988","201501PY20760",1,11,0,5,0,8,0,0,0,0,0,1,1,1,9,6370,2,-1,-1,1
"26989","201501PY20761",1,9,0,18,0,8,0,0,0,0,1,1,6,1,9,1998,1,17,-1,1
"269901","201501PY20761",2,9,0,9,0,8,0,0,0,0,4,1,6,2,7,1794,1,8,-1,1
"269911","201501PY20762",1,9,0,18,0,8,0,0,0,0,4,1,6,2,6,2979,1,10,-1,1
"26992","201501PY20763",1,11,0,4,0,8,0,0,0,0,0,1,1,1,8,7300,2,9,-1,1
"26993","201501PY20764",1,9,0,18,0,0,0,0,0,0,3,1,6,1,9,-1,-1,-1,-1,1
"26994","201501PY20764",2,9,0,18,0,0,0,0,0,0,1,1,6,1,8,-1,-1,-1,-1,1
"26995","201501PY20765",1,9,0,18,0,8,0,0,0,0,1,1,6,1,8,1800,1,16,-1,1
"26996","201501PY20765",2,9,0,9,0,8,0,0,0,0,3,1,6,1,8,1248,2,2,-1,1
"26997","201501PY20766",1,9,0,9,0,8,0,0,0,0,4,1,6,1,9,-1,-1,-1,-1,1
"26998","201501PY20768",1,11,0,18,0,0,0,0,0,0,4,1,6,1,7,-1,-1,-1,-1,1
"26999","201501PY20768",2,9,0,6,0,0,0,0,0,0,3,1,6,1,5,-1,-1,-1,-1,1
"27000","201501PY20769",1,2,0,18,0,0,0,0,0,0,1,1,6,1,-1,49,1,-1,-1,1
"270011","201501PY20769",2,9,0,4,0,0,0,0,0,0,2,1,6,2,7,1995,2,7,-1,1
"270021","201501PY20770",1,9,0,18,0,0,0,0,0,0,1,1,6,1,5,1984,1,6,-1,1
"27003","201501PY20770",2,9,0,18,0,0,0,0,0,0,3,1,6,1,5,1596,1,9,-1,1
"27004","201501PY20771",1,9,0,5,0,0,0,0,0,0,3,1,6,2,5,1388,1,17,-1,1
"27005","201501PY20771",2,3,0,18,0,0,0,0,0,0,1,1,6,1,-1,108,1,4,-1,1
"27006","201501PY20772",1,9,0,18,0,0,0,7,0,0,1,1,6,1,7,1956,2,3,-1,1
"27007","201501PY20773",1,9,0,9,0,8,0,0,0,0,4,1,6,2,6,1390,1,8,-1,1
"27008","201501PY20773",2,9,0,18,0,8,0,0,0,0,1,1,6,1,9,1985,1,16,-1,-1
"27009","201501PY20774",1,9,0,9,0,8,0,0,0,0,3,1,6,2,6,2720,2,8,-1,1
"27010","201501PY20774",2,9,0,15,0,8,0,0,0,0,1,1,6,1,-1,-1,-1,-1,-1,-1
"27011","201501PY20775",1,11,0,5,0,8,0,0,0,0,0,1,1,1,10,6370,2,3,-1,1
"27012","201501PY20776",1,9,0,9,0,8,0,0,0,0,3,1,6,1,7,1498,1,8,-1,1
"27013","201501PY20776",2,3,0,15,0,8,0,0,0,0,1,1,6,1,-1,865,1,1,-1,1
"27014","201501PY20777",1,9,0,18,0,0,0,7,0,0,4,1,6,1,11,1598,1,14,-1,-1
"27015","201501PY20778",1,9,0,7,0,8,0,0,0,0,3,1,6,1,4,1242,1,1,-1,2
"27016","201501PY20778",2,9,0,18,0,8,0,0,0,0,1,1,6,1,9,2488,1,10,-1,1
"27017","201501PY20779",1,9,0,18,0,8,0,0,0,0,3,1,6,1,7,1329,1,1,-1,1
"27018","201501PY20780",1,9,0,18,0,0,0,0,0,0,4,1,6,2,7,1560,2,2,-1,1
"27019","201501PY20781",1,9,0,18,0,8,0,0,0,0,1,1,6,1,6,-1,-1,-1,-1,1
"27020","201501PY20781",2,3,0,18,0,8,1,0,1,0,1,1,6,1,4,125,1,-1,-1,1
"27021","201501PY20782",1,9,0,7,0,8,0,0,0,0,3,1,6,1,-1,-1,-1,-1,-1,-1
"27022","201501PY20784",1,9,0,18,0,8,0,0,0,0,2,1,6,1,6,-1,-1,-1,-1,1
"27023","201501PY20784",2,9,0,18,0,8,0,0,0,0,3,1,6,1,8,-1,-1,-1,-1,1
"27024","201501PY20784",3,9,0,18,0,8,0,0,0,0,1,1,6,1,8,2204,2,9,-1,1
"27025","201501PY20785",1,9,0,4,0,8,0,0,0,0,2,1,6,2,8,1242,1,-1,-1,1
"27026","201501PY20785",2,9,0,18,0,8,0,0,0,0,1,1,6,1,11,1599,1,10,-1,1
"27027","201501PY20785",3,9,0,4,0,8,0,0,0,0,2,1,6,1,-1,1598,1,8,-1,1
"27028","201501PY20786",1,9,0,18,0,8,0,0,0,0,1,1,6,1,6,1769,2,24,-1,1
"27029","201501PY20786",2,9,0,9,0,8,0,0,0,0,4,1,6,2,6,-1,-1,-1,-1,1
"27030","201501PY20787",1,9,0,9,0,8,0,0,0,0,3,1,6,1,8,1332,1,18,-1,1
"27031","201501PY20787",2,5,0,18,0,8,0,0,0,0,1,1,6,1,4,108,1,1,-1,1
"27032","201501PY20788",1,9,0,9,0,8,0,0,0,0,4,1,6,1,8,1397,1,5,-1,3
"27033","201501PY20788",2,9,0,18,0,8,0,0,0,0,1,1,6,2,8,1399,2,12,-1,-1
"27034","201501PY20789",1,9,0,4,0,8,0,0,0,0,2,1,6,2,4,1598,2,1,-1,1
"27035","201501PY20789",2,9,0,18,0,8,0,0,0,0,1,1,6,2,6,2179,2,8,-1,1
"270361","201501PY20790",1,9,0,18,0,0,0,0,0,0,1,1,6,2,6,1995,2,1,-1,2
"27037","201501PY20790",2,9,0,4,0,0,0,0,0,0,2,1,6,1,-1,-1,-1,-1,-1,-1
"27038","201501PY20791",1,1,0,18,0,8,0,0,0,0,1,1,6,1,8,-1,-1,-1,-1,1
"27039","201501PY20791",2,9,0,9,0,8,0,0,0,0,4,1,6,1,-1,1197,1,-1,-1,-1
"27040","201501PY20792",1,9,0,9,0,8,0,0,0,0,1,1,6,2,8,1242,1,3,-1,1
"27041","201501PY20792",2,3,0,18,0,8,0,0,0,0,3,1,6,1,9,499,1,10,-1,1
"270421","201501PY20793",1,9,0,3,0,0,0,0,0,0,4,1,6,1,7,1598,2,4,-1,-1
"270431","201501PY20793",2,9,0,18,0,0,0,0,0,0,3,1,6,2,6,1242,1,9,-1,1
"27044","201501PY20794",1,9,0,7,0,8,0,0,0,0,3,1,6,1,7,1796,1,6,-1,1
"27045","201501PY20794",2,9,0,18,0,8,0,0,0,0,1,1,6,1,6,-1,-1,-1,-1,-1
"27046","201501PY20795",1,9,0,18,0,0,0,0,0,0,4,1,6,1,8,1386,1,6,-1,1
"27047","201501PY20796",1,1,0,7,0,8,0,0,0,0,3,1,6,1,6,-1,-1,-1,-1,1
"27048","201501PY20796",2,9,0,18,0,8,0,0,0,0,1,1,6,1,-1,-1,-1,-1,-1,-1
"27049","201501PY20797",1,1,0,18,0,8,0,0,0,0,1,1,6,1,6,-1,-1,-1,-1,1
"27050","201501PY20797",2,9,0,7,0,8,0,0,0,0,4,1,6,1,-1,-1,-1,-1,-1,-1
"270511","201501PY20798",1,20,0,18,0,0,0,0,0,0,3,1,6,1,5,-1,-1,-1,-1,1
"27052","201501PY20798",2,9,0,18,0,0,0,0,0,0,1,1,6,1,-1,1997,2,1,-1,-1
"27053","201501PY20799",1,9,0,9,0,8,0,0,0,0,1,1,6,1,10,-1,-1,-1,-1,1
"27054","201501PY20800",1,11,0,4,0,8,0,0,0,0,0,1,6,1,6,6700,2,3,-1,1
"27055","201501PY20801",1,1,0,9,0,8,0,0,0,0,3,1,6,1,8,-1,-1,-1,-1,1
"27056","201501PY20801",2,9,0,9,0,8,0,0,0,0,4,1,6,1,8,1497,8,7,-1,1
"27057","201501PY20802",1,9,0,9,0,8,0,0,0,0,4,1,6,1,7,1229,1,1,-1,1
"27058","201501PY20802",2,9,0,18,0,8,0,0,0,0,3,1,6,1,6,2179,2,4,-1,1
"27059","201501PY20802",3,9,0,18,0,8,0,0,0,0,1,1,6,2,7,1995,2,8,-1,1
"27060","201501PY20803",1,3,0,15,0,8,0,0,0,0,4,1,6,2,7,-1,-1,-1,-1,1
"27061","201501PY20803",2,9,0,2,0,8,0,0,0,0,3,1,6,1,-1,-1,-1,-1,-1,-1
"27062","201501PY20804",1,3,0,18,0,8,0,0,0,0,3,1,6,1,6,108,1,-1,-1,1
"27063","201501PY20805",1,9,0,18,0,0,0,10,1,10,4,1,6,1,5,1995,1,3,-1,1
"27064","201501PY20806",1,9,0,18,0,0,0,0,0,0,3,1,6,1,8,1086,1,6,-1,1
"27065","201501PY20806",2,9,0,18,0,0,0,0,0,0,1,1,6,2,4,1242,1,-1,-1,1
"270662","201501PY20808",1,9,0,4,0,8,0,0,0,0,2,1,6,1,7,-1,-1,-1,-1,1
"270671","201501PY20808",2,9,0,18,0,8,0,0,0,0,1,1,6,1,7,1587,1,10,-1,1
"27068","201501PY20809",1,20,0,5,0,0,0,0,0,0,2,1,1,1,7,2143,2,1,-1,1
"27069","201501PY20809",2,9,0,18,0,0,0,0,0,0,4,1,6,1,8,1560,2,1,-1,1
"27070","201501PY20810",1,9,0,13,0,8,0,0,0,0,4,1,6,1,5,-1,-1,-1,-1,1
"270711","201501PY20810",2,9,0,6,0,8,0,0,0,0,1,1,6,2,6,1124,1,9,-1,-1
"27072","201501PY20811",1,9,0,9,0,8,0,0,0,0,4,1,6,2,9,1364,1,-1,-1,1
"27073","201501PY20811",2,9,0,18,0,8,0,0,0,0,1,1,6,1,4,-1,-1,-1,-1,1
"27074","201501PY20812",1,9,0,9,0,8,0,0,0,0,3,1,6,1,6,1796,1,9,-1,1
"27075","201501PY20812",2,3,0,15,0,8,0,0,0,0,1,1,6,1,8,250,1,1,-1,1
"27076","201501PY20813",1,9,0,9,0,8,0,0,0,0,4,1,6,1,8,1997,2,2,-1,1
"27077","201501PY20813",2,9,0,18,0,8,0,0,0,0,1,1,6,2,5,1299,1,11,-1,1
"27078","201501PY20814",1,9,0,18,0,0,0,0,0,0,1,1,6,1,9,1896,2,9,-1,1
"27079","201501PY20814",2,9,0,4,0,0,1,0,0,0,1,1,6,1,8,-1,-1,-1,-1,1
"27080","201501PY20815",1,1,0,18,0,0,0,0,0,0,1,1,6,1,5,-1,-1,-1,-1,1
"27081","201501PY20815",2,9,0,2,0,0,0,0,0,0,3,1,6,2,6,2179,2,7,-1,-1
"27082","201501PY20816",1,9,0,18,0,8,0,0,0,0,3,1,6,2,6,1360,1,11,-1,1
"27083","201501PY20816",2,9,0,15,0,8,0,0,0,0,4,1,6,2,6,1984,1,12,-1,1
"27084","201501PY20817",1,1,0,18,0,8,0,0,0,0,1,1,6,1,5,-1,-1,-1,-1,1
"27085","201501PY20817",2,9,0,9,0,8,0,0,0,0,3,1,6,1,-1,-1,-1,-1,-1,-1
"27086","201501PY20818",1,9,0,18,0,8,0,10,1,2,4,1,6,1,4,1596,1,10,-1,1
"27087","201501PY20819",1,9,0,4,0,0,0,0,0,0,2,1,6,1,4,1598,1,10,-1,-1
"27088","201501PY20819",2,9,0,18,0,0,0,0,0,0,1,1,6,1,-1,-1,-1,-1,-1,-1
"27089","201501PY20820",1,9,0,18,0,8,0,0,0,0,3,1,6,1,9,899,1,2,-1,1
"27090","201501PY20820",2,9,0,18,0,8,0,0,0,0,1,1,6,1,11,1596,1,6,-1,1
"270911","201501PY20821",1,3,0,18,0,8,0,0,0,0,1,1,6,1,4,125,1,3,-1,1
"270921","201501PY20821",2,9,0,4,0,8,0,0,0,0,2,1,6,2,-1,1991,2,10,-1,1
"27093","201501PY20822",1,9,0,9,0,8,0,0,0,0,4,1,6,2,9,-1,-1,-1,-1,1
"27094","201501PY20822",2,5,0,15,0,8,0,0,0,0,1,1,6,1,7,645,1,1,-1,1
"27095","201501PY20823",1,9,0,18,0,8,0,0,0,0,4,1,6,2,6,1895,1,16,-1,1
"27096","201501PY20824",1,9,0,4,0,8,0,0,0,0,2,1,6,2,6,1388,1,10,-1,1
"27097","201501PY20824",2,9,0,18,0,8,0,0,0,0,1,1,6,1,-1,-1,-1,-1,-1,-1
"27098","201501PY20825",1,9,0,18,0,8,0,0,0,0,1,1,6,1,6,2720,2,6,-1,2
"27099","201501PY20825",2,9,0,9,0,8,0,0,0,0,4,1,6,1,7,1598,1,7,-1,1
"27100","201501PY20826",1,9,0,18,0,0,0,0,0,0,4,1,6,1,-1,-1,-1,-1,-1,-1
"27101","201501PY20827",1,19,0,18,0,8,0,0,0,0,4,1,6,1,6,-1,-1,-1,-1,-1
"27102","201501PY20828",1,9,0,7,0,8,0,0,0,0,1,1,6,1,9,1598,1,5,-1,1
"271031","201501PY20828",2,9,0,18,0,8,0,0,0,0,4,1,6,2,7,1299,1,11,-1,1
"27104","201501PY20829",1,9,0,9,0,8,0,0,0,0,3,1,6,1,6,3436,1,3,-1,1
"27105","201501PY20829",2,3,0,15,0,8,0,0,0,0,1,1,6,1,8,999,1,2,-1,1
"27106","201501PY20830",1,9,0,18,0,0,0,0,0,0,3,1,6,1,-1,-1,-1,-1,-1,-1
"27107","201501PY20831",1,9,0,3,0,8,0,0,0,0,3,1,6,2,11,1598,1,12,-1,1
"27108","201501PY20831",2,9,0,9,0,8,0,0,0,0,4,1,6,1,9,1968,2,5,-1,1
"27109","201501PY20831",3,3,0,15,0,8,0,0,0,0,1,1,6,1,5,125,1,4,-1,1
"27110","201501PY20832",1,9,0,18,0,0,0,4,0,0,1,1,6,2,-1,2199,2,5,-1,1
"27111","201501PY20832",2,9,0,2,0,0,0,0,0,0,2,1,6,1,-1,1798,1,6,-1,1
"271121","201501PY20833",1,9,0,4,0,8,0,0,0,0,2,1,6,1,4,1197,1,-1,-1,1
"271131","201501PY20833",2,9,0,18,0,8,0,0,0,0,1,1,6,1,-1,-1,-1,-1,-1,-1
"271141","201501PY20834",1,11,0,4,0,8,0,0,0,0,0,1,6,1,7,4500,2,1,-1,1
"271151","201501PY20835",1,9,0,18,0,8,0,0,0,0,1,1,6,2,5,998,1,4,-1,2
"27116","201501PY20835",2,9,0,9,0,8,0,0,0,0,4,1,6,1,6,1461,2,3,-1,2
"27117","201501PY20836",1,9,0,18,0,0,0,0,0,0,1,1,6,1,10,-1,-1,-1,-1,1
"27118","201501PY20836",2,9,0,18,0,0,0,0,0,0,1,1,6,1,8,-1,-1,-1,-1,1
"27119","201501PY20837",1,1,0,18,0,8,0,0,0,0,1,1,6,1,8,-1,-1,-1,-1,1
"27120","201501PY20837",2,9,0,7,0,8,0,0,0,0,2,1,6,1,-1,-1,-1,-1,-1,-1
"27121","201501PY20838",1,3,0,18,0,8,0,0,0,0,3,1,6,1,6,-1,-1,-1,-1,1
"27122","201501PY20838",2,9,0,15,0,8,0,0,0,0,4,1,6,1,-1,-1,-1,-1,-1,-1
"27123","201501PY20839",1,9,0,9,0,8,0,0,0,0,1,1,6,1,8,1598,1,8,-1,1
"27124","201501PY20839",2,9,0,18,0,8,0,0,0,0,4,1,6,2,10,-1,-1,-1,-1,1
"27125","201501PY20840",1,9,0,1,0,0,0,0,0,0,2,1,6,1,8,3248,1,15,-1,1
"27126","201501PY20841",1,9,0,4,0,0,0,0,0,0,2,1,6,1,6,-1,-1,-1,-1,1
"27127","201501PY20841",2,9,0,18,0,0,0,0,0,0,1,1,6,2,-1,-1,-1,-1,-1,-1
"27128","201501PY20842",1,1,0,18,0,8,0,0,0,0,3,1,6,1,8,-1,-1,-1,-1,1
"27129","201501PY20842",2,9,0,15,0,8,0,0,0,0,4,1,6,1,-1,-1,-1,-1,-1,-1
"27130","201501PY20843",1,9,0,18,0,8,0,0,0,0,3,1,6,2,8,-1,-1,-1,-1,1
"27131","201501PY20844",1,9,0,9,0,8,0,0,0,0,3,1,6,2,6,-1,-1,-1,-1,-1
"27132","201501PY20844",2,1,0,18,0,8,0,0,0,0,1,1,6,1,6,-1,-1,-1,-1,1
"27133","201501PY20845",1,9,0,18,0,8,0,0,0,0,1,1,6,1,4,1968,2,3,-1,1
"27134","201501PY20845",2,9,0,7,0,8,0,0,0,0,3,1,6,1,4,1991,1,-1,-1,1
"27135","201501PY20846",1,9,0,18,0,8,0,0,0,0,3,1,6,1,7,1149,1,7,-1,1
"27136","201501PY20847",1,9,0,18,0,8,0,0,0,0,3,1,6,1,8,1995,2,9,-1,1
"27139","201501PY20849",1,9,0,18,0,0,0,10,7,10,1,1,6,1,7,-1,-1,-1,-1,3
"27140","201501PY20850",1,9,0,9,0,8,0,0,0,0,3,1,6,2,9,998,1,2,-1,1
"27141","201501PY20850",2,1,0,18,0,8,0,0,0,0,1,1,6,1,-1,-1,-1,-1,-1,1
"27142","201501PY20851",1,1,0,18,0,8,0,0,0,0,4,1,6,1,-1,-1,-1,-1,-1,-1
"27146","201501PY20853",1,9,0,4,0,0,0,0,0,0,2,1,6,1,7,-1,-1,-1,-1,1
"27147","201501PY20853",2,9,0,18,0,0,0,0,0,0,1,1,6,2,5,1299,1,15,-1,1
"27148","201501PY20854",1,19,0,18,0,8,0,0,0,0,4,1,6,1,-1,-1,-1,-1,-1,-1
"27149","201501PY20855",1,9,0,18,0,0,0,0,0,0,3,1,6,2,8,1998,1,15,-1,1
"27150","201501PY20855",2,9,0,18,0,0,0,0,0,0,3,1,6,2,5,1360,1,9,-1,1
"27151","201501PY20857",1,19,0,18,0,0,0,10,1,7,4,1,6,1,-1,2198,2,9,-1,1
"27152","201501PY20858",1,1,0,9,0,8,0,0,0,0,4,1,6,1,7,-1,-1,-1,-1,-1
"27153","201501PY20858",2,3,0,18,0,8,0,0,0,0,1,1,6,1,6,125,1,7,-1,1
"27154","201501PY20859",1,9,0,18,0,8,0,0,0,0,1,1,6,1,6,1242,1,9,-1,1
"27155","201501PY20859",2,9,0,18,0,8,0,0,0,0,4,1,6,1,7,1596,1,17,-1,1
"27156","201501PY20860",1,3,0,18,0,8,0,0,0,0,3,1,6,2,6,998,1,2,-1,-1
"27157","201501PY20861",1,9,0,9,0,8,0,0,0,0,4,1,6,2,6,1386,1,9,-1,1
"27158","201501PY20861",2,1,0,18,0,8,0,0,0,0,1,1,6,1,7,-1,-1,-1,-1,-1
"27159","201501PY20862",1,9,0,18,0,8,0,0,0,0,3,1,6,2,7,1796,1,8,-1,1
"27160","201501PY20862",2,1,0,18,0,8,0,0,0,0,4,1,6,1,7,-1,-1,-1,-1,1
"27161","201501PY20863",1,9,0,9,0,8,0,0,0,0,4,1,6,1,7,2995,1,10,-1,1
"27162","201501PY20864",1,3,0,18,0,8,0,0,0,0,4,1,6,1,4,-1,-1,-1,-1,1
"27163","201501PY20865",1,9,0,4,0,8,0,0,0,0,2,1,6,2,7,-1,-1,-1,-1,1
"27164","201501PY20865",2,9,0,18,0,8,0,0,0,0,1,1,6,1,8,1895,1,15,-1,1
"27165","201501PY20866",1,9,0,1,0,8,0,10,1,10,2,1,6,1,8,1984,1,13,-1,1
"27166","201501PY20867",1,9,0,18,0,8,0,0,0,0,4,1,6,1,-1,-1,-1,-1,-1,-1
"271671","201501PY20868",1,9,0,4,0,0,0,0,0,0,2,1,6,2,6,1991,2,5,-1,1
"271681","201501PY20868",2,9,0,18,0,0,0,0,0,0,1,1,6,1,4,1229,1,9,-1,-1
"271691","201501PY20869",1,9,0,9,0,8,0,0,0,0,4,1,6,2,8,1596,1,4,-1,-1
"27170","201501PY20869",2,1,0,18,0,8,0,0,0,0,1,1,6,1,8,-1,-1,-1,-1,1
"27171","201501PY20870",1,9,0,5,0,8,0,0,0,0,3,1,6,1,7,1998,1,8,-1,1
"27172","201501PY20870",2,9,0,18,0,8,0,0,0,0,1,1,6,1,-1,1997,1,5,-1,-1
"27173","201501PY20871",1,9,0,18,0,0,0,4,0,0,4,1,6,2,4,998,1,9,-1,1
"27174","201501PY20871",2,9,0,2,0,0,0,0,0,0,3,1,6,1,5,1998,1,-1,-1,1
"27175","201501PY20872",1,9,0,18,0,8,0,0,0,0,1,1,6,2,6,1999,1,11,-1,1
"27176","201501PY20872",2,9,0,18,0,8,0,0,0,0,4,1,6,2,4,1299,1,15,-1,1
"27177","201501PY20873",1,9,0,18,0,8,0,10,1,2,4,1,6,1,9,-1,-1,-1,-1,1
"27178","201501PY20874",1,9,0,18,0,8,0,0,0,0,4,1,6,1,6,998,1,-1,-1,1
"27181","201501PY20876",1,9,0,18,0,0,5,10,0,0,4,1,6,1,4,-1,-1,-1,-1,1
"271821","201501PY20877",1,19,0,9,0,8,0,0,0,0,3,1,6,1,8,2143,2,2,-1,1
"27183","201501PY20877",2,1,0,18,0,8,0,0,0,0,4,1,6,1,11,-1,-1,-1,-1,1
"27184","201501PY20878",1,2,0,18,0,0,1,0,0,0,3,1,6,2,6,49,1,2,-1,1
"271851","201501PY20879",1,9,0,4,0,8,0,0,0,0,2,1,6,1,6,1229,1,4,-1,1
"27186","201501PY20879",2,9,0,18,0,8,0,0,0,0,1,1,6,1,-1,1998,2,10,-1,-1
"27187","201501PY20880",1,9,0,9,0,8,0,0,0,0,4,1,6,1,-1,-1,-1,-1,-1,1
"27188","201501PY20880",2,9,0,18,0,8,0,0,0,0,1,1,6,2,-1,2967,1,13,-1,1
"27189","201501PY20882",1,1,0,18,0,8,0,0,0,0,4,1,6,1,8,-1,-1,-1,-1,1
"27190","201501PY20882",2,9,0,18,0,8,0,0,0,0,1,1,6,1,-1,1396,1,18,-1,1
"27191","201501PY20883",1,11,0,5,0,8,0,0,0,0,0,1,1,1,9,4461,2,2,-1,1
"27192","201501PY20884",1,9,0,18,0,8,0,0,0,0,4,1,6,1,5,1598,1,7,-1,1
"27193","201501PY20885",1,9,0,18,0,8,0,7,0,0,3,1,6,1,11,1794,1,11,-1,1
"27194","201501PY20886",1,9,0,9,0,8,0,0,0,0,4,1,6,1,8,1999,1,13,-1,1
"27195","201501PY20886",2,9,0,18,0,8,0,0,0,0,1,1,6,1,6,1390,1,2,-1,2
"27196","201501PY20887",1,9,0,9,0,8,0,0,0,0,4,1,6,2,9,2597,1,12,-1,1
"27197","201501PY20887",2,3,0,18,0,8,0,0,0,0,1,1,6,1,5,1000,1,2,-1,1
"27198","201501PY20888",1,3,0,18,0,8,1,0,0,0,1,1,6,1,5,108,1,1,-1,1
"27199","201501PY20888",2,9,0,18,0,8,0,0,0,0,3,1,6,2,7,-1,-1,-1,-1,1
"27200","201501PY20892",1,9,0,7,0,8,0,0,0,0,3,1,6,1,11,2499,1,7,-1,1
"27201","201501PY20892",2,19,0,18,0,8,0,0,0,0,1,1,6,1,5,1995,2,1,-1,1
"27202","201501PY20893",1,9,0,15,0,0,0,0,0,0,4,1,6,1,10,1197,1,-1,-1,1
"27203","201501PY20893",2,9,0,2,0,0,0,0,0,0,3,1,6,1,5,-1,-1,-1,-1,1
"27204","201501PY20894",1,9,0,9,0,8,0,0,0,0,4,1,6,1,8,-1,-1,-1,-1,1
"27205","201501PY20894",2,1,0,18,0,8,0,0,0,0,1,1,6,1,-1,-1,-1,-1,-1,1
"27206","201501PY20895",1,9,0,18,0,0,0,0,0,0,1,1,6,2,8,1461,2,-1,-1,1
"27207","201501PY20895",2,9,0,18,0,0,0,0,0,0,1,1,6,2,9,998,1,2,-1,1
"272081","201501PY20895",3,9,0,18,0,0,0,0,0,0,1,1,6,1,9,1598,1,5,-1,1
"272091","201501PY20896",1,9,0,18,0,0,0,4,0,0,4,1,6,2,8,1587,1,10,-1,-1
"272101","201501PY20896",2,9,0,2,0,0,0,0,0,0,3,1,6,2,4,1596,1,5,-1,1
"272111","201501PY20899",1,11,0,5,0,8,0,0,0,0,0,1,1,1,6,6692,2,6,-1,1
"27212","201501PY20900",1,9,0,18,0,8,0,0,0,0,3,1,6,2,4,1240,1,8,-1,1