"","Acc_Index","Vehicle_Reference","Vehicle_Type","Towing_and_Articulation","Vehicle_Manoeuvre","Vehicle_Location.Restricted_Lane","Junction_Location","Skidding_and_Overturning","Hit_Object_in_Carriageway","Vehicle_Leaving_Carriageway","Hit_Object_off_Carriageway","X1st_Point_of_Impact","Was_Vehicle_Left_Hand_Drive","Journey_Purpose_of_Driver","Sex_of_Driver","Age_Band_of_Driver","Engine_Capacity_.CC.","Propulsion_Code","Age_of_Vehicle","Driver_IMD_Decile","Driver_Home_Area_Type"
"27213","201501PY20900",2,9,0,18,0,8,0,0,0,0,1,1,6,1,6,-1,-1,-1,-1,1
"27214","201501PY20901",1,9,0,15,0,8,0,0,0,0,4,1,6,1,4,1781,1,14,-1,1
"27215","201501PY20901",2,1,0,15,0,8,0,0,0,0,3,1,6,1,5,-1,-1,-1,-1,1
"27216","201501PY20902",1,9,0,7,0,8,0,0,0,0,3,1,6,2,8,2231,2,2,-1,-1
"27217","201501PY20902",2,1,0,18,0,8,0,0,0,0,1,1,6,1,-1,-1,-1,-1,-1,1
"27218","201501PY20904",1,9,0,18,0,8,0,10,7,4,3,1,6,2,6,1596,1,4,-1,1
"27219","201501PY20906",1,3,0,18,0,8,0,0,0,0,4,1,6,1,7,-1,-1,-1,-1,1
"27220","201501PY20906",2,9,0,18,0,8,0,0,0,0,1,1,6,1,6,2084,1,13,-1,1
"272211","201501PY20907",1,9,0,4,0,0,0,0,0,0,2,1,6,1,7,1242,1,3,-1,1
"272221","201501PY20907",2,9,0,18,0,0,0,0,0,0,1,1,6,2,-1,1598,1,9,-1,1
"27223","201501PY20909",1,9,0,18,0,8,0,0,0,0,1,1,6,1,10,998,1,1,-1,1
"27224","201501PY20909",2,9,0,9,0,8,0,0,0,0,4,1,6,2,7,1242,1,5,-1,1
"27225","201501PY20911",1,9,0,18,0,8,0,0,0,0,4,1,6,2,7,1598,1,12,-1,1
"27226","201501PY29010",1,9,0,18,0,0,0,0,0,0,4,1,6,1,-1,-1,-1,-1,-1,-1
"27227","201501PY29011",1,9,0,4,0,8,0,0,0,0,2,1,6,1,6,1598,1,15,-1,1
"27228","201501PY29011",2,9,0,18,0,8,0,0,0,0,1,1,6,1,-1,-1,-1,-1,-1,-1
"27231","201501PY29036",1,8,0,5,0,8,0,0,0,0,4,1,6,1,-1,-1,-1,-1,-1,-1
"27232","201501PY29054",1,9,0,9,0,8,0,0,0,0,1,1,6,1,-1,1149,1,17,-1,1
"27233","201501PY29055",1,9,0,18,0,8,0,0,0,0,3,1,6,2,6,1798,1,8,-1,1
"27234","201501PY29056",1,9,0,18,0,0,0,0,0,0,1,1,6,1,11,998,1,2,-1,1
"27235","201501PY29056",2,9,0,5,0,0,0,0,0,0,4,1,6,1,-1,1364,1,1,-1,-1
"27236","201501PY29165",1,9,0,18,0,0,5,10,0,0,4,1,6,1,7,-1,-1,-1,-1,-1
"272381","201501QA10004",1,9,0,5,0,2,0,0,0,0,2,1,1,1,7,-1,-1,-1,-1,1
"272391","201501QA10004",2,9,0,5,0,2,0,0,0,0,1,1,3,1,7,1995,1,14,-1,1
"27240","201501QA10014",1,9,0,9,0,1,0,0,0,0,3,1,6,1,9,1108,1,20,-1,1
"27241","201501QA10014",2,2,0,13,0,1,0,0,0,0,1,1,1,1,5,-1,-1,-1,-1,1
"27242","201501QA10015",1,9,0,18,0,0,0,4,0,0,4,1,6,1,11,1560,2,5,-1,1
"27243","201501QA10015",2,9,0,2,0,0,0,10,1,0,3,1,6,3,-1,698,1,11,-1,-1
"27245","201501QA10017",1,9,0,17,0,0,0,0,0,0,3,1,6,1,9,998,1,18,-1,1
"27246","201501QA10017",2,11,0,16,0,0,0,0,0,0,3,1,1,1,-1,5883,2,13,-1,-1
"27247","201501QA10019",1,9,0,18,0,0,0,0,0,0,1,1,2,1,9,2143,2,2,-1,1
"27248","201501QA10019",2,9,0,3,0,0,0,0,0,0,2,1,6,1,7,1598,1,10,-1,1
"27249","201501QA10020",1,9,0,18,0,0,0,0,0,0,4,1,6,1,11,1360,1,8,-1,1
"27250","201501QA10021",1,9,0,14,0,0,0,0,0,0,4,1,2,2,7,-1,-1,-1,-1,1
"27251","201501QA10022",1,9,0,4,0,0,0,0,0,0,2,1,6,1,6,1461,2,4,-1,1
"27252","201501QA10022",2,9,0,18,0,0,0,0,0,0,1,1,6,1,6,1686,2,12,-1,1
"272531","201501QA10029",1,9,0,18,0,2,0,0,0,0,3,1,6,1,6,1339,1,2,-1,1
"272541","201501QA10029",2,19,0,12,0,2,0,0,0,0,4,1,6,1,-1,-1,-1,-1,-1,-1
"27255","201501QA10032",1,9,0,3,0,2,0,0,0,0,2,1,6,2,9,-1,-1,-1,-1,1
"27256","201501QA10032",2,9,0,4,0,2,0,0,0,0,1,1,6,2,-1,2401,2,7,-1,-1
"27257","201501QA10033",1,9,0,18,0,8,0,0,0,0,1,1,6,1,5,1242,1,12,-1,1
"27258","201501QA10033",2,9,0,7,0,8,0,0,0,0,3,1,6,3,-1,1397,1,5,-1,-1
"27259","201501QA10036",1,9,0,3,0,1,0,0,0,0,2,1,6,2,6,1596,1,8,-1,1
"27260","201501QA10036",2,8,0,4,0,1,0,0,0,0,1,1,1,1,-1,1753,2,6,-1,-1
"27261","201501QA10037",1,9,0,9,0,8,0,0,0,0,4,1,6,1,7,-1,-1,-1,-1,1
"27262","201501QA10037",2,4,0,18,0,8,0,0,0,0,1,1,6,1,6,125,1,8,-1,-1
"27263","201501QA10038",1,5,0,4,0,1,0,0,0,0,2,1,1,2,7,279,1,6,-1,1
"27264","201501QA10038",2,9,0,4,0,1,0,0,0,0,1,1,6,2,-1,1595,1,5,-1,1
"27265","201501QA10042",1,9,0,18,0,0,0,0,0,0,1,1,6,2,7,-1,-1,-1,-1,1
"27266","201501QA10042",2,9,0,7,0,0,0,0,0,0,3,1,6,1,5,999,1,1,-1,1
"27267","201501QA10043",1,2,0,18,0,1,0,0,0,0,0,1,1,1,6,49,1,5,-1,1
"27268","201501QA10044",1,9,0,18,0,1,0,0,0,0,1,1,6,2,6,2143,2,2,-1,1
"27269","201501QA10047",1,9,0,17,0,2,0,0,0,0,1,1,6,1,9,1397,1,7,-1,1
"27270","201501QA10047",2,9,0,16,0,1,0,0,0,0,1,1,6,2,-1,-1,-1,-1,-1,1
"27271","201501QA10048",1,9,0,18,0,1,0,0,0,0,2,1,6,1,8,2656,1,11,-1,1
"272721","201501QA10048",2,19,0,18,0,1,0,0,0,0,1,1,1,1,6,2151,2,12,-1,-1
"272731","201501QA10051",1,9,0,18,0,1,0,0,0,0,1,1,6,1,8,-1,-1,-1,-1,-1
"272741","201501QA10051",2,9,0,9,0,2,0,0,0,0,1,1,6,1,5,1242,1,3,-1,-1
"27277","201501QA10055",1,1,0,18,0,0,0,0,0,0,3,1,1,1,3,-1,-1,-1,-1,1
"27278","201501QA10055",2,9,0,18,0,0,0,0,0,0,1,1,6,1,-1,1794,1,11,-1,-1
"272791","201501QA10056",1,9,0,3,0,2,0,0,0,0,2,1,6,2,10,1984,2,2,-1,1
"272801","201501QA10056",2,9,0,18,0,2,0,0,0,0,1,1,6,1,-1,1896,2,7,-1,1
"27281","201501QA10057",1,9,0,4,0,0,0,0,0,0,2,1,2,2,8,-1,-1,-1,-1,1
"27282","201501QA10057",2,9,0,4,0,0,0,0,0,0,1,1,6,2,6,1298,1,14,-1,1
"27283","201501QA10057",3,9,0,5,0,0,0,0,0,0,1,1,3,2,9,1968,2,10,-1,1
"27284","201501QA10059",1,9,0,18,0,1,0,0,0,0,1,1,3,2,6,2499,2,12,-1,1
"272851","201501QA10060",1,9,0,18,0,8,0,0,0,0,4,1,6,1,6,1560,2,10,-1,1
"272861","201501QA10060",2,9,0,9,0,8,0,0,0,0,1,1,6,2,9,2967,2,1,-1,1
"27287","201501QA10061",1,9,0,9,0,2,0,4,0,0,4,1,6,2,11,1299,1,10,-1,1
"27288","201501QA10061",2,9,0,2,0,2,0,0,0,0,3,1,6,3,-1,2143,2,3,-1,-1
"27289","201501QA10064",1,9,0,18,0,0,0,0,0,0,4,1,3,2,6,1968,2,6,-1,1
"27290","201501QA10065",1,9,0,3,0,2,0,0,0,0,1,1,6,1,5,1896,2,13,-1,-1
"27291","201501QA10065",2,9,0,1,0,2,0,0,0,0,2,1,6,2,-1,1997,2,10,-1,-1
"27292","201501QA10066",1,9,0,9,0,1,0,0,1,10,3,1,6,1,7,1995,2,-1,-1,1
"27293","201501QA10066",2,9,0,18,0,1,0,0,0,0,1,1,6,1,5,2685,2,14,-1,1
"27294","201501QA10068",1,9,0,9,0,8,0,0,0,0,3,1,6,1,-1,2179,2,4,-1,2
"27295","201501QA10068",2,9,0,18,0,8,0,0,0,0,1,1,6,2,8,1242,1,16,-1,1
"27296","201501QA10069",1,9,0,18,0,2,0,0,0,0,1,1,6,2,-1,-1,-1,-1,-1,-1
"27297","201501QA10070",1,9,0,18,0,2,0,0,0,0,4,1,6,1,9,1612,1,4,-1,1
"27298","201501QA10073",1,9,0,9,0,8,0,0,0,0,4,1,6,1,5,1998,1,12,-1,1
"27299","201501QA10073",2,9,0,18,0,1,0,0,0,0,1,1,6,1,8,-1,-1,-1,-1,1
"27300","201501QA10076",1,9,0,18,0,0,0,4,0,0,3,1,6,1,5,1991,2,6,-1,-1
"27301","201501QA10076",2,9,0,18,0,0,0,0,0,0,3,1,6,2,8,1399,2,4,-1,1
"27302","201501QA10076",3,9,0,2,0,0,0,0,0,0,3,1,6,3,-1,1968,2,9,-1,-1
"27303","201501QA10079",1,9,0,18,0,2,0,0,0,0,1,1,2,1,9,999,1,1,-1,1
"27304","201501QA10080",1,11,0,18,0,0,0,0,0,0,0,1,1,1,8,7300,2,11,-1,1
"27305","201501QA10081",1,3,0,18,0,0,0,0,0,0,3,1,6,1,6,124,1,7,-1,1
"27306","201501QA10081",2,9,0,13,0,0,0,0,0,0,4,1,6,1,9,1598,1,5,-1,1
"27307","201501QA10082",1,9,0,9,0,1,0,0,0,0,1,1,2,2,7,1799,1,9,-1,1
"27308","201501QA10082",2,9,0,18,0,1,0,0,0,0,4,1,6,2,7,1248,1,6,-1,1
"27312","201501QA10084",1,9,0,7,0,1,0,0,0,0,1,1,6,3,-1,-1,-1,-1,-1,-1
"27313","201501QA10086",1,9,0,18,0,0,0,0,0,0,1,1,6,3,-1,-1,-1,-1,-1,-1
"27314","201501QA10087",1,9,0,9,0,2,0,0,0,0,1,1,6,1,5,1364,1,8,-1,-1
"27315","201501QA10088",1,9,0,18,0,1,0,0,0,0,1,1,6,2,10,1229,1,10,-1,1
"27316","201501QA10088",2,11,0,2,0,1,0,0,0,0,2,1,1,1,9,4500,2,5,-1,1
"27317","201501QA10089",1,11,0,5,0,0,0,0,0,0,0,1,1,1,8,7300,2,11,-1,1
"27318","201501QA10090",1,9,0,4,0,0,0,0,0,0,2,1,1,1,6,1598,1,8,-1,1
"27319","201501QA10090",2,9,0,18,0,0,0,0,0,0,1,1,6,1,-1,1360,1,11,-1,1
"27325","201501QA10097",1,9,0,9,0,8,0,0,0,0,2,1,6,1,7,1248,1,5,-1,1
"273261","201501QA10097",2,9,0,9,0,8,0,0,0,0,1,1,2,1,8,1998,1,15,-1,-1
"27327","201501QA10098",1,9,0,18,0,1,0,0,0,0,1,1,6,2,10,1240,1,11,-1,-1
"27328","201501QA10099",1,9,0,18,0,1,0,0,0,0,1,1,6,1,6,1598,2,4,-1,1
"27329","201501QA10099",2,9,0,4,0,1,0,0,0,0,2,1,6,1,6,1598,1,12,-1,1
"27330","201501QA10100",1,9,0,16,0,1,5,10,0,0,0,1,6,2,11,1389,1,11,-1,1
"27331","201501QA10101",1,9,0,18,0,2,0,0,0,0,3,1,6,1,6,1968,2,6,-1,1
"27332","201501QA10101",2,9,0,11,0,2,0,0,0,0,4,1,6,1,-1,2597,1,14,-1,1
"27333","201501QA10102",1,9,0,9,0,8,0,0,0,0,4,1,6,2,7,1796,1,4,-1,1
"27334","201501QA10102",2,9,0,18,0,8,0,0,0,0,1,1,6,1,7,1997,2,4,-1,1
"27335","201501QA10103",1,9,0,1,0,0,0,0,0,0,2,1,6,1,7,1896,2,10,-1,1
"27336","201501QA10103",2,9,0,18,0,0,0,0,0,0,3,1,6,2,6,1598,2,5,-1,1
"27337","201501QA10104",1,3,0,18,0,1,1,0,0,0,1,1,2,1,6,124,1,3,-1,1
"27338","201501QA10104",2,9,0,5,0,1,0,0,0,0,3,1,6,2,6,-1,-1,-1,-1,1
"27339","201501QA10105",1,9,0,3,0,1,0,0,0,0,2,1,3,2,6,1995,2,7,-1,1
"27340","201501QA10105",2,9,0,1,0,1,0,0,0,0,2,1,6,2,6,1596,1,9,-1,-1
"27341","201501QA10107",1,9,0,2,0,1,0,0,0,0,3,1,6,2,7,2143,12,2,-1,-1
"27342","201501QA10107",2,9,0,18,0,1,0,4,0,0,1,1,6,2,10,1240,1,7,-1,1
"27343","201501QA10108",1,3,0,3,0,1,0,0,0,0,2,1,6,1,6,124,1,1,-1,1
"27344","201501QA10108",2,9,0,5,0,1,0,0,0,0,1,1,6,1,5,1246,1,9,-1,1
"27345","201501QA10109",1,9,0,18,0,0,0,4,0,0,1,1,6,1,11,1896,2,10,-1,1
"27346","201501QA10109",2,9,0,2,0,0,0,0,0,0,2,1,6,3,-1,-1,-1,-1,-1,-1
"27347","201501QA10109",3,9,0,2,0,0,0,0,0,0,2,1,6,3,-1,1590,1,11,-1,-1
"27348","201501QA10111",1,3,0,18,0,0,0,0,0,0,1,1,4,1,4,124,1,6,-1,1
"27349","201501QA10111",2,9,0,4,0,0,0,0,0,0,2,1,3,2,7,1998,1,12,-1,1
"273501","201501QA10112",1,9,0,9,0,1,0,0,0,0,1,1,6,1,5,-1,-1,-1,-1,1
"273511","201501QA10112",2,9,0,14,0,1,0,0,0,0,1,1,6,1,4,1595,1,12,-1,1
"27354","201501QA10116",1,9,0,7,0,8,0,0,0,0,4,1,6,2,5,1242,1,1,-1,1
"27355","201501QA10116",2,9,0,9,0,8,0,0,0,0,1,1,6,3,-1,-1,-1,-1,-1,-1
"27356","201501QA10119",1,9,0,3,0,2,0,0,0,0,2,1,6,2,7,1997,1,8,-1,1
"27357","201501QA10119",2,9,0,3,0,2,0,0,0,0,2,1,6,1,9,1870,2,13,-1,1
"273582","201501QA10119",3,9,0,18,0,2,0,10,1,0,1,1,6,3,-1,1461,2,1,-1,-1
"273591","201501QA10120",1,9,0,18,0,0,0,4,0,0,1,1,6,1,5,1390,1,9,-1,1
"27360","201501QA10120",2,9,0,2,0,0,0,4,0,0,2,1,6,1,-1,1896,2,14,-1,-1
"27361","201501QA10120",3,9,0,2,0,0,0,0,0,0,2,1,6,2,-1,-1,-1,-1,-1,-1
"27362","201501QA10121",1,9,0,3,0,1,0,0,0,0,2,1,6,1,7,1998,1,9,-1,1
"27363","201501QA10121",2,9,0,3,0,1,0,0,0,0,2,1,6,2,5,998,1,13,-1,1
"27364","201501QA10121",3,9,0,3,0,1,0,0,0,0,2,1,6,1,8,1968,2,3,-1,1
"273651","201501QA10121",4,9,0,18,0,1,0,0,0,0,1,1,6,1,7,1991,2,10,-1,1
"273661","201501QA10122",1,9,0,18,0,2,0,0,0,0,1,1,6,2,5,999,1,12,-1,1
"273671","201501QA10122",2,9,0,4,0,2,0,0,0,0,2,1,6,1,7,1896,2,14,-1,1
"27368","201501QA10123",1,9,0,18,0,1,0,10,3,10,1,1,6,1,4,1598,1,14,-1,1
"27369","201501QA10124",1,9,0,18,0,2,0,7,7,2,1,1,6,2,5,1124,1,14,-1,1
"27370","201501QA10125",1,9,0,18,0,8,0,0,0,0,4,1,6,1,8,1364,2,1,-1,1
"27371","201501QA10125",2,11,0,18,0,8,0,0,0,0,1,1,1,1,6,7300,2,11,-1,1
"27372","201501QA10126",1,3,0,18,0,1,0,0,0,0,3,1,1,1,6,125,1,4,-1,-1
"27373","201501QA10126",2,9,0,9,0,1,0,0,0,0,1,1,1,2,4,-1,-1,-1,-1,1
"273791","201501QA10129",1,9,0,10,0,1,0,0,0,0,2,1,6,1,-1,1796,1,12,-1,1
"27380","201501QA10129",2,4,0,3,0,1,0,0,0,0,2,1,6,1,5,-1,-1,-1,-1,1
"27381","201501QA10129",3,9,0,18,0,1,0,0,0,0,1,1,6,3,-1,1364,1,1,-1,-1
"27382","201501QA10130",1,9,0,18,0,1,0,0,0,0,4,1,6,1,9,1761,1,17,-1,1
"27383","201501QA10131",1,9,0,18,0,0,0,4,0,0,1,1,6,2,6,-1,-1,-1,-1,1
"27384","201501QA10131",2,9,0,2,0,0,0,0,0,0,1,1,6,1,9,-1,-1,-1,-1,-1
"27385","201501QA10132",1,9,0,18,0,1,0,0,0,0,1,1,6,2,-1,-1,-1,-1,-1,-1
"27386","201501QA10133",1,9,0,7,0,2,0,0,0,0,4,1,6,2,4,998,1,16,-1,1
"27387","201501QA10134",1,2,0,15,0,0,0,10,0,0,3,1,1,1,5,49,1,1,-1,1
"27388","201501QA10134",2,9,0,18,0,0,0,0,0,0,4,1,6,1,6,-1,-1,-1,-1,-1
"27389","201501QA10135",1,4,0,13,0,1,0,0,0,0,1,1,2,1,6,125,1,16,-1,1
"27390","201501QA10135",2,9,0,13,0,1,0,0,0,0,3,1,2,1,8,-1,-1,-1,-1,1
"27391","201501QA10136",1,9,0,18,0,0,0,0,0,0,1,1,6,1,8,-1,-1,-1,-1,1
"273921","201501QA10136",2,9,0,14,0,0,0,0,0,0,1,1,6,1,6,1199,1,11,-1,1
"27393","201501QA10137",1,9,0,18,0,0,0,0,0,0,3,1,6,2,6,1498,1,10,-1,1
"27394","201501QA10138",1,9,0,4,0,0,0,0,0,0,1,1,6,1,8,1988,1,13,-1,1
"27395","201501QA10138",2,9,0,3,0,0,0,0,0,0,2,1,2,1,8,2000,1,11,-1,1
"27396","201501QA10138",3,9,0,3,0,0,0,0,0,0,2,1,6,2,9,1498,1,9,-1,1
"27397","201501QA10139",1,9,0,9,0,2,0,0,0,0,1,1,6,1,6,-1,-1,-1,-1,1
"273991","201501QA10141",1,9,0,16,0,0,5,4,0,0,1,1,6,2,10,1791,8,3,-1,1
"27400","201501QA10141",2,9,0,2,0,0,0,0,0,0,2,1,6,1,7,1596,1,5,-1,-1
"274011","201501QA10142",1,9,0,18,0,1,0,0,0,0,1,1,6,1,5,1587,1,13,-1,1
"274021","201501QA10142",2,9,0,7,0,1,0,0,0,0,3,1,6,1,8,1986,2,8,-1,1
"27403","201501QA10142",3,9,0,3,0,1,0,0,0,0,1,1,6,1,8,1364,1,1,-1,1
"27404","201501QA10143",1,9,0,18,0,1,0,0,0,0,4,1,6,1,8,1995,1,8,-1,1
"27405","201501QA10143",2,9,0,9,0,1,0,0,0,0,1,1,6,1,6,-1,-1,-1,-1,1
"27406","201501QA10144",1,9,0,2,0,0,0,0,0,0,3,1,1,1,7,998,1,1,-1,1
"27407","201501QA10144",2,1,0,18,0,0,0,8,0,0,1,1,6,1,6,-1,-1,-1,-1,1
"27408","201501QA10145",1,9,0,18,0,1,0,0,0,0,1,1,6,2,5,1900,2,11,-1,1
"274091","201501QA10145",2,9,0,18,0,1,0,0,0,0,2,1,6,1,6,1781,1,15,-1,1
"27410","201501QA10146",1,9,0,18,0,0,0,0,0,0,1,1,6,2,6,1339,1,13,-1,1
"274111","201501QA10146",2,9,0,14,0,0,0,10,7,0,3,1,6,2,5,1332,1,19,-1,1
"27412","201501QA10147",1,9,0,9,0,1,0,0,0,0,1,1,6,2,-1,-1,-1,-1,-1,1
"274131","201501QA10148",1,9,0,18,0,1,0,0,0,0,4,1,6,1,6,1689,2,14,-1,1
"274141","201501QA10148",2,9,0,5,0,1,0,0,0,0,3,1,6,3,-1,998,1,3,-1,-1
"27415","201501QA10149",1,9,0,4,0,0,0,0,0,0,2,1,6,2,7,1198,1,8,-1,1
"27416","201501QA10149",2,9,0,18,0,0,0,0,0,0,1,1,6,1,-1,1242,1,9,-1,-1
"27417","201501QA10150",1,9,0,5,0,8,0,0,0,0,1,1,1,2,7,1598,2,4,-1,1
"27418","201501QA10150",2,1,0,18,0,8,0,0,0,0,4,1,6,1,6,-1,-1,-1,-1,1
"27419","201501QA10151",1,5,0,18,0,2,0,0,0,0,1,1,6,1,5,599,1,14,-1,1
"27420","201501QA10151",2,9,0,6,0,2,0,0,0,0,3,1,6,2,8,2987,2,1,-1,1
"27421","201501QA10152",1,9,0,11,0,0,0,0,0,0,4,1,6,2,6,1498,1,4,-1,1
"27422","201501QA10152",2,9,0,18,0,0,0,0,0,0,3,1,6,1,4,1229,1,10,-1,1
"27423","201501QA10153",1,9,0,5,0,8,0,0,0,0,1,1,6,2,10,1796,1,7,-1,1
"27424","201501QA10153",2,1,0,9,0,8,0,0,0,0,4,1,6,1,9,-1,-1,-1,-1,1
"27425","201501QA10154",1,8,0,18,0,8,0,0,0,0,4,1,1,1,8,1997,2,4,-1,1
"27426","201501QA10154",2,9,0,18,0,8,0,0,0,0,1,1,6,1,5,1390,1,10,-1,-1
"27427","201501QA10155",1,9,0,2,0,0,0,0,0,0,2,1,1,1,7,1796,2,2,-1,1
"27428","201501QA10155",2,9,0,17,0,0,0,4,0,0,1,1,6,2,4,-1,-1,-1,-1,1
"274291","201501QA10156",1,9,0,4,0,1,0,0,0,0,2,1,6,1,8,1598,1,13,-1,1
"274301","201501QA10156",2,9,0,18,0,1,0,0,0,0,1,1,6,1,-1,1997,2,8,-1,-1
"27432","201501QA10158",1,9,0,4,0,1,0,0,0,0,2,1,6,1,8,1390,1,13,-1,1
"27433","201501QA10158",2,9,0,18,0,1,0,0,0,0,1,1,6,1,7,1422,2,8,-1,1
"27434","201501QA10159",1,9,0,5,0,1,0,0,0,0,3,1,6,2,6,1598,1,10,-1,1
"27435","201501QA10159",2,9,0,18,0,1,0,0,0,0,1,1,6,1,6,2698,2,5,-1,1
"27436","201501QA10161",1,9,0,6,0,8,0,0,0,0,3,1,6,1,5,1368,1,6,-1,1
"27437","201501QA10161",2,9,0,18,0,8,0,0,0,0,1,1,6,1,5,-1,-1,-1,-1,1
"27438","201501QA10162",1,9,0,18,0,8,1,0,0,0,4,1,6,1,5,1995,2,8,-1,1
"274391","201501QA10162",2,2,0,9,0,8,0,0,0,0,1,1,6,1,4,49,1,3,-1,1
"274401","201501QA10163",1,1,0,18,0,1,0,0,0,0,4,1,6,1,9,-1,-1,-1,-1,1
"27441","201501QA10163",2,19,0,5,0,1,0,0,0,0,3,1,6,1,7,2151,2,12,-1,1
"27442","201501QA10165",1,9,0,18,0,0,0,0,0,0,1,1,6,1,8,2953,2,11,-1,1
"27443","201501QA10165",2,9,0,18,0,0,0,0,0,0,1,1,6,1,8,-1,-1,-1,-1,1
"27444","201501QA10166",1,19,0,9,0,2,0,0,0,0,1,1,1,1,8,2198,2,3,-1,1
"27445","201501QA10167",1,9,0,18,0,8,0,9,7,0,1,1,6,2,5,1390,1,4,-1,1
"27446","201501QA10168",1,9,0,18,0,1,0,0,0,0,1,1,1,1,9,1686,2,5,-1,1
"27447","201501QA10169",1,9,0,18,0,2,0,0,0,0,1,1,1,2,9,1560,2,1,-1,1
"27448","201501QA10170",1,9,0,18,0,0,0,0,0,0,4,1,6,1,8,1794,1,11,-1,1
"27449","201501QA10171",1,20,0,1,0,0,0,0,0,0,2,1,6,3,-1,-1,-1,-1,-1,-1
"27450","201501QA10173",1,9,0,9,0,8,0,0,0,0,3,1,6,2,6,1910,2,5,-1,1
"27451","201501QA10173",2,9,0,4,0,8,0,0,0,0,1,1,6,1,-1,2401,2,10,-1,1
"27452","201501QA10174",1,9,0,9,0,8,0,0,0,0,3,1,1,1,7,1598,1,3,-1,1
"27453","201501QA10174",2,9,0,9,0,8,0,0,0,0,3,1,6,2,8,998,1,11,-1,1
"27454","201501QA10176",1,9,0,18,0,0,0,10,7,4,4,1,6,1,6,1149,1,11,-1,-1
"27455","201501QA10177",1,9,0,18,0,0,0,0,0,0,3,1,6,1,7,1497,8,9,-1,1
"27456","201501QA10177",2,9,0,18,0,0,0,0,0,0,3,1,6,2,11,1997,2,5,-1,1
"27457","201501QA10178",1,1,0,18,0,8,0,0,0,0,4,1,6,1,9,-1,-1,-1,-1,1
"27458","201501QA10178",2,9,0,5,0,8,0,0,0,0,1,1,6,2,7,1584,1,13,-1,1
"27459","201501QA10179",1,3,0,14,0,0,0,0,0,0,1,1,6,1,6,124,1,1,-1,1
"27460","201501QA10180",1,9,0,10,0,1,0,0,0,0,2,1,6,2,7,1242,1,8,-1,1
"27461","201501QA10180",2,9,0,18,0,1,0,0,0,0,1,1,6,1,-1,1999,1,10,-1,1
"274621","201501QA10181",1,9,0,18,0,2,0,0,0,0,1,1,6,2,8,2993,2,10,-1,1
"274631","201501QA10182",1,9,0,18,0,1,0,0,0,0,1,1,2,1,5,-1,-1,-1,-1,1
"27464","201501QA10182",2,9,0,9,0,1,0,0,0,0,4,1,2,2,5,1229,1,1,-1,1
"27465","201501QA10183",1,9,0,18,0,1,0,0,0,0,1,1,6,1,6,2184,2,6,-1,1
"27466","201501QA10183",2,9,0,9,0,1,0,0,0,0,4,1,6,2,7,-1,-1,-1,-1,1
"27467","201501QA10183",3,9,0,3,0,1,0,0,0,0,1,1,6,1,7,2979,1,10,-1,1
"27468","201501QA10184",1,9,0,9,0,1,0,0,0,0,1,1,6,2,8,1797,1,1,-1,1
"27469","201501QA10184",2,9,0,18,0,1,0,0,0,0,4,1,6,1,11,-1,-1,-1,-1,1
"27470","201501QA10185",1,1,0,18,0,1,0,0,0,0,1,1,1,1,6,-1,-1,-1,-1,1
"27471","201501QA10185",2,9,0,7,0,1,0,0,0,0,4,1,6,1,7,-1,-1,-1,-1,1
"27472","201501QA10186",1,9,0,3,0,1,0,0,0,0,2,1,6,1,6,1797,8,3,-1,1
"27473","201501QA10186",2,9,0,3,0,1,0,0,0,0,2,1,6,1,9,998,1,14,-1,1
"27474","201501QA10186",3,9,0,18,0,1,0,0,0,0,1,1,6,1,4,-1,-1,-1,-1,1
"27475","201501QA10187",1,5,0,18,0,1,0,0,0,0,0,1,6,1,7,599,1,12,-1,1
"27476","201501QA10188",1,9,0,9,0,2,0,0,0,0,1,1,2,1,7,1956,2,3,-1,1
"27477","201501QA10189",1,1,0,18,0,1,0,0,0,0,3,1,6,1,6,-1,-1,-1,-1,1
"27478","201501QA10189",2,20,0,13,0,1,0,0,0,0,4,1,6,3,-1,7284,2,14,-1,-1
"27479","201501QA10190",1,20,0,18,0,0,0,0,0,0,4,1,1,1,7,4764,2,7,-1,1
"27480","201501QA10190",2,1,0,18,0,0,0,0,0,0,3,1,1,1,8,-1,-1,-1,-1,-1
"27481","201501QA10191",1,9,0,18,0,1,0,0,0,0,1,1,6,1,6,1995,2,9,-1,1
"27482","201501QA10192",1,1,0,9,0,1,0,0,0,0,4,1,1,2,7,-1,-1,-1,-1,1
"27483","201501QA10192",2,9,0,5,0,1,0,0,0,0,1,1,6,1,9,1769,1,11,-1,1
"27484","201501QA10193",1,9,0,16,0,0,1,0,0,0,1,1,6,1,10,1332,1,17,-1,-1
"27485","201501QA10193",2,9,0,17,0,0,0,0,0,0,1,1,6,1,9,1796,1,5,-1,1
"274861","201501QA10194",1,9,0,3,0,1,0,0,0,0,2,1,6,2,8,998,1,6,-1,1
"274871","201501QA10194",2,9,0,18,0,1,0,0,0,0,1,1,6,1,6,1248,2,4,-1,1
"274881","201501QA10195",1,9,0,3,0,1,0,0,0,0,2,1,6,1,6,1797,8,5,-1,1
"274891","201501QA10195",2,9,0,18,0,1,0,0,0,0,1,1,6,1,-1,1339,8,8,-1,1