"","Acc_Index","Vehicle_Reference","Vehicle_Type","Towing_and_Articulation","Vehicle_Manoeuvre","Vehicle_Location.Restricted_Lane","Junction_Location","Skidding_and_Overturning","Hit_Object_in_Carriageway","Vehicle_Leaving_Carriageway","Hit_Object_off_Carriageway","X1st_Point_of_Impact","Was_Vehicle_Left_Hand_Drive","Journey_Purpose_of_Driver","Sex_of_Driver","Age_Band_of_Driver","Engine_Capacity_.CC.","Propulsion_Code","Age_of_Vehicle","Driver_IMD_Decile","Driver_Home_Area_Type"
"27490","201501QA10197",1,9,0,18,0,1,0,7,4,10,1,1,6,2,9,1390,1,9,-1,1
"27491","201501QA10198",1,9,0,3,0,1,0,0,0,0,2,1,6,1,8,1560,2,9,-1,1
"27492","201501QA10198",2,9,0,18,0,1,0,0,0,0,1,1,6,1,7,998,1,15,-1,-1
"27493","201501QA10200",1,9,0,2,0,0,0,0,0,0,3,1,6,2,6,1910,2,5,-1,1
"27494","201501QA10200",2,9,0,18,0,0,0,4,0,0,4,1,6,2,7,1896,2,10,-1,1
"27498","201501QA10202",1,9,0,10,0,1,0,0,0,0,4,1,6,1,6,1995,2,2,-1,1
"27499","201501QA10203",1,9,0,5,0,3,0,0,0,0,1,1,6,2,-1,-1,-1,-1,-1,-1
"27505","201501QA10206",1,3,0,18,0,8,0,0,0,0,3,1,6,1,8,125,1,1,-1,1
"27506","201501QA10206",2,9,0,9,0,8,0,0,0,0,1,1,6,3,-1,-1,-1,-1,-1,-1
"27507","201501QA10208",1,9,0,18,0,2,0,0,0,0,3,1,6,2,7,1999,1,8,-1,1
"27508","201501QA10208",2,9,0,18,0,1,0,0,0,0,3,1,6,1,4,1595,1,11,-1,1
"27509","201501QA10210",1,9,0,9,0,6,0,10,1,0,4,1,6,2,9,1397,1,12,-1,1
"27510","201501QA10210",2,9,0,16,0,2,0,10,1,0,1,1,6,1,-1,1390,1,8,-1,-1
"27511","201501QA10212",1,9,0,18,0,0,0,0,0,0,4,1,6,1,6,-1,-1,-1,-1,1
"27512","201501QA10212",2,9,0,5,0,0,0,0,0,0,3,1,1,2,6,1390,1,17,-1,1
"27515","201501QA10215",1,3,0,14,0,8,0,0,0,0,1,1,6,1,11,125,1,-1,-1,1
"27516","201501QA10215",2,9,0,9,0,6,0,0,0,0,1,1,6,2,8,998,1,5,-1,1
"27517","201501QA10216",1,9,0,18,0,1,0,0,0,0,1,1,6,1,5,1598,1,5,-1,1
"27518","201501QA10216",2,9,0,5,0,1,0,0,0,0,4,1,6,1,7,-1,-1,-1,-1,1
"27519","201501QA10216",3,9,0,2,0,1,0,0,0,0,2,1,6,3,-1,1781,1,16,-1,-1
"27520","201501QA10217",1,9,0,9,0,8,0,0,0,0,3,1,6,1,10,1791,8,4,-1,1
"27521","201501QA10217",2,4,0,13,0,8,0,0,0,0,1,1,6,1,7,124,1,-1,-1,1
"27522","201501QA10219",1,9,0,18,0,1,0,7,7,3,3,1,2,1,6,-1,-1,-1,-1,1
"275231","201501QA10219",2,9,0,18,0,1,0,0,0,0,1,1,2,1,5,1198,1,10,-1,1
"275241","201501QA10220",1,9,0,18,0,0,0,0,0,0,3,1,6,1,7,1686,2,10,-1,1
"27525","201501QA10221",1,9,0,18,0,0,0,0,0,0,4,1,6,1,6,1753,2,8,-1,-1
"275261","201501QA10222",1,9,0,5,0,1,0,0,0,0,1,1,1,1,7,2149,2,8,-1,1
"27527","201501QA10222",2,9,0,3,0,1,0,0,0,0,2,1,2,1,6,1995,2,4,-1,1
"27528","201501QA10223",1,9,0,17,0,8,0,0,0,0,1,1,1,1,-1,-1,-1,-1,-1,-1
"27529","201501QA10223",2,9,0,6,0,8,0,0,0,0,2,1,6,1,8,2231,2,8,-1,1
"27530","201501QA10224",1,9,0,4,0,1,0,0,0,0,2,1,6,1,7,-1,-1,-1,-1,1
"27531","201501QA10224",2,9,0,18,0,1,0,0,0,0,1,1,6,1,8,1339,1,11,-1,1
"27535","201501QA10227",1,9,0,18,0,0,0,0,0,0,3,1,6,2,-1,-1,-1,-1,-1,-1
"27536","201501QA10228",1,9,0,18,0,0,0,0,0,0,1,1,6,2,9,2199,1,21,-1,1
"275371","201501QA10228",2,9,0,4,0,0,0,0,0,0,2,1,6,2,7,1198,1,8,-1,1
"275381","201501QA10229",1,9,0,18,0,8,0,0,0,0,1,1,6,1,11,1794,1,10,-1,1
"27539","201501QA10229",2,9,0,18,0,8,0,0,0,0,4,1,6,1,9,1995,2,4,-1,1
"27540","201501QA10230",1,9,0,5,0,0,0,0,0,0,3,1,6,2,8,1461,2,-1,-1,1
"27541","201501QA10230",2,3,0,18,0,0,0,0,0,0,4,1,6,1,4,124,1,1,-1,1
"27542","201501QA10231",1,9,0,18,0,1,0,0,0,0,4,1,6,3,-1,-1,-1,-1,-1,-1
"275431","201501QA10232",1,9,0,14,0,1,0,0,0,0,1,1,6,2,6,1390,1,7,-1,1
"27544","201501QA10234",1,9,0,18,0,8,0,0,0,0,3,1,6,2,9,1798,1,6,-1,1
"27545","201501QA10234",2,9,0,18,0,8,0,0,0,0,1,1,6,1,5,1198,1,13,-1,1
"27546","201501QA10235",1,9,0,9,0,8,0,0,0,0,4,1,6,2,9,996,1,6,-1,-1
"27547","201501QA10235",2,3,0,18,0,8,0,0,0,0,1,1,6,1,5,636,1,-1,-1,-1
"27548","201501QA10236",1,9,0,8,0,1,0,0,0,0,3,1,6,2,9,1997,1,14,-1,1
"27549","201501QA10236",2,20,0,4,0,1,0,0,0,0,4,1,1,1,-1,12800,2,7,-1,1
"27550","201501QA10238",1,9,0,15,0,8,0,0,0,0,1,1,6,1,5,1598,1,12,-1,1
"27551","201501QA10238",2,9,0,9,0,8,0,0,0,0,4,1,6,1,7,1997,2,4,-1,1
"27552","201501QA10240",1,1,0,18,0,0,0,0,0,0,1,1,6,1,3,-1,-1,-1,-1,1
"27553","201501QA10240",2,9,0,18,0,0,0,0,0,0,4,1,6,2,7,1598,1,9,-1,1
"27554","201501QA10241",1,9,0,18,0,2,0,0,0,0,4,1,6,2,-1,1339,1,10,-1,-1
"27555","201501QA10243",1,9,0,4,0,1,0,0,0,0,1,1,6,1,11,998,1,13,-1,1
"275561","201501QA10243",2,9,0,4,0,1,0,0,0,0,2,1,6,2,8,2987,2,1,-1,2
"275571","201501QA10244",1,9,0,1,0,1,0,0,0,0,2,1,6,1,-1,1781,1,16,-1,-1
"27558","201501QA10245",1,9,0,18,0,0,0,0,0,0,1,1,2,2,8,2493,8,1,-1,1
"27559","201501QA10246",1,9,0,6,0,0,0,0,0,0,4,1,6,2,7,1896,2,5,-1,1
"275601","201501QA10246",2,9,0,18,0,0,0,0,0,0,1,1,6,1,-1,1364,1,6,-1,1
"275611","201501QA10247",1,9,0,18,0,0,0,7,0,0,3,1,6,1,11,1997,1,14,-1,1
"275621","201501QA10248",1,9,0,18,0,1,0,0,0,0,1,1,6,3,-1,-1,-1,-1,-1,-1
"275631","201501QA10249",1,9,0,18,0,8,0,0,0,0,1,1,2,1,5,1991,1,-1,-1,1
"27564","201501QA10249",2,9,0,9,0,8,0,0,0,0,3,1,2,1,6,1995,1,10,-1,1
"27565","201501QA10250",1,9,0,2,0,0,0,0,0,0,1,1,6,1,6,1242,1,15,-1,1
"27566","201501QA10253",1,9,0,18,0,8,0,0,0,0,1,1,1,2,6,1299,1,7,-1,1
"27567","201501QA10253",2,9,0,7,0,8,0,10,1,0,3,1,6,2,5,1596,1,9,-1,1
"27568","201501QA10254",1,9,0,18,0,8,0,0,0,0,3,1,6,2,7,1398,1,15,-1,1
"27569","201501QA10254",2,2,0,18,0,8,0,0,0,0,1,1,6,3,-1,49,1,8,-1,-1
"275701","201501QA10255",1,9,0,18,0,8,0,0,0,0,3,1,1,1,8,1596,1,1,-1,1
"27571","201501QA10255",2,9,0,18,0,8,0,0,0,0,1,1,6,2,11,-1,-1,-1,-1,1
"27572","201501QA10256",1,9,0,4,0,2,0,0,0,0,2,1,6,1,5,1198,1,12,-1,1
"27573","201501QA10256",2,19,0,18,0,2,0,0,0,0,1,1,6,1,8,2198,2,2,-1,-1
"27576","201501QA10259",1,9,0,9,0,8,0,0,0,0,1,1,6,1,5,1968,2,3,-1,1
"27577","201501QA10259",2,9,0,18,0,8,0,0,0,0,4,1,6,2,7,1390,1,12,-1,-1
"275781","201501QA10260",1,9,0,18,0,2,0,0,0,0,1,1,6,1,6,-1,-1,-1,-1,1
"275791","201501QA10260",2,9,0,6,0,2,0,0,0,0,2,1,6,1,-1,1995,2,-1,-1,-1
"27581","201501QA10262",1,9,0,18,0,0,0,0,0,0,1,1,6,2,7,1999,1,10,-1,1
"27582","201501QA10263",1,9,0,18,0,0,0,4,1,10,4,1,6,1,11,1596,1,16,-1,1
"27583","201501QA10263",2,9,0,2,0,0,0,0,0,0,3,1,6,1,6,1968,2,8,-1,-1
"27584","201501QA10263",3,9,0,2,0,0,0,0,0,0,3,1,6,1,-1,1984,1,15,-1,-1
"275851","201501QA10264",1,9,0,3,0,1,0,0,0,0,2,1,6,2,10,1339,1,6,-1,1
"275861","201501QA10264",2,9,0,3,0,1,0,0,0,0,1,1,6,1,10,2496,1,8,-1,1
"27589","201501QA10266",1,9,0,18,0,1,0,0,0,0,1,1,6,3,-1,1598,1,9,-1,-1
"27590","201501QA10266",2,9,0,9,0,2,0,0,0,0,1,1,1,1,6,-1,-1,-1,-1,-1
"275911","201501QA10267",1,11,0,5,2,0,0,0,0,0,0,1,1,1,9,7300,2,12,-1,1
"275921","201501QA10268",1,9,0,2,0,0,0,0,0,0,2,1,6,2,6,2987,2,5,-1,-1
"27593","201501QA10268",2,9,0,18,0,0,0,0,0,0,1,1,6,1,5,2494,1,13,-1,1
"275941","201501QA10269",1,9,0,18,0,0,0,0,0,0,3,1,6,2,8,1598,1,10,-1,1
"27595","201501QA10270",1,9,0,18,0,1,0,0,0,0,1,1,6,1,5,998,1,4,-1,1
"27596","201501QA10270",2,9,0,5,0,1,0,0,0,0,3,1,6,2,7,1796,1,7,-1,1
"27597","201501QA10271",1,1,0,18,0,8,0,0,0,0,3,1,2,1,6,-1,-1,-1,-1,-1
"27598","201501QA10271",2,9,0,9,0,5,0,0,0,0,1,1,6,1,-1,1598,1,7,-1,-1
"27599","201501QA10272",1,19,0,18,0,1,0,0,0,0,1,1,2,1,6,2198,2,5,-1,1
"27600","201501QA10272",2,3,0,18,0,2,1,0,0,0,1,1,2,1,6,124,1,3,-1,1
"27601","201501QA10273",1,9,0,18,0,0,0,7,0,0,1,1,6,2,8,1329,1,3,-1,1
"27602","201501QA10274",1,19,0,10,0,0,0,0,0,0,2,1,6,1,7,1753,2,4,-1,1
"27603","201501QA10274",2,9,0,18,0,0,0,0,0,0,1,1,6,1,6,1998,2,10,-1,1
"27604","201501QA10275",1,9,0,9,0,8,0,0,0,0,1,1,6,2,7,1590,1,11,-1,1
"27605","201501QA10275",2,9,0,18,0,8,0,0,0,0,3,1,6,1,6,1995,2,5,-1,1
"27606","201501QA10276",1,9,0,18,0,0,0,0,0,0,2,1,6,1,10,1794,1,14,-1,1
"276071","201501QA10276",2,9,0,5,0,0,0,0,0,0,0,1,6,2,-1,1229,1,8,-1,1
"276081","201501QA10276",3,3,0,18,0,0,0,0,0,0,1,1,6,1,5,108,1,1,-1,1
"27609","201501QA10277",1,9,0,18,0,0,0,0,1,4,1,1,6,2,9,1997,1,13,-1,1
"27612","201501QA10279",1,9,0,16,0,1,0,0,0,0,3,1,6,2,8,998,1,14,-1,1
"27613","201501QA10279",2,9,0,17,0,2,0,0,0,0,1,1,6,3,-1,-1,-1,-1,-1,-1
"27614","201501QA10280",1,9,0,18,0,0,0,0,0,0,1,1,1,2,7,1896,2,11,-1,1
"27615","201501QA10280",2,9,0,4,0,0,0,0,0,0,2,1,6,2,10,1998,1,11,-1,1
"27616","201501QA10281",1,9,0,5,0,8,0,0,0,0,1,1,6,2,-1,-1,-1,-1,-1,-1
"27617","201501QA10282",1,9,0,18,0,0,0,0,0,0,2,1,6,1,10,1242,1,8,-1,-1
"27618","201501QA10282",2,19,0,2,0,0,0,0,0,0,1,1,6,1,6,1560,2,1,-1,1
"27619","201501QA10284",1,19,0,18,0,0,0,0,0,0,3,1,1,1,8,-1,-1,-1,-1,1
"276201","201501QA10284",2,19,0,2,0,0,0,0,0,0,4,1,1,3,-1,2148,2,5,-1,-1
"276211","201501QA10284",3,9,0,14,0,0,0,4,0,0,3,1,6,1,8,1339,1,7,-1,-1
"27622","201501QA10285",1,11,0,4,0,0,0,0,0,0,0,1,1,1,8,4500,2,6,-1,1
"27623","201501QA10285",2,9,0,4,0,0,0,0,0,0,0,1,6,3,-1,-1,-1,-1,-1,-1
"27624","201501QA10286",1,9,0,3,0,0,0,0,0,0,2,1,6,2,-1,1997,1,5,-1,1
"27625","201501QA10286",2,9,0,18,0,0,0,0,0,0,1,1,6,1,5,1598,1,13,-1,1
"27626","201501QA10287",1,9,0,18,0,2,0,0,0,0,2,1,1,1,8,2231,2,7,-1,1
"27627","201501QA10287",2,9,0,18,0,2,0,0,0,0,2,1,6,1,6,1900,2,11,-1,1
"27628","201501QA10287",3,9,0,18,0,2,0,0,0,0,1,1,6,1,6,1781,1,24,-1,1
"276291","201501QA10288",1,11,0,4,2,8,0,10,0,0,1,1,1,2,8,7300,2,11,-1,1
"27630","201501QA10288",2,10,0,7,2,5,0,0,0,0,4,1,6,1,6,-1,-1,-1,-1,1
"27631","201501QA10289",1,9,0,14,0,0,1,4,0,0,1,1,6,2,8,1796,1,12,-1,1
"27632","201501QA10289",2,9,0,18,0,0,0,4,0,0,3,1,6,2,10,1896,2,15,-1,-1
"27633","201501QA10289",3,9,0,18,0,0,0,0,0,0,1,1,6,2,8,1598,1,4,-1,-1
"27634","201501QA10289",4,9,0,2,0,0,0,0,0,0,3,1,6,3,-1,1598,1,9,-1,-1
"276351","201501QA10289",5,9,0,2,0,0,0,0,0,0,3,1,6,3,-1,1598,2,2,-1,-1
"276361","201501QA10289",6,9,0,2,0,0,0,0,0,0,1,1,6,3,-1,-1,-1,-1,-1,-1
"27637","201501QA10290",1,9,0,18,0,0,0,4,0,0,3,1,2,2,8,1086,1,8,-1,1
"27638","201501QA10290",2,9,0,2,0,0,0,0,0,0,3,1,6,3,-1,998,1,1,-1,-1
"27639","201501QA10290",3,9,0,2,0,0,0,0,0,0,3,1,6,3,-1,2000,1,10,-1,-1
"27640","201501QA10291",1,4,0,18,0,8,0,0,0,0,1,1,1,1,8,399,1,5,-1,1
"27641","201501QA10291",2,9,0,9,0,5,0,0,0,0,3,1,1,1,-1,-1,-1,-1,-1,3
"27642","201501QA10293",1,11,0,4,0,1,0,0,0,0,1,1,1,1,8,5883,2,13,-1,1
"276431","201501QA10293",2,19,0,18,0,2,0,0,0,0,1,1,1,1,7,1998,2,13,-1,1
"276461","201501QA10295",1,5,0,18,0,0,0,0,0,0,1,1,6,1,6,998,1,-1,-1,-1
"27647","201501QA10296",1,9,0,18,0,8,0,0,0,0,1,1,6,2,6,1390,1,11,-1,1
"27648","201501QA10296",2,3,0,9,0,6,0,0,7,0,1,1,6,1,7,125,1,6,-1,1
"27649","201501QA10297",1,9,0,18,0,1,0,4,1,0,1,1,6,2,5,-1,-1,-1,-1,1
"27650","201501QA10297",2,9,0,2,0,1,0,0,0,0,1,1,6,1,5,2148,2,11,-1,-1
"27652","201501QA10299",1,11,0,18,0,0,0,0,0,0,4,1,1,1,9,7300,2,13,-1,1
"27653","201501QA10300",1,3,0,13,0,1,0,0,0,0,3,1,6,1,6,125,1,1,-1,1
"27654","201501QA10300",2,9,0,9,0,1,0,0,0,0,1,1,6,1,10,1390,1,12,-1,1
"27655","201501QA10301",1,9,0,18,0,1,0,0,0,0,2,1,6,1,8,-1,-1,-1,-1,1
"27656","201501QA10301",2,8,0,18,0,1,0,0,0,0,2,1,1,1,6,1797,8,5,-1,1
"27657","201501QA10301",3,19,0,18,0,1,0,0,0,0,1,1,6,1,6,1796,7,9,-1,1
"27658","201501QA10301",4,9,0,18,0,1,0,0,0,0,2,1,6,2,8,1794,1,11,-1,1
"27659","201501QA10303",1,9,0,13,0,1,0,0,0,0,4,1,6,1,-1,1896,2,17,-1,-1
"27660","201501QA10304",1,9,0,18,0,8,0,0,0,0,4,1,6,1,8,2967,1,12,-1,1
"27661","201501QA10304",2,3,0,7,0,8,0,0,0,0,3,1,6,1,5,124,1,1,-1,1
"27662","201501QA10306",1,9,0,18,0,0,0,7,0,0,1,1,6,2,11,1389,1,12,-1,-1
"27663","201501QA10307",1,9,0,7,0,8,1,10,1,0,1,1,2,2,7,1339,1,10,-1,1
"27664","201501QA10307",2,9,0,18,0,8,0,10,1,0,4,1,6,1,8,1968,2,2,-1,1
"27665","201501QA10309",1,9,0,3,0,0,0,0,0,0,2,1,6,1,6,2993,2,5,-1,1
"27666","201501QA10309",2,9,0,18,0,0,0,0,0,0,1,1,6,1,-1,1596,1,13,-1,-1
"27667","201501QA10310",1,9,0,18,0,2,0,0,0,0,1,1,6,1,-1,1975,1,18,-1,-1
"27668","201501QA10311",1,5,0,13,0,8,1,0,0,0,1,1,6,1,5,599,1,17,-1,1
"27669","201501QA10311",2,9,0,9,0,5,0,0,0,0,3,1,6,1,10,2191,2,3,-1,2
"27670","201501QA10312",1,9,0,18,0,0,0,4,7,10,4,1,1,2,7,-1,-1,-1,-1,1
"27671","201501QA10312",2,9,0,2,0,0,0,0,0,0,2,1,6,3,-1,-1,-1,-1,-1,-1
"27672","201501QA10313",1,9,0,4,0,2,0,0,0,0,2,1,6,2,10,1968,2,4,-1,1
"276732","201501QA10313",2,9,0,7,0,1,0,0,0,0,1,1,6,1,6,1598,1,13,-1,1
"276741","201501QA10314",1,1,0,15,0,1,0,0,0,0,1,1,6,2,4,-1,-1,-1,-1,1
"27675","201501QA10314",2,8,0,7,0,1,0,0,0,0,4,1,6,1,7,2664,2,15,-1,-1
"27676","201501QA10315",1,8,0,2,0,0,0,0,0,0,4,1,1,1,6,1798,8,-1,-1,1
"27677","201501QA10315",2,9,0,17,0,0,0,4,0,0,1,1,6,2,9,1998,1,8,-1,1
"27678","201501QA10316",1,9,0,4,0,2,0,0,0,0,2,1,6,2,8,2993,2,2,-1,1
"27679","201501QA10316",2,9,0,18,0,2,0,10,7,10,1,1,6,1,10,1198,1,8,-1,1
"27680","201501QA10317",1,9,0,3,0,0,0,0,0,0,2,1,6,1,7,1339,8,8,-1,1
"27681","201501QA10317",2,9,0,3,0,0,0,0,0,0,2,1,6,1,7,2143,2,6,-1,1
"27682","201501QA10317",3,9,0,3,0,0,0,0,0,0,2,1,6,1,-1,1769,1,11,-1,1
"27683","201501QA10317",4,9,0,18,0,0,0,0,0,0,1,1,6,2,6,1968,2,6,-1,1
"27684","201501QA10318",1,9,0,18,0,0,0,0,0,0,1,1,6,1,10,-1,-1,-1,-1,1
"276852","201501QA10318",2,9,0,18,0,0,0,0,0,0,3,1,6,1,7,-1,-1,-1,-1,1
"276862","201501QA10318",3,9,0,18,0,0,0,0,0,0,1,1,6,2,7,1395,1,2,-1,-1
"276871","201501QA10319",1,9,0,18,0,8,0,0,0,0,1,1,2,1,7,1598,1,9,-1,1
"27688","201501QA10319",2,9,0,9,0,8,0,0,0,0,1,1,6,1,4,1390,1,20,-1,1
"27691","201501QA10321",1,9,0,9,0,8,0,0,0,0,1,1,6,1,6,2179,2,-1,-1,1
"27694","201501QA10323",1,9,0,18,0,0,0,0,0,0,1,1,6,2,6,1124,1,20,-1,1
"27695","201501QA10324",1,19,0,3,0,1,0,0,0,0,2,1,1,1,8,2998,2,8,-1,1
"27696","201501QA10324",2,9,0,18,0,1,0,0,0,0,1,1,6,2,5,1198,1,11,-1,1
"27697","201501QA10325",1,1,0,18,0,1,0,0,0,0,0,1,2,1,8,-1,-1,-1,-1,1
"27698","201501QA10326",1,9,0,9,0,1,0,0,0,0,1,1,2,2,8,1991,1,1,-1,1
"27699","201501QA10326",2,3,0,15,0,1,0,0,0,0,3,1,2,1,8,125,1,3,-1,1
"27700","201501QA10327",1,9,0,10,0,8,0,0,0,0,2,1,6,1,8,2494,1,11,-1,1
"27701","201501QA10327",2,9,0,18,0,8,0,0,0,0,1,1,6,1,-1,-1,-1,-1,-1,-1
"27702","201501QA10328",1,9,0,9,0,2,0,0,0,0,1,1,6,1,7,-1,-1,-1,-1,-1
"27704","201501QA10332",1,9,0,5,0,0,0,0,0,0,3,1,6,1,7,1198,1,-1,-1,1
"27705","201501QA10332",2,9,0,18,0,0,0,0,7,10,1,1,6,1,10,1798,1,18,-1,1
"27706","201501QA10333",1,9,0,9,0,8,0,0,0,0,1,1,2,1,8,647,8,-1,-1,1
"27707","201501QA10333",2,3,0,9,0,8,0,0,0,0,4,1,2,1,4,125,1,3,-1,1
"27712","201501QA10337",1,8,0,18,0,8,0,0,0,0,1,1,1,1,7,1497,8,7,-1,1
"27713","201501QA10337",2,9,0,9,0,8,0,10,0,0,1,1,6,2,6,4266,1,15,-1,1
"277141","201501QA10338",1,9,0,1,0,6,0,0,1,0,3,1,6,2,11,1242,1,2,-1,1
"277151","201501QA10338",2,9,0,18,0,2,0,0,1,0,3,1,6,2,9,1364,1,8,-1,1
"27716","201501QA10339",1,9,0,6,0,8,0,4,1,10,1,1,6,2,8,1796,1,7,-1,1
"27718","201501QA10341",1,11,0,5,0,0,0,0,0,0,4,1,1,1,9,4500,2,4,-1,1
"27719","201501QA10344",1,3,0,18,0,1,1,0,0,0,2,1,1,1,5,125,1,11,-1,-1
"277201","201501QA10344",2,9,0,18,0,1,0,0,0,0,1,1,6,3,-1,-1,-1,-1,-1,-1
"27723","201501QA10346",1,9,0,10,0,8,0,0,0,0,2,1,6,2,9,-1,-1,-1,-1,-1
"27724","201501QA10346",2,20,0,14,0,8,0,0,0,0,1,1,6,1,-1,-1,-1,-1,-1,1
"27725","201501QA10346",3,20,0,5,0,8,0,0,0,0,1,1,6,1,-1,6692,2,7,-1,-1
"27726","201501QA10348",1,9,0,2,0,2,0,0,0,0,3,1,6,2,7,1590,1,12,-1,1
"27727","201501QA10348",2,19,0,18,0,2,0,0,0,0,1,1,6,1,-1,-1,-1,-1,-1,-1
"27728","201501QA10349",1,9,0,3,0,1,0,0,0,0,2,1,6,2,7,1998,1,12,-1,1
"27729","201501QA10349",2,9,0,5,0,1,0,0,0,0,1,1,6,1,8,2995,1,14,-1,1
"27730","201501QA10350",1,9,0,18,0,1,0,0,0,0,4,1,6,1,11,1798,8,-1,-1,1
"27731","201501QA10351",1,9,0,10,0,1,0,0,0,0,2,1,6,2,4,1796,2,3,-1,1
"27732","201501QA10351",2,3,0,18,0,1,1,0,0,0,1,1,2,1,6,-1,-1,-1,-1,1
"27733","201501QA10352",1,9,0,3,0,0,0,0,0,0,2,1,6,2,7,1396,1,10,-1,1
"27734","201501QA10352",2,9,0,18,0,0,0,0,0,0,1,1,6,2,-1,-1,-1,-1,-1,-1
"277361","201501QA10355",1,9,0,4,0,1,0,0,0,0,2,1,2,2,7,1240,1,7,-1,1
"27737","201501QA10355",2,19,0,18,0,1,0,0,0,0,1,1,6,1,-1,2461,2,5,-1,-1
"27738","201501QA10357",1,9,0,6,0,0,0,0,0,0,3,1,6,1,5,2143,2,5,-1,1
"27739","201501QA10357",2,1,0,18,0,0,0,0,0,0,1,1,6,1,7,-1,-1,-1,-1,-1
"27740","201501QA10358",1,9,0,16,0,0,1,0,0,0,1,1,6,1,6,1248,2,5,-1,1
"277411","201501QA10358",2,9,0,17,0,0,1,0,0,0,1,1,6,1,5,1389,1,9,-1,1
"277421","201501QA10359",1,1,0,4,0,2,0,0,0,0,1,1,2,1,6,-1,-1,-1,-1,1
"27743","201501QA10359",2,9,0,4,0,2,0,0,0,0,2,1,3,1,7,4799,1,10,-1,1
"277441","201501QA10360",1,9,0,7,0,1,0,0,0,0,4,1,6,2,7,1998,1,10,-1,1
"27745","201501QA10360",2,1,0,18,0,1,0,0,0,0,3,1,1,1,5,-1,-1,-1,-1,1
"27746","201501QA10361",1,5,0,18,0,0,1,10,2,10,1,1,6,1,6,999,1,7,-1,1
"277531","201501QA10366",1,20,0,13,0,1,0,0,0,0,1,1,1,1,8,4461,2,6,-1,1
"27754","201501QA10366",2,9,0,9,0,1,0,0,0,0,3,1,6,2,6,1086,1,11,-1,1
"277551","201501QA10368",1,9,0,18,0,0,0,0,0,0,4,1,6,3,-1,2987,2,4,-1,-1
"27756","201501QA10369",1,9,0,3,0,0,0,0,0,0,2,1,2,2,4,1149,1,11,-1,1
"27757","201501QA10369",2,9,0,4,0,0,0,0,0,0,1,1,6,1,-1,1149,1,12,-1,-1
"27758","201501QA10370",1,9,0,3,0,1,0,0,0,0,2,1,6,2,10,1590,1,15,-1,1
"27759","201501QA10370",2,9,0,3,0,1,0,0,0,0,2,1,6,2,-1,1598,1,9,-1,1
"27760","201501QA10370",3,9,0,18,0,1,0,10,1,1,1,1,6,1,-1,1197,1,-1,-1,1
"27761","201501QA10372",1,9,0,18,0,1,0,0,0,0,1,1,6,3,-1,-1,-1,-1,-1,-1
"27762","201501QA10372",2,1,0,18,0,6,0,0,0,0,3,1,6,1,5,-1,-1,-1,-1,1
"27763","201501QA10373",1,3,0,13,0,8,0,0,0,0,4,1,2,1,6,124,1,-1,-1,1
"27764","201501QA10373",2,9,0,9,0,5,0,0,0,0,3,1,6,2,7,1794,1,12,-1,1
"277651","201501QA10374",1,9,0,4,0,0,0,0,0,0,3,1,6,1,7,1896,2,15,-1,1
"277661","201501QA10375",1,9,0,18,0,0,5,4,0,0,1,1,6,2,-1,1995,2,10,-1,1
"277671","201501QA10375",2,9,0,2,0,0,0,0,0,0,3,1,6,3,-1,1497,8,3,-1,-1
"277681","201501QA10375",3,9,0,2,0,0,0,0,0,0,3,1,6,3,-1,2000,2,9,-1,-1
"27769","201501QA10376",1,9,0,2,0,0,0,0,0,0,3,1,6,1,11,1590,1,10,-1,1
"27770","201501QA10376",2,1,0,18,0,0,0,8,0,0,1,1,6,2,5,-1,-1,-1,-1,1
"27771","201501QA10377",1,3,0,4,0,8,0,0,0,0,0,1,6,1,5,124,1,7,-1,1
"27772","201501QA10378",1,9,0,3,0,0,0,0,0,0,2,1,6,1,-1,2148,2,9,-1,1
"27773","201501QA10378",2,8,0,18,0,0,0,0,0,0,1,1,1,1,-1,1596,1,14,-1,1
"27774","201501QA10379",1,9,0,18,0,8,0,10,1,2,4,1,6,2,7,1995,2,4,-1,1
"27775","201501QA10379",2,9,0,9,0,8,0,0,0,0,1,1,6,3,-1,-1,-1,-1,-1,-1
"27776","201501QA10380",1,1,0,5,0,6,0,0,0,0,3,1,6,1,-1,-1,-1,-1,-1,1
"27777","201501QA10380",2,9,0,18,0,8,0,0,0,0,1,1,6,1,-1,-1,-1,-1,-1,-1
"27778","201501QA10381",1,11,0,4,0,0,0,0,0,0,0,1,1,1,8,5883,2,13,-1,1
"27779","201501QA10382",1,9,0,9,0,1,0,0,0,0,3,1,2,1,7,1968,2,8,-1,1
"27780","201501QA10382",2,9,0,18,0,1,0,0,0,0,1,1,2,1,6,1149,1,14,-1,1
"27781","201501QA10383",1,9,0,18,0,0,0,0,7,3,1,1,6,1,-1,998,1,15,-1,1
"27782","201501QA10384",1,3,0,18,0,8,0,4,0,0,1,1,6,1,5,102,1,9,-1,1
"27783","201501QA10384",2,9,0,2,0,8,0,0,0,0,3,1,6,1,7,2401,2,10,-1,1
"27784","201501QA10385",1,9,0,3,0,0,0,0,0,0,2,1,6,1,11,-1,-1,-1,-1,1