"","Acc_Index","Vehicle_Reference","Vehicle_Type","Towing_and_Articulation","Vehicle_Manoeuvre","Vehicle_Location.Restricted_Lane","Junction_Location","Skidding_and_Overturning","Hit_Object_in_Carriageway","Vehicle_Leaving_Carriageway","Hit_Object_off_Carriageway","X1st_Point_of_Impact","Was_Vehicle_Left_Hand_Drive","Journey_Purpose_of_Driver","Sex_of_Driver","Age_Band_of_Driver","Engine_Capacity_.CC.","Propulsion_Code","Age_of_Vehicle","Driver_IMD_Decile","Driver_Home_Area_Type"
"27785","201501QA10385",2,9,0,3,0,0,0,0,0,0,2,1,6,2,6,1598,1,8,-1,1
"27786","201501QA10385",3,9,0,18,0,0,0,0,0,0,1,1,6,1,-1,2497,2,10,-1,1
"277901","201501QA10387",1,9,0,9,0,8,0,0,0,0,1,1,2,1,7,2993,2,3,-1,1
"277911","201501QA10387",2,9,0,18,0,8,0,0,0,0,1,1,2,1,6,1796,1,9,-1,1
"27792","201501QA10388",1,3,0,18,0,1,0,0,0,0,3,1,1,1,6,-1,-1,-1,-1,1
"27793","201501QA10389",1,9,0,7,0,5,1,10,1,2,1,1,2,1,5,1968,2,10,-1,1
"27794","201501QA10390",1,8,0,18,0,8,0,0,0,0,4,1,1,1,6,1956,2,1,-1,1
"27795","201501QA10390",2,9,0,5,0,8,0,0,0,0,1,1,6,1,-1,-1,-1,-1,-1,-1
"27796","201501QA10391",1,3,0,18,0,8,0,0,0,0,2,1,1,1,8,100,1,16,-1,1
"27797","201501QA10391",2,9,0,5,0,8,0,0,0,0,1,1,6,2,9,2401,2,8,-1,1
"27798","201501QA10392",1,9,0,3,0,1,0,0,0,0,2,1,6,2,9,1998,1,9,-1,1
"27799","201501QA10392",2,9,0,18,0,1,0,0,0,0,1,1,6,2,-1,2993,2,4,-1,-1
"27800","201501QA10392",3,19,0,3,0,1,0,0,0,0,2,1,6,1,-1,1360,1,11,-1,-1
"27801","201501QA10394",1,9,0,1,0,1,0,0,0,0,2,1,1,1,7,1998,2,5,-1,1
"27802","201501QA10395",1,9,0,14,0,0,0,4,0,0,3,1,6,2,8,1895,1,14,-1,1
"27803","201501QA10395",2,11,0,14,0,0,0,4,0,0,3,1,1,1,7,7300,2,11,-1,1
"27804","201501QA10395",3,9,0,2,0,0,0,0,0,0,3,1,6,3,-1,998,1,16,-1,-1
"27805","201501QA10395",4,9,0,2,0,0,0,0,0,0,3,1,6,3,-1,1398,1,10,-1,-1
"27806","201501QA10396",1,9,0,13,0,1,0,0,0,0,0,1,1,2,8,-1,-1,-1,-1,-1
"27807","201501QA10396",2,9,0,3,0,2,0,0,0,0,2,1,3,2,6,1598,1,6,-1,1
"27808","201501QA10396",3,5,0,18,0,2,1,2,0,0,1,1,6,1,6,656,1,9,-1,3
"27809","201501QA10397",1,9,0,18,0,0,1,0,2,10,1,1,6,1,6,999,1,5,-1,1
"27810","201501QA10398",1,9,0,7,0,8,0,0,0,0,1,1,2,1,8,1596,1,4,-1,1
"27811","201501QA10398",2,1,0,9,0,8,0,0,0,0,4,1,6,1,9,-1,-1,-1,-1,1
"27812","201501QA10399",1,9,0,18,0,0,0,0,0,0,4,1,2,1,7,1896,2,7,-1,1
"27813","201501QA10399",2,9,0,6,0,0,0,0,0,0,1,1,2,2,8,1895,1,16,-1,1
"278141","201501QA10400",1,19,0,18,0,1,0,0,0,0,4,1,1,2,8,1399,2,5,-1,1
"27815","201501QA10401",1,9,0,6,0,8,0,0,0,0,3,1,2,2,6,996,1,6,-1,1
"27816","201501QA10401",2,4,0,13,0,8,0,0,0,0,1,1,6,1,9,124,1,9,-1,1
"27817","201501QA10403",1,9,0,9,0,6,0,0,0,0,3,1,6,2,6,1598,1,10,-1,1
"27818","201501QA10403",2,9,0,18,0,8,0,0,0,0,1,1,6,1,6,-1,-1,-1,-1,-1
"27819","201501QA10404",1,9,0,18,0,0,0,0,0,0,1,1,2,1,8,998,1,13,-1,1
"27820","201501QA10405",1,9,0,9,0,5,0,0,0,0,3,1,2,1,8,2184,2,5,-1,1
"27821","201501QA10405",2,1,0,13,0,8,0,0,0,0,1,1,6,1,10,-1,-1,-1,-1,1
"27823","201501QA10407",1,11,0,4,2,8,0,0,0,0,1,1,1,2,7,7300,2,13,-1,1
"27824","201501QA10408",1,9,0,18,0,1,0,0,0,0,1,1,6,1,-1,-1,-1,-1,-1,-1
"27827","201501QA10411",1,9,0,4,0,0,0,0,0,0,1,1,6,1,7,1299,1,13,-1,1
"278281","201501QA10411",2,9,0,3,0,0,0,0,0,0,2,1,6,1,6,2000,2,5,-1,1
"278291","201501QA10412",1,9,0,3,0,8,0,0,0,0,3,1,6,1,5,1596,1,15,-1,1
"278301","201501QA10412",2,9,0,1,0,6,0,0,0,0,2,1,6,2,-1,1590,1,10,-1,1
"27831","201501QA10414",1,9,0,18,0,0,0,0,0,0,1,1,6,2,6,1798,1,7,-1,1
"27832","201501QA10414",2,9,0,6,0,0,0,0,0,0,4,1,6,2,8,1995,2,6,-1,1
"27833","201501QA10415",1,9,0,8,0,8,0,0,0,0,1,1,6,1,7,1198,1,2,-1,1
"27834","201501QA10415",2,9,0,7,0,5,0,7,0,0,1,1,6,2,6,-1,-1,-1,-1,1
"27835","201501QA10416",1,9,0,18,0,0,0,0,0,0,1,1,6,1,9,1339,1,8,-1,1
"278361","201501QA10416",2,9,0,6,0,0,0,0,0,0,1,1,6,1,5,1798,1,7,-1,1
"278372","201501QA10417",1,11,0,3,0,0,0,0,0,0,2,1,1,1,7,7300,2,10,-1,1
"27838","201501QA10417",2,9,0,14,0,0,0,0,0,0,3,1,2,2,7,1124,1,11,-1,1
"27839","201501QA10417",3,9,0,14,0,0,0,0,0,0,4,1,1,1,9,2179,2,-1,-1,1
"27840","201501QA10418",1,9,0,18,0,0,0,0,0,0,3,1,6,1,8,1598,1,2,-1,1
"27841","201501QA10418",2,9,0,18,0,0,0,0,0,0,3,1,6,1,-1,1399,2,9,-1,1
"27842","201501QA10419",1,9,0,18,0,8,0,0,0,0,3,1,6,1,9,1242,1,14,-1,1
"27843","201501QA10419",2,20,0,9,0,8,0,0,0,0,1,1,6,1,-1,-1,-1,-1,-1,1
"27844","201501QA10420",1,9,0,5,0,8,0,10,3,1,1,1,6,1,11,1339,1,4,-1,1
"27845","201501QA10420",2,8,0,18,0,8,0,0,0,0,4,1,1,1,6,1997,2,3,-1,1
"27846","201501QA10422",1,9,0,17,0,0,0,0,0,0,3,1,6,1,7,1590,1,13,-1,1
"27847","201501QA10424",1,9,0,2,0,8,0,0,0,0,2,1,6,3,-1,1364,1,8,-1,-1
"27848","201501QA10424",2,5,0,18,0,8,0,4,1,2,1,1,6,1,7,599,1,5,-1,1
"27849","201501QA10426",1,4,0,4,0,1,1,0,0,0,0,1,6,1,8,124,1,13,-1,1
"27851","201501QA10428",1,9,0,18,0,1,0,0,0,0,1,1,3,2,-1,-1,-1,-1,-1,-1
"27854","201501QA10430",1,9,0,3,0,1,0,0,0,0,4,1,6,2,6,1997,2,6,-1,1
"27855","201501QA10430",2,9,0,5,0,1,0,0,0,0,3,1,6,2,6,1364,1,8,-1,1
"27856","201501QA10431",1,9,0,18,0,0,0,0,0,0,1,1,6,1,8,1396,1,5,-1,3
"27857","201501QA10432",1,9,0,18,0,8,0,10,1,7,3,1,6,2,5,1364,1,7,-1,1
"27858","201501QA10432",2,9,0,9,0,8,0,0,0,0,1,1,6,2,6,-1,-1,-1,-1,-1
"27861","201501QA10435",1,11,0,5,0,0,0,0,0,0,0,1,1,1,9,7300,2,13,-1,1
"278641","201501QA10437",1,9,0,6,0,0,0,0,0,0,3,1,6,1,7,1598,1,13,-1,-1
"27865","201501QA10437",2,5,0,13,0,0,0,0,0,0,1,1,6,1,8,918,1,19,-1,1
"27866","201501QA10438",1,19,0,9,0,6,0,7,0,0,1,1,1,1,9,2198,2,1,-1,1
"278671","201501QA10438",2,9,0,18,0,8,0,0,0,0,4,1,2,2,6,1598,2,-1,-1,1
"278681","201501QA10439",1,9,0,18,0,8,0,0,0,0,3,1,6,1,8,1497,8,9,-1,1
"278691","201501QA10439",2,9,0,9,0,8,0,0,0,0,1,1,6,1,5,1229,1,6,-1,1
"27870","201501QA10440",1,9,0,18,0,8,0,0,0,0,4,1,6,1,5,1124,1,14,-1,1
"27871","201501QA10440",2,9,0,9,0,8,0,0,0,0,1,1,6,1,-1,-1,-1,-1,-1,-1
"27872","201501QA10441",1,9,0,9,0,2,0,0,0,0,1,1,2,1,6,2191,2,1,-1,-1
"27873","201501QA10441",2,2,0,14,0,1,1,0,0,0,4,1,2,2,6,108,1,3,-1,1
"27876","201501QA10443",1,9,0,3,0,0,0,0,0,0,2,1,6,2,8,1997,1,11,-1,-1
"27877","201501QA10443",2,9,0,18,0,0,0,0,0,0,1,1,6,2,5,1598,2,1,-1,1
"27878","201501QA10443",3,9,0,3,0,0,0,0,0,0,2,1,6,1,6,1595,1,11,-1,1
"27879","201501QA10444",1,9,0,7,0,5,0,0,0,0,3,1,6,1,8,1896,1,19,-1,1
"27880","201501QA10444",2,9,0,5,0,6,0,4,3,10,1,1,6,2,11,1390,1,3,-1,1
"27881","201501QA10444",3,19,0,2,0,8,0,0,0,0,3,1,6,3,-1,1867,2,11,-1,-1
"27882","201501QA10445",1,9,0,18,0,8,0,0,0,0,4,1,2,2,8,1598,1,14,-1,1
"27883","201501QA10445",2,9,0,9,0,8,0,0,0,0,3,1,6,2,5,1598,1,5,-1,1
"27889","201501QA10448",1,9,0,3,0,1,0,0,0,0,2,1,6,2,5,1896,2,12,-1,1
"27890","201501QA10448",2,9,0,18,0,1,0,0,0,0,1,1,6,2,-1,1596,1,19,-1,-1
"278911","201501QA10449",1,9,0,9,0,8,0,0,7,4,1,1,2,2,5,1598,1,9,-1,1
"27892","201501QA10449",2,9,0,18,0,8,0,0,2,3,3,1,2,2,6,1229,1,10,-1,-1
"278931","201501QA10450",1,9,0,9,0,8,0,0,0,0,1,1,6,2,7,1598,1,10,-1,1
"278942","201501QA10450",2,2,0,18,0,8,0,0,0,0,4,1,6,1,4,124,1,8,-1,1
"27895","201501QA10451",1,9,0,18,0,8,0,0,0,0,3,1,6,1,7,1896,2,10,-1,1
"27896","201501QA10451",2,9,0,18,0,8,0,0,0,0,1,1,6,1,10,1590,1,12,-1,-1
"27897","201501QA10452",1,9,0,11,0,0,0,0,0,0,1,1,6,1,9,1248,1,5,-1,1
"278981","201501QA10452",2,8,0,18,0,0,0,0,0,0,1,1,6,1,8,1995,2,10,-1,1
"278992","201501QA10453",1,9,0,18,0,0,0,0,0,0,1,2,6,1,6,-1,-1,-1,-1,-1
"279001","201501QA10454",1,9,0,4,0,0,0,4,0,0,1,1,6,2,6,1389,1,17,-1,1
"27901","201501QA10454",2,9,0,2,0,0,0,0,1,0,2,1,6,3,-1,1997,1,13,-1,-1
"27902","201501QA10455",1,9,0,7,0,2,0,0,0,0,3,1,6,1,8,2969,2,7,-1,1
"279031","201501QA10456",1,9,0,9,0,5,0,0,0,0,1,1,2,2,8,-1,-1,-1,-1,1
"279041","201501QA10457",1,9,0,4,0,2,0,0,0,0,1,1,6,1,7,1242,1,13,-1,1
"27905","201501QA10457",2,9,0,14,0,1,0,0,0,0,1,1,6,1,8,2387,2,14,-1,-1
"27906","201501QA10458",1,9,0,18,0,2,0,10,1,2,1,1,6,1,8,2143,2,-1,-1,1
"27907","201501QA10459",1,3,0,14,0,6,0,0,0,0,4,1,6,1,4,124,1,2,-1,1
"27908","201501QA10459",2,9,0,5,0,6,0,0,0,0,1,1,6,2,7,1596,1,14,-1,1
"27909","201501QA10461",1,9,0,16,0,0,1,0,0,0,1,1,6,2,8,1560,2,5,-1,1
"27910","201501QA10461",2,9,0,17,0,0,0,0,0,0,1,1,6,2,5,2979,1,-1,-1,1
"27911","201501QA10462",1,9,0,9,0,2,1,10,7,0,1,1,6,1,5,1596,1,18,-1,1
"27912","201501QA10462",2,9,0,3,0,1,0,10,1,0,3,1,6,1,7,2204,2,10,-1,1
"27913","201501QA10463",1,9,0,18,0,8,0,0,0,0,2,1,6,2,9,1796,1,12,-1,1
"27914","201501QA10463",2,9,0,18,0,8,0,0,0,0,1,1,6,1,-1,1781,1,13,-1,-1
"27915","201501QA10464",1,9,0,16,0,1,0,0,0,0,2,1,6,2,6,1299,1,15,-1,1
"27916","201501QA10464",2,19,0,16,0,1,0,0,0,0,1,1,6,1,-1,1997,2,2,-1,-1
"27917","201501QA10465",1,9,0,3,0,1,0,0,0,0,1,1,3,1,7,1591,1,3,-1,1
"27918","201501QA10465",2,19,0,1,0,1,0,0,0,0,2,1,6,1,5,2402,2,6,-1,-1
"279191","201501QA10466",1,9,0,6,0,1,0,0,0,0,2,1,6,1,9,799,2,5,-1,1
"27920","201501QA10466",2,9,0,17,0,1,0,0,0,0,1,1,6,2,6,1198,1,9,-1,1
"27921","201501QA10467",1,9,0,2,0,0,0,0,0,0,3,1,6,2,7,1984,1,13,-1,1
"279221","201501QA10467",2,11,0,18,0,0,0,4,0,0,4,1,6,3,-1,7300,2,11,-1,-1
"27923","201501QA10468",1,9,0,9,0,8,0,0,0,0,1,1,6,2,6,1975,1,8,-1,1
"27924","201501QA10468",2,9,0,9,0,8,0,0,0,0,4,1,6,2,7,999,1,2,-1,1
"279251","201501QA10469",1,9,0,4,0,1,0,0,0,0,2,1,6,2,5,998,1,-1,-1,1
"279261","201501QA10469",2,9,0,18,0,1,0,0,0,0,1,1,6,1,10,1796,1,13,-1,1
"27927","201501QA10470",1,9,0,9,0,1,0,0,0,0,3,1,6,2,6,-1,-1,-1,-1,1
"27928","201501QA10470",2,3,0,18,0,1,0,0,0,0,1,1,6,1,5,125,1,10,-1,1
"27929","201501QA10471",1,3,0,18,0,0,0,0,0,0,1,1,6,3,-1,-1,-1,-1,-1,-1
"27930","201501QA10472",1,9,0,18,0,1,0,0,0,0,1,1,6,2,6,1590,1,10,-1,1
"27931","201501QA10472",2,9,0,9,0,1,0,0,0,0,3,1,6,1,9,2987,2,3,-1,1
"279321","201501QA10475",1,9,0,9,0,5,0,0,0,0,4,1,6,2,6,3456,8,3,-1,1
"279331","201501QA10475",2,2,0,15,0,8,0,0,0,0,1,1,6,1,4,124,1,7,-1,1
"279371","201501QA10478",1,9,0,2,0,0,0,0,0,0,4,1,6,2,8,998,1,16,-1,1
"279381","201501QA10478",2,9,0,18,0,0,0,4,0,0,3,1,6,3,-1,-1,-1,-1,-1,-1
"279391","201501QA10479",1,9,0,3,0,0,0,0,0,0,3,1,6,1,6,2143,2,4,-1,1
"279401","201501QA10479",2,9,0,14,0,0,0,0,0,0,4,1,6,1,-1,1461,2,11,-1,1
"279411","201501QA10480",1,9,0,18,0,2,0,0,0,0,1,1,6,2,5,1364,1,7,-1,1
"279421","201501QA10480",2,9,0,3,0,2,0,0,0,0,2,1,1,1,6,1896,2,7,-1,1
"279431","201501QA10482",1,9,0,18,0,2,0,0,0,0,1,1,6,1,7,1397,1,14,-1,1
"279441","201501QA10483",1,9,0,18,0,2,0,0,0,0,1,1,1,1,6,1299,1,17,-1,1
"279451","201501QA10484",1,9,0,9,0,1,0,0,0,0,1,1,3,1,6,1598,1,8,-1,1
"279461","201501QA10484",2,3,0,18,0,1,0,0,0,0,3,1,1,1,7,125,1,4,-1,1
"279471","201501QA10485",1,19,0,18,0,1,0,10,1,3,1,1,1,1,7,1968,2,3,-1,1
"279481","201501QA10486",1,9,0,18,0,1,1,0,0,0,1,1,6,2,7,1997,1,5,-1,1
"279491","201501QA10486",2,9,0,5,0,1,0,0,0,0,3,1,6,1,6,1797,8,6,-1,1
"279521","201501QA10488",1,11,0,9,0,2,0,0,0,0,1,1,1,1,7,4500,2,4,-1,1
"279531","201501QA10489",1,9,0,9,0,1,0,0,0,0,1,1,6,3,-1,-1,-1,-1,-1,-1
"279541","201501QA10490",1,11,0,2,0,1,0,0,0,0,3,1,1,2,-1,-1,-1,-1,-1,1
"279551","201501QA10490",2,9,0,14,0,1,0,4,0,0,4,1,6,3,-1,1596,1,12,-1,-1
"279561","201501QA10491",1,9,0,4,0,2,0,0,0,0,2,1,6,2,6,1229,1,4,-1,1
"279571","201501QA10491",2,9,0,18,0,2,0,0,0,0,1,1,6,3,-1,-1,-1,-1,-1,-1
"279581","201501QA10493",1,19,0,4,0,0,0,0,0,0,2,1,6,1,7,2461,2,12,-1,1
"279591","201501QA10493",2,9,0,4,0,0,0,0,0,0,2,1,6,1,9,2143,2,3,-1,1
"279601","201501QA10493",3,9,0,18,0,0,0,0,0,0,1,1,6,1,8,1299,1,13,-1,1
"279611","201501QA10494",1,3,0,18,0,0,0,0,0,0,3,1,1,1,5,125,1,7,-1,1
"279621","201501QA10494",2,9,0,14,0,0,0,0,0,0,3,1,6,1,10,1598,1,4,-1,1
"279651","201501QA10496",1,9,0,9,0,8,0,0,0,0,1,1,6,1,8,1248,2,5,-1,1
"279661","201501QA10496",2,9,0,18,0,8,1,7,1,1,1,1,6,1,5,1598,1,1,-1,-1
"279671","201501QA10496",3,9,0,3,0,1,0,0,0,0,1,1,6,1,6,1796,1,14,-1,1
"279681","201501QA10497",1,9,0,17,0,0,0,0,0,0,4,1,6,2,7,1400,1,10,-1,1
"279741","201501QA10501",1,1,0,18,0,1,0,0,0,0,1,1,2,1,6,-1,-1,-1,-1,1
"279751","201501QA10501",2,9,0,9,0,1,0,0,0,0,4,1,6,2,8,1229,1,3,-1,1
"279761","201501QA10502",1,9,0,4,0,2,0,0,0,0,2,1,6,1,6,1360,1,12,-1,1
"279771","201501QA10502",2,9,0,4,0,2,0,0,0,0,1,1,6,2,4,-1,-1,-1,-1,1
"279781","201501QA10502",3,9,0,4,0,2,0,0,0,0,2,1,6,1,9,-1,-1,-1,-1,1
"279791","201501QA10504",1,9,0,5,0,8,0,0,0,0,1,1,1,1,6,1598,1,13,-1,1
"279801","201501QA10504",2,9,0,18,0,8,0,4,1,10,4,1,2,1,5,1198,1,9,-1,1
"279811","201501QA10504",3,9,0,2,0,2,0,0,0,0,4,1,6,3,-1,-1,-1,-1,-1,-1
"279821","201501QA10505",1,9,0,18,0,8,0,0,0,0,1,1,6,2,6,1995,2,8,-1,1
"279831","201501QA10505",2,9,0,9,0,8,0,0,0,0,4,1,6,1,5,1149,1,11,-1,1
"279842","201501QA10506",1,9,0,5,0,8,0,0,0,0,3,1,6,1,7,2499,1,7,-1,1
"279851","201501QA10506",2,1,0,17,0,8,0,0,0,0,1,1,6,1,6,-1,-1,-1,-1,1
"279861","201501QA10507",1,19,0,14,0,1,0,0,0,0,1,1,6,1,6,1560,2,1,-1,1
"279871","201501QA10507",2,1,0,9,0,1,0,0,0,0,3,1,1,2,7,-1,-1,-1,-1,1
"279881","201501QA10508",1,9,0,17,0,8,0,0,0,0,1,1,6,2,9,1598,1,4,-1,1
"279892","201501QA10508",2,9,0,9,0,8,0,0,0,0,3,1,6,2,7,1240,1,9,-1,1
"279902","201501QA10509",1,9,0,18,0,8,0,0,0,0,1,1,6,2,7,2171,1,13,-1,1
"279911","201501QA10509",2,9,0,18,0,8,0,0,0,0,4,1,6,2,4,1240,1,8,-1,1
"279922","201501QA10510",1,9,0,18,0,8,0,0,0,0,4,1,1,2,-1,-1,-1,-1,-1,-1
"279932","201501QA10511",1,9,0,3,0,2,0,0,0,0,1,1,6,2,9,1596,1,3,-1,1
"279943","201501QA10511",2,9,0,1,0,1,0,0,0,0,2,1,6,2,-1,1997,1,14,-1,-1
"279952","201501QA10512",1,9,0,18,0,2,0,0,0,0,1,1,6,1,11,1398,2,12,-1,1
"279961","201501QA10513",1,9,0,3,0,0,0,0,0,0,2,1,6,2,8,1590,1,14,-1,1
"279972","201501QA10513",2,9,0,18,0,0,0,0,0,0,1,1,2,1,7,1397,1,14,-1,1
"279982","201501QA10513",3,9,0,3,0,0,0,0,0,0,2,1,6,2,6,-1,-1,-1,-1,-1
"279992","201501QA10513",4,9,0,3,0,0,0,0,0,0,2,1,6,2,6,1560,2,5,-1,1
"280002","201501QA10514",1,9,0,17,0,8,0,0,0,0,3,1,6,1,5,-1,-1,-1,-1,1
"280011","201501QA10514",2,9,0,17,0,8,0,0,0,0,1,1,6,1,5,2497,1,13,-1,1
"280021","201501QA10516",1,9,0,18,0,0,0,0,0,0,1,1,6,3,-1,-1,-1,-1,-1,-1
"280031","201501QA10517",1,9,0,2,0,1,0,0,0,0,3,1,6,1,7,998,1,-1,-1,1
"280041","201501QA10517",2,9,0,18,0,1,0,4,0,0,1,1,6,1,-1,-1,-1,-1,-1,-1
"280051","201501QA10518",1,9,0,9,0,8,0,0,0,0,3,1,6,2,8,1343,1,11,-1,1
"280061","201501QA10518",2,3,0,15,0,8,0,10,7,2,1,1,6,1,7,750,1,9,-1,1
"280071","201501QA10519",1,9,0,9,0,8,0,0,0,0,1,1,6,1,6,1984,1,7,-1,1
"280081","201501QA10519",2,9,0,18,0,8,0,0,0,0,3,1,6,1,8,1497,8,11,-1,1
"280092","201501QA10520",1,9,0,5,0,1,0,0,0,0,2,1,6,1,9,1997,2,11,-1,1
"280101","201501QA10520",2,9,0,18,0,1,0,0,0,0,1,1,6,1,-1,1596,1,9,-1,-1
"280111","201501QA10521",1,9,0,9,0,8,0,0,0,0,2,1,3,2,6,1198,1,1,-1,1
"280121","201501QA10521",2,9,0,18,0,8,0,0,0,0,1,1,3,2,6,1598,1,15,-1,1
"280131","201501QA10522",1,9,0,5,0,1,0,0,0,0,2,1,6,2,6,1968,2,11,-1,1
"280141","201501QA10522",2,9,0,5,0,1,0,0,0,0,1,1,6,2,7,1598,1,3,-1,1
"280151","201501QA10523",1,8,0,18,0,3,0,0,0,0,4,1,1,1,7,1797,8,4,-1,1
"280161","201501QA10523",2,9,0,18,0,3,0,0,0,0,3,1,6,2,8,1598,1,2,-1,-1
"280171","201501QA10524",1,9,0,18,0,1,0,0,0,0,1,1,6,1,6,1248,2,7,-1,1
"280182","201501QA10525",1,9,0,7,0,8,0,0,0,0,1,1,6,1,5,1781,1,13,-1,1
"280191","201501QA10525",2,9,0,18,0,8,0,10,7,0,4,1,2,1,6,1995,2,5,-1,1
"280202","201501QA10526",1,9,0,18,0,1,0,10,7,0,1,1,6,1,7,2494,1,15,-1,1
"280213","201501QA10526",2,9,0,9,0,1,0,10,3,10,3,1,6,2,8,1796,1,12,-1,1
"280221","201501QA10527",1,9,0,4,0,1,0,0,0,0,2,1,6,2,5,1364,1,9,-1,1
"280231","201501QA10527",2,19,0,18,0,1,0,0,0,0,1,1,6,1,7,1753,2,7,-1,1
"280241","201501QA10528",1,9,0,5,0,8,0,0,0,0,1,1,6,2,8,1596,1,1,-1,1
"280251","201501QA10528",2,9,0,18,0,8,0,0,0,0,4,1,6,1,8,1991,2,8,-1,1
"280261","201501QA10529",1,9,0,5,0,6,0,0,0,0,1,1,6,1,-1,2497,2,10,-1,-1
"280271","201501QA10530",1,9,0,18,0,8,0,0,0,0,1,1,3,2,8,1195,1,18,-1,1
"280281","201501QA10530",2,9,0,5,0,6,0,0,0,0,3,1,1,2,5,1984,1,3,-1,1
"280291","201501QA10532",1,9,0,18,0,1,0,0,0,0,3,1,3,2,7,1229,1,5,-1,1
"280301","201501QA10532",2,19,0,9,0,1,0,0,0,0,1,1,1,1,7,1968,2,1,-1,1
"280311","201501QA10533",1,9,0,4,0,0,0,0,0,0,3,1,6,2,8,1799,1,5,-1,1
"280321","201501QA10533",2,19,0,18,0,0,0,0,0,0,3,1,1,1,-1,4580,2,2,-1,-1
"280331","201501QA10534",1,9,0,18,0,0,0,4,1,10,1,1,6,1,11,1332,1,18,-1,1
"280341","201501QA10534",2,9,0,2,0,0,0,0,0,0,4,1,6,1,7,1242,1,5,-1,-1
"280351","201501QA10534",3,9,0,2,9,0,0,0,0,0,2,1,6,1,6,1398,2,3,-1,-1
"280361","201501QA10535",1,11,0,9,0,5,1,0,0,0,1,1,1,1,7,4760,2,2,-1,1
"280371","201501QA10537",1,3,0,4,0,0,0,0,0,0,1,1,1,1,6,124,1,6,-1,1
"280381","201501QA10537",2,9,0,5,0,0,0,0,0,0,3,1,6,2,-1,-1,-1,-1,-1,-1
"280391","201501QA10539",1,9,0,18,0,1,0,0,0,0,4,1,6,3,-1,-1,-1,-1,-1,-1
"280401","201501QA10541",1,9,0,3,0,1,0,0,0,0,2,1,6,2,11,-1,-1,-1,-1,1
"280411","201501QA10541",2,9,0,18,0,1,0,0,0,0,1,1,6,2,-1,1590,1,12,-1,-1
"280421","201501QA10542",1,9,0,5,0,1,0,0,0,0,3,1,6,2,8,1598,1,-1,-1,1
"280431","201501QA10542",2,11,0,5,0,1,0,0,0,0,4,1,6,3,-1,-1,-1,-1,-1,-1
"280441","201501QA10543",1,9,0,18,0,0,0,0,0,0,1,1,6,2,5,1398,1,-1,-1,1
"280451","201501QA10543",2,9,0,5,0,0,0,0,0,0,1,1,6,1,-1,-1,-1,-1,-1,1
"280461","201501QA19001",1,9,0,9,0,5,0,0,0,0,4,1,6,1,8,2000,1,18,-1,1
"280471","201501QA19001",2,3,0,18,0,8,0,0,0,0,1,1,1,1,6,125,1,6,-1,-1
"280481","201501QA19002",1,9,0,9,0,1,0,0,0,0,4,1,6,2,8,1339,1,7,-1,1
"280491","201501QA19002",2,9,0,18,2,1,0,0,0,0,1,1,6,2,6,2996,1,10,-1,1
"280501","201501QA19003",1,9,0,9,0,5,0,0,0,0,1,1,1,1,8,1686,2,4,-1,1
"280511","201501QA19004",1,9,0,2,0,8,0,0,0,0,3,1,6,1,6,-1,-1,-1,-1,1
"280521","201501QA19004",2,9,0,1,0,6,0,4,0,0,2,1,6,2,10,1796,1,9,-1,1
"280532","201501QA19006",1,9,0,18,0,0,5,4,0,0,1,1,6,2,11,1596,1,3,-1,1
"280541","201501QA19006",2,9,0,2,0,0,0,0,0,0,2,1,6,1,-1,1598,1,6,-1,-1
"280552","201501QA19006",3,9,0,2,0,0,0,0,0,0,2,1,6,3,-1,-1,-1,-1,-1,-1
"280562","201501QA19008",1,9,0,5,0,6,0,0,1,1,3,1,6,2,7,1595,1,7,-1,1
"280572","201501QA19008",2,9,0,18,0,8,0,0,0,0,1,1,6,1,5,-1,-1,-1,-1,1
"280581","201501QA19009",1,3,0,13,0,8,1,0,7,4,1,1,2,1,4,124,1,6,-1,1
"280591","201501QA19009",2,9,0,9,0,5,0,0,0,0,3,1,2,1,5,1598,1,8,-1,1
"280601","201501QA19009",3,9,0,4,0,1,0,0,0,0,2,1,2,2,8,1596,1,11,-1,1
"280611","201501QA19009",4,19,0,18,0,1,0,0,0,0,1,1,6,1,4,2148,2,10,-1,1
"280621","201501QA19011",1,9,0,1,0,1,0,0,0,0,2,1,6,1,8,-1,-1,-1,-1,1
"280632","201501QA19012",1,9,0,1,0,2,0,0,0,0,2,1,6,1,5,1389,1,19,-1,1
"280642","201501QA19018",1,19,0,18,0,0,0,0,0,0,1,1,6,1,5,1753,2,7,-1,1
"280651","201501QA19018",2,9,0,3,0,0,0,0,0,0,2,1,6,2,7,1598,1,8,-1,1
"280661","201501QA19018",3,9,0,3,0,0,0,0,0,0,2,1,6,1,9,1997,2,13,-1,1
"280672","201501QA19020",1,9,0,18,0,8,0,0,0,0,1,1,6,2,6,1240,1,12,-1,1
"280682","201501QA19020",2,9,0,9,0,5,0,0,0,0,1,1,6,1,6,1753,2,7,-1,1
"280692","201501QA19022",1,9,0,18,0,0,0,4,0,0,1,1,6,2,4,1242,1,12,-1,1