"","Acc_Index","Vehicle_Reference","Vehicle_Type","Towing_and_Articulation","Vehicle_Manoeuvre","Vehicle_Location.Restricted_Lane","Junction_Location","Skidding_and_Overturning","Hit_Object_in_Carriageway","Vehicle_Leaving_Carriageway","Hit_Object_off_Carriageway","X1st_Point_of_Impact","Was_Vehicle_Left_Hand_Drive","Journey_Purpose_of_Driver","Sex_of_Driver","Age_Band_of_Driver","Engine_Capacity_.CC.","Propulsion_Code","Age_of_Vehicle","Driver_IMD_Decile","Driver_Home_Area_Type"
"280702","201501QA19022",2,9,0,18,0,0,0,0,0,0,3,1,6,1,5,1598,1,2,-1,1
"280711","201501QA19022",3,9,0,2,0,0,0,0,0,0,3,1,6,3,-1,-1,-1,-1,-1,-1
"280751","201501QA19025",1,9,0,9,0,5,0,0,0,0,4,1,6,1,4,1364,1,6,-1,1
"280761","201501QA19025",2,2,0,4,0,8,0,0,0,0,1,1,6,1,4,124,1,9,-1,1
"280771","201501QA19026",1,9,0,18,0,8,0,0,0,0,3,1,6,1,7,1596,1,12,-1,1
"280782","201501QA19026",2,1,0,18,0,8,0,0,0,0,1,1,6,2,8,-1,-1,-1,-1,1
"280793","201501QA19033",1,9,0,4,0,1,0,0,0,0,1,1,6,1,9,1587,1,10,-1,1
"280802","201501QA19033",2,9,0,18,0,1,0,0,0,0,2,1,6,1,9,2231,2,3,-1,1
"280811","201501QA19042",1,9,0,17,0,1,0,0,0,0,1,1,2,1,5,1595,1,12,-1,1
"280821","201501QA19042",2,9,0,9,0,1,0,0,0,0,3,1,6,2,5,1796,1,10,-1,1
"280831","201501QA19044",1,9,0,5,0,0,0,0,0,0,1,1,6,1,-1,4163,1,5,-1,-1
"280861","201501QA19059",1,9,0,18,0,0,0,4,0,0,1,1,6,2,10,2143,2,1,-1,1
"280871","201501QA19059",2,9,0,2,0,0,0,0,0,0,2,1,6,1,6,2148,2,9,-1,-1
"280901","201501QA19079",1,9,0,18,0,0,0,0,0,0,1,1,6,2,8,-1,-1,-1,-1,1
"280911","201501QA19096",1,9,0,16,0,8,0,0,0,0,1,1,6,1,7,1198,1,12,-1,1
"280921","201501QA19096",2,9,0,16,0,8,0,0,0,0,2,1,6,2,7,1896,2,11,-1,1
"280931","201501QA19114",1,9,0,2,0,0,0,0,0,0,3,1,6,1,8,1995,2,6,-1,1
"280941","201501QA19114",2,1,0,16,0,0,0,8,0,0,1,1,6,1,7,-1,-1,-1,-1,1
"280952","201501QA19116",1,9,0,18,0,1,0,10,1,7,3,1,6,1,5,-1,-1,-1,-1,1
"280961","201501QA19116",2,9,0,11,0,1,0,0,0,0,4,1,6,3,-1,-1,-1,-1,-1,-1
"280971","201501QA19118",1,9,0,16,0,8,0,0,0,0,3,1,6,1,6,1329,1,2,-1,-1
"280982","201501QA19118",2,9,0,9,0,8,0,0,0,0,1,1,6,2,8,1596,1,11,-1,1
"280991","201501QA19125",1,9,0,18,0,0,0,4,1,2,1,1,6,2,4,1587,1,9,-1,1
"28100","201501QA19125",2,9,0,2,0,0,0,0,0,0,3,1,6,3,-1,-1,-1,-1,-1,-1
"28101","201501QA19155",1,9,0,18,0,1,0,0,0,0,1,1,2,1,9,2143,2,-1,-1,1
"28102","201501QA19171",1,9,0,9,0,8,0,0,0,0,3,1,6,2,6,1390,1,3,-1,1
"281031","201501QA19171",2,2,0,18,0,8,0,0,0,0,1,1,6,1,6,108,1,2,-1,1
"281321","201501QK50032",1,9,0,18,0,1,0,0,0,0,1,1,6,1,6,-1,-1,-1,-1,1
"281331","201501QK50032",2,9,0,4,0,1,0,0,0,0,2,1,6,2,7,-1,-1,-1,-1,1
"281341","201501QK50032",3,9,0,3,0,1,0,0,0,0,2,1,6,2,6,-1,-1,-1,-1,1
"286211","201501QK50363",1,11,0,5,2,8,0,0,0,0,0,1,1,1,9,4500,2,5,-1,-1
"28967","201501QK50580",1,3,0,13,0,1,0,0,0,0,1,1,6,1,4,124,1,5,-1,1
"28968","201501QK50580",2,8,0,9,0,1,0,0,0,0,3,1,1,1,7,-1,-1,-1,-1,1
"292182","201501QK50734",1,9,0,10,0,8,0,0,0,0,2,1,6,1,8,1598,1,11,-1,1
"29219","201501QK50734",2,19,0,4,0,8,1,0,0,0,1,1,6,1,6,2148,2,7,-1,1
"29545","201501QK50941",1,5,0,18,0,8,0,0,0,0,1,1,6,1,6,599,1,18,-1,1
"29546","201501QK50941",2,19,0,7,0,8,0,0,0,0,1,1,6,1,6,2298,2,3,-1,1
"29607","201501QK50978",1,1,0,9,0,8,0,0,0,0,1,1,6,1,6,-1,-1,-1,-1,1
"29608","201501QK50978",2,9,0,7,0,8,0,0,0,0,1,1,6,1,8,998,1,15,-1,1
"29611","201501QK50980",1,9,0,18,0,8,0,0,0,0,1,1,6,3,-1,-1,-1,-1,-1,-1
"297121","201501RG40034",1,9,0,18,0,8,0,0,0,0,1,1,6,1,8,1896,2,6,-1,1
"306781","201501RG40711",1,9,0,9,0,8,0,0,0,0,4,1,6,1,4,1149,1,15,-1,1
"306792","201501RG40711",2,19,0,18,0,8,0,0,0,0,1,1,6,1,5,-1,-1,-1,-1,1
"308042","201501RG49076",1,9,0,9,0,8,0,0,0,0,1,1,6,2,8,1781,1,12,-1,1
"308052","201501RG49076",2,9,0,18,0,8,0,0,0,0,1,1,6,2,5,1242,1,2,-1,1
"316112","201501RY10467",1,9,0,16,0,0,0,0,0,0,1,1,6,1,5,1299,1,13,-1,1
"316122","201501RY10467",2,9,0,17,0,0,0,0,0,0,3,1,6,1,4,1600,2,5,-1,3
"336182","201501TD00022",1,9,0,7,0,2,0,0,0,0,4,1,6,1,11,2499,1,6,-1,1
"33620","201501TD00024",1,19,0,1,0,0,0,0,0,0,2,1,6,2,8,1968,2,1,-1,1
"33627","201501TD00029",1,9,0,18,0,2,0,0,0,0,1,1,6,1,7,2979,1,14,-1,1
"33628","201501TD00030",1,9,0,18,0,1,5,0,1,4,4,1,6,1,5,2099,1,13,-1,1
"33658","201501TD00054",1,3,0,18,0,0,0,10,2,10,1,1,6,1,5,125,1,6,-1,1
"33674","201501TD00070",1,5,0,18,0,8,1,0,0,0,3,1,6,1,6,749,1,8,-1,1
"33675","201501TD00070",2,9,0,9,0,8,0,0,0,0,4,1,6,2,9,1149,1,2,-1,1
"33683","201501TD00075",1,9,0,18,0,8,0,0,0,0,1,1,6,1,5,1582,2,2,-1,1
"33684","201501TD00075",2,8,0,18,0,8,0,0,0,0,3,1,1,1,8,2499,2,4,-1,-1
"33685","201501TD00076",1,9,0,18,0,0,0,0,0,0,4,1,6,1,5,1364,1,9,-1,1
"33691","201501TD00081",1,9,0,18,0,8,0,0,0,0,1,1,6,1,6,1997,2,6,-1,-1
"33692","201501TD00081",2,1,0,18,0,8,0,0,0,0,4,1,6,1,9,-1,-1,-1,-1,1
"33707","201501TD00096",1,9,0,18,0,0,0,0,0,0,1,1,6,2,10,1339,1,9,-1,1
"33708","201501TD00096",2,11,0,18,0,0,0,0,0,0,1,1,1,2,8,9200,2,9,-1,-1
"33710","201501TD00099",1,5,0,17,0,0,1,0,0,0,1,1,6,1,9,865,1,6,-1,1
"33711","201501TD00099",2,9,0,17,0,0,0,0,0,0,1,1,6,1,9,1796,1,8,-1,1
"33724","201501TD00108",1,3,0,18,0,0,1,7,7,1,1,1,6,1,4,124,1,-1,-1,1
"33739","201501TD00123",1,5,0,17,0,0,0,0,1,4,1,1,6,1,5,750,1,5,-1,1
"33751","201501TD00141",1,19,0,9,0,1,0,0,0,0,3,1,6,1,7,1968,2,2,-1,1
"33752","201501TD00141",2,5,0,13,0,1,0,10,7,1,1,1,6,1,9,1255,1,6,-1,1
"33785","201501TW60001",1,9,0,9,0,8,0,0,0,0,3,1,2,1,10,2597,1,13,-1,1
"33786","201501TW60001",2,1,0,17,0,8,0,0,0,0,1,1,2,2,10,-1,-1,-1,-1,1
"33787","201501TW60003",1,9,0,2,0,0,0,0,0,0,3,1,6,1,10,1995,2,1,-1,1
"33788","201501TW60003",2,9,0,18,0,0,0,0,0,0,1,1,6,1,7,1242,1,6,-1,1
"33789","201501TW60005",1,9,0,9,0,8,0,0,0,0,4,1,1,1,9,1968,2,7,-1,1
"33790","201501TW60005",2,1,0,16,0,8,0,0,0,0,1,1,2,1,7,-1,-1,-1,-1,1
"33791","201501TW60007",1,3,0,14,0,8,0,4,0,0,1,1,2,1,5,-1,-1,-1,-1,-1
"33792","201501TW60007",2,9,0,2,0,8,0,0,0,0,3,1,6,3,-1,-1,-1,-1,-1,-1
"33793","201501TW60009",1,8,0,7,0,8,0,0,0,0,1,1,1,1,8,1995,2,11,-1,1
"33794","201501TW60011",1,9,0,3,0,8,0,0,0,0,2,1,6,1,8,2993,2,2,-1,1
"33795","201501TW60011",2,9,0,4,0,8,0,0,0,0,1,1,6,2,6,1587,1,9,-1,1
"33796","201501TW60013",1,9,0,18,2,0,0,0,0,0,1,1,6,1,7,1598,2,3,-1,1
"33797","201501TW60015",1,9,0,9,0,8,0,0,0,0,1,1,6,1,11,1397,1,6,-1,1
"33798","201501TW60015",2,9,0,9,0,8,0,0,0,0,4,1,6,1,6,2993,2,12,-1,1
"33799","201501TW60016",1,1,0,18,0,1,0,8,0,0,1,1,6,2,10,-1,-1,-1,-1,1
"33800","201501TW60016",2,9,0,2,0,1,0,0,0,0,3,1,6,1,-1,1364,1,5,-1,1
"33801","201501TW60017",1,9,0,9,0,8,0,0,0,0,1,1,6,1,10,2171,1,13,-1,-1
"33802","201501TW60017",2,1,0,18,0,8,0,0,0,0,4,1,6,1,6,-1,-1,-1,-1,1
"33803","201501TW60018",1,9,0,6,0,0,0,0,0,0,3,1,6,1,8,2993,2,5,-1,1
"33804","201501TW60018",2,3,0,18,0,0,0,0,0,0,1,1,6,2,4,124,1,1,-1,1
"33805","201501TW60019",1,1,0,18,0,8,0,0,0,0,4,1,6,2,6,-1,-1,-1,-1,1
"33806","201501TW60019",2,9,0,9,0,8,0,0,0,0,1,1,6,1,-1,-1,-1,-1,-1,-1
"33807","201501TW60020",1,9,0,3,0,0,0,0,0,0,2,1,6,2,6,1389,1,11,-1,1
"33808","201501TW60020",2,9,0,4,0,0,0,0,0,0,1,1,6,1,-1,1399,1,9,-1,-1
"33809","201501TW60021",1,9,0,2,0,0,0,0,0,0,3,1,6,1,8,1686,2,5,-1,1
"33810","201501TW60021",2,1,0,18,0,0,0,8,0,0,1,1,6,1,5,-1,-1,-1,-1,1
"33811","201501TW60022",1,9,0,18,0,8,0,10,1,10,1,1,6,2,8,-1,-1,-1,-1,1
"33812","201501TW60022",2,9,0,18,0,8,0,0,0,0,4,1,6,1,4,-1,-1,-1,-1,1
"33813","201501TW60024",1,3,0,14,0,0,0,0,0,0,1,1,6,1,5,124,1,5,-1,1
"33814","201501TW60025",1,8,0,4,0,0,0,0,0,0,4,1,1,1,8,1798,8,2,-1,1
"33815","201501TW60026",1,9,0,18,0,1,0,0,0,0,1,1,1,2,4,1198,1,4,-1,1
"33816","201501TW60027",1,1,0,18,0,1,0,0,0,0,3,1,6,1,6,-1,-1,-1,-1,-1
"33817","201501TW60027",2,9,0,18,0,1,0,0,0,0,4,1,6,1,-1,1995,1,11,-1,-1
"33818","201501TW60028",1,19,0,10,0,1,0,0,0,0,2,1,2,1,6,-1,-1,-1,-1,1
"33819","201501TW60028",2,3,0,18,0,1,1,0,0,0,1,1,2,1,5,125,1,1,-1,1
"33820","201501TW60030",1,9,0,14,0,0,0,0,0,0,1,1,2,1,6,1329,1,5,-1,1
"33821","201501TW60031",1,9,0,3,0,0,0,0,0,0,2,1,6,1,7,1984,1,8,-1,1
"33822","201501TW60031",2,1,0,18,0,0,0,0,0,0,1,1,6,2,5,-1,-1,-1,-1,-1
"33823","201501TW60032",1,9,0,4,0,0,0,0,0,0,2,1,6,1,5,1997,1,2,-1,1
"33824","201501TW60032",2,10,0,4,0,0,0,0,0,0,1,1,1,1,8,2198,2,3,-1,-1
"33825","201501TW60034",1,9,0,18,0,8,0,0,0,0,3,1,3,1,7,-1,-1,-1,-1,1
"33826","201501TW60034",2,9,0,7,0,8,0,0,0,0,1,1,6,1,-1,1998,1,11,-1,-1
"33827","201501TW60036",1,1,0,4,0,8,0,0,0,0,1,1,1,1,7,-1,-1,-1,-1,1
"33828","201501TW60036",2,9,0,9,0,8,0,0,1,0,1,1,6,3,-1,-1,-1,-1,-1,-1
"33829","201501TW60037",1,11,0,4,0,8,0,0,0,0,1,1,1,1,6,3900,2,12,-1,1
"33830","201501TW60037",2,9,0,18,0,8,0,0,0,0,4,1,6,1,6,-1,-1,-1,-1,-1
"33831","201501TW60038",1,5,0,4,0,0,0,0,0,0,1,1,2,1,8,998,1,4,-1,1
"33832","201501TW60039",1,8,0,6,0,0,0,0,0,0,3,1,1,1,7,1797,8,5,-1,1
"33833","201501TW60039",2,3,0,13,0,0,0,0,0,0,1,1,1,1,6,125,1,9,-1,1
"33834","201501TW60041",1,11,0,4,0,8,0,0,0,0,2,1,1,1,7,6374,2,4,-1,1
"33835","201501TW60041",2,9,0,4,0,8,0,0,0,0,1,1,2,2,10,1596,1,6,-1,1
"33836","201501TW60042",1,9,0,6,0,8,0,0,0,0,1,1,6,2,8,1596,1,4,-1,1
"33837","201501TW60042",2,1,0,18,0,8,0,0,1,0,1,1,6,1,6,-1,-1,-1,-1,1
"33838","201501TW60043",1,9,0,18,0,0,0,0,0,0,1,1,6,1,9,1497,8,9,-1,1
"33839","201501TW60045",1,9,0,9,0,0,0,0,0,0,1,1,6,2,6,-1,-1,-1,-1,1
"33840","201501TW60045",2,9,0,18,0,0,0,0,0,0,2,1,4,2,7,-1,-1,-1,-1,1
"33841","201501TW60046",1,9,0,1,0,8,0,0,0,0,2,1,2,2,4,1360,1,11,-1,1
"33842","201501TW60046",2,21,0,4,0,8,0,0,0,0,4,1,1,1,8,-1,-1,-1,-1,1
"33843","201501TW60047",1,19,0,1,0,8,0,0,0,0,2,1,1,1,-1,1870,2,11,-1,-1
"33844","201501TW60049",1,9,0,5,0,8,0,0,0,0,3,1,6,1,7,3189,1,11,-1,1
"33845","201501TW60049",2,1,0,17,0,8,0,0,0,0,4,1,6,1,7,-1,-1,-1,-1,1
"33846","201501TW60050",1,8,0,4,0,8,0,0,0,0,4,1,6,2,8,-1,-1,-1,-1,1
"33847","201501TW60051",1,9,0,7,0,8,0,0,0,0,1,1,3,2,7,2497,2,11,-1,1
"33848","201501TW60051",2,9,0,18,0,8,0,0,0,0,1,1,3,1,7,-1,-1,-1,-1,1
"33849","201501TW60053",1,9,0,5,0,8,0,0,0,0,1,1,2,1,8,2143,12,2,-1,-1
"33850","201501TW60053",2,1,0,3,0,8,0,0,0,0,3,1,2,2,6,-1,-1,-1,-1,1
"33851","201501TW60057",1,8,0,9,0,8,0,0,0,0,1,1,2,1,9,1956,2,2,-1,1
"33852","201501TW60057",2,3,0,18,0,8,0,0,0,0,1,1,2,1,7,670,1,2,-1,1
"33853","201501TW60058",1,8,0,5,0,8,0,0,0,0,3,1,1,1,9,1910,2,6,-1,1
"33854","201501TW60058",2,21,0,11,0,8,0,0,0,0,4,1,1,3,-1,-1,-1,-1,-1,-1
"33855","201501TW60059",1,9,0,13,0,0,0,0,0,0,4,1,6,1,9,2143,2,4,-1,1
"33856","201501TW60059",2,1,0,18,0,0,0,0,0,0,3,1,6,1,6,-1,-1,-1,-1,1
"33857","201501TW60060",1,9,0,18,0,8,0,0,0,0,1,1,6,1,6,1968,2,8,-1,1
"33858","201501TW60060",2,9,0,4,0,8,0,0,0,0,2,1,6,2,4,998,1,8,-1,1
"33859","201501TW60061",1,1,0,18,0,0,0,0,0,0,1,1,2,1,7,-1,-1,-1,-1,1
"33860","201501TW60061",2,20,0,4,0,0,0,0,0,0,2,1,2,1,7,6692,2,3,-1,1
"33861","201501TW60062",1,9,0,14,0,0,0,0,0,0,4,1,6,1,10,1896,2,13,-1,1
"33862","201501TW60063",1,9,0,18,0,8,0,0,0,0,1,1,6,1,-1,1910,2,8,-1,-1
"33863","201501TW60064",1,9,0,18,0,0,0,10,2,10,4,1,6,1,8,1598,1,6,-1,1
"33864","201501TW60064",2,9,0,18,0,0,0,0,0,0,3,1,6,1,8,2000,1,9,-1,1
"33865","201501TW60065",1,5,0,14,0,0,0,0,0,0,1,1,6,1,8,998,1,9,-1,1
"33866","201501TW60066",1,1,0,18,0,8,0,0,0,0,1,1,6,2,5,-1,-1,-1,-1,1
"33867","201501TW60066",2,9,0,16,0,8,0,0,0,0,1,1,6,3,-1,-1,-1,-1,-1,-1
"33868","201501TW60067",1,1,0,17,0,8,0,0,0,0,1,1,2,1,6,-1,-1,-1,-1,1
"33869","201501TW60067",2,9,0,9,0,8,0,0,0,0,1,1,2,1,6,1149,1,8,-1,1
"33870","201501TW60068",1,5,0,13,0,0,0,10,7,10,4,1,6,1,6,649,1,1,-1,1
"33871","201501TW60068",2,9,0,9,0,0,0,0,0,0,3,1,6,1,4,1390,1,14,-1,1
"33872","201501TW60069",1,5,0,18,0,8,0,0,0,0,1,1,6,1,5,645,1,6,-1,1
"33873","201501TW60069",2,9,0,9,0,8,0,0,0,0,4,1,6,2,-1,999,1,16,-1,1
"33874","201501TW60071",1,9,0,18,0,8,0,4,0,0,4,1,6,1,5,-1,-1,-1,-1,1
"33875","201501TW60071",2,9,0,9,0,8,0,0,0,0,1,1,2,2,8,1329,1,3,-1,1
"33876","201501TW60071",3,9,0,2,0,2,0,0,0,0,2,1,6,3,-1,1796,1,12,-1,-1
"33877","201501TW60072",1,1,0,9,0,8,0,0,0,0,1,1,6,1,8,-1,-1,-1,-1,1
"33878","201501TW60072",2,9,0,18,0,8,0,0,0,0,1,1,6,1,8,-1,-1,-1,-1,1
"33879","201501TW60073",1,9,0,7,0,8,0,0,0,0,1,1,6,1,8,2967,2,5,-1,1
"33880","201501TW60073",2,1,0,18,0,8,0,0,0,0,2,1,6,1,11,-1,-1,-1,-1,1
"33881","201501TW60074",1,5,0,4,0,8,0,0,0,0,1,1,2,1,7,-1,-1,-1,-1,1
"33882","201501TW60075",1,1,0,18,0,2,0,0,0,0,4,1,6,1,8,-1,-1,-1,-1,1
"33883","201501TW60075",2,9,0,5,0,2,0,0,0,0,3,1,6,2,-1,1595,1,-1,-1,2
"33884","201501TW60076",1,9,0,18,0,0,0,10,1,1,4,1,6,1,6,1798,1,3,-1,1
"33885","201501TW60077",1,20,0,3,0,1,0,0,0,0,2,1,1,1,8,3920,2,9,-1,1
"33886","201501TW60077",2,11,0,18,0,1,0,0,0,0,1,1,1,2,8,9000,2,6,-1,1
"33887","201501TW60078",1,9,0,5,0,1,0,0,0,0,1,1,6,2,7,2987,2,5,-1,1
"33888","201501TW60078",2,9,0,3,0,1,0,0,0,0,2,1,6,1,8,1198,1,12,-1,1
"33889","201501TW60079",1,3,0,18,0,8,0,0,0,0,3,1,2,1,8,102,1,8,-1,1
"33890","201501TW60079",2,9,0,13,0,8,0,0,0,0,4,1,2,2,10,1332,1,4,-1,1
"33891","201501TW60080",1,9,0,18,0,0,0,0,0,0,1,1,6,2,6,-1,-1,-1,-1,1
"33892","201501TW60080",2,9,0,4,0,0,0,0,0,0,2,1,6,2,6,-1,-1,-1,-1,1
"33893","201501TW60080",3,9,0,3,0,0,0,0,0,0,2,1,6,1,7,1598,1,10,-1,1
"33894","201501TW60081",1,9,0,9,0,8,0,0,1,0,1,1,2,1,7,1364,2,5,-1,1
"33895","201501TW60081",2,1,0,9,0,8,0,0,0,0,1,1,2,1,6,-1,-1,-1,-1,1
"33896","201501TW60082",1,9,0,12,0,0,0,0,0,0,3,1,6,1,6,-1,-1,-1,-1,1
"33897","201501TW60082",2,3,0,12,0,0,0,0,0,0,2,1,6,1,6,124,1,7,-1,1
"33898","201501TW60083",1,9,0,18,0,0,0,0,0,0,1,1,6,1,8,1527,2,13,-1,1
"33899","201501TW60083",2,9,0,18,0,0,0,0,0,0,1,1,6,2,7,1399,2,8,-1,1
"33900","201501TW60084",1,3,0,18,0,8,0,0,0,0,0,1,2,1,6,124,1,-1,-1,1
"33901","201501TW60084",2,9,0,9,0,8,0,0,0,0,0,1,6,3,-1,-1,-1,-1,-1,-1
"33902","201501TW60085",1,9,0,7,0,8,0,4,0,0,1,1,6,1,-1,998,1,12,-1,1
"33903","201501TW60085",2,9,0,2,0,8,0,0,0,0,3,1,6,1,-1,1388,1,9,-1,1
"33904","201501TW60086",1,9,0,5,0,8,0,0,0,0,4,1,6,1,11,1388,1,8,-1,3
"33905","201501TW60086",2,1,0,5,0,8,0,0,0,0,1,1,4,2,6,-1,-1,-1,-1,1
"339081","201501TW60088",1,9,0,18,0,8,0,0,0,0,4,1,6,1,6,1998,1,10,-1,1
"339091","201501TW60088",2,19,0,15,0,8,0,0,0,0,1,1,6,3,-1,-1,-1,-1,-1,-1
"33910","201501TW60089",1,1,0,18,0,8,0,0,0,0,1,1,2,1,7,-1,-1,-1,-1,1
"33911","201501TW60089",2,9,0,9,0,8,0,0,0,0,1,1,3,1,-1,1796,1,12,-1,-1
"33912","201501TW60090",1,3,0,18,0,0,1,4,0,0,1,1,2,1,8,124,1,5,-1,1
"33913","201501TW60090",2,19,0,2,0,0,0,0,0,0,2,1,6,1,-1,-1,-1,-1,-1,1
"33914","201501TW60091",1,9,0,18,0,8,0,10,1,2,1,1,6,1,5,2979,1,-1,-1,1
"33915","201501TW60092",1,11,0,16,0,8,0,0,0,0,2,1,1,2,9,9000,2,6,-1,1
"33916","201501TW60092",2,9,0,16,0,8,0,0,0,0,1,1,2,1,5,1995,2,8,-1,1
"33917","201501TW60093",1,1,0,9,0,8,0,4,0,0,1,1,6,1,8,-1,-1,-1,-1,1
"33918","201501TW60093",2,9,0,2,0,8,0,0,0,0,2,1,6,2,-1,2967,2,5,-1,-1
"33919","201501TW60094",1,1,0,18,0,8,0,0,0,0,1,1,1,1,6,-1,-1,-1,-1,1
"33920","201501TW60094",2,9,0,9,0,8,0,0,0,0,4,1,6,2,-1,1595,1,12,-1,-1
"33921","201501TW60095",1,9,0,9,0,8,0,0,0,0,3,1,4,1,8,1753,2,8,-1,1
"33922","201501TW60095",2,3,0,13,0,8,0,0,0,0,1,1,6,1,5,125,1,12,-1,1
"33923","201501TW60096",1,9,0,5,9,0,0,0,0,0,3,1,2,1,8,1560,2,1,-1,1
"33924","201501TW60097",1,1,0,18,0,0,0,0,0,0,1,1,6,1,5,-1,-1,-1,-1,1
"33925","201501TW60098",1,9,0,11,0,8,0,0,0,0,4,1,2,1,6,1796,1,7,-1,1
"33926","201501TW60098",2,1,0,14,0,8,0,0,0,0,1,1,2,1,8,-1,-1,-1,-1,1
"33927","201501TW60099",1,9,0,5,0,0,0,0,0,0,1,1,3,1,8,1796,1,18,-1,1
"33928","201501TW60100",1,9,0,18,0,8,0,0,0,0,3,1,6,1,11,1364,1,7,-1,1
"33929","201501TW60100",2,5,0,9,0,8,0,0,0,0,1,1,2,1,6,-1,-1,-1,-1,1
"33930","201501TW60101",1,9,0,18,0,8,0,0,0,0,1,1,6,2,8,1994,1,6,-1,1
"33931","201501TW60101",2,9,0,18,0,8,0,0,0,0,1,1,6,3,-1,-1,-1,-1,-1,-1
"33932","201501TW60103",1,3,0,4,0,0,0,0,0,0,1,1,1,1,6,125,1,6,-1,1
"33933","201501TW60105",1,9,0,7,0,8,0,0,0,0,3,1,6,1,7,1995,2,14,-1,1
"33934","201501TW60105",2,1,0,18,0,8,0,0,0,0,1,1,6,1,8,-1,-1,-1,-1,1
"33935","201501TW60106",1,9,0,1,0,8,0,0,0,0,2,1,1,1,8,6750,1,15,-1,1
"33936","201501TW60107",1,1,0,18,0,0,0,0,0,0,1,1,2,1,-1,-1,-1,-1,-1,-1
"339371","201501TW60108",1,19,0,9,0,8,0,0,0,0,1,1,2,1,8,2198,2,1,-1,1
"339382","201501TW60108",2,1,0,18,0,8,0,0,0,0,1,1,2,1,6,-1,-1,-1,-1,-1
"339391","201501TW60109",1,9,0,1,0,0,0,4,0,0,3,1,6,1,5,1796,1,11,-1,1
"33940","201501TW60109",2,9,0,2,0,0,0,0,0,0,1,1,6,2,8,1998,1,12,-1,1
"33941","201501TW60110",1,5,0,13,0,0,0,0,0,0,3,1,2,1,9,1172,1,12,-1,3
"33942","201501TW60110",2,9,0,5,0,0,0,0,0,0,1,1,2,1,-1,2993,2,3,-1,1
"33943","201501TW60111",1,1,0,18,0,8,0,0,0,0,1,1,2,1,6,-1,-1,-1,-1,1
"33944","201501TW60111",2,9,0,18,0,8,0,0,0,0,4,2,6,2,-1,-1,-1,-1,-1,1
"33945","201501TW60112",1,9,0,9,0,0,0,0,0,0,3,1,1,2,8,1360,1,9,-1,1
"33946","201501TW60112",2,2,0,18,0,0,0,0,0,0,1,1,1,1,6,279,1,6,-1,1
"33947","201501TW60113",1,9,0,9,0,0,0,0,1,0,4,1,1,1,6,1896,2,8,-1,1
"33948","201501TW60113",2,1,0,18,4,0,0,0,1,0,1,1,6,2,6,-1,-1,-1,-1,1
"33949","201501TW60114",1,9,0,4,0,0,0,0,0,0,1,1,6,1,5,1198,1,7,-1,1
"33950","201501TW60115",1,9,0,18,0,0,0,0,1,2,1,1,6,2,7,1582,2,1,-1,1
"33951","201501TW60116",1,5,0,13,0,0,0,0,0,0,1,1,1,2,7,675,1,3,-1,1
"33952","201501TW60116",2,19,0,9,0,0,0,0,0,0,3,1,1,1,-1,-1,-1,-1,-1,-1
"33953","201501TW60117",1,9,0,5,0,0,0,0,0,0,2,1,2,1,9,1348,1,15,-1,1
"33954","201501TW60117",2,9,0,5,0,0,0,0,0,0,1,1,2,2,6,1390,1,18,-1,1
"33955","201501TW60118",1,9,0,5,0,0,0,10,1,10,1,1,6,1,11,2993,2,7,-1,1
"33956","201501TW60119",1,1,0,18,0,8,0,0,0,0,4,1,2,1,10,-1,-1,-1,-1,1
"33957","201501TW60119",2,9,0,7,0,8,0,0,0,0,4,1,6,1,-1,1299,1,15,-1,-1
"33958","201501TW60121",1,9,0,4,0,0,0,0,0,0,2,1,2,2,8,-1,-1,-1,-1,1
"33959","201501TW60121",2,9,0,4,0,0,0,0,0,0,1,1,6,1,-1,-1,-1,-1,-1,-1
"33960","201501TW60123",1,11,0,5,0,8,0,0,0,0,0,1,1,1,8,8268,2,13,-1,1
"339611","201501TW60125",1,9,0,9,0,8,0,0,0,0,1,1,6,1,6,1997,2,2,-1,1
"339621","201501TW60125",2,3,0,18,0,8,0,0,0,0,1,1,6,1,5,-1,-1,-1,-1,1
"33963","201501TW60127",1,8,0,4,0,0,0,0,0,0,2,1,1,1,8,2179,2,2,-1,-1
"33964","201501TW60127",2,9,0,4,0,0,0,0,0,0,1,1,2,1,9,-1,-1,-1,-1,3
"33965","201501TW60128",1,9,0,18,0,0,0,0,0,0,1,1,6,2,9,1560,2,8,-1,1
"33966","201501TW60129",1,11,0,4,0,0,0,0,0,0,0,1,1,1,-1,-1,-1,-1,-1,-1
"33967","201501TW60130",1,9,0,16,0,8,0,0,0,0,4,1,6,3,-1,-1,-1,-1,-1,-1
"33968","201501TW60130",2,1,0,18,0,8,0,0,0,0,1,1,2,2,6,-1,-1,-1,-1,1
"33969","201501TW60132",1,8,0,18,0,0,0,0,0,0,0,1,6,1,9,2143,2,3,-1,1
"33970","201501TW60132",2,1,0,18,0,0,0,0,0,0,0,1,2,1,7,-1,-1,-1,-1,1
"33971","201501TW60133",1,9,0,16,0,8,0,0,0,0,3,1,2,1,8,2171,1,13,-1,1
"33972","201501TW60133",2,1,0,16,0,8,0,0,0,0,1,1,2,1,5,-1,-1,-1,-1,1
"33973","201501TW60134",1,19,0,2,0,8,0,0,0,0,2,1,6,1,10,2148,2,8,-1,1
"33974","201501TW60134",2,1,0,18,0,8,0,4,0,0,1,1,6,1,5,-1,-1,-1,-1,1