"","Acc_Index","Vehicle_Reference","Vehicle_Type","Towing_and_Articulation","Vehicle_Manoeuvre","Vehicle_Location.Restricted_Lane","Junction_Location","Skidding_and_Overturning","Hit_Object_in_Carriageway","Vehicle_Leaving_Carriageway","Hit_Object_off_Carriageway","X1st_Point_of_Impact","Was_Vehicle_Left_Hand_Drive","Journey_Purpose_of_Driver","Sex_of_Driver","Age_Band_of_Driver","Engine_Capacity_.CC.","Propulsion_Code","Age_of_Vehicle","Driver_IMD_Decile","Driver_Home_Area_Type"
"33975","201501TW60135",1,9,0,1,0,0,0,4,1,10,2,1,6,1,11,1796,1,14,-1,1
"33976","201501TW60135",2,9,0,2,0,0,0,0,1,0,3,1,6,1,6,1798,1,10,-1,1
"33977","201501TW60136",1,9,0,4,0,0,0,0,0,0,2,1,6,1,6,2143,2,4,-1,-1
"33978","201501TW60136",2,9,0,18,0,0,0,0,0,0,1,1,6,2,10,2497,1,11,-1,-1
"33979","201501TW60137",1,11,0,4,0,8,0,0,0,0,0,1,1,1,7,4500,2,7,-1,1
"33980","201501TW60140",1,9,0,18,0,0,0,0,0,0,4,1,6,3,-1,1339,1,9,-1,-1
"33981","201501TW60141",1,3,0,18,0,0,0,0,1,0,1,1,2,1,8,124,1,6,-1,1
"33982","201501TW60141",2,9,0,3,0,0,0,0,0,0,2,1,2,1,9,-1,-1,-1,-1,1
"33983","201501TW60142",1,9,0,1,0,0,0,0,0,0,2,1,2,2,9,1995,1,4,-1,1
"33984","201501TW60143",1,3,0,15,0,0,0,0,0,0,1,1,2,1,5,244,1,13,-1,1
"33985","201501TW60143",2,19,0,9,0,0,0,0,0,0,4,1,2,1,6,1896,2,9,-1,1
"33986","201501TW60144",1,9,0,2,0,0,0,0,0,0,3,1,6,2,7,1560,2,4,-1,1
"33987","201501TW60144",2,1,0,14,0,0,0,4,0,0,4,1,6,1,9,-1,-1,-1,-1,1
"33988","201501TW60145",1,9,0,9,0,8,0,0,0,0,1,1,6,2,10,799,2,6,-1,1
"33989","201501TW60145",2,1,0,18,0,8,0,0,0,0,1,1,6,1,7,-1,-1,-1,-1,1
"33992","201501TW60148",1,9,0,3,0,0,0,0,0,0,2,1,6,1,10,1968,2,1,-1,1
"33993","201501TW60148",2,9,0,11,0,0,0,0,1,0,0,1,6,1,-1,1997,2,2,-1,-1
"33994","201501TW60148",3,9,0,18,0,0,0,0,0,0,1,1,6,1,-1,1997,1,13,-1,-1
"33995","201501TW60149",1,1,0,16,0,8,0,10,1,10,1,1,6,1,7,-1,-1,-1,-1,1
"33996","201501TW60150",1,1,0,14,0,8,0,4,0,0,4,1,1,1,6,-1,-1,-1,-1,1
"33997","201501TW60150",2,9,0,2,0,8,0,0,1,0,3,1,6,1,-1,1598,1,12,-1,1
"33998","201501TW60151",1,9,0,5,0,8,0,0,0,0,3,1,6,2,9,-1,-1,-1,-1,1
"33999","201501TW60151",2,9,0,18,0,8,0,0,0,0,1,1,6,1,6,-1,-1,-1,-1,1
"34000","201501TW60151",3,9,0,5,0,8,0,0,0,0,3,1,6,2,8,2179,2,1,-1,1
"34001","201501TW60152",1,1,0,18,0,0,1,0,0,0,3,1,6,1,9,-1,-1,-1,-1,1
"34002","201501TW60153",1,9,0,4,0,0,0,0,0,0,1,1,2,1,8,1596,1,10,-1,1
"34003","201501TW60153",2,9,0,18,0,0,0,0,0,0,2,1,2,2,6,998,1,1,-1,1
"34004","201501TW60153",3,9,0,18,0,0,0,0,0,0,0,1,1,1,6,-1,-1,-1,-1,1
"34005","201501TW60156",1,5,0,4,0,8,0,0,0,0,2,1,2,1,8,1340,1,7,-1,1
"34006","201501TW60156",2,9,0,7,0,8,0,0,0,0,1,1,6,1,-1,-1,-1,-1,-1,-1
"34007","201501TW60157",1,1,0,18,0,8,0,0,0,0,1,1,2,1,8,-1,-1,-1,-1,1
"34008","201501TW60157",2,9,0,9,0,8,0,0,0,0,1,1,6,1,-1,1461,2,4,-1,1
"34009","201501TW60158",1,3,0,14,0,8,0,0,0,0,3,1,2,1,7,124,1,7,-1,1
"34010","201501TW60158",2,9,0,9,0,8,0,0,0,0,1,1,2,1,8,2401,2,14,-1,1
"34011","201501TW60159",1,19,0,9,0,8,0,0,0,0,1,1,6,1,7,2402,2,13,-1,1
"34012","201501TW60159",2,9,0,3,0,8,0,0,0,0,2,1,6,2,7,1995,1,7,-1,1
"34013","201501TW60160",1,9,0,18,0,8,0,0,0,0,1,1,2,1,5,1360,1,13,-1,1
"34014","201501TW60160",2,9,0,7,0,8,0,0,0,0,2,1,2,2,8,1998,1,9,-1,1
"34015","201501TW60161",1,9,0,9,0,0,0,0,0,0,4,1,1,2,6,1242,1,17,-1,-1
"34016","201501TW60161",2,1,0,18,0,0,0,0,0,0,1,1,1,1,9,-1,-1,-1,-1,1
"34017","201501TW60162",1,9,0,3,0,8,0,0,0,0,2,1,6,1,6,1598,1,13,-1,1
"34018","201501TW60162",2,9,0,4,0,8,0,0,0,0,1,1,6,2,8,-1,-1,-1,-1,1
"34019","201501TW60162",3,9,0,18,0,8,0,0,0,0,1,1,6,1,10,1360,1,11,-1,1
"34020","201501TW60163",1,3,0,18,0,8,0,0,0,0,1,1,1,1,8,108,1,5,-1,1
"34021","201501TW60163",2,9,0,18,0,8,0,0,1,0,1,1,6,2,7,2400,2,5,-1,1
"34022","201501TW60164",1,9,0,9,0,8,0,0,0,0,2,1,2,2,5,1198,1,3,-1,1
"34023","201501TW60164",2,19,0,4,0,8,0,0,0,0,1,1,1,1,-1,1560,2,-1,-1,-1
"34024","201501TW60166",1,8,0,9,0,8,0,0,0,0,3,1,1,1,8,2499,2,7,-1,1
"34025","201501TW60166",2,2,0,14,0,8,0,0,0,0,4,1,6,1,6,-1,-1,-1,-1,1
"34026","201501TW60167",1,9,0,18,0,7,0,0,0,0,1,1,6,1,8,996,1,1,-1,1
"34027","201501TW60168",1,9,0,18,0,0,0,0,0,0,1,1,6,2,6,1400,1,8,-1,1
"34028","201501TW60168",2,3,0,15,0,0,1,4,0,0,2,1,2,1,4,124,1,7,-1,1
"340291","201501TW60168",3,19,0,2,0,0,0,0,0,0,1,1,6,3,-1,-1,-1,-1,-1,1
"340301","201501TW60169",1,9,0,9,0,8,0,0,0,0,4,1,3,2,7,2967,2,3,-1,1
"34031","201501TW60169",2,1,0,18,0,8,0,0,0,0,1,1,2,1,8,-1,-1,-1,-1,1
"34032","201501TW60170",1,9,0,18,0,0,0,10,1,2,1,1,1,1,7,1560,2,1,-1,1
"34033","201501TW60171",1,1,0,18,0,0,0,0,0,0,3,1,2,2,7,-1,-1,-1,-1,1
"34034","201501TW60171",2,9,0,13,0,0,0,0,0,0,4,1,6,1,-1,-1,-1,-1,-1,-1
"34035","201501TW60173",1,1,0,18,0,0,0,0,0,0,1,1,2,1,8,-1,-1,-1,-1,1
"34036","201501TW60173",2,9,0,3,0,0,0,0,0,0,3,1,1,1,7,1968,2,2,-1,-1
"34037","201501TW60174",1,9,0,14,0,0,0,0,0,0,1,1,2,2,6,1498,1,8,-1,1
"34038","201501TW60174",2,1,0,18,0,0,0,0,0,0,1,1,2,1,-1,-1,-1,-1,-1,1
"34039","201501TW60174",3,11,0,3,0,0,0,0,0,0,3,1,1,1,8,3900,2,10,-1,1
"34040","201501TW60176",1,5,0,12,0,0,1,0,0,0,0,1,2,1,6,599,1,7,-1,1
"34041","201501TW60176",2,11,0,12,0,0,0,0,0,0,0,1,1,1,-1,-1,-1,-1,-1,-1
"34042","201501TW60177",1,9,0,4,0,8,0,0,0,0,2,1,6,1,7,1997,2,4,-1,1
"34043","201501TW60177",2,9,0,18,0,8,0,0,0,0,1,1,6,1,7,-1,-1,-1,-1,1
"34044","201501TW60178",1,9,0,18,0,1,0,0,0,0,1,1,6,3,-1,-1,-1,-1,-1,-1
"34045","201501TW60179",1,9,0,1,7,0,0,0,0,0,2,1,6,2,8,1995,2,6,-1,1
"34046","201501TW60180",1,1,0,18,0,0,0,4,0,0,1,1,2,1,8,-1,-1,-1,-1,1
"34047","201501TW60180",2,9,0,2,0,0,0,0,0,0,2,1,6,1,-1,1796,1,6,-1,1
"34048","201501TW60181",1,9,0,1,0,8,0,10,0,0,2,1,6,1,5,1598,2,5,-1,1
"34049","201501TW60181",2,9,0,4,0,8,0,0,0,0,1,1,6,2,8,2967,2,5,-1,-1
"34050","201501TW60182",1,9,0,3,0,8,0,0,0,0,2,1,6,1,10,1598,1,3,-1,1
"34051","201501TW60182",2,9,0,18,0,8,0,0,0,0,1,1,6,1,-1,1364,1,9,-1,-1
"34052","201501TW60183",1,1,0,3,0,8,0,0,0,0,2,1,2,1,6,-1,-1,-1,-1,1
"34053","201501TW60183",2,9,0,5,0,8,0,0,0,0,1,1,6,2,-1,1840,1,13,-1,1
"34054","201501TW60184",1,3,0,18,0,0,0,0,0,0,1,1,1,1,4,125,1,6,-1,1
"34055","201501TW60184",2,19,0,9,0,0,0,0,0,0,2,1,1,1,8,1870,2,9,-1,1
"34056","201501TW60187",1,9,0,16,0,8,0,0,0,0,1,1,2,1,7,3824,1,7,-1,1
"34057","201501TW60187",2,1,0,16,0,8,0,0,0,0,2,1,6,1,4,-1,-1,-1,-1,-1
"34058","201501TW60188",1,9,0,2,0,0,0,0,0,0,0,1,6,2,-1,-1,-1,-1,-1,-1
"34059","201501TW60188",2,9,0,18,0,0,0,4,0,0,3,1,6,3,-1,-1,-1,-1,-1,-1
"34060","201501TW60189",1,19,0,18,0,8,0,4,0,0,1,1,1,1,6,2143,2,2,-1,1
"34061","201501TW60189",2,9,0,5,0,8,0,0,0,0,3,1,2,2,7,1598,1,7,-1,1
"34062","201501TW60189",3,9,0,2,0,8,0,0,0,0,3,1,6,3,-1,3199,1,16,-1,-1
"34063","201501TW60190",1,11,0,3,0,8,0,0,0,0,1,1,1,1,6,-1,-1,-1,-1,1
"34064","201501TW60190",2,3,0,18,0,8,0,0,0,0,1,1,6,1,4,125,1,1,-1,1
"34065","201501TW60191",1,1,0,4,0,8,0,0,0,0,1,1,4,2,7,-1,-1,-1,-1,-1
"34066","201501TW60191",2,9,0,7,0,8,0,0,0,0,1,1,6,1,-1,-1,-1,-1,-1,-1
"34067","201501TW60192",1,3,0,9,0,8,0,0,0,0,3,1,1,1,6,102,1,10,-1,1
"34068","201501TW60192",2,9,0,5,0,8,0,0,0,0,1,1,6,2,-1,1598,1,-1,-1,1
"34069","201501TW60195",1,1,0,14,0,0,0,0,0,0,2,1,2,1,7,-1,-1,-1,-1,1
"34070","201501TW60195",2,9,0,12,0,0,0,0,1,0,3,1,6,1,-1,1397,1,5,-1,-1
"34071","201501TW60196",1,9,0,14,0,0,0,0,1,0,1,1,3,2,-1,2143,2,4,-1,-1
"34072","201501TW60197",1,9,0,4,0,1,0,0,0,0,1,1,6,1,11,-1,-1,-1,-1,1
"34075","201501TW60200",1,9,0,18,0,0,0,0,0,0,1,1,2,1,6,1242,1,11,-1,1
"34076","201501TW60200",2,8,0,18,0,0,0,0,0,0,1,1,2,2,6,1968,2,5,-1,1
"34077","201501TW60201",1,1,0,18,0,8,0,0,0,0,2,1,6,1,6,-1,-1,-1,-1,1
"34078","201501TW60201",2,9,0,11,0,8,0,0,0,0,1,1,6,2,-1,1796,1,14,-1,1
"34079","201501TW60202",1,4,0,2,0,8,0,0,0,0,3,1,1,1,6,125,1,1,-1,1
"34080","201501TW60202",2,19,0,1,0,8,0,4,0,0,2,1,1,1,6,2402,2,9,-1,1
"34081","201501TW60203",1,9,0,18,0,0,0,0,0,0,4,1,6,1,7,2987,2,8,-1,-1
"34082","201501TW60204",1,9,0,18,0,0,0,0,0,0,1,1,6,2,10,1995,2,11,-1,1
"34083","201501TW60204",2,1,0,18,0,0,0,0,0,0,4,1,6,1,8,-1,-1,-1,-1,1
"34084","201501TW60205",1,9,0,18,0,8,0,0,0,0,1,1,2,2,7,1598,1,1,-1,1
"34085","201501TW60206",1,9,0,18,0,0,0,0,0,0,2,1,6,1,-1,-1,-1,-1,-1,-1
"34086","201501TW60206",2,9,0,12,0,0,0,0,0,0,1,1,6,2,-1,998,1,11,-1,-1
"34087","201501TW60207",1,19,0,4,0,1,0,0,0,0,4,1,2,1,6,-1,-1,-1,-1,1
"34088","201501TW60208",1,9,0,4,0,8,0,0,0,0,1,1,6,2,8,1598,1,7,-1,1
"34089","201501TW60208",2,9,0,4,0,8,0,0,0,0,2,1,6,2,6,1461,2,6,-1,1
"34090","201501TW60209",1,1,0,18,0,8,0,0,0,0,3,1,6,2,8,-1,-1,-1,-1,1
"34091","201501TW60209",2,9,3,14,0,8,0,0,0,0,4,1,6,3,-1,1997,2,4,-1,1
"34092","201501TW60210",1,9,0,7,0,0,0,0,0,0,1,1,2,2,6,1596,1,8,-1,1
"34093","201501TW60210",2,1,0,18,0,0,0,0,1,0,3,1,6,1,7,-1,-1,-1,-1,1
"34094","201501TW60212",1,9,0,9,0,8,0,0,0,0,1,1,2,1,6,998,1,8,-1,1
"34095","201501TW60212",2,9,0,18,0,8,0,0,0,0,3,1,2,1,8,-1,-1,-1,-1,3
"34096","201501TW60213",1,9,0,9,0,8,0,0,0,0,1,1,6,1,11,1108,1,5,-1,1
"34097","201501TW60213",2,4,0,3,0,8,0,0,0,0,4,1,6,1,5,125,1,1,-1,1
"34098","201501TW60214",1,11,0,4,0,0,0,4,0,0,4,1,1,1,7,9100,2,7,-1,1
"34099","201501TW60214",2,9,0,2,0,0,0,0,0,0,3,1,6,1,-1,1596,1,8,-1,1
"34100","201501TW60215",1,1,0,18,0,0,0,0,0,0,3,1,6,1,8,-1,-1,-1,-1,1
"34101","201501TW60215",2,9,0,13,0,0,0,0,0,0,4,1,6,1,-1,-1,-1,-1,-1,-1
"34102","201501TW60216",1,9,0,1,0,8,0,0,0,0,2,1,6,2,8,1398,1,3,-1,1
"34103","201501TW60217",1,9,0,18,0,8,0,0,0,0,1,1,4,1,6,599,1,13,-1,1
"34104","201501TW60217",2,9,0,9,0,8,0,0,0,0,4,1,6,2,7,1240,1,11,-1,1
"34105","201501TW60218",1,9,0,1,0,8,0,0,0,0,2,1,6,1,11,1686,2,2,-1,1
"34106","201501TW60219",1,8,0,3,0,0,0,0,0,0,2,1,1,1,7,1497,8,9,-1,1
"34107","201501TW60219",2,9,0,18,0,0,0,0,0,0,1,1,4,1,-1,2720,2,10,-1,1
"34108","201501TW60220",1,9,0,3,0,0,0,0,0,0,3,1,1,1,8,1390,1,14,-1,1
"34109","201501TW60220",2,1,0,14,0,0,0,0,0,0,1,1,2,1,7,-1,-1,-1,-1,1
"34110","201501TW60221",1,1,0,13,0,8,0,0,0,0,4,1,1,1,5,-1,-1,-1,-1,1
"34111","201501TW60221",2,11,0,18,0,8,0,0,0,0,1,1,2,1,8,3900,2,10,-1,-1
"34112","201501TW60222",1,5,0,13,0,8,0,0,1,0,4,1,1,1,7,647,1,20,-1,1
"34113","201501TW60222",2,9,0,9,0,8,0,0,0,0,3,1,6,1,7,1968,2,1,-1,1
"34114","201501TW60223",1,1,0,18,0,8,0,0,0,0,2,1,2,2,8,-1,-1,-1,-1,-1
"34115","201501TW60223",2,9,0,13,0,8,0,0,0,0,4,1,6,1,-1,-1,-1,-1,-1,-1
"34116","201501TW60224",1,11,0,18,0,8,0,0,0,0,1,1,1,1,7,9000,2,6,-1,1
"34117","201501TW60225",1,1,0,4,0,0,0,0,0,0,3,1,6,1,4,-1,-1,-1,-1,1
"34118","201501TW60225",2,9,0,18,0,0,0,0,0,0,4,1,6,1,-1,1596,1,13,-1,-1
"34119","201501TW60226",1,9,0,9,0,8,0,0,0,0,4,1,2,2,4,973,1,12,-1,1
"34120","201501TW60226",2,9,0,18,0,8,0,0,1,0,1,1,6,1,-1,1998,2,9,-1,-1
"34121","201501TW60227",1,9,0,3,0,0,0,0,0,0,2,1,6,1,9,1341,1,12,-1,1
"34122","201501TW60227",2,9,0,3,0,0,0,0,0,0,2,1,2,2,6,1986,2,7,-1,1
"34123","201501TW60227",3,9,0,18,0,0,0,0,1,0,1,1,2,1,7,1461,2,1,-1,1
"34124","201501TW60228",1,4,0,18,0,0,0,0,0,0,1,1,6,1,7,955,1,17,-1,1
"34125","201501TW60228",2,9,0,12,0,0,0,0,0,0,3,1,6,2,8,1197,1,2,-1,1
"34126","201501TW60229",1,9,0,18,0,8,0,0,0,0,1,1,3,1,7,2967,2,4,-1,1
"34127","201501TW60229",2,1,0,9,0,8,0,0,0,0,1,1,2,1,6,-1,-1,-1,-1,1
"34128","201501TW60230",1,9,0,18,0,8,0,0,0,0,1,1,6,1,6,1598,1,7,-1,1
"34129","201501TW60230",2,9,0,3,0,8,0,0,0,0,2,1,6,1,7,-1,-1,-1,-1,1
"34130","201501TW60232",1,9,0,2,0,8,0,0,1,0,2,1,6,1,-1,1968,2,-1,-1,-1
"34131","201501TW60232",2,1,0,7,0,8,0,4,0,0,1,1,6,1,8,-1,-1,-1,-1,1
"34132","201501TW60233",1,3,0,18,0,8,1,0,0,0,3,1,2,1,5,125,1,9,-1,-1
"34133","201501TW60234",1,9,0,18,0,0,0,7,1,2,1,1,6,2,4,998,1,-1,-1,1
"34134","201501TW60236",1,2,0,4,0,8,0,0,0,0,0,1,2,1,4,-1,-1,-1,-1,1
"34135","201501TW60236",2,20,0,18,0,8,0,0,0,0,0,1,1,1,-1,-1,-1,-1,-1,-1
"34136","201501TW60239",1,9,0,18,0,1,0,0,1,0,1,1,6,3,-1,-1,-1,-1,-1,-1
"34137","201501TW60240",1,9,0,2,0,0,0,0,0,0,3,1,6,1,7,1998,1,12,-1,1
"34138","201501TW60240",2,1,0,14,0,0,0,4,0,0,1,1,6,2,7,-1,-1,-1,-1,1
"34139","201501TW60242",1,9,0,11,0,0,0,0,0,0,4,1,6,2,7,-1,-1,-1,-1,1
"34140","201501TW60242",2,1,0,18,0,0,0,0,0,0,1,1,6,1,6,-1,-1,-1,-1,1
"34141","201501TW60243",1,9,0,4,0,0,1,0,0,0,1,1,2,1,6,2967,2,8,-1,1
"34142","201501TW60243",2,9,0,4,0,0,0,0,1,0,2,1,2,2,9,1108,1,11,-1,1
"34143","201501TW60244",1,8,0,13,0,0,0,0,0,0,4,1,6,1,9,998,1,11,-1,1
"34144","201501TW60244",2,1,0,18,0,0,0,0,0,0,3,1,6,1,5,-1,-1,-1,-1,1
"34145","201501TW60245",1,9,0,7,0,0,0,0,0,0,4,1,6,1,8,1995,2,3,-1,1
"34146","201501TW60245",2,1,0,18,0,0,0,0,0,0,1,1,6,1,5,-1,-1,-1,-1,1
"34147","201501TW60246",1,9,0,16,0,0,0,10,7,10,1,1,6,1,7,1390,1,5,-1,-1
"34148","201501TW60248",1,5,0,18,0,8,0,0,0,0,1,1,1,2,9,749,1,10,-1,1
"34149","201501TW60248",2,9,0,9,0,8,0,0,0,0,4,1,3,2,8,1242,1,5,-1,1
"34150","201501TW60249",1,9,0,18,0,8,1,0,0,0,3,1,2,1,8,1896,2,9,-1,1
"34151","201501TW60249",2,9,0,18,0,8,1,0,0,0,1,1,2,1,8,1339,1,6,-1,1
"34152","201501TW60250",1,9,0,3,0,8,0,0,0,0,1,1,2,2,6,1360,1,11,-1,1
"34153","201501TW60250",2,9,0,18,0,8,0,0,0,0,2,1,2,1,7,-1,-1,-1,-1,1
"34154","201501TW60251",1,3,0,18,0,0,0,0,0,0,1,1,6,1,6,124,1,10,-1,1
"34155","201501TW60251",2,9,0,9,0,0,0,0,0,0,3,1,6,1,6,1596,1,14,-1,1
"34156","201501TW60252",1,3,0,4,0,0,0,0,0,0,1,1,2,1,5,644,1,7,-1,1
"34157","201501TW60253",1,1,0,18,0,8,0,0,1,0,4,1,6,1,7,-1,-1,-1,-1,2
"34158","201501TW60255",1,1,0,14,0,8,0,0,0,0,1,1,1,1,6,-1,-1,-1,-1,1
"34159","201501TW60255",2,9,0,9,0,8,0,0,0,0,3,1,6,1,-1,-1,-1,-1,-1,-1
"34160","201501TW60256",1,9,0,9,0,8,0,0,0,0,4,1,6,1,4,-1,-1,-1,-1,1
"34161","201501TW60256",2,2,0,18,0,8,0,0,0,0,1,1,4,1,9,-1,-1,-1,-1,1
"34162","201501TW60257",1,1,0,4,0,8,0,0,1,0,1,1,2,1,5,-1,-1,-1,-1,1
"34163","201501TW60258",1,5,0,3,0,8,0,0,0,0,2,1,2,1,8,-1,-1,-1,-1,1
"34164","201501TW60258",2,2,0,4,0,8,0,0,1,0,1,1,1,1,4,125,1,-1,-1,1
"34165","201501TW60259",1,9,0,3,0,0,0,0,0,0,2,1,6,1,9,2995,1,9,-1,1
"34166","201501TW60259",2,9,0,18,0,0,0,0,0,0,1,1,6,1,6,1984,1,13,-1,1
"34167","201501TW60260",1,9,0,18,0,8,0,0,0,0,3,1,6,1,7,1397,1,12,-1,1
"34168","201501TW60260",2,9,0,9,0,8,0,0,0,0,1,1,6,1,8,2488,1,7,-1,1
"34169","201501TW60262",1,3,0,13,0,8,0,0,0,0,1,1,6,1,4,125,1,4,-1,1
"34170","201501TW60262",2,19,0,9,0,8,0,0,0,0,3,1,1,1,7,1998,2,12,-1,1
"34171","201501TW60263",1,9,0,4,0,8,0,0,0,0,2,1,6,2,5,1598,1,1,-1,1
"34172","201501TW60263",2,9,0,18,0,8,0,0,0,0,1,1,6,1,-1,1988,1,11,-1,1
"34173","201501TW60263",3,9,0,9,0,8,0,0,0,0,2,1,6,2,8,1998,1,16,-1,1
"34174","201501TW60264",1,1,0,18,0,8,0,0,0,0,3,1,2,1,8,-1,-1,-1,-1,1
"34175","201501TW60264",2,9,0,7,0,8,0,0,0,0,4,1,6,1,-1,1595,1,11,-1,-1
"34176","201501TW60265",1,9,0,4,0,0,0,0,0,0,2,1,2,2,6,1598,1,9,-1,-1
"34177","201501TW60265",2,9,0,4,0,0,0,0,0,0,1,1,6,2,9,2179,2,3,-1,1
"34178","201501TW60266",1,9,0,18,0,8,0,0,0,0,2,1,6,1,5,1199,1,12,-1,1
"34179","201501TW60266",2,9,0,18,0,8,0,0,0,0,1,1,6,1,6,1597,1,5,-1,1
"34180","201501TW60268",1,1,0,18,0,8,0,0,0,0,4,1,3,1,3,-1,-1,-1,-1,1
"34181","201501TW60269",1,9,0,3,0,8,0,0,0,0,4,1,6,1,6,1461,2,3,-1,1
"34182","201501TW60269",2,1,0,15,0,8,0,0,0,0,3,1,6,1,6,-1,-1,-1,-1,-1
"34183","201501TW60269",3,9,0,3,0,8,0,0,0,0,3,1,6,1,-1,1984,1,-1,-1,1
"34184","201501TW60270",1,2,0,18,0,8,0,0,0,0,3,1,1,1,4,49,1,5,-1,1
"34185","201501TW60270",2,9,0,9,0,8,0,0,0,0,1,1,1,1,-1,-1,-1,-1,-1,-1
"34186","201501TW60271",1,11,0,12,0,0,0,0,0,0,0,1,1,1,7,9000,2,6,-1,1
"34187","201501TW60272",1,1,0,18,4,0,0,0,0,0,3,1,6,2,7,-1,-1,-1,-1,1
"34188","201501TW60272",2,9,0,7,0,0,0,0,0,0,1,1,6,1,-1,2946,1,17,-1,-1
"34189","201501TW60273",1,9,0,18,0,8,0,0,0,0,1,1,6,2,5,1400,1,9,-1,1
"34190","201501TW60274",1,3,0,7,0,8,1,0,0,0,0,1,2,1,6,125,1,2,-1,1
"34191","201501TW60275",1,3,0,18,0,8,0,0,0,0,2,1,6,2,6,124,1,1,-1,1
"34192","201501TW60275",2,9,0,9,0,8,0,0,0,0,0,1,6,1,-1,-1,-1,-1,-1,-1
"34193","201501TW60276",1,19,0,1,0,0,0,0,0,0,2,1,1,3,-1,1968,2,1,-1,-1
"34194","201501TW60277",1,1,0,16,0,0,0,0,0,0,0,1,6,1,8,-1,-1,-1,-1,1
"34195","201501TW60277",2,9,0,11,0,0,0,0,0,0,0,1,6,1,-1,1769,1,12,-1,1
"34196","201501TW60278",1,9,0,9,0,8,0,0,0,0,3,1,6,2,8,2148,2,11,-1,1
"341971","201501TW60278",2,5,0,18,0,8,0,0,0,0,1,1,6,1,7,1000,1,-1,-1,1
"341981","201501TW60279",1,19,0,3,0,0,0,0,0,0,2,1,2,1,9,2143,2,4,-1,1
"34199","201501TW60279",2,9,0,18,0,0,0,0,0,0,1,1,6,2,-1,1997,2,2,-1,1
"34200","201501TW60280",1,19,0,1,0,0,0,0,0,0,2,1,1,1,7,2198,2,8,-1,1
"34201","201501TW60281",1,1,0,18,0,0,0,0,0,0,3,1,1,1,6,-1,-1,-1,-1,1
"34202","201501TW60281",2,19,0,13,0,0,0,0,0,0,4,1,1,1,6,2143,2,3,-1,1
"34203","201501TW60282",1,9,0,1,0,0,0,0,0,0,2,1,6,2,-1,1968,2,8,-1,3
"34204","201501TW60283",1,9,0,18,0,8,0,0,0,0,1,1,6,2,5,1242,1,5,-1,1
"34205","201501TW60283",2,1,0,18,0,8,0,0,0,0,3,1,6,1,8,-1,-1,-1,-1,1
"34206","201501TW60284",1,9,0,6,0,0,0,0,0,0,1,1,1,1,8,-1,-1,-1,-1,1
"34207","201501TW60284",2,3,0,6,0,0,0,0,0,0,3,1,2,1,7,-1,-1,-1,-1,1
"34208","201501TW60285",1,9,0,3,0,0,0,0,0,0,2,1,2,1,6,1596,1,12,-1,1
"34209","201501TW60285",2,9,0,3,0,0,0,0,1,0,2,1,6,1,4,-1,-1,-1,-1,3
"34210","201501TW60285",3,9,0,4,0,0,0,0,0,0,1,1,6,2,4,1299,1,13,-1,1
"34211","201501TW60286",1,9,0,3,0,8,0,0,0,0,1,1,1,1,7,1248,2,4,-1,1
"34212","201501TW60286",2,9,0,4,0,8,0,0,0,0,2,1,2,2,5,-1,-1,-1,-1,1
"34213","201501TW60287",1,9,0,18,0,0,0,0,0,0,1,1,6,3,-1,-1,-1,-1,-1,-1
"34214","201501TW60289",1,9,0,7,0,8,0,0,0,0,3,1,6,2,7,1997,2,5,-1,1
"34215","201501TW60289",2,9,0,18,0,8,0,0,0,0,1,1,6,1,7,1998,1,10,-1,1
"34216","201501TW60290",1,9,0,18,0,0,0,0,0,0,2,1,6,1,9,2198,2,10,-1,1
"34217","201501TW60290",2,2,0,12,0,0,0,0,0,0,1,1,6,2,8,124,1,13,-1,1
"34218","201501TW60291",1,9,0,3,0,0,0,0,0,0,2,1,2,2,7,1390,1,11,-1,1
"34219","201501TW60291",2,9,0,18,0,0,0,0,0,0,1,1,6,1,-1,2685,2,13,-1,-1
"34220","201501TW60292",1,9,0,5,0,8,0,0,0,0,3,1,6,2,-1,-1,-1,-1,-1,1
"34221","201501TW60292",2,1,0,14,0,8,0,0,0,0,1,1,6,1,6,-1,-1,-1,-1,1
"34222","201501TW60293",1,9,0,5,0,8,0,0,0,0,1,1,6,2,4,796,1,9,-1,1
"34223","201501TW60293",2,9,0,18,0,8,0,0,0,0,3,1,6,1,-1,1769,1,16,-1,1
"34224","201501TW60294",1,1,0,18,0,8,0,0,0,0,1,1,2,1,8,-1,-1,-1,-1,-1
"34225","201501TW60295",1,8,0,12,0,8,0,0,0,0,3,1,1,1,8,1910,2,5,-1,1
"34226","201501TW60295",2,2,0,18,0,8,0,0,0,0,4,1,6,1,5,-1,-1,-1,-1,1
"34227","201501TW60296",1,4,0,14,0,0,0,0,0,0,1,1,1,1,8,244,1,10,-1,1
"34228","201501TW60297",1,3,0,18,0,8,0,0,0,0,4,1,2,1,6,600,1,9,-1,1
"34229","201501TW60297",2,19,0,12,0,8,0,0,0,0,1,1,6,1,-1,2198,2,9,-1,1
"34230","201501TW60298",1,5,0,4,0,0,0,0,0,0,0,1,6,1,9,-1,-1,-1,-1,1
"34231","201501TW60299",1,11,0,4,0,8,0,0,0,0,4,1,1,1,9,4500,2,5,-1,1
"34232","201501TW60300",1,9,0,4,0,0,0,0,0,0,2,1,3,2,8,1798,1,4,-1,1
"34233","201501TW60300",2,19,0,4,0,0,0,0,0,0,2,1,2,1,6,2148,2,8,-1,1