"","Acc_Index","Vehicle_Reference","Vehicle_Type","Towing_and_Articulation","Vehicle_Manoeuvre","Vehicle_Location.Restricted_Lane","Junction_Location","Skidding_and_Overturning","Hit_Object_in_Carriageway","Vehicle_Leaving_Carriageway","Hit_Object_off_Carriageway","X1st_Point_of_Impact","Was_Vehicle_Left_Hand_Drive","Journey_Purpose_of_Driver","Sex_of_Driver","Age_Band_of_Driver","Engine_Capacity_.CC.","Propulsion_Code","Age_of_Vehicle","Driver_IMD_Decile","Driver_Home_Area_Type"
"45826","201501ZD30216",2,19,0,9,0,8,0,0,0,0,3,1,6,1,6,2198,2,1,-1,-1
"45827","201501ZD30217",1,9,0,9,0,8,0,0,0,0,3,1,6,1,7,1997,2,1,-1,1
"45828","201501ZD30217",2,3,0,13,0,8,0,0,0,0,1,1,6,2,5,125,1,3,-1,1
"45829","201501ZD30218",1,9,0,4,0,1,0,0,0,0,1,1,6,2,6,1984,1,8,-1,1
"45830","201501ZD30218",2,9,0,4,0,1,0,0,0,0,2,1,6,2,7,1229,1,11,-1,1
"45831","201501ZD30219",1,5,0,18,0,8,0,0,0,0,1,1,6,1,8,-1,-1,-1,-1,1
"45832","201501ZD30219",2,9,0,9,0,8,0,0,0,0,4,1,6,2,8,-1,-1,-1,-1,1
"45833","201501ZD30220",1,9,0,18,0,8,0,0,0,0,1,1,6,2,5,1598,1,10,-1,1
"45834","201501ZD30220",2,9,0,7,0,8,0,0,0,0,3,1,6,1,5,1596,1,8,-1,1
"45835","201501ZD30221",1,9,0,4,0,2,0,0,0,0,2,1,6,2,6,-1,-1,-1,-1,1
"45836","201501ZD30221",2,19,0,4,0,2,0,0,0,0,1,1,6,3,-1,-1,-1,-1,-1,-1
"45837","201501ZD30223",1,19,0,7,0,1,0,0,0,0,1,1,1,1,9,-1,-1,-1,-1,1
"45838","201501ZD30223",2,1,0,7,0,1,0,0,0,0,2,1,6,1,7,-1,-1,-1,-1,1
"45839","201501ZD30224",1,9,0,9,0,8,0,0,0,0,4,1,6,1,4,1364,1,8,-1,1
"45840","201501ZD30224",2,9,0,18,0,8,0,0,0,0,1,1,6,1,4,999,1,15,-1,1
"45841","201501ZD30225",1,9,0,18,0,8,0,0,0,0,3,1,6,1,8,1998,1,10,-1,-1
"45842","201501ZD30225",2,9,0,18,0,8,0,0,0,0,1,1,6,3,-1,-1,-1,-1,-1,-1
"45843","201501ZD30226",1,1,0,17,0,8,0,0,0,0,1,1,6,1,6,-1,-1,-1,-1,-1
"45844","201501ZD30226",2,9,0,5,0,8,0,0,0,0,3,1,6,1,-1,1399,2,6,-1,-1
"45845","201501ZD30227",1,9,0,18,0,1,0,0,0,0,2,1,6,1,5,-1,-1,-1,-1,1
"45846","201501ZD30227",2,9,0,13,0,1,0,0,0,0,1,1,6,3,-1,-1,-1,-1,-1,-1
"45847","201501ZD30228",1,3,0,13,0,1,0,0,0,0,1,1,6,1,4,124,1,9,-1,1
"45848","201501ZD30228",2,1,0,18,0,1,0,0,0,0,2,1,6,2,6,-1,-1,-1,-1,1
"45849","201501ZD30229",1,11,0,2,0,2,0,0,0,0,0,1,1,1,7,8300,2,9,-1,1
"45850","201501ZD30231",1,9,0,13,0,1,0,0,0,0,1,1,6,1,7,1598,1,15,-1,1
"45851","201501ZD30231",2,90,0,18,0,1,0,0,0,0,2,1,6,1,10,-1,-1,-1,-1,1
"45852","201501ZD30232",1,19,0,4,0,8,0,0,0,0,1,1,6,1,8,-1,-1,-1,-1,1
"45853","201501ZD30232",2,19,0,9,0,8,0,0,0,0,1,1,6,2,7,-1,-1,-1,-1,1
"45854","201501ZD30233",1,3,0,9,0,8,0,0,0,0,3,1,6,1,5,-1,-1,-1,-1,3
"45855","201501ZD30233",2,9,0,9,0,8,0,0,0,0,1,1,6,1,7,1497,8,2,-1,-1
"45856","201501ZD30234",1,9,0,4,0,1,0,0,0,0,2,1,6,1,8,1328,1,2,-1,-1
"45857","201501ZD30234",2,9,0,4,0,1,0,0,0,0,1,1,6,1,-1,3993,1,3,-1,-1
"45858","201501ZD30235",1,9,0,18,0,1,0,0,0,0,1,1,6,1,8,1781,1,14,-1,1
"45859","201501ZD30236",1,9,0,6,0,8,0,0,0,0,3,1,6,2,6,1199,1,13,-1,-1
"45860","201501ZD30236",2,9,0,18,0,8,0,0,0,0,1,1,6,1,9,-1,-1,-1,-1,1
"45861","201501ZD30237",1,9,0,4,0,1,0,0,0,0,2,1,6,1,-1,3311,8,10,-1,1
"45862","201501ZD30237",2,19,0,4,0,1,0,0,0,0,1,1,1,1,-1,1995,2,6,-1,-1
"45863","201501ZD30238",1,9,0,18,0,8,0,0,0,0,1,1,6,1,7,1124,1,12,-1,1
"45864","201501ZD30238",2,9,0,7,0,8,0,0,0,0,4,1,1,1,-1,-1,-1,-1,-1,-1
"45865","201501ZD30239",1,9,0,18,0,1,0,0,0,0,1,1,6,2,8,1598,1,1,-1,1
"45866","201501ZD30241",1,9,0,18,0,1,0,0,0,0,1,1,6,1,-1,1798,1,4,-1,-1
"45867","201501ZD30242",1,9,0,3,0,1,0,0,0,0,2,1,6,1,4,1198,1,1,-1,3
"45868","201501ZD30242",2,19,0,4,0,1,0,0,0,0,1,1,6,1,7,1868,2,10,-1,1
"45869","201501ZD30243",1,9,0,18,0,1,0,0,0,0,1,1,6,2,5,1995,1,5,-1,1
"45870","201501ZD30243",2,9,0,18,0,1,0,0,0,0,2,1,6,1,5,1388,1,12,-1,1
"45871","201501ZD30244",1,5,0,18,0,8,0,0,0,0,1,1,6,1,5,487,1,17,-1,1
"45872","201501ZD30244",2,19,0,7,0,8,0,0,0,0,3,1,1,1,9,1998,2,10,-1,1
"45873","201501ZD30245",1,4,0,18,0,1,0,0,0,0,1,1,6,2,4,125,1,1,-1,1
"45874","201501ZD30246",1,9,0,7,0,8,0,0,0,0,3,1,6,2,8,1997,1,5,-1,1
"45875","201501ZD30246",2,1,0,18,0,8,0,0,0,0,1,1,6,1,7,-1,-1,-1,-1,1
"45876","201501ZD30247",1,9,0,4,0,1,0,0,0,0,1,1,6,1,5,2148,2,8,-1,1
"45877","201501ZD30247",2,9,0,3,0,1,0,0,0,0,2,1,6,2,7,-1,-1,-1,-1,1
"45878","201501ZD30248",1,9,0,3,0,1,0,0,0,0,2,1,1,1,-1,-1,-1,-1,-1,-1
"45879","201501ZD30248",2,9,0,4,0,1,0,0,0,0,1,1,6,2,8,1398,1,5,-1,1
"45880","201501ZD30249",1,9,0,9,0,8,0,0,0,0,4,1,1,1,8,-1,-1,-1,-1,1
"45881","201501ZD30249",2,3,0,18,0,8,0,0,0,0,1,1,6,1,4,124,1,15,-1,1
"45882","201501ZD30252",1,11,0,18,0,1,0,0,0,0,0,1,1,1,7,4500,2,-1,-1,1
"45883","201501ZD30254",1,9,0,4,0,0,0,0,0,0,1,1,6,1,6,1968,2,6,-1,1
"45884","201501ZD30254",2,9,0,3,0,0,0,0,0,0,2,1,6,1,6,1598,1,6,-1,1
"45885","201501ZD30254",3,9,0,3,0,0,0,0,0,0,2,1,6,2,6,1497,8,8,-1,1
"45886","201501ZD30255",1,9,0,3,0,1,0,0,0,0,2,1,6,1,9,-1,-1,-1,-1,1
"45887","201501ZD30255",2,9,0,4,0,1,0,0,0,0,1,1,6,1,-1,1998,1,11,-1,-1
"45888","201501ZD30256",1,19,0,7,0,8,0,0,0,0,3,1,6,1,8,2188,2,12,-1,1
"45889","201501ZD30256",2,2,0,18,0,8,0,0,0,0,1,1,1,1,4,125,1,2,-1,1
"45890","201501ZD30257",1,11,0,18,0,0,0,0,0,0,1,1,1,1,-1,-1,-1,-1,-1,-1
"458911","201501ZD30258",1,9,0,9,0,8,0,0,0,0,3,1,6,2,8,998,1,1,-1,1
"45892","201501ZD30258",2,5,0,18,0,8,0,0,0,0,1,1,6,1,6,998,1,11,-1,1
"45893","201501ZD30260",1,9,0,18,0,8,0,0,0,0,1,1,6,1,11,-1,-1,-1,-1,1
"45894","201501ZD30260",2,9,0,9,0,8,0,0,0,0,1,1,6,2,6,1242,1,5,-1,1
"45895","201501ZD30262",1,3,0,9,0,8,0,10,1,2,2,1,6,1,4,125,1,4,-1,1
"45896","201501ZD30262",2,9,0,18,0,8,0,0,0,0,1,1,6,3,-1,-1,-1,-1,-1,-1
"45897","201501ZD30264",1,3,0,7,0,2,0,0,0,0,0,1,6,1,6,124,1,4,-1,-1
"45898","201501ZD30265",1,9,0,4,0,2,0,0,0,0,2,1,1,2,6,1686,2,1,-1,1
"45899","201501ZD30265",2,9,0,4,0,2,0,0,0,0,1,1,6,2,6,1242,1,11,-1,1
"45902","201501ZD30267",1,11,0,18,0,1,0,0,0,0,1,1,1,1,10,6692,2,5,-1,1
"45903","201501ZD30268",1,9,0,18,0,1,0,0,0,0,2,1,1,1,-1,-1,-1,-1,-1,-1
"45904","201501ZD30268",2,9,0,18,0,1,0,0,0,0,1,1,6,2,6,1596,1,15,-1,1
"45905","201501ZD30270",1,9,0,9,0,8,0,0,0,0,4,1,6,1,10,1587,1,14,-1,1
"45906","201501ZD30270",2,3,0,18,0,8,0,0,0,0,1,1,6,1,4,124,1,1,-1,1
"45907","201501ZD30271",1,9,0,2,0,1,0,0,0,0,3,1,6,1,11,1590,1,14,-1,1
"45908","201501ZD30271",2,1,0,14,0,1,0,8,0,0,1,1,6,1,8,-1,-1,-1,-1,1
"45909","201501ZD30272",1,9,0,7,0,8,0,0,0,0,3,1,6,1,6,1895,1,14,-1,1
"45910","201501ZD30272",2,9,0,18,0,8,0,0,0,0,1,1,1,1,7,1582,2,1,-1,1
"45911","201501ZD30273",1,9,0,5,0,8,0,0,0,0,1,1,6,2,6,-1,-1,-1,-1,1
"45912","201501ZD30273",2,9,0,7,0,8,0,0,0,0,3,1,6,1,-1,2429,1,9,-1,1
"45913","201501ZD30274",1,1,0,18,0,1,0,0,0,0,3,1,6,2,7,-1,-1,-1,-1,1
"45914","201501ZD30274",2,9,0,18,0,1,0,0,0,0,1,1,1,1,7,1598,1,9,-1,1
"45915","201501ZD30277",1,9,0,18,0,2,0,10,1,1,1,1,6,1,7,-1,-1,-1,-1,1
"45916","201501ZD30280",1,9,0,18,0,2,0,10,7,2,1,1,6,1,-1,-1,-1,-1,-1,-1
"45917","201501ZD30281",1,4,0,3,0,1,0,0,0,0,2,1,6,1,-1,125,1,1,-1,-1
"45918","201501ZD30281",2,9,0,4,0,1,0,0,0,0,1,1,6,1,7,2362,1,9,-1,-1
"45919","201501ZD30284",1,9,0,9,0,8,0,0,0,0,1,1,6,1,6,1995,2,8,-1,1
"45920","201501ZD30285",1,9,0,18,0,1,0,10,0,0,1,1,6,1,5,1968,2,2,-1,1
"45921","201501ZD30286",1,9,0,18,0,1,0,0,0,0,1,1,6,1,-1,-1,-1,-1,-1,1
"45924","201501ZD30290",1,9,0,18,0,2,0,0,0,0,1,1,6,1,8,2000,1,9,-1,1
"45925","201501ZD30291",1,9,0,18,0,0,0,0,0,0,4,1,6,2,7,2204,2,8,-1,1
"45926","201501ZD30295",1,9,0,14,0,2,0,0,0,0,4,1,6,3,-1,-1,-1,-1,-1,-1
"45927","201501ZD30296",1,9,0,3,0,1,0,0,0,0,2,1,6,2,8,1596,1,10,-1,1
"45928","201501ZD30296",2,9,0,3,0,1,0,0,0,0,2,1,6,1,8,1896,2,5,-1,3
"45929","201501ZD30296",3,9,0,18,0,1,0,0,0,0,1,1,6,2,8,-1,-1,-1,-1,1
"45930","201501ZD30297",1,9,0,9,0,8,0,0,0,0,1,1,6,2,8,1968,2,-1,-1,1
"45931","201501ZD30297",2,9,0,18,0,8,0,0,0,0,1,1,6,1,7,1341,1,14,-1,1
"45932","201501ZD30298",1,9,0,7,0,8,0,0,0,0,2,1,6,2,10,998,1,-1,-1,1
"45933","201501ZD30298",2,1,0,18,0,8,0,0,0,0,1,1,6,1,4,-1,-1,-1,-1,1
"45934","201501ZD30300",1,9,0,4,0,1,0,0,0,0,2,1,6,1,7,1984,1,3,-1,1
"45935","201501ZD30300",2,9,0,18,0,1,0,0,0,0,1,1,6,1,8,-1,-1,-1,-1,1
"45936","201501ZD30301",1,21,0,11,0,8,0,0,0,0,4,1,1,1,8,4461,2,6,-1,1
"45937","201501ZD30301",2,9,0,18,0,8,0,0,0,0,3,1,6,2,8,1388,1,6,-1,1
"45938","201501ZD30303",1,1,0,18,0,8,0,0,0,0,3,1,6,2,7,-1,-1,-1,-1,1
"45939","201501ZD30303",2,9,0,11,0,8,0,0,0,0,4,1,6,3,-1,-1,-1,-1,-1,-1
"45940","201501ZD30304",1,9,0,7,0,8,0,0,0,0,3,1,1,1,5,-1,-1,-1,-1,1
"45941","201501ZD30304",2,4,0,18,0,8,0,0,0,0,1,1,6,1,10,-1,-1,-1,-1,1
"45942","201501ZD30305",1,3,0,13,0,8,0,0,0,0,4,1,6,1,7,-1,-1,-1,-1,1
"45943","201501ZD30305",2,9,0,9,0,8,0,0,0,0,3,1,6,2,7,1769,1,12,-1,1
"45944","201501ZD30306",1,5,0,18,0,2,0,0,0,0,3,1,6,1,6,-1,-1,-1,-1,1
"45945","201501ZD30306",2,9,0,11,0,2,0,0,0,0,4,1,6,2,-1,-1,-1,-1,-1,-1
"45946","201501ZD30307",1,9,0,7,0,8,0,0,0,0,3,1,6,2,-1,1198,1,4,-1,1
"45947","201501ZD30307",2,4,0,18,0,8,0,0,0,0,1,1,6,1,7,998,1,8,-1,1
"45948","201501ZD30308",1,9,0,16,0,8,0,0,0,0,3,1,6,2,7,1200,1,1,-1,1
"45949","201501ZD30308",2,1,0,18,0,8,0,0,0,0,1,1,6,2,6,-1,-1,-1,-1,1
"45950","201501ZD30309",1,9,0,9,0,8,0,0,0,0,1,1,6,2,5,1242,1,-1,-1,1
"45951","201501ZD30309",2,19,0,14,0,8,0,0,0,0,1,1,6,1,-1,2400,2,14,-1,1
"45952","201501ZD30310",1,3,0,13,0,0,0,0,0,0,4,1,6,1,5,-1,-1,-1,-1,1
"45953","201501ZD30310",2,9,0,18,0,0,0,0,0,0,3,1,6,2,7,1686,2,3,-1,1
"45954","201501ZD30311",1,3,0,14,0,8,0,0,0,0,4,1,6,1,5,124,1,3,-1,1
"45955","201501ZD30311",2,9,0,9,0,8,0,0,0,0,1,1,6,1,8,1248,2,9,-1,1
"45956","201501ZD30312",1,5,0,14,0,8,0,0,0,0,1,1,6,1,8,599,1,5,-1,1
"45957","201501ZD30312",2,19,0,9,0,8,0,0,0,0,3,1,6,1,7,-1,-1,-1,-1,1
"45958","201501ZD30313",1,9,0,2,0,8,0,0,0,0,2,1,6,2,6,1991,2,5,-1,1
"45959","201501ZD30313",2,9,0,1,0,8,0,0,0,0,2,1,6,2,-1,1998,1,9,-1,-1
"45960","201501ZD30314",1,9,0,4,0,1,0,0,0,0,2,1,6,1,7,2398,1,17,-1,1
"45961","201501ZD30314",2,20,0,4,0,1,0,0,0,0,1,1,1,1,6,-1,-1,-1,-1,1
"45962","201501ZD30317",1,9,0,18,0,1,0,0,0,0,1,1,6,1,9,-1,-1,-1,-1,1
"45963","201501ZD30318",1,9,0,4,0,8,0,0,0,0,2,1,6,2,-1,1240,1,5,-1,1
"45964","201501ZD30318",2,9,0,18,0,8,0,0,0,0,1,1,6,1,-1,-1,-1,-1,-1,-1
"45965","201501ZD30319",1,9,0,18,0,8,0,0,0,0,1,1,6,1,-1,-1,-1,-1,-1,-1
"45966","201501ZD30319",2,9,0,18,0,8,0,0,0,0,1,1,6,1,6,2979,1,10,-1,-1
"45967","201501ZD30320",1,9,0,18,0,8,0,0,0,0,4,1,6,1,6,1598,1,8,-1,1
"45968","201501ZD30320",2,19,0,9,0,8,0,0,0,0,4,1,6,1,8,2402,2,14,-1,1
"45969","201501ZD30321",1,9,0,18,0,0,0,10,1,0,4,1,6,1,-1,-1,-1,-1,-1,-1
"45970","201501ZD30322",1,1,0,18,0,1,0,0,0,0,3,1,6,1,7,-1,-1,-1,-1,1
"45971","201501ZD30322",2,9,0,13,0,1,0,0,0,0,4,1,6,3,-1,-1,-1,-1,-1,-1
"45972","201501ZD30323",1,9,0,7,0,8,0,0,0,0,4,1,6,2,6,1489,1,17,-1,1
"45973","201501ZD30323",2,1,0,15,0,8,0,0,0,0,3,1,6,1,6,-1,-1,-1,-1,1
"45974","201501ZD30324",1,11,0,18,0,8,0,0,0,0,3,1,1,1,9,-1,2,6,-1,1
"45975","201501ZD30324",2,9,0,9,0,8,0,0,0,0,1,1,6,1,-1,-1,-1,-1,-1,-1
"45976","201501ZD30325",1,9,0,9,0,2,0,0,0,0,1,1,6,1,9,-1,-1,-1,-1,1
"45977","201501ZD30326",1,11,0,4,0,0,0,0,0,0,0,1,1,1,7,6700,2,1,-1,1
"45978","201501ZD30329",1,9,0,17,0,8,0,0,0,0,3,1,6,2,6,1242,1,3,-1,2
"45979","201501ZD30329",2,19,0,17,0,8,0,0,0,0,4,1,6,1,-1,-1,-1,-1,-1,-1
"45980","201501ZD30330",1,9,0,18,0,1,0,0,0,0,1,1,6,2,7,1590,1,13,-1,1
"45981","201501ZD30330",2,1,0,18,0,1,0,0,0,0,3,1,6,1,4,-1,-1,-1,-1,1
"45982","201501ZD30331",1,21,0,18,0,8,0,0,0,0,1,1,6,3,-1,-1,-1,-1,-1,-1
"45983","201501ZD30332",1,11,0,4,0,1,0,0,0,0,0,1,1,1,8,4500,2,-1,-1,1
"45984","201501ZD30334",1,9,0,9,0,8,0,0,0,0,1,1,6,1,7,1995,1,22,-1,1
"45985","201501ZD30334",2,3,0,18,0,8,0,0,0,0,1,1,6,1,5,125,1,7,-1,1
"45986","201501ZD30335",1,9,0,18,0,1,0,0,0,0,3,1,6,2,4,1229,1,8,-1,1
"45987","201501ZD30335",2,9,0,11,0,1,0,0,0,0,4,1,6,3,-1,-1,-1,-1,-1,-1
"45988","201501ZD30337",1,9,0,3,0,1,0,0,0,0,2,1,6,2,5,1229,1,7,-1,1
"45989","201501ZD30337",2,9,0,4,0,1,0,0,0,0,1,1,6,3,-1,1796,1,11,-1,-1
"45990","201501ZD30339",1,11,0,18,0,8,0,0,0,0,1,1,1,1,8,-1,-1,-1,-1,1
"45991","201501ZD30339",2,9,0,7,0,8,0,0,0,0,1,1,6,1,6,1753,2,14,-1,1
"45992","201501ZD30340",1,9,0,9,0,2,0,10,1,2,1,1,6,2,7,1242,1,1,-1,-1
"45993","201501ZD30341",1,8,0,18,0,8,0,0,0,0,4,1,1,1,7,2499,2,6,-1,1
"45994","201501ZD30341",2,9,0,9,0,8,0,0,0,0,1,1,6,1,8,-1,-1,-1,-1,1
"459951","201501ZD30342",1,11,0,4,0,2,0,0,0,0,0,1,1,1,8,6696,2,2,-1,1
"459961","201501ZD30343",1,9,0,9,0,8,0,0,0,0,3,1,6,2,7,-1,-1,-1,-1,1
"45997","201501ZD30343",2,3,0,13,0,8,0,0,0,0,4,1,6,1,6,108,1,2,-1,1
"45998","201501ZD30345",1,9,0,18,0,1,0,0,0,0,1,1,6,1,-1,-1,-1,-1,-1,-1
"45999","201501ZD30346",1,9,0,16,0,1,0,0,0,0,2,1,1,1,5,1796,1,12,-1,1
"46000","201501ZD30346",2,9,0,16,0,1,0,0,0,0,1,1,6,2,8,4293,1,13,-1,1
"46001","201501ZD30347",1,9,0,3,0,2,0,0,0,0,2,1,6,2,8,-1,-1,-1,-1,1
"46002","201501ZD30347",2,9,0,3,0,2,0,0,0,0,1,1,6,1,-1,1598,1,9,-1,1
"46003","201501ZD30348",1,9,0,9,0,8,0,0,0,0,1,1,6,1,5,1598,1,9,-1,1
"46004","201501ZD30348",2,1,0,18,0,8,0,0,0,0,1,1,6,2,6,-1,-1,-1,-1,-1
"46005","201501ZD30349",1,9,0,18,0,2,0,0,0,0,1,1,6,3,-1,-1,-1,-1,-1,-1
"46006","201501ZD30350",1,9,0,18,0,2,0,0,0,0,1,1,6,1,-1,-1,-1,-1,-1,-1
"46007","201501ZD30351",1,9,0,4,0,0,0,0,0,0,1,1,6,1,7,1870,2,11,-1,-1
"46008","201501ZD30351",2,9,0,4,0,0,0,0,0,0,2,1,6,2,-1,2171,1,15,-1,-1
"46009","201501ZD30352",1,9,0,18,0,1,0,0,0,0,1,1,1,1,8,1910,2,7,-1,1
"46010","201501ZD30353",1,9,0,18,0,1,0,0,0,0,1,1,1,1,-1,-1,-1,-1,-1,-1
"46011","201501ZD30354",1,9,0,10,0,8,0,0,0,0,2,1,6,2,6,1896,2,12,-1,1
"46012","201501ZD30354",2,3,0,18,0,8,0,0,0,0,1,1,6,1,4,109,1,1,-1,1
"46013","201501ZD30355",1,19,0,7,0,8,0,0,0,0,4,1,6,1,6,1598,2,4,-1,1
"46014","201501ZD30355",2,5,0,7,0,8,0,0,0,0,1,1,6,1,7,849,1,3,-1,1
"46015","201501ZD30356",1,19,0,4,0,1,0,0,0,0,2,1,6,1,-1,-1,-1,-1,-1,-1
"46016","201501ZD30356",2,9,0,4,0,1,0,0,0,0,1,1,6,2,6,1995,1,6,-1,-1
"46017","201501ZD30358",1,9,0,18,0,8,0,0,0,0,1,1,6,1,6,2180,2,18,-1,1
"46018","201501ZD30358",2,9,0,18,0,8,0,0,0,0,3,1,6,2,8,1560,2,7,-1,1
"46019","201501ZD30359",1,9,0,4,0,1,0,0,0,0,2,1,6,2,8,1598,1,7,-1,1
"46020","201501ZD30359",2,9,0,4,0,1,0,0,0,0,1,1,6,1,-1,-1,-1,-1,-1,-1
"46021","201501ZD30360",1,3,0,18,0,8,0,0,0,0,1,1,6,1,5,125,1,6,-1,1
"46022","201501ZD30360",2,9,0,9,0,8,0,0,0,0,4,1,6,1,8,1968,2,6,-1,-1
"46023","201501ZD30361",1,8,0,9,0,8,0,0,0,0,4,1,1,1,8,1896,2,8,-1,1
"46024","201501ZD30361",2,9,0,5,0,8,0,0,0,0,1,1,6,3,-1,999,1,2,-1,-1
"46025","201501ZD30362",1,90,0,18,9,2,0,0,0,0,1,1,6,3,-1,-1,-1,-1,-1,-1
"46026","201501ZD30363",1,9,0,9,0,8,0,0,0,0,4,1,6,1,7,1596,1,6,-1,1
"46027","201501ZD30363",2,4,0,18,0,8,0,0,0,0,1,1,6,1,5,125,1,7,-1,1
"46028","201501ZD30364",1,1,0,14,0,1,0,8,0,0,1,1,6,1,6,-1,-1,-1,-1,-1
"46029","201501ZD30364",2,9,0,2,0,1,0,0,0,0,3,1,6,1,-1,1248,2,8,-1,-1
"46030","201501ZD30365",1,19,0,18,0,1,0,0,0,0,4,1,6,1,8,2143,2,3,-1,1
"46031","201501ZD30367",1,9,0,18,0,8,0,0,0,0,4,1,6,1,6,1591,1,1,-1,1
"46032","201501ZD30367",2,9,0,9,0,8,0,0,0,0,1,1,6,1,5,1198,1,9,-1,1
"46033","201501ZD30368",1,1,0,18,0,8,0,0,0,0,1,1,6,1,7,-1,-1,-1,-1,-1
"46034","201501ZD30368",2,9,0,9,0,8,0,0,0,0,4,1,6,3,-1,-1,-1,-1,-1,-1
"46035","201501ZD30369",1,9,0,18,0,1,0,10,1,7,1,1,6,2,4,1149,1,4,-1,1
"46036","201501ZD30370",1,9,0,18,0,1,0,0,0,0,1,1,6,1,-1,1995,2,11,-1,1
"46037","201501ZD30370",2,9,0,6,0,2,0,0,0,0,3,1,6,3,-1,-1,-1,-1,-1,-1
"46038","201501ZD30373",1,9,0,18,0,1,0,0,0,0,2,1,6,1,5,1422,2,7,-1,1
"46039","201501ZD30373",2,9,0,18,0,1,0,0,0,0,1,1,6,1,6,1995,2,1,-1,1
"46040","201501ZD30373",3,9,0,18,0,1,0,0,0,0,2,1,6,3,-1,-1,-1,-1,-1,-1
"46041","201501ZD30374",1,1,0,18,0,8,0,0,0,0,1,1,6,1,7,-1,-1,-1,-1,1
"46042","201501ZD30374",2,9,0,7,0,8,0,0,0,0,3,1,6,1,-1,-1,-1,-1,-1,-1
"46043","201501ZD30375",1,9,0,18,0,1,0,0,0,0,1,1,6,2,8,1348,1,14,-1,1
"46044","201501ZD30376",1,9,0,9,0,8,0,0,0,0,3,1,6,2,9,1386,1,8,-1,1
"46045","201501ZD30376",2,9,0,18,0,8,0,0,0,0,1,1,6,2,7,1995,2,10,-1,1
"46046","201501ZD30377",1,9,0,9,0,8,0,0,0,0,4,1,6,1,6,2993,2,8,-1,1
"46047","201501ZD30377",2,4,0,18,0,8,0,0,0,0,1,1,6,1,5,-1,-1,-1,-1,1
"46048","201501ZD30378",1,9,0,3,0,1,0,0,0,0,2,1,6,1,7,1796,1,10,-1,1
"46049","201501ZD30378",2,9,0,4,0,1,0,0,0,0,1,1,6,3,-1,1968,2,5,-1,-1
"46051","201501ZD30383",1,9,0,3,0,0,0,0,0,0,2,1,6,1,7,1998,2,3,-1,1
"46052","201501ZD30383",2,9,0,18,0,0,0,0,0,0,1,1,6,3,-1,-1,-1,-1,-1,-1
"46053","201501ZD30384",1,9,0,18,0,1,0,0,0,0,2,1,6,2,8,1991,1,24,-1,1
"46054","201501ZD30384",2,9,0,18,0,1,0,0,0,0,1,1,6,3,-1,-1,-1,-1,-1,-1
"46055","201501ZD30385",1,2,0,4,0,1,1,0,0,0,1,1,6,1,5,49,1,10,-1,-1
"46056","201501ZD30385",2,9,0,4,0,1,0,0,0,0,2,1,6,2,7,1986,2,9,-1,-1
"46057","201501ZD30386",1,3,0,13,0,8,0,0,0,0,1,1,6,1,4,102,1,1,-1,1
"46058","201501ZD30386",2,9,0,9,0,8,0,0,0,0,3,1,6,3,-1,1598,1,5,-1,-1
"46059","201501ZD30387",1,9,0,4,0,1,0,0,0,0,1,1,6,1,5,1398,1,13,-1,1
"46060","201501ZD30387",2,9,0,4,0,1,0,0,0,0,2,1,6,1,10,1587,1,17,-1,1
"46061","201501ZD30389",1,3,0,18,0,2,0,0,0,0,1,1,6,1,5,125,1,6,-1,1
"46062","201501ZD30391",1,3,0,18,0,0,0,0,0,0,0,1,6,1,4,649,1,-1,-1,1
"46063","201501ZD30392",1,9,0,4,0,1,0,0,0,0,2,1,6,1,6,-1,-1,-1,-1,1
"46064","201501ZD30392",2,9,0,4,0,1,0,0,0,0,1,1,6,1,-1,1598,1,-1,-1,1
"46065","201501ZD30393",1,11,0,4,0,1,0,0,0,0,0,1,1,1,7,6692,2,6,-1,1
"46066","201501ZD30395",1,9,0,18,0,1,0,0,0,0,1,1,6,1,7,2996,1,9,-1,1
"46067","201501ZD30396",1,5,0,18,0,1,0,0,0,0,1,1,6,1,7,-1,-1,-1,-1,1
"46068","201501ZD30397",1,9,0,18,0,1,0,0,0,0,1,1,1,1,9,1956,2,3,-1,1
"46069","201501ZD30398",1,2,0,5,0,1,0,0,0,0,1,1,6,3,-1,125,1,9,-1,-1
"46070","201501ZD30399",1,9,0,4,0,1,0,0,0,0,2,1,6,1,-1,1910,2,8,-1,1
"46071","201501ZD30399",2,9,0,4,0,1,0,0,0,0,1,1,6,1,-1,1910,2,7,-1,-1
"46072","201501ZD30400",1,9,0,4,0,8,0,0,0,0,2,1,6,1,6,1598,1,5,-1,1
"46073","201501ZD30400",2,9,0,18,0,8,0,0,0,0,1,1,6,1,8,1995,1,8,-1,1
"46074","201501ZD30401",1,1,0,7,0,8,0,0,0,0,4,1,6,1,-1,-1,-1,-1,-1,-1
"46075","201501ZD30402",1,9,0,18,0,8,0,0,0,0,1,1,6,3,-1,-1,-1,-1,-1,-1
"46076","201501ZD30402",2,1,0,18,0,8,0,0,0,0,3,1,6,1,8,-1,-1,-1,-1,1
"46077","201501ZD30403",1,9,0,18,0,0,0,0,0,0,1,1,6,1,10,1584,1,7,-1,-1
"46078","201501ZD30403",2,9,0,18,0,0,0,0,0,0,1,1,6,1,5,1769,2,22,-1,-1
"46079","201501ZD30404",1,9,0,9,0,8,0,0,0,0,3,1,6,2,5,998,1,13,-1,-1
"46080","201501ZD30404",2,9,0,18,0,8,0,0,0,0,1,1,6,2,4,1199,1,11,-1,1
"46081","201501ZD30405",1,9,0,18,0,1,0,0,0,0,3,1,6,1,6,1240,1,11,-1,1
"46082","201501ZD30405",2,9,0,18,0,2,0,0,0,0,3,1,6,2,5,1199,1,16,-1,1
"46083","201501ZD30406",1,9,0,18,0,1,0,10,0,0,1,1,1,1,-1,-1,-1,-1,-1,-1
"46084","201501ZD30407",1,9,0,10,0,8,0,0,0,0,2,1,6,2,6,1296,1,8,-1,1