"","Acc_Index","Vehicle_Reference","Vehicle_Type","Towing_and_Articulation","Vehicle_Manoeuvre","Vehicle_Location.Restricted_Lane","Junction_Location","Skidding_and_Overturning","Hit_Object_in_Carriageway","Vehicle_Leaving_Carriageway","Hit_Object_off_Carriageway","X1st_Point_of_Impact","Was_Vehicle_Left_Hand_Drive","Journey_Purpose_of_Driver","Sex_of_Driver","Age_Band_of_Driver","Engine_Capacity_.CC.","Propulsion_Code","Age_of_Vehicle","Driver_IMD_Decile","Driver_Home_Area_Type"
"46085","201501ZD30407",2,5,0,18,0,8,0,0,0,0,1,1,6,2,7,750,1,3,-1,1
"46086","201501ZD30408",1,9,0,18,0,0,0,0,0,0,3,1,6,1,5,1598,1,8,-1,1
"46087","201501ZD30408",2,9,0,18,0,0,0,0,0,0,3,1,6,2,8,1598,1,3,-1,1
"46088","201501ZD30409",1,9,0,3,0,2,0,0,0,0,3,1,6,2,7,1339,1,7,-1,1
"46089","201501ZD30409",2,20,0,11,0,2,0,0,0,0,4,1,6,1,-1,-1,-1,-1,-1,1
"46090","201501ZD30410",1,9,0,9,0,2,0,0,0,0,1,1,6,1,7,1896,2,12,-1,1
"46091","201501ZD30412",1,9,0,7,0,8,0,0,0,0,2,1,6,2,-1,1796,1,9,-1,1
"46092","201501ZD30412",2,9,0,18,0,8,0,0,0,0,1,1,6,1,-1,-1,-1,-1,-1,-1
"46093","201501ZD30415",1,19,0,9,0,8,0,0,0,0,4,1,1,2,6,1995,2,2,-1,-1
"46094","201501ZD30415",2,1,0,18,0,8,0,0,0,0,1,1,6,1,7,-1,-1,-1,-1,1
"46095","201501ZD30416",1,9,0,6,0,0,0,0,0,0,3,1,6,1,7,1896,2,12,-1,1
"46096","201501ZD30416",2,5,0,18,0,0,0,0,0,0,4,1,6,1,6,599,1,9,-1,1
"46097","201501ZD30416",3,9,0,2,0,0,0,0,0,0,3,1,6,3,-1,1587,1,13,-1,-1
"46098","201501ZD30419",1,9,0,18,0,8,0,0,0,0,1,1,6,1,8,-1,-1,-1,-1,1
"46099","201501ZD30419",2,9,0,9,0,8,0,0,0,0,1,1,6,1,4,1995,2,7,-1,-1
"46100","201501ZD30420",1,9,0,18,0,0,0,4,0,0,1,1,6,1,9,2996,1,8,-1,1
"46101","201501ZD30420",2,9,0,2,0,0,0,0,0,0,2,1,6,3,-1,1229,1,7,-1,-1
"46102","201501ZD30421",1,9,0,6,0,8,0,0,0,0,3,1,6,1,8,1794,1,11,-1,1
"46103","201501ZD30421",2,9,0,18,0,8,0,0,0,0,1,1,6,2,7,1598,1,9,-1,1
"46104","201501ZD30422",1,9,0,7,0,8,0,0,0,0,1,1,6,1,8,4293,1,10,-1,1
"46105","201501ZD30422",2,3,0,3,0,8,0,0,0,0,2,1,6,1,7,125,1,2,-1,1
"46106","201501ZD30423",1,4,0,18,0,1,1,0,0,0,0,1,6,1,7,-1,-1,-1,-1,-1
"46107","201501ZD30424",1,3,0,18,0,1,0,0,0,0,1,1,6,1,7,249,1,3,-1,3
"46108","201501ZD30424",2,9,0,6,0,1,0,0,0,0,2,1,6,2,8,1240,1,5,-1,1
"46109","201501ZD30425",1,11,0,4,0,1,0,0,0,0,0,1,1,1,9,-1,-1,-1,-1,1
"46110","201501ZD30426",1,9,0,9,0,8,0,0,0,0,3,1,1,1,6,1998,2,3,-1,1
"46111","201501ZD30426",2,9,0,18,0,8,0,0,0,0,1,1,6,2,6,1598,1,5,-1,1
"46112","201501ZD30427",1,11,0,4,0,1,0,0,0,0,0,1,1,1,6,-1,-1,-1,-1,1
"46113","201501ZD30429",1,11,0,18,0,8,0,0,0,0,0,1,1,1,9,6692,2,6,-1,-1
"46114","201501ZD30429",2,9,0,9,0,8,0,0,0,0,0,1,6,3,-1,-1,-1,-1,-1,-1
"46115","201501ZD30430",1,9,0,9,0,2,0,0,0,0,1,1,6,2,8,1497,8,9,-1,1
"46116","201501ZD30434",1,9,0,18,0,1,0,0,0,0,2,1,6,2,7,998,1,6,-1,1
"46117","201501ZD30434",2,4,0,18,0,1,0,0,0,0,1,1,6,3,-1,-1,-1,-1,-1,-1
"46118","201501ZD30435",1,10,0,2,0,2,0,0,0,0,2,1,1,1,9,2198,2,4,-1,1
"46119","201501ZD30435",2,2,0,18,0,2,0,4,0,0,1,1,6,1,4,-1,-1,-1,-1,-1
"46120","201501ZD30436",1,21,1,7,0,8,0,0,0,0,3,1,1,1,7,-1,-1,-1,-1,1
"46121","201501ZD30436",2,11,0,3,0,8,0,0,0,0,3,1,1,1,9,-1,-1,-1,-1,-1
"46122","201501ZD30437",1,19,0,7,0,8,0,0,0,0,1,1,6,1,6,2402,2,4,-1,1
"46123","201501ZD30437",2,8,0,9,0,8,0,0,0,0,1,1,1,1,-1,1797,8,4,-1,-1
"46124","201501ZD30438",1,9,0,7,0,8,0,0,0,0,3,1,6,1,11,-1,-1,-1,-1,-1
"46125","201501ZD30438",2,2,0,18,0,8,0,0,0,0,1,1,6,1,-1,49,1,1,-1,1
"46126","201501ZD30439",1,9,0,3,0,1,0,0,0,0,1,1,6,1,7,-1,-1,-1,-1,1
"46127","201501ZD30439",2,3,0,4,0,2,0,0,0,0,1,1,6,1,5,124,1,4,-1,1
"46128","201501ZD30440",1,9,0,9,0,8,0,0,0,0,3,1,1,1,8,1896,2,9,-1,1
"46129","201501ZD30440",2,3,0,18,0,8,0,0,0,0,1,1,6,1,6,124,1,1,-1,1
"46130","201501ZD30441",1,9,0,18,0,2,0,0,0,0,1,1,1,1,8,1997,2,2,-1,1
"46131","201501ZD30441",2,9,0,18,0,1,0,0,0,0,1,1,6,2,7,1968,2,10,-1,1
"46132","201501ZD30443",1,9,0,18,0,8,0,0,0,0,3,1,6,1,7,1599,1,10,-1,1
"46133","201501ZD30443",2,9,0,18,0,8,0,0,0,0,1,1,6,1,-1,-1,-1,-1,-1,-1
"46134","201501ZD30444",1,9,0,9,0,8,0,0,0,0,1,1,6,2,4,1360,1,11,-1,1
"46135","201501ZD30444",2,9,0,14,0,8,0,0,0,0,4,1,6,1,9,1299,1,12,-1,1
"46136","201501ZD30445",1,9,0,14,0,1,0,0,0,0,4,1,6,1,-1,-1,-1,-1,-1,-1
"46137","201501ZD30445",2,11,0,3,0,1,0,0,0,0,3,1,1,1,10,3900,2,12,-1,-1
"46138","201501ZD30446",1,1,0,18,0,8,0,0,0,0,4,1,6,1,9,-1,-1,-1,-1,-1
"46139","201501ZD30446",2,9,0,9,0,8,0,0,0,0,1,1,6,2,6,1149,1,12,-1,1
"46140","201501ZD30448",1,20,0,18,0,2,0,10,1,5,1,1,1,1,8,3920,2,10,-1,1
"46141","201501ZD30449",1,9,0,16,0,8,0,0,0,0,1,1,6,1,7,-1,-1,-1,-1,1
"46142","201501ZD30449",2,4,0,18,0,8,0,0,0,0,4,1,6,1,9,600,1,11,-1,-1
"46143","201501ZD30450",1,9,0,4,0,0,0,0,0,0,1,1,6,1,-1,-1,-1,-1,-1,-1
"46144","201501ZD30450",2,9,0,3,0,0,0,0,0,0,2,1,6,1,6,1364,2,6,-1,1
"46145","201501ZD30452",1,9,0,13,0,1,0,0,0,0,1,1,1,1,7,1796,1,7,-1,1
"46146","201501ZD30452",2,1,0,18,0,1,0,0,0,0,2,1,6,2,7,-1,-1,-1,-1,1
"46147","201501ZD30453",1,9,0,18,0,8,0,0,0,0,3,1,6,1,5,1796,1,9,-1,1
"46148","201501ZD30453",2,9,0,18,0,8,0,0,0,0,1,1,6,2,10,1595,1,2,-1,1
"46149","201501ZD30454",1,9,0,18,0,0,0,0,0,0,1,1,6,1,6,1910,2,9,-1,1
"46150","201501ZD30454",2,9,0,18,0,0,0,0,0,0,1,1,6,3,-1,4266,1,16,-1,-1
"46151","201501ZD30454",3,9,0,2,0,0,0,0,0,0,3,1,6,3,-1,-1,-1,-1,-1,-1
"46152","201501ZD30455",1,3,0,7,0,8,0,0,0,0,3,1,6,1,4,125,1,2,-1,1
"46153","201501ZD30455",2,9,0,7,0,8,0,0,0,0,4,1,6,1,8,1560,2,11,-1,2
"46154","201501ZD30456",1,9,0,18,0,1,0,0,0,0,1,1,6,2,6,1229,1,6,-1,1
"46155","201501ZD30458",1,9,0,7,0,8,0,0,0,0,3,1,6,1,6,1796,1,17,-1,1
"46156","201501ZD30458",2,5,0,18,0,8,0,0,0,0,1,1,6,1,6,108,1,3,-1,1
"46157","201501ZD30460",1,11,0,18,0,8,0,0,0,0,4,1,1,1,8,9200,2,10,-1,-1
"46158","201501ZD30460",2,9,0,1,0,8,0,0,0,0,2,1,6,2,7,2497,2,10,-1,1
"46159","201501ZD30462",1,3,0,18,0,8,0,0,0,0,1,1,6,1,5,125,1,3,-1,1
"46160","201501ZD30462",2,9,0,9,0,8,0,0,0,0,3,1,6,3,-1,-1,-1,-1,-1,-1
"46161","201501ZD30464",1,9,0,3,0,1,0,0,0,0,2,1,6,2,6,1596,1,11,-1,1
"46162","201501ZD30464",2,4,0,4,0,1,0,0,0,0,1,1,6,1,-1,535,1,16,-1,1
"46163","201501ZD30466",1,9,0,3,0,1,0,0,0,0,2,1,6,2,6,1598,1,2,-1,1
"46164","201501ZD30466",2,9,0,3,0,1,0,0,0,0,2,1,6,1,6,1598,1,10,-1,1
"46165","201501ZD30466",3,9,0,4,0,1,0,0,0,0,1,1,6,2,5,1598,1,7,-1,1
"46166","201501ZD30467",1,9,0,18,0,1,0,0,0,0,1,1,6,2,7,1149,1,14,-1,-1
"46167","201501ZD30467",2,9,0,18,0,2,0,0,0,0,1,1,6,3,-1,1149,1,14,-1,-1
"46168","201501ZD30468",1,8,0,18,0,1,0,0,0,0,1,1,1,1,6,1582,2,2,-1,1
"46169","201501ZD30468",2,9,0,18,0,1,0,0,0,0,2,1,6,1,8,1124,1,15,-1,-1
"46170","201501ZD30469",1,9,0,18,0,1,0,0,0,0,1,1,6,2,8,4966,1,10,-1,1
"46171","201501ZD30470",1,11,0,4,0,0,0,0,0,0,0,1,6,1,7,-1,-1,-1,-1,1
"46172","201501ZD30471",1,9,0,18,0,8,0,0,0,0,3,1,6,2,6,2457,1,8,-1,1
"46173","201501ZD30471",2,9,0,18,0,8,0,0,0,0,1,1,6,1,5,2000,2,9,-1,1
"46174","201501ZD30472",1,11,0,4,0,1,0,0,0,0,0,1,1,1,8,3900,2,12,-1,1
"46175","201501ZD30473",1,2,0,18,0,8,0,0,0,0,1,1,6,1,7,125,1,2,-1,1
"46176","201501ZD30473",2,9,0,9,0,8,0,0,0,0,3,1,6,1,6,1995,2,11,-1,1
"46177","201501ZD30474",1,9,0,3,0,1,0,0,0,0,2,1,6,1,9,1461,2,4,-1,1
"46178","201501ZD30474",2,1,0,18,0,1,0,0,0,0,1,1,6,1,6,-1,-1,-1,-1,1
"46179","201501ZD30475",1,9,0,18,0,8,0,0,0,0,4,1,6,1,7,1988,1,14,-1,1
"46180","201501ZD30475",2,9,0,18,0,8,0,0,0,0,1,1,6,1,6,1395,1,1,-1,1
"46181","201501ZD30477",1,9,0,9,0,8,0,0,0,0,4,1,6,1,6,2685,2,12,-1,1
"46182","201501ZD30477",2,1,0,18,0,8,0,0,0,0,1,1,6,1,6,-1,-1,-1,-1,1
"46183","201501ZD30478",1,9,0,18,0,1,0,0,0,0,1,1,6,1,11,1995,1,13,-1,1
"46184","201501ZD30479",1,9,0,18,0,1,0,4,0,0,1,1,6,1,8,1395,1,-1,-1,1
"46185","201501ZD30479",2,9,0,2,0,1,0,0,0,0,2,1,1,1,9,3200,2,-1,-1,3
"46186","201501ZD30480",1,3,0,18,0,8,0,0,0,0,1,1,6,1,7,124,1,7,-1,1
"46187","201501ZD30480",2,9,0,7,0,8,0,0,0,0,3,1,1,1,7,1910,2,5,-1,1
"46188","201501ZD30481",1,9,0,18,0,1,0,0,0,0,1,1,6,1,9,1769,1,13,-1,1
"46189","201501ZD30482",1,1,0,18,0,2,0,0,0,0,1,1,6,1,-1,-1,-1,-1,-1,1
"46190","201501ZD30482",2,9,0,7,0,2,0,0,0,0,3,1,6,2,-1,-1,-1,-1,-1,1
"46191","201501ZD30483",1,11,0,5,0,2,0,0,0,0,0,1,1,1,8,-1,-1,-1,-1,1
"46192","201501ZD30484",1,9,0,9,0,2,0,0,0,0,4,1,6,1,9,1461,2,4,-1,1
"46193","201501ZD30485",1,9,0,9,0,8,0,0,0,0,4,1,6,1,5,1896,2,6,-1,-1
"46194","201501ZD30485",2,1,0,18,0,8,0,0,0,0,1,1,6,1,5,-1,-1,-1,-1,-1
"46195","201501ZD30486",1,9,0,18,0,0,0,0,0,0,1,1,6,2,8,1596,1,11,-1,1
"46196","201501ZD30487",1,9,0,9,0,8,0,0,0,0,3,1,6,2,6,1390,1,9,-1,1
"46197","201501ZD30487",2,3,0,18,0,8,0,0,0,0,1,1,1,1,5,108,1,4,-1,1
"46198","201501ZD30488",1,9,0,18,0,0,0,0,0,0,2,1,6,1,6,2494,1,11,-1,1
"46199","201501ZD30488",2,9,0,18,0,0,0,0,0,0,1,1,6,1,8,-1,-1,-1,-1,1
"46200","201501ZD30489",1,9,0,18,0,1,0,0,0,0,1,1,6,3,-1,-1,-1,-1,-1,-1
"46201","201501ZD30490",1,9,0,9,0,8,0,0,0,0,3,1,6,2,6,1461,2,4,-1,1
"46202","201501ZD30490",2,2,0,18,0,8,0,0,0,0,1,1,6,1,4,49,1,12,-1,1
"46203","201501ZD30491",1,9,0,3,0,8,0,0,0,0,2,1,6,2,7,2902,2,11,-1,1
"46204","201501ZD30491",2,9,0,4,0,8,0,0,0,0,1,1,6,3,-1,1229,1,1,-1,-1
"46205","201501ZD30492",1,1,0,18,0,2,0,0,0,0,1,1,6,2,9,-1,-1,-1,-1,1
"46206","201501ZD30492",2,9,0,1,0,1,0,0,0,0,2,1,6,3,-1,-1,-1,-1,-1,-1
"46207","201501ZD30493",1,9,0,18,0,2,0,0,0,0,1,1,6,1,5,1197,1,-1,-1,1
"46208","201501ZD30493",2,19,0,2,0,2,0,0,0,0,2,1,6,1,7,2300,2,10,-1,1
"46209","201501ZD30495",1,9,0,9,0,2,0,0,0,0,1,1,6,1,8,1598,2,4,-1,1
"46210","201501ZD30496",1,9,0,18,0,8,0,0,0,0,3,1,6,1,7,1598,1,4,-1,1
"46211","201501ZD30496",2,3,0,18,0,8,0,0,0,0,1,1,6,1,6,108,1,7,-1,1
"46212","201501ZD30497",1,9,0,18,0,8,0,0,0,0,4,1,6,2,7,-1,-1,-1,-1,1
"46213","201501ZD30497",2,9,0,7,0,8,0,0,0,0,1,1,6,1,-1,1587,1,16,-1,-1
"46214","201501ZD30498",1,9,0,1,0,0,0,0,0,0,4,1,6,2,-1,1198,1,-1,-1,-1
"46215","201501ZD30499",1,19,0,9,0,8,0,0,0,0,0,1,6,1,-1,-1,-1,-1,-1,-1
"46216","201501ZD30499",2,9,0,18,0,8,0,0,0,0,1,1,6,1,5,2204,2,9,-1,1
"46217","201501ZD30500",1,19,0,18,0,0,0,0,0,0,1,1,6,1,6,1248,2,5,-1,1
"46218","201501ZD30500",2,19,0,2,0,0,0,0,0,0,1,1,6,3,-1,-1,-1,-1,-1,-1
"46219","201501ZD30501",1,3,0,18,0,8,0,0,0,0,0,1,6,1,5,124,1,1,-1,1
"46220","201501ZD30501",2,9,0,7,0,8,0,0,0,0,0,1,6,2,6,998,1,5,-1,1
"46221","201501ZD30502",1,9,0,9,0,8,0,0,0,0,1,1,6,2,7,-1,-1,-1,-1,1
"46222","201501ZD30502",2,9,0,18,0,8,0,0,0,0,1,1,6,2,8,1598,1,1,-1,1
"46223","201501ZD30503",1,1,0,9,0,2,0,0,0,0,3,1,6,2,8,-1,-1,-1,-1,1
"46224","201501ZD30503",2,9,0,9,0,2,0,0,0,0,4,1,6,1,-1,2198,1,11,-1,1
"46225","201501ZD30504",1,9,0,13,0,1,0,0,0,0,1,1,6,1,7,1895,1,15,-1,1
"46226","201501ZD30504",2,1,0,18,0,1,0,0,0,0,2,1,6,1,-1,-1,-1,-1,-1,-1
"46227","201501ZD30505",1,9,0,18,0,0,0,0,0,0,3,1,6,1,8,-1,-1,-1,-1,1
"46228","201501ZD30505",2,19,0,18,0,0,0,0,0,0,3,1,6,1,-1,-1,-1,-1,-1,-1
"46229","201501ZD30506",1,3,0,18,0,8,0,0,0,0,1,1,6,2,9,125,1,1,-1,-1
"46230","201501ZD30506",2,9,0,7,0,8,0,0,0,0,3,1,6,2,10,1360,1,7,-1,-1
"46231","201501ZD30507",1,9,0,18,0,8,0,10,3,10,3,1,6,2,5,1400,1,8,-1,1
"46232","201501ZD30508",1,9,0,3,0,1,0,0,0,0,2,1,6,2,7,2148,2,13,-1,1
"46233","201501ZD30508",2,9,0,18,0,1,0,0,0,0,1,1,6,1,-1,1124,1,13,-1,-1
"46234","201501ZD30509",1,9,0,18,0,0,0,0,0,0,1,1,6,1,5,-1,-1,-1,-1,1
"46235","201501ZD30510",1,9,0,18,0,0,0,0,1,4,1,1,6,1,7,-1,-1,-1,-1,1
"46236","201501ZD30510",2,9,0,18,0,0,0,0,0,0,0,1,6,3,-1,-1,-1,-1,-1,-1
"46237","201501ZD30512",1,9,0,18,0,2,0,0,0,0,1,1,6,1,4,1597,1,7,-1,1
"46238","201501ZD30512",2,9,0,18,0,1,0,0,0,0,1,1,6,1,6,1997,2,8,-1,-1
"46239","201501ZD30514",1,9,0,18,0,8,0,0,0,0,1,1,6,1,-1,-1,-1,-1,-1,-1
"46240","201501ZD30514",2,11,0,18,0,8,0,0,0,0,1,1,1,1,7,4500,2,-1,-1,1
"46241","201501ZD30516",1,9,0,4,0,2,0,0,0,0,2,1,6,2,8,1997,2,7,-1,1
"46242","201501ZD30516",2,1,0,18,0,2,0,0,0,0,1,1,6,1,7,-1,-1,-1,-1,1
"46243","201501ZD30517",1,3,0,13,0,8,0,0,0,0,0,1,6,1,7,-1,-1,-1,-1,1
"46244","201501ZD30517",2,9,0,9,0,8,0,0,0,0,0,1,6,2,-1,-1,-1,-1,-1,1
"46245","201501ZD30518",1,9,0,9,0,8,0,0,0,0,4,1,6,2,7,1598,1,9,-1,-1
"46246","201501ZD30518",2,1,0,15,0,8,0,0,0,0,1,1,6,2,6,-1,-1,-1,-1,1
"46247","201501ZD30519",1,3,0,4,0,1,0,0,0,0,1,1,1,1,4,-1,-1,-1,-1,1
"46248","201501ZD30519",2,9,0,4,0,1,0,0,0,0,2,1,6,3,-1,-1,-1,-1,-1,-1
"46249","201501ZD30520",1,9,0,3,0,0,0,0,0,0,2,1,6,1,4,1242,1,7,-1,1
"46250","201501ZD30520",2,9,0,5,0,0,0,0,0,0,1,1,6,2,-1,-1,-1,-1,-1,-1
"46251","201501ZD30521",1,9,0,18,0,0,0,0,0,0,1,1,6,2,7,1797,8,4,-1,1
"46252","201501ZD30521",2,9,0,3,0,0,0,0,0,0,3,1,6,1,7,1956,2,4,-1,1
"46253","201501ZD30521",3,9,0,3,0,0,0,0,0,0,1,1,6,1,8,1896,2,8,-1,1
"46254","201501ZD30522",1,1,0,18,0,2,0,0,0,0,1,1,6,1,7,-1,-1,-1,-1,1
"46255","201501ZD30523",1,9,0,9,0,8,0,0,0,0,1,1,6,2,6,1999,1,8,-1,1
"46256","201501ZD30523",2,9,0,9,0,8,0,0,0,0,2,1,6,1,6,1590,1,10,-1,1
"46257","201501ZD30524",1,1,0,17,0,8,0,0,0,0,1,1,6,1,6,-1,-1,-1,-1,1
"46258","201501ZD30524",2,19,0,18,0,8,0,0,0,0,3,1,1,1,8,2198,2,1,-1,-1
"46259","201501ZD30525",1,9,0,18,0,8,0,0,0,0,3,1,6,2,7,1296,1,6,-1,1
"46260","201501ZD30525",2,1,0,18,0,8,0,0,0,0,1,1,6,1,11,-1,-1,-1,-1,-1
"46261","201501ZD30526",1,9,0,18,0,0,0,0,1,4,1,1,6,1,-1,-1,-1,-1,-1,-1
"46262","201501ZD30527",1,5,0,18,0,1,0,0,0,0,1,1,6,1,7,1198,1,1,-1,1
"46263","201501ZD30527",2,9,0,5,0,1,0,0,0,0,3,1,6,2,-1,-1,-1,-1,-1,-1
"46264","201501ZD30528",1,9,0,2,0,0,0,0,0,0,2,1,6,3,-1,-1,-1,-1,-1,-1
"46265","201501ZD30528",2,9,0,18,0,0,0,4,0,0,1,1,6,2,7,1598,2,2,-1,1
"46266","201501ZD30530",1,8,0,18,0,0,0,0,0,0,1,1,1,1,8,2264,5,14,-1,1
"46267","201501ZD30531",1,9,0,7,0,8,0,0,0,0,3,1,6,1,7,1896,1,16,-1,1
"46268","201501ZD30531",2,3,0,18,0,8,0,0,0,0,1,1,6,1,7,125,1,1,-1,1
"46269","201501ZD30533",1,5,0,18,0,8,0,0,0,0,0,1,6,1,6,-1,-1,-1,-1,1
"46270","201501ZD30533",2,9,0,13,0,8,0,0,0,0,0,1,6,3,-1,-1,-1,-1,-1,-1
"46271","201501ZD30534",1,9,0,4,0,0,0,0,0,0,1,1,6,1,6,1598,1,12,-1,1
"46272","201501ZD30534",2,9,0,4,0,0,0,0,0,0,2,1,6,1,7,2172,2,12,-1,-1
"46273","201501ZD30534",3,9,0,4,0,0,0,0,0,0,0,1,6,2,-1,999,1,6,-1,-1
"46274","201501ZD30535",1,9,0,18,0,1,0,0,0,0,2,1,6,1,8,1910,2,9,-1,1
"46275","201501ZD30535",2,9,0,18,0,1,0,0,0,0,1,1,6,3,-1,1587,1,10,-1,-1
"46276","201501ZD30536",1,9,0,10,0,8,0,0,0,0,2,1,6,2,10,1388,1,11,-1,1
"46277","201501ZD30536",2,9,0,3,0,8,0,0,0,0,2,1,6,1,6,1388,1,12,-1,-1
"46278","201501ZD30536",3,9,0,18,0,8,0,0,0,0,1,1,6,2,9,4511,1,10,-1,1
"46279","201501ZD30538",1,9,0,18,0,8,0,0,0,0,3,1,6,1,7,-1,-1,-1,-1,1
"46280","201501ZD30538",2,4,0,18,0,8,0,0,0,0,1,1,6,1,-1,-1,-1,-1,-1,-1
"46281","201501ZD30539",1,9,0,3,0,1,0,0,0,0,2,1,6,1,9,-1,-1,-1,-1,1
"46282","201501ZD30539",2,9,0,4,0,1,0,0,0,0,1,1,6,1,-1,1973,1,14,-1,-1
"46283","201501ZD30540",1,9,0,18,0,1,0,0,0,0,1,1,6,1,7,2993,2,10,-1,1
"46284","201501ZD30540",2,11,0,18,0,1,0,0,0,0,2,1,1,1,8,4500,2,3,-1,1
"46285","201501ZD30543",1,9,0,18,0,2,0,0,0,0,1,1,6,2,6,1582,2,2,-1,1
"46286","201501ZD30544",1,9,0,7,0,8,0,0,0,0,4,1,1,2,8,796,1,8,-1,1
"46287","201501ZD30544",2,1,0,18,0,8,0,0,0,0,1,1,6,2,6,-1,-1,-1,-1,1
"46288","201501ZD30545",1,11,0,4,0,1,0,0,0,0,0,1,1,1,6,4500,2,3,-1,1
"46289","201501ZD30546",1,9,0,18,0,2,0,0,0,0,1,1,6,1,10,1229,1,5,-1,1
"46290","201501ZD30548",1,1,0,18,0,8,0,0,0,0,1,1,6,2,8,-1,-1,-1,-1,1
"46291","201501ZD30548",2,9,0,9,0,8,0,0,0,0,4,1,6,1,-1,-1,-1,-1,-1,-1
"46292","201501ZD30550",1,9,0,18,0,2,0,0,0,0,1,1,6,2,-1,1339,8,7,-1,-1
"46293","201501ZD30551",1,9,0,18,0,2,0,0,0,0,1,1,6,1,6,-1,-1,-1,-1,1
"46294","201501ZD30552",1,9,0,18,0,0,0,4,0,0,1,1,6,1,4,1149,1,9,-1,1
"46295","201501ZD30552",2,11,0,2,0,0,0,0,0,0,2,1,6,3,-1,-1,-1,-1,-1,-1
"46296","201501ZD30554",1,9,0,9,0,8,0,0,0,0,4,1,1,1,5,-1,-1,-1,-1,1
"46297","201501ZD30554",2,4,0,18,0,8,0,0,0,0,1,1,6,1,-1,-1,-1,-1,-1,1
"46298","201501ZD30555",1,1,0,18,0,8,0,0,0,0,1,1,6,2,6,-1,-1,-1,-1,1
"46299","201501ZD30555",2,9,0,7,0,8,0,0,0,0,4,1,6,1,-1,1390,1,6,-1,-1
"46300","201501ZD30556",1,3,0,3,0,1,0,0,0,0,2,1,6,1,6,124,1,10,-1,1
"46301","201501ZD30556",2,9,0,4,0,1,0,0,0,0,1,1,6,2,-1,-1,-1,-1,-1,-1
"46302","201501ZD30557",1,9,0,18,0,2,0,0,0,0,1,1,6,1,7,1149,1,7,-1,1
"46303","201501ZD30558",1,9,0,5,0,1,0,0,0,0,3,1,6,2,7,-1,-1,-1,-1,1
"46304","201501ZD30558",2,9,0,18,0,1,0,0,0,0,1,1,6,2,4,1149,1,14,-1,1
"46305","201501ZD30559",1,9,0,18,0,1,0,10,7,10,1,1,6,1,10,1598,2,-1,-1,1
"46306","201501ZD30560",1,9,0,14,0,0,0,0,0,0,1,1,6,2,9,1248,1,3,-1,1
"46307","201501ZD30561",1,9,0,3,0,1,0,0,0,0,2,1,6,2,5,1390,1,14,-1,-1
"46308","201501ZD30561",2,19,0,18,0,1,0,0,0,0,1,1,6,1,-1,1248,2,7,-1,-1
"46309","201501ZD30563",1,9,0,18,0,1,0,0,0,0,1,1,6,2,5,1395,1,-1,-1,1
"46310","201501ZD30566",1,9,0,4,0,8,0,0,0,0,2,1,6,1,7,-1,-1,-1,-1,1
"46311","201501ZD30566",2,9,0,4,0,8,0,0,0,0,1,1,6,2,-1,1388,1,12,-1,1
"46312","201501ZD30567",1,9,0,18,0,1,0,0,0,0,2,1,6,2,6,1799,1,9,-1,1
"46313","201501ZD30567",2,9,0,13,0,1,0,0,0,0,1,1,6,1,5,1796,1,13,-1,1
"46314","201501ZD30568",1,9,0,18,0,0,0,0,0,0,3,1,6,1,6,2143,2,6,-1,-1
"46315","201501ZD30568",2,9,0,15,0,0,0,0,0,0,4,1,6,1,-1,1388,1,4,-1,-1
"46316","201501ZD30569",1,1,0,18,0,8,0,0,0,0,1,1,6,1,8,-1,-1,-1,-1,1
"46317","201501ZD30569",2,9,0,7,0,8,0,0,0,0,4,1,6,3,-1,1364,1,8,-1,-1
"46318","201501ZD30570",1,3,0,18,0,1,0,0,0,0,1,1,1,1,6,125,1,8,-1,1
"46319","201501ZD30570",2,8,0,5,0,1,0,0,0,0,3,1,1,1,6,1997,2,5,-1,1
"46320","201501ZD30571",1,4,0,18,0,8,0,0,0,0,1,1,6,1,4,471,1,1,-1,1
"46321","201501ZD30571",2,9,0,9,0,8,0,0,0,0,4,1,6,1,8,-1,-1,-1,-1,1
"46322","201501ZD30572",1,1,0,3,0,1,0,0,0,0,2,1,6,1,-1,-1,-1,-1,-1,1
"46323","201501ZD30572",2,9,0,5,0,1,0,0,0,0,1,1,6,1,-1,-1,-1,-1,-1,-1
"46324","201501ZD30573",1,9,0,10,0,8,0,0,0,0,2,1,6,2,9,-1,-1,-1,-1,-1
"46325","201501ZD30573",2,9,0,18,0,8,0,0,0,0,1,1,6,1,7,1242,1,3,-1,1
"46326","201501ZD30574",1,9,0,18,0,1,0,0,0,0,1,1,1,1,6,2143,2,4,-1,1
"46327","201501ZD30574",2,1,0,18,0,1,0,0,0,0,3,1,6,1,4,-1,-1,-1,-1,1
"46328","201501ZD30575",1,3,0,15,0,0,0,0,0,0,1,1,6,1,7,-1,-1,-1,-1,1
"46329","201501ZD30575",2,9,0,3,0,0,0,0,0,0,4,1,6,1,7,3222,2,13,-1,1
"46330","201501ZD30578",1,3,0,18,0,2,0,12,0,0,1,1,6,1,5,125,1,-1,-1,1
"46331","201501ZD30579",1,5,0,18,0,1,0,10,1,2,1,1,6,1,6,897,1,7,-1,1
"46332","201501ZD30580",1,9,0,18,0,2,0,0,0,0,1,1,6,1,7,1490,1,6,-1,1
"46333","201501ZD30582",1,9,0,7,0,8,0,0,0,0,3,1,6,2,-1,-1,-1,-1,-1,-1
"46334","201501ZD30582",2,1,0,18,0,8,0,0,0,0,1,1,6,1,3,-1,-1,-1,-1,1
"46335","201501ZD30583",1,9,0,4,0,1,0,0,0,0,2,1,6,1,6,1498,1,3,-1,1
"46336","201501ZD30583",2,9,0,4,0,1,0,0,0,0,1,1,6,1,6,1956,2,1,-1,-1
"46337","201501ZD30586",1,9,0,3,0,1,0,0,0,0,2,1,6,2,4,-1,-1,-1,-1,1
"46338","201501ZD30586",2,9,0,4,0,1,0,0,0,0,1,1,6,2,6,-1,-1,-1,-1,1
"46339","201501ZD30587",1,9,0,18,0,0,0,0,0,0,1,1,6,1,6,-1,-1,-1,-1,1