"","Acc_Index","Vehicle_Reference","Vehicle_Type","Towing_and_Articulation","Vehicle_Manoeuvre","Vehicle_Location.Restricted_Lane","Junction_Location","Skidding_and_Overturning","Hit_Object_in_Carriageway","Vehicle_Leaving_Carriageway","Hit_Object_off_Carriageway","X1st_Point_of_Impact","Was_Vehicle_Left_Hand_Drive","Journey_Purpose_of_Driver","Sex_of_Driver","Age_Band_of_Driver","Engine_Capacity_.CC.","Propulsion_Code","Age_of_Vehicle","Driver_IMD_Decile","Driver_Home_Area_Type"
"46340","201501ZD30587",2,9,0,2,0,0,0,0,0,0,1,1,6,3,-1,-1,-1,-1,-1,-1
"46341","201501ZD30588",1,9,0,18,0,1,0,0,0,0,1,1,6,1,8,2993,2,9,-1,1
"46342","201501ZD30589",1,9,0,14,0,1,0,0,0,0,4,1,6,2,8,1998,1,13,-1,1
"46343","201501ZD30589",2,1,0,3,0,1,0,0,0,0,3,1,6,1,7,-1,-1,-1,-1,1
"46344","201501ZD30590",1,9,0,18,0,1,0,0,0,0,2,1,6,2,6,1598,1,3,-1,1
"46345","201501ZD30590",2,3,0,18,0,1,0,0,0,0,1,1,1,1,5,125,1,11,-1,1
"46346","201501ZD30592",1,4,0,4,0,1,1,0,0,0,0,1,6,1,5,-1,-1,-1,-1,1
"46347","201501ZD30593",1,19,0,18,0,8,0,0,0,0,1,1,1,1,7,-1,-1,-1,-1,1
"46348","201501ZD30593",2,9,0,9,0,8,0,0,0,0,4,1,6,1,9,1796,1,4,-1,-1
"46349","201501ZD30594",1,1,0,18,0,1,0,0,0,0,3,1,6,1,3,-1,-1,-1,-1,1
"46350","201501ZD30594",2,9,0,18,0,1,0,0,0,0,1,1,6,2,7,1396,1,4,-1,1
"46351","201501ZD30595",1,9,0,18,0,8,0,0,0,0,1,1,1,2,5,1198,1,8,-1,1
"46352","201501ZD30595",2,1,0,18,0,8,0,0,0,0,4,1,6,1,5,-1,-1,-1,-1,1
"46353","201501ZD30597",1,9,0,2,0,1,0,0,0,0,3,1,6,2,6,1200,1,1,-1,3
"46354","201501ZD30597",2,1,0,14,0,1,0,8,0,0,1,1,6,1,-1,-1,-1,-1,-1,1
"46355","201501ZD30598",1,9,0,7,0,8,0,0,0,0,3,1,6,1,8,1794,1,14,-1,1
"46356","201501ZD30598",2,3,0,18,0,8,0,0,0,0,1,1,6,1,6,108,1,5,-1,1
"46357","201501ZD30600",1,9,0,18,0,1,0,0,0,0,1,1,6,2,6,1596,1,7,-1,-1
"46358","201501ZD30601",1,9,0,7,0,0,0,0,0,0,4,1,1,2,7,1598,7,3,-1,1
"46359","201501ZD30601",2,1,0,18,0,0,0,0,0,0,1,1,6,1,6,-1,-1,-1,-1,1
"46360","201501ZD30602",1,9,0,7,0,8,0,0,0,0,3,1,6,2,6,1248,1,4,-1,1
"46361","201501ZD30602",2,1,0,18,0,8,0,0,0,0,1,1,6,2,-1,-1,-1,-1,-1,1
"46362","201501ZD30603",1,9,0,3,0,1,0,0,0,0,2,1,6,1,5,1995,1,5,-1,1
"46363","201501ZD30603",2,9,0,4,0,1,0,0,0,0,1,1,6,1,-1,1595,1,6,-1,-1
"46364","201501ZD30604",1,9,0,5,0,1,0,0,0,0,3,1,1,1,6,2143,12,2,-1,1
"46365","201501ZD30604",2,1,0,18,0,1,0,0,0,0,1,1,6,1,5,-1,-1,-1,-1,-1
"46366","201501ZD30605",1,9,0,18,0,1,0,0,0,0,1,1,6,2,8,-1,-1,-1,-1,1
"46369","201501ZD30607",1,9,0,9,0,8,0,0,0,0,4,1,6,2,8,2393,1,6,-1,1
"46370","201501ZD30607",2,5,0,18,0,8,0,0,0,0,1,1,6,1,-1,660,1,5,-1,-1
"46371","201501ZD30609",1,9,0,3,0,1,0,0,0,0,2,1,1,1,6,1968,2,-1,-1,-1
"46372","201501ZD30609",2,9,0,4,0,1,0,0,0,0,1,1,6,1,6,1560,2,6,-1,-1
"46373","201501ZD30611",1,5,0,18,0,1,0,10,1,10,1,1,6,1,-1,599,1,10,-1,-1
"46374","201501ZD30612",1,9,0,9,0,8,0,0,0,0,4,1,6,1,8,1398,1,14,-1,1
"46375","201501ZD30612",2,3,0,18,0,8,0,0,0,0,1,1,1,1,4,125,1,5,-1,1
"46376","201501ZD30613",1,9,0,7,0,8,0,0,0,0,1,1,6,2,6,1399,2,7,-1,1
"46377","201501ZD30613",2,9,0,18,0,8,0,0,0,0,1,1,6,1,-1,2982,2,11,-1,-1
"46378","201501ZD30614",1,9,0,18,0,8,0,0,0,0,1,1,6,1,6,998,1,11,-1,1
"46379","201501ZD30614",2,9,0,7,0,8,0,0,0,0,3,1,6,1,10,1999,1,13,-1,1
"46380","201501ZD30615",1,9,0,18,0,1,0,10,1,1,1,1,6,1,11,1597,1,6,-1,1
"46381","201501ZD30616",1,9,0,7,0,8,0,0,0,0,4,1,6,3,-1,-1,-1,-1,-1,-1
"46382","201501ZD30616",2,1,0,18,0,8,0,0,0,0,1,1,6,1,4,-1,-1,-1,-1,1
"46383","201501ZD30617",1,9,0,11,0,1,0,0,0,0,4,1,1,1,6,2200,1,15,-1,1
"46384","201501ZD30617",2,1,0,18,0,1,0,0,0,0,3,1,6,1,8,-1,-1,-1,-1,1
"46385","201501ZD30618",1,9,0,3,0,2,0,0,0,0,2,1,6,2,6,1598,1,9,-1,1
"46386","201501ZD30618",2,9,0,4,0,2,0,0,0,0,1,1,6,2,6,1229,1,8,-1,1
"46387","201501ZD30619",1,9,0,18,0,8,0,0,0,0,4,1,6,1,5,2457,1,15,-1,1
"46388","201501ZD30619",2,9,0,18,0,8,0,0,0,0,1,1,6,1,6,2394,1,7,-1,1
"46389","201501ZD30620",1,9,0,7,0,8,0,0,0,0,3,1,6,2,7,1587,1,10,-1,1
"46390","201501ZD30620",2,3,0,18,0,8,0,0,0,0,1,1,6,1,4,125,1,6,-1,1
"46391","201501ZD30621",1,9,0,3,0,8,0,0,0,0,2,1,6,1,6,1598,1,13,-1,1
"46392","201501ZD30621",2,9,0,4,0,8,0,0,0,0,1,1,6,2,5,1390,1,16,-1,-1
"46393","201501ZD30622",1,9,0,18,0,1,0,10,1,10,1,1,6,1,4,1995,2,8,-1,-1
"46394","201501ZD30623",1,11,0,4,0,1,0,0,0,0,0,1,1,1,9,6700,2,7,-1,1
"46395","201501ZD30624",1,4,0,4,0,1,0,0,0,0,1,1,6,1,5,125,1,1,-1,1
"46396","201501ZD30624",2,9,0,3,0,1,0,0,0,0,2,1,6,1,6,1560,2,4,-1,1
"46397","201501ZD30625",1,11,0,7,0,8,0,0,0,0,0,1,1,1,6,9200,2,10,-1,1
"46398","201501ZD30626",1,9,0,18,0,8,0,0,0,0,1,1,6,2,-1,1596,1,9,-1,1
"46399","201501ZD30626",2,19,0,9,0,8,0,0,0,0,4,1,6,2,8,-1,-1,-1,-1,1
"46400","201501ZD30627",1,9,0,7,0,8,0,0,0,0,3,1,6,2,6,1242,1,12,-1,1
"46401","201501ZD30627",2,9,0,18,0,8,0,0,0,0,1,1,1,1,-1,-1,-1,-1,-1,-1
"46402","201501ZD30628",1,11,0,18,0,2,0,5,0,0,1,1,1,1,6,6700,2,7,-1,1
"46403","201501ZD30629",1,9,0,18,0,1,0,0,0,0,1,1,6,3,-1,1796,1,-1,-1,-1
"46404","201501ZD30630",1,9,0,18,0,2,0,0,0,0,1,1,6,1,6,1149,1,9,-1,1
"46405","201501ZD30630",2,3,0,18,0,1,0,0,0,0,1,1,6,1,-1,125,1,6,-1,1
"46406","201501ZD30632",1,9,0,3,0,1,0,0,0,0,2,1,6,2,5,1368,1,5,-1,1
"46407","201501ZD30632",2,1,0,4,0,1,0,0,0,0,1,1,6,1,9,-1,-1,-1,-1,1
"46408","201501ZD30633",1,9,0,9,0,8,0,0,0,0,4,1,6,1,9,1299,1,10,-1,1
"46409","201501ZD30633",2,11,0,18,0,8,0,0,0,0,1,1,6,1,8,4500,2,7,-1,-1
"46410","201501ZD30634",1,9,0,18,0,8,0,0,0,0,4,1,6,1,9,2993,2,4,-1,1
"46411","201501ZD30634",2,9,0,18,0,8,0,0,0,0,1,1,6,1,6,-1,-1,-1,-1,2
"46412","201501ZD30636",1,1,0,18,0,8,0,0,0,0,1,1,6,1,6,-1,-1,-1,-1,-1
"46413","201501ZD30636",2,9,0,7,0,8,0,0,0,0,4,1,6,3,-1,-1,-1,-1,-1,-1
"46414","201501ZD30637",1,9,0,18,0,0,0,0,0,0,1,1,6,2,5,1061,1,10,-1,1
"46415","201501ZD30640",1,9,0,14,0,1,0,0,0,0,1,1,6,2,7,1598,1,2,-1,1
"46416","201501ZD30640",2,5,0,18,0,2,0,0,0,0,1,1,6,1,6,675,1,3,-1,1
"46417","201501ZD30641",1,11,0,4,0,1,0,0,0,0,0,1,1,1,7,6692,2,6,-1,1
"46418","201501ZD30642",1,9,0,7,0,8,0,0,0,0,4,1,6,1,9,1598,1,2,-1,1
"46419","201501ZD30643",1,9,0,3,0,1,0,0,0,0,2,1,6,1,6,-1,-1,-1,-1,1
"46420","201501ZD30643",2,9,0,4,0,1,0,0,0,0,1,1,6,1,9,4197,1,8,-1,1
"46421","201501ZD30644",1,3,0,17,0,1,0,0,0,0,0,1,1,1,6,124,1,7,-1,1
"46422","201501ZD30646",1,3,0,13,0,8,0,0,0,0,1,1,6,1,7,125,1,6,-1,1
"46423","201501ZD30646",2,9,0,9,0,8,0,0,0,0,3,1,6,1,9,1800,1,15,-1,-1
"46424","201501ZD30648",1,9,0,9,0,2,0,0,0,0,1,1,6,2,8,1596,1,7,-1,1
"46425","201501ZD30649",1,5,0,18,0,1,1,0,0,0,0,1,6,1,6,998,1,5,-1,1
"46426","201501ZD30650",1,9,0,7,0,8,0,0,0,0,4,1,6,1,6,1149,1,8,-1,-1
"46427","201501ZD30650",2,1,0,18,0,8,0,0,0,0,1,1,6,1,4,-1,-1,-1,-1,1
"46428","201501ZD30651",1,9,0,18,0,1,0,10,1,2,1,1,6,1,5,1595,1,2,-1,1
"46429","201501ZD30653",1,9,0,4,0,2,0,0,0,0,1,1,6,2,5,1242,1,11,-1,1
"46430","201501ZD30653",2,9,0,3,0,2,0,0,0,0,2,1,6,1,6,1799,1,9,-1,1
"46431","201501ZD30654",1,9,0,9,0,8,0,0,0,0,4,1,1,1,8,1242,1,12,-1,-1
"46432","201501ZD30654",2,5,0,18,0,8,0,0,0,0,1,1,6,1,6,999,1,-1,-1,1
"46433","201501ZD30656",1,9,0,10,0,8,0,0,0,0,2,1,6,1,7,1598,2,4,-1,1
"46434","201501ZD30656",2,9,0,18,0,8,0,0,0,0,1,1,6,2,6,1198,1,11,-1,1
"46435","201501ZD30658",1,9,0,18,0,8,0,0,0,0,3,1,6,2,7,1461,2,3,-1,1
"46436","201501ZD30658",2,9,0,18,0,8,0,0,0,0,2,1,6,2,8,1298,1,12,-1,1
"46437","201501ZD30659",1,9,0,18,0,1,0,0,0,0,1,1,1,1,6,2494,2,9,-1,-1
"46438","201501ZD30660",1,9,0,18,0,1,0,4,0,0,1,1,6,2,10,1995,1,8,-1,1
"46439","201501ZD30660",2,9,0,2,0,1,0,0,0,0,3,1,6,2,9,1794,1,11,-1,1
"46440","201501ZD30661",1,9,0,11,0,1,0,0,0,0,0,1,6,1,6,1997,2,13,-1,1
"46441","201501ZD30661",2,4,0,18,0,1,0,0,0,0,0,1,6,1,6,600,1,16,-1,-1
"46442","201501ZD30662",1,21,0,7,0,8,0,0,0,0,4,1,1,1,7,6692,2,7,-1,3
"46443","201501ZD30662",2,1,0,18,0,8,0,0,0,0,1,1,6,1,5,-1,-1,-1,-1,1
"46444","201501ZD30663",1,9,0,18,0,0,0,0,0,0,2,1,6,1,9,1240,1,5,-1,1
"46445","201501ZD30663",2,3,0,18,0,0,0,0,0,0,1,1,6,1,4,125,1,11,-1,1
"46446","201501ZD30664",1,9,0,18,0,0,0,0,0,0,1,1,6,2,5,1390,1,9,-1,1
"46447","201501ZD30664",2,9,0,18,0,0,0,0,0,0,1,1,6,2,5,1597,1,13,-1,1
"46448","201501ZD30665",1,9,0,9,0,8,0,0,0,0,3,1,6,2,6,1997,2,4,-1,1
"46449","201501ZD30665",2,9,0,18,0,8,0,0,0,0,1,1,6,2,5,1199,1,13,-1,1
"46450","201501ZD30666",1,9,0,5,0,0,0,0,0,0,3,1,6,2,7,1995,2,-1,-1,1
"46451","201501ZD30666",2,9,0,18,0,0,0,0,0,0,1,1,6,2,7,1998,1,10,-1,1
"46452","201501ZD30667",1,9,0,17,0,8,0,0,0,0,1,1,6,2,8,4921,2,10,-1,1
"46453","201501ZD30668",1,9,0,18,0,1,0,0,0,0,1,1,6,3,-1,-1,-1,-1,-1,-1
"46454","201501ZD30669",1,9,0,9,0,2,0,0,0,0,1,1,6,2,6,1242,1,-1,-1,1
"46455","201501ZD30670",1,9,0,18,0,0,0,0,0,0,1,1,6,1,-1,1968,2,8,-1,1
"46456","201501ZD30670",2,90,0,18,0,0,0,0,0,0,4,1,6,2,11,-1,-1,-1,-1,1
"46457","201501ZD30671",1,9,0,18,0,1,0,0,0,0,1,1,6,3,-1,-1,-1,-1,-1,-1
"46458","201501ZD30672",1,9,0,18,0,0,0,0,0,0,2,1,6,1,9,1998,1,12,-1,1
"46459","201501ZD30672",2,9,0,18,0,0,0,0,0,0,1,1,6,1,-1,-1,-1,-1,-1,-1
"46460","201501ZD30673",1,9,0,9,0,8,0,0,0,0,1,1,6,2,6,1595,1,6,-1,1
"46461","201501ZD30673",2,9,0,18,0,8,0,0,0,0,1,1,6,2,8,1587,1,8,-1,1
"46462","201501ZD30675",1,1,0,18,0,8,0,0,0,0,3,1,6,1,8,-1,-1,-1,-1,1
"46463","201501ZD30675",2,9,0,15,0,8,0,0,0,0,4,1,6,1,-1,-1,-1,-1,-1,-1
"46464","201501ZD30676",1,9,0,18,0,8,0,10,1,3,4,1,6,2,4,1229,1,9,-1,1
"46465","201501ZD30678",1,9,0,10,0,1,0,0,0,0,4,1,6,2,6,1339,1,9,-1,1
"46466","201501ZD30678",2,9,0,9,0,1,0,0,0,0,1,1,6,2,-1,1390,1,12,-1,-1
"46467","201501ZD30679",1,9,0,9,0,8,0,0,0,0,4,1,6,1,-1,-1,-1,-1,-1,1
"46468","201501ZD30679",2,9,0,18,0,8,0,0,0,0,1,1,6,2,-1,1388,1,4,-1,1
"46469","201501ZD30682",1,9,0,18,0,0,0,4,0,0,1,1,6,1,5,1396,1,10,-1,1
"46470","201501ZD30682",2,9,0,2,0,0,0,0,0,0,2,1,6,3,-1,1329,1,6,-1,-1
"46471","201501ZD30683",1,11,0,18,0,0,0,0,0,0,4,1,1,1,7,3900,2,12,-1,1
"46472","201501ZD30684",1,5,0,18,0,8,0,0,0,0,3,1,6,1,9,-1,-1,-1,-1,1
"46473","201501ZD30685",1,9,0,2,0,2,0,0,0,0,4,1,6,1,6,1598,1,7,-1,1
"46474","201501ZD30685",2,19,0,9,0,2,0,4,0,0,4,1,6,1,-1,1998,2,12,-1,-1
"46475","201501ZD30686",1,9,0,18,0,8,0,10,7,4,3,1,6,1,4,998,1,10,-1,1
"46476","201501ZD30686",2,9,0,18,0,8,0,0,0,0,3,1,6,2,8,3498,1,9,-1,1
"46477","201501ZD30688",1,9,0,18,0,8,0,0,0,0,3,1,6,2,4,1242,1,6,-1,1
"46478","201501ZD30688",2,1,0,9,0,8,0,0,0,0,4,1,6,1,8,-1,-1,-1,-1,1
"46479","201501ZD30689",1,1,0,18,0,8,0,0,0,0,1,1,6,2,7,-1,-1,-1,-1,1
"46480","201501ZD30689",2,9,0,9,0,8,0,0,0,0,4,1,6,1,-1,2199,2,-1,-1,1
"46481","201501ZD30691",1,9,0,8,0,8,0,0,0,0,2,1,6,1,7,1998,1,12,-1,1
"46482","201501ZD30691",2,9,0,18,0,8,0,0,0,0,1,1,6,2,8,-1,-1,-1,-1,1
"46483","201501ZD30692",1,9,0,18,0,8,0,0,0,0,3,1,6,1,6,1997,1,2,-1,1
"46484","201501ZD30692",2,9,0,15,0,8,0,0,0,0,4,1,6,1,7,-1,-1,-1,-1,1
"46485","201501ZD30693",1,1,0,18,0,8,0,0,0,0,1,1,6,2,8,-1,-1,-1,-1,1
"46486","201501ZD30693",2,9,0,18,0,8,0,0,0,0,1,1,6,1,6,1586,1,6,-1,1
"46487","201501ZD30694",1,11,0,18,0,1,0,0,0,0,1,1,1,3,-1,-1,-1,-1,-1,-1
"46488","201501ZD30695",1,9,0,9,0,8,0,0,0,0,4,1,6,2,8,1386,1,5,-1,1
"46489","201501ZD30695",2,3,0,18,0,8,0,0,0,0,1,1,6,1,5,125,1,4,-1,1
"46490","201501ZD30696",1,11,0,4,0,0,0,0,0,0,0,1,1,1,9,-1,-1,-1,-1,1
"46491","201501ZD30697",1,3,0,14,0,0,0,0,0,0,1,1,6,1,7,125,1,1,-1,1
"46492","201501ZD30698",1,11,0,18,0,0,0,0,0,0,1,1,6,1,-1,-1,-1,-1,-1,-1
"46493","201501ZD30699",1,9,0,18,0,0,0,0,0,0,1,1,6,3,-1,998,1,12,-1,-1
"46494","201501ZD30700",1,19,0,18,0,0,0,0,0,0,2,1,6,1,5,1995,2,4,-1,1
"46495","201501ZD30700",2,9,0,18,0,0,0,0,0,0,1,1,6,1,7,1796,1,16,-1,1
"46496","201501ZD30702",1,3,0,6,0,8,0,0,0,0,3,1,6,1,6,124,1,-1,-1,-1
"46497","201501ZD30702",2,20,0,18,0,8,0,0,0,0,1,1,6,1,6,-1,-1,-1,-1,1
"46498","201501ZD30703",1,9,0,18,0,0,0,0,0,0,1,1,6,1,6,-1,-1,-1,-1,1
"46499","201501ZD30703",2,19,0,5,0,0,0,0,0,0,3,1,6,1,5,1598,2,3,-1,1
"46500","201501ZD30704",1,11,0,18,0,1,0,0,0,0,1,1,1,3,-1,-1,-1,-1,-1,-1
"46501","201501ZD30705",1,11,0,7,0,8,0,0,0,0,0,1,1,1,7,4461,2,-1,-1,1
"46502","201501ZD30706",1,9,0,18,0,8,0,0,0,0,1,1,6,1,7,1895,1,15,-1,1
"46503","201501ZD30706",2,9,0,4,0,8,0,0,0,0,2,1,6,1,6,1598,2,3,-1,1
"46504","201501ZD30706",3,9,0,2,0,8,0,0,0,0,3,1,6,2,6,998,1,3,-1,-1
"46505","201501ZD30707",1,9,0,4,0,0,0,0,0,0,2,1,6,1,9,1199,1,11,-1,1
"46506","201501ZD30707",2,9,0,18,0,0,0,0,0,0,1,1,6,1,-1,-1,-1,-1,-1,-1
"46507","201501ZD30708",1,9,0,18,0,0,0,0,0,0,1,1,6,1,6,-1,-1,-1,-1,1
"46508","201501ZD30708",2,19,0,4,0,0,0,0,0,0,2,1,6,1,8,2198,2,2,-1,1
"46509","201501ZD30709",1,9,0,9,0,8,0,0,0,0,1,1,6,2,7,1896,2,7,-1,-1
"46510","201501ZD30709",2,1,0,18,0,8,0,0,0,0,4,1,6,1,5,-1,-1,-1,-1,-1
"46511","201501ZD30711",1,9,0,15,0,0,0,0,0,0,4,1,6,1,-1,1796,1,6,-1,1
"46512","201501ZD30711",2,11,0,5,0,0,0,0,0,0,3,1,1,1,8,-1,-1,-1,-1,1
"46513","201501ZD30712",1,11,0,18,0,1,0,0,0,0,1,1,6,1,-1,-1,-1,-1,-1,-1
"46514","201501ZD30713",1,3,0,18,0,0,0,0,0,0,1,1,6,1,5,108,1,2,-1,1
"46515","201501ZD30713",2,9,0,5,0,0,0,0,0,0,4,1,6,1,5,-1,-1,-1,-1,1
"46516","201501ZD30714",1,9,0,9,0,8,0,0,0,0,1,1,6,1,6,1198,1,1,-1,1
"46517","201501ZD30714",2,1,0,17,0,8,0,0,0,0,1,1,6,1,5,-1,-1,-1,-1,1
"46518","201501ZD30715",1,9,0,18,0,8,0,0,0,0,1,1,1,1,7,1796,1,15,-1,1
"46519","201501ZD30715",2,9,0,7,0,8,0,0,0,0,3,1,6,1,7,1390,1,13,-1,1
"46520","201501ZD30717",1,3,0,18,0,8,0,0,0,0,1,1,1,1,5,125,1,4,-1,1
"46521","201501ZD30717",2,9,0,18,0,8,0,0,0,0,3,1,6,3,-1,-1,-1,-1,-1,-1
"46522","201501ZD30719",1,9,0,4,0,8,0,0,0,0,2,1,6,1,6,-1,-1,-1,-1,-1
"46523","201501ZD30719",2,9,0,18,0,8,0,0,0,0,1,1,6,1,8,-1,-1,-1,-1,1
"46524","201501ZD30720",1,9,0,4,0,8,0,0,0,0,2,1,6,1,6,2993,2,2,-1,1
"46525","201501ZD30720",2,9,0,18,0,8,0,0,0,0,1,1,6,1,6,-1,-1,-1,-1,1
"46526","201501ZD30721",1,9,0,4,0,8,0,0,0,0,2,1,6,1,-1,-1,-1,-1,-1,1
"46527","201501ZD30721",2,9,0,18,0,8,0,0,0,0,1,1,6,1,5,1598,1,10,-1,1
"46528","201501ZD30722",1,9,0,18,0,2,0,0,0,0,1,1,6,1,11,2435,1,19,-1,1
"46529","201501ZD30722",2,9,0,3,0,1,0,0,0,0,3,1,6,1,-1,2143,2,2,-1,1
"46530","201501ZD30722",3,9,0,3,0,1,0,0,0,0,3,1,6,2,8,1968,1,9,-1,1
"46531","201501ZD30722",4,9,0,3,0,1,0,0,0,0,1,1,6,2,6,1796,1,15,-1,-1
"46532","201501ZD30722",5,9,0,3,0,1,0,0,0,0,1,1,6,2,-1,-1,-1,-1,-1,-1
"46533","201501ZD30723",1,9,0,9,0,8,0,0,0,0,4,1,6,1,-1,2000,2,6,-1,-1
"46534","201501ZD30723",2,9,0,18,0,8,0,0,0,0,1,1,6,2,8,1910,2,6,-1,1
"46535","201501ZD30724",1,9,0,18,0,1,0,0,0,0,1,1,6,1,-1,1364,1,8,-1,1
"46536","201501ZD30724",2,1,0,18,0,1,0,0,0,0,2,1,6,1,6,-1,-1,-1,-1,-1
"46537","201501ZD30725",1,9,0,4,0,8,0,0,0,0,2,1,6,1,6,1598,1,1,-1,1
"46538","201501ZD30725",2,1,0,18,0,8,0,0,0,0,1,1,6,1,6,-1,-1,-1,-1,-1
"46539","201501ZD30726",1,19,0,2,0,0,0,0,0,0,1,1,6,3,-1,2402,2,8,-1,-1
"46540","201501ZD30726",2,9,0,18,0,0,5,4,0,0,1,1,6,2,7,1589,1,17,-1,1
"46541","201501ZD30727",1,9,0,10,0,2,0,0,0,0,3,1,6,2,6,1199,1,11,-1,1
"46542","201501ZD30727",2,9,0,7,0,2,0,0,0,0,3,1,6,3,-1,-1,-1,-1,-1,-1
"46543","201501ZD30730",1,9,0,18,0,0,0,0,0,0,1,1,6,1,5,-1,-1,-1,-1,1
"46544","201501ZD30731",1,9,0,9,0,8,0,0,0,0,1,1,6,1,7,1995,2,5,-1,2
"46545","201501ZD30731",2,2,0,14,0,8,0,0,0,0,1,1,6,1,4,-1,-1,-1,-1,1
"46546","201501ZD30732",1,9,0,9,0,8,0,0,0,0,1,1,6,2,6,1248,1,3,-1,1
"46547","201501ZD30732",2,1,0,18,0,8,0,0,0,0,1,1,6,1,4,-1,-1,-1,-1,1
"46548","201501ZD30733",1,9,0,18,0,8,0,4,0,0,3,1,6,2,5,1599,1,11,-1,-1
"46549","201501ZD30733",2,9,0,2,0,8,0,0,0,0,3,1,6,1,-1,1995,1,4,-1,1
"46550","201501ZD30735",1,11,0,3,0,2,0,0,0,0,0,1,1,1,-1,4500,2,-1,-1,-1
"46551","201501ZD30736",1,9,0,18,0,0,0,0,0,0,1,1,6,1,5,1461,2,1,-1,1
"46552","201501ZD30736",2,1,0,18,0,0,0,0,0,0,1,1,6,1,4,-1,-1,-1,-1,1
"46553","201501ZD30738",1,9,0,18,0,0,0,0,0,0,3,1,6,1,7,-1,-1,-1,-1,1
"46554","201501ZD30738",2,9,0,18,0,0,0,0,0,0,3,1,6,1,6,1968,2,10,-1,1
"46555","201501ZD30739",1,9,0,18,0,8,0,0,0,0,4,1,6,1,5,1998,1,12,-1,1
"46556","201501ZD30739",2,9,0,5,0,8,0,0,0,0,3,1,6,2,6,1398,1,3,-1,1
"46557","201501ZD30740",1,9,0,9,0,8,0,0,0,0,1,1,6,1,8,1560,2,8,-1,1
"46558","201501ZD30740",2,3,0,18,0,8,0,0,0,0,4,1,6,1,6,125,1,6,-1,1
"46559","201501ZD30741",1,3,0,9,0,2,0,0,0,0,1,1,6,1,6,125,1,-1,-1,1
"46560","201501ZD30742",1,9,0,18,0,2,0,0,0,0,1,1,6,2,5,1242,1,6,-1,1
"46561","201501ZD30743",1,9,0,18,0,2,0,0,0,0,1,1,6,2,-1,998,1,14,-1,-1
"46562","201501ZD30744",1,9,0,10,0,8,0,0,0,0,2,1,6,1,8,1769,1,13,-1,1
"46563","201501ZD30744",2,9,0,9,0,8,0,0,0,0,1,1,6,1,9,-1,-1,-1,-1,1
"46564","201501ZD30745",1,11,0,2,0,0,0,0,0,0,2,1,6,3,-1,6700,2,5,-1,-1
"46565","201501ZD30745",2,9,0,18,0,0,0,0,0,0,1,1,6,1,6,-1,-1,-1,-1,1
"46566","201501ZD30746",1,9,0,18,0,1,0,0,0,0,3,1,6,1,6,-1,-1,-1,-1,1
"46567","201501ZD30746",2,9,0,3,0,2,0,0,0,0,3,1,6,1,7,2830,2,21,-1,1
"46568","201501ZD30747",1,9,0,18,0,0,0,0,0,0,3,1,6,1,7,-1,-1,-1,-1,1
"46569","201501ZD30750",1,3,0,18,0,8,0,0,0,0,3,1,6,1,8,125,1,1,-1,-1
"46570","201501ZD30750",2,9,0,7,0,8,0,0,0,0,4,1,6,1,5,998,1,10,-1,1
"46571","201501ZD30751",1,9,0,18,0,8,0,0,0,0,1,1,6,1,8,2354,1,12,-1,1
"46572","201501ZD30751",2,9,0,18,0,8,0,0,0,0,1,1,6,1,6,1386,1,4,-1,-1
"46573","201501ZD30752",1,5,0,14,0,8,0,0,0,0,4,1,6,1,6,649,1,9,-1,1
"46574","201501ZD30752",2,9,0,9,0,8,0,0,0,0,1,1,6,1,6,1796,1,15,-1,1
"46575","201501ZD30753",1,9,0,18,0,8,0,0,0,0,4,1,6,1,9,1956,2,3,-1,1
"46576","201501ZD30753",2,9,0,18,0,8,0,0,0,0,1,1,6,3,-1,1998,1,9,-1,-1
"46577","201501ZD30754",1,11,0,4,0,1,0,0,0,0,0,1,1,1,8,6692,2,2,-1,1
"46578","201501ZD30755",1,9,0,18,0,2,0,0,0,0,1,1,6,2,6,1598,1,14,-1,1
"46579","201501ZD30756",1,9,0,18,0,1,0,0,0,0,4,1,6,2,6,1991,2,5,-1,1
"46580","201501ZD30758",1,2,0,18,0,0,0,0,0,0,1,1,6,1,-1,-1,-1,-1,-1,1
"46581","201501ZD30758",2,9,0,5,0,0,0,0,0,0,3,1,6,1,-1,1796,1,11,-1,-1
"46582","201501ZD30759",1,9,0,12,0,0,0,0,0,0,3,1,6,1,9,1388,1,3,-1,1
"46583","201501ZD30759",2,9,0,18,0,0,0,0,0,0,4,1,6,2,9,1598,1,10,-1,1
"46584","201501ZD30761",1,3,0,18,0,0,0,0,0,0,2,1,6,1,6,125,1,2,-1,1
"46585","201501ZD30761",2,19,0,13,0,0,0,0,0,0,1,1,6,1,-1,-1,-1,-1,-1,-1
"46586","201501ZD30762",1,9,0,9,0,8,0,0,0,0,3,1,6,1,8,1396,1,14,-1,1
"46587","201501ZD30762",2,5,0,18,0,8,0,0,0,0,1,1,6,1,6,599,1,8,-1,1
"46588","201501ZD30763",1,9,0,18,0,0,0,0,0,0,1,1,6,1,5,1988,1,14,-1,1
"46589","201501ZD30763",2,9,0,6,0,0,0,0,0,0,3,1,6,2,6,1364,2,7,-1,1
"46590","201501ZD30763",3,9,0,2,0,0,0,0,0,0,3,1,6,3,-1,-1,-1,-1,-1,-1
"46591","201501ZD30764",1,9,0,2,0,1,0,0,0,0,4,1,6,3,-1,1388,1,11,-1,-1
"46592","201501ZD30764",2,9,0,18,0,1,0,8,0,0,4,1,6,3,-1,-1,-1,-1,-1,-1
"46593","201501ZD30767",1,9,0,9,0,8,0,0,0,0,4,1,6,1,7,-1,-1,-1,-1,-1
"46594","201501ZD30767",2,5,0,18,0,8,0,0,0,0,1,1,6,1,8,-1,-1,-1,-1,1
"46595","201501ZD30768",1,19,0,18,0,2,0,0,0,0,1,1,6,1,6,-1,-1,-1,-1,1