"","Acc_Index","Vehicle_Reference","Vehicle_Type","Towing_and_Articulation","Vehicle_Manoeuvre","Vehicle_Location.Restricted_Lane","Junction_Location","Skidding_and_Overturning","Hit_Object_in_Carriageway","Vehicle_Leaving_Carriageway","Hit_Object_off_Carriageway","X1st_Point_of_Impact","Was_Vehicle_Left_Hand_Drive","Journey_Purpose_of_Driver","Sex_of_Driver","Age_Band_of_Driver","Engine_Capacity_.CC.","Propulsion_Code","Age_of_Vehicle","Driver_IMD_Decile","Driver_Home_Area_Type"
"46596","201501ZD30768",2,9,0,2,0,2,0,0,0,0,2,1,6,3,-1,3200,1,13,-1,-1
"46597","201501ZD30770",1,9,0,3,0,0,0,0,0,0,2,1,6,1,5,1498,1,7,-1,1
"46598","201501ZD30770",2,19,0,18,0,0,0,0,0,0,1,1,6,1,9,1560,2,6,-1,1
"46599","201501ZD30771",1,9,0,9,0,2,0,0,0,0,1,1,6,1,9,998,1,1,-1,1
"46600","201501ZD30773",1,9,0,2,0,1,0,0,0,0,1,1,6,3,-1,1796,1,10,-1,-1
"46601","201501ZD30773",2,9,0,18,0,1,0,0,0,0,1,1,6,1,4,1679,1,15,-1,1
"46602","201501ZD30774",1,19,0,18,0,1,0,0,0,0,4,1,6,1,6,2464,2,7,-1,1
"46603","201501ZD30775",1,9,0,18,0,8,0,0,0,0,2,1,6,2,6,1596,1,13,-1,1
"46604","201501ZD30775",2,9,0,18,0,8,0,0,0,0,1,1,6,2,-1,1995,1,7,-1,-1
"46605","201501ZD30776",1,9,0,18,0,8,0,0,0,0,1,1,6,1,9,-1,-1,-1,-1,1
"46606","201501ZD30776",2,9,0,9,0,8,0,0,0,0,1,1,6,2,4,-1,-1,-1,-1,1
"46607","201501ZD30777",1,9,0,9,0,8,0,0,0,0,3,1,6,2,6,998,1,10,-1,1
"46608","201501ZD30777",2,9,0,18,0,8,0,0,0,0,1,1,6,1,9,-1,-1,-1,-1,1
"46609","201501ZD30778",1,9,0,18,0,1,0,0,0,0,1,1,6,1,7,2259,1,15,-1,1
"46610","201501ZD30780",1,1,0,7,0,8,0,0,0,0,3,1,6,1,6,-1,-1,-1,-1,1
"46611","201501ZD30780",2,9,0,7,0,8,0,0,0,0,4,1,6,2,9,1598,1,9,-1,-1
"46612","201501ZD30782",1,9,0,10,0,8,0,0,0,0,2,1,6,2,6,1332,1,17,-1,1
"46613","201501ZD30782",2,3,0,18,0,8,0,0,0,0,1,1,6,1,5,-1,-1,-1,-1,1
"46614","201501ZD30783",1,9,0,3,0,8,0,0,0,0,2,1,6,2,8,2148,2,10,-1,1
"46615","201501ZD30783",2,9,0,4,0,8,0,0,0,0,2,1,6,2,6,1968,2,3,-1,1
"46616","201501ZD30783",3,9,0,4,0,8,0,0,0,0,1,1,6,2,10,2496,1,7,-1,1
"46617","201501ZD30785",1,9,0,18,0,0,0,0,0,0,3,1,6,2,8,-1,-1,-1,-1,1
"46618","201501ZD30785",2,21,0,18,0,0,0,0,0,0,3,2,1,1,-1,-1,-1,-1,-1,-1
"46619","201501ZD30786",1,5,0,18,0,8,0,0,0,0,1,1,6,1,6,998,1,10,-1,-1
"46620","201501ZD30786",2,9,0,9,0,8,0,0,0,0,1,1,6,3,-1,-1,-1,-1,-1,-1
"46621","201501ZD30789",1,3,0,18,0,0,0,0,0,0,1,1,6,1,4,124,1,-1,-1,1
"46622","201501ZD30789",2,9,0,3,0,0,0,0,0,0,2,1,6,2,-1,-1,-1,-1,-1,-1
"46623","201501ZD30790",1,9,0,9,0,8,0,0,0,0,3,1,6,1,6,1398,1,-1,-1,1
"46624","201501ZD30791",1,9,0,18,0,8,0,0,0,0,1,1,6,1,6,-1,-1,-1,-1,-1
"46625","201501ZD30791",2,2,0,9,0,8,0,0,0,0,1,1,6,1,11,200,1,2,-1,-1
"46626","201501ZD30792",1,9,0,3,0,0,0,0,0,0,2,1,6,2,7,1895,1,16,-1,-1
"46627","201501ZD30792",2,9,0,4,0,0,0,0,0,0,1,1,6,2,10,999,1,1,-1,-1
"46628","201501ZD30794",1,9,0,18,0,0,0,0,0,0,4,1,6,1,5,1390,1,11,-1,1
"46629","201501ZD30794",2,9,0,5,0,0,0,0,0,0,3,1,6,2,-1,1598,1,6,-1,-1
"46630","201501ZD30796",1,9,0,18,0,8,0,0,0,0,4,1,6,2,9,-1,-1,-1,-1,1
"46631","201501ZD30796",2,9,0,18,0,8,0,0,0,0,1,1,6,2,8,1968,2,-1,-1,1
"46632","201501ZD30797",1,9,0,4,0,1,0,0,0,0,1,1,6,1,6,-1,-1,-1,-1,1
"46633","201501ZD30797",2,9,0,3,0,1,0,0,0,0,2,1,6,1,8,1242,1,17,-1,1
"46634","201501ZD30799",1,9,0,9,0,8,0,0,0,0,1,1,6,1,11,1796,1,10,-1,1
"46635","201501ZD30799",2,1,0,15,0,8,0,0,0,0,1,1,6,1,10,-1,-1,-1,-1,1
"46636","201501ZD30802",1,9,0,18,0,0,0,0,0,0,4,1,6,2,9,1400,1,11,-1,1
"46637","201501ZD30803",1,1,0,18,0,8,0,0,0,0,1,1,6,1,4,-1,-1,-1,-1,1
"46638","201501ZD30803",2,9,0,16,0,8,0,0,0,0,4,1,6,2,-1,-1,-1,-1,-1,-1
"46639","201501ZD30804",1,9,0,9,0,8,0,0,0,0,1,1,6,1,-1,-1,-1,-1,-1,-1
"46640","201501ZD30806",1,9,0,18,0,8,0,0,0,0,4,1,6,2,8,1898,1,13,-1,1
"46641","201501ZD30806",2,9,0,9,0,8,0,0,0,0,3,1,6,2,6,998,1,3,-1,1
"46642","201501ZD30807",1,19,0,3,0,2,0,0,0,0,2,1,6,1,7,-1,-1,-1,-1,1
"46643","201501ZD30807",2,9,0,3,0,2,0,0,0,0,2,1,6,2,7,1679,1,15,-1,1
"46644","201501ZD30807",3,9,0,18,0,2,0,0,0,0,1,1,6,1,6,-1,-1,-1,-1,1
"46645","201501ZD30808",1,5,0,18,0,8,0,0,0,0,1,1,6,1,-1,-1,-1,-1,-1,-1
"46646","201501ZD30808",2,9,0,9,0,8,0,0,0,0,4,1,6,1,9,1769,1,13,-1,1
"46647","201501ZD30809",1,9,0,4,0,2,0,0,0,0,2,1,6,1,6,-1,-1,-1,-1,1
"46648","201501ZD30809",2,9,0,18,0,2,0,0,0,0,1,1,6,1,-1,3497,1,18,-1,-1
"46649","201501ZD30810",1,19,0,7,0,8,1,0,0,0,3,1,1,1,8,2198,2,1,-1,1
"46650","201501ZD30810",2,11,0,18,0,8,0,0,0,0,4,1,1,1,8,6692,2,6,-1,1
"46651","201501ZD30811",1,9,0,18,0,0,0,4,0,0,4,1,6,1,-1,1390,1,6,-1,1
"46652","201501ZD30811",2,9,0,2,0,0,0,0,0,0,3,1,6,1,8,2204,2,7,-1,1
"46653","201501ZD30811",3,9,0,2,0,0,0,0,0,0,3,1,6,1,6,1248,2,3,-1,3
"46654","201501ZD30812",1,9,0,18,0,8,0,0,0,0,4,1,6,1,8,2143,2,2,-1,1
"46655","201501ZD30812",2,9,0,7,0,8,0,0,0,0,1,1,6,1,-1,1997,1,1,-1,-1
"46656","201501ZD30813",1,9,0,9,0,8,0,0,0,0,1,1,6,1,8,1998,1,12,-1,1
"46657","201501ZD30813",2,1,0,1,0,8,0,0,0,0,1,1,6,2,6,-1,-1,-1,-1,1
"46658","201501ZD30814",1,9,0,18,0,2,0,0,0,0,3,1,6,2,8,1769,1,14,-1,1
"46659","201501ZD30816",1,9,0,18,0,2,0,0,0,0,1,1,6,1,10,-1,-1,-1,-1,1
"46660","201501ZD30817",1,9,0,18,0,0,0,0,0,0,1,1,6,1,6,2143,2,4,-1,1
"46661","201501ZD30817",2,9,0,18,0,0,0,0,0,0,1,1,6,2,9,1595,1,10,-1,1
"46662","201501ZD30818",1,9,0,18,0,1,0,0,0,0,1,1,6,1,5,1596,1,10,-1,1
"46663","201501ZD30818",2,9,0,18,0,2,0,0,0,0,1,1,6,1,6,1988,1,13,-1,1
"46664","201501ZD30819",1,9,0,4,0,8,0,0,0,0,2,1,6,1,7,1956,2,-1,-1,1
"46665","201501ZD30819",2,9,0,4,0,8,0,0,0,0,2,1,6,2,8,1598,1,16,-1,1
"46666","201501ZD30819",3,9,0,18,0,8,0,0,0,0,1,1,6,1,-1,-1,-1,-1,-1,1
"46667","201501ZD30820",1,9,0,4,0,8,5,0,3,10,1,1,6,1,8,-1,-1,-1,-1,1
"46668","201501ZD30820",2,9,0,18,0,8,0,0,0,0,4,1,6,1,-1,1956,2,-1,-1,1
"46669","201501ZD30821",1,9,0,18,0,0,0,0,0,0,1,1,6,2,8,1783,1,13,-1,1
"46670","201501ZD30822",1,11,0,18,0,2,0,0,0,0,0,1,1,1,8,-1,-1,-1,-1,1
"46671","201501ZD30823",1,9,0,18,0,8,0,0,0,0,1,1,3,2,9,-1,-1,-1,-1,1
"46672","201501ZD30823",2,9,0,18,0,8,0,4,0,0,3,1,2,1,10,1997,1,6,-1,1
"46673","201501ZD30824",1,20,0,18,0,0,0,0,0,0,1,1,1,1,10,-1,-1,-1,-1,-1
"46674","201501ZD30826",1,11,0,4,0,0,0,0,0,0,0,1,1,1,8,6692,2,2,-1,3
"46675","201501ZD30827",1,9,0,6,0,0,0,0,0,0,3,1,6,1,6,1997,2,-1,-1,1
"46676","201501ZD30827",2,9,0,18,0,0,0,0,0,0,1,1,6,1,8,3456,8,7,-1,-1
"46677","201501ZD30828",1,9,0,4,0,8,0,0,0,0,2,1,6,2,7,1596,1,8,-1,1
"46678","201501ZD30828",2,9,0,18,0,8,0,0,0,0,1,1,6,1,-1,1197,1,2,-1,-1
"46681","201501ZD30830",1,9,0,1,0,0,0,0,0,0,2,1,6,2,11,1769,1,10,-1,1
"46682","201501ZD30830",2,9,0,4,0,0,0,0,0,0,1,1,6,1,7,2987,2,1,-1,1
"46683","201501ZD30831",1,9,0,9,0,8,0,0,0,0,4,1,6,1,9,1796,1,10,-1,1
"46684","201501ZD30831",2,1,0,18,0,8,0,0,0,0,1,1,6,1,6,-1,-1,-1,-1,1
"46687","201501ZD30833",1,9,0,7,0,8,0,0,0,0,3,1,6,2,10,1496,1,-1,-1,1
"46688","201501ZD30833",2,1,0,18,0,8,0,0,0,0,1,1,6,1,5,-1,-1,-1,-1,-1
"46689","201501ZD30834",1,9,0,18,0,2,0,0,0,0,1,1,6,1,-1,-1,-1,-1,-1,-1
"46690","201501ZD30837",1,9,0,7,0,8,0,0,0,0,3,1,6,1,6,2143,2,3,-1,1
"46691","201501ZD30837",2,9,0,18,0,8,0,0,0,0,1,1,6,1,4,1794,1,12,-1,1
"46692","201501ZD30839",1,9,0,4,0,0,0,0,0,0,2,1,6,1,5,1997,2,2,-1,1
"46693","201501ZD30839",2,9,0,18,0,0,0,0,0,0,1,1,6,1,8,2776,2,9,-1,1
"46694","201501ZD30839",3,9,0,4,0,0,0,0,0,0,2,1,6,2,8,1598,1,-1,-1,1
"46695","201501ZD30840",1,9,0,18,0,1,0,0,0,0,1,1,6,1,7,1242,1,-1,-1,1
"46696","201501ZD30840",2,9,0,4,0,1,0,0,0,0,2,1,6,1,5,1796,2,2,-1,1
"46697","201501ZD30841",1,9,0,9,0,1,0,0,0,0,4,1,6,1,10,1997,2,11,-1,1
"46698","201501ZD30841",2,1,0,18,0,1,0,0,0,0,1,1,6,1,6,-1,-1,-1,-1,1
"46699","201501ZD30842",1,19,0,18,0,0,0,0,0,0,1,1,6,1,6,2143,2,3,-1,1
"46700","201501ZD30842",2,9,0,18,0,0,0,0,0,0,1,1,6,1,6,-1,-1,-1,-1,1
"46701","201501ZD30843",1,9,0,9,0,8,0,0,0,0,1,1,1,1,7,-1,-1,-1,-1,1
"46702","201501ZD30843",2,3,0,18,0,8,0,0,0,0,1,1,6,1,5,-1,-1,-1,-1,-1
"46703","201501ZD30844",1,9,0,9,0,8,0,0,0,0,1,1,6,2,6,1596,1,10,-1,1
"46704","201501ZD30844",2,5,0,18,0,8,0,0,0,0,1,1,6,1,-1,-1,-1,-1,-1,1
"46705","201501ZD30845",1,19,0,2,0,0,0,0,0,0,2,1,6,3,-1,-1,-1,-1,-1,-1
"46706","201501ZD30845",2,4,0,18,0,0,0,4,0,0,1,1,6,1,5,-1,-1,-1,-1,1
"46707","201501ZD30846",1,9,0,9,0,2,0,0,0,0,2,1,6,1,6,2926,2,13,-1,1
"46708","201501ZD30846",2,3,0,14,0,2,0,0,0,0,1,1,6,1,4,125,1,7,-1,1
"46709","201501ZD30847",1,9,0,16,0,0,0,0,0,0,1,1,6,2,5,1499,2,2,-1,1
"46710","201501ZD30847",2,9,0,17,0,0,0,0,0,0,1,1,6,1,8,1995,2,4,-1,1
"46711","201501ZD30848",1,9,0,2,0,0,0,0,0,0,2,1,6,2,7,1956,2,-1,-1,1
"46712","201501ZD30848",2,9,0,14,0,0,0,4,0,0,1,1,6,1,4,1240,1,9,-1,1
"46713","201501ZD30849",1,9,0,18,0,8,0,0,0,0,1,1,6,2,6,1796,1,14,-1,1
"46714","201501ZD30849",2,9,0,18,0,8,0,0,0,0,1,1,6,2,-1,-1,-1,-1,-1,-1
"46715","201501ZD30850",1,11,0,18,0,2,0,0,0,0,3,1,1,1,7,6700,2,7,-1,-1
"46716","201501ZD30851",1,9,0,1,0,0,0,0,0,0,2,1,6,2,7,1560,2,7,-1,1
"46717","201501ZD30851",2,9,0,2,0,0,0,0,0,0,3,1,6,1,6,-1,-1,-1,-1,1
"46718","201501ZD30852",1,9,0,9,0,8,0,0,0,0,1,1,6,2,8,-1,-1,-1,-1,-1
"46719","201501ZD30852",2,5,0,18,0,8,0,0,0,0,1,1,6,1,6,-1,-1,-1,-1,1
"46720","201501ZD30853",1,9,0,18,0,1,0,0,0,0,3,1,6,1,8,1769,1,10,-1,-1
"46721","201501ZD30853",2,9,0,13,0,1,0,0,0,0,4,1,6,3,-1,-1,-1,-1,-1,-1
"46722","201501ZD30854",1,3,0,18,0,8,0,0,0,0,1,1,6,1,4,125,1,8,-1,1
"46723","201501ZD30854",2,9,0,7,0,8,0,0,0,0,3,1,6,1,9,2000,2,4,-1,1
"46724","201501ZD30855",1,19,0,7,0,1,0,10,4,1,4,1,6,1,7,1560,2,3,-1,1
"46725","201501ZD30855",2,9,0,7,0,1,0,0,0,0,3,1,6,3,-1,-1,-1,-1,-1,-1
"46726","201501ZD30856",1,9,0,1,0,1,0,0,0,0,2,1,6,1,10,1896,2,13,-1,1
"46727","201501ZD30858",1,9,0,5,0,1,0,0,0,0,1,1,6,2,7,1598,1,1,-1,1
"46728","201501ZD30858",2,9,0,18,0,8,0,0,0,0,1,1,1,1,6,-1,-1,-1,-1,1
"46729","201501ZD30859",1,9,0,7,0,8,0,0,0,0,2,1,6,2,5,973,1,13,-1,1
"46730","201501ZD30859",2,19,0,18,0,8,0,0,0,0,1,1,6,1,-1,-1,-1,-1,-1,-1
"46731","201501ZD30860",1,11,0,3,0,1,0,0,0,0,4,1,1,1,7,-1,-1,-1,-1,-1
"46732","201501ZD30862",1,11,0,9,0,2,0,0,0,0,0,1,1,1,-1,5900,2,9,-1,-1
"46733","201501ZD30863",1,9,0,3,0,1,0,0,0,0,2,1,6,2,6,1797,1,16,-1,1
"46734","201501ZD30863",2,9,0,3,0,1,0,0,0,0,2,1,6,2,6,1242,1,7,-1,1
"46735","201501ZD30863",3,9,0,18,0,1,0,0,0,0,1,1,6,1,9,1956,2,4,-1,1
"46736","201501ZD30863",4,9,0,3,0,1,0,0,0,0,3,1,6,2,10,1596,1,11,-1,-1
"46737","201501ZD30864",1,11,0,4,0,8,0,0,0,0,0,1,1,1,6,-1,-1,-1,-1,1
"46738","201501ZD30865",1,4,0,18,0,8,0,0,0,0,1,1,6,1,10,108,1,2,-1,1
"46739","201501ZD30865",2,9,0,9,0,8,0,0,0,0,0,1,6,3,-1,2179,2,6,-1,-1
"46740","201501ZD30866",1,9,0,18,3,0,0,0,0,0,4,1,6,1,11,1398,1,4,-1,1
"46741","201501ZD30867",1,5,0,18,0,0,0,0,0,0,0,1,6,1,7,-1,-1,-1,-1,1
"46742","201501ZD30867",2,11,0,5,0,0,0,0,0,0,0,1,6,3,-1,-1,-1,-1,-1,-1
"46743","201501ZD30868",1,9,0,9,0,2,0,0,0,0,1,1,6,1,-1,2494,1,13,-1,1
"46744","201501ZD30869",1,9,0,18,0,0,0,0,0,0,1,1,6,2,6,1242,1,2,-1,1
"46745","201501ZD30869",2,9,0,2,0,0,0,0,0,0,2,1,6,1,6,1598,1,12,-1,-1
"46746","201501ZD30869",3,19,0,2,0,0,0,0,0,0,1,1,6,1,6,2198,2,3,-1,1
"46747","201501ZD30871",1,4,0,18,0,0,0,0,0,0,1,1,6,3,-1,-1,-1,-1,-1,-1
"46748","201501ZD30872",1,9,0,18,0,1,0,0,0,0,4,1,6,1,9,1799,1,18,-1,1
"46749","201501ZD30874",1,9,0,18,0,1,0,0,0,0,1,1,3,2,7,1596,1,12,-1,1
"46750","201501ZD30874",2,9,0,14,0,2,0,0,0,0,1,1,2,1,6,2143,2,-1,-1,1
"46751","201501ZD30875",1,9,0,4,0,1,0,0,0,0,2,1,6,1,6,1598,1,2,-1,-1
"46752","201501ZD30875",2,9,0,18,0,1,0,0,0,0,1,1,6,3,-1,1896,2,12,-1,-1
"46753","201501ZD30876",1,9,0,9,0,8,0,0,0,0,1,1,6,1,5,-1,-1,-1,-1,1
"46754","201501ZD30876",2,1,0,18,0,8,0,0,0,0,1,1,6,1,6,-1,-1,-1,-1,1
"46755","201501ZD30877",1,3,0,18,0,1,0,0,0,0,1,1,6,2,5,125,1,11,-1,1
"46756","201501ZD30877",2,9,0,3,0,1,0,0,0,0,2,1,6,1,10,999,1,14,-1,1
"46757","201501ZD30878",1,9,0,9,0,8,0,0,0,0,1,1,6,2,6,1598,1,12,-1,1
"46758","201501ZD30878",2,1,0,18,0,8,0,0,0,0,1,1,6,1,6,-1,-1,-1,-1,-1
"46759","201501ZD30879",1,9,0,18,0,0,0,0,0,0,1,1,6,2,-1,1360,1,11,-1,-1
"46760","201501ZD30880",1,9,0,9,0,8,0,0,0,0,1,1,6,2,7,1329,1,4,-1,1
"46761","201501ZD30880",2,9,0,18,0,8,0,0,0,0,4,1,6,1,7,1995,2,4,-1,1
"46762","201501ZD30882",1,9,0,9,0,8,0,0,0,0,2,1,6,1,8,1197,1,3,-1,1
"46763","201501ZD30882",2,2,0,18,0,8,0,0,0,0,4,1,6,1,9,49,1,3,-1,1
"46764","201501ZD30884",1,9,0,4,0,8,0,0,0,0,1,1,6,1,7,1396,1,10,-1,1
"46765","201501ZD30884",2,9,0,4,0,8,0,0,0,0,1,1,6,1,6,-1,-1,-1,-1,1
"46766","201501ZD30884",3,9,0,4,0,8,0,0,0,0,2,1,6,1,7,-1,-1,-1,-1,1
"46767","201501ZD30885",1,9,0,18,0,8,0,0,0,0,1,1,6,1,10,1685,2,1,-1,1
"46768","201501ZD30886",1,5,0,14,0,0,0,0,0,0,1,1,2,1,7,600,1,16,-1,1
"46769","201501ZD30886",2,9,0,6,0,0,0,0,0,0,3,1,6,2,9,1461,2,4,-1,1
"46770","201501ZD30887",1,9,0,9,0,8,0,0,0,0,4,1,6,1,6,-1,-1,-1,-1,-1
"46771","201501ZD30887",2,9,0,6,0,8,0,0,0,0,3,1,6,2,-1,998,1,5,-1,-1
"46772","201501ZD30888",1,1,0,18,0,0,0,4,0,0,1,1,6,1,8,-1,-1,-1,-1,1
"46773","201501ZD30888",2,8,0,2,0,0,0,0,0,0,2,1,6,1,8,1598,1,2,-1,-1
"46774","201501ZD30889",1,3,0,18,0,0,0,0,0,0,1,1,6,1,4,124,1,1,-1,1
"46775","201501ZD30890",1,3,0,18,0,8,0,0,0,0,1,1,1,1,9,49,1,8,-1,-1
"46776","201501ZD30890",2,9,0,9,0,8,0,0,0,0,4,1,2,1,-1,1999,1,9,-1,1
"46777","201501ZD30891",1,9,0,18,0,0,0,0,0,0,1,1,6,2,7,1598,1,14,-1,1
"46778","201501ZD30891",2,9,0,18,0,0,0,0,0,0,1,1,6,1,9,1390,1,5,-1,1
"46779","201501ZD30892",1,9,0,18,0,0,0,10,1,2,4,1,6,1,6,1364,1,6,-1,1
"46780","201501ZD30893",1,9,0,18,0,8,0,0,0,0,1,1,6,1,8,2393,1,16,-1,1
"46781","201501ZD30893",2,9,0,18,0,8,0,0,0,0,3,1,6,1,5,1198,1,2,-1,-1
"46782","201501ZD30893",3,9,0,2,0,8,0,0,0,0,3,1,6,1,9,1497,1,11,-1,1
"46783","201501ZD30893",4,9,0,2,0,8,0,0,0,0,3,1,6,1,9,1968,2,10,-1,1
"46784","201501ZD30895",1,9,0,18,0,0,0,0,0,0,4,1,6,2,8,2688,2,12,-1,1
"46785","201501ZD30896",1,9,0,9,0,8,0,0,0,0,1,1,2,1,7,1198,1,3,-1,1
"46786","201501ZD30896",2,5,0,14,0,8,0,0,0,0,4,1,6,1,6,-1,-1,-1,-1,1
"46787","201501ZD30897",1,9,0,18,0,0,0,0,0,0,1,1,6,1,4,-1,-1,-1,-1,-1
"46788","201501ZD30897",2,11,0,18,0,0,0,0,0,0,1,1,1,1,-1,-1,-1,-1,-1,-1
"46789","201501ZD30898",1,9,0,9,0,8,0,0,0,0,1,1,1,1,9,1896,2,6,-1,1
"46790","201501ZD30899",1,9,0,3,0,0,0,0,0,0,2,1,6,2,7,1995,2,3,-1,1
"46791","201501ZD30899",2,9,0,4,0,0,0,0,0,0,1,1,6,2,-1,2179,2,3,-1,-1
"46792","201501ZD30901",1,9,0,18,0,0,0,0,0,0,0,1,6,3,-1,-1,-1,-1,-1,-1
"46793","201501ZD30902",1,17,4,18,0,1,0,0,0,0,4,1,1,1,7,-1,-1,-1,-1,1
"46794","201501ZD30902",2,9,0,18,0,1,0,0,0,0,3,1,2,2,7,-1,-1,-1,-1,1
"46795","201501ZD30903",1,9,0,9,0,8,0,0,0,0,1,1,6,1,6,1948,1,12,-1,1
"46796","201501ZD30903",2,9,0,18,0,8,0,0,0,0,4,1,6,1,6,2967,2,8,-1,-1
"46797","201501ZD30904",1,19,0,9,0,8,0,0,0,0,4,1,6,1,-1,1997,2,12,-1,-1
"46798","201501ZD30904",2,1,0,18,0,8,0,0,0,0,1,1,6,1,4,-1,-1,-1,-1,1
"46799","201501ZD30906",1,19,0,18,0,2,0,0,0,0,1,1,6,1,10,1868,2,16,-1,1
"46800","201501ZD30907",1,9,0,18,0,1,0,0,0,0,4,1,6,2,4,-1,-1,-1,-1,1
"46801","201501ZD30908",1,9,0,18,0,1,0,0,0,0,1,1,6,3,-1,-1,-1,-1,-1,-1
"46802","201501ZD30909",1,9,0,9,0,8,0,0,0,0,1,1,6,2,5,1598,1,10,-1,1
"46803","201501ZD30909",2,9,0,18,0,8,0,0,0,0,1,1,6,2,8,1598,2,2,-1,1
"46804","201501ZD30909",3,9,0,2,0,8,0,0,0,0,3,1,6,2,7,1896,2,11,-1,1
"46805","201501ZD30910",1,9,0,9,0,8,0,0,0,0,1,1,6,1,6,1598,1,8,-1,1
"46806","201501ZD30910",2,9,0,7,0,8,0,0,0,0,1,1,6,1,7,1968,2,4,-1,1
"46807","201501ZD30913",1,19,0,18,0,1,0,0,0,0,3,1,6,1,6,2402,2,6,-1,-1
"46808","201501ZD30913",2,9,0,18,0,2,0,0,0,0,3,1,6,1,8,-1,-1,-1,-1,1
"46809","201501ZD30915",1,19,0,5,0,2,0,0,0,0,1,1,6,1,-1,-1,-1,-1,-1,-1
"46810","201501ZD30916",1,9,0,4,0,8,0,0,0,0,1,1,6,1,6,2204,2,5,-1,1
"46811","201501ZD30916",2,9,0,4,0,8,0,0,0,0,2,1,6,2,6,1598,1,5,-1,1
"46812","201501ZD30917",1,9,0,18,0,8,0,0,0,0,1,1,6,1,10,1299,1,13,-1,1
"46813","201501ZD30919",1,3,0,9,0,8,1,0,0,0,1,1,6,1,6,125,1,16,-1,1
"46814","201501ZD30919",2,19,0,18,0,8,0,0,0,0,3,1,6,3,-1,1560,2,3,-1,1
"46815","201501ZD30920",1,9,0,18,0,1,0,0,0,0,1,1,6,1,8,1699,1,10,-1,1
"46816","201501ZD30920",2,9,0,18,0,2,0,0,0,0,2,1,6,2,6,1360,1,10,-1,1
"46817","201501ZD30920",3,9,0,2,0,2,0,0,0,0,2,1,6,1,7,1600,1,11,-1,1
"46818","201501ZD30920",4,9,0,6,0,1,0,0,0,0,1,1,6,1,7,1992,2,13,-1,1
"46819","201501ZD30921",1,9,0,4,0,0,0,0,0,0,1,1,6,1,6,1386,1,5,-1,1
"46820","201501ZD30921",2,9,0,4,0,0,0,0,0,0,2,1,6,2,6,1995,2,5,-1,1
"46821","201501ZD30922",1,19,0,2,0,1,0,0,0,0,3,1,1,3,-1,1996,2,5,-1,-1
"46822","201501ZD30922",2,9,0,14,0,1,0,0,0,0,4,1,6,1,9,1686,2,7,-1,1
"46823","201501ZD30923",1,9,0,9,0,8,0,0,0,0,2,1,6,2,8,-1,-1,-1,-1,1
"46824","201501ZD30923",2,9,0,18,0,8,0,0,0,0,1,1,6,1,-1,2496,2,11,-1,1
"46825","201501ZD30924",1,9,0,18,0,0,0,4,0,0,1,1,6,1,7,1834,1,13,-1,1
"46826","201501ZD30924",2,9,0,2,0,0,0,0,0,0,3,1,6,3,-1,1997,2,13,-1,-1
"46827","201501ZD30925",1,9,0,2,0,0,0,0,0,0,2,1,6,1,8,1598,1,2,-1,1
"46828","201501ZD30925",2,9,0,18,0,0,0,0,0,0,1,1,6,3,-1,-1,-1,-1,-1,-1
"46829","201501ZD30926",1,9,0,9,0,8,0,0,0,0,4,1,6,2,7,1390,1,6,-1,1
"46830","201501ZD30926",2,3,0,18,0,8,0,0,0,0,1,1,6,1,7,798,1,2,-1,1
"46831","201501ZD30927",1,3,0,15,0,0,0,0,0,0,4,1,6,1,5,125,1,13,-1,1
"46832","201501ZD30927",2,9,0,18,0,0,0,0,0,0,3,1,6,2,7,1587,1,10,-1,1
"46833","201501ZD30928",1,3,0,18,0,8,0,0,0,0,1,1,6,2,6,-1,-1,-1,-1,1
"46834","201501ZD30928",2,9,0,9,0,8,0,0,0,0,4,1,6,2,-1,1995,1,9,-1,-1
"46835","201501ZD30929",1,11,0,4,0,2,0,0,0,0,0,1,1,1,6,-1,2,6,-1,-1
"46836","201501ZD30930",1,9,0,3,0,1,0,0,0,0,2,1,6,2,6,-1,-1,-1,-1,1
"46837","201501ZD30930",2,9,0,5,0,1,0,0,0,0,1,1,6,3,-1,-1,-1,-1,-1,-1
"46838","201501ZD30931",1,9,0,7,0,8,0,0,0,0,2,1,6,2,-1,1599,1,8,-1,-1
"46839","201501ZD30931",2,9,0,7,0,8,0,0,0,0,1,1,6,1,6,3000,2,15,-1,1
"46840","201501ZD30932",1,9,0,9,0,8,0,0,0,0,1,1,6,2,7,1598,1,9,-1,1
"46841","201501ZD30933",1,9,0,3,0,1,0,0,0,0,2,1,6,2,9,1596,1,17,-1,1
"46842","201501ZD30933",2,9,0,3,0,1,1,0,0,0,1,1,6,2,-1,1598,1,6,-1,-1
"46843","201501ZD30934",1,9,0,16,0,1,0,0,0,0,1,1,6,1,5,998,1,3,-1,1
"46844","201501ZD30934",2,21,0,17,0,2,0,0,0,0,1,1,1,1,8,8970,2,7,-1,1
"46845","201501ZD30935",1,9,0,1,0,0,0,0,0,0,2,1,6,2,7,3960,1,11,-1,1
"46846","201501ZD30936",1,9,0,18,0,2,0,0,0,0,2,1,6,2,7,1796,1,12,-1,1
"46847","201501ZD30936",2,9,0,18,0,2,0,0,0,0,1,1,6,3,-1,1595,1,11,-1,-1
"46848","201501ZD30937",1,9,0,3,0,1,0,0,0,0,2,1,6,1,8,1796,1,13,-1,1
"46849","201501ZD30937",2,9,0,3,0,1,0,0,0,0,2,1,6,1,-1,-1,-1,-1,-1,-1
"46850","201501ZD30937",3,9,0,18,0,1,0,0,0,0,1,1,6,1,-1,-1,-1,-1,-1,-1
"46851","201501ZD30941",1,9,0,18,0,8,0,0,0,0,4,1,6,1,11,1598,1,9,-1,1
"46852","201501ZD30942",1,9,0,18,0,0,0,0,0,0,3,1,6,1,7,-1,-1,-1,-1,1
"46853","201501ZD30943",1,9,0,15,0,0,0,0,0,0,3,1,6,1,5,2793,1,20,-1,1
"46854","201501ZD30943",2,9,0,18,0,0,0,0,0,0,3,1,6,1,7,1995,1,11,-1,1