"","Acc_Index","Vehicle_Reference","Vehicle_Type","Towing_and_Articulation","Vehicle_Manoeuvre","Vehicle_Location.Restricted_Lane","Junction_Location","Skidding_and_Overturning","Hit_Object_in_Carriageway","Vehicle_Leaving_Carriageway","Hit_Object_off_Carriageway","X1st_Point_of_Impact","Was_Vehicle_Left_Hand_Drive","Journey_Purpose_of_Driver","Sex_of_Driver","Age_Band_of_Driver","Engine_Capacity_.CC.","Propulsion_Code","Age_of_Vehicle","Driver_IMD_Decile","Driver_Home_Area_Type"
"46855","201501ZD30943",3,9,0,18,0,0,0,0,0,0,1,1,6,1,-1,1388,1,3,-1,-1
"46856","201501ZD30947",1,9,0,5,0,0,0,0,0,0,3,1,6,2,6,1598,1,6,-1,-1
"46857","201501ZD30947",2,9,0,18,0,0,0,0,0,0,1,1,6,1,7,-1,-1,-1,-1,1
"46858","201501ZD30948",1,5,0,14,0,0,0,0,0,0,1,1,6,1,8,599,1,2,-1,1
"46859","201501ZD30949",1,9,0,9,0,8,0,10,7,10,4,1,6,2,7,3200,1,15,-1,1
"46860","201501ZD30949",2,9,0,18,0,8,0,0,0,0,1,1,6,1,9,1998,7,8,-1,1
"46861","201501ZD30950",1,3,0,18,0,0,0,0,0,0,4,1,6,1,5,109,1,1,-1,1
"46862","201501ZD30951",1,19,0,10,0,8,0,0,0,0,4,1,6,1,5,-1,-1,-1,-1,-1
"46863","201501ZD30951",2,5,0,7,0,8,0,0,0,0,3,1,6,1,-1,-1,-1,-1,-1,-1
"46864","201501ZD30952",1,9,0,9,0,8,0,0,0,0,3,1,6,2,9,1598,1,8,-1,1
"46865","201501ZD30952",2,3,0,18,0,8,0,0,0,0,1,1,6,1,6,124,1,15,-1,1
"46866","201501ZD30953",1,9,0,5,0,1,0,0,0,0,4,1,1,1,9,1598,2,2,-1,1
"46867","201501ZD30955",1,9,0,4,0,8,0,0,0,0,2,1,6,1,8,2497,2,8,-1,1
"46868","201501ZD30955",2,9,0,18,0,8,0,0,0,0,1,1,6,1,-1,-1,-1,-1,-1,-1
"46869","201501ZD30957",1,9,0,9,0,8,0,0,0,0,1,1,6,1,5,-1,-1,-1,-1,-1
"46870","201501ZD30957",2,1,0,7,0,8,0,0,0,0,3,1,1,2,6,-1,-1,-1,-1,-1
"46871","201501ZD30958",1,9,0,9,0,8,0,0,0,0,3,1,6,1,7,1686,2,4,-1,1
"46872","201501ZD30958",2,1,0,18,0,8,0,0,0,0,1,1,6,1,5,-1,-1,-1,-1,-1
"46875","201501ZD30961",1,3,0,18,0,0,0,0,0,0,1,1,6,1,4,109,1,2,-1,1
"46876","201501ZD30961",2,9,0,6,0,0,0,0,0,0,3,1,6,1,6,-1,-1,-1,-1,1
"46877","201501ZD30962",1,9,0,9,0,8,0,0,0,0,4,1,6,1,5,998,1,8,-1,1
"46878","201501ZD30962",2,1,0,18,0,8,0,0,0,0,1,1,6,1,7,-1,-1,-1,-1,-1
"46879","201501ZD30963",1,9,0,9,0,1,0,0,0,0,2,1,6,2,7,1598,1,8,-1,1
"46880","201501ZD30963",2,1,0,18,0,1,0,0,0,0,1,1,6,1,6,-1,-1,-1,-1,1
"46881","201501ZD30964",1,3,0,18,0,8,0,0,0,0,1,1,6,1,4,-1,-1,-1,-1,1
"46882","201501ZD30964",2,9,0,18,0,8,0,0,0,0,3,1,6,1,7,1798,8,2,-1,1
"46883","201501ZD30965",1,9,0,1,0,0,0,0,0,0,2,1,6,2,10,-1,-1,-1,-1,-1
"46884","201501ZD30966",1,4,0,18,0,1,0,0,0,0,1,1,6,1,6,499,1,10,-1,1
"46885","201501ZD30967",1,9,0,18,0,8,0,0,0,0,4,1,6,2,9,1596,1,1,-1,1
"46886","201501ZD30967",2,9,0,9,0,8,0,0,0,0,1,1,6,2,9,1124,1,12,-1,1
"46887","201501ZD30968",1,9,0,18,0,8,0,0,0,0,4,1,6,2,5,999,1,7,-1,1
"46888","201501ZD30968",2,9,0,18,0,8,0,0,0,0,1,1,6,3,-1,-1,-1,-1,-1,-1
"46889","201501ZD30969",1,18,0,18,1,0,0,0,0,0,4,1,1,1,7,-1,-1,-1,-1,1
"46890","201501ZD30969",2,19,0,1,0,0,0,0,0,0,2,1,1,1,5,1598,2,-1,-1,1
"46891","201501ZD30970",1,9,0,18,0,8,0,4,0,0,1,1,6,1,-1,1995,1,13,-1,-1
"46892","201501ZD30970",2,9,0,18,0,8,0,4,0,0,1,1,6,1,-1,998,1,7,-1,-1
"46893","201501ZD30970",3,9,0,2,0,8,0,0,0,0,3,1,6,1,-1,1984,1,8,-1,-1
"46894","201501ZD30970",4,9,0,2,0,8,0,0,0,0,1,1,6,1,-1,1598,1,4,-1,-1
"46895","201501ZD30971",1,9,0,18,0,8,0,0,0,0,4,1,6,2,7,1598,1,8,-1,1
"46896","201501ZD30972",1,9,0,18,0,0,0,0,0,0,3,1,6,1,10,1396,1,1,-1,1
"46897","201501ZD30973",1,1,0,18,0,8,0,0,0,0,1,1,6,2,8,-1,-1,-1,-1,1
"46898","201501ZD30973",2,9,0,7,0,8,0,0,0,0,4,1,6,2,-1,1598,1,5,-1,-1
"46899","201501ZD30974",1,9,0,18,0,0,0,12,0,0,4,1,6,2,7,1598,1,4,-1,1
"46900","201501ZD30975",1,9,0,2,0,0,0,0,0,0,3,1,6,1,-1,1229,1,4,-1,-1
"46901","201501ZD30975",2,9,0,15,0,0,0,0,0,0,4,1,6,1,7,999,1,15,-1,1
"46902","201501ZD30975",3,9,0,5,0,0,0,0,0,0,3,1,6,1,-1,-1,-1,-1,-1,-1
"46903","201501ZD30976",1,2,0,9,0,1,0,0,0,0,4,1,6,1,4,49,1,15,-1,1
"46904","201501ZD30976",2,2,0,18,0,1,0,0,0,0,1,1,6,1,-1,996,1,2,-1,1
"46905","201501ZD30977",1,9,0,18,0,1,0,0,0,0,1,1,6,1,8,1591,1,-1,-1,1
"46906","201501ZD30977",2,9,0,18,0,1,0,0,0,0,1,1,2,1,8,3498,1,7,-1,1
"46907","201501ZD30978",1,9,0,18,0,8,0,0,0,0,1,1,6,1,8,2198,1,13,-1,1
"46908","201501ZD30978",2,9,0,4,0,8,0,0,0,0,2,1,6,1,5,998,1,7,-1,1
"46909","201501ZD30978",3,9,0,4,0,8,0,0,0,0,2,1,6,1,7,1598,1,8,-1,1
"46910","201501ZD30978",4,9,0,18,0,8,0,0,0,0,3,1,6,1,5,-1,-1,-1,-1,1
"46911","201501ZD30978",5,9,0,18,0,8,0,0,0,0,3,1,6,1,8,998,1,13,-1,1
"46912","201501ZD30979",1,9,0,18,0,8,0,0,0,0,4,1,6,1,6,-1,-1,-1,-1,1
"46913","201501ZD30979",2,9,0,7,0,8,0,0,0,0,3,1,6,1,6,-1,-1,-1,-1,1
"46914","201501ZD30980",1,3,0,14,0,8,0,0,0,0,1,1,2,1,5,124,1,3,-1,1
"46915","201501ZD30980",2,9,0,9,0,8,0,0,0,0,3,1,6,1,7,1339,1,8,-1,1
"46916","201501ZD30981",1,3,0,18,0,8,0,0,0,0,3,1,6,1,5,-1,-1,-1,-1,-1
"46917","201501ZD30982",1,9,0,9,0,8,0,0,0,0,3,1,6,2,7,-1,-1,-1,-1,1
"46918","201501ZD30982",2,1,0,18,0,8,0,0,0,0,1,1,6,1,7,-1,-1,-1,-1,1
"46919","201501ZD30983",1,9,0,18,0,8,0,0,0,0,1,1,6,1,-1,-1,-1,-1,-1,1
"46920","201501ZD30983",2,9,0,18,0,8,0,0,0,0,1,1,6,1,7,1086,1,5,-1,-1
"46921","201501ZD30983",3,9,0,18,0,8,0,0,0,0,3,1,6,1,8,1968,2,2,-1,1
"46922","201501ZD30984",1,1,0,18,0,1,0,0,0,0,3,1,6,1,9,-1,-1,-1,-1,-1
"46923","201501ZD30984",2,9,0,7,0,1,0,0,0,0,1,1,6,3,-1,-1,-1,-1,-1,-1
"46924","201501ZD30985",1,3,0,18,0,0,0,0,0,0,1,1,1,1,4,-1,-1,-1,-1,1
"46925","201501ZD30985",2,9,0,6,0,0,0,0,0,0,4,1,6,1,4,1199,1,14,-1,1
"46926","201501ZD30987",1,19,0,18,0,2,0,0,0,0,4,1,1,3,-1,-1,-1,-1,-1,-1
"46927","201501ZD30989",1,3,0,18,0,0,0,0,0,0,2,1,6,1,5,124,1,4,-1,1
"46928","201501ZD30989",2,9,0,18,0,0,0,0,0,0,1,1,6,2,8,2143,2,3,-1,1
"46929","201501ZD30990",1,11,0,18,0,0,0,0,0,0,1,1,1,1,6,-1,-1,-1,-1,1
"46930","201501ZD30990",2,9,0,5,0,0,0,0,0,0,3,1,6,1,6,998,1,16,-1,1
"46931","201501ZD30991",1,9,0,18,0,8,0,0,0,0,1,1,6,2,8,1997,2,5,-1,1
"46932","201501ZD30991",2,9,0,18,0,8,0,0,0,0,4,1,6,2,5,-1,-1,-1,-1,1
"46933","201501ZD30992",1,9,0,2,0,8,0,10,0,0,4,1,6,2,9,-1,-1,-1,-1,1
"46934","201501ZD30992",2,9,0,1,0,8,0,4,0,0,1,1,6,2,7,1769,1,12,-1,1
"46935","201501ZD30994",1,3,0,7,0,1,0,0,0,0,2,1,6,1,5,109,1,1,-1,1
"46936","201501ZD30994",2,9,0,7,0,1,0,0,0,0,1,1,6,1,-1,1956,2,1,-1,-1
"46937","201501ZD30997",1,9,0,7,0,1,0,0,0,0,1,1,6,1,7,4196,1,8,-1,1
"46938","201501ZD30998",1,11,0,5,0,0,0,0,0,0,0,1,1,3,-1,-1,-1,-1,-1,-1
"46939","201501ZD31000",1,9,0,18,0,0,0,4,0,0,1,1,6,2,8,2494,1,17,-1,1
"46940","201501ZD31000",2,9,0,2,0,0,0,0,0,0,3,1,6,3,-1,-1,-1,-1,-1,-1
"46941","201501ZD31001",1,9,0,9,0,8,0,0,0,0,1,1,6,2,-1,-1,-1,-1,-1,-1
"46942","201501ZD31001",2,9,0,18,0,8,0,0,0,0,1,1,6,1,-1,-1,-1,-1,-1,-1
"46943","201501ZD31002",1,9,0,18,0,8,0,0,0,0,3,1,6,2,6,1598,1,11,-1,1
"46944","201501ZD31002",2,9,0,18,0,8,0,0,0,0,1,1,6,2,5,1596,1,13,-1,1
"46945","201501ZD31003",1,9,0,9,0,8,0,0,0,0,1,1,6,2,-1,1497,1,13,-1,-1
"46946","201501ZD31003",2,9,0,18,0,1,0,0,0,0,3,1,6,2,6,1199,1,13,-1,1
"46947","201501ZD31004",1,19,0,5,0,8,0,0,0,0,4,1,6,1,5,-1,-1,-1,-1,1
"46948","201501ZD31004",2,1,0,18,0,8,0,0,0,0,1,1,6,2,7,-1,-1,-1,-1,1
"46949","201501ZD31005",1,3,0,18,0,8,0,4,0,0,1,1,6,1,4,124,1,13,-1,1
"46950","201501ZD31005",2,9,0,2,0,8,0,0,0,0,2,1,6,1,-1,-1,-1,-1,-1,-1
"46951","201501ZD31007",1,19,0,18,0,1,1,0,2,2,3,1,1,1,6,2402,2,10,-1,1
"46952","201501ZD31007",2,9,0,18,0,1,0,0,0,0,1,1,6,2,8,1797,8,3,-1,-1
"46953","201501ZD31008",1,9,0,9,0,1,0,0,0,0,3,1,6,2,7,2362,1,14,-1,1
"46954","201501ZD31008",2,3,0,13,0,1,0,0,0,0,1,1,6,2,4,124,1,14,-1,1
"46955","201501ZD31009",1,19,0,9,0,8,0,0,0,0,1,1,2,1,9,1996,2,6,-1,-1
"46956","201501ZD31009",2,21,0,18,0,8,0,0,0,0,1,1,1,1,9,4461,2,4,-1,1
"46957","201501ZD31010",1,3,0,13,0,8,0,0,0,0,1,1,6,1,5,125,1,9,-1,1
"46958","201501ZD31010",2,9,0,6,0,8,0,0,0,0,3,1,6,1,5,1364,1,8,-1,1
"46959","201501ZD31011",1,9,0,18,0,0,0,0,0,0,2,1,6,2,6,1596,1,12,-1,1
"46960","201501ZD31011",2,9,0,18,0,0,0,0,0,0,1,1,6,2,7,1587,1,12,-1,1
"46961","201501ZD31013",1,11,0,4,0,1,0,0,0,0,0,1,1,1,8,6370,2,3,-1,1
"46962","201501ZD31014",1,19,0,18,0,1,0,0,0,0,1,1,1,1,7,-1,-1,-1,-1,1
"46963","201501ZD31015",1,9,0,10,0,1,0,0,0,0,2,1,6,1,6,2698,2,6,-1,1
"46964","201501ZD31015",2,19,0,18,0,1,0,0,0,0,1,1,1,1,8,4485,2,-1,-1,1
"46965","201501ZD31016",1,9,0,9,0,1,0,0,0,0,4,1,6,2,8,1997,2,2,-1,-1
"46966","201501ZD31017",1,3,0,18,0,8,0,0,0,0,3,1,6,1,6,-1,-1,-1,-1,1
"46967","201501ZD31017",2,3,0,18,0,8,1,10,0,0,3,1,6,1,-1,749,1,13,-1,1
"46968","201501ZD31018",1,9,0,4,0,0,0,0,0,0,2,1,6,1,7,1984,1,8,-1,1
"46969","201501ZD31018",2,9,0,18,0,0,0,0,0,0,1,1,6,2,6,1998,2,3,-1,1
"46970","201501ZD31020",1,20,0,1,9,8,0,10,0,0,2,1,6,1,-1,-1,-1,-1,-1,-1
"46971","201501ZD31021",1,9,0,18,0,8,0,0,0,0,1,1,6,2,4,1149,1,5,-1,1
"46972","201501ZD31021",2,9,0,9,0,8,0,0,0,0,3,1,6,1,-1,1598,1,13,-1,-1
"46973","201501ZD31022",1,9,0,18,0,1,0,0,0,0,4,1,6,1,5,2143,2,-1,-1,1
"46974","201501ZD31023",1,9,0,18,0,0,0,0,0,0,3,1,6,1,6,1560,2,-1,-1,1
"46975","201501ZD31023",2,9,0,18,0,0,0,0,0,0,3,1,6,1,9,-1,-1,-1,-1,1
"46976","201501ZD31024",1,9,0,18,0,0,0,0,0,0,1,1,6,1,6,1995,2,10,-1,-1
"46977","201501ZD31024",2,9,0,15,0,0,0,0,0,0,4,1,6,1,-1,1995,2,12,-1,-1
"46978","201501ZD31024",3,9,0,18,0,0,0,0,0,0,3,1,6,1,-1,1995,2,12,-1,-1
"46979","201501ZD31025",1,9,0,18,0,8,0,0,0,0,3,1,6,2,5,1360,1,9,-1,1
"46980","201501ZD31025",2,9,0,18,0,8,0,0,0,0,1,1,6,2,6,1587,1,9,-1,1
"46981","201501ZD31026",1,9,0,12,0,2,0,0,0,0,3,1,6,2,7,1995,2,2,-1,1
"46982","201501ZD31026",2,5,0,13,0,2,0,0,0,0,4,1,6,1,8,803,1,4,-1,1
"46983","201501ZD31027",1,9,0,7,0,2,0,0,0,0,1,1,6,3,-1,-1,-1,-1,-1,-1
"46984","201501ZD31028",1,9,0,3,0,1,0,0,0,0,2,1,6,1,8,1598,1,14,-1,1
"46985","201501ZD31028",2,9,0,4,0,1,0,0,0,0,1,1,6,2,7,998,1,13,-1,1
"46986","201501ZD31029",1,11,0,4,0,1,0,0,0,0,0,1,1,1,8,3900,2,12,-1,1
"46987","201501ZD31031",1,1,0,18,0,8,0,0,0,0,1,1,6,1,6,-1,-1,-1,-1,1
"46988","201501ZD31031",2,9,0,7,0,8,0,0,0,0,3,1,6,1,-1,1794,1,12,-1,-1
"46989","201501ZD31032",1,9,0,9,0,8,0,0,0,0,3,1,6,1,7,1988,1,12,-1,1
"46990","201501ZD31032",2,3,0,14,0,8,0,0,0,0,1,1,6,1,6,-1,-1,-1,-1,3
"46991","201501ZD31033",1,19,0,9,0,8,1,0,0,0,1,1,2,1,7,1686,2,12,-1,1
"46992","201501ZD31033",2,3,0,18,0,8,1,0,0,0,3,1,2,1,4,-1,-1,-1,-1,1
"46993","201501ZD31034",1,9,0,7,0,1,0,0,0,0,4,1,6,1,9,-1,-1,-1,-1,1
"46994","201501ZD31036",1,9,0,9,0,8,0,0,0,0,4,1,6,2,8,1995,2,1,-1,1
"46995","201501ZD31036",2,3,0,18,0,8,0,0,0,0,1,1,1,1,4,125,1,5,-1,1
"46996","201501ZD31037",1,9,0,18,0,0,0,0,0,0,1,1,6,3,-1,-1,-1,-1,-1,-1
"46997","201501ZD31038",1,11,0,9,0,8,0,0,0,0,3,1,1,1,7,4500,2,3,-1,1
"46998","201501ZD31038",2,19,0,13,0,8,0,0,0,0,4,1,6,1,6,1998,2,10,-1,1
"46999","201501ZD31039",1,1,0,18,0,8,0,0,0,0,2,1,6,1,6,-1,-1,-1,-1,1
"47000","201501ZD31039",2,9,0,7,0,8,0,0,0,0,1,1,6,3,-1,-1,-1,-1,-1,-1
"47001","201501ZD31040",1,9,0,18,0,0,0,0,0,0,1,1,6,2,8,1598,1,13,-1,1
"47002","201501ZD31041",1,3,0,18,0,1,0,0,0,0,4,1,6,1,4,124,1,-1,-1,1
"47003","201501ZD31041",2,9,0,7,0,1,0,0,0,0,3,1,6,3,-1,-1,-1,-1,-1,-1
"47004","201501ZD31042",1,3,0,18,0,8,0,0,0,0,1,1,6,1,7,125,1,1,-1,1
"47005","201501ZD31042",2,9,0,9,0,8,0,0,0,0,4,1,6,2,-1,-1,-1,-1,-1,-1
"47006","201501ZD31043",1,11,0,18,0,1,0,0,0,0,1,1,1,1,9,4500,2,-1,-1,1
"47007","201501ZD31044",1,9,0,7,0,2,0,0,0,0,4,1,6,1,-1,1598,2,3,-1,-1
"47008","201501ZD31045",1,9,0,3,0,0,0,0,0,0,2,1,6,2,7,-1,-1,-1,-1,1
"47009","201501ZD31045",2,9,0,4,0,0,0,0,0,0,1,1,6,2,-1,1332,1,17,-1,-1
"47010","201501ZD31046",1,2,0,3,0,0,0,0,0,0,1,1,2,1,4,-1,-1,-1,-1,1
"47011","201501ZD31046",2,19,0,1,0,0,0,0,0,0,2,1,1,1,8,4250,2,7,-1,2
"47012","201501ZD31047",1,3,0,18,0,0,0,0,0,0,0,1,6,1,4,125,1,4,-1,1
"47013","201501ZD31048",1,1,0,18,0,8,0,0,0,0,1,1,6,1,6,-1,-1,-1,-1,1
"47014","201501ZD31048",2,9,0,9,0,8,0,0,0,0,4,1,6,1,-1,1598,1,8,-1,-1
"47015","201501ZD31049",1,9,0,18,0,1,0,0,0,0,4,1,6,2,6,1229,1,1,-1,1
"47016","201501ZD31050",1,9,0,17,0,2,0,0,0,0,1,1,6,1,6,998,1,4,-1,1
"47017","201501ZD31050",2,9,0,17,0,1,0,0,0,0,2,1,6,1,9,2143,2,1,-1,1
"47018","201501ZD31051",1,9,0,7,0,8,0,0,0,0,4,1,6,1,6,1598,2,1,-1,1
"47019","201501ZD31051",2,3,0,18,0,8,0,0,0,0,1,1,6,1,7,125,1,5,-1,1
"47020","201501ZD31052",1,8,0,12,0,2,0,0,0,0,2,1,6,1,8,1997,2,4,-1,1
"47021","201501ZD31052",2,9,0,18,0,2,0,0,0,0,1,1,6,1,6,-1,-1,-1,-1,1
"47022","201501ZD31053",1,9,0,7,0,8,0,0,0,0,4,1,6,1,10,1498,1,8,-1,1
"47023","201501ZD31053",2,1,0,15,0,8,0,10,1,10,1,1,6,1,7,-1,-1,-1,-1,1
"47024","201501ZD31054",1,9,0,18,0,0,0,0,0,0,2,1,6,2,6,-1,-1,-1,-1,1
"47025","201501ZD31054",2,9,0,18,0,0,0,0,0,0,1,1,6,2,-1,1596,1,14,-1,-1
"47026","201501ZD31055",1,9,0,18,0,1,0,0,0,0,1,1,2,1,7,2435,1,9,-1,2
"47027","201501ZD31056",1,9,0,7,0,8,0,0,0,0,2,1,6,1,7,1968,2,11,-1,1
"47028","201501ZD31056",2,11,0,9,0,8,0,0,0,0,1,1,1,1,6,3900,2,12,-1,1
"47029","201501ZD31057",1,9,0,18,0,8,0,0,0,0,1,1,6,1,4,1753,2,8,-1,1
"47030","201501ZD31057",2,9,0,9,0,8,0,0,0,0,3,1,6,2,6,1360,1,12,-1,-1
"47031","201501ZD31058",1,9,0,18,0,1,0,0,0,0,1,1,6,1,6,1997,1,11,-1,1
"47032","201501ZD31058",2,9,0,2,0,1,0,0,0,0,2,1,6,3,-1,-1,-1,-1,-1,-1
"47033","201501ZD31060",1,1,0,18,0,1,0,0,0,0,1,1,6,1,6,-1,-1,-1,-1,1
"47034","201501ZD31060",2,9,0,9,0,1,0,0,0,0,4,1,6,1,-1,1598,1,15,-1,-1
"47035","201501ZD31061",1,9,0,1,0,1,0,0,0,0,3,1,6,1,-1,1686,2,4,-1,-1
"47036","201501ZD31062",1,9,0,9,0,8,0,0,0,0,4,1,6,1,4,1198,1,3,-1,1
"47037","201501ZD31062",2,9,0,15,0,8,0,0,0,0,1,1,6,1,7,1797,8,4,-1,1
"47038","201501ZD31064",1,9,0,4,0,1,0,0,0,0,1,1,6,2,6,-1,-1,-1,-1,1
"47039","201501ZD31064",2,9,0,4,0,1,0,0,0,0,2,1,6,2,4,998,1,8,-1,1
"47040","201501ZD31065",1,9,0,18,0,0,0,0,0,0,3,1,6,1,-1,-1,-1,-1,-1,-1
"47041","201501ZD31066",1,9,0,18,0,0,0,0,0,0,3,1,6,2,5,1396,1,10,-1,1
"47042","201501ZD31066",2,9,0,18,0,0,0,0,0,0,3,1,6,1,-1,1598,1,12,-1,-1
"47043","201501ZD31068",1,9,0,18,0,8,0,0,0,0,1,1,3,2,8,1360,1,9,-1,1
"47044","201501ZD31068",2,9,0,18,0,8,0,0,0,0,1,1,6,1,11,1198,1,1,-1,1
"47045","201501ZD31068",3,9,0,2,0,8,0,0,0,0,2,1,6,1,7,1968,2,4,-1,1
"47046","201501ZD31070",1,9,0,9,0,8,0,0,0,0,4,1,6,1,6,1598,1,8,-1,1
"47047","201501ZD31070",2,9,0,18,0,8,0,0,0,0,3,1,6,1,7,1895,1,17,-1,-1
"47048","201501ZD31073",1,9,0,9,0,8,0,0,0,0,1,1,6,2,5,1798,8,3,-1,1
"47049","201501ZD31073",2,9,0,18,0,8,0,0,0,0,1,1,6,2,6,999,1,-1,-1,1
"47050","201501ZD31074",1,9,0,7,0,2,0,0,0,0,1,1,6,2,8,-1,-1,-1,-1,1
"47051","201501ZD31075",1,9,0,18,0,8,0,0,0,0,3,1,6,1,4,1299,1,7,-1,-1
"47052","201501ZD31075",2,9,0,9,0,8,0,0,0,0,1,1,6,1,9,2720,2,9,-1,-1
"47053","201501ZD31076",1,9,0,3,0,1,0,0,0,0,2,1,6,2,8,1364,1,6,-1,1
"47054","201501ZD31076",2,9,0,4,0,1,0,0,0,0,1,1,6,1,8,1796,1,4,-1,-1
"47055","201501ZD31077",1,9,0,1,0,8,0,0,0,0,2,1,6,1,5,2143,2,3,-1,1
"47056","201501ZD31078",1,9,0,2,0,0,0,0,0,0,2,1,6,3,-1,-1,-1,-1,-1,-1
"47057","201501ZD31078",2,1,0,18,0,0,0,4,0,0,1,1,6,1,8,-1,-1,-1,-1,2
"47058","201501ZD31080",1,9,0,18,0,8,0,0,0,0,1,1,6,1,8,1769,1,14,-1,1
"47059","201501ZD31080",2,9,0,6,0,8,0,0,0,0,3,1,6,1,9,1598,1,2,-1,1
"47060","201501ZD31084",1,9,0,18,0,8,0,0,0,0,3,1,6,2,5,1364,1,6,-1,1
"47061","201501ZD31084",2,9,0,18,0,8,0,0,0,0,1,1,6,1,8,2470,2,23,-1,1
"47062","201501ZD31085",1,9,0,18,0,0,0,0,0,0,1,1,6,2,7,3497,1,11,-1,1
"47063","201501ZD31085",2,9,0,18,0,0,0,0,0,0,1,1,6,1,-1,-1,-1,-1,-1,-1
"47064","201501ZD31086",1,19,0,18,0,8,0,0,0,0,4,1,1,1,9,-1,-1,-1,-1,1
"47065","201501ZD31087",1,19,0,9,0,8,0,0,0,0,3,1,1,1,7,2143,2,4,-1,1
"47066","201501ZD31087",2,3,0,18,0,8,0,0,0,0,1,1,1,1,4,108,1,2,-1,1
"47067","201501ZD31088",1,9,0,9,0,8,1,10,1,2,1,1,6,1,6,1686,2,9,-1,1
"47068","201501ZD31089",1,9,0,3,0,0,0,0,0,0,2,1,6,2,8,1596,1,4,-1,1
"47069","201501ZD31089",2,9,0,5,0,0,0,0,0,0,1,1,6,2,-1,3311,8,9,-1,1
"47072","201501ZD31091",1,9,0,9,0,8,0,0,0,0,3,1,6,1,10,1968,2,8,-1,1
"47073","201501ZD31091",2,2,0,14,0,8,0,0,0,0,1,1,6,1,4,-1,-1,-1,-1,1
"47074","201501ZD31092",1,9,0,18,0,1,0,0,0,0,1,1,6,1,-1,-1,-1,-1,-1,-1
"47075","201501ZD31093",1,3,0,18,0,8,0,0,0,0,1,1,6,1,-1,-1,-1,-1,-1,-1
"47076","201501ZD31093",2,9,0,18,0,8,0,0,0,0,3,1,6,1,-1,1968,2,5,-1,-1
"47077","201501ZD31097",1,9,0,18,0,8,0,0,0,0,1,1,6,2,5,1598,1,9,-1,1
"47078","201501ZD31097",2,9,0,18,0,8,0,0,0,0,3,1,6,2,8,-1,-1,-1,-1,-1
"47079","201501ZD31098",1,9,0,9,0,8,0,0,0,0,1,1,6,2,7,2148,2,9,-1,1
"47080","201501ZD31098",2,9,0,18,0,8,0,0,0,0,4,1,6,1,-1,-1,-1,-1,-1,-1
"47081","201501ZD31098",3,9,0,2,0,8,0,0,0,0,3,1,6,2,6,-1,-1,-1,-1,-1
"47082","201501ZD31099",1,9,0,18,0,0,0,4,0,0,1,1,6,2,8,1794,1,11,-1,1
"47083","201501ZD31099",2,9,0,2,0,0,0,0,0,0,2,1,6,3,-1,1797,8,3,-1,-1
"47084","201501ZD31101",1,9,0,9,0,8,0,0,0,0,1,1,6,1,5,1798,1,7,-1,1
"47085","201501ZD31101",2,9,0,18,0,8,0,0,0,0,4,1,6,1,8,2000,2,4,-1,1
"47086","201501ZD31102",1,9,0,7,0,8,0,0,0,0,1,1,6,1,11,1799,1,8,-1,1
"47087","201501ZD31102",2,9,0,18,0,8,0,0,0,0,4,1,6,1,7,1998,1,13,-1,1
"47088","201501ZD31105",1,9,0,18,0,8,0,0,0,0,1,1,6,3,-1,-1,-1,-1,-1,-1
"47089","201501ZD31107",1,9,0,1,0,8,0,0,0,0,2,1,6,2,4,1242,1,8,-1,1
"47090","201501ZD31107",2,9,0,18,0,8,0,0,0,0,1,1,6,2,8,1596,1,12,-1,1
"47091","201501ZD31108",1,9,0,18,0,0,0,0,0,0,1,1,6,2,8,1998,1,9,-1,1
"47092","201501ZD31108",2,19,0,3,0,0,0,0,0,0,2,1,6,1,-1,-1,-1,-1,-1,-1
"47093","201501ZD31110",1,11,0,9,0,8,0,0,0,0,1,1,1,2,6,6871,2,6,-1,1
"47094","201501ZD31110",2,9,0,18,0,8,0,0,0,0,3,1,6,2,5,998,1,5,-1,1
"47095","201501ZD31111",1,9,0,9,0,2,0,0,0,0,1,1,6,1,10,1796,1,12,-1,1
"47096","201501ZD31111",2,11,0,2,0,2,0,0,0,0,2,1,1,3,-1,-1,-1,-1,-1,-1
"47097","201501ZD31112",1,9,0,18,0,1,0,0,0,0,1,1,6,1,6,1997,2,14,-1,1
"47098","201501ZD31113",1,9,0,18,0,8,0,0,0,0,1,1,6,2,7,1968,2,7,-1,1
"47099","201501ZD31113",2,9,0,18,0,8,0,0,0,0,3,1,6,2,6,-1,-1,-1,-1,1
"47100","201501ZD31114",1,9,0,3,0,8,0,0,0,0,2,1,6,1,7,1598,1,8,-1,-1
"47101","201501ZD31114",2,9,0,3,0,8,0,0,0,0,2,1,6,1,9,-1,-1,-1,-1,-1
"47102","201501ZD31114",3,21,0,18,0,8,0,0,0,0,1,1,1,1,7,-1,-1,-1,-1,2
"47103","201501ZD31115",1,9,0,18,0,0,0,0,0,0,1,1,6,3,-1,-1,-1,-1,-1,-1
"47104","201501ZD31119",1,9,0,9,0,2,0,0,0,0,1,1,6,1,-1,-1,-1,-1,-1,-1
"47105","201501ZD31120",1,9,0,18,0,8,0,0,0,0,3,1,6,1,7,1798,8,-1,-1,1
"47106","201501ZD31120",2,9,0,18,0,8,0,0,0,0,1,1,6,2,6,1796,1,9,-1,1
"47107","201501ZD31121",1,9,0,18,0,8,0,0,0,0,3,1,6,1,7,1995,1,6,-1,1
"47108","201501ZD31121",2,9,0,9,0,8,0,0,0,0,1,1,6,2,6,1598,1,8,-1,1
"47109","201501ZD31122",1,9,0,18,0,2,0,0,0,0,1,1,6,2,5,1198,1,10,-1,1
"47110","201501ZD31125",1,9,0,5,0,0,0,0,0,0,3,1,6,1,7,1995,2,7,-1,1
"47111","201501ZD31126",1,9,0,6,0,2,0,0,0,0,2,1,6,1,6,2993,2,4,-1,1
"47112","201501ZD31126",2,9,0,18,0,2,0,0,0,0,1,1,6,1,7,1598,1,10,-1,1