"","Acc_Index","Vehicle_Reference","Vehicle_Type","Towing_and_Articulation","Vehicle_Manoeuvre","Vehicle_Location.Restricted_Lane","Junction_Location","Skidding_and_Overturning","Hit_Object_in_Carriageway","Vehicle_Leaving_Carriageway","Hit_Object_off_Carriageway","X1st_Point_of_Impact","Was_Vehicle_Left_Hand_Drive","Journey_Purpose_of_Driver","Sex_of_Driver","Age_Band_of_Driver","Engine_Capacity_.CC.","Propulsion_Code","Age_of_Vehicle","Driver_IMD_Decile","Driver_Home_Area_Type"
"47113","201501ZD31127",1,5,0,18,0,0,0,0,0,0,3,1,6,1,6,745,1,-1,-1,1
"47116","201501ZD31129",1,11,0,18,0,1,0,0,0,0,4,1,1,1,10,-1,-1,-1,-1,1
"47117","201501ZD31129",2,9,0,12,0,1,0,0,0,0,3,1,6,1,6,1242,1,-1,-1,1
"47118","201501ZD31130",1,1,0,18,0,1,0,0,0,0,1,1,6,1,6,-1,-1,-1,-1,1
"47119","201501ZD31130",2,9,0,18,0,1,0,0,0,0,4,1,6,2,7,1598,1,9,-1,1
"47120","201501ZD31131",1,9,0,18,0,0,0,0,0,0,4,1,6,2,8,1360,1,12,-1,1
"47121","201501ZD31131",2,1,0,18,0,0,0,0,0,0,1,1,6,1,4,-1,-1,-1,-1,1
"47122","201501ZD31132",1,9,0,3,0,0,0,0,0,0,2,1,6,1,8,1149,1,9,-1,1
"47123","201501ZD31132",2,9,0,4,0,0,0,0,0,0,1,1,6,1,8,1761,1,15,-1,1
"47124","201501ZD31134",1,3,0,4,0,1,0,0,0,0,0,1,6,1,5,109,1,1,-1,1
"47125","201501ZD31134",2,9,0,4,0,1,0,0,0,0,0,1,6,3,-1,-1,-1,-1,-1,-1
"47126","201501ZD31136",1,9,0,18,0,0,0,0,0,0,1,1,6,1,8,-1,-1,-1,-1,1
"47127","201501ZD31137",1,3,0,18,0,1,0,0,0,0,3,1,6,1,7,124,1,-1,-1,-1
"47128","201501ZD31137",2,9,0,5,0,1,0,0,0,0,4,1,6,2,8,-1,-1,-1,-1,-1
"47129","201501ZD31140",1,9,0,9,0,8,0,0,0,0,3,1,6,2,7,1997,1,9,-1,1
"47130","201501ZD31140",2,9,0,18,0,8,0,0,0,0,1,1,6,1,8,1061,1,13,-1,1
"47131","201501ZD31141",1,9,0,3,0,1,0,0,0,0,2,1,6,2,5,875,1,2,-1,1
"47132","201501ZD31141",2,9,0,5,0,1,0,0,0,0,1,1,6,2,-1,1396,1,6,-1,-1
"47133","201501ZD31142",1,9,0,3,0,0,0,0,0,0,2,1,6,1,9,998,1,15,-1,1
"47134","201501ZD31142",2,9,0,18,0,0,0,0,0,0,1,1,6,1,-1,1781,1,16,-1,-1
"47135","201501ZD31143",1,9,0,9,0,2,0,0,0,0,1,1,6,1,-1,-1,-1,-1,-1,-1
"47136","201501ZD31155",1,11,0,18,0,0,0,0,0,0,4,1,1,2,8,6700,2,7,-1,1
"47137","201501ZD31158",1,3,0,18,0,8,0,0,0,0,1,1,6,1,6,-1,-1,-1,-1,1
"47138","201501ZD31158",2,9,0,9,0,8,0,0,0,0,3,1,6,1,8,1240,1,12,-1,-1
"47139","201501ZD39010",1,9,0,9,0,8,0,0,0,0,1,1,6,1,7,1598,1,5,-1,1
"47140","201501ZD39010",2,9,0,18,0,8,0,0,0,0,1,1,6,1,-1,1598,1,11,-1,1
"47141","201501ZD39013",1,9,0,3,0,1,0,0,0,0,2,1,6,1,8,2993,2,5,-1,1
"47142","201501ZD39013",2,9,0,4,0,1,0,0,0,0,1,1,6,1,-1,1364,1,9,-1,-1
"47143","201501ZD39064",1,9,0,18,0,1,0,0,0,0,1,1,6,1,10,1398,1,3,-1,1
"47144","201501ZD39069",1,9,0,18,0,0,0,0,0,0,1,1,6,1,8,-1,-1,-1,-1,1
"47145","201501ZD39076",1,9,0,18,0,0,0,0,0,0,1,1,6,1,-1,1598,1,8,-1,-1
"47146","201501ZD39079",1,9,0,7,0,8,0,0,0,0,4,1,6,2,4,-1,-1,-1,-1,1
"47147","201501ZD39079",2,9,0,7,0,8,0,0,0,0,3,1,6,1,-1,-1,-1,-1,-1,1
"47148","201501ZD39153",1,9,0,18,0,1,0,0,0,0,1,1,6,1,-1,1997,2,5,-1,-1
"47149","201501ZD39162",1,19,0,16,0,1,0,0,0,0,1,1,6,1,8,1560,2,3,-1,1
"47150","201501ZD39211",1,9,0,18,0,8,0,0,0,0,1,1,6,1,6,1969,2,-1,-1,1
"47151","201501ZD39211",2,9,0,18,0,8,0,0,0,0,3,1,6,2,6,1396,1,15,-1,1
"47152","201501ZD39241",1,9,0,4,0,1,0,0,0,0,2,1,6,1,8,1796,1,9,-1,1
"47153","201501ZD39241",2,9,0,4,0,1,0,0,0,0,1,1,6,1,5,1339,1,13,-1,1
"47154","201501ZD39264",1,9,0,18,0,0,0,0,0,0,1,1,6,1,6,1796,1,13,-1,1
"47155","201501ZD39264",2,9,0,4,0,0,0,0,0,0,2,1,6,1,8,1998,1,8,-1,1
"47156","201501ZD39264",3,9,0,4,0,0,0,0,0,0,2,1,6,2,6,1685,2,1,-1,3
"47232","201501ZT80073",1,9,0,18,0,8,0,0,0,0,1,1,6,2,5,-1,-1,-1,-1,1
"47233","201501ZT80073",2,9,0,7,0,8,0,0,0,0,3,1,6,1,5,1390,1,12,-1,1
"47268","201501ZT80098",1,8,0,18,0,8,0,0,0,0,4,1,1,1,8,1896,2,10,-1,-1
"47269","201501ZT80098",2,9,0,18,0,8,0,0,0,0,1,1,6,2,5,1400,1,15,-1,1
"47333","201501ZT80149",1,9,0,7,0,8,0,0,0,0,3,1,6,1,6,1796,1,11,-1,1
"47334","201501ZT80149",2,9,0,18,0,8,0,0,0,0,1,1,6,2,6,1242,1,5,-1,1
"47344","201501ZT80155",1,9,0,18,0,1,0,0,0,0,1,1,6,3,-1,-1,-1,-1,-1,-1
"47579","201501ZT80326",1,9,0,9,0,8,0,0,0,0,3,1,6,1,6,1598,1,9,-1,1
"47580","201501ZT80326",2,2,0,18,0,8,0,0,0,0,1,1,6,1,4,-1,-1,-1,-1,1
"47672","201501ZT80392",1,20,0,18,0,0,0,10,0,0,4,1,6,1,7,2402,2,9,-1,1
"47673","201501ZT80393",1,9,0,10,0,8,0,0,0,0,2,1,6,2,7,1769,1,13,-1,-1
"47674","201501ZT80393",2,9,0,18,0,8,0,0,0,0,1,1,6,2,11,2435,1,10,-1,1
"47689","201501ZT80407",1,9,0,1,0,8,0,0,0,0,4,1,6,1,8,2000,1,18,-1,1
"47690","201501ZT80407",2,9,0,18,0,8,0,0,0,0,1,1,6,2,7,1461,2,1,-1,1
"158914","20154100C0001",1,9,0,18,0,2,0,0,0,0,1,1,6,1,6,1956,2,1,-1,1
"158915","20154100C0011",1,9,0,18,0,0,0,0,0,0,1,1,6,2,5,1398,1,5,-1,3
"158918","20154100C0021",1,9,0,4,0,8,0,0,0,0,1,1,6,1,6,1339,1,8,-1,1
"158919","20154100C0021",2,9,0,9,0,6,0,0,0,0,3,1,6,1,8,1997,2,6,-1,1
"158920","20154100C0025",1,9,0,6,0,8,0,0,0,0,3,1,1,1,7,2143,2,6,-1,1
"158921","20154100C0025",2,3,0,18,0,8,1,0,0,0,1,1,1,1,4,125,1,2,-1,1
"158922","20154100C0030",1,9,0,9,0,8,0,0,1,2,1,1,2,2,7,1997,2,7,-1,1
"158923","20154100C0030",2,1,0,18,0,8,0,0,0,0,3,1,2,2,8,-1,-1,-1,-1,1
"158926","20154100C0043",1,9,0,7,0,5,0,0,0,0,1,1,1,2,7,1896,2,8,-1,-1
"158931","20154100C0047",1,9,0,9,0,5,0,0,0,0,1,1,6,2,9,1596,1,2,-1,1
"158932","20154100C0055",1,9,0,10,0,1,0,0,0,0,1,1,6,1,7,1968,2,1,-1,-1
"158933","20154100C0055",2,9,0,18,0,8,0,0,1,2,1,1,6,1,9,-1,-1,-1,-1,2
"158935","20154100C0074",1,19,0,18,0,1,0,0,0,0,1,1,6,1,7,-1,-1,-1,-1,1
"158936","20154100C0074",2,9,0,4,0,1,0,0,0,0,2,1,6,1,4,999,1,1,-1,1
"158937","20154100C0074",3,9,0,7,0,6,0,0,0,0,0,1,6,3,-1,-1,-1,-1,-1,-1
"158940","20154100C0080",1,9,0,18,0,1,0,8,0,0,3,1,6,1,8,1497,8,5,-1,1
"158941","20154100C0080",2,9,0,2,0,1,0,0,0,0,4,1,6,1,8,-1,-1,-1,-1,1
"158942","20154100C0083",1,5,0,5,0,1,0,0,0,0,1,1,6,1,5,745,1,11,-1,1
"158943","20154100C0083",2,9,0,3,0,1,0,0,0,0,2,1,6,1,9,999,1,3,-1,1
"158946","20154100C0092",1,9,0,3,0,1,0,0,0,0,2,1,6,1,5,1796,1,7,-1,1
"158947","20154100C0092",2,9,0,14,0,1,0,7,0,0,1,1,6,1,8,3497,1,11,-1,1
"158948","20154100C0093",1,9,0,18,0,0,0,0,0,0,1,1,3,1,8,-1,-1,-1,-1,1
"158949","20154100C0093",2,1,0,18,0,0,0,0,0,0,3,1,6,1,3,-1,-1,-1,-1,-1
"158951","20154100C0099",1,9,0,4,0,1,0,0,0,0,1,1,6,2,8,1596,1,15,-1,-1
"158952","20154100C0099",2,9,0,3,0,1,0,0,0,0,2,1,6,2,7,2342,1,14,-1,1
"158953","20154100C0101",1,9,0,18,0,0,0,0,1,2,1,1,6,2,8,1560,2,8,-1,1
"158954","20154100C0103",1,8,0,9,0,2,0,0,0,0,4,1,6,1,8,2184,2,6,-1,1
"158957","20154100C0105",1,19,0,7,0,6,0,0,0,0,1,1,1,1,7,-1,-1,-1,-1,1
"158958","20154100C0105",2,9,0,18,0,8,0,0,0,0,4,1,1,1,8,1598,1,5,-1,1
"158959","20154100C0105",3,19,0,2,0,1,0,0,0,0,0,1,6,1,-1,2198,2,7,-1,-1
"158962","20154100C0111",1,9,0,7,0,6,0,0,0,0,1,1,6,1,5,-1,-1,-1,-1,-1
"158963","20154100C0111",2,9,0,4,0,1,0,0,0,0,1,1,6,1,7,-1,-1,-1,-1,1
"158966","20154100C0126",1,9,0,18,0,8,0,0,0,0,3,1,6,2,7,1598,1,2,-1,1
"158967","20154100C0126",2,19,0,18,0,6,0,0,0,0,1,1,1,1,6,2198,2,1,-1,1
"158968","20154100C0131",1,9,0,18,0,1,0,0,0,0,1,1,6,1,7,1582,2,1,-1,1
"158969","20154100C0133",1,9,0,18,0,0,1,0,1,10,1,1,6,1,5,1598,1,5,-1,1
"158970","20154100C0135",1,9,0,1,8,6,0,0,0,0,2,1,6,2,7,-1,-1,-1,-1,1
"158973","20154100C0152",1,19,0,6,0,0,0,0,0,0,3,1,3,1,6,-1,-1,-1,-1,1
"158974","20154100C0152",2,3,0,13,0,0,0,0,0,0,1,1,3,1,4,125,1,1,-1,1
"158975","20154100C0154",1,8,0,9,0,0,0,0,0,0,3,1,6,1,6,2143,2,2,-1,-1
"158976","20154100C0154",2,5,0,13,0,0,0,0,0,0,1,1,6,1,7,1255,1,5,-1,1
"158978","20154100C0159",1,9,0,18,0,8,0,0,0,0,1,1,6,1,8,1968,2,1,-1,1
"158983","20154100C0182",1,9,0,18,0,0,0,4,0,0,1,1,6,1,6,-1,-1,-1,-1,1
"158984","20154100C0182",2,9,0,2,0,0,0,0,0,0,2,1,6,3,-1,2143,2,4,-1,-1
"158986","20154100C0189",1,9,0,4,0,1,0,0,0,0,1,1,6,1,4,-1,-1,-1,-1,-1
"158987","20154100C0189",2,9,0,3,0,1,0,0,0,0,2,1,6,1,6,-1,-1,-1,-1,-1
"158988","20154100C0193",1,9,0,18,0,1,0,0,0,0,0,1,6,3,-1,1598,2,4,-1,-1
"158989","20154100C0193",2,11,0,18,0,1,0,0,0,0,0,1,1,1,9,4250,2,2,-1,1
"158990","20154100C0194",1,9,0,9,0,6,0,0,0,0,1,1,6,1,7,1296,1,9,-1,-1
"158991","20154100C0194",2,9,0,9,0,6,0,0,0,0,4,1,6,1,7,-1,-1,-1,-1,1
"158992","20154100C0201",1,9,0,9,0,5,0,0,0,0,3,1,2,1,6,-1,-1,-1,-1,1
"158993","20154100C0201",2,11,0,13,0,1,0,0,0,0,1,1,1,1,7,5883,2,14,-1,-1
"158994","20154100C0202",1,9,0,18,0,4,0,0,0,0,1,1,6,1,8,-1,-1,-1,-1,-1
"158995","20154100C0202",2,9,0,18,0,4,0,0,0,0,2,1,6,2,5,1397,1,7,-1,1
"158996","20154100C0207",1,9,0,18,0,2,0,0,0,0,1,1,2,1,6,998,1,13,-1,-1
"158997","20154100C0210",1,1,0,18,0,8,0,0,0,0,2,1,1,1,7,-1,-1,-1,-1,1
"158998","20154100C0210",2,2,0,18,0,8,0,0,0,0,1,1,6,2,6,-1,-1,-1,-1,1
"158999","20154100C0211",1,19,0,5,0,1,0,0,0,0,1,1,2,1,7,-1,-1,-1,-1,1
"159000","20154100C0211",2,9,0,18,0,1,0,0,0,0,1,1,3,2,7,1995,2,5,-1,1
"159001","20154100C0213",1,4,0,14,0,0,1,0,0,0,1,1,6,1,6,296,1,2,-1,1
"159002","20154100C0213",2,9,0,3,0,0,0,0,0,0,1,1,6,2,6,1364,1,5,-1,1
"159003","20154100C0216",1,9,0,4,0,0,0,0,0,0,1,1,1,1,8,1598,1,9,-1,1
"159009","20154100C0237",1,9,0,18,0,8,0,0,0,0,1,1,1,1,5,-1,-1,-1,-1,1
"159010","20154100C0237",2,9,0,9,0,6,0,0,0,0,1,1,6,1,6,-1,-1,-1,-1,1
"159016","20154100C0247",1,9,0,18,0,0,0,0,0,0,1,1,1,1,9,1956,2,5,-1,-1
"159017","20154100C0247",2,9,0,18,0,0,0,0,0,0,1,1,2,1,7,4367,2,2,-1,-1
"159020","20154100C0251",1,9,0,18,0,6,0,0,0,0,1,1,6,3,-1,-1,-1,-1,-1,-1
"159021","20154100C0251",2,1,0,18,0,8,0,0,0,0,4,1,2,1,8,-1,-1,-1,-1,1
"159022","20154100C0259",1,9,0,18,0,8,0,0,0,0,1,1,6,1,5,1895,1,14,-1,1
"159023","20154100C0259",2,9,0,18,0,6,0,0,0,0,4,1,2,2,6,1598,2,3,-1,1
"159026","20154100C0265",1,9,0,4,0,0,0,0,0,0,1,1,6,2,8,-1,-1,-1,-1,1
"159027","20154100C0265",2,9,0,6,0,0,0,0,0,0,3,1,6,1,8,999,1,1,-1,1
"159029","20154100C0284",1,9,0,18,0,4,5,0,0,0,2,1,2,2,6,1242,1,6,-1,1
"159030","20154100C0284",2,9,0,18,0,4,0,0,0,0,1,1,6,2,8,1587,1,12,-1,1
"159031","20154100C0300",1,9,0,14,0,0,0,0,0,0,1,1,6,2,6,-1,-1,-1,-1,1
"159035","20154100C0307",1,9,0,17,0,0,2,0,1,10,3,1,1,1,5,1149,1,10,-1,1
"159036","20154100C0307",2,9,0,4,0,0,0,0,0,0,2,1,1,2,5,973,1,13,-1,1
"159037","20154100C0307",3,9,0,17,0,0,1,0,0,0,1,1,6,1,8,-1,-1,-1,-1,1
"159038","20154100C0308",1,9,0,15,0,0,0,0,0,0,1,1,3,1,7,1968,2,3,-1,1
"159041","20154100C0311",1,9,0,4,0,1,0,0,0,0,4,1,6,3,-1,-1,-1,-1,-1,-1
"159042","20154100C0311",2,5,0,4,0,1,0,0,0,0,3,1,6,1,7,998,1,9,-1,1
"159043","20154100C0315",1,9,0,18,0,4,0,0,0,0,1,1,6,1,7,2171,2,12,-1,-1
"159044","20154100C0315",2,9,0,18,0,8,0,0,0,0,4,1,2,2,7,1339,1,4,-1,1
"159047","20154100C0317",1,9,0,18,0,4,0,0,0,0,1,1,6,3,-1,1968,2,1,-1,-1
"159048","20154100C0317",2,1,0,18,0,4,0,0,0,0,4,1,1,1,6,-1,-1,-1,-1,1
"159051","20154100C0320",1,9,0,1,0,0,0,0,0,0,2,1,6,3,-1,-1,-1,-1,-1,-1
"159052","20154100C0321",1,9,0,18,0,0,0,0,0,0,1,1,6,1,9,1349,1,4,-1,1
"159053","20154100C0322",1,3,0,18,0,8,0,0,0,0,1,1,6,1,5,-1,-1,-1,-1,1
"159054","20154100C0322",2,9,0,9,0,5,0,0,0,0,2,1,2,1,8,1124,1,19,-1,1
"159057","20154100C0333",1,9,0,9,0,6,0,0,0,0,3,1,2,1,6,1229,1,2,-1,1
"159058","20154100C0333",2,1,0,18,0,8,0,0,0,0,1,1,2,1,8,-1,-1,-1,-1,1
"159061","20154100C0347",1,9,0,18,0,1,0,0,0,0,1,1,6,1,4,2231,2,7,-1,1
"159062","20154100C0347",2,9,0,4,0,1,0,0,0,0,2,1,6,2,7,1968,2,1,-1,1
"159063","20154100C0347",3,9,0,4,0,1,0,0,0,0,2,1,6,2,8,1956,2,3,-1,3
"159064","20154100C0347",4,9,0,4,0,1,0,0,0,0,2,1,6,2,7,1997,1,11,-1,1
"159065","20154100C0348",1,4,0,15,0,8,0,0,0,0,1,1,1,1,5,124,1,10,-1,1
"159066","20154100C0348",2,9,0,7,0,5,0,0,0,0,4,1,3,1,10,1198,1,6,-1,1
"159068","20154100C0356",1,5,0,14,0,8,0,0,0,0,2,1,1,1,6,599,1,13,-1,1
"159069","20154100C0356",2,9,0,9,0,6,0,0,0,0,1,1,1,1,8,1998,2,11,-1,1
"159070","20154100C0362",1,9,0,18,0,0,0,0,0,0,1,1,6,1,4,-1,-1,-1,-1,-1
"159071","20154100C0362",2,9,0,3,0,0,0,0,0,0,2,1,2,2,4,1598,1,11,-1,1
"159073","20154100C0369",1,8,0,5,0,1,0,0,0,0,4,2,1,1,8,1968,2,7,-1,1
"159074","20154100C0370",1,9,0,7,0,6,0,0,0,0,1,1,2,1,6,1995,2,13,-1,1
"159075","20154100C0370",2,3,0,18,0,8,0,0,0,0,4,1,2,1,4,124,1,17,-1,1
"159083","20154100C0389",1,9,0,5,0,6,0,0,0,0,1,1,1,2,6,999,1,13,-1,1
"159084","20154100C0389",2,9,0,18,0,8,0,0,0,0,1,1,2,1,6,1242,1,2,-1,1
"159085","20154100C0389",3,9,0,2,0,1,0,0,0,0,1,1,6,3,-1,-1,-1,-1,-1,-1
"159086","20154100C0389",4,9,0,2,0,1,0,0,0,0,2,1,6,3,-1,2987,2,8,-1,-1
"159087","20154100C0394",1,9,0,18,0,0,0,0,0,0,1,1,1,1,7,-1,-1,-1,-1,1
"159098","20154100C0416",1,9,0,13,0,0,0,0,0,0,4,1,6,1,-1,-1,-1,-1,-1,-1
"159099","20154100C0416",2,1,0,18,0,0,0,0,0,0,1,1,6,1,7,-1,-1,-1,-1,1
"159112","20154100C0433",1,9,0,13,0,0,0,0,0,0,1,1,6,1,7,1198,1,5,-1,-1
"159113","20154100C0433",2,9,0,18,0,0,0,0,0,0,2,1,6,1,4,1896,2,10,-1,1
"159114","20154100C0438",1,9,0,11,4,1,0,0,0,0,1,1,6,1,-1,2143,2,2,-1,-1
"159115","20154100C0438",2,1,0,5,4,1,0,0,1,0,2,1,1,1,4,-1,-1,-1,-1,1
"159120","20154100C0449",1,3,0,18,0,1,1,0,0,0,1,1,6,1,6,124,1,1,-1,1
"159121","20154100C0449",2,9,0,3,0,1,0,0,0,0,2,1,6,3,-1,-1,-1,-1,-1,-1
"159122","20154100C0451",1,9,0,1,9,6,0,0,0,0,2,1,6,1,7,2400,2,4,-1,1
"159123","20154100C0454",1,9,0,18,0,2,0,0,1,10,1,1,6,2,4,1590,1,12,-1,-1
"159130","20154100C0471",1,1,0,18,0,8,0,7,0,0,1,1,6,1,5,-1,-1,-1,-1,1
"159136","20154100C0486",1,20,0,18,0,8,0,0,0,0,1,1,1,1,9,-1,-1,-1,-1,1
"159137","20154100C0486",2,5,0,4,0,8,0,0,0,0,2,1,2,1,8,1170,1,4,-1,1
"159138","20154100C0487",1,9,0,5,0,0,0,4,0,0,1,1,6,1,8,-1,-1,-1,-1,1
"159139","20154100C0487",2,9,0,2,0,0,0,0,0,0,3,1,6,1,6,2179,2,1,-1,1
"159140","20154100C0487",3,9,0,5,0,0,0,0,0,0,2,1,6,1,5,-1,-1,-1,-1,1
"159143","20154100C0492",1,9,0,9,0,5,0,0,0,0,3,1,6,3,-1,-1,-1,-1,-1,-1
"159144","20154100C0492",2,1,0,18,0,8,1,0,0,0,1,1,6,1,6,-1,-1,-1,-1,1
"159145","20154100C0494",1,9,0,18,0,0,1,0,1,7,1,1,6,2,11,-1,-1,-1,-1,1
"159146","20154100C0499",1,11,0,18,0,0,0,0,0,0,1,1,1,3,8,5900,2,8,-1,-1
"159150","20154100C0512",1,9,0,18,0,0,0,0,0,0,1,1,6,2,6,-1,-1,-1,-1,-1
"159151","20154100C0512",2,9,0,3,0,0,0,0,0,0,2,1,6,2,5,-1,-1,-1,-1,-1
"159152","20154100C0512",3,9,0,3,0,0,0,0,0,0,2,1,6,1,6,-1,-1,-1,-1,-1
"159153","20154100C0512",4,9,0,3,0,0,0,0,0,0,2,1,6,2,8,1599,1,13,-1,1
"159154","20154100C0513",1,1,0,18,0,8,0,0,0,0,3,1,6,1,4,-1,-1,-1,-1,1
"159155","20154100C0513",2,9,0,7,0,5,0,0,0,0,4,1,6,3,-1,-1,-1,-1,-1,-1
"159156","20154100C0516",1,19,0,5,0,7,0,0,0,0,3,1,1,1,9,2402,2,6,-1,1
"159157","20154100C0516",2,9,0,18,0,8,0,0,0,0,1,1,6,1,4,-1,-1,-1,-1,1
"159158","20154100C0522",1,9,0,18,0,2,0,11,0,0,4,1,6,1,10,1596,1,3,-1,1
"159161","20154100C0524",1,2,0,18,0,2,0,0,0,0,4,1,6,1,6,-1,-1,-1,-1,1
"159162","20154100C0526",1,9,0,18,0,1,0,0,0,0,1,1,6,1,5,-1,-1,-1,-1,1
"159174","20154100C0539",1,9,0,17,0,0,0,0,1,10,1,1,6,1,4,2792,1,14,-1,-1
"159175","20154100C0540",1,9,0,18,0,0,0,0,0,0,1,1,6,2,7,1390,1,5,-1,1
"159176","20154100C0542",1,9,0,5,0,6,0,0,0,0,1,1,6,1,6,1994,1,16,-1,-1
"159177","20154100C0542",2,1,0,18,0,8,0,0,0,0,4,1,6,1,6,-1,-1,-1,-1,1
"159178","20154100C0545",1,3,0,18,0,1,1,0,0,0,3,1,6,1,4,124,1,13,-1,1
"159179","20154100C0545",2,3,0,18,0,1,1,0,0,0,0,1,6,1,4,125,1,3,-1,1
"159180","20154100C0545",3,3,0,18,0,1,1,0,0,0,0,1,6,1,4,125,1,5,-1,1
"159184","20154100C0550",1,3,0,18,0,2,1,0,0,0,1,1,6,1,6,124,1,10,-1,1
"159185","20154100C0550",2,9,0,18,0,1,0,0,0,0,3,1,6,1,9,2982,2,2,-1,1
"159186","20154100C0556",1,9,0,17,0,2,0,0,0,0,1,1,6,3,-1,-1,-1,-1,-1,-1
"159187","20154100C0559",1,9,0,4,0,2,0,4,0,0,1,1,1,2,5,-1,-1,-1,-1,1
"159188","20154100C0559",2,9,0,2,0,2,0,4,0,0,1,1,6,3,-1,1199,2,4,-1,-1
"159189","20154100C0559",3,9,0,2,0,2,0,0,0,0,1,1,6,3,-1,2295,1,16,-1,-1
"159190","20154100C0560",1,1,0,18,0,4,1,0,0,0,0,1,6,1,8,-1,-1,-1,-1,1
"159191","20154100C0560",2,9,0,18,0,8,0,0,0,0,0,1,6,1,8,-1,-1,-1,-1,-1
"159205","20154100C0595",1,9,0,18,0,8,0,0,0,0,4,1,6,2,7,1299,1,13,-1,2
"159206","20154100C0595",2,9,0,18,0,8,0,0,0,0,3,1,6,2,6,1968,2,11,-1,1
"159214","20154100C0617",1,19,0,6,0,0,0,0,0,0,3,1,1,1,6,2198,2,1,-1,1
"159215","20154100C0617",2,4,0,18,0,0,0,0,0,0,1,1,1,1,6,-1,-1,-1,-1,3
"159218","20154100C0625",1,9,0,9,0,6,0,0,0,0,1,1,1,1,6,1995,2,-1,-1,1
"159219","20154100C0625",2,1,0,9,0,5,0,0,0,0,2,1,1,1,6,-1,-1,-1,-1,1
"159226","20154100C0633",1,9,0,9,0,6,0,0,0,0,1,1,2,1,7,1997,2,6,-1,1
"159227","20154100C0633",2,1,0,18,0,8,0,0,0,0,1,1,2,1,8,-1,-1,-1,-1,1
"159228","20154100C0634",1,9,0,4,0,1,0,0,0,0,2,1,6,2,6,1329,1,3,-1,1
"159229","20154100C0634",2,9,0,5,0,1,0,0,0,0,1,1,6,1,8,-1,-1,-1,-1,1
"159230","20154100C0635",1,9,0,18,0,0,0,0,0,0,1,1,6,1,6,1598,1,8,-1,1
"159231","20154100C0635",2,19,0,4,0,0,0,0,0,0,2,1,1,1,8,2198,2,3,-1,2
"159232","20154100C0636",1,9,0,4,0,0,0,0,0,0,1,1,2,2,6,1398,1,10,-1,1
"159233","20154100C0636",2,9,0,3,0,0,0,0,0,0,2,1,2,2,5,1598,1,5,-1,1
"159234","20154100C0636",3,9,0,3,0,0,0,0,0,0,2,1,2,1,6,1995,2,3,-1,-1
"159235","20154100C0639",1,9,0,18,0,8,0,0,0,0,1,1,6,1,8,1956,2,6,-1,1
"159236","20154100C0639",2,9,0,7,0,6,0,0,0,0,1,1,1,1,7,1870,2,9,-1,1
"159237","20154100C0643",1,9,0,9,0,6,0,0,0,0,1,1,3,1,7,2967,2,1,-1,1
"159238","20154100C0643",2,9,0,9,0,5,0,0,0,0,3,1,2,1,8,2143,2,2,-1,1
"159239","20154100C0645",1,9,0,18,0,8,0,0,0,0,1,1,6,3,-1,-1,-1,-1,-1,-1
"159240","20154100C0645",2,1,0,18,0,8,0,0,0,0,2,1,2,1,6,-1,-1,-1,-1,1
"159243","20154100C0653",1,9,0,4,0,1,1,0,0,0,1,1,6,3,-1,-1,-1,-1,-1,-1
"159244","20154100C0653",2,9,0,4,0,1,1,0,0,0,2,1,1,1,6,998,1,13,-1,1
"159245","20154100C0658",1,9,0,5,0,0,0,0,0,0,0,1,6,2,6,1242,1,3,-1,1
"159256","20154100C0669",1,9,0,18,0,1,0,0,0,0,1,1,6,2,4,1339,1,8,-1,-1
"159257","20154100C0669",2,9,0,5,0,1,0,0,0,0,2,1,6,2,8,-1,-1,-1,-1,1
"159258","20154100C0670",1,9,0,18,0,2,5,0,1,10,1,1,6,1,4,1386,1,7,-1,1
"159259","20154100C0671",1,1,0,18,0,0,0,8,0,0,1,1,2,1,8,-1,-1,-1,-1,1
"159260","20154100C0671",2,9,0,3,0,0,0,0,0,0,4,1,6,2,6,1198,1,5,-1,1
"159261","20154100C0675",1,9,0,7,9,5,0,0,0,0,1,1,6,1,-1,1997,2,8,-1,-1
"159264","20154100C0681",1,9,0,7,0,5,0,0,0,0,1,1,6,2,9,1590,1,13,-1,1
"159265","20154100C0681",2,1,0,18,0,8,0,0,0,0,3,1,6,1,3,-1,-1,-1,-1,1
"159266","20154100C0682",1,9,0,18,0,1,0,0,0,0,1,1,6,2,5,1600,1,11,-1,-1
"159267","20154100C0682",2,9,0,3,0,1,0,0,0,0,2,1,6,2,5,1242,1,6,-1,2
"159268","20154100C0684",1,9,0,18,0,1,0,0,0,0,1,1,6,1,6,-1,-1,-1,-1,-1
"159269","20154100C0684",2,9,0,3,0,1,0,0,0,0,2,1,6,2,8,1389,1,19,-1,1
"159270","20154100C0688",1,9,0,11,0,1,0,0,0,0,1,1,6,1,6,1397,1,12,-1,-1
"159271","20154100C0688",2,9,0,18,0,1,0,0,0,0,1,1,1,1,6,-1,3,-1,-1,1
"159272","20154100C0692",1,9,0,15,0,2,0,0,0,0,1,1,6,1,6,1895,1,16,-1,1
"159273","20154100C0693",1,9,0,11,0,0,0,0,0,0,3,1,6,2,6,1968,2,9,-1,-1
"159274","20154100C0693",2,9,0,18,0,0,0,0,0,0,4,1,2,2,6,998,1,14,-1,1