"","Acc_Index","Vehicle_Reference","Vehicle_Type","Towing_and_Articulation","Vehicle_Manoeuvre","Vehicle_Location.Restricted_Lane","Junction_Location","Skidding_and_Overturning","Hit_Object_in_Carriageway","Vehicle_Leaving_Carriageway","Hit_Object_off_Carriageway","X1st_Point_of_Impact","Was_Vehicle_Left_Hand_Drive","Journey_Purpose_of_Driver","Sex_of_Driver","Age_Band_of_Driver","Engine_Capacity_.CC.","Propulsion_Code","Age_of_Vehicle","Driver_IMD_Decile","Driver_Home_Area_Type"
"159286","20154100C0713",1,9,0,9,0,6,0,0,0,0,3,1,6,1,6,1390,1,4,-1,1
"159287","20154100C0713",2,5,0,18,0,8,0,0,0,0,1,1,6,1,6,999,1,5,-1,1
"159293","20154100C0730",1,9,0,18,0,0,0,0,0,0,1,1,6,1,-1,-1,-1,-1,-1,-1
"159294","20154100C0730",2,9,0,18,0,0,0,0,0,0,2,1,1,1,8,1910,2,5,-1,1
"159295","20154100C0731",1,9,0,9,0,8,0,0,0,0,1,1,2,2,7,1332,1,9,-1,1
"159296","20154100C0731",2,9,0,18,0,8,0,0,0,0,1,1,6,2,5,1199,1,11,-1,1
"159307","20154100C0744",1,9,0,4,0,8,0,0,0,0,1,1,6,2,7,1968,2,4,-1,1
"159308","20154100C0744",2,9,0,5,0,6,0,0,0,0,1,1,6,1,11,1390,1,5,-1,1
"159314","20154100C0751",1,9,0,18,0,0,0,0,0,0,1,1,1,1,7,-1,-1,-1,-1,1
"159315","20154100C0751",2,9,0,4,0,0,0,0,0,0,2,1,6,1,11,998,1,-1,-1,1
"159322","20154100C0765",1,9,0,5,0,3,0,0,2,10,3,1,2,2,9,1498,1,6,-1,1
"159323","20154100C0765",2,21,1,5,0,3,0,0,0,0,4,1,1,1,8,12900,2,8,-1,2
"159324","20154100C0774",1,9,0,4,0,0,0,0,0,0,1,1,6,1,6,1498,1,5,-1,-1
"159325","20154100C0774",2,9,0,3,0,0,0,0,0,0,2,1,1,1,8,2967,1,9,-1,1
"159326","20154100C0776",1,9,0,9,0,6,0,0,0,0,1,1,6,1,6,2204,2,9,-1,1
"159327","20154100C0776",2,9,0,18,0,8,0,0,0,0,4,1,6,1,6,1246,1,8,-1,1
"159330","20154100C0780",1,19,0,1,0,0,0,0,0,0,2,1,6,1,7,2198,2,2,-1,-1
"159331","20154100C0780",2,9,0,2,0,0,0,0,0,0,1,1,6,2,7,-1,-1,-1,-1,1
"159332","20154100C0784",1,9,0,3,0,0,0,0,0,0,4,1,6,1,7,1781,1,19,-1,1
"159333","20154100C0784",2,1,0,15,0,0,1,8,0,0,1,1,6,1,6,-1,-1,-1,-1,1
"159334","20154100C0784",3,9,0,2,0,0,0,0,0,0,3,1,6,3,-1,-1,-1,-1,-1,-1
"159341","20154100C0791",1,9,0,18,0,1,0,0,0,0,1,1,6,1,6,1360,1,12,-1,1
"159342","20154100C0791",2,5,0,3,0,1,0,0,0,0,2,1,6,1,7,803,1,1,-1,1
"159349","20154100C0803",1,9,0,4,0,8,0,0,0,0,1,1,6,1,7,1796,1,11,-1,1
"159350","20154100C0803",2,9,0,8,0,6,0,0,0,0,4,1,2,1,7,1242,1,18,-1,1
"159352","20154100C0806",1,19,0,7,0,6,0,0,0,0,1,1,6,1,7,-1,-1,-1,-1,-1
"159353","20154100C0806",2,1,0,18,0,8,0,0,0,0,4,1,2,1,7,-1,-1,-1,-1,1
"159354","20154100C0810",1,9,0,18,0,1,0,0,3,10,1,1,6,1,6,2171,1,11,-1,1
"159355","20154100C0810",2,9,0,3,0,1,0,0,0,0,3,1,1,1,6,1910,2,7,-1,1
"159356","20154100C0813",1,9,0,18,0,0,0,0,0,0,1,1,1,1,9,-1,-1,-1,-1,1
"159359","20154100C0818",1,9,0,9,0,2,0,0,0,0,1,1,6,1,6,998,1,14,-1,1
"159360","20154100C0819",1,9,0,17,0,0,1,0,0,0,1,1,6,2,5,1242,1,13,-1,-1
"159361","20154100C0819",2,19,0,4,0,0,0,0,0,0,2,1,6,1,6,1598,2,-1,-1,1
"159362","20154100C0819",3,9,0,4,0,0,0,0,0,0,2,1,6,1,7,2148,2,11,-1,1
"159369","20154100C0829",1,19,0,4,0,0,0,0,0,0,1,1,1,1,7,2198,2,6,-1,1
"159370","20154100C0829",2,9,0,4,0,0,0,0,0,0,2,1,1,2,5,1388,1,6,-1,1
"159371","20154100C0829",3,9,0,18,0,0,0,0,0,0,1,1,1,2,8,1296,1,9,-1,1
"159372","20154100C0829",4,19,0,12,0,0,0,0,0,0,2,1,1,1,8,2402,2,6,-1,1
"159373","20154100C0829",5,9,0,4,0,0,0,0,0,0,2,1,1,1,6,1248,2,-1,-1,1
"159374","20154100C0838",1,9,0,18,0,0,0,0,0,0,1,1,6,2,5,1995,2,1,-1,1
"159380","20154100C0855",1,19,0,7,0,5,0,0,0,0,4,1,6,1,11,2494,2,14,-1,1
"159381","20154100C0855",2,1,0,18,0,8,0,0,0,0,3,1,6,1,7,-1,-1,-1,-1,1
"159382","20154100C0856",1,9,0,4,0,1,0,0,0,0,2,1,6,2,9,1360,1,12,-1,1
"159383","20154100C0856",2,9,0,5,0,1,0,0,0,0,1,1,6,1,6,1686,2,4,-1,1
"159384","20154100C0856",3,9,0,5,0,1,0,0,0,0,1,1,6,1,5,1198,1,10,-1,1
"159385","20154100C0862",1,9,0,18,0,4,0,0,0,0,1,1,6,1,7,3311,8,9,-1,1
"159386","20154100C0862",2,1,0,18,0,8,0,0,0,0,1,1,6,1,7,-1,-1,-1,-1,1
"159390","20154100C0865",1,4,0,18,0,8,0,0,0,0,3,1,6,1,7,-1,-1,-1,-1,1
"159391","20154100C0865",2,9,0,7,0,5,0,0,0,0,4,1,6,1,6,2496,1,10,-1,2
"159392","20154100C0873",1,9,0,12,0,0,0,0,0,0,0,1,6,3,-1,-1,-1,-1,-1,-1
"159393","20154100C0873",2,9,0,4,0,0,0,0,0,0,2,1,6,1,6,998,1,15,-1,1
"159394","20154100C0873",3,9,0,18,0,0,0,0,0,0,1,1,6,2,5,1968,2,5,-1,1
"159395","20154100C0873",4,9,0,4,0,0,0,0,0,0,2,1,6,1,6,-1,-1,-1,-1,1
"159396","20154100C0873",5,9,0,18,0,0,0,0,0,0,1,1,6,2,7,1598,1,11,-1,1
"159397","20154100C0874",1,8,0,18,0,1,0,0,0,0,3,1,6,1,7,1910,2,6,-1,1
"159398","20154100C0876",1,9,0,5,0,1,0,0,0,0,1,1,6,2,7,1796,1,7,-1,3
"159399","20154100C0876",2,9,0,5,0,1,0,0,0,0,2,1,6,1,6,1598,1,9,-1,1
"159400","20154100C0877",1,5,0,18,0,0,0,11,0,0,1,1,6,1,8,1165,1,12,-1,1
"159401","20154100C0879",1,9,0,1,0,0,0,0,0,0,2,1,6,3,-1,-1,-1,-1,-1,-1
"159404","20154100C0884",1,9,0,8,0,1,0,0,0,0,1,1,6,1,7,2997,1,8,-1,1
"159405","20154100C0884",2,9,0,8,0,1,0,0,0,0,2,1,6,2,7,1240,1,10,-1,1
"159406","20154100C0885",1,9,0,13,0,0,1,10,0,0,4,1,6,3,7,1753,2,12,-1,-1
"159407","20154100C0885",2,9,0,18,0,0,1,0,0,0,3,1,6,2,6,1995,2,6,-1,1
"159428","20154100C0907",1,9,0,9,0,6,0,0,0,0,3,1,6,3,-1,973,1,12,-1,1
"159429","20154100C0907",2,3,0,18,0,8,0,0,0,0,1,1,6,1,5,649,1,3,-1,1
"159433","20154100C0914",1,9,0,9,0,6,0,0,0,0,3,1,6,2,6,1560,2,10,-1,1
"159434","20154100C0914",2,2,0,18,0,8,1,0,0,0,1,1,2,1,9,124,1,1,-1,1
"159440","20154100C0917",1,9,0,9,0,5,0,0,0,0,3,1,6,1,8,1995,2,14,-1,1
"159441","20154100C0917",2,5,0,13,0,8,0,0,0,0,4,1,6,1,5,649,1,1,-1,1
"159444","20154100C0937",1,9,0,18,0,2,0,0,0,0,1,1,2,2,9,1329,1,1,-1,1
"159445","20154100C0948",1,9,0,18,0,1,0,0,1,4,1,1,6,2,10,1598,1,8,-1,1
"159447","20154100C0954",1,9,0,10,0,1,0,0,0,0,2,1,6,2,7,1390,1,5,-1,1
"159448","20154100C0954",2,9,0,18,0,1,0,0,0,0,1,1,6,1,7,1798,1,6,-1,1
"159449","20154100C0957",1,9,0,9,5,6,0,0,0,0,1,1,6,1,6,-1,-1,-1,-1,-1
"159450","20154100C0957",2,1,0,18,9,8,0,0,0,0,4,1,3,1,4,-1,-1,-1,-1,1
"159451","20154100C0980",1,9,0,18,0,4,0,0,0,0,1,1,6,3,-1,-1,-1,-1,-1,-1
"159452","20154100C0980",2,9,0,9,0,8,0,0,0,0,4,1,6,2,4,998,1,3,-1,1
"159453","20154100C0983",1,9,0,9,0,6,0,0,0,0,1,1,1,1,8,2685,2,11,-1,1
"159454","20154100C0983",2,9,0,18,0,8,0,0,0,0,4,1,6,2,7,1896,2,12,-1,1
"159456","20154100C0987",1,9,0,18,0,1,0,0,0,0,1,1,2,1,-1,1600,1,16,-1,-1
"159457","20154100C0987",2,9,0,4,0,1,0,0,0,0,2,1,2,2,5,1242,1,2,-1,1
"159459","20154100C0992",1,9,0,18,0,1,0,0,0,0,3,1,6,3,6,-1,-1,-1,-1,-1
"159460","20154100C0993",1,9,0,18,0,2,0,0,0,0,3,1,6,1,6,-1,-1,-1,-1,-1
"159461","20154100C0994",1,9,0,5,0,8,0,0,0,7,4,1,2,2,7,1299,1,12,-1,1
"159462","20154100C0994",2,19,0,18,0,8,0,0,0,0,1,1,2,1,6,2402,2,4,-1,1
"159465","20154100C1000",1,1,0,18,0,8,0,0,0,0,4,1,2,2,6,-1,-1,-1,-1,1
"159466","20154100C1000",2,9,0,9,0,6,0,0,0,0,1,1,6,2,8,1299,1,8,-1,1
"159467","20154100C1003",1,1,0,18,0,8,0,0,0,0,1,1,6,1,4,-1,-1,-1,-1,1
"159468","20154100C1003",2,9,0,7,0,8,0,0,0,0,4,1,6,1,8,1995,2,-1,-1,-1
"159469","20154100C1008",1,9,0,5,0,0,0,0,0,0,4,1,6,1,9,1951,2,9,-1,1
"159470","20154100C1008",2,19,0,2,0,0,0,0,0,0,1,1,6,1,8,2402,2,15,-1,1
"159471","20154100C1008",3,1,0,5,0,0,0,4,0,0,1,1,6,1,2,-1,-1,-1,-1,1
"159472","20154100C1010",1,4,0,9,0,5,1,4,0,0,1,1,6,1,7,487,1,11,-1,1
"159473","20154100C1010",2,9,0,2,0,2,0,0,0,0,2,1,6,3,7,-1,-1,-1,-1,-1
"159474","20154100C1015",1,9,0,18,9,0,0,10,1,0,1,1,6,1,4,1368,1,8,-1,3
"159475","20154100C1018",1,9,0,18,0,1,0,0,0,0,3,1,6,2,5,998,1,16,-1,1
"159476","20154100C1018",2,9,0,12,0,1,0,0,0,0,4,1,6,1,7,1596,1,3,-1,1
"159479","20154100C1034",1,9,0,9,0,5,0,0,0,0,4,1,6,1,6,1600,1,11,-1,3
"159480","20154100C1034",2,1,0,18,0,8,0,0,0,0,1,1,2,1,8,-1,-1,-1,-1,1
"159481","20154100C1040",1,9,0,18,0,5,0,4,0,0,1,1,2,1,5,1197,1,4,-1,1
"159482","20154100C1040",2,9,0,2,0,2,0,0,0,0,3,1,6,1,9,1598,1,2,-1,1
"159483","20154100C1042",1,9,0,4,0,2,0,0,0,0,2,1,6,1,6,-1,-1,-1,-1,1
"159484","20154100C1042",2,9,0,18,0,2,0,0,0,0,1,1,6,1,6,1598,2,-1,-1,1
"159485","20154100C1043",1,8,0,18,0,3,0,0,0,0,1,1,1,1,9,1796,7,1,-1,1
"159486","20154100C1043",2,20,0,18,0,3,0,0,0,0,4,1,1,1,5,-1,-1,-1,-1,-1
"159487","20154100C1046",1,11,0,18,0,0,0,0,0,0,3,1,1,2,7,9200,2,9,-1,1
"159488","20154100C1046",2,9,0,18,0,0,0,0,0,0,4,1,6,1,7,2000,2,9,-1,3
"159489","20154100C1050",1,9,0,5,0,6,0,0,0,0,3,1,6,1,11,-1,-1,-1,-1,1
"159490","20154100C1050",2,1,0,18,0,8,0,0,0,0,1,1,6,1,4,-1,-1,-1,-1,1
"159491","20154100C1057",1,9,0,18,0,8,0,0,0,0,1,1,6,1,6,1968,2,6,-1,1
"159492","20154100C1057",2,1,0,18,0,8,0,0,0,0,1,1,6,2,3,-1,-1,-1,-1,1
"159493","20154100C1058",1,1,0,14,0,0,0,0,0,0,1,1,2,2,5,-1,-1,-1,-1,1
"159494","20154100C1058",2,19,0,2,0,0,0,0,0,0,0,1,1,1,9,-1,-1,-1,-1,-1
"159495","20154100C1062",1,9,0,18,0,8,0,0,1,7,1,1,2,1,4,1461,2,3,-1,1
"159496","20154100C1062",2,9,0,9,0,5,0,0,0,0,4,1,6,1,11,1598,1,10,-1,1
"159497","20154100C1064",1,9,0,11,0,0,0,0,0,0,1,1,6,1,7,2993,2,7,-1,2
"159498","20154100C1064",2,9,0,3,0,0,0,0,0,0,2,1,6,1,8,1796,1,12,-1,1
"159499","20154100C1064",3,9,0,3,0,0,0,0,0,0,0,1,6,1,8,1497,8,6,-1,1
"159500","20154100C1068",1,8,0,5,0,1,0,0,0,0,1,1,1,1,7,1598,2,1,-1,1
"159503","20154100C1070",1,9,0,5,0,4,0,0,0,0,1,1,1,1,4,1999,2,-1,-1,2
"159504","20154100C1070",2,3,0,18,0,8,1,0,0,0,4,1,1,2,6,-1,-1,-1,-1,1
"159505","20154100C1071",1,9,0,18,0,8,0,0,0,0,4,1,6,1,5,1598,1,4,-1,3
"159506","20154100C1071",2,9,0,7,0,6,0,0,1,7,1,1,6,2,5,1198,1,5,-1,1
"159510","20154100C1079",1,8,0,18,0,0,0,0,2,7,1,1,2,1,6,1997,2,4,-1,1
"159525","20154100C1095",1,9,0,7,0,6,0,0,0,0,1,1,1,1,5,-1,-1,-1,-1,1
"159526","20154100C1095",2,1,0,18,0,1,0,0,0,0,4,1,6,2,7,-1,-1,-1,-1,1
"159527","20154100C1096",1,19,0,7,0,5,0,0,0,0,4,1,1,1,6,2198,2,5,-1,1
"159528","20154100C1097",1,19,0,18,0,8,0,0,0,0,4,1,6,1,7,2402,2,12,-1,1
"159529","20154100C1097",2,9,0,18,0,6,0,0,0,0,1,1,6,2,6,1591,1,7,-1,1
"159532","20154100C1101",1,1,0,18,0,8,0,0,1,0,3,1,2,1,6,-1,-1,-1,-1,1
"159533","20154100C1101",2,9,0,7,0,6,0,0,0,0,1,1,6,3,-1,-1,-1,-1,-1,-1
"159543","20154100C1105",1,9,0,7,0,6,0,0,0,0,1,1,6,1,4,996,1,4,-1,1
"159544","20154100C1105",2,19,0,18,0,8,0,0,0,0,4,1,2,1,7,1598,2,4,-1,1
"159546","20154100C1124",1,9,0,7,0,6,0,0,0,0,1,1,2,1,8,1590,1,14,-1,1
"159550","20154100C1128",1,9,0,5,0,1,0,0,0,0,4,1,6,1,11,1229,1,10,-1,1
"159554","20154100C1131",1,9,0,18,0,8,0,0,0,0,1,1,6,1,5,1197,1,4,-1,1
"159555","20154100C1131",2,11,0,3,0,8,0,0,0,0,2,1,1,1,6,-1,2,18,-1,1
"159561","20154100C1137",1,9,0,7,0,5,0,0,0,0,1,1,6,1,8,2184,2,9,-1,1
"159562","20154100C1141",1,9,0,5,0,0,0,0,0,0,3,1,6,2,7,1229,1,11,-1,1
"159563","20154100C1141",2,9,0,18,0,0,0,0,0,0,3,1,6,1,5,1995,2,11,-1,1
"159575","20154100C1163",1,5,0,18,0,0,1,0,0,0,3,1,6,1,5,618,1,9,-1,1
"159576","20154100C1164",1,19,0,5,0,1,0,0,0,0,1,1,1,2,8,-1,-1,-1,-1,1
"159577","20154100C1164",2,9,0,3,0,1,0,0,0,0,2,1,2,2,8,-1,-1,-1,-1,1
"159578","20154100C1165",1,8,0,4,0,0,0,0,0,0,1,1,2,1,9,1796,1,6,-1,1
"159579","20154100C1166",1,9,0,9,0,3,0,0,0,0,1,1,6,1,8,1896,2,13,-1,1
"159582","20154100C1184",1,9,0,18,0,8,0,0,0,0,1,1,6,1,7,1700,2,16,-1,1
"159583","20154100C1184",2,8,0,18,0,8,0,0,0,0,4,1,6,1,7,1686,2,2,-1,1
"159584","20154100C1187",1,9,0,7,0,5,0,0,0,0,1,1,6,2,5,1242,1,-1,-1,1
"159587","20154100C1193",1,9,0,18,0,8,0,0,0,0,1,1,6,2,7,2996,1,9,-1,2
"159588","20154100C1199",1,5,0,18,0,2,0,0,0,0,0,1,6,1,4,600,1,16,-1,1
"159597","20154100C1219",1,9,0,5,0,6,0,0,0,0,1,1,6,1,7,1995,2,-1,-1,1
"159598","20154100C1220",1,9,0,5,0,6,0,0,1,0,3,1,6,2,4,999,1,11,-1,1
"159599","20154100C1220",2,11,0,18,0,8,0,0,0,0,4,1,1,1,8,6871,2,8,-1,1
"159606","20154100C1226",1,20,0,18,0,0,0,0,0,0,4,1,6,3,-1,-1,-1,-1,-1,-1
"159607","20154100C1227",1,9,0,18,0,8,0,0,0,0,1,1,6,1,4,1422,2,13,-1,1
"159608","20154100C1227",2,9,0,9,0,5,0,0,0,0,4,1,6,2,6,1998,1,13,-1,1
"159609","20154100C1231",1,97,0,14,0,8,0,0,0,0,1,1,6,1,5,471,1,-1,-1,1
"159610","20154100C1231",2,1,0,5,0,8,0,0,0,0,2,1,6,1,3,-1,-1,-1,-1,1
"159614","20154100C1235",1,9,0,9,0,5,0,0,0,0,1,1,6,1,7,1997,2,3,-1,1
"159615","20154100C1355",1,9,0,11,0,0,0,0,0,0,2,1,6,1,-1,-1,-1,-1,-1,-1
"159616","20154100C1355",2,11,0,18,0,0,1,0,0,0,1,1,1,1,9,-1,-1,-1,-1,-1
"161443","20154100J0168",1,9,0,7,0,5,0,0,0,0,1,1,6,3,-1,1995,2,12,-1,1
"161444","20154100J0169",1,9,0,3,0,1,0,0,0,0,2,1,6,1,9,-1,-1,-1,-1,1
"161445","20154100J0169",2,9,0,18,0,1,0,0,0,0,1,1,6,3,-1,2979,1,1,-1,-1
"161690","20154100J0533",1,9,0,18,0,1,0,0,0,0,1,1,6,1,4,1398,1,4,-1,1
"161733","20154100J0604",1,9,0,9,0,8,0,0,1,2,1,1,2,2,6,1560,2,2,-1,1
"161757","20154100J0640",1,9,0,18,0,2,0,0,0,0,1,1,6,1,8,1242,1,4,-1,1
"161790","20154100J0706",1,1,0,18,0,8,0,0,0,0,4,1,6,1,4,-1,-1,-1,-1,1
"161791","20154100J0706",2,9,0,18,0,4,0,0,0,0,1,1,6,1,6,1242,1,-1,-1,1
"162298","20154100T1075",1,9,0,18,0,0,0,0,0,0,1,1,6,2,8,998,1,13,-1,3
"162299","20154100T1075",2,9,0,4,0,0,0,0,0,0,2,1,2,2,8,1995,2,8,-1,1
"162300","20154100T1075",3,9,0,4,0,0,0,0,0,0,2,1,6,1,7,1998,1,13,-1,1
"187862","2015450020865",1,1,0,18,0,8,0,0,0,0,3,1,2,1,6,-1,-1,-1,-1,1
"187863","2015450020865",2,9,0,11,0,3,0,0,0,0,4,1,2,1,8,1390,1,13,-1,1
"187881","2015450020916",1,9,0,18,0,1,0,0,0,0,1,1,6,1,8,-1,-1,-1,-1,1
"187882","2015450020916",2,9,0,9,0,6,0,0,0,0,1,1,2,1,7,1388,1,13,-1,1
"187906","2015450020966",1,9,0,1,0,0,0,0,1,10,1,1,6,1,11,1587,1,12,-1,1
"187907","2015450020966",2,9,0,2,0,0,0,0,0,0,2,1,6,2,-1,1598,1,13,-1,1
"187908","2015450020966",3,9,0,2,0,0,0,0,0,0,1,1,6,1,-1,1560,2,2,-1,1
"187945","2015450021186",1,9,0,9,0,2,0,0,0,0,1,1,6,1,11,1389,1,11,-1,1
"187946","2015450021186",2,5,0,4,0,1,0,0,0,0,1,1,6,1,8,1170,1,1,-1,1
"187988","2015450021284",1,9,0,5,0,1,0,0,0,0,3,1,6,2,9,1560,2,1,-1,1
"187989","2015450021284",2,1,0,18,0,1,0,0,0,0,4,1,6,1,6,-1,-1,-1,-1,1
"188003","2015450021351",1,9,0,9,0,1,0,0,0,0,1,1,6,1,7,1999,1,10,-1,1
"188019","2015450021389",1,9,0,5,0,4,0,0,0,0,3,1,2,2,6,1598,1,11,-1,1
"188020","2015450021389",2,1,0,18,0,8,5,0,0,0,3,1,6,1,6,-1,-1,-1,-1,1
"188043","2015450021404",1,9,0,7,0,0,5,0,0,0,1,1,6,2,4,-1,-1,-1,-1,1
"188053","2015450021433",1,9,0,18,0,0,0,0,0,0,1,1,6,2,6,1596,1,10,-1,1
"188054","2015450021433",2,9,0,1,0,0,0,0,0,0,2,1,6,1,8,-1,-1,-1,-1,1
"188088","2015450021514",1,9,0,18,0,1,0,0,0,0,1,1,6,2,10,-1,-1,-1,-1,1
"1880911","2015450021516",1,9,0,3,0,0,0,0,0,0,1,1,6,2,4,998,1,2,-1,1
"188092","2015450021516",2,9,0,1,0,0,0,0,0,0,2,1,6,3,-1,-1,-1,-1,-1,-1
"188133","2015450021577",1,1,0,18,0,1,0,0,0,0,1,1,6,1,7,-1,-1,-1,-1,1
"188134","2015450021577",2,9,0,9,0,1,0,0,0,0,1,1,6,1,8,-1,-1,-1,-1,1
"188183","2015450021660",1,9,0,18,0,1,0,0,7,0,0,1,6,2,4,-1,-1,-1,-1,1
"188189","2015450021690",1,9,0,18,0,0,0,0,0,0,1,1,6,1,11,-1,-1,-1,-1,1
"188190","2015450021690",2,9,0,2,0,0,0,0,0,0,1,1,6,3,7,1995,1,9,-1,1
"188191","2015450021690",3,9,0,2,0,0,0,0,0,0,1,1,6,3,7,1984,1,8,-1,1
"188216","2015450021723",1,9,0,9,0,4,0,0,0,0,1,1,6,1,9,1997,2,11,-1,1
"188217","2015450021723",2,19,0,9,0,8,0,0,0,0,1,1,1,1,8,1995,2,8,-1,1
"188218","2015450021723",3,9,0,18,0,8,0,0,0,0,1,1,6,2,5,1796,1,8,-1,1
"188247","2015450021756",1,9,0,18,0,4,1,0,0,0,1,1,2,1,5,2793,1,15,-1,1
"188248","2015450021756",2,9,0,18,0,4,0,0,0,0,2,1,2,1,8,2295,1,15,-1,1
"188251","2015450021758",1,9,0,18,0,1,1,0,1,2,1,1,6,1,5,1595,1,11,-1,1
"188314","2015450021855",1,9,0,9,0,2,0,0,0,0,1,1,6,1,8,-1,-1,-1,-1,1
"188315","2015450021855",2,1,0,18,0,1,0,0,0,0,4,1,2,1,4,-1,-1,-1,-1,1
"188367","2015450021921",1,9,0,9,0,6,0,0,0,0,1,1,1,1,9,1598,1,1,-1,1
"188368","2015450021921",2,3,0,18,0,1,5,0,0,0,3,1,2,1,7,125,1,2,-1,1
"188392","2015450021947",1,9,0,18,0,0,0,0,0,0,3,1,6,2,11,1386,1,10,-1,1
"188393","2015450021947",2,3,0,18,0,0,2,0,0,0,1,1,6,3,-1,-1,-1,-1,-1,-1
"188468","2015450022051",1,1,0,4,0,1,1,0,0,0,1,1,4,1,4,-1,-1,-1,-1,1
"188537","2015450022150",1,3,0,18,0,3,0,0,0,0,4,1,2,1,6,125,1,4,-1,1
"188538","2015450022150",2,9,0,9,0,4,0,0,0,0,1,1,6,1,-1,1339,1,5,-1,1
"188541","2015450022160",1,1,0,18,0,8,0,0,0,0,4,1,2,1,7,-1,-1,-1,-1,1
"188542","2015450022160",2,9,0,18,0,4,0,0,0,0,1,1,6,1,11,1598,2,2,-1,1
"188657","2015450022285",1,9,0,1,0,0,0,0,0,0,3,1,1,1,5,1461,2,4,-1,1
"188688","2015450022340",1,3,0,13,0,1,0,0,0,0,0,1,1,1,5,125,1,2,-1,1
"188689","2015450022340",2,1,0,18,0,1,0,0,0,0,3,1,1,1,8,-1,-1,-1,-1,1
"188724","2015450022400",1,9,0,18,0,0,0,0,0,0,4,1,6,1,10,1968,2,5,-1,1
"188725","2015450022400",2,1,0,18,0,0,0,0,0,0,3,1,6,1,9,-1,-1,-1,-1,1
"188726","2015450022400",3,9,0,2,0,0,0,0,0,0,0,1,6,3,-1,1560,2,5,-1,-1
"188761","2015450022420",1,9,0,7,0,4,0,0,0,0,0,1,6,2,5,1299,1,15,-1,1
"188762","2015450022420",2,1,0,18,0,8,0,0,0,0,0,1,6,2,8,-1,-1,-1,-1,1
"188776","2015450022443",1,9,0,18,0,1,0,4,2,0,1,1,1,2,6,1995,2,8,-1,1
"188777","2015450022443",2,9,0,2,0,1,0,0,0,0,1,1,6,1,6,1388,1,10,-1,1
"188813","2015450022482",1,3,0,17,0,2,1,0,0,0,3,1,6,2,4,124,1,7,-1,1
"1888851","2015450022558",1,9,0,16,0,1,0,0,7,0,1,1,6,1,4,998,1,2,-1,1
"189034","2015450022777",1,9,0,18,0,4,0,0,0,0,1,1,1,1,8,-1,-1,-1,-1,1
"189035","2015450022777",2,9,0,18,0,3,0,0,0,0,1,1,6,1,6,1796,1,1,-1,1
"1890631","2015450022805",1,9,0,18,0,0,0,0,0,0,0,1,6,2,7,4395,1,1,-1,1
"189097","2015450022849",1,9,0,18,0,0,0,0,0,0,1,1,6,2,7,2295,1,14,-1,1
"189098","2015450022849",2,9,0,4,0,0,0,0,0,0,2,1,1,1,9,1968,2,7,-1,1
"189099","2015450022849",3,9,0,10,0,0,0,0,0,0,2,1,6,2,8,1360,1,9,-1,1
"189113","2015450022873",1,9,0,18,0,1,0,0,0,0,1,1,6,2,7,1598,1,6,-1,1
"189114","2015450022873",2,20,0,1,0,1,0,0,0,0,2,1,1,1,5,2198,2,3,-1,1
"189170","2015450022952",1,1,0,7,0,5,0,0,0,0,1,1,2,1,5,-1,-1,-1,-1,1
"189171","2015450022952",2,9,0,4,0,1,0,0,0,0,1,1,2,1,9,1998,1,7,-1,1
"189189","2015450022982",1,9,0,3,0,0,0,0,0,0,1,1,1,1,9,1560,2,3,-1,1
"189190","2015450022982",2,9,0,1,0,0,0,0,0,0,2,1,6,1,8,2204,2,8,-1,1
"189194","2015450022987",1,9,0,18,0,0,0,0,0,0,4,1,6,2,10,2496,1,10,-1,1
"189211","2015450023001",1,9,0,3,0,1,0,0,0,0,2,1,6,1,5,1796,1,13,-1,1
"189212","2015450023001",2,9,0,18,0,1,0,4,0,0,1,1,6,1,6,1348,1,14,-1,1
"189480","2015450023359",1,1,0,18,0,0,0,0,0,0,3,1,6,1,4,-1,-1,-1,-1,1
"189481","2015450023359",2,9,0,18,0,0,0,0,0,0,4,1,6,3,-1,-1,-1,-1,-1,-1
"189497","2015450023387",1,9,0,4,0,1,0,0,0,0,2,1,6,1,10,1997,2,2,-1,1
"189498","2015450023387",2,9,0,18,0,1,0,0,0,0,1,1,6,1,11,1198,1,4,-1,1
"189551","2015450023436",1,1,0,18,0,1,0,0,0,0,3,1,6,1,8,-1,-1,-1,-1,1
"189552","2015450023436",2,9,0,13,0,1,0,0,0,0,4,1,6,2,8,1598,1,-1,-1,1
"189584","2015450023478",1,9,0,18,0,0,0,0,1,2,2,1,1,1,7,4308,1,9,-1,1
"189610","2015450023504",1,9,0,18,0,0,0,0,0,0,1,1,2,1,7,2979,1,14,-1,1
"189611","2015450023504",2,19,0,3,0,0,0,0,0,0,2,1,1,1,6,2198,2,1,-1,3
"189710","2015450023640",1,9,0,4,0,0,0,0,0,0,2,1,6,2,8,3498,1,8,-1,1