"","Acc_Index","Vehicle_Reference","Vehicle_Type","Towing_and_Articulation","Vehicle_Manoeuvre","Vehicle_Location.Restricted_Lane","Junction_Location","Skidding_and_Overturning","Hit_Object_in_Carriageway","Vehicle_Leaving_Carriageway","Hit_Object_off_Carriageway","X1st_Point_of_Impact","Was_Vehicle_Left_Hand_Drive","Journey_Purpose_of_Driver","Sex_of_Driver","Age_Band_of_Driver","Engine_Capacity_.CC.","Propulsion_Code","Age_of_Vehicle","Driver_IMD_Decile","Driver_Home_Area_Type"
"189711","2015450023640",2,9,0,18,0,0,0,0,0,0,1,1,6,2,4,1242,1,11,-1,1
"189731","2015450023661",1,2,0,9,0,1,0,10,0,0,3,1,6,1,4,49,1,2,-1,1
"189732","2015450023661",2,9,0,9,0,1,0,0,0,0,0,1,6,3,-1,-1,-1,-1,-1,-1
"189819","2015450023807",1,9,0,9,0,0,0,0,0,0,4,1,1,1,5,-1,-1,-1,-1,1
"189820","2015450023807",2,9,0,18,0,0,1,0,0,0,1,1,6,2,-1,1769,1,12,-1,1
"189833","2015450023821",1,9,0,5,0,1,0,0,0,0,1,1,2,1,8,1560,2,1,-1,1
"189834","2015450023821",2,9,0,18,0,1,0,0,0,0,1,1,6,2,10,988,1,26,-1,1
"189875","2015450023876",1,9,0,9,0,6,0,0,0,0,1,1,6,1,6,1461,2,2,-1,1
"189876","2015450023876",2,5,0,18,0,8,0,0,0,0,4,1,6,1,8,798,1,4,-1,1
"189930","2015450023970",1,1,0,18,0,0,0,0,0,0,3,1,1,1,-1,-1,-1,-1,-1,1
"189931","2015450023970",2,11,0,18,0,0,0,0,0,0,4,1,6,1,9,9360,2,4,-1,1
"189940","2015450023984",1,9,0,18,0,1,0,0,0,0,3,1,6,2,9,1299,1,11,-1,1
"189941","2015450023984",2,9,0,2,0,1,0,0,0,0,3,1,6,2,-1,-1,-1,-1,-1,1
"189942","2015450023987",1,9,0,18,0,0,0,0,0,0,0,1,6,2,10,1339,1,6,-1,1
"189944","2015450023990",1,9,0,18,0,0,0,0,0,0,0,1,6,2,8,1329,1,2,-1,1
"189945","2015450023990",2,9,0,18,0,0,0,0,0,0,0,1,6,2,8,1896,2,13,-1,1
"189963","2015450024010",1,9,0,18,0,1,0,0,0,0,0,1,6,2,7,1968,2,7,-1,1
"190088","2015450024268",1,2,0,4,0,0,0,0,0,0,1,1,6,1,8,50,1,1,-1,1
"190089","2015450024268",2,19,0,1,0,0,0,0,0,0,2,1,6,1,-1,2198,2,3,-1,1
"190190","2015450024523",1,9,0,18,0,0,0,0,0,0,0,1,6,3,-1,-1,-1,-1,-1,-1
"190191","2015450024523",2,1,0,18,0,0,5,0,0,0,0,1,6,1,5,-1,-1,-1,-1,1
"190211","2015450024575",1,9,0,3,0,4,0,0,0,0,1,1,1,2,6,1598,1,5,-1,1
"190212","2015450024575",2,9,0,3,0,4,0,0,0,0,2,1,1,2,7,1582,2,7,-1,1
"190263","2015450024670",1,9,0,18,0,0,0,0,0,0,4,1,6,1,10,2290,1,12,-1,1
"190271","2015450024715",1,19,0,3,0,0,0,0,0,0,2,1,1,1,7,1560,2,4,-1,1
"190272","2015450024715",2,9,0,4,0,0,0,0,0,0,2,1,2,2,6,1389,1,17,-1,1
"190273","2015450024715",3,9,0,18,0,0,0,0,0,0,1,1,6,2,9,1596,1,12,-1,1
"190310","2015450024802",1,9,0,5,0,1,0,0,0,0,1,1,2,1,8,1598,1,5,-1,1
"190311","2015450024802",2,9,0,18,0,1,0,0,5,0,1,1,6,1,7,1497,1,18,-1,1
"190401","2015450024959",1,9,0,7,0,6,0,7,1,10,1,1,3,1,4,1998,2,10,-1,1
"190415","2015450024979",1,9,0,4,0,0,0,0,0,0,2,1,2,2,7,1493,1,19,-1,1
"190416","2015450024979",2,9,0,18,0,0,0,0,0,0,1,1,6,1,9,1339,1,13,-1,1
"190417","2015450024982",1,9,0,18,0,1,0,0,0,0,1,1,6,3,-1,-1,-1,-1,-1,-1
"190418","2015450024988",1,9,0,3,0,4,0,0,0,0,2,1,6,1,10,1598,1,2,-1,3
"190419","2015450024988",2,8,0,18,0,1,0,0,0,0,1,1,1,1,8,2402,2,10,-1,1
"190470","2015450025068",1,4,0,18,0,0,0,0,0,0,1,1,2,1,6,599,1,14,-1,1
"190471","2015450025068",2,9,0,2,0,0,0,0,0,0,2,1,6,3,-1,1598,1,3,-1,-1
"190474","2015450025074",1,19,0,13,0,8,0,0,0,0,4,1,6,3,-1,2143,2,3,-1,1
"190475","2015450025074",2,1,0,18,0,8,0,0,0,0,3,1,6,1,8,-1,-1,-1,-1,1
"190516","2015450025132",1,9,0,4,0,0,0,0,0,0,2,1,6,1,8,2402,2,4,-1,1
"190517","2015450025132",2,3,0,4,0,0,1,0,0,0,1,1,2,1,4,125,1,3,-1,1
"190566","2015450025206",1,9,0,7,0,8,0,0,0,0,1,1,1,1,6,1797,8,5,-1,1
"190567","2015450025206",2,9,0,18,0,2,0,0,0,0,4,1,1,1,7,1910,2,6,-1,1
"190579","2015450025271",1,9,0,3,0,0,0,0,0,0,1,1,6,3,8,2970,1,13,-1,1
"190580","2015450025271",2,9,0,4,0,0,0,0,0,0,2,1,6,1,11,1339,1,8,-1,1
"190581","2015450025271",3,9,0,18,0,0,0,0,0,0,2,1,6,1,6,1998,1,13,-1,1
"190590","2015450025286",1,9,0,5,0,6,0,0,0,0,1,1,6,3,-1,-1,-1,-1,-1,-1
"190670","2015450025405",1,9,0,18,0,0,0,0,0,0,1,1,6,1,4,1242,1,14,-1,1
"190754","2015450025556",1,9,0,18,0,8,0,0,0,0,2,1,1,1,9,1388,1,6,-1,1
"190755","2015450025556",2,9,0,18,0,8,0,0,0,0,1,1,6,2,11,1998,2,12,-1,1
"190767","2015450025598",1,9,0,8,0,0,0,0,0,0,2,1,6,2,9,1598,1,10,-1,1
"190768","2015450025598",2,9,0,18,0,0,0,0,0,0,1,1,6,3,-1,-1,-1,-1,-1,-1
"190775","2015450025609",1,9,0,18,0,1,0,0,0,0,1,1,2,1,10,1560,2,9,-1,1
"190798","2015450025646",1,1,0,18,0,0,0,0,0,0,1,1,6,1,7,-1,-1,-1,-1,1
"190900","2015450025902",1,9,0,18,0,8,0,0,0,0,3,1,1,2,4,1242,1,6,-1,1
"190901","2015450025902",2,5,0,8,0,8,1,0,0,0,4,1,6,1,7,749,1,12,-1,1
"190909","2015450025913",1,9,0,18,0,0,0,0,0,0,1,1,1,1,11,-1,3,-1,-1,1
"190910","2015450025913",2,1,0,18,0,0,0,0,0,0,2,1,6,1,6,-1,-1,-1,-1,3
"190930","2015450025946",1,9,0,18,0,1,0,0,0,0,1,1,6,2,8,2148,2,10,-1,1
"190931","2015450025946",2,9,0,18,0,5,0,0,0,0,1,1,6,1,7,-1,-1,-1,-1,-1
"190935","2015450025964",1,9,0,9,0,8,0,0,0,0,1,1,6,1,9,1364,1,11,-1,1
"190936","2015450025964",2,19,0,18,0,8,0,0,0,0,1,1,1,1,6,-1,-1,-1,-1,1
"190942","2015450025999",1,9,0,18,0,0,0,0,0,0,0,1,6,1,-1,1242,1,1,-1,1
"190943","2015450025999",2,9,0,18,0,0,0,0,0,0,0,1,1,1,6,-1,-1,-1,-1,1
"190954","2015450026046",1,3,0,13,0,1,0,0,0,0,3,1,2,1,6,125,1,7,-1,1
"190955","2015450026046",2,9,0,7,0,5,0,0,0,0,1,1,2,2,7,1497,1,11,-1,1
"190959","2015450026086",1,9,0,4,0,1,0,0,0,0,1,1,6,2,5,1242,1,4,-1,1
"191029","2015450026183",1,9,0,18,0,0,0,0,0,0,0,1,1,2,7,1149,1,5,-1,1
"191030","2015450026183",2,9,0,3,0,0,0,0,0,0,2,1,6,2,6,1796,1,7,-1,1
"191031","2015450026183",3,9,0,4,0,0,0,0,0,0,1,1,6,1,7,2777,2,7,-1,1
"191034","2015450026195",1,3,0,18,0,1,5,0,0,0,1,1,6,1,5,125,1,1,-1,1
"191035","2015450026195",2,9,0,18,0,1,0,0,0,0,1,1,6,1,-1,-1,-1,-1,-1,-1
"191100","2015450026350",1,1,0,17,0,8,0,0,0,0,2,1,2,1,7,-1,-1,-1,-1,1
"191101","2015450026350",2,9,0,5,0,4,0,0,0,0,1,1,2,2,7,1796,1,7,-1,1
"191150","2015450026445",1,9,0,9,0,1,0,0,0,0,3,1,2,2,8,1388,1,5,-1,1
"191151","2015450026445",2,9,0,18,0,1,0,0,0,0,3,1,1,2,8,998,1,1,-1,1
"191183","2015450026528",1,1,0,3,0,1,0,0,0,0,1,1,6,1,4,-1,-1,-1,-1,1
"191184","2015450026528",2,9,0,3,0,1,0,0,0,0,2,1,6,1,-1,-1,-1,-1,-1,-1
"191191","2015450026556",1,9,0,18,0,0,0,0,0,0,4,1,6,3,-1,-1,-1,-1,-1,-1
"191261","2015450026724",1,1,0,18,0,1,5,0,0,0,1,1,6,1,7,-1,-1,-1,-1,1
"191262","2015450026724",2,9,0,18,0,1,5,0,0,0,1,1,6,2,5,1229,1,5,-1,1
"191278","2015450026759",1,2,0,18,0,1,0,0,0,0,1,1,6,1,4,-1,-1,-1,-1,1
"191279","2015450026759",2,9,0,10,0,5,0,0,0,0,2,1,6,1,4,2498,2,15,-1,1
"191299","2015450026786",1,9,0,18,0,0,0,0,1,4,1,1,6,2,10,1299,1,10,-1,3
"191329","2015450026848",1,9,0,9,0,5,0,0,0,0,4,1,1,1,8,-1,-1,-1,-1,1
"191330","2015450026848",2,5,0,18,0,1,0,0,0,0,1,1,6,1,5,749,1,7,-1,1
"191347","2015450026885",1,3,0,18,0,0,2,0,0,0,4,1,1,1,7,125,1,2,-1,1
"191365","2015450026915",1,9,0,18,0,0,0,0,0,0,3,1,6,2,7,2143,2,2,-1,1
"191366","2015450026925",1,9,0,18,0,3,0,0,0,0,1,1,6,1,7,1560,2,5,-1,1
"191367","2015450026925",2,9,0,18,0,3,0,0,0,0,2,1,2,2,7,1242,1,6,-1,1
"191391","2015450026996",1,9,0,9,0,5,0,0,0,0,4,1,6,2,7,1341,1,12,-1,1
"191392","2015450026996",2,9,0,18,0,1,0,0,0,0,1,1,6,2,10,1461,2,5,-1,1
"191394","2015450027006",1,9,0,18,0,0,0,0,0,0,1,1,6,1,4,1595,1,10,-1,1
"191395","2015450027006",2,9,0,2,0,0,0,0,0,0,2,1,6,1,-1,1596,1,9,-1,1
"191396","2015450027006",3,9,0,2,0,0,0,0,0,0,2,1,6,1,-1,1124,1,14,-1,1
"191442","2015450027138",1,9,0,10,0,5,0,0,0,0,2,1,2,1,9,1560,2,3,-1,1
"191443","2015450027138",2,19,0,4,0,1,0,0,0,0,1,1,2,1,4,2198,2,-1,-1,1
"191476","2015450027209",1,9,0,9,0,5,0,0,0,0,0,1,6,2,6,1360,1,5,-1,1
"191477","2015450027209",2,4,0,18,0,1,0,0,0,0,1,1,2,1,6,249,1,14,-1,1
"191500","2015450027251",1,9,0,18,0,0,0,0,0,0,1,1,2,1,4,1198,1,4,-1,3
"191501","2015450027251",2,9,0,18,0,0,0,0,0,0,2,1,2,1,7,2979,1,11,-1,1
"191514","2015450027283",1,9,0,18,0,0,0,0,0,0,1,1,2,2,4,1198,1,5,-1,1
"191515","2015450027283",2,3,0,11,0,0,0,0,0,0,1,1,1,1,5,125,1,9,-1,1
"191518","2015450027285",1,9,0,18,0,1,0,0,1,11,1,1,6,2,10,1248,1,5,-1,1
"191525","2015450027289",1,1,0,18,5,0,0,0,0,0,0,1,6,1,10,-1,-1,-1,-1,1
"191530","2015450027303",1,9,0,18,0,0,1,0,7,2,1,1,6,1,11,1598,1,12,-1,1
"191578","2015450027394",1,1,0,18,0,0,0,0,0,0,1,1,6,1,6,-1,-1,-1,-1,1
"191579","2015450027394",2,9,0,18,0,0,0,0,0,0,1,1,6,2,6,1598,1,8,-1,1
"191585","2015450027404",1,9,0,9,0,2,0,0,0,0,1,1,6,2,10,1299,1,10,-1,1
"191600","2015450027417",1,9,0,5,0,4,0,0,0,0,1,1,1,1,6,1910,2,9,-1,1
"191601","2015450027417",2,1,0,18,0,8,2,0,0,0,4,1,2,1,8,-1,-1,-1,-1,1
"191687","2015450027558",1,1,0,18,0,0,2,0,0,0,1,1,6,2,8,-1,-1,-1,-1,1
"191738","2015450027667",1,9,0,3,0,1,0,0,1,0,2,1,6,1,8,1598,1,14,-1,1
"191739","2015450027667",2,9,0,18,0,1,0,0,0,0,1,1,6,2,7,1968,2,8,-1,1
"191778","2015450027731",1,9,0,18,0,6,0,0,0,0,1,1,6,1,6,1242,1,9,-1,1
"191779","2015450027731",2,1,0,18,0,1,0,0,0,0,4,1,6,1,-1,-1,-1,-1,-1,1
"191816","2015450027797",1,2,0,18,0,0,0,10,0,0,3,1,6,2,4,124,1,8,-1,1
"191877","2015450027935",1,9,0,9,0,6,0,0,0,0,1,1,1,1,6,1595,1,3,-1,1
"191878","2015450027935",2,3,0,18,0,1,1,0,0,0,1,1,1,1,8,124,1,13,-1,3
"191948","2015450028049",1,4,0,15,0,0,5,0,0,0,1,1,1,1,10,249,1,3,-1,1
"191983","2015450028101",1,9,0,3,0,0,0,0,0,0,2,1,6,2,6,1299,1,11,-1,1
"191984","2015450028101",2,9,0,4,0,0,0,0,0,0,1,1,6,1,-1,-1,-1,-1,-1,-1
"192175","2015450028372",1,3,0,18,0,0,0,10,0,0,1,1,2,1,7,124,1,5,-1,1
"192267","2015450028546",1,3,0,18,0,0,1,10,1,0,4,1,6,1,4,124,1,1,-1,1
"192310","2015450028620",1,2,0,18,0,0,0,0,1,2,1,1,6,1,4,49,1,3,-1,1
"192329","2015450028649",1,5,0,4,0,1,2,0,0,0,1,1,6,1,7,600,1,17,-1,1
"192330","2015450028649",2,9,0,3,0,1,0,0,0,0,2,1,6,2,5,1956,2,4,-1,1
"192369","2015450028705",1,1,0,18,0,0,5,0,0,0,2,1,2,1,8,-1,-1,-1,-1,1
"192370","2015450028705",2,9,0,13,0,0,0,0,0,0,1,1,6,3,-1,-1,-1,-1,-1,-1
"192398","2015450028748",1,9,0,18,0,0,0,0,0,0,2,1,6,2,6,1598,1,10,-1,1
"192399","2015450028748",2,19,0,18,0,0,0,0,0,0,1,1,6,1,-1,1686,2,12,-1,1
"192434","2015450028808",1,9,0,13,0,0,0,0,0,0,4,1,1,1,7,2969,2,8,-1,1
"192435","2015450028808",2,19,0,4,0,0,0,0,0,0,3,1,1,1,7,1995,2,4,-1,1
"192588","2015450028991",1,9,0,18,0,1,1,0,0,0,1,1,6,1,4,1242,1,6,-1,1
"192589","2015450028991",2,9,0,18,0,1,0,0,0,0,2,1,6,1,6,973,1,14,-1,1
"192599","2015450029010",1,1,0,3,0,0,0,0,0,0,1,1,6,1,7,-1,-1,-1,-1,1
"192600","2015450029010",2,9,0,1,0,0,0,0,0,0,2,1,6,1,8,1299,1,9,-1,1
"192647","2015450029131",1,9,0,18,0,1,0,0,0,0,1,1,1,2,5,1998,1,10,-1,1
"192648","2015450029131",2,5,0,18,0,1,5,0,0,0,2,1,6,2,6,599,1,2,-1,1
"192649","2015450029131",3,9,0,18,0,1,0,0,0,0,0,1,1,1,7,2698,2,6,-1,1
"192685","2015450029295",1,9,0,16,0,0,0,0,0,0,1,1,2,2,8,1989,1,15,-1,1
"192686","2015450029295",2,9,0,17,0,0,0,0,0,0,1,1,6,1,10,1796,1,7,-1,2
"192703","2015450029348",1,9,0,18,0,1,1,0,0,0,1,1,2,2,5,998,1,1,-1,1
"192704","2015450029348",2,19,0,4,0,1,0,0,0,0,1,1,6,2,6,-1,-1,-1,-1,1
"192723","2015450029404",1,9,0,5,0,8,0,0,0,0,3,1,6,1,8,1781,1,18,-1,1
"192724","2015450029404",2,9,0,18,0,1,0,0,0,0,1,1,6,2,6,2776,2,11,-1,1
"192783","2015450029545",1,9,0,18,0,8,0,0,0,0,3,1,6,1,6,1389,1,16,-1,1
"192836","2015450029643",1,9,0,4,0,1,0,0,0,0,2,1,3,2,8,1796,1,11,-1,1
"192837","2015450029643",2,19,0,4,0,1,0,0,0,0,1,1,6,1,-1,1870,2,11,-1,-1
"192838","2015450029657",1,9,0,18,0,1,1,0,0,0,1,1,2,1,6,1599,1,11,-1,1
"192847","2015450029684",1,9,0,18,0,0,0,0,0,0,1,1,6,2,11,1400,1,8,-1,1
"192887","2015450029759",1,9,0,18,0,0,0,0,0,0,4,1,6,2,10,1242,1,10,-1,-1
"193012","2015450030034",1,9,0,3,0,6,0,0,0,0,1,1,6,1,10,1794,1,13,-1,1
"193048","2015450030121",1,9,0,13,0,1,0,0,0,0,1,1,6,2,7,1197,1,4,-1,1
"193049","2015450030121",2,9,0,4,0,1,0,0,0,0,2,1,1,1,6,1968,2,1,-1,1
"193163","2015450030331",1,9,0,9,0,5,0,0,0,0,1,1,2,2,5,1390,1,6,-1,1
"193164","2015450030331",2,9,0,18,0,8,0,0,0,0,1,1,2,2,8,1596,1,14,-1,1
"193165","2015450030331",3,90,0,18,0,1,0,0,0,0,0,1,1,3,-1,-1,-1,-1,-1,-1
"193166","2015450030332",1,9,0,16,0,1,0,0,0,0,1,1,6,2,-1,1339,1,-1,-1,-1
"193167","2015450030332",2,1,0,17,0,6,0,0,0,0,1,1,6,2,6,-1,-1,-1,-1,1
"193206","2015450030417",1,9,0,4,0,0,0,0,0,0,1,1,6,2,9,1598,1,3,-1,1
"193207","2015450030417",2,1,0,2,0,0,0,0,0,0,1,1,6,3,-1,-1,-1,-1,-1,-1
"193215","2015450030436",1,1,0,18,0,0,0,0,0,0,1,1,6,3,-1,-1,-1,-1,-1,-1
"193238","2015450030469",1,9,0,14,0,1,0,0,0,0,4,1,6,1,6,1798,8,3,-1,1
"193239","2015450030469",2,9,0,9,0,6,0,0,0,0,1,1,6,2,4,1229,1,8,-1,1
"193273","2015450030529",1,19,0,18,0,0,0,0,0,0,4,1,1,2,6,2198,2,4,-1,1
"193308","2015450030604",1,9,0,10,0,0,0,0,0,0,0,1,6,2,8,2179,2,4,-1,1
"193309","2015450030604",2,3,0,18,0,0,2,0,0,0,0,1,6,1,-1,125,1,-1,-1,1
"193321","2015450030621",1,19,0,9,0,5,0,0,0,0,4,1,2,1,8,2800,2,11,-1,1
"193322","2015450030621",2,5,0,5,0,1,0,0,0,0,4,1,2,2,5,125,1,2,-1,-1
"193380","2015450030686",1,9,0,18,0,1,0,0,0,0,1,1,1,1,6,-1,-1,-1,-1,3
"193381","2015450030686",2,9,0,18,0,1,0,0,0,0,2,1,5,1,10,1360,1,9,-1,-1
"193395","2015450030722",1,9,0,18,0,0,0,0,0,0,1,1,6,2,11,1498,1,7,-1,1
"193396","2015450030722",2,9,0,18,0,0,0,0,0,0,3,1,6,1,8,1499,2,-1,-1,1
"193569","2015450031039",1,9,0,9,0,4,0,0,0,0,3,1,6,1,10,1794,1,13,-1,1
"193570","2015450031039",2,3,0,18,0,8,5,0,0,0,1,1,1,1,5,125,1,4,-1,1
"193619","2015450031135",1,9,0,18,0,0,0,0,0,0,1,1,6,1,-1,1390,1,13,-1,1
"193628","2015450031149",1,9,0,5,0,6,0,0,0,0,1,1,1,2,6,1343,1,15,-1,1
"193629","2015450031149",2,5,0,15,0,1,0,0,7,0,1,1,6,1,6,599,1,2,-1,1
"193690","2015450031266",1,9,0,9,0,5,0,0,1,0,3,1,6,1,10,2172,2,12,-1,1
"193691","2015450031266",2,9,0,18,0,1,0,0,0,0,1,1,6,1,6,1990,1,16,-1,1
"193696","2015450031272",1,9,0,18,0,0,0,0,0,0,2,1,6,2,-1,1995,2,8,-1,1
"193697","2015450031272",2,9,0,18,0,0,0,0,0,0,1,1,6,2,-1,2987,2,5,-1,1
"193713","2015450031314",1,9,0,7,0,2,0,0,0,0,1,1,6,1,8,1598,1,13,-1,1
"193736","2015450031354",1,1,0,18,0,1,0,0,0,0,0,1,6,1,10,-1,-1,-1,-1,1
"193770","2015450031439",1,9,0,10,0,5,0,0,0,0,1,1,6,2,6,1149,1,9,-1,1
"193771","2015450031439",2,3,0,18,0,1,2,0,0,0,1,1,1,1,5,-1,-1,-1,-1,1
"193805","2015450031589",1,9,0,17,0,8,0,0,0,0,1,1,2,2,6,1595,1,12,-1,1
"193806","2015450031589",2,1,0,18,0,4,0,0,0,0,3,1,2,2,7,-1,-1,-1,-1,1
"193823","2015450031616",1,9,0,9,0,5,0,0,0,0,3,1,3,2,7,2400,2,5,-1,1
"193824","2015450031616",2,5,0,13,0,1,1,0,0,0,1,1,2,1,6,998,1,5,-1,1
"193835","2015450031632",1,9,0,18,0,1,0,0,0,0,1,1,3,1,9,1998,1,10,-1,1
"193836","2015450031632",2,5,0,3,0,1,0,0,0,0,2,1,6,1,8,744,1,2,-1,1
"193838","2015450031707",1,9,0,18,0,0,0,0,0,0,1,1,6,2,10,1998,1,8,-1,-1
"193839","2015450031707",2,9,0,7,0,0,0,0,0,0,3,1,6,1,5,1360,1,9,-1,1
"193880","2015450031816",1,9,0,18,0,0,0,0,0,0,3,1,6,1,10,1796,1,15,-1,1
"193881","2015450031816",2,9,0,18,0,0,0,0,0,0,4,1,6,1,10,2480,1,2,-1,1
"193920","2015450031901",1,9,0,18,0,0,0,0,0,0,1,1,1,1,8,1200,1,1,-1,1
"193921","2015450031901",2,9,0,2,0,0,0,0,0,0,1,1,6,2,-1,1149,1,11,-1,1
"193931","2015450031913",1,9,0,3,0,0,0,0,0,0,0,1,2,1,5,1596,1,10,-1,1
"193932","2015450031913",2,19,0,18,0,0,0,0,0,0,0,1,6,1,-1,-1,-1,-1,-1,-1
"193944","2015450031966",1,9,0,18,0,1,0,0,0,1,3,1,6,1,7,1598,1,15,-1,1
"193968","2015450032042",1,9,0,18,0,0,0,0,0,0,1,1,6,3,-1,-1,-1,-1,-1,-1
"194095","2015450032527",1,9,0,18,0,8,0,0,1,0,1,1,6,2,8,1995,1,5,-1,-1
"194096","2015450032527",2,19,0,18,0,1,0,0,7,0,1,1,2,1,5,1560,2,1,-1,1
"1941231","2015450032644",1,19,0,1,0,0,0,0,0,0,4,1,6,1,7,2148,2,9,-1,-1
"1941241","2015450032644",2,9,0,18,0,0,0,0,0,0,1,1,6,1,10,1753,2,13,-1,-1
"194214","2015450033268",1,19,0,18,0,1,0,0,0,0,1,1,6,1,5,1753,2,9,-1,1
"194215","2015450033268",2,9,0,7,0,4,0,0,0,0,3,1,6,1,6,1360,1,14,-1,1
"194216","2015450033268",3,9,0,18,0,1,0,0,0,0,1,1,6,1,9,1900,2,15,-1,1
"194310","2015450033970",1,9,0,17,0,0,1,0,2,0,1,1,2,2,5,1360,1,12,-1,1
"194311","2015450033971",1,9,0,18,0,1,0,0,0,0,1,1,6,2,8,2993,2,3,-1,1
"194312","2015450033971",2,9,0,17,0,1,0,0,0,0,1,1,6,3,-1,998,1,6,-1,-1
"194367","2015450034287",1,9,0,9,0,6,0,0,0,0,1,1,6,1,9,1781,1,20,-1,1
"194368","2015450034287",2,5,0,18,0,1,5,0,0,0,4,1,6,1,8,-1,-1,-1,-1,1
"194410","2015450034520",1,9,0,9,0,8,0,0,0,0,1,1,6,1,7,1339,1,-1,-1,-1
"194411","2015450034520",2,9,0,18,0,8,1,0,0,0,4,1,2,2,8,1397,1,14,-1,1
"194506","2015450034962",1,1,0,9,0,8,2,0,0,0,1,1,6,1,5,-1,-1,-1,-1,1
"194507","2015450034962",2,9,0,18,0,4,0,0,0,0,1,1,6,1,-1,1000,1,15,-1,1
"194517","2015450035091",1,9,0,11,0,0,0,0,0,0,4,1,1,1,6,1997,2,-1,-1,1
"194518","2015450035091",2,9,0,18,0,0,0,0,0,0,1,1,6,1,9,1598,1,3,-1,1
"1945441","2015450035219",1,3,0,18,0,0,0,0,0,0,0,1,6,1,7,124,1,14,-1,1
"194545","2015450035219",2,19,0,2,0,0,0,0,0,0,0,1,1,1,-1,1248,2,1,-1,1
"194642","2015450035782",1,9,0,16,0,0,1,0,8,0,1,1,6,1,6,1398,2,11,-1,1
"194858","2015450036815",1,9,0,18,0,1,0,0,0,0,1,1,6,2,9,1390,1,4,-1,1
"194859","2015450036815",2,9,0,18,0,8,0,0,0,0,4,1,6,2,6,1968,2,6,-1,1
"194876","2015450036885",1,9,0,18,0,1,0,0,0,0,1,1,6,3,-1,1910,2,7,-1,-1
"194877","2015450036885",2,9,0,18,0,2,0,0,0,0,1,1,6,2,10,1386,1,11,-1,1
"194878","2015450036885",3,9,0,18,0,1,0,0,0,0,0,1,2,2,-1,2993,2,3,-1,1
"194881","2015450036890",1,2,0,18,0,1,2,0,1,1,1,1,6,1,4,49,1,2,-1,1
"194882","2015450036890",2,9,0,18,0,1,0,0,0,0,0,1,6,3,-1,-1,-1,-1,-1,-1
"194925","2015450037187",1,3,0,5,0,1,2,0,0,0,0,1,6,1,9,124,1,-1,-1,1
"194926","2015450037187",2,9,0,5,0,1,0,0,0,0,0,1,6,2,6,2967,2,3,-1,1
"194937","2015450037223",1,9,0,5,0,0,5,4,0,0,1,1,6,1,11,1800,1,25,-1,1
"194938","2015450037223",2,9,0,2,0,0,0,0,0,0,4,1,6,2,-1,1983,1,7,-1,1
"194953","2015450037257",1,19,0,18,0,1,0,0,0,0,1,1,2,1,5,1796,7,11,-1,3
"194954","2015450037257",2,9,0,18,0,1,0,0,0,0,4,1,6,1,6,1396,1,10,-1,1
"194982","2015450037495",1,9,0,9,0,6,0,0,0,0,1,1,6,2,10,1198,1,9,-1,1
"194983","2015450037495",2,9,0,18,0,1,0,0,0,0,1,1,2,2,8,1328,1,15,-1,1
"194984","2015450037500",1,90,0,18,0,1,1,0,0,0,1,1,1,1,8,2299,2,1,-1,1
"194985","2015450037500",2,9,0,3,0,1,1,0,1,0,1,1,6,1,8,1998,1,15,-1,-1
"194987","2015450037533",1,3,0,15,0,8,5,0,0,0,4,1,6,1,6,124,1,4,-1,1
"194988","2015450037533",2,8,0,18,0,8,0,0,0,0,4,1,6,1,-1,1997,2,7,-1,1
"195012","2015450037714",1,9,0,18,0,0,0,0,0,0,1,1,6,1,9,2967,2,5,-1,1
"195013","2015450037714",2,9,0,4,0,0,0,0,0,0,2,1,6,1,8,2143,2,-1,-1,1
"195077","2015450039785",1,9,0,18,0,8,0,0,4,0,3,1,6,1,7,1598,1,2,-1,1
"195078","2015450039785",2,9,0,7,0,6,0,0,0,0,1,1,6,1,6,1995,2,2,-1,1
"212494","2015480030969",1,1,0,18,0,8,0,0,0,0,3,1,2,1,6,-1,-1,-1,-1,1
"212495","2015480030969",2,98,0,7,0,8,0,0,0,0,4,1,1,1,7,2198,2,-1,-1,1
"212496","2015480030972",1,9,0,18,0,2,0,0,0,0,1,1,6,3,-1,2143,2,5,-1,-1
"212497","2015480030975",1,3,0,18,0,2,0,0,0,0,4,1,6,1,6,-1,-1,-1,-1,1