"","Acc_Index","Vehicle_Reference","Vehicle_Type","Towing_and_Articulation","Vehicle_Manoeuvre","Vehicle_Location.Restricted_Lane","Junction_Location","Skidding_and_Overturning","Hit_Object_in_Carriageway","Vehicle_Leaving_Carriageway","Hit_Object_off_Carriageway","X1st_Point_of_Impact","Was_Vehicle_Left_Hand_Drive","Journey_Purpose_of_Driver","Sex_of_Driver","Age_Band_of_Driver","Engine_Capacity_.CC.","Propulsion_Code","Age_of_Vehicle","Driver_IMD_Decile","Driver_Home_Area_Type"
"212498","2015480030975",2,5,0,18,0,2,0,0,0,0,3,1,6,1,8,647,1,20,-1,1
"212499","2015480031496",1,19,0,18,0,1,0,0,0,0,4,1,1,1,6,2198,2,3,-1,1
"212500","2015480031510",1,1,0,18,0,1,0,0,0,0,3,1,1,2,5,-1,-1,-1,-1,-1
"212501","2015480031510",2,11,0,18,0,1,0,0,0,0,4,1,1,3,7,-1,-1,-1,-1,-1
"212502","2015480031523",1,2,0,18,0,1,0,0,0,0,1,1,2,1,6,-1,-1,-1,-1,-1
"212503","2015480031538",1,1,0,18,0,1,0,0,0,0,1,1,2,1,7,-1,-1,-1,-1,1
"212504","2015480031762",1,21,0,18,0,0,0,0,0,0,4,1,1,1,9,-1,-1,-1,-1,1
"212505","2015480031832",1,8,0,9,0,8,0,0,0,0,4,1,1,1,7,2499,2,1,-1,1
"212506","2015480031836",1,5,0,14,0,2,0,0,0,0,1,1,2,1,7,656,1,1,-1,1
"212507","2015480031884",1,9,0,9,0,8,0,0,0,0,4,1,5,1,6,-1,-1,-1,-1,1
"212508","2015480031884",2,8,0,18,0,8,0,0,0,0,1,1,1,1,9,2499,2,4,-1,3
"212511","2015480031941",1,9,0,2,0,0,0,0,0,0,2,1,1,1,9,1997,2,3,-1,1
"212512","2015480031941",2,8,0,18,0,0,0,0,0,0,1,1,1,1,11,2664,2,14,-1,1
"212513","2015480032089",1,1,0,18,0,8,0,0,0,0,3,1,6,1,8,-1,-1,-1,-1,1
"212514","2015480032089",2,9,0,18,0,8,0,0,0,0,4,1,6,1,7,1910,2,6,-1,1
"212515","2015480032104",1,8,0,7,0,8,0,0,0,0,1,1,1,1,10,2402,2,9,-1,1
"212516","2015480032104",2,1,0,18,0,8,0,0,0,0,4,1,6,1,4,-1,-1,-1,-1,1
"212517","2015480032250",1,9,0,3,0,0,0,0,0,0,2,1,1,1,6,1968,2,1,-1,1
"212518","2015480032250",2,8,0,3,0,0,0,0,0,0,2,1,1,1,8,2499,2,3,-1,1
"212519","2015480032250",3,98,0,3,0,0,0,0,0,0,2,1,1,1,10,1560,2,5,-1,1
"212520","2015480032250",4,98,0,18,0,0,0,0,0,0,1,1,1,1,6,2143,2,2,-1,1
"212521","2015480032289",1,9,0,18,0,8,0,0,0,0,4,1,6,2,-1,2143,2,5,-1,1
"212522","2015480032350",1,3,0,18,0,8,0,0,0,0,1,1,1,1,7,-1,-1,-1,-1,1
"212523","2015480032350",2,8,0,6,0,8,0,0,0,0,3,1,1,1,8,2402,2,10,-1,2
"212524","2015480032367",1,8,0,18,0,0,0,0,0,0,4,1,1,1,9,2664,2,14,-1,1
"212525","2015480032374",1,9,0,18,0,8,0,0,1,0,1,1,6,1,8,2143,2,1,-1,1
"212526","2015480032374",2,9,0,18,0,8,0,0,0,0,2,1,6,1,7,2143,2,2,-1,-1
"212527","2015480032394",1,8,0,18,0,0,0,0,0,0,1,1,1,1,6,2499,2,8,-1,1
"212528","2015480032747",1,97,0,15,0,8,0,0,0,0,3,1,6,1,6,1255,1,-1,-1,1
"212529","2015480032747",2,9,0,7,0,8,0,0,0,0,4,1,6,1,9,2993,2,1,-1,3
"212530","2015480033106",1,1,0,18,0,8,0,0,0,0,1,1,2,1,7,-1,-1,-1,-1,1
"212531","2015480033106",2,8,0,6,0,8,0,0,0,0,4,1,1,1,7,2499,2,8,-1,1
"212532","2015480033140",1,9,0,18,0,1,0,0,0,0,4,1,6,1,5,2143,2,6,-1,1
"212533","2015480033148",1,8,0,9,0,8,0,0,0,0,4,1,1,1,8,1997,2,3,-1,-1
"212534","2015480033148",2,1,0,18,0,8,0,0,0,0,1,1,2,1,6,-1,-1,-1,-1,1
"212535","2015480033155",1,8,0,18,0,8,0,0,0,0,4,1,1,1,6,2499,2,2,-1,3
"212536","2015480033473",1,5,0,15,0,1,0,0,0,0,3,1,5,1,7,599,1,6,-1,1
"212537","2015480033473",2,9,0,18,0,1,0,0,0,0,4,1,5,2,6,1596,1,6,-1,1
"212538","2015480033503",1,1,0,14,0,1,0,0,0,0,1,1,6,1,-1,-1,-1,-1,-1,-1
"212539","2015480033899",1,1,0,18,0,8,0,0,0,0,3,1,6,1,6,-1,-1,-1,-1,-1
"212540","2015480034005",1,9,0,18,0,0,0,0,0,0,2,1,5,1,6,1598,1,15,-1,1
"212541","2015480034005",2,9,0,18,0,0,0,0,0,0,1,1,5,1,8,1461,2,12,-1,1
"212542","2015480034046",1,5,0,18,0,2,0,0,0,0,1,1,5,1,7,999,1,4,-1,1
"212543","2015480034222",1,21,0,2,0,8,0,0,0,0,1,1,1,1,7,-1,-1,-1,-1,1
"212544","2015480034222",2,21,1,18,0,1,0,0,0,0,1,1,1,1,6,-1,-1,-1,-1,-1
"212545","2015480034244",1,8,0,9,0,8,0,0,0,0,1,1,1,1,6,1797,8,5,-1,1
"212546","2015480034349",1,1,0,15,4,1,0,0,0,0,1,1,5,1,4,-1,-1,-1,-1,1
"212547","2015480034353",1,8,0,18,0,8,0,0,0,0,4,1,6,3,8,-1,-1,-1,-1,-1
"212548","2015480034368",1,8,0,4,0,1,0,0,0,0,1,1,1,1,7,2499,2,4,-1,1
"212549","2015480034368",2,5,0,3,0,1,0,4,2,0,2,1,6,1,8,499,1,10,-1,1
"212550","2015480034368",3,9,0,3,0,1,0,0,0,0,1,1,6,1,9,2143,2,3,-1,1
"212551","2015480034368",4,9,0,3,0,1,0,0,0,0,1,1,6,3,6,1968,2,-1,-1,1
"212552","2015480034501",1,1,0,18,0,1,0,0,0,0,2,1,2,1,6,-1,-1,-1,-1,1
"212553","2015480034501",2,1,0,18,0,1,0,0,0,0,1,1,2,1,8,-1,-1,-1,-1,1
"212554","2015480034501",3,98,0,1,0,8,0,0,0,0,0,1,1,1,6,-1,-1,-1,-1,1
"212555","2015480035587",1,1,0,18,4,1,0,0,0,0,3,1,2,1,9,-1,-1,-1,-1,1
"212556","2015480035587",2,3,0,11,4,1,0,0,0,0,4,1,6,1,7,125,1,2,-1,1
"212557","2015480035597",1,1,0,18,0,1,0,0,0,0,1,1,2,1,6,-1,-1,-1,-1,-1
"212558","2015480035597",2,9,0,2,0,1,0,0,0,0,4,1,1,1,6,-1,-1,-1,-1,1
"212559","2015480035829",1,1,0,18,0,8,0,0,0,0,4,1,2,1,6,-1,-1,-1,-1,1
"212560","2015480035829",2,2,0,18,0,8,0,0,0,0,1,1,2,2,6,49,1,4,-1,1
"212561","2015480035869",1,9,0,18,0,8,0,0,0,0,1,1,6,2,6,-1,-1,-1,-1,-1
"212562","2015480035877",1,1,0,18,0,8,0,0,0,0,3,1,2,1,7,-1,-1,-1,-1,1
"212563","2015480035877",2,8,0,9,0,8,0,0,0,0,1,1,1,1,-1,2499,2,1,-1,1
"212564","2015480036004",1,1,0,18,0,8,0,0,0,0,2,1,6,1,5,-1,-1,-1,-1,1
"212565","2015480036004",2,21,0,18,0,8,0,0,0,0,1,1,1,1,8,-1,-1,-1,-1,1
"212568","2015480036037",1,9,0,18,0,1,0,0,0,0,1,1,6,1,8,1797,8,4,-1,1
"212569","2015480036037",2,21,0,3,0,1,0,0,0,0,2,1,1,1,7,-1,-1,-1,-1,1
"212570","2015480036060",1,11,0,5,2,2,0,0,0,0,4,1,1,1,6,9000,2,6,-1,1
"212572","2015480036213",1,1,0,18,0,8,0,0,0,0,1,1,2,1,5,-1,-1,-1,-1,1
"212573","2015480036223",1,11,0,5,2,2,0,0,0,0,4,1,1,3,-1,-1,-1,-1,-1,-1
"212574","2015480036256",1,3,0,18,0,1,0,0,0,0,1,1,1,1,6,125,1,2,-1,1
"212576","2015480036379",1,11,0,18,0,1,0,0,0,0,1,1,1,1,9,9000,2,5,-1,1
"212577","2015480036389",1,11,0,2,1,0,0,0,0,0,2,1,1,1,6,7300,2,12,-1,1
"212578","2015480036389",2,1,0,15,1,0,0,0,0,0,1,1,2,1,6,-1,-1,-1,-1,1
"212579","2015480036396",1,5,0,18,0,1,0,0,0,0,1,1,6,1,7,1470,1,11,-1,3
"212580","2015480036413",1,9,0,18,0,1,0,0,0,0,1,1,5,1,8,1596,1,16,-1,1
"212581","2015480036512",1,1,0,18,0,1,0,0,0,0,1,1,6,1,-1,-1,-1,-1,-1,-1
"212582","2015480036545",1,11,0,18,0,1,0,0,0,0,4,1,1,1,5,4461,2,1,-1,1
"212583","2015480036569",1,1,0,9,0,8,0,0,0,0,3,1,2,1,8,-1,-1,-1,-1,1
"212584","2015480036569",2,8,0,7,0,8,0,0,0,0,4,1,1,1,8,2664,2,15,-1,1
"212585","2015480036915",1,8,0,9,0,8,0,0,0,0,1,1,1,1,8,2143,2,3,-1,1
"212586","2015480036961",1,9,0,9,0,2,1,0,0,0,1,1,6,1,8,2967,2,3,-1,3
"212587","2015480036995",1,9,0,18,0,8,0,0,0,0,3,1,6,3,-1,-1,-1,-1,-1,-1
"212588","2015480037275",1,98,0,5,0,1,0,0,0,0,1,1,1,1,7,10518,2,3,-1,1
"212589","2015480037275",2,1,0,5,0,1,0,0,0,0,2,1,6,1,6,-1,-1,-1,-1,1
"212590","2015480037279",1,3,0,13,0,0,0,0,0,0,1,1,1,1,6,108,1,-1,-1,1
"212591","2015480037279",2,3,0,15,0,0,0,0,0,0,2,1,1,1,4,108,1,-1,-1,1
"212592","2015480037281",1,5,0,18,0,0,0,0,0,0,1,1,2,1,8,589,1,23,-1,1
"212593","2015480037346",1,9,0,2,0,1,0,0,0,0,3,1,5,1,11,2000,1,15,-1,1
"212594","2015480037346",2,1,0,18,0,1,0,0,0,0,4,1,5,1,8,-1,-1,-1,-1,2
"212595","2015480037777",1,8,0,7,0,8,0,0,0,0,1,1,1,1,6,1797,8,5,-1,1
"212596","2015480037777",2,2,0,18,0,8,0,0,0,0,3,1,2,2,7,49,1,8,-1,1
"212597","2015480038058",1,1,0,18,0,1,0,0,0,0,1,1,6,1,6,-1,-1,-1,-1,-1
"212598","2015480038223",1,8,0,7,0,2,0,0,0,0,1,1,1,1,7,1797,8,5,-1,1
"212599","2015480038364",1,11,0,3,0,1,0,0,0,0,0,1,1,1,8,18146,2,4,-1,1
"212600","2015480038764",1,9,0,18,0,2,0,0,0,0,1,1,5,1,4,1197,1,2,-1,1
"8","2016010000019",1,9,0,18,0,1,0,0,1,0,2,1,6,2,6,1596,1,10,3,1
"9","2016010000019",2,9,0,18,0,1,0,0,0,0,1,1,6,1,6,1596,1,5,2,1
"22","2016010000033",1,9,0,18,0,0,0,0,0,0,1,1,6,2,6,-1,-1,-1,-1,1
"29","2016010000047",1,1,0,18,0,1,0,0,0,0,1,1,2,1,7,-1,-1,-1,7,1
"49","2016010000064",1,9,0,18,0,1,0,0,0,0,1,1,6,1,8,1587,1,13,-1,-1
"50","2016010000064",2,9,0,9,0,6,0,0,0,0,1,1,6,1,7,1396,1,16,7,1
"64","2016010000077",1,90,4,4,0,1,0,0,0,0,2,1,1,1,7,-1,-1,-1,5,1
"65","2016010000077",2,19,0,18,0,1,0,0,0,0,1,1,6,1,6,1598,2,2,1,1
"68","2016010000081",1,9,0,11,0,0,5,0,0,0,1,1,2,1,6,998,1,1,5,1
"69","2016010000081",2,9,0,18,0,0,0,0,0,0,2,1,6,2,7,1686,2,3,6,1
"73","2016010000085",1,9,0,18,9,0,0,0,0,0,1,1,6,3,-1,-1,-1,-1,-1,-1
"74","2016010000085",2,1,0,18,9,0,0,0,0,0,2,1,6,1,5,-1,-1,-1,5,1
"84","2016010000095",1,9,0,18,0,1,0,0,0,0,1,1,6,2,9,1497,8,9,-1,-1
"85","2016010000095",2,9,0,18,0,1,0,0,0,0,2,1,1,1,9,-1,-1,-1,9,1
"86","2016010000095",3,9,0,18,0,1,0,0,0,0,4,1,6,1,9,1390,1,6,6,1
"87","2016010000095",4,9,0,18,0,1,0,0,0,0,3,1,6,1,6,-1,-1,-1,7,1
"91","2016010000100",1,9,0,18,0,0,0,0,0,0,4,2,3,2,7,1598,1,8,9,1
"92","2016010000101",1,19,0,18,0,1,0,0,0,0,1,2,6,3,-1,2461,2,8,-1,-1
"93","2016010000101",2,8,0,18,0,1,0,0,0,0,2,2,1,1,6,1598,2,5,1,1
"139","2016010000147",1,3,0,18,0,1,0,0,0,0,3,1,2,1,5,49,1,3,3,1
"140","2016010000147",2,9,0,9,0,1,0,0,0,0,3,1,6,1,9,1596,1,7,5,1
"143","2016010000154",1,9,0,9,0,5,0,0,0,0,1,1,6,2,8,1400,2,9,2,1
"144","2016010000154",2,3,0,13,0,1,0,0,0,0,1,1,6,1,4,125,1,5,4,1
"164","2016010000178",1,9,0,4,0,1,0,0,0,0,4,1,2,1,6,1360,1,14,4,1
"165","2016010000178",2,9,0,9,0,8,0,0,1,0,3,1,6,1,9,1560,2,-1,3,1
"198","2016010000200",1,9,0,18,0,4,0,0,0,0,1,1,6,2,11,1299,1,12,7,1
"199","2016010000200",2,9,0,3,0,4,0,0,0,0,2,1,6,2,9,2295,1,13,2,1
"209","2016010000212",1,9,0,16,0,1,0,0,0,0,1,1,1,2,6,1242,1,3,10,1
"210","2016010000212",2,9,0,5,0,6,0,0,0,0,1,1,6,1,5,1397,1,14,-1,-1
"222","2016010000231",1,9,0,9,0,1,0,0,0,0,1,1,6,1,5,1596,1,13,3,1
"223","2016010000231",2,4,0,18,0,8,0,0,0,0,1,1,2,1,7,599,1,1,2,1
"261","2016010000257",1,11,0,7,0,5,0,0,0,0,0,1,6,2,7,5132,2,1,2,1
"268","2016010000263",1,1,0,18,9,0,5,0,0,0,1,1,6,1,5,-1,-1,-1,9,1
"276","2016010000267",1,9,0,14,0,0,0,0,0,0,1,1,2,1,6,-1,-1,-1,9,1
"277","2016010000267",2,9,0,4,0,0,0,0,0,0,2,1,6,2,6,1198,1,8,8,1
"278","2016010000267",3,9,0,3,0,0,0,0,0,0,2,1,2,1,7,1995,2,1,7,2
"279","2016010000267",4,9,0,3,0,0,0,0,0,0,2,1,6,1,7,2179,2,3,4,1
"280","2016010000269",1,9,0,5,0,2,0,0,0,0,1,1,2,1,6,1997,1,1,3,1
"281","2016010000269",2,9,0,18,0,1,0,0,0,0,4,1,6,2,10,1461,2,2,2,1
"342","2016010000305",1,4,0,18,0,1,1,0,0,0,1,1,6,1,5,125,1,8,8,1
"343","2016010000305",2,9,0,10,0,1,0,0,0,0,3,1,6,2,7,5439,1,11,9,1
"344","2016010000306",1,9,0,18,0,8,1,4,0,0,3,1,6,1,6,1587,1,11,6,1
"345","2016010000306",2,8,0,18,0,8,0,0,0,0,1,1,2,1,8,1798,8,4,5,1
"346","2016010000306",3,9,0,2,0,1,0,0,0,0,3,1,6,3,-1,1994,2,8,-1,-1
"347","2016010000306",4,9,0,2,0,1,0,0,0,0,2,1,6,3,-1,2993,2,11,-1,-1
"348","2016010000307",1,9,0,18,0,0,0,0,0,0,1,1,6,1,9,2597,1,12,3,1
"349","2016010000307",2,3,0,18,0,0,0,0,0,0,1,1,6,3,-1,125,1,2,-1,-1
"370","2016010000327",1,9,-1,7,0,6,0,-1,0,0,2,-1,6,1,8,2184,2,9,10,1
"371","2016010000327",2,1,-1,18,0,-1,2,-1,3,-1,2,1,6,1,4,-1,-1,-1,9,1
"378","2016010000337",1,9,0,18,0,8,0,0,0,0,1,1,6,1,10,1329,1,7,8,1
"379","2016010000337",2,9,0,5,0,8,0,0,0,0,1,1,1,1,7,-1,-1,-1,4,1
"398","2016010000354",1,19,0,2,0,0,0,0,0,0,3,1,6,3,-1,-1,-1,-1,-1,-1
"399","2016010000354",2,1,0,14,0,0,0,8,0,0,1,1,6,1,5,-1,-1,-1,-1,1
"401","2016010000357",1,19,0,18,0,0,0,0,0,0,1,1,1,1,8,-1,-1,-1,-1,1
"402","2016010000357",2,19,0,6,0,0,0,0,0,0,3,1,1,1,6,-1,-1,-1,-1,1
"421","2016010000373",1,9,0,9,0,6,0,0,0,0,1,1,6,2,11,1390,1,5,4,1
"422","2016010000373",2,2,0,9,0,6,0,0,0,0,2,1,6,1,4,49,1,-1,9,1
"442","2016010000390",1,9,0,8,0,6,0,0,0,0,1,1,6,2,6,1997,1,4,7,1
"454","2016010000397",1,3,0,18,0,5,0,0,0,0,4,1,1,1,5,125,1,7,5,1
"455","2016010000397",2,9,0,18,0,5,0,0,0,0,1,1,6,1,6,-1,-1,-1,-1,-1
"471","2016010000406",1,11,0,7,0,1,0,0,0,0,0,1,1,1,9,4461,2,3,3,1
"500","2016010000427",1,8,0,9,0,8,0,0,0,0,3,1,1,1,8,1798,8,4,3,1
"501","2016010000427",2,3,0,18,0,1,5,0,0,0,1,1,6,1,4,125,1,-1,-1,-1
"506","2016010000433",1,9,0,18,0,1,0,0,0,0,2,1,6,1,9,1587,1,10,7,1
"507","2016010000433",2,9,0,4,0,4,0,0,0,0,4,1,6,2,7,1598,1,6,4,1
"508","2016010000433",3,9,0,13,0,1,0,0,0,0,1,1,6,3,-1,1896,2,10,-1,-1
"513","2016010000439",1,9,0,9,0,2,1,11,0,0,1,1,6,1,4,1598,1,8,9,1
"520","2016010000447",1,9,0,7,0,0,0,0,1,10,1,1,6,1,6,5461,1,1,4,1
"538","2016010000462",1,9,0,18,0,0,0,0,0,0,2,1,6,1,8,2597,1,13,6,1
"539","2016010000462",2,9,0,18,0,0,0,0,0,0,1,1,6,1,4,1398,1,4,6,1
"542","2016010000464",1,9,0,18,0,0,1,0,0,0,3,1,2,2,7,2967,2,7,9,1
"543","2016010000464",2,9,0,18,0,0,1,0,0,0,3,1,6,1,10,-1,-1,-1,6,1
"555","2016010000478",1,11,0,5,0,8,0,0,0,0,0,1,1,1,8,5132,2,-1,3,1
"562","2016010000483",1,9,0,18,0,6,0,0,0,0,1,1,6,3,-1,-1,-1,-1,-1,-1
"590","2016010000502",1,9,0,9,0,1,0,0,0,0,1,1,6,1,6,2143,2,1,9,1
"591","2016010000502",2,4,0,18,0,6,0,0,0,0,1,1,6,1,6,659,1,5,1,1
"596","2016010000506",1,9,0,9,0,1,0,11,0,0,1,1,6,1,8,1364,1,9,9,1
"597","2016010000506",2,3,0,18,0,2,0,0,0,0,1,1,6,1,7,125,1,-1,3,1
"609","2016010000518",1,9,0,16,0,1,1,10,1,4,1,1,6,1,5,1598,1,14,8,1
"634","2016010000544",1,9,0,18,0,0,0,0,0,0,1,1,6,3,-1,-1,-1,-1,-1,-1
"637","2016010000546",1,9,0,9,0,3,0,0,0,0,1,1,6,1,6,1248,2,8,4,1
"638","2016010000546",2,1,0,18,0,3,0,0,0,0,1,1,6,2,8,-1,-1,-1,4,1
"647","2016010000552",1,9,0,5,0,3,0,0,0,0,1,1,6,2,8,1598,1,8,4,1
"648","2016010000552",2,9,0,9,0,3,0,0,0,0,4,1,6,1,6,4163,1,4,10,1
"656","2016010000558",1,90,0,18,0,1,0,0,0,0,1,1,1,1,8,2987,2,1,-1,-1
"657","2016010000558",2,9,5,9,0,2,0,0,0,0,2,1,6,1,7,999,1,8,4,1
"658","2016010000558",3,9,5,3,0,2,0,0,0,0,0,1,6,1,9,1360,1,12,5,1
"680","2016010000579",1,9,0,5,0,1,0,0,0,0,1,2,6,2,7,1910,2,10,1,1
"681","2016010000579",2,8,0,18,0,8,0,0,0,0,3,2,1,1,8,1896,2,8,4,1
"712","2016010000607",1,9,0,18,0,1,0,11,7,4,1,1,6,1,9,1246,1,8,10,1
"742","2016010000632",1,9,0,3,0,1,0,0,0,0,4,1,6,1,9,1398,2,11,6,1
"743","2016010000632",2,1,0,4,0,1,0,0,1,0,1,1,6,1,6,-1,-1,-1,4,1
"744","2016010000634",1,4,0,18,0,1,0,0,0,0,2,1,6,1,8,-1,-1,-1,-1,1
"768","2016010000652",1,9,0,9,0,8,0,0,0,0,4,1,6,1,7,2149,2,9,5,1
"769","2016010000652",2,2,0,13,0,1,0,0,0,0,1,1,2,1,6,124,1,2,9,1
"778","2016010000660",1,9,-1,3,-1,-1,-1,-1,-1,-1,-1,-1,6,1,7,-1,-1,-1,-1,1
"779","2016010000660",2,11,-1,18,-1,-1,-1,-1,-1,0,2,-1,6,1,7,-1,-1,-1,-1,1
"801","2016010000677",1,9,0,9,0,1,0,0,0,0,3,1,2,2,6,1995,2,12,4,1
"802","2016010000677",2,3,0,14,0,1,0,0,0,0,2,1,6,1,7,125,1,-1,4,1
"812","2016010000681",1,5,0,14,0,0,0,0,0,0,1,1,6,1,8,748,1,19,6,2
"826","2016010000692",1,9,0,18,0,1,0,0,0,0,3,1,6,2,5,1364,1,9,3,1
"827","2016010000692",2,9,0,9,0,6,0,0,0,0,1,1,6,2,4,1229,1,7,4,1
"836","2016010000698",1,8,0,18,0,8,0,0,0,0,1,1,1,1,8,1968,2,2,4,1
"837","2016010000698",2,2,0,18,0,1,1,0,0,0,1,1,1,1,6,108,1,2,4,1
"852","2016010000726",1,2,0,4,0,1,0,0,0,0,1,1,2,1,8,49,1,15,4,1
"888","2016010000753",1,2,0,18,0,8,0,0,0,0,4,1,1,1,5,125,1,1,5,1
"889","2016010000753",2,9,0,5,0,8,0,0,0,0,1,1,6,2,7,1995,2,2,2,1
"900","2016010000763",1,11,0,18,2,1,0,0,0,0,0,1,6,1,6,7300,2,13,3,1
"901","2016010000763",2,90,0,18,0,1,0,0,7,0,0,1,6,1,7,-1,-1,-1,-1,-1
"926","2016010000794",1,9,0,9,0,2,0,0,0,0,1,1,6,2,8,1498,1,15,6,1
"932","2016010000800",1,9,0,10,0,2,0,0,0,0,2,1,6,2,5,998,1,6,7,1
"933","2016010000800",2,9,0,18,0,8,0,0,0,0,1,1,6,1,6,1797,8,5,10,1
"946","2016010000808",1,9,0,2,0,0,0,0,0,0,4,1,6,3,-1,2993,2,9,-1,-1
"947","2016010000808",2,1,0,18,0,0,0,4,1,0,4,1,1,1,7,-1,-1,-1,5,1
"965","2016010000823",1,9,0,18,0,8,0,0,0,0,1,2,6,2,6,-1,-1,-1,-1,-1
"966","2016010000824",1,20,4,15,0,3,0,4,0,0,4,1,1,1,7,-1,-1,-1,3,1
"967","2016010000824",2,9,0,2,0,3,0,4,0,0,2,1,6,3,-1,2295,1,14,-1,-1
"987","2016010000849",1,11,0,3,0,0,0,0,0,0,2,1,1,1,9,4500,2,7,5,1
"988","2016010000849",2,9,0,18,0,0,0,0,0,0,1,1,2,2,9,1598,1,16,7,1
"1002","2016010000871",1,9,0,18,0,2,0,0,0,0,4,1,6,2,7,1386,1,3,6,1
"1031","2016010000902",1,2,0,4,0,1,0,0,0,0,3,1,2,1,7,-1,-1,-1,-1,-1
"10681","2016010000939",1,9,0,6,0,6,0,0,0,0,1,1,6,3,-1,-1,-1,-1,-1,-1
"10691","2016010000939",2,8,0,3,0,1,0,0,0,0,0,1,1,1,7,1797,8,5,8,1
"10701","2016010000939",3,8,0,18,0,1,0,0,0,0,0,1,1,1,7,-1,-1,-1,7,1
"10912","2016010000955",1,9,0,18,0,1,0,4,0,0,1,1,6,1,5,1968,2,7,5,1
"10922","2016010000955",2,9,0,18,0,1,0,4,0,0,1,1,2,1,6,1364,1,7,4,1
"10932","2016010000955",3,9,0,2,0,1,0,0,0,0,3,1,6,3,-1,1796,1,8,-1,-1
"10942","2016010000955",4,9,0,2,0,1,0,0,0,0,4,1,6,3,-1,1586,1,8,-1,-1
"10952","2016010000955",5,9,0,2,0,1,0,0,0,0,3,1,6,3,-1,2143,2,2,-1,-1
"10962","2016010000955",6,9,0,2,0,1,0,0,0,0,3,1,6,3,-1,1198,1,10,-1,-1
"10972","2016010000955",7,9,0,2,0,1,0,0,0,0,4,1,6,3,-1,1388,1,7,-1,-1
"10982","2016010000955",8,9,0,2,0,1,0,0,0,0,3,1,6,3,-1,1910,2,11,-1,-1
"11351","2016010000984",1,3,0,13,0,4,0,11,0,0,4,1,2,1,4,125,1,5,5,1
"11362","2016010000984",2,9,0,18,0,4,0,0,0,0,3,2,2,2,8,1997,1,9,10,1
"11472","2016010001000",1,9,0,16,0,0,0,10,7,4,1,1,2,2,4,1598,1,2,5,1
"11843","2016010001046",1,19,0,9,0,8,0,0,0,0,3,1,1,1,8,1996,2,2,9,1
"11853","2016010001046",2,9,0,5,0,6,0,0,7,1,1,1,6,2,11,1390,1,13,9,1
"11865","2016010001046",3,9,0,2,0,1,0,0,0,0,1,1,6,3,-1,1896,2,9,-1,-1
"11873","2016010001046",4,9,0,2,0,1,0,0,0,0,4,1,6,3,-1,1598,1,9,-1,-1
"12283","2016010001080",1,11,0,4,0,1,0,0,0,0,0,1,6,3,-1,-1,-1,-1,-1,-1
"12344","2016010001090",1,8,0,4,0,0,0,0,0,0,4,1,1,1,8,2499,2,1,9,1
"12555","2016010001118",1,11,0,18,0,8,0,0,0,0,4,1,1,1,6,7300,2,14,2,1
"12565","2016010001118",2,9,0,10,0,8,0,0,0,0,4,1,6,1,8,1798,8,2,2,1
"12704","2016010001146",1,9,0,4,0,3,0,11,0,0,1,2,2,1,7,2143,2,2,5,1
"12714","2016010001146",2,9,0,3,0,3,0,11,0,0,1,2,2,1,7,2143,2,-1,6,1
"12895","2016010001164",1,1,0,-1,-1,1,-1,-1,-1,-1,-1,1,6,1,6,-1,-1,-1,-1,1
"12905","2016010001164",2,9,-1,11,-1,1,-1,-1,-1,-1,1,1,6,1,-1,-1,-1,-1,-1,-1
"12914","2016010001165",1,1,0,18,0,0,0,0,0,0,1,1,2,2,7,-1,-1,-1,10,1
"12955","2016010001173",1,9,0,4,0,2,0,0,0,0,2,1,1,2,6,1798,1,2,7,1
"12968","2016010001173",2,9,0,16,0,2,0,0,0,0,1,1,6,2,6,1995,2,4,7,1
"13055","2016010001185",1,8,0,3,0,0,0,0,0,0,0,1,6,1,7,1497,8,8,4,1
"13065","2016010001185",2,19,0,18,0,0,0,0,0,0,1,1,1,1,5,1598,2,-1,3,1
"13187","2016010001206",1,9,0,6,0,1,0,0,0,0,1,1,2,1,6,1598,2,4,3,1
"13195","2016010001206",2,4,0,15,0,1,0,0,0,0,1,1,2,1,7,124,1,7,7,1
"13365","2016010001220",1,9,0,9,0,0,0,0,0,0,3,1,6,1,6,1598,2,3,5,1
"13374","2016010001220",2,3,0,13,0,0,0,0,0,0,4,1,6,1,4,125,1,4,2,1
"13415","2016010001223",1,9,0,5,0,6,0,0,0,0,4,1,6,2,8,1348,1,14,4,1
"13425","2016010001223",2,8,0,18,0,8,0,0,0,0,1,1,1,1,7,1686,2,3,2,1
"13445","2016010001225",1,9,0,10,0,8,0,0,0,0,2,1,1,1,5,1598,2,1,7,1
"13455","2016010001225",2,9,0,18,0,1,0,0,0,0,1,1,6,1,5,2993,2,10,5,1
"136711","2016010001242",1,11,0,18,0,2,0,0,0,0,1,1,1,1,7,4500,2,4,5,1
"13709","2016010001245",1,9,0,2,0,0,0,0,0,0,2,1,6,3,-1,-1,-1,-1,-1,-1