"","Acc_Index","Vehicle_Reference","Vehicle_Type","Towing_and_Articulation","Vehicle_Manoeuvre","Vehicle_Location.Restricted_Lane","Junction_Location","Skidding_and_Overturning","Hit_Object_in_Carriageway","Vehicle_Leaving_Carriageway","Hit_Object_off_Carriageway","X1st_Point_of_Impact","Was_Vehicle_Left_Hand_Drive","Journey_Purpose_of_Driver","Sex_of_Driver","Age_Band_of_Driver","Engine_Capacity_.CC.","Propulsion_Code","Age_of_Vehicle","Driver_IMD_Decile","Driver_Home_Area_Type"
"137113","2016010001245",2,9,0,18,0,0,0,0,0,0,1,1,6,2,9,1229,1,1,8,1
"13744","2016010001247",1,1,0,18,0,1,0,0,0,0,-1,1,6,3,-1,-1,-1,-1,-1,-1
"13754","2016010001247",2,11,0,4,0,1,0,0,0,0,0,1,6,1,6,-1,-1,-1,-1,-1
"13966","2016010001266",1,9,0,18,0,4,0,0,0,0,4,2,6,1,6,998,1,1,4,1
"13977","2016010001266",2,11,0,18,0,4,0,0,0,0,1,2,1,1,8,4760,2,3,5,1
"14049","2016010001277",1,9,0,18,0,0,0,0,0,0,4,1,6,1,8,875,1,5,8,1
"14059","2016010001279",1,9,0,18,0,2,0,0,0,0,1,1,6,2,4,1598,2,3,7,1
"14064","2016010001279",2,19,0,17,0,1,1,0,0,0,1,1,1,1,6,1998,2,12,1,1
"14347","2016010001306",1,4,0,14,0,6,1,0,0,0,0,1,2,2,8,-1,-1,-1,-1,1
"14354","2016010001306",2,9,0,9,0,1,0,0,0,0,0,1,6,1,-1,-1,-1,-1,-1,1
"14935","2016010001347",1,9,0,9,0,0,0,0,0,0,1,1,6,1,6,1398,1,1,9,1
"14945","2016010001347",2,9,0,18,0,0,1,0,0,0,3,1,1,2,8,998,1,5,3,1
"15415","2016010001380",1,9,0,18,0,8,0,0,0,0,1,1,6,1,6,1240,1,13,3,1
"15424","2016010001380",2,9,0,18,0,8,0,0,7,1,4,1,6,2,5,1598,2,4,-1,-1
"15505","2016010001390",1,1,0,18,0,8,0,0,0,0,1,1,6,2,8,-1,-1,-1,-1,-1
"15715","2016010001411",1,8,0,1,0,0,0,0,0,0,4,1,1,1,8,-1,-1,-1,-1,2
"15785","2016010001417",1,9,0,18,0,1,0,0,0,0,1,1,6,1,9,-1,-1,-1,-1,1
"15795","2016010001417",2,9,0,5,0,5,0,0,0,0,1,1,6,1,5,-1,-1,-1,-1,1
"15805","2016010001418",1,9,0,4,0,0,0,0,0,0,1,1,1,2,8,1298,1,16,2,1
"16114","2016010001450",1,9,0,18,0,5,0,0,1,0,4,2,6,2,9,1390,1,19,4,1
"16125","2016010001450",2,9,0,7,0,2,0,0,0,0,1,1,6,1,7,2499,1,11,3,1
"16534","2016010001479",1,9,0,18,0,0,0,0,0,0,1,1,2,1,9,1596,1,15,4,1
"16654","2016010001506",1,4,0,18,0,8,1,0,0,0,0,1,6,1,8,124,1,-1,2,1
"16664","2016010001506",2,9,0,18,0,8,0,0,0,0,0,2,6,2,6,1364,1,11,9,1
"16784","2016010001528",1,19,0,1,0,0,0,0,0,0,4,1,1,1,6,-1,-1,-1,2,1
"16794","2016010001528",2,11,0,18,0,0,1,0,0,0,3,1,1,1,8,4500,2,4,2,1
"16844","2016010001534",1,9,0,18,4,1,0,0,0,0,4,1,6,3,-1,-1,-1,-1,-1,-1
"16854","2016010001534",2,1,0,18,0,1,0,0,0,0,3,1,6,1,3,-1,-1,-1,7,1
"16924","2016010001540",1,9,-1,10,0,-1,0,-1,-1,0,-1,1,6,2,9,998,1,3,9,1
"16934","2016010001540",2,4,-1,18,0,1,-1,-1,3,-1,-1,1,6,1,7,1050,1,-1,7,1
"17222","2016010001567",1,9,0,18,0,1,0,0,0,0,1,1,6,1,7,4806,1,4,9,1
"17232","2016010001567",2,9,0,18,0,1,0,0,0,0,2,1,6,1,6,2148,2,7,6,1
"17322","2016010001576",1,9,0,6,0,0,0,0,0,0,3,1,6,2,8,1598,1,9,3,1
"17332","2016010001576",2,3,0,14,0,0,0,0,0,0,1,1,6,1,6,125,1,13,7,1
"17472","2016010001584",1,2,0,14,0,2,2,0,0,0,3,1,6,1,6,124,1,-1,3,1
"17482","2016010001588",1,11,0,7,0,8,0,0,0,0,0,1,1,1,7,6700,2,6,1,1
"17661","2016010001602",1,9,0,18,0,8,1,10,7,4,4,1,6,2,4,1360,1,13,3,1
"17671","2016010001602",2,9,0,9,0,6,0,0,0,0,1,1,6,1,7,1995,2,6,5,1
"17971","2016010001662",1,8,0,5,0,3,0,0,1,0,0,1,1,1,8,1497,8,8,4,1
"17981","2016010001662",2,4,0,4,0,3,0,0,0,0,0,1,2,1,6,-1,-1,-1,6,1
"1848","2016010001726",1,11,0,5,0,2,0,0,0,0,0,1,6,1,6,4500,2,2,6,1
"1866","2016010001758",1,19,0,9,0,5,0,0,0,0,3,1,1,1,7,-1,-1,-1,5,1
"1867","2016010001758",2,3,0,14,0,1,0,0,0,0,1,1,1,1,6,108,1,5,4,1
"1874","2016010001766",1,9,0,1,0,2,0,0,0,0,2,1,6,3,-1,-1,-1,-1,-1,-1
"1877","2016010001768",1,5,0,18,0,0,0,0,0,0,1,1,6,1,6,659,1,1,6,1
"1906","2016010001791",1,9,0,2,0,0,0,0,0,0,2,1,6,3,-1,1995,1,5,-1,-1
"1907","2016010001791",2,19,0,18,0,0,0,4,0,0,1,2,2,1,6,-1,-1,-1,-1,-1
"1924","2016010001825",1,9,0,14,0,0,0,0,0,0,3,1,1,1,5,998,1,2,4,1
"1925","2016010001825",2,5,0,14,0,0,0,0,0,0,4,1,2,1,7,1255,1,9,3,1
"1975","2016010001888",1,9,0,17,0,0,0,0,0,0,3,1,3,2,8,-1,-1,-1,-1,1
"1976","2016010001888",2,9,0,18,0,0,0,0,0,0,3,1,6,1,4,-1,-1,-1,-1,1
"1986","2016010001902",1,9,0,4,0,1,1,0,0,0,1,1,6,1,7,2143,2,6,6,1
"1987","2016010001902",2,9,0,18,0,4,0,9,3,1,2,1,6,1,8,1995,2,12,5,1
"1995","2016010001919",1,9,0,9,0,1,0,0,0,0,1,1,6,2,11,1299,1,8,1,1
"1996","2016010001919",2,4,0,18,0,1,0,0,0,0,1,1,6,1,6,125,1,11,-1,-1
"2023","2016010001943",1,9,0,6,0,0,0,0,0,0,3,1,6,2,8,1461,2,1,2,1
"2024","2016010001943",2,1,0,18,0,0,0,0,0,0,1,1,2,1,5,-1,-1,-1,2,1
"2032","2016010001951",1,3,0,18,0,1,2,0,0,0,1,1,2,1,7,125,1,5,9,1
"2033","2016010001951",2,9,0,10,0,1,0,0,0,0,3,1,6,2,7,1364,1,7,4,1
"2047","2016010001959",1,9,0,5,0,8,0,0,0,0,1,1,6,1,5,1995,2,10,7,1
"2048","2016010001959",2,9,0,9,0,8,0,0,0,0,1,1,6,1,5,1390,1,3,3,1
"2049","2016010001960",1,9,0,18,0,0,1,0,1,10,1,1,6,1,5,-1,-1,-1,-1,1
"2050","2016010001963",1,9,-1,-1,-1,5,-1,-1,-1,-1,-1,-1,6,3,-1,-1,-1,-1,-1,-1
"2064","2016010001975",1,9,0,18,0,0,0,0,7,2,1,1,6,1,11,-1,-1,-1,10,1
"2167","2016010002103",1,9,0,9,0,1,0,0,0,0,0,1,6,1,8,-1,-1,-1,4,1
"2168","2016010002103",2,5,0,13,0,1,2,0,0,0,0,1,6,1,8,599,1,16,7,1
"2207","2016010002149",1,9,0,7,0,1,0,0,0,0,1,1,3,2,8,1910,2,8,7,1
"2210","2016010002156",1,9,0,18,0,2,0,0,0,0,1,1,6,2,9,-1,-1,-1,-1,1
"2264","2016010002222",1,1,-1,3,-1,4,-1,0,-1,0,4,1,6,1,6,-1,-1,-1,-1,1
"2265","2016010002222",2,9,0,11,-1,4,0,0,-1,0,3,-1,6,1,4,-1,-1,-1,-1,1
"2266","2016010002226",1,11,0,3,2,1,0,0,0,0,3,1,6,3,-1,-1,-1,-1,-1,-1
"2267","2016010002227",1,1,0,18,0,8,5,7,0,0,1,1,1,1,9,-1,-1,-1,9,1
"2268","2016010002227",2,9,0,1,0,8,0,0,0,0,2,-1,6,2,7,1240,1,6,3,1
"2273","2016010002232",1,9,0,18,0,0,0,0,0,0,2,1,1,2,5,1364,1,9,3,1
"2274","2016010002232",2,19,0,18,0,0,1,0,0,0,1,1,1,1,6,2198,2,1,2,1
"2294","2016010002253",1,3,0,13,0,1,2,0,0,0,4,1,6,1,7,108,1,7,3,1
"2295","2016010002253",2,9,0,6,0,1,0,0,0,0,3,1,6,2,8,1598,1,11,9,1
"2298","2016010002255",1,9,0,18,0,8,0,0,7,0,4,1,6,1,8,1598,1,17,6,1
"2299","2016010002255",2,9,0,5,0,5,0,7,0,0,1,1,6,1,10,1995,2,5,7,3
"2303","2016010002259",1,3,0,18,0,8,1,0,0,0,2,1,2,1,5,-1,-1,-1,3,1
"2332","2016010002282",1,9,0,18,0,0,0,4,0,0,1,1,6,2,5,1360,1,14,2,1
"2333","2016010002282",2,9,0,3,0,0,0,0,0,0,0,1,1,1,6,2497,1,10,5,1
"2387","2016010002322",1,9,0,18,0,1,0,0,0,0,4,1,3,2,6,1560,2,6,4,1
"2396","2016010002339",1,9,-1,18,-1,-1,-1,-1,0,0,4,-1,6,2,5,-1,-1,-1,-1,1
"2397","2016010002341",1,9,-1,-1,-1,-1,-1,-1,-1,-1,-1,-1,6,1,8,-1,-1,-1,-1,1
"2398","2016010002341",2,9,-1,-1,-1,-1,-1,-1,-1,-1,-1,-1,6,3,-1,-1,-1,-1,-1,-1
"2399","2016010002343",1,9,0,18,0,0,0,4,0,0,1,1,6,1,9,1998,2,8,8,1
"2400","2016010002343",2,9,0,2,0,0,0,0,1,0,1,1,6,3,-1,1598,1,7,-1,-1
"2401","2016010002344",1,9,-1,-1,-1,0,-1,-1,-1,-1,-1,-1,6,2,9,-1,-1,-1,-1,-1
"2402","2016010002344",2,9,-1,-1,-1,0,-1,-1,-1,-1,-1,-1,6,1,9,-1,-1,-1,-1,-1
"2417","2016010002360",1,11,0,9,0,8,0,0,0,0,0,1,1,1,8,5132,2,-1,1,1
"2454","2016010002388",1,9,0,4,0,1,0,0,0,0,4,1,6,1,7,1973,1,18,3,1
"2473","2016010002402",1,11,0,18,0,8,0,0,0,0,1,1,6,1,7,4500,2,8,3,1
"2474","2016010002402",2,9,0,9,0,6,0,0,0,0,1,1,1,1,6,1598,2,7,4,1
"2477","2016010002404",1,8,0,3,0,3,0,0,0,0,2,1,1,1,9,1910,2,7,6,1
"2478","2016010002404",2,9,0,4,0,8,1,0,0,0,1,1,6,1,8,1364,1,8,6,1
"2483","2016010002410",1,2,0,18,0,1,1,0,0,0,0,1,1,1,4,108,1,2,3,1
"2510","2016010002434",1,9,0,18,0,0,0,0,0,0,1,1,6,1,7,998,1,3,7,1
"2577","2016010002495",1,9,0,5,0,2,1,10,0,0,1,1,6,2,5,1229,1,9,10,1
"2634","2016010002561",1,9,0,3,0,0,0,0,0,0,2,1,6,1,11,1240,1,13,8,1
"2635","2016010002561",2,9,0,3,0,0,0,0,0,0,2,1,6,2,6,1198,1,4,7,1
"2636","2016010002561",3,9,0,3,0,0,0,0,0,0,2,1,6,1,7,1995,2,8,3,1
"2637","2016010002561",4,9,0,18,0,0,0,0,0,0,1,1,6,1,6,1956,2,-1,8,1
"2643","2016010002570",1,9,0,4,0,1,0,0,0,0,1,1,2,1,9,996,1,7,7,3
"2644","2016010002570",2,9,0,3,0,1,0,0,0,0,2,1,6,2,7,1240,1,12,3,1
"2663","2016010002584",1,11,0,18,0,0,0,0,0,0,1,1,1,2,6,6692,2,7,4,1
"2676","2016010002597",1,9,0,18,0,0,0,0,0,0,1,1,6,2,6,1598,2,5,3,1
"2677","2016010002597",2,8,0,4,0,0,0,0,0,0,2,1,6,1,7,1896,2,7,3,1
"2678","2016010002597",3,9,0,4,0,0,0,0,0,0,2,1,6,1,9,-1,-1,-1,4,1
"2686","2016010002618",1,8,0,18,0,1,0,0,0,0,4,1,2,1,7,1339,8,6,2,1
"2687","2016010002618",2,9,0,10,0,6,0,0,0,0,1,1,6,2,8,1461,2,6,9,1
"2688","2016010002621",1,9,0,2,0,6,0,0,0,0,2,1,6,3,-1,2493,8,2,-1,-1
"2689","2016010002621",2,9,0,2,0,6,0,0,0,0,3,1,6,3,-1,1968,2,2,-1,-1
"2690","2016010002621",3,9,0,18,0,6,0,0,0,0,4,1,6,2,9,1598,2,4,8,1
"2692","2016010002625",1,9,0,10,0,7,0,0,0,0,1,1,6,1,6,1995,2,4,9,1
"2693","2016010002625",2,9,0,18,0,1,0,0,0,0,1,1,6,1,8,1998,1,14,7,1
"2746","2016010002661",1,9,0,7,0,5,0,0,0,0,4,1,6,1,7,1197,1,-1,-1,-1
"2747","2016010002661",2,1,0,18,0,1,0,0,0,0,3,1,2,1,5,-1,-1,-1,5,1
"2761","2016010002670",1,3,0,18,0,0,2,0,0,0,1,1,1,1,6,102,1,9,3,1
"2762","2016010002670",2,9,0,18,0,0,0,0,0,0,3,1,6,1,5,1839,1,20,6,1
"2789","2016010002752",1,9,0,9,0,5,0,0,0,0,1,1,3,2,8,1198,1,4,7,1
"2790","2016010002752",2,3,0,18,0,1,0,0,0,0,1,1,2,1,6,125,1,-1,2,1
"2814","2016010002814",1,19,0,18,0,8,0,0,0,0,3,1,1,1,6,2198,2,-1,2,1
"2815","2016010002814",2,9,0,18,0,8,1,10,1,0,4,1,1,1,8,1997,2,3,2,1
"2817","2016010002820",1,9,0,5,0,0,0,0,0,0,4,1,6,2,6,-1,-1,-1,-1,1
"2818","2016010002820",2,20,4,18,0,0,0,0,0,0,1,2,1,1,7,-1,-1,-1,-1,-1
"2831","2016010002835",1,11,0,3,0,1,0,0,0,0,0,1,1,1,8,3900,2,11,6,1
"2833","2016010002837",1,11,0,18,0,1,0,0,0,0,0,1,1,1,7,9000,2,7,6,1
"2834","2016010002837",2,9,0,18,0,6,0,0,0,0,0,1,6,3,-1,1598,1,4,-1,-1
"2835","2016010002838",1,11,0,4,0,0,0,0,0,0,0,1,6,1,8,4500,2,-1,4,1
"2914","2016010002979",1,9,0,5,0,2,0,0,0,0,1,1,6,2,8,1388,1,14,6,1
"2915","2016010002979",2,9,0,5,0,2,0,0,0,0,2,1,6,1,7,1998,1,6,4,1
"2916","2016010002980",1,1,0,13,0,0,0,0,0,0,1,1,6,3,-1,-1,-1,-1,-1,-1
"2917","2016010002980",2,1,0,14,0,0,0,0,0,0,2,1,6,1,8,-1,-1,-1,-1,-1
"2918","2016010002981",1,9,-1,-1,-1,-1,-1,-1,-1,0,-1,1,6,1,7,-1,-1,-1,-1,1
"2919","2016010002981",2,9,-1,-1,-1,-1,-1,-1,-1,-1,-1,1,6,1,4,-1,-1,-1,-1,1
"2920","2016010002981",3,9,-1,-1,-1,-1,-1,-1,-1,-1,-1,-1,6,3,-1,-1,-1,-1,-1,-1
"2935","2016010002998",1,19,0,9,0,0,0,0,0,0,3,1,1,1,8,2295,7,13,5,1
"2936","2016010002998",2,4,0,13,0,0,0,0,0,0,4,1,1,1,7,125,1,5,4,1
"2949","2016010003013",1,9,0,18,0,1,0,0,0,0,3,1,2,1,5,1584,1,11,9,1
"2950","2016010003013",2,9,0,18,0,1,0,0,0,0,1,1,2,1,6,1998,1,13,8,1
"2969","2016010003030",1,9,0,18,0,0,0,0,0,0,4,1,6,2,9,1598,1,4,2,1
"2970","2016010003031",1,9,0,18,0,0,0,0,0,0,1,1,1,2,8,1968,2,8,5,1
"2979","2016010003039",1,9,0,9,0,5,0,0,0,0,1,1,6,1,6,1596,1,5,8,1
"2983","2016010003042",1,9,0,9,0,8,0,0,0,0,4,1,2,1,7,2979,1,-1,7,1
"2984","2016010003042",2,9,0,18,0,8,0,0,0,0,1,1,6,2,9,1598,1,9,10,1
"3023","2016010003115",1,9,0,18,0,0,0,0,0,0,1,1,3,2,6,1699,1,10,7,1
"3024","2016010003115",2,9,0,18,0,0,0,0,0,0,2,1,6,2,8,1587,1,10,6,1
"3025","2016010003115",3,9,0,18,0,0,0,0,0,0,2,1,6,2,9,1390,1,6,1,1
"3055","2016010003158",1,9,0,18,0,8,0,0,0,0,1,1,1,2,7,1498,1,-1,1,1
"3056","2016010003158",2,9,0,18,0,8,0,4,0,0,4,1,6,2,7,1390,1,12,9,1
"3057","2016010003158",3,9,0,2,0,1,0,4,0,0,2,1,6,3,-1,1997,2,13,-1,-1
"3058","2016010003158",4,9,0,2,0,1,0,0,0,0,1,1,6,3,-1,1398,1,6,-1,-1
"3080","2016010003209",1,9,0,9,0,4,0,10,7,0,4,1,6,2,4,998,1,5,9,1
"3081","2016010003209",2,9,0,18,0,4,1,7,1,10,1,1,6,3,-1,-1,-1,-1,-1,-1
"3085","2016010003221",1,9,0,18,0,1,0,0,0,0,4,1,3,1,6,-1,-1,-1,-1,1
"3086","2016010003223",1,9,0,9,0,5,0,0,0,0,1,1,6,2,9,1598,1,4,9,1
"3099","2016010003231",1,11,0,18,0,0,0,4,0,0,4,1,1,1,9,5132,2,-1,7,1
"3100","2016010003231",2,11,0,2,2,0,0,0,0,0,2,1,6,3,-1,3900,2,13,-1,-1
"3132","2016010003247",1,9,0,10,0,5,0,0,0,0,2,1,6,2,7,1598,1,14,7,1
"3133","2016010003247",2,5,0,18,0,1,0,0,0,0,1,1,6,1,5,599,1,16,9,1
"3145","2016010003254",1,9,0,11,0,0,1,0,0,0,3,1,6,1,4,1598,1,11,2,1
"3146","2016010003254",2,9,0,18,0,0,0,0,0,0,1,1,6,1,-1,1999,1,11,3,1
"3199","2016010003330",1,9,0,3,0,1,0,0,0,0,1,-1,6,3,-1,-1,-1,-1,-1,-1
"3213","2016010003351",1,11,0,4,0,8,0,0,0,0,0,1,1,1,8,7300,2,11,9,1
"3245","2016010003390",1,11,0,4,2,2,0,0,0,0,0,1,1,1,7,4500,2,6,-1,-1
"3247","2016010003394",1,2,0,18,0,0,0,0,0,0,4,1,6,3,-1,-1,-1,-1,-1,-1
"3252","2016010003397",1,9,0,15,0,0,0,0,0,0,1,1,6,1,7,1248,1,1,4,1
"3253","2016010003397",2,9,0,3,0,0,0,0,0,0,2,1,6,1,4,999,1,-1,4,1
"3259","2016010003406",1,9,0,5,0,0,0,0,0,0,1,1,6,2,7,1598,1,7,10,1
"3260","2016010003406",2,9,0,10,0,0,0,0,0,0,2,1,6,1,5,999,1,1,10,1
"3272","2016010003425",1,11,0,5,0,1,0,0,0,0,0,1,1,1,9,4500,2,4,8,1
"3285","2016010003441",1,9,0,18,0,-1,0,0,0,0,3,-1,2,2,6,1798,1,8,6,1
"3286","2016010003441",2,9,-1,5,0,6,0,0,0,0,1,-1,6,1,4,1498,1,11,-1,-1
"3292","2016010003449",1,9,0,5,0,3,0,0,0,0,0,1,6,2,10,-1,-1,-1,-1,1
"3319","2016010003470",1,9,0,18,0,2,0,0,0,0,1,1,6,2,7,2000,1,12,7,1
"3324","2016010003474",1,5,0,17,0,0,1,10,1,2,1,1,6,1,6,1170,1,-1,9,1
"3334","2016010003481",1,9,0,7,0,0,0,0,0,0,2,1,2,2,7,-1,-1,-1,-1,1
"3335","2016010003481",2,5,0,18,0,0,0,0,0,0,2,1,6,1,6,-1,-1,-1,-1,1
"3372","2016010003518",1,19,0,5,0,0,0,0,6,10,2,1,2,1,7,1753,2,10,5,1
"3373","2016010003518",2,9,0,18,0,0,1,0,0,0,1,1,2,2,5,1988,2,12,8,1
"3384","2016010003526",1,9,0,18,0,0,0,0,0,0,3,1,6,1,11,1798,1,1,10,1
"3400","2016010003540",1,9,0,17,0,1,0,0,0,0,4,1,6,1,8,1461,2,4,6,1
"3401","2016010003540",2,9,0,10,0,6,0,0,0,0,1,1,6,1,9,1799,1,19,8,1
"3432","2016010003556",1,8,0,18,0,0,0,0,0,0,1,1,1,1,6,-1,-1,-1,-1,1
"3457","2016010003576",1,4,0,18,0,0,5,0,0,0,1,1,6,1,7,-1,-1,-1,-1,1
"3477","2016010003597",1,9,0,18,0,1,0,0,0,0,1,1,2,1,6,2231,2,8,4,1
"3478","2016010003597",2,9,0,18,0,1,0,0,0,0,1,1,6,3,-1,-1,-1,-1,-1,-1
"3507","2016010003624",1,9,0,7,0,5,0,0,0,0,4,1,6,1,9,-1,-1,-1,-1,1
"3508","2016010003624",2,1,0,18,0,8,0,0,0,0,1,1,6,1,7,-1,-1,-1,-1,1
"3518","2016010003636",1,9,0,9,0,5,0,0,0,0,3,1,6,2,7,1798,8,3,3,1
"3536","2016010003650",1,9,0,18,0,0,5,0,8,10,1,1,6,1,5,1734,1,11,2,1
"3537","2016010003651",1,9,0,9,0,5,0,0,3,0,4,1,6,2,7,1405,1,10,2,1
"3538","2016010003651",2,3,0,18,0,1,0,0,0,0,1,1,6,1,6,125,1,13,3,1
"3539","2016010003652",1,9,0,18,0,1,0,0,0,0,3,1,1,1,8,1582,2,4,-1,-1
"3540","2016010003652",2,9,0,11,0,1,0,0,0,0,4,1,6,1,7,1598,2,-1,3,1
"3561","2016010003666",1,8,0,3,0,0,0,0,0,0,1,1,1,1,7,1339,8,4,4,1
"3562","2016010003674",1,9,-1,-1,-1,0,-1,-1,-1,-1,2,-1,6,2,6,-1,-1,-1,-1,1
"3563","2016010003674",2,9,-1,-1,-1,0,-1,-1,-1,-1,1,-1,6,1,4,-1,-1,-1,-1,-1
"3568","2016010003688",1,9,0,18,-1,-1,0,0,0,0,2,1,6,2,5,-1,-1,-1,-1,1
"3569","2016010003688",2,9,0,18,-1,-1,0,0,0,0,1,1,6,2,7,-1,-1,-1,-1,-1
"3578","2016010003701",1,9,0,18,0,1,0,0,0,0,1,1,3,2,6,1598,1,5,6,1
"3579","2016010003701",2,9,0,4,0,1,0,0,0,0,1,1,3,2,10,1995,2,10,5,1
"3614","2016010003757",1,8,0,9,4,0,0,0,0,0,1,1,1,1,7,2143,2,5,7,1
"3615","2016010003757",2,1,0,18,0,0,0,0,0,0,1,1,6,1,9,-1,-1,-1,7,1
"3619","2016010003762",1,1,-1,-1,0,6,0,-1,-1,-1,-1,1,6,1,6,-1,-1,-1,4,1
"3644","2016010003811",1,4,0,18,0,8,0,0,0,0,3,1,6,1,7,125,1,2,4,1
"3645","2016010003811",2,9,0,18,0,1,0,0,0,0,1,1,6,3,-1,1560,2,7,-1,-1
"3650","2016010003816",1,9,0,18,0,0,0,4,0,0,3,1,6,1,10,1584,1,9,10,1
"3651","2016010003816",2,9,0,2,0,0,0,0,0,0,2,1,6,3,-1,1999,1,5,-1,-1
"3652","2016010003816",3,9,0,2,0,0,0,4,0,0,2,1,6,3,-1,1598,1,7,-1,-1
"3667","2016010003826",1,19,0,1,0,0,0,0,0,0,2,1,2,1,6,1968,2,-1,9,1
"3668","2016010003826",2,3,0,18,0,0,0,0,0,0,1,1,6,1,6,124,1,9,5,1
"3678","2016010003835",1,8,0,3,0,0,0,0,0,0,2,1,1,1,8,2143,2,1,4,1
"3679","2016010003835",2,9,0,4,0,0,0,0,0,0,1,1,6,1,6,1395,1,1,9,1
"3694","2016010003847",1,9,0,9,0,8,0,0,0,0,1,1,6,2,6,1596,1,10,3,1
"3695","2016010003847",2,1,0,18,0,8,0,0,0,0,1,1,6,2,7,-1,-1,-1,3,1
"3710","2016010003873",1,19,0,3,0,0,0,0,0,0,3,1,2,1,8,2198,2,4,2,1
"3711","2016010003873",2,5,0,13,0,0,2,0,0,0,1,1,2,1,7,998,1,7,9,1
"3712","2016010003873",3,9,0,18,0,0,0,0,0,0,4,1,6,3,-1,1991,8,-1,-1,-1
"3736","2016010003920",1,9,0,3,0,1,0,0,0,0,2,1,6,2,6,1461,2,5,4,1
"3737","2016010003920",2,19,0,18,0,1,0,0,0,0,1,1,6,1,4,1598,2,1,9,1
"3740","2016010003923",1,9,0,18,0,1,1,0,1,10,4,1,6,2,6,1149,1,1,4,1
"3743","2016010003927",1,9,0,10,0,6,0,0,0,0,1,1,6,2,6,1596,1,5,6,1
"3744","2016010003927",2,5,0,13,0,1,0,0,0,0,1,1,6,1,5,649,1,-1,3,1
"3755","2016010003936",1,3,0,14,0,8,0,0,0,0,1,1,6,3,-1,-1,-1,-1,-1,-1
"3756","2016010003940",1,5,0,18,0,0,1,0,0,0,0,1,2,1,5,998,1,8,8,1
"3757","2016010003940",2,5,0,18,0,0,1,0,0,0,0,1,2,1,8,499,1,16,8,1
"3758","2016010003942",1,9,0,18,0,0,0,0,0,0,1,1,6,1,8,-1,-1,-1,-1,1
"3759","2016010003942",2,19,0,18,0,0,0,0,0,0,2,1,1,1,6,-1,-1,-1,-1,1
"3760","2016010003942",3,19,4,18,0,0,0,0,0,0,2,1,1,1,8,-1,-1,-1,-1,1
"3763","2016010003944",1,9,0,4,0,1,0,0,0,0,2,1,4,1,4,1490,1,10,1,1
"3764","2016010003944",2,9,0,4,0,1,1,0,0,0,2,1,2,1,6,998,1,9,2,1
"3765","2016010003944",3,9,0,4,0,1,1,0,0,0,1,1,6,2,8,1595,1,2,9,1
"3786","2016010003975",1,9,0,3,0,0,0,0,0,0,2,1,6,1,7,-1,-1,-1,-1,-1
"3787","2016010003975",2,19,0,3,0,0,0,0,0,0,1,1,6,3,-1,-1,-1,-1,-1,-1
"3799","2016010003995",1,9,0,18,0,0,0,0,6,0,1,1,6,1,7,1598,2,6,7,1
"3800","2016010003995",2,19,0,18,0,0,0,0,6,0,3,1,1,1,5,-1,-1,-1,1,1
"3815","2016010004010",1,3,0,18,0,1,0,0,0,0,1,1,2,1,5,109,1,2,5,1
"3816","2016010004010",2,9,0,10,0,8,0,0,0,0,3,2,6,3,-1,998,1,8,-1,-1
"3822","2016010004019",1,9,0,5,0,6,0,0,0,0,0,1,2,1,6,1968,2,-1,4,1
"3823","2016010004019",2,5,0,14,0,1,0,0,0,0,1,1,6,1,6,647,1,6,8,1
"3835","2016010004027",1,9,0,3,0,1,0,0,0,0,2,1,2,2,9,1240,1,10,9,1
"3836","2016010004027",2,19,0,5,0,1,0,0,0,0,1,1,6,1,7,1248,2,4,5,1
"3839","2016010004031",1,9,0,16,0,5,0,10,1,2,1,1,6,1,11,1296,1,9,10,1
"3847","2016010004039",1,9,0,5,0,8,0,0,0,0,1,1,2,1,9,1968,2,-1,3,1
"3848","2016010004039",2,9,0,5,0,8,0,0,0,0,0,1,6,1,5,-1,-1,-1,10,1
"3849","2016010004040",1,9,0,9,0,1,0,0,0,0,1,1,6,2,6,2143,2,3,6,1
"3853","2016010004044",1,90,0,18,0,2,0,0,0,0,4,1,1,1,6,-1,-1,-1,4,1
"388010","2016010004085",1,3,-1,18,0,-1,2,-1,0,0,1,1,6,2,7,125,1,1,2,1
"388110","2016010004085",2,9,-1,10,0,-1,0,0,0,0,3,1,6,2,6,1240,1,11,4,1
"393410","2016010004202",1,9,0,9,0,6,0,0,0,0,1,1,2,2,7,-1,-1,-1,9,1
"393510","2016010004202",2,9,0,18,0,8,0,0,0,0,3,1,6,1,10,1595,1,12,9,1
"394410","2016010004215",1,9,0,7,0,1,0,0,0,0,1,1,6,3,-1,-1,-1,-1,-1,-1
"398010","2016010004271",1,1,0,18,0,8,0,0,0,0,4,1,2,2,9,-1,-1,-1,7,1
"398110","2016010004271",2,9,0,7,0,8,0,0,0,0,0,1,6,3,-1,-1,-1,-1,-1,-1
"398410","2016010004275",1,9,0,18,0,1,0,0,0,0,1,1,6,1,11,1951,2,13,9,1
"400110","2016010004288",1,4,0,18,0,1,1,0,0,0,0,1,6,1,5,108,1,1,3,1