"","Acc_Index","Vehicle_Reference","Vehicle_Type","Towing_and_Articulation","Vehicle_Manoeuvre","Vehicle_Location.Restricted_Lane","Junction_Location","Skidding_and_Overturning","Hit_Object_in_Carriageway","Vehicle_Leaving_Carriageway","Hit_Object_off_Carriageway","X1st_Point_of_Impact","Was_Vehicle_Left_Hand_Drive","Journey_Purpose_of_Driver","Sex_of_Driver","Age_Band_of_Driver","Engine_Capacity_.CC.","Propulsion_Code","Age_of_Vehicle","Driver_IMD_Decile","Driver_Home_Area_Type"
"4004","2016010004292",1,9,0,9,0,8,0,0,0,0,1,1,6,1,6,1395,1,-1,3,1
"4005","2016010004293",1,9,0,10,0,1,0,0,0,0,2,1,6,2,4,1299,1,12,10,1
"400610","2016010004293",2,9,0,18,0,1,0,0,0,0,1,1,6,1,7,1596,1,9,9,1
"401410","2016010004299",1,9,0,5,0,0,0,0,0,0,1,1,6,1,8,1248,2,8,4,1
"401510","2016010004299",2,3,0,18,0,0,1,0,0,0,0,1,6,1,5,109,1,2,4,1
"401810","2016010004301",1,11,0,2,0,1,0,0,0,0,0,1,6,3,-1,4500,2,2,-1,-1
"401910","2016010004302",1,4,0,18,0,2,1,0,0,0,0,1,2,1,6,-1,-1,-1,2,1
"402510","2016010004309",1,9,0,18,0,1,0,0,0,0,4,1,1,2,6,1388,1,7,4,1
"40262","2016010004310",1,9,0,3,0,8,0,0,0,0,2,1,6,2,8,1586,1,6,7,1
"40271","2016010004310",2,9,0,18,0,8,0,0,0,0,1,1,6,2,10,1598,1,6,8,1
"406310","2016010004374",1,5,0,18,0,1,0,0,0,0,1,1,2,1,5,649,1,1,6,1
"406410","2016010004374",2,9,0,9,0,5,0,0,0,0,4,1,6,1,7,2993,2,6,8,1
"406910","2016010004388",1,8,0,3,0,0,0,0,0,0,0,2,6,1,10,-1,-1,-1,4,1
"407810","2016010004401",1,9,0,18,0,8,0,0,0,0,1,2,3,1,7,-1,-1,-1,-1,1
"407910","2016010004401",2,9,0,18,0,1,0,0,0,0,3,1,3,2,7,-1,-1,-1,-1,1
"409810","2016010004428",1,9,0,7,0,4,0,0,0,0,1,1,2,2,6,-1,-1,-1,-1,1
"409910","2016010004428",2,1,0,17,0,8,0,0,0,0,4,1,6,1,8,-1,-1,-1,-1,1
"410210","2016010004431",1,1,0,-1,0,-1,0,-1,0,0,1,1,6,1,7,-1,-1,-1,7,1
"410310","2016010004431",2,9,-1,-1,0,2,-1,-1,-1,-1,1,-1,6,1,8,1596,1,10,2,1
"411210","2016010004450",1,9,0,18,0,1,0,0,0,0,1,1,6,1,6,-1,-1,-1,-1,1
"417010","2016010004504",1,9,0,18,0,1,0,0,0,0,1,1,2,1,9,1598,1,13,10,1
"417110","2016010004504",2,9,0,1,0,1,0,0,0,0,4,1,6,1,7,-1,-1,-1,5,1
"418210","2016010004511",1,9,0,18,0,6,0,0,0,0,1,1,6,1,10,1591,1,2,7,1
"420210","2016010004521",1,9,0,4,0,1,1,0,0,0,3,1,6,1,5,1368,1,-1,-1,-1
"420310","2016010004521",2,9,0,18,0,1,0,0,0,0,1,1,6,2,7,2143,2,4,7,1
"425310","2016010004591",1,9,-1,7,0,5,-1,0,1,0,2,1,6,2,6,1595,1,8,8,1
"425410","2016010004591",2,90,-1,5,0,5,-1,0,-1,0,1,1,6,1,10,-1,-1,-1,7,1
"4276","2016010004640",1,9,0,5,0,4,0,0,0,0,3,1,6,1,6,-1,-1,-1,4,1
"427710","2016010004640",2,4,0,13,0,4,0,9,0,0,4,1,2,1,8,124,1,1,7,1
"429410","2016010004659",1,9,0,3,0,1,0,0,0,0,2,1,6,2,6,1390,1,12,2,1
"429510","2016010004659",2,9,0,18,0,1,0,0,0,0,1,1,6,1,4,-1,-1,-1,-1,-1
"430510","2016010004677",1,8,0,3,0,2,0,0,0,0,2,1,6,1,8,1798,8,-1,3,1
"430610","2016010004677",2,10,0,3,0,1,0,0,0,0,1,1,1,2,9,-1,-1,-1,10,1
"430710","2016010004677",3,11,0,4,0,1,0,0,0,0,1,1,1,1,7,5132,2,1,5,1
"431210","2016010004685",1,9,0,7,0,1,0,0,0,0,2,1,6,1,6,1598,1,10,6,1
"431310","2016010004685",2,11,0,18,0,1,0,0,0,0,1,1,1,1,6,6696,2,3,5,1
"4333","2016010004710",1,11,0,5,0,1,0,0,0,0,0,1,1,1,8,3900,2,13,4,1
"4363","2016010004734",1,9,0,9,0,6,0,0,0,0,3,1,6,2,9,-1,-1,-1,10,1
"4380","2016010004744",1,8,0,7,0,1,0,0,0,0,0,1,1,1,7,1596,1,5,2,1
"4381","2016010004744",2,1,0,18,9,2,1,0,1,0,1,1,6,1,6,-1,-1,-1,2,1
"4384","2016010004747",1,5,0,18,0,0,0,0,0,0,1,1,6,1,6,599,1,8,7,1
"4385","2016010004747",2,9,0,6,0,0,0,0,0,0,3,1,6,2,6,1596,1,5,8,1
"4404","2016010004759",1,19,0,9,0,6,0,0,0,0,1,1,1,2,7,-1,-1,-1,-1,1
"4405","2016010004759",2,3,0,18,0,1,0,0,0,0,1,1,6,1,6,-1,-1,-1,-1,1
"4417","2016010004770",1,8,0,18,0,1,0,0,0,0,1,1,1,1,8,1797,8,5,4,1
"4418","2016010004770",2,9,0,7,0,1,0,0,0,0,4,1,6,1,11,1248,1,2,7,1
"4421","2016010004775",1,3,0,18,0,8,0,0,0,0,2,1,2,1,4,108,1,-1,3,1
"4422","2016010004775",2,9,0,9,0,1,0,0,0,0,3,1,6,1,6,1998,1,17,7,1
"4432","2016010004784",1,4,0,18,0,0,5,0,0,0,2,1,6,1,7,125,1,1,9,1
"4433","2016010004784",2,4,0,18,0,0,5,0,0,0,1,1,6,1,8,1037,1,1,2,1
"4461","2016010004909",1,9,0,17,0,1,0,0,1,2,1,1,6,2,7,-1,-1,-1,5,1
"4491","2016010004941",1,9,0,18,0,0,0,4,0,0,4,1,6,2,10,1390,1,12,5,1
"4492","2016010004941",2,9,0,2,0,0,0,0,0,0,4,1,6,3,-1,1587,1,9,-1,-1
"4511","2016010004953",1,9,0,17,0,2,0,10,0,0,4,1,6,2,5,2143,2,2,8,1
"4570","2016010004998",1,9,0,16,0,0,1,6,0,0,1,1,6,2,5,1229,1,6,3,1
"4577","2016010005013",1,9,0,18,0,8,0,0,0,0,1,1,6,1,4,1596,1,7,7,1
"4588","2016010005024",1,8,0,18,0,4,0,0,0,0,4,1,1,1,8,2143,12,3,5,1
"4589","2016010005024",2,9,0,18,0,4,0,0,0,0,1,1,6,1,7,2993,2,6,8,1
"4592","2016010005026",1,9,0,4,0,1,0,0,0,0,2,1,6,1,6,1560,2,8,8,1
"4593","2016010005026",2,9,0,3,0,1,0,0,0,0,1,1,6,1,6,1798,8,4,6,1
"4603","2016010005037",1,9,0,18,0,8,0,0,7,10,4,1,6,1,8,1998,1,18,4,1
"4604","2016010005037",2,9,0,18,0,4,0,10,0,0,1,1,6,1,8,1686,2,6,6,1
"4617","2016010005051",1,9,0,18,0,1,0,0,1,0,1,1,2,1,9,1360,1,12,2,1
"4638","2016010005070",1,3,0,4,0,1,1,0,0,0,0,1,6,1,5,125,1,-1,2,1
"4652","2016010005085",1,9,0,18,0,0,2,4,0,0,4,1,6,1,10,1600,1,10,5,1
"4653","2016010005085",2,9,0,2,0,0,0,0,0,0,3,1,6,3,-1,1396,1,16,-1,-1
"4672","2016010005118",1,9,-1,4,-1,-1,-1,-1,-1,-1,-1,1,6,2,8,-1,-1,-1,-1,1
"4673","2016010005118",2,9,-1,18,-1,-1,-1,-1,-1,-1,-1,1,6,3,-1,-1,-1,-1,-1,-1
"4682","2016010005127",1,11,0,18,0,1,0,0,0,0,1,1,1,1,7,7300,2,10,3,1
"4683","2016010005127",2,8,0,5,0,1,0,0,0,0,3,1,1,1,6,-1,-1,-1,4,1
"4695","2016010005138",1,9,0,9,0,2,0,0,0,0,3,1,6,2,6,-1,-1,-1,6,1
"4696","2016010005138",2,9,0,16,0,8,0,0,0,0,1,1,2,2,6,1794,1,14,5,3
"4701","2016010005154",1,9,0,4,0,1,0,0,0,0,2,1,6,1,4,1598,1,13,10,1
"4702","2016010005154",2,9,0,4,0,1,0,0,0,0,1,1,6,1,11,1596,1,13,9,1
"4713","2016010005172",1,2,0,18,0,1,2,0,0,0,1,1,6,1,5,109,1,2,6,1
"4714","2016010005172",2,9,0,9,0,8,0,0,0,0,1,1,6,3,-1,-1,-1,-1,-1,-1
"4728","2016010005198",1,9,0,18,0,1,0,0,0,0,1,1,6,1,8,1968,2,4,2,1
"4729","2016010005198",2,2,0,18,0,1,0,0,0,0,1,1,6,1,4,49,1,8,3,1
"4730","2016010005198",3,8,0,4,0,1,0,0,0,0,1,1,6,1,8,1794,1,10,2,1
"4739","2016010005204",1,9,0,18,0,1,0,0,0,0,1,1,6,2,7,1198,1,1,6,1
"4740","2016010005204",2,19,0,5,0,2,0,0,0,0,4,1,1,1,6,2143,2,2,9,1
"4743","2016010005213",1,9,0,18,0,0,0,4,0,0,1,1,6,2,11,1339,1,3,9,1
"4744","2016010005213",2,19,0,2,0,0,0,0,0,0,2,1,6,3,-1,2143,2,1,-1,-1
"4758","2016010005225",1,8,0,9,0,2,0,0,0,0,3,1,1,1,9,-1,-1,-1,-1,1
"4759","2016010005225",2,3,0,18,0,1,0,0,0,0,1,1,6,1,4,-1,-1,-1,-1,1
"4764","2016010005229",1,9,0,9,0,5,0,0,0,0,1,1,6,1,8,2776,2,10,6,1
"4765","2016010005229",2,1,0,18,0,8,0,0,0,0,1,1,6,1,7,-1,-1,-1,5,1
"4767","2016010005232",1,9,0,16,0,1,0,0,0,0,2,1,6,1,8,2143,2,5,5,1
"4768","2016010005232",2,9,0,11,0,1,0,0,0,0,1,1,6,1,7,998,1,8,-1,-1
"4775","2016010005243",1,9,0,9,0,0,1,0,0,0,1,1,2,1,6,2496,1,10,2,1
"4778","2016010005245",1,9,0,18,0,8,0,0,0,0,1,1,1,1,7,1388,1,4,-1,-1
"4779","2016010005245",2,9,0,9,0,1,0,0,0,0,1,1,1,2,7,1386,1,9,-1,-1
"4808","2016010005286",1,9,0,5,0,1,0,0,0,0,1,1,2,2,6,1388,1,11,8,1
"4809","2016010005286",2,1,0,5,0,1,0,0,0,0,1,1,2,1,8,-1,-1,-1,3,1
"4810","2016010005288",1,9,0,16,0,4,0,0,0,0,2,1,1,1,8,998,1,-1,7,1
"4811","2016010005288",2,9,0,5,0,4,0,0,0,0,1,1,2,1,10,1794,1,8,8,1
"4855","2016010005363",1,3,0,18,0,8,0,0,0,0,1,1,2,1,6,124,1,7,4,1
"4934","2016010005496",1,9,0,17,0,8,0,0,0,0,1,1,2,2,8,1995,2,12,9,1
"4947","2016010005531",1,3,0,18,0,1,-1,0,0,0,3,1,6,2,8,124,1,18,-1,-1
"4948","2016010005531",2,9,-1,9,0,2,0,0,0,0,1,-1,6,1,4,1598,2,2,2,1
"4991","2016010005620",1,3,0,16,-1,-1,-1,-1,-1,-1,3,1,6,1,7,-1,-1,-1,-1,1
"5075","2016010005689",1,9,0,18,0,0,0,0,0,0,2,1,6,2,7,1598,1,3,9,1
"5076","2016010005689",2,9,0,18,0,0,0,0,0,0,1,1,2,1,5,1998,1,-1,6,1
"5081","2016010005694",1,9,0,18,0,8,1,0,8,10,1,1,6,1,5,1000,1,2,10,1
"5082","2016010005694",2,9,0,9,0,2,0,0,0,0,0,1,6,1,6,1199,1,12,7,1
"5092","2016010005712",1,19,0,9,0,5,0,0,0,0,1,1,2,1,5,1753,2,3,5,1
"5093","2016010005712",2,5,0,18,0,1,0,0,0,0,3,1,2,1,6,599,1,16,4,1
"5098","2016010005724",1,1,0,-1,0,-1,0,0,0,0,2,1,6,1,7,-1,-1,-1,8,1
"5099","2016010005724",2,19,-1,13,0,-1,-1,-1,-1,-1,1,-1,6,1,6,2402,2,6,-1,-1
"5110","2016010005738",1,9,0,18,0,0,0,0,0,0,1,1,6,1,9,1198,1,1,-1,-1
"5111","2016010005738",2,19,0,13,0,0,0,0,0,0,4,-1,6,3,-1,1598,2,9,-1,-1
"5121","2016010005757",1,9,-1,-1,0,-1,-1,4,0,0,3,-1,6,2,7,1984,2,3,9,1
"5122","2016010005757",2,19,0,18,0,8,0,0,0,0,3,1,6,1,4,2198,2,5,-1,-1
"5123","2016010005761",1,9,-1,10,0,-1,0,0,0,0,1,-1,6,2,6,1598,1,3,9,1
"5124","2016010005761",2,9,-1,1,0,-1,0,0,0,0,2,-1,6,1,6,1797,8,6,2,1
"5126","2016010005765",1,9,-1,5,-1,-1,-1,-1,-1,0,-1,1,2,1,6,-1,-1,-1,-1,1
"5127","2016010005765",2,9,-1,-1,-1,-1,-1,-1,0,0,-1,-1,6,2,4,-1,-1,-1,-1,1
"5132","2016010005781",1,19,0,10,0,1,0,0,0,0,0,1,2,1,9,1753,2,8,9,1
"5133","2016010005781",2,2,0,18,0,1,1,0,0,0,0,1,6,1,9,-1,-1,-1,9,1
"5148","2016010005818",1,9,0,16,0,0,5,0,0,0,0,1,6,1,8,-1,-1,-1,8,1
"5154","2016010005827",1,19,-1,-1,-1,-1,-1,-1,-1,-1,-1,-1,6,3,-1,-1,-1,-1,-1,-1
"5155","2016010005827",2,1,-1,-1,-1,-1,-1,-1,-1,-1,-1,1,6,2,7,-1,-1,-1,-1,1
"5163","2016010005846",1,9,0,18,0,8,0,4,0,0,2,1,6,1,8,1598,1,11,6,1
"5164","2016010005846",2,9,0,2,0,8,0,4,0,0,2,1,6,3,-1,1598,1,4,-1,-1
"5165","2016010005846",3,9,0,2,0,8,0,0,0,0,2,1,6,3,-1,1796,1,13,-1,-1
"5180","2016010005885",1,3,0,14,0,0,1,0,0,0,1,1,6,1,6,125,1,2,9,1
"5181","2016010005885",2,9,0,6,0,0,0,0,0,0,3,1,6,1,9,1390,1,15,10,1
"5182","2016010005886",1,9,0,9,0,1,0,11,0,0,1,1,6,2,8,-1,-1,-1,10,1
"5183","2016010005886",2,5,0,18,0,1,0,11,0,0,1,1,2,1,7,649,1,23,8,1
"5225","2016010005917",1,1,0,16,0,2,0,10,1,0,1,1,6,1,8,-1,-1,-1,-1,-1
"5228","2016010005921",1,9,0,18,0,1,0,0,0,0,1,1,6,1,5,1910,2,10,7,1
"5229","2016010005921",2,9,0,4,0,1,0,0,3,10,4,1,6,2,6,1587,1,14,4,1
"5232","2016010005924",1,3,0,18,0,1,2,0,0,0,1,1,2,1,5,125,1,8,5,1
"5233","2016010005924",2,9,0,9,0,6,0,0,0,0,3,1,2,1,4,-1,-1,-1,3,1
"5236","2016010005926",1,9,0,18,0,8,0,0,0,0,1,1,3,2,8,1199,1,16,6,1
"5237","2016010005926",2,9,0,9,0,8,0,0,0,0,1,1,6,3,-1,1388,1,12,-1,-1
"5269","2016010005961",1,9,0,3,0,1,0,-1,0,0,2,1,6,2,5,2035,1,10,5,1
"5270","2016010005961",2,9,0,18,0,1,0,-1,0,0,2,1,6,1,4,1364,1,8,6,1
"5298","2016010006014",1,9,0,16,0,-1,1,11,0,0,1,-1,2,1,6,1595,1,9,9,1
"5310","2016010006039",1,9,0,17,0,4,0,0,0,0,2,1,6,2,7,1396,2,4,-1,-1
"5311","2016010006039",2,19,0,18,0,4,0,0,0,0,1,1,6,1,4,2198,2,3,-1,-1
"5312","2016010006039",3,9,0,18,0,4,0,0,0,0,0,1,6,3,-1,1248,1,6,-1,-1
"5314","2016010006044",1,1,0,18,4,1,1,0,0,0,1,1,6,1,4,-1,-1,-1,3,1
"5315","2016010006044",2,9,0,9,4,5,0,0,0,0,1,1,6,1,5,2143,2,5,2,1
"5320","2016010006048",1,9,0,13,0,0,0,0,0,0,0,1,6,1,8,1968,2,13,-1,-1
"5321","2016010006048",2,1,0,18,0,0,0,0,0,0,3,1,6,1,7,-1,-1,-1,-1,-1
"5322","2016010006048",3,1,0,18,0,0,0,0,0,0,3,1,6,1,7,-1,-1,-1,9,1
"5357","2016010006084",1,9,0,18,0,0,0,0,0,0,4,1,6,1,10,1598,1,10,9,1
"5361","2016010006092",1,9,0,-1,0,4,-1,-1,-1,-1,-1,-1,6,1,9,-1,-1,-1,-1,1
"5362","2016010006092",2,9,-1,-1,0,4,-1,-1,-1,-1,-1,-1,6,1,7,-1,-1,-1,-1,1
"5375","2016010006108",1,9,0,9,0,6,0,0,0,0,1,1,6,2,7,2993,2,-1,9,1
"5376","2016010006108",2,1,0,18,0,8,0,0,0,0,4,1,6,2,8,-1,-1,-1,10,1
"5383","2016010006113",1,11,0,1,0,1,0,0,0,0,2,1,1,2,8,5132,2,-1,5,1
"5384","2016010006113",2,9,0,2,0,1,0,0,0,0,1,1,6,3,-1,1390,1,6,-1,-1
"5395","2016010006120",1,9,0,18,0,1,0,0,0,0,1,1,6,3,-1,1997,2,4,-1,-1
"5396","2016010006120",2,3,0,4,0,1,0,0,0,0,2,1,6,1,7,125,1,-1,4,1
"5401","2016010006124",1,9,0,9,0,6,0,11,0,0,1,1,6,2,6,1591,1,-1,10,1
"5402","2016010006124",2,9,0,18,0,8,0,11,0,0,4,1,6,2,7,2401,2,10,5,1
"5411","2016010006129",1,9,0,7,0,6,0,0,0,0,0,1,3,2,7,1197,1,2,7,1
"5412","2016010006129",2,3,0,18,0,1,0,0,0,0,1,1,1,1,7,123,1,-1,3,1
"5444","2016010006153",1,8,0,3,0,1,0,0,0,0,2,1,1,1,7,1968,2,1,4,1
"5445","2016010006153",2,9,0,18,0,1,0,4,0,0,1,1,6,3,-1,1968,2,12,-1,-1
"5496","2016010006199",1,9,0,18,0,8,0,0,0,0,1,1,6,2,9,1598,1,6,9,1
"5497","2016010006199",2,9,0,5,0,8,0,0,0,0,4,1,6,2,8,1360,1,14,2,1
"5536","2016010006226",1,2,0,4,0,7,0,0,0,0,0,1,1,1,5,108,1,3,2,1
"5554","2016010006238",1,9,0,18,0,1,0,0,0,0,1,1,6,2,8,1839,1,13,2,1
"5570","2016010006248",1,3,0,7,0,3,0,0,0,0,4,1,1,1,5,-1,-1,-1,4,1
"5571","2016010006248",2,9,0,9,0,8,0,0,0,0,3,2,6,2,5,1587,1,9,5,1
"5572","2016010006249",1,9,0,18,0,0,0,0,0,0,1,1,6,2,11,998,1,7,9,1
"5573","2016010006249",2,9,0,2,0,0,0,0,0,0,2,1,6,3,-1,1388,1,4,-1,-1
"5612","2016010006284",1,9,0,5,0,1,0,0,0,0,2,1,6,1,8,-1,3,3,6,1
"5613","2016010006284",2,2,0,5,0,1,0,0,0,0,2,1,6,1,6,108,1,-1,6,1
"5614","2016010006284",3,9,0,5,0,1,0,0,0,0,1,1,6,1,8,1686,2,3,2,1
"5634","2016010006298",1,9,0,18,0,0,5,0,0,0,4,1,6,2,6,1461,2,3,9,1
"5635","2016010006298",2,9,0,2,0,0,0,0,0,0,2,1,6,3,-1,1596,1,7,-1,-1
"5636","2016010006298",3,9,0,2,0,0,0,0,0,0,3,1,6,3,-1,1596,1,1,-1,-1
"5637","2016010006298",4,9,0,2,0,0,0,0,0,0,0,1,6,3,-1,-1,-1,-1,-1,-1
"5642","2016010006303",1,9,0,12,0,1,0,0,0,0,3,1,6,2,6,1461,2,2,8,1
"5643","2016010006303",2,5,0,4,0,1,0,0,0,0,3,1,6,1,9,996,1,12,-1,-1
"5666","2016010006322",1,9,0,18,0,0,0,0,0,0,1,1,6,3,-1,-1,-1,-1,-1,-1
"5681","2016010006329",1,11,0,2,2,8,0,0,0,0,0,1,6,3,-1,7400,2,67,-1,-1
"5702","2016010006347",1,9,0,9,0,8,0,0,0,0,1,1,6,1,5,1595,1,6,9,2
"5703","2016010006347",2,9,0,5,0,8,0,0,0,0,3,1,6,1,10,1699,1,7,9,1
"5724","2016010006357",1,9,0,3,0,6,0,0,0,0,1,1,6,1,9,2183,2,5,10,2
"5726","2016010006361",1,19,0,18,0,0,0,0,0,0,1,1,2,1,8,1560,2,-1,3,1
"5729","2016010006366",1,9,0,18,0,0,0,7,1,4,1,1,6,2,5,2143,2,1,3,1
"5784","2016010006462",1,19,0,18,0,8,0,0,0,0,4,1,1,1,6,1995,2,9,5,1
"5785","2016010006462",2,9,0,18,0,8,0,0,0,0,1,1,6,2,8,1598,1,3,2,1
"5792","2016010006477",1,9,0,7,0,8,1,0,0,0,1,1,3,2,8,1686,2,16,8,1
"5836","2016010006522",1,9,0,18,0,1,0,0,0,0,1,1,6,2,6,1360,1,9,4,1
"5847","2016010006532",1,9,0,18,0,8,0,0,0,0,1,2,3,1,7,-1,-1,-1,2,1
"5848","2016010006532",2,9,0,5,0,6,0,0,0,0,3,1,6,1,8,2987,2,6,-1,-1
"5885","2016010006599",1,19,0,18,0,0,0,0,0,0,4,1,1,1,7,2298,2,-1,6,1
"5890","2016010006607",1,9,0,3,0,0,0,0,0,0,2,1,6,2,7,1900,2,11,6,1
"5891","2016010006607",2,8,0,4,0,0,0,0,0,0,1,1,1,1,8,-1,-1,-1,1,1
"5893","2016010006614",1,3,0,4,0,1,1,0,0,0,1,1,2,1,6,124,1,7,6,1
"5925","2016010006693",1,11,0,18,0,0,0,0,0,0,0,1,1,1,7,4500,2,2,3,1
"5933","2016010006715",1,19,0,7,0,2,0,0,0,0,1,1,1,1,8,2982,2,8,7,1
"5987","2016010006777",1,2,0,18,0,0,0,0,0,0,1,1,6,1,6,108,1,2,-1,-1
"5988","2016010006777",2,9,0,2,0,0,0,0,0,0,1,1,6,3,-1,1198,1,-1,-1,-1
"5998","2016010006783",1,11,0,18,0,0,0,0,0,0,0,1,1,1,9,6692,2,3,2,1
"5999","2016010006783",2,9,0,2,0,0,0,0,0,0,0,1,6,3,-1,-1,-1,-1,-1,-1
"6013","2016010006817",1,9,0,10,0,1,0,-1,-1,-1,3,-1,6,2,5,1242,1,-1,4,1
"6014","2016010006817",2,9,-1,18,0,1,-1,0,-1,-1,1,1,6,1,4,1598,1,14,-1,-1
"6060","2016010006888",1,9,-1,-1,-1,-1,-1,-1,-1,-1,4,-1,6,1,6,1596,1,9,-1,-1
"6061","2016010006888",2,11,-1,-1,-1,-1,-1,-1,-1,-1,-1,1,6,1,4,-1,-1,-1,4,1
"6074","2016010006912",1,11,-1,-1,-1,-1,-1,-1,-1,-1,-1,-1,6,3,-1,-1,-1,-1,-1,-1
"6083","2016010006923",1,19,0,18,0,1,0,0,0,0,4,1,6,3,-1,-1,-1,-1,-1,-1
"6094","2016010006943",1,9,0,9,0,2,0,0,0,0,1,1,6,1,9,1246,1,8,3,1
"6120","2016010006971",1,9,0,18,0,0,0,0,0,0,3,1,2,2,8,-1,-1,-1,-1,1
"6121","2016010006971",2,9,0,18,0,0,0,0,0,0,3,1,6,1,6,-1,-1,-1,-1,1
"6128","2016010006974",1,9,0,11,0,0,0,0,0,0,4,1,6,1,5,1390,1,3,7,1
"6129","2016010006974",2,9,0,18,0,0,0,0,0,0,3,1,6,3,-1,1590,1,14,-1,-1
"6170","2016010007033",1,1,0,18,0,0,0,-1,0,0,-1,1,6,1,8,-1,-1,-1,4,1
"6205","2016010007100",1,19,0,10,0,0,0,0,0,0,2,1,1,1,6,-1,-1,-1,5,1
"6206","2016010007100",2,3,0,18,0,0,0,0,0,0,1,1,6,1,4,124,1,-1,8,1
"6259","2016010007163",1,9,0,5,0,0,0,0,1,10,1,1,6,1,9,2143,2,1,9,1
"6260","2016010007163",2,9,0,4,0,0,0,0,0,0,2,1,6,2,5,1388,1,13,2,1
"6261","2016010007163",3,9,0,4,0,0,0,0,0,0,2,1,6,1,11,1598,1,5,9,1
"6274","2016010007171",1,9,0,18,0,0,0,0,0,0,4,1,1,1,9,1560,2,4,2,1
"6285","2016010007184",1,9,0,9,0,1,0,0,0,0,1,1,6,1,8,1997,2,8,3,1
"6286","2016010007184",2,3,0,18,0,1,0,0,0,0,1,1,6,1,6,125,1,9,4,1
"6298","2016010007214",1,1,-1,12,0,-1,-1,-1,-1,-1,-1,1,6,1,3,-1,-1,-1,7,1
"6323","2016010007246",1,9,-1,-1,0,1,0,0,0,0,3,-1,6,1,11,-1,-1,-1,-1,1
"6324","2016010007246",2,9,-1,-1,0,1,0,0,3,0,1,-1,6,3,-1,-1,-1,-1,-1,-1
"6357","2016010007308",1,4,0,18,0,0,2,10,7,10,1,1,6,1,4,296,1,2,7,1
"6358","2016010007308",2,9,0,5,0,0,0,0,0,0,1,1,6,2,8,1242,1,9,9,1
"6383","2016010007341",1,11,0,4,0,1,0,0,0,0,0,1,1,1,9,-1,-1,-1,-1,1
"6399","2016010007351",1,9,0,18,0,1,0,0,0,0,4,1,6,1,8,1910,2,8,5,1
"6400","2016010007351",2,9,0,5,0,8,0,0,0,0,3,1,6,1,5,1229,1,2,3,1
"6414","2016010007361",1,9,0,18,0,0,0,0,0,0,1,1,2,1,9,-1,-1,-1,8,1
"6416","2016010007365",1,9,0,5,0,6,0,0,0,0,1,1,6,2,9,2179,2,3,7,1
"6417","2016010007365",2,5,0,18,0,1,0,0,0,0,4,1,6,1,8,649,1,7,9,1
"6432","2016010007373",1,19,0,5,0,1,0,0,0,0,1,1,2,1,6,2198,2,6,7,1
"6443","2016010007381",1,9,0,3,0,1,0,0,0,0,2,1,6,1,9,998,1,10,-1,-1
"6444","2016010007381",2,9,0,12,0,1,0,0,0,0,1,1,6,1,10,1973,1,15,1,1
"6445","2016010007381",3,19,0,3,0,1,0,0,0,0,3,1,6,1,7,2198,2,2,8,1
"6446","2016010007383",1,19,0,2,0,2,0,4,7,0,1,1,6,3,-1,1560,2,1,-1,-1
"6447","2016010007383",2,9,0,2,0,2,0,0,1,0,1,1,6,3,-1,1198,1,6,-1,-1
"6448","2016010007383",3,9,0,18,0,8,0,0,0,0,1,1,2,2,9,1398,1,14,10,1
"6449","2016010007383",4,9,0,18,0,8,0,4,3,10,1,1,6,1,9,2959,1,21,9,1
"6476","2016010007399",1,3,0,18,0,0,0,0,0,0,1,1,1,1,4,108,1,1,3,1
"6477","2016010007399",2,9,0,5,0,0,0,0,0,0,1,1,6,2,8,1149,1,2,7,1
"6494","2016010007457",1,3,-1,18,-1,0,-1,-1,-1,-1,-1,1,6,1,7,125,1,11,4,1
"6495","2016010007457",2,9,-1,-1,-1,0,-1,-1,-1,-1,-1,-1,6,3,-1,1339,1,13,-1,-1
"6508","2016010007482",1,11,0,18,0,5,0,0,0,0,1,1,6,3,-1,-1,-1,-1,-1,-1
"6515","2016010007487",1,9,0,18,9,1,0,10,7,4,1,1,6,1,8,1198,1,12,7,1
"6557","2016010007523",1,9,0,18,0,2,0,0,0,0,1,1,6,2,10,1332,1,5,10,1
"6564","2016010007529",1,9,0,5,0,0,0,0,1,10,1,1,6,1,7,799,2,7,8,1
"6577","2016010007541",1,9,0,9,0,5,0,0,0,0,3,1,6,1,5,1390,1,5,3,1
"6578","2016010007541",2,5,0,13,0,1,0,0,0,0,1,1,6,1,9,599,1,9,5,1
"6667","2016010007613",1,9,0,18,9,2,0,0,1,0,1,1,6,2,6,1598,1,13,8,1
"6685","2016010007649",1,9,0,18,-1,0,0,-1,0,0,1,-1,6,2,6,1248,2,9,4,1
"6686","2016010007649",2,9,0,18,0,0,0,0,0,0,1,-1,6,3,-1,1599,1,13,-1,-1
"6689","2016010007663",1,9,-1,-1,0,-1,-1,-1,-1,-1,-1,-1,6,1,4,-1,-1,-1,-1,-1
"6690","2016010007663",2,1,0,-1,0,-1,0,-1,-1,-1,-1,1,6,1,6,-1,-1,-1,-1,1
"6692","2016010007668",1,9,-1,18,0,0,-1,-1,0,0,2,1,6,2,10,1318,1,-1,4,1