"","Acc_Index","Vehicle_Reference","Vehicle_Type","Towing_and_Articulation","Vehicle_Manoeuvre","Vehicle_Location.Restricted_Lane","Junction_Location","Skidding_and_Overturning","Hit_Object_in_Carriageway","Vehicle_Leaving_Carriageway","Hit_Object_off_Carriageway","X1st_Point_of_Impact","Was_Vehicle_Left_Hand_Drive","Journey_Purpose_of_Driver","Sex_of_Driver","Age_Band_of_Driver","Engine_Capacity_.CC.","Propulsion_Code","Age_of_Vehicle","Driver_IMD_Decile","Driver_Home_Area_Type"
"6693","2016010007668",2,9,-1,18,0,0,-1,-1,0,0,1,1,6,3,-1,1995,2,-1,-1,-1
"6695","2016010007675",1,20,0,9,0,8,0,0,0,0,1,1,1,1,6,4500,2,-1,8,1
"6696","2016010007675",2,19,0,18,0,2,0,0,0,0,4,1,1,1,6,2143,2,2,6,1
"6717","2016010007747",1,9,0,18,-1,1,0,0,0,0,1,1,6,1,9,2143,2,4,7,1
"6718","2016010007747",2,9,-1,18,-1,1,0,0,0,0,2,1,6,1,5,1995,2,8,8,1
"6728","2016010007773",1,19,0,18,0,6,0,10,0,0,1,1,6,1,7,-1,-1,-1,-1,1
"6748","2016010007788",1,19,0,9,0,8,0,0,0,0,1,1,1,1,6,2198,2,3,3,1
"6749","2016010007788",2,1,0,15,0,1,0,0,0,0,1,1,4,1,3,-1,-1,-1,6,1
"6750","2016010007789",1,4,0,18,0,2,0,0,0,0,1,1,6,1,9,-1,-1,-1,8,1
"6778","2016010007815",1,9,0,16,0,1,0,0,0,0,1,1,6,2,6,1229,1,5,6,1
"6779","2016010007815",2,9,0,18,0,3,0,0,0,0,2,1,6,2,6,1995,1,10,8,1
"6798","2016010007859",1,9,0,7,0,6,0,0,0,0,1,1,6,1,4,954,1,16,3,1
"6802","2016010007869",1,9,-1,-1,-1,0,-1,-1,0,0,-1,1,6,1,4,-1,-1,-1,-1,-1
"6807","2016010007904",1,9,0,9,0,6,0,0,0,0,3,1,6,1,6,-1,-1,-1,-1,1
"6808","2016010007904",2,3,0,18,0,1,0,0,0,0,1,1,2,1,9,-1,-1,-1,-1,1
"6843","2016010007948",1,9,-1,-1,-1,0,-1,-1,-1,-1,-1,1,6,1,7,1396,1,15,8,1
"6844","2016010007948",2,9,-1,-1,-1,0,-1,-1,-1,-1,-1,1,6,1,-1,1995,2,-1,-1,-1
"6848","2016010007959",1,5,0,4,0,0,0,0,0,0,0,1,1,1,7,1170,1,4,-1,-1
"6849","2016010007959",2,3,0,5,0,0,0,4,0,0,1,1,6,1,4,125,1,8,7,1
"6850","2016010007959",3,9,0,2,0,0,0,0,0,0,1,1,6,3,-1,1598,1,8,-1,-1
"6871","2016010008003",1,11,0,5,2,1,0,0,0,0,0,1,6,1,6,5132,2,-1,6,1
"6874","2016010008011",1,9,0,18,0,0,0,0,0,0,4,1,6,3,-1,-1,-1,-1,-1,-1
"6875","2016010008011",2,1,0,18,4,0,0,0,0,0,4,1,1,2,7,-1,-1,-1,1,1
"6914","2016010008034",1,5,0,13,0,1,0,0,0,0,4,1,2,1,7,782,1,12,5,1
"6915","2016010008034",2,9,0,9,0,8,0,0,0,0,3,1,6,3,-1,-1,-1,-1,-1,-1
"6916","2016010008035",1,9,0,18,9,0,0,4,1,10,1,1,6,2,11,1240,1,12,9,1
"6917","2016010008035",2,2,0,2,0,0,0,0,0,0,2,1,6,3,-1,124,1,2,-1,-1
"6918","2016010008035",3,9,0,2,0,0,0,0,0,0,3,1,6,3,-1,1999,1,12,-1,-1
"6920","2016010008038",1,11,0,18,0,1,0,0,0,0,0,1,1,1,7,9200,2,12,8,1
"6931","2016010008053",1,9,0,3,0,1,0,0,0,0,0,1,6,1,6,2295,1,14,8,1
"6932","2016010008053",2,9,0,18,0,1,0,0,0,0,1,1,6,2,6,1598,1,5,-1,-1
"6941","2016010008061",1,9,0,7,0,1,0,0,0,0,3,1,2,2,9,1896,2,8,1,1
"6942","2016010008061",2,19,0,7,0,1,0,0,0,0,4,1,2,1,7,1870,2,10,1,1
"6961","2016010008114",1,9,0,18,0,8,1,0,0,0,3,-1,6,2,10,1600,1,12,-1,-1
"6962","2016010008114",2,9,0,9,0,8,-1,0,0,0,1,-1,6,1,10,1994,2,13,3,1
"6963","2016010008115",1,9,0,-1,0,8,-1,-1,-1,-1,3,1,6,2,8,1364,1,6,7,1
"6964","2016010008115",2,9,-1,-1,0,8,1,-1,-1,-1,4,-1,6,1,4,1798,8,-1,8,3
"6981","2016010008138",1,9,-1,18,0,1,0,0,0,0,2,1,6,1,9,-1,-1,-1,-1,1
"6982","2016010008138",2,9,-1,-1,0,1,0,-1,0,0,1,-1,6,3,-1,-1,-1,-1,-1,-1
"7010","2016010008180",1,9,0,18,0,0,1,0,0,0,1,1,2,1,7,1242,1,14,8,1
"7014","2016010008186",1,9,0,18,0,0,0,0,0,0,1,1,6,2,5,1587,1,9,4,1
"7015","2016010008186",2,9,0,6,0,0,0,0,0,0,1,1,6,1,4,1598,1,9,9,1
"7019","2016010008189",1,9,0,3,0,1,0,0,0,0,2,1,6,2,6,-1,-1,-1,-1,1
"7020","2016010008189",2,9,-1,-1,-1,1,0,0,0,0,1,-1,6,3,-1,-1,-1,-1,-1,-1
"7042","2016010008228",1,19,0,9,0,6,0,0,0,0,1,1,1,1,8,1499,2,-1,6,1
"7049","2016010008234",1,9,0,16,0,0,0,0,0,0,1,1,6,2,10,1108,1,15,6,1
"7050","2016010008234",2,3,0,17,0,0,0,0,0,0,1,1,6,1,4,-1,-1,-1,4,1
"7062","2016010008243",1,9,0,17,0,1,0,10,3,10,1,1,6,1,6,1560,2,3,-1,-1
"7071","2016010008250",1,9,0,18,0,1,0,0,0,0,4,1,6,2,5,1229,1,6,8,1
"7072","2016010008250",2,9,0,18,0,8,0,0,0,0,1,1,6,3,-1,1796,1,20,-1,-1
"7081","2016010008258",1,9,0,18,0,0,0,0,0,0,1,1,6,2,7,-1,-1,-1,5,1
"7093","2016010008267",1,9,0,9,0,2,0,0,0,0,1,1,6,1,10,3456,8,6,8,1
"7094","2016010008267",2,1,0,18,0,1,0,0,0,0,4,1,2,1,7,-1,-1,-1,7,1
"7138","2016010008357",1,11,0,4,0,2,0,0,0,0,0,1,1,1,9,4500,2,4,4,1
"7155","2016010008377",1,9,0,5,0,4,0,0,0,0,1,1,6,1,6,1598,2,-1,3,1
"7156","2016010008377",2,3,0,9,0,4,0,0,0,0,4,1,6,1,6,124,1,4,1,1
"7160","2016010008384",1,9,0,5,0,8,0,0,0,0,1,1,6,3,-1,1990,1,20,-1,-1
"7220","2016010008459",1,9,0,9,0,1,0,0,0,0,1,1,6,2,6,1968,2,4,7,1
"7221","2016010008459",2,9,0,18,0,1,0,0,0,0,1,1,6,1,4,1598,2,3,10,1
"7246","2016010008508",1,5,-1,18,-1,1,-1,-1,-1,-1,3,1,6,1,6,599,1,6,5,1
"7253","2016010008517",1,5,0,18,2,1,0,0,0,0,1,1,6,1,6,125,1,-1,8,1
"7254","2016010008517",2,9,0,10,0,1,0,0,0,0,4,1,6,2,7,1596,1,13,2,1
"7257","2016010008524",1,9,-1,-1,-1,-1,-1,-1,0,0,-1,-1,6,2,4,2148,2,14,-1,-1
"7258","2016010008527",1,9,0,18,9,8,0,10,1,2,1,1,6,1,6,1360,1,17,3,1
"7259","2016010008528",1,5,0,14,0,1,2,0,1,10,1,1,6,1,6,693,1,-1,2,1
"7260","2016010008529",1,9,0,4,0,0,0,0,0,0,1,1,6,2,7,1591,1,-1,7,1
"7261","2016010008529",2,1,0,4,0,0,0,0,0,0,2,1,6,2,7,-1,-1,-1,7,1
"7262","2016010008530",1,9,0,9,0,2,0,10,0,0,0,1,6,1,6,2143,2,-1,8,1
"7263","2016010008530",2,3,0,14,0,1,1,0,0,0,0,1,6,1,7,124,1,-1,4,1
"7277","2016010008555",1,11,0,3,2,2,0,0,0,0,0,1,1,1,8,4500,2,5,3,1
"7287","2016010008578",1,9,0,9,0,-1,-1,-1,-1,-1,-1,1,6,3,-1,1242,1,-1,-1,-1
"7306","2016010008599",1,9,0,10,0,6,0,0,0,0,1,1,6,2,5,1229,1,10,7,1
"7307","2016010008599",2,3,0,18,0,8,0,0,0,0,1,1,6,1,6,125,1,-1,6,1
"7321","2016010008609",1,9,0,5,0,6,0,0,3,0,1,1,6,2,7,1794,1,13,3,1
"7322","2016010008609",2,9,0,18,0,1,0,0,0,0,1,1,6,1,7,1595,1,9,2,1
"7341","2016010008625",1,3,0,18,0,2,0,0,0,0,1,1,6,1,5,124,1,2,3,1
"7342","2016010008625",2,9,0,18,0,2,0,0,0,0,2,1,6,2,7,1398,1,-1,3,1
"7354","2016010008633",1,9,0,10,0,1,0,0,0,0,1,1,6,1,7,1995,2,-1,5,1
"7355","2016010008633",2,9,0,7,0,5,5,0,0,0,1,1,6,3,-1,1896,2,11,-1,-1
"7400","2016010008673",1,9,0,3,0,1,0,0,0,0,2,1,2,1,9,1998,1,11,6,1
"7401","2016010008673",2,9,0,18,0,1,0,0,0,0,1,1,1,1,-1,1390,1,14,2,1
"7405","2016010008677",1,9,0,18,0,0,2,4,0,0,4,1,6,1,5,-1,-1,-1,-1,-1
"7406","2016010008677",2,9,0,2,0,0,0,0,0,0,3,1,6,3,-1,-1,-1,-1,-1,-1
"7407","2016010008677",3,9,0,2,0,0,0,0,1,10,2,1,6,3,-1,-1,-1,-1,-1,-1
"7408","2016010008677",4,9,0,18,0,0,0,0,0,0,1,1,6,1,7,-1,-1,-1,-1,1
"7409","2016010008677",5,9,0,2,0,0,0,0,0,0,2,1,6,3,-1,-1,-1,-1,-1,-1
"7410","2016010008679",1,9,0,9,0,1,0,0,0,0,3,1,1,1,7,2993,2,1,5,1
"7411","2016010008679",2,3,0,14,0,1,0,0,0,0,1,1,2,1,6,124,1,9,4,1
"7429","2016010008689",1,8,0,5,0,8,0,0,0,0,0,1,6,1,9,1798,8,1,4,1
"7441","2016010008696",1,9,0,10,0,2,0,0,0,0,1,1,6,1,7,1598,1,13,7,1
"7442","2016010008696",2,9,0,4,0,2,0,0,0,0,3,1,6,1,6,1895,1,16,3,1
"7459","2016010008710",1,11,0,18,2,1,0,0,0,0,3,1,6,1,8,-1,-1,-1,-1,-1
"7483","2016010008740",1,19,0,18,0,1,0,0,7,2,1,1,1,1,8,1598,2,2,3,1
"7484","2016010008740",2,9,0,10,0,6,0,0,0,0,1,1,6,1,5,1598,1,8,4,1
"7485","2016010008741",1,9,0,16,9,4,0,10,1,10,1,1,6,2,6,1991,2,6,8,1
"7523","2016010008773",1,9,0,9,0,6,1,0,0,0,1,1,6,2,5,1395,1,1,4,1
"7524","2016010008773",2,9,0,18,9,8,1,0,1,0,1,1,6,1,5,2401,2,8,3,1
"7525","2016010008773",3,9,0,2,0,1,0,0,0,0,1,1,6,3,-1,1560,2,1,-1,-1
"7526","2016010008775",1,9,0,18,0,7,1,0,0,0,1,1,6,1,5,1197,1,-1,2,1
"7532","2016010008781",1,9,0,12,0,0,0,0,0,0,1,1,6,1,4,1299,1,14,3,1
"7533","2016010008781",2,9,0,11,0,0,0,0,0,0,2,1,6,2,6,-1,-1,-1,9,1
"7538","2016010008787",1,9,0,7,0,5,0,0,0,0,3,1,6,2,8,2688,2,11,8,1
"7539","2016010008787",2,9,0,9,0,1,0,0,0,0,3,1,6,1,8,1596,1,15,2,1
"7550","2016010008811",1,3,0,18,0,8,0,0,0,0,1,1,6,1,6,-1,-1,-1,-1,1
"7551","2016010008811",2,9,0,9,0,5,0,0,0,0,2,1,6,1,9,-1,-1,-1,-1,1
"7559","2016010008820",1,9,0,18,0,0,1,4,0,0,1,1,6,1,6,2698,2,9,7,1
"7560","2016010008820",2,9,0,18,0,0,0,0,0,0,1,1,6,2,4,1368,1,8,3,1
"7561","2016010008820",3,9,0,2,0,0,0,0,0,0,2,1,6,3,-1,1968,2,11,-1,-1
"7562","2016010008820",4,9,0,2,0,0,0,0,0,0,0,1,6,3,-1,-1,-1,-1,-1,-1
"7573","2016010008828",1,9,0,18,0,8,0,0,0,0,1,1,6,2,5,1499,1,-1,1,1
"7574","2016010008828",2,9,0,18,0,1,0,0,1,10,4,1,6,1,7,998,1,9,2,1
"7599","2016010008851",1,9,0,7,0,4,0,0,0,0,1,1,6,2,7,1598,1,11,7,1
"7616","2016010008863",1,9,0,4,0,0,0,0,0,0,4,1,6,3,-1,-1,-1,-1,-1,-1
"7624","2016010008868",1,9,0,18,0,1,0,0,0,0,1,1,6,2,8,1368,1,7,8,1
"7625","2016010008868",2,9,0,18,0,1,0,0,0,0,1,1,6,1,5,1362,1,2,2,1
"7626","2016010008868",3,9,0,3,0,1,0,0,0,0,1,1,6,1,10,1242,1,1,9,1
"7673","2016010008927",1,9,0,18,0,0,0,4,0,0,1,1,2,2,4,1149,1,16,7,1
"7674","2016010008927",2,19,0,2,0,0,0,0,0,0,2,1,6,3,-1,2198,2,2,-1,-1
"7675","2016010008934",1,9,0,-1,0,0,0,0,0,0,1,-1,6,1,9,2993,2,3,4,1
"7676","2016010008934",2,3,0,18,0,0,2,0,0,0,1,1,6,1,4,124,1,8,-1,-1
"7680","2016010008945",1,9,0,13,0,6,0,0,0,0,1,1,6,3,-1,-1,-1,-1,-1,-1
"7682","2016010008947",1,11,0,5,0,1,0,0,0,0,0,1,1,1,7,9200,2,11,8,1
"7709","2016010008974",1,9,0,18,0,1,1,4,1,10,4,1,6,2,10,1499,1,-1,4,1
"7710","2016010008974",2,9,0,2,0,1,0,0,0,0,3,1,6,3,-1,1769,1,15,-1,-1
"7760","2016010009018",1,9,0,16,9,5,0,10,7,10,1,1,6,1,4,1199,1,12,1,1
"7777","2016010009076",1,9,-1,18,-1,-1,0,-1,-1,-1,-1,-1,6,3,-1,1598,1,5,-1,-1
"7786","2016010009090",1,9,0,9,0,6,0,0,0,0,1,1,2,2,7,1986,2,10,6,1
"7787","2016010009090",2,1,0,18,0,1,0,0,0,0,1,1,6,1,8,-1,-1,-1,6,1
"7788","2016010009101",1,19,0,18,0,2,0,0,0,0,2,1,1,1,7,2287,2,-1,4,1
"7789","2016010009101",2,19,0,18,0,2,0,0,0,0,1,1,1,1,7,1870,2,13,3,1
"7831","2016010009156",1,9,0,18,0,1,0,0,0,0,3,1,6,2,5,1248,2,10,3,1
"7832","2016010009156",2,9,0,14,0,8,0,4,0,0,4,1,6,1,7,3498,1,6,9,1
"7833","2016010009156",3,9,0,18,0,8,0,0,7,10,1,1,6,1,11,1339,1,12,10,1
"7878","2016010009223",1,9,0,6,0,0,0,0,0,0,3,1,6,1,5,1242,1,7,4,1
"7879","2016010009223",2,3,0,18,0,0,0,0,0,0,4,1,6,1,5,125,1,-1,2,1
"7880","2016010009223",3,20,4,2,0,0,0,0,0,0,3,1,6,3,-1,4250,2,15,-1,-1
"7883","2016010009229",1,9,-1,1,-1,0,-1,-1,-1,-1,2,1,6,2,4,1968,2,1,-1,-1
"7888","2016010009234",1,9,0,10,0,1,0,0,0,0,3,1,6,1,5,-1,-1,-1,4,1
"7889","2016010009234",2,19,0,18,0,4,0,0,0,0,1,1,6,1,6,2402,2,10,3,1
"7922","2016010009265",1,9,0,18,0,8,0,0,0,0,4,1,6,2,6,1968,2,9,10,1
"7923","2016010009265",2,9,0,10,0,5,0,0,0,0,4,1,6,1,4,973,1,15,10,1
"7924","2016010009265",3,9,0,8,0,6,0,0,0,0,1,1,6,1,7,1242,1,13,8,1
"7932","2016010009271",1,9,0,4,0,8,0,0,0,0,3,1,2,1,8,1586,1,-1,6,2
"7933","2016010009271",2,9,0,5,0,8,1,0,0,0,1,1,6,1,5,2143,2,3,3,1
"7934","2016010009271",3,9,0,5,0,8,1,0,0,0,1,1,6,1,8,1796,1,19,9,1
"7935","2016010009271",4,9,0,4,0,8,0,0,0,0,1,1,2,2,6,1956,2,5,9,1
"7967","2016010009303",1,9,0,9,0,2,0,0,0,0,1,1,6,1,11,-1,-1,-1,6,1
"7968","2016010009303",2,5,0,18,0,1,0,0,0,0,1,1,2,2,6,1157,1,10,5,1
"8007","2016010009331",1,9,0,18,0,1,0,11,1,4,4,1,6,1,4,1149,1,7,6,1
"8020","2016010009337",1,9,0,7,0,1,0,11,0,0,1,2,6,1,6,-1,-1,-1,-1,1
"8021","2016010009337",2,2,0,18,0,8,0,0,0,0,1,1,6,3,-1,-1,-1,-1,-1,-1
"8041","2016010009537",1,9,-1,-1,-1,0,-1,-1,-1,-1,-1,-1,6,1,7,-1,-1,-1,-1,1
"8042","2016010009537",2,9,-1,-1,-1,0,-1,-1,-1,-1,-1,-1,6,1,-1,-1,-1,-1,-1,-1
"8062","2016010009636",1,1,0,18,0,1,0,0,0,0,1,1,2,1,7,-1,-1,-1,8,1
"8063","2016010009636",2,19,-1,9,0,5,0,0,0,0,1,-1,6,1,4,-1,-1,-1,-1,-1
"8077","2016010009692",1,9,-1,-1,-1,-1,-1,-1,-1,-1,-1,-1,6,1,4,1798,8,4,-1,-1
"8088","2016010009727",1,9,0,18,0,-1,-1,-1,-1,-1,4,-1,6,2,4,2720,2,11,-1,-1
"8090","2016010009730",1,8,0,3,0,4,0,0,0,0,2,1,1,1,9,1797,8,7,2,1
"8091","2016010009730",2,9,0,18,0,4,0,0,0,0,1,1,6,1,6,1598,1,13,7,1
"8106","2016010009962",1,9,0,9,-1,-1,0,0,0,0,2,1,2,2,6,1598,1,9,10,1
"8107","2016010009962",2,9,-1,18,-1,1,-1,0,0,0,1,-1,6,1,4,-1,-1,-1,2,1
"8111","2016010010054",1,1,0,18,0,1,0,0,0,0,4,1,6,1,6,-1,-1,-1,1,1
"8147","2016010010410",1,9,-1,18,0,0,1,0,0,0,2,-1,6,2,5,1598,1,3,-1,-1
"8148","2016010010410",2,9,-1,17,0,0,-1,-1,0,0,1,-1,6,1,4,1197,1,-1,3,1
"8151","2016010010417",1,3,-1,3,0,4,-1,0,0,0,2,1,6,1,6,108,1,-1,6,1
"8152","2016010010417",2,9,-1,-1,0,4,-1,0,0,0,1,-1,6,1,-1,1796,1,15,2,1
"8163","2016010010471",1,9,0,3,0,1,0,0,0,0,3,-1,2,1,8,-1,-1,-1,-1,1
"8164","2016010010471",2,9,-1,18,0,1,-1,0,0,0,1,-1,6,3,-1,-1,-1,-1,-1,-1
"8231","2016010010965",1,9,0,-1,0,0,0,0,0,0,3,-1,6,1,11,1997,2,2,10,1
"8267","2016010011249",1,9,0,18,0,8,1,0,0,0,3,1,6,2,5,1390,1,12,-1,-1
"8268","2016010011249",2,9,0,18,0,8,1,0,0,0,1,1,6,1,4,2500,1,16,-1,-1
"8293","2016010011451",1,9,-1,2,-1,-1,-1,-1,0,0,4,1,6,3,-1,1999,2,-1,-1,-1
"8294","2016010011451",2,9,-1,18,-1,-1,-1,-1,-1,0,-1,1,6,3,-1,-1,-1,-1,-1,-1
"8333","2016010011950",1,5,0,8,0,1,0,0,0,0,0,1,6,1,6,798,1,8,-1,-1
"8334","2016010011950",2,9,0,5,0,1,0,0,0,0,0,1,2,2,7,1598,1,8,-1,-1
"8336","2016010011968",1,9,0,9,0,8,0,0,0,0,3,1,6,2,7,1398,2,12,4,1
"8337","2016010011968",2,1,0,18,0,8,0,0,0,0,1,1,6,1,8,-1,-1,-1,7,1
"8342","2016010012002",1,9,0,5,0,1,0,0,0,0,1,1,6,1,6,1968,2,12,-1,-1
"8343","2016010012002",2,9,0,4,0,6,0,0,0,0,2,1,6,1,7,1598,1,6,-1,-1
"8345","2016010012005",1,9,0,1,0,2,0,0,0,0,2,1,6,1,7,-1,-1,-1,6,1
"8349","2016010012023",1,9,-1,-1,0,0,0,0,0,0,3,-1,6,2,5,998,1,3,4,1
"8350","2016010012023",2,19,-1,-1,0,0,0,0,0,0,4,-1,6,1,4,1968,2,-1,-1,-1
"8364","2016010012126",1,1,0,4,0,1,0,0,0,0,1,1,2,1,8,-1,-1,-1,3,1
"8392","2016010012295",1,19,0,1,0,1,0,0,0,0,2,1,6,1,7,2402,2,11,3,1
"8408","2016010012399",1,9,0,9,0,2,0,0,0,0,1,1,1,1,7,1997,2,5,7,1
"8468","2016010012592",1,9,0,18,0,-1,-1,0,0,0,1,1,6,3,-1,1299,1,14,-1,-1
"8487","2016010012660",1,9,0,18,0,1,0,0,0,0,4,1,6,2,9,1240,1,11,4,1
"8490","2016010012666",1,11,0,4,0,0,0,0,0,0,0,1,1,1,7,4500,2,1,2,1
"8498","2016010012680",1,2,0,18,0,8,0,0,0,0,1,1,6,1,4,124,1,15,3,1
"8499","2016010012680",2,9,0,9,0,8,0,0,0,0,4,1,6,1,6,1598,1,9,-1,-1
"8530","2016010012738",1,11,0,18,0,2,0,0,0,0,1,1,1,1,6,-1,-1,-1,2,1
"8545","2016010012762",1,9,0,3,0,8,0,0,0,0,2,1,6,2,6,1200,1,1,4,1
"8546","2016010012762",2,9,0,4,0,8,0,0,0,0,2,1,6,2,6,1598,1,7,3,1
"8547","2016010012762",3,9,0,18,0,8,0,0,0,0,1,1,6,1,7,1910,2,10,5,1
"8594","2016010012927",1,9,0,18,0,8,0,0,0,0,1,1,6,1,8,1796,1,10,3,1
"8595","2016010012927",2,9,0,18,0,8,0,0,0,0,1,1,1,1,10,998,1,10,10,2
"8626","2016010013007",1,11,0,17,0,8,0,0,0,0,0,1,1,2,8,7300,2,10,1,1
"8628","2016010013015",1,19,0,6,0,8,0,0,0,0,3,1,6,1,7,-1,-1,-1,9,1
"8629","2016010013015",2,5,0,18,0,8,0,0,0,0,1,1,6,1,8,782,1,10,8,1
"8686","2016010013185",1,8,0,9,0,8,0,0,0,0,1,-1,1,1,6,1798,8,3,3,1
"8687","2016010013185",2,9,0,18,0,8,0,0,0,0,3,-1,6,3,-1,1560,2,7,-1,-1
"8722","2016010013284",1,9,0,16,0,0,0,0,0,0,3,1,6,2,5,1229,1,9,8,1
"8723","2016010013284",2,9,0,17,0,0,0,0,0,0,1,1,6,3,-1,1998,1,18,-1,-1
"8732","2016010013301",1,9,0,9,0,0,0,10,1,10,1,1,6,1,6,1390,1,14,9,1
"8733","2016010013301",2,19,0,18,0,0,0,0,0,0,1,1,6,1,8,-1,-1,-1,6,1
"8738","2016010013328",1,9,0,5,0,8,0,0,0,0,4,1,6,2,10,998,1,6,5,2
"8739","2016010013328",2,3,0,18,0,8,0,0,0,0,1,1,6,1,-1,125,1,14,8,1
"8742","2016010013344",1,3,0,14,0,0,0,0,0,0,1,1,6,3,-1,-1,-1,-1,-1,-1
"8766","2016010013487",1,9,0,9,0,8,0,0,0,0,1,1,6,2,6,3199,1,14,9,1
"8767","2016010013487",2,9,0,18,0,1,0,0,0,0,3,1,6,1,7,1596,1,3,9,1
"8783","2016010013496",1,11,0,18,0,1,0,0,0,0,4,1,1,1,7,3900,2,11,3,1
"8784","2016010013496",2,1,0,18,0,1,0,0,1,7,3,1,6,1,8,-1,-1,-1,10,1
"8795","2016010013503",1,9,0,18,0,1,0,0,0,0,4,1,6,2,6,1398,1,1,3,1
"8799","2016010013507",1,1,0,18,0,1,0,0,0,0,1,1,2,1,7,-1,-1,-1,9,1
"8800","2016010013507",2,9,0,9,0,8,0,0,0,0,1,1,6,2,5,1242,1,1,10,1
"8823","2016010013522",1,19,0,1,9,8,0,0,0,0,2,1,6,1,7,2198,2,4,9,1
"8834","2016010013530",1,9,0,9,0,8,0,0,0,0,4,1,6,1,4,998,1,2,4,1
"8835","2016010013530",2,1,0,18,0,1,0,0,0,0,1,1,6,1,7,-1,-1,-1,10,1
"8843","2016010013538",1,9,0,9,0,8,0,0,0,0,1,1,6,2,8,1199,1,15,4,1
"8846","2016010013541",1,9,0,4,0,1,0,0,0,0,2,1,6,2,8,1984,1,14,4,1
"8847","2016010013541",2,9,0,18,0,1,0,0,0,0,1,1,6,2,8,999,1,8,7,1
"9079","2016010016815",1,9,0,4,0,8,0,0,0,0,2,1,6,1,6,1461,2,6,6,1
"9080","2016010016815",2,9,0,18,0,8,0,0,0,0,1,1,6,3,-1,1360,1,6,-1,-1
"9092","2016010016830",1,9,0,18,0,8,0,0,7,2,3,1,6,2,6,1461,2,1,3,1
"9098","2016010016845",1,9,0,9,0,8,0,0,0,0,1,1,6,2,7,1796,1,2,10,1
"9099","2016010016845",2,9,0,18,0,8,0,0,0,0,3,1,6,1,11,-1,-1,-1,9,1
"9104","2016010016860",1,9,0,4,0,8,0,0,0,0,1,1,6,2,6,1242,1,1,-1,-1
"9105","2016010016860",2,1,0,18,0,6,0,0,0,0,1,1,6,1,3,-1,-1,-1,10,1
"9114","2016010016874",1,9,0,18,0,0,0,0,0,0,1,1,6,2,6,-1,-1,-1,4,1
"9115","2016010016874",2,9,0,5,0,0,0,0,0,0,2,1,6,1,8,2993,2,2,8,1
"9116","2016010016874",3,9,0,5,0,0,0,0,0,0,2,1,6,1,7,1995,2,2,7,1
"9123","2016010016893",1,9,0,18,0,8,0,0,0,0,4,1,6,3,-1,-1,-1,-1,-1,-1
"9126","2016010016899",1,9,0,12,0,0,0,0,0,0,3,1,6,1,8,2987,2,-1,4,1
"9127","2016010016899",2,4,0,18,0,0,0,0,0,0,4,1,6,1,6,244,1,10,8,1
"9200","2016010017114",1,9,0,3,0,8,0,0,0,0,2,1,6,1,7,-1,-1,-1,7,1
"9201","2016010017114",2,9,-1,18,0,8,-1,0,0,0,1,-1,6,3,-1,-1,-1,-1,-1,-1
"9211","2016010017138",1,9,0,9,0,8,0,0,0,0,2,1,6,2,5,1598,1,3,5,1
"9212","2016010017138",2,9,0,5,0,8,0,0,0,0,1,1,6,3,-1,1900,2,16,-1,-1
"9229","2016010017182",1,9,0,1,0,0,0,0,0,0,2,1,6,1,9,1242,1,8,1,1
"9230","2016010017182",2,9,0,18,0,0,0,0,0,0,1,1,6,3,-1,1686,2,6,-1,-1
"9232","2016010017195",1,9,0,18,0,0,0,0,0,0,4,-1,6,3,-1,-1,-1,-1,-1,-1
"9236","2016010017207",1,3,0,4,0,8,0,0,0,0,4,1,6,1,6,125,1,4,-1,-1
"92371","2016010017207",2,9,0,7,0,8,0,0,0,0,1,1,6,3,-1,-1,-1,-1,-1,-1
"9347","2016010017593",1,9,0,6,0,0,0,0,0,0,2,1,6,1,4,998,1,2,7,1
"9348","2016010017593",2,4,0,15,0,0,0,0,0,0,1,1,6,1,6,599,1,6,8,1
"9354","2016010017613",1,9,0,18,0,8,0,0,0,0,1,1,6,3,-1,-1,-1,-1,-1,-1
"9358","2016010017628",1,11,0,4,9,0,0,10,1,5,4,1,1,1,6,8268,2,13,9,1
"9363","2016010017650",1,9,0,4,0,0,0,0,0,0,2,1,6,2,7,1242,1,6,10,1
"9364","2016010017650",2,3,0,18,0,0,0,0,0,0,1,1,6,1,4,125,1,-1,2,1
"9368","2016010017666",1,11,0,4,0,8,0,0,0,0,0,1,1,1,7,6370,2,1,5,1
"9373","2016010017680",1,9,0,18,0,8,0,10,0,0,1,1,6,1,11,1999,1,15,7,1
"9378","2016010017691",1,9,0,18,0,8,0,0,0,0,1,1,6,1,8,1598,1,19,2,1
"9379","2016010017691",2,9,0,9,0,8,0,0,0,0,1,1,6,2,4,998,1,6,9,1
"9381","2016010017703",1,9,0,18,0,0,0,0,0,0,1,1,6,2,7,1598,1,6,7,1
"9382","2016010017703",2,19,0,6,0,0,0,0,0,0,2,-1,6,3,-1,-1,-1,-1,-1,-1
"9459","2016010017964",1,9,0,5,0,0,0,0,0,0,3,1,6,1,7,1796,1,13,7,1
"94601","2016010017964",2,9,0,2,0,0,0,0,0,0,3,1,6,3,-1,1390,1,10,-1,-1
"94611","2016010017964",3,9,0,18,0,0,0,0,0,0,3,1,6,1,7,1984,2,4,4,1