"","Acc_Index","Vehicle_Reference","Vehicle_Type","Towing_and_Articulation","Vehicle_Manoeuvre","Vehicle_Location.Restricted_Lane","Junction_Location","Skidding_and_Overturning","Hit_Object_in_Carriageway","Vehicle_Leaving_Carriageway","Hit_Object_off_Carriageway","X1st_Point_of_Impact","Was_Vehicle_Left_Hand_Drive","Journey_Purpose_of_Driver","Sex_of_Driver","Age_Band_of_Driver","Engine_Capacity_.CC.","Propulsion_Code","Age_of_Vehicle","Driver_IMD_Decile","Driver_Home_Area_Type"
"9478","2016010017985",1,11,0,5,0,8,0,0,0,0,3,1,1,1,9,3900,2,13,8,1
"9479","2016010017985",2,9,0,18,0,8,0,0,0,0,3,1,6,1,8,-1,-1,-1,3,1
"9484","2016010017992",1,9,0,18,0,8,0,0,0,0,1,1,6,1,6,1395,1,-1,1,1
"9485","2016010017992",2,9,0,9,0,8,0,0,0,0,3,1,6,2,9,1398,1,4,8,1
"9492","2016010018008",1,1,0,18,0,8,0,0,0,0,3,1,6,1,7,-1,-1,-1,9,1
"9501","2016010018016",1,9,0,5,0,8,0,0,0,0,3,1,6,1,10,1984,1,24,2,1
"9505","2016010018020",1,9,0,18,0,0,5,0,0,0,4,1,6,1,9,1299,1,16,6,1
"9506","2016010018020",2,9,0,2,0,0,0,0,0,0,3,1,6,3,-1,1242,1,9,-1,-1
"9526","2016010018046",1,9,0,18,0,0,0,0,0,0,3,1,6,1,7,1753,2,13,10,1
"9527","2016010018046",2,5,0,15,0,0,0,0,0,0,4,1,6,1,7,999,1,4,6,1
"9528","2016010018046",3,9,0,18,0,0,0,0,0,0,3,1,6,3,-1,-1,-1,-1,-1,-1
"9530","2016010018055",1,9,0,1,0,0,0,0,0,0,2,1,6,2,-1,-1,-1,-1,-1,-1
"9535","2016010018062",1,9,0,4,0,8,0,0,0,0,2,1,6,1,9,2967,1,14,2,1
"9536","2016010018062",2,9,0,18,0,8,0,0,0,0,1,1,6,2,4,1242,1,14,6,1
"9537","2016010018064",1,9,0,3,0,0,0,0,0,0,2,1,6,2,9,1896,2,9,7,1
"9538","2016010018064",2,19,0,18,0,0,0,0,0,0,1,1,6,1,6,-1,-1,-1,6,1
"9543","2016010018071",1,9,0,5,0,8,0,0,0,0,4,1,6,2,7,1590,1,11,5,1
"9544","2016010018071",2,9,0,5,0,8,0,0,0,0,1,1,6,3,-1,1198,1,8,-1,-1
"9545","2016010018077",1,11,0,3,0,8,0,0,0,0,0,1,6,3,-1,4500,2,4,-1,-1
"9560","2016010018173",1,1,0,18,4,8,0,0,0,0,1,1,6,1,6,-1,-1,-1,4,1
"9561","2016010018173",2,9,0,9,4,8,0,0,0,0,4,1,6,3,-1,-1,-1,-1,-1,-1
"9576","2016010018197",1,9,0,9,0,0,0,0,0,0,3,1,6,2,4,-1,-1,-1,2,1
"9577","2016010018197",2,9,0,18,0,0,0,0,0,0,1,1,6,2,7,1339,1,7,-1,-1
"9599","2016010018214",1,9,0,9,0,1,0,0,0,0,4,1,6,2,7,1497,1,12,-1,-1
"9600","2016010018214",2,3,0,13,0,8,0,0,0,0,1,1,6,1,7,689,1,1,10,1
"9621","2016010018241",1,11,0,4,0,1,0,0,0,0,0,1,1,1,8,9000,2,6,3,1
"9623","2016010018243",1,9,0,4,0,8,0,0,0,0,2,1,6,2,7,1598,1,5,8,1
"9624","2016010018243",2,9,0,18,0,8,0,0,0,0,1,-1,6,3,-1,1390,1,13,-1,-1
"9634","2016010018260",1,5,0,4,0,0,0,0,0,0,3,1,6,1,6,865,1,3,2,1
"9638","2016010018280",1,9,0,18,0,0,5,4,0,0,1,1,6,1,4,1124,1,13,8,1
"9639","2016010018280",2,9,0,2,0,0,0,0,0,0,2,1,6,3,-1,1364,1,1,-1,-1
"9640","2016010018280",3,9,0,2,0,0,0,0,0,0,2,1,6,3,-1,2495,1,11,-1,-1
"9648","2016010018306",1,5,0,18,0,8,0,0,0,0,1,1,6,1,8,599,1,12,10,1
"9649","2016010018306",2,9,0,9,0,8,0,0,0,0,1,1,6,1,11,1395,1,-1,10,1
"9653","2016010018311",1,1,0,18,0,8,0,0,0,0,1,1,6,1,6,-1,-1,-1,5,1
"9654","2016010018311",2,9,0,9,0,8,0,0,0,0,4,1,6,2,-1,1896,2,11,4,1
"9663","2016010018328",1,9,0,4,0,0,0,0,0,0,2,1,1,2,8,1198,1,8,9,1
"9664","2016010018328",2,1,0,18,0,0,0,0,0,0,1,1,6,1,7,-1,-1,-1,-1,-1
"9665","2016010018332",1,9,0,18,0,8,0,0,0,0,2,1,6,2,7,1968,2,-1,9,1
"9666","2016010018332",2,9,0,18,0,8,0,0,0,0,1,1,6,2,-1,1991,2,10,9,1
"9667","2016010018334",1,1,0,18,0,1,0,0,0,0,1,1,6,2,9,-1,-1,-1,7,1
"9668","2016010018334",2,9,0,7,0,8,0,0,0,0,3,1,6,1,6,1598,1,9,3,1
"9705","2016010018436",1,19,0,6,0,0,0,0,0,0,2,1,2,1,7,1998,2,13,4,1
"9706","2016010018436",2,1,0,18,0,0,0,0,0,0,1,1,6,1,-1,-1,-1,-1,9,1
"9714","2016010018444",1,9,0,18,0,1,0,0,0,0,2,1,6,1,7,-1,-1,-1,9,1
"9715","2016010018444",2,9,0,18,0,1,0,0,0,0,1,1,6,1,-1,-1,-1,-1,-1,-1
"9728","2016010018456",1,9,0,18,0,8,0,0,0,0,1,1,6,1,8,2996,1,10,9,1
"9729","2016010018456",2,9,0,7,0,8,0,0,0,0,3,1,6,1,8,1798,1,18,5,1
"9730","2016010018457",1,9,0,18,0,0,0,0,0,0,1,1,6,1,9,1984,1,15,10,1
"9745","2016010018471",1,2,0,18,0,0,0,10,7,10,1,1,6,1,-1,-1,-1,-1,-1,-1
"9752","2016010018478",1,9,0,12,0,0,0,7,0,0,3,1,6,2,10,1998,1,20,7,1
"9755","2016010018481",1,9,0,18,0,1,0,0,0,0,1,1,6,1,5,-1,-1,-1,-1,-1
"9756","2016010018481",2,20,0,1,0,1,0,0,0,0,2,1,6,1,-1,-1,-1,-1,-1,-1
"9760","2016010018487",1,9,0,17,0,0,0,4,0,0,4,1,1,2,-1,-1,-1,-1,-1,-1
"9761","2016010018487",2,9,0,2,0,0,0,0,0,0,2,1,6,3,-1,1399,2,9,-1,-1
"9771","2016010018503",1,9,0,18,0,0,0,0,0,0,4,1,6,2,8,2143,2,1,7,1
"9790","2016010018519",1,9,0,9,0,5,0,0,0,0,4,1,1,1,6,-1,-1,-1,3,1
"9791","2016010018519",2,4,0,18,0,8,0,0,0,0,1,1,6,1,6,998,1,7,6,1
"9792","2016010018520",1,9,0,9,0,4,0,0,0,0,3,1,6,1,-1,5461,1,1,-1,-1
"9793","2016010018520",2,1,0,9,0,8,0,0,0,0,1,1,6,1,-1,-1,-1,-1,-1,-1
"9820","2016010018561",1,9,0,18,0,0,0,0,0,0,1,1,6,2,7,2400,2,-1,9,1
"9821","2016010018561",2,9,0,5,0,0,0,0,0,0,3,1,6,2,4,998,1,22,9,1
"10102","2016010019191",1,9,0,1,0,8,0,0,0,0,2,1,6,3,-1,-1,-1,-1,-1,-1
"10109","2016010019208",1,9,0,5,0,8,0,0,0,0,3,1,6,2,8,1461,2,1,9,1
"10110","2016010019208",2,9,0,18,0,8,0,0,0,0,4,1,6,1,8,2495,2,12,5,1
"101171","2016010019222",1,9,0,3,0,0,0,0,0,0,2,1,6,1,7,1999,2,1,10,1
"10118","2016010019222",2,9,0,18,0,0,0,0,0,0,1,1,6,2,6,998,1,1,7,1
"10129","2016010019247",1,9,0,5,0,8,0,0,0,0,1,1,6,2,7,1598,1,3,-1,-1
"10130","2016010019247",2,1,0,9,0,8,0,0,0,0,1,1,6,1,7,-1,-1,-1,10,1
"10146","2016010019278",1,9,0,16,0,0,0,10,1,10,1,1,1,1,4,1753,2,10,1,1
"10149","2016010019287",1,9,0,4,0,8,0,0,0,0,2,1,6,2,7,2401,2,8,1,1
"10150","2016010019287",2,9,0,18,0,8,0,0,0,0,1,1,6,2,6,1198,1,3,2,1
"10171","2016010019338",1,11,0,3,0,8,0,0,0,0,3,1,1,1,6,4500,2,2,-1,-1
"10172","2016010019338",2,9,0,15,0,8,0,0,0,0,1,1,1,1,6,1390,1,12,4,1
"10173","2016010019338",3,9,0,18,0,8,0,0,0,0,1,1,6,1,7,1984,1,7,-1,-1
"10284","2016010019545",1,9,0,18,0,8,0,0,0,0,3,1,6,1,10,1590,1,12,7,1
"10341","2016010019611",1,9,0,18,0,8,0,0,0,0,1,1,6,1,8,1598,1,9,4,1
"10342","2016010019611",2,9,0,18,0,8,0,0,0,0,1,1,6,2,6,1600,1,12,7,1
"10506","2016010019951",1,3,0,18,0,1,1,0,0,0,0,1,2,1,4,125,1,7,4,1
"10507","2016010019951",2,9,0,9,0,8,0,0,0,0,0,1,6,1,-1,3956,1,17,-1,-1
"10793","2016010020595",1,9,0,18,0,0,-1,0,0,0,4,-1,6,3,-1,-1,-1,-1,-1,-1
"10804","2016010020606",1,9,0,9,0,8,0,0,0,0,1,1,6,1,10,1390,1,7,10,1
"10805","2016010020606",2,9,0,18,0,8,0,0,0,0,1,1,6,1,11,-1,-1,-1,9,1
"10806","2016010020606",3,9,0,18,0,1,0,0,0,0,1,1,6,1,9,-1,-1,-1,-1,-1
"10817","2016010020621",1,3,0,18,0,8,0,0,0,0,1,1,6,1,6,125,1,-1,3,1
"10818","2016010020621",2,9,0,7,0,8,0,0,0,0,4,1,6,1,10,1895,1,16,4,1
"10822","2016010020626",1,11,0,4,0,1,0,0,0,0,0,1,1,1,-1,-1,-1,-1,-1,-1
"10834","2016010020640",1,9,0,9,0,8,0,10,7,1,1,1,6,2,9,1086,1,9,2,1
"10876","2016010020739",1,9,0,18,0,8,5,0,0,0,1,1,6,1,8,-1,-1,-1,3,1
"10883","2016010020758",1,9,0,8,0,8,0,0,0,0,2,1,6,2,5,1198,1,10,2,1
"10884","2016010020758",2,9,0,7,0,8,0,0,0,0,1,1,6,1,-1,-1,-1,-1,-1,-1
"10895","2016010020844",1,2,0,18,0,8,0,0,0,0,1,1,6,1,8,125,1,8,5,1
"10896","2016010020844",2,9,0,9,0,8,0,0,0,0,3,1,6,2,6,1600,1,12,8,1
"10957","2016010020940",1,9,0,18,0,1,0,0,0,0,1,1,6,1,9,-1,-1,-1,8,1
"10969","2016010020961",1,11,0,3,0,0,0,0,0,0,0,1,1,1,9,6700,2,6,7,1
"10978","2016010020986",1,9,0,18,0,0,0,0,0,0,1,1,6,1,5,2000,1,11,7,1
"11008","2016010021103",1,9,0,4,0,0,0,0,0,0,3,1,6,2,7,1364,1,2,5,1
"11045","2016010021131",1,9,0,18,0,8,0,0,0,0,2,1,6,1,6,1497,8,2,9,1
"11046","2016010021131",2,9,0,18,0,8,0,0,0,0,1,1,6,3,-1,1598,1,11,-1,-1
"11078","2016010021150",1,9,0,4,0,1,0,0,0,0,2,1,6,1,6,1591,1,-1,4,1
"11079","2016010021150",2,9,0,18,0,1,0,0,0,0,1,1,6,1,6,-1,-1,-1,6,1
"11094","2016010021160",1,9,0,9,0,8,0,0,0,0,3,2,6,1,7,1968,2,3,3,1
"11095","2016010021160",2,9,0,18,0,1,0,0,0,0,1,1,6,1,6,1248,2,4,5,1
"11110","2016010021171",1,9,0,5,0,1,0,0,0,0,2,1,6,1,6,1198,1,12,3,1
"11111","2016010021171",2,9,0,18,0,1,0,0,0,0,1,1,6,1,7,1995,2,3,4,1
"11123","2016010021179",1,9,0,18,0,1,0,0,3,10,1,1,6,2,8,1798,8,-1,9,1
"11276","2016010021456",1,9,0,18,0,1,0,0,0,0,1,1,6,2,7,1461,2,-1,-1,-1
"11277","2016010021456",2,9,0,7,0,8,0,0,0,0,2,1,6,2,4,-1,-1,-1,-1,-1
"113041","2016010021546",1,9,0,7,9,0,0,0,0,0,4,1,6,2,7,1988,1,14,2,1
"113051","2016010021546",2,1,0,18,9,0,0,0,0,0,1,1,6,1,3,-1,-1,-1,2,1
"11309","2016010021554",1,9,0,9,0,8,0,0,0,0,3,1,6,1,6,-1,-1,-1,3,1
"11310","2016010021554",2,3,0,13,0,8,0,0,0,0,1,1,6,1,7,124,1,8,4,1
"11311","2016010021556",1,9,0,18,0,0,0,4,0,0,1,1,6,1,11,1596,1,3,7,1
"11312","2016010021556",2,9,0,2,0,0,0,0,0,0,2,1,6,3,-1,-1,-1,-1,-1,-1
"11313","2016010021556",3,9,0,2,0,0,0,0,0,0,0,1,6,3,-1,-1,-1,-1,-1,-1
"11317","2016010021564",1,2,0,12,0,1,0,0,0,0,0,1,6,1,5,124,1,-1,-1,-1
"11329","2016010021576",1,3,0,18,0,8,0,0,0,0,1,1,6,1,5,-1,-1,-1,-1,-1
"11330","2016010021576",2,9,0,9,0,8,0,0,0,0,4,1,6,2,6,1997,1,15,-1,-1
"11335","2016010021585",1,9,0,10,0,1,0,0,0,0,2,1,6,2,6,1560,2,-1,-1,-1
"11336","2016010021585",2,3,0,9,0,1,0,0,0,0,1,1,1,1,4,-1,-1,-1,-1,-1
"11341","2016010021591",1,9,0,3,0,0,0,0,0,0,2,1,6,2,5,898,1,-1,-1,-1
"11342","2016010021591",2,9,0,18,0,0,0,0,0,0,1,1,6,3,-1,-1,-1,-1,-1,-1
"11381","2016010021667",1,9,0,18,0,8,0,0,0,0,1,1,6,1,9,1242,1,10,3,1
"11382","2016010021667",2,9,0,18,0,8,0,0,0,0,3,1,6,3,-1,1242,1,13,-1,-1
"11395","2016010021700",1,4,0,18,0,8,1,0,0,0,1,1,6,1,5,124,1,2,3,1
"11396","2016010021700",2,9,0,9,0,8,0,0,0,0,1,1,6,2,8,1999,1,10,9,1
"11401","2016010021710",1,9,0,18,0,8,0,0,0,0,4,1,6,1,9,1200,1,1,5,2
"11404","2016010021719",1,9,0,18,0,0,0,0,0,0,4,1,6,2,6,-1,-1,-1,6,1
"11405","2016010021728",1,9,0,1,0,0,0,0,0,0,2,1,6,3,-1,1229,1,8,-1,-1
"11406","2016010021731",1,9,0,9,0,8,0,0,0,0,1,1,6,2,8,1997,1,2,2,1
"11407","2016010021738",1,9,0,9,0,6,0,0,0,0,3,1,6,1,11,1398,1,-1,-1,-1
"11408","2016010021738",2,1,0,18,0,8,0,0,0,0,1,1,6,1,8,-1,-1,-1,10,1
"11409","2016010021745",1,9,0,4,0,4,0,0,0,0,2,1,6,2,-1,996,1,2,6,1
"11410","2016010021745",2,9,0,18,0,4,0,0,0,0,1,1,6,3,-1,1997,1,14,-1,-1
"11420","2016010021828",1,9,0,18,0,1,0,0,0,0,1,1,6,1,4,1240,1,10,5,1
"11423","2016010021833",1,1,0,18,2,0,0,0,0,0,2,1,6,1,-1,-1,-1,-1,10,1
"11424","2016010021833",2,9,0,18,0,0,0,0,0,0,4,1,6,3,-1,-1,-1,-1,-1,-1
"11426","2016010021841",1,90,0,18,0,8,0,0,0,0,4,1,1,1,8,-1,-1,-1,8,1
"11427","2016010021841",2,1,0,16,5,8,0,0,0,0,1,1,6,1,7,-1,-1,-1,-1,-1
"11432","2016010021849",1,19,0,18,0,8,0,0,0,0,3,1,1,1,9,-1,-1,-1,-1,-1
"11433","2016010021849",2,9,0,4,0,8,0,0,0,0,3,1,6,1,7,-1,-1,-1,4,1
"11437","2016010021855",1,9,0,9,0,6,0,0,0,0,1,-1,6,1,-1,-1,-1,-1,-1,-1
"11442","2016010021863",1,9,0,1,0,2,0,0,0,0,2,1,1,1,7,1997,2,5,2,1
"11444","2016010021868",1,9,0,4,0,0,0,0,0,0,1,1,2,1,7,1968,2,9,3,1
"11445","2016010021869",1,9,0,4,0,0,0,0,0,0,3,1,6,1,9,1598,1,10,3,1
"11446","2016010021869",2,3,0,18,0,0,1,0,0,0,1,1,6,1,-1,125,1,12,-1,-1
"11451","2016010021879",1,11,0,18,0,0,0,0,0,0,0,1,1,1,-1,-1,-1,-1,-1,-1
"11456","2016010021890",1,8,0,4,0,1,0,0,0,0,3,1,1,1,9,2499,2,10,1,1
"11457","2016010021899",1,19,0,4,0,0,0,0,0,0,2,1,6,1,5,1968,2,1,3,1
"11458","2016010021899",2,9,0,4,0,0,0,0,0,0,1,1,6,1,-1,3200,1,8,-1,-1
"11459","2016010021905",1,9,0,16,0,0,0,0,0,0,1,1,6,1,6,1590,1,12,7,1
"11460","2016010021905",2,9,0,17,0,0,0,0,0,0,1,1,6,2,11,1395,1,2,10,1
"11461","2016010021906",1,9,0,18,0,2,0,0,0,0,4,1,6,2,5,-1,-1,-1,3,1
"11464","2016010021911",1,9,0,18,0,0,0,0,0,0,3,1,2,1,6,2204,2,9,-1,-1
"11465","2016010021911",2,1,0,13,0,0,0,0,0,0,1,1,2,2,7,-1,-1,-1,10,1
"11468","2016010021917",1,9,0,18,0,8,0,4,0,0,1,1,6,2,6,1968,2,3,1,1
"11469","2016010021917",2,9,0,2,0,8,0,0,0,0,4,1,6,3,-1,-1,-1,-1,-1,-1
"11470","2016010021918",1,19,0,18,0,2,0,0,0,0,4,1,1,1,7,5883,2,12,-1,-1
"11479","2016010021949",1,9,0,18,0,0,5,4,0,0,1,1,6,1,6,-1,-1,-1,2,1
"11480","2016010021949",2,9,0,2,0,0,0,0,0,0,3,1,6,3,-1,1796,1,5,-1,-1
"11494","2016010021970",1,9,0,16,0,0,0,0,0,0,3,1,6,1,8,1598,1,9,2,1
"11495","2016010021970",2,1,0,17,0,0,0,0,0,0,1,1,6,1,8,-1,-1,-1,9,1
"11519","2016010022013",1,4,0,18,0,8,0,0,0,0,1,1,6,1,6,-1,-1,-1,7,1
"11520","2016010022013",2,9,0,6,0,8,0,0,0,0,2,1,6,3,-1,-1,-1,-1,-1,-1
"11523","2016010022021",1,9,0,9,0,5,0,0,0,0,1,1,6,1,9,3600,1,18,7,1
"11524","2016010022021",2,9,0,18,0,8,0,0,0,0,1,1,6,1,5,999,1,9,6,1
"11529","2016010022039",1,9,0,18,0,8,0,0,0,0,1,1,6,1,6,1590,1,12,8,1
"11530","2016010022039",2,9,0,5,0,8,0,0,0,0,3,1,6,3,-1,-1,-1,-1,-1,-1
"11559","2016010022184",1,1,0,18,0,0,0,0,0,0,3,1,6,1,-1,-1,-1,-1,3,1
"11560","2016010022184",2,9,0,15,0,0,0,0,0,0,4,1,6,3,-1,-1,-1,-1,-1,-1
"11572","2016010022203",1,3,0,18,0,0,0,0,0,0,3,1,6,1,7,125,1,4,8,1
"11573","2016010022203",2,9,0,18,0,0,0,0,0,0,4,1,6,1,4,-1,-1,-1,-1,-1
"11582","2016010022216",1,11,0,5,0,0,0,0,0,0,0,1,1,1,6,4500,2,1,3,1
"11590","2016010022227",1,9,0,9,0,8,0,4,1,10,1,1,6,1,6,1995,1,9,3,1
"11591","2016010022227",2,9,0,2,0,8,0,4,0,0,4,1,6,3,-1,998,1,16,-1,-1
"11592","2016010022227",3,9,0,2,0,8,0,0,0,0,2,1,6,3,-1,1560,2,-1,-1,-1
"11593","2016010022227",4,9,0,2,0,8,0,0,0,0,1,1,6,3,-1,1796,1,12,-1,-1
"11616","2016010022259",1,11,0,18,0,8,0,0,0,0,1,1,1,1,6,7300,2,14,1,1
"11641","2016010022296",1,9,0,18,0,0,0,0,0,0,4,1,6,1,7,1997,1,14,3,1
"11644","2016010022300",1,9,0,3,0,0,0,0,0,0,2,1,6,2,6,1498,1,7,3,1
"11645","2016010022300",2,9,0,4,0,0,0,0,0,0,1,1,6,1,7,1400,1,16,6,1
"11647","2016010022307",1,9,0,9,0,8,0,0,0,0,4,1,6,1,8,1998,1,13,5,1
"11648","2016010022307",2,1,0,18,0,8,0,0,0,0,1,1,6,1,6,-1,-1,-1,6,1
"11649","2016010022313",1,9,0,4,0,8,0,0,0,0,1,1,6,2,11,998,1,15,4,1
"11650","2016010022313",2,1,0,3,0,8,0,0,0,0,2,1,6,1,8,-1,-1,-1,8,1
"11663","2016010022341",1,9,0,1,0,0,0,0,0,0,2,1,6,1,-1,1339,1,12,-1,-1
"11668","2016010022351",1,9,0,18,0,8,0,0,0,0,1,1,6,2,7,-1,-1,-1,4,1
"11720","2016010022492",1,9,0,7,0,1,0,0,0,0,2,1,6,1,7,-1,-1,-1,-1,-1
"11721","2016010022492",2,9,0,9,0,1,0,0,0,0,1,1,6,3,-1,-1,-1,-1,-1,-1
"11732","2016010022522",1,9,0,18,0,8,0,0,0,0,4,1,6,1,-1,-1,-1,-1,-1,-1
"11733","2016010022522",2,11,0,18,0,8,0,0,0,0,3,1,1,1,9,-1,-1,-1,-1,-1
"11741","2016010022531",1,8,0,18,0,0,0,0,0,0,4,1,6,1,7,1896,2,11,4,1
"11744","2016010022534",1,8,0,6,0,0,0,0,0,0,4,-1,6,3,-1,-1,-1,-1,-1,-1
"11751","2016010022540",1,9,0,18,0,2,0,0,0,0,4,1,6,1,5,1896,2,12,1,1
"11757","2016010022547",1,9,0,9,0,8,0,0,0,0,1,1,6,1,8,1390,1,12,-1,-1
"11758","2016010022547",2,11,0,18,0,8,0,0,0,0,3,1,1,1,6,-1,-1,-1,5,1
"11761","2016010022549",1,9,0,9,0,8,0,4,0,0,1,1,6,2,6,1598,1,8,6,1
"11762","2016010022549",2,9,0,2,0,2,0,0,0,0,3,1,6,3,-1,1360,1,12,-1,-1
"11763","2016010022551",1,3,0,18,0,8,0,0,0,0,3,1,6,1,4,124,1,6,1,1
"11782","2016010022582",1,9,0,16,0,8,0,10,1,0,4,1,6,2,6,1598,1,5,4,1
"11783","2016010022587",1,9,0,3,0,2,0,0,0,0,2,1,6,2,5,1995,2,5,7,1
"11784","2016010022587",2,9,0,3,0,2,0,0,0,0,2,1,6,2,10,1995,2,5,2,1
"11785","2016010022587",3,9,0,4,0,2,0,0,0,0,1,1,6,2,6,996,1,4,10,1
"11786","2016010022588",1,9,0,18,0,0,0,0,0,0,4,1,6,3,-1,4163,1,2,-1,-1
"11787","2016010022591",1,4,0,18,0,8,0,0,0,0,4,1,6,1,5,125,1,-1,6,1
"11788","2016010022591",2,9,0,9,0,8,1,0,0,0,1,1,6,2,5,1368,1,5,5,1
"11790","2016010022599",1,9,0,18,0,8,0,0,0,0,4,1,6,1,7,2148,2,14,2,1
"11791","2016010022604",1,9,0,18,0,8,0,0,0,0,3,1,6,2,7,-1,-1,-1,7,1
"11792","2016010022604",2,9,0,7,0,8,0,0,0,0,4,1,6,1,6,1997,2,12,3,1
"11795","2016010022614",1,4,0,11,0,8,0,0,0,0,4,1,6,2,5,125,1,-1,3,1
"11796","2016010022614",2,9,0,5,0,8,0,0,0,0,3,1,6,1,6,-1,-1,-1,6,1
"11806","2016010022702",1,5,0,18,0,8,0,0,0,0,1,1,6,1,6,1462,1,17,7,1
"11807","2016010022702",2,9,0,9,0,8,0,0,0,0,3,1,6,1,4,-1,-1,-1,5,1
"11815","2016010022708",1,9,0,3,0,4,0,0,0,0,2,1,6,2,8,998,1,10,6,1
"11816","2016010022708",2,9,0,4,0,4,0,0,0,0,1,1,6,3,-1,1240,1,9,-1,-1
"11821","2016010022719",1,9,0,18,0,0,0,0,0,0,1,1,6,1,5,1198,1,8,8,1
"11830","2016010022733",1,9,0,9,0,8,0,0,0,0,1,1,6,1,10,1396,1,11,3,1
"11831","2016010022733",2,9,0,18,0,4,0,0,0,0,1,1,6,3,-1,-1,-1,-1,-1,-1
"11837","2016010022741",1,9,0,18,0,8,0,0,0,0,1,1,6,1,5,1995,2,4,4,1
"11838","2016010022741",2,9,0,1,0,8,0,0,0,0,2,1,6,2,8,1998,1,-1,9,1
"11845","2016010022757",1,11,0,15,0,8,0,0,0,0,1,1,1,1,9,4500,2,8,6,1
"11846","2016010022757",2,9,0,9,0,8,0,0,0,0,3,1,6,1,7,1598,2,3,2,1
"11854","2016010022774",1,9,0,18,0,2,0,0,0,0,3,1,6,3,-1,1769,1,12,-1,-1
"11855","2016010022774",2,3,0,13,0,2,0,0,0,0,4,1,6,1,7,125,1,1,4,1
"11863","2016010022790",1,9,0,9,0,4,0,0,0,0,1,1,6,1,5,1686,2,11,3,1
"11864","2016010022790",2,9,0,18,0,4,0,0,0,0,1,1,6,3,-1,-1,-1,-1,-1,-1
"11879","2016010022810",1,4,0,18,0,0,0,0,0,0,1,1,6,1,4,123,1,2,6,1
"11880","2016010022810",2,9,0,5,0,0,0,0,0,0,1,1,6,2,7,1329,1,4,8,1
"11888","2016010022826",1,3,0,18,0,1,0,0,0,0,4,1,6,1,5,125,1,1,4,1
"11889","2016010022830",1,9,0,4,0,4,0,0,0,0,2,1,6,1,5,1798,1,7,6,2
"11890","2016010022830",2,9,0,5,0,4,0,0,0,0,1,1,6,3,-1,1598,1,6,-1,-1
"11894","2016010022835",1,9,0,18,0,1,0,0,0,0,1,1,6,1,9,2987,2,5,7,1
"11897","2016010022849",1,2,0,18,0,2,0,4,0,0,1,1,1,1,6,49,1,10,6,1
"11898","2016010022849",2,9,0,2,0,1,0,0,0,0,1,1,6,3,-1,1596,1,7,-1,-1
"12368","2016010023736",1,9,0,18,0,1,1,0,0,0,1,1,6,1,5,1598,1,13,-1,-1
"12369","2016010023736",2,9,0,3,0,1,0,0,0,0,2,1,6,1,7,1598,1,15,-1,-1
"12370","2016010023736",3,9,0,3,0,1,0,0,0,0,2,1,6,1,5,-1,-1,-1,-1,-1
"12579","2016010024199",1,9,0,18,0,0,0,0,0,0,4,1,6,2,-1,1197,1,1,8,1
"12583","2016010024209",1,9,0,18,0,8,0,0,0,0,1,1,6,1,11,999,1,-1,8,1
"12584","2016010024209",2,9,0,2,0,8,0,0,0,0,3,1,6,3,-1,2488,2,9,-1,-1
"12585","2016010024213",1,2,0,15,0,8,0,0,0,0,4,1,6,1,6,124,1,6,8,3
"12586","2016010024213",2,9,0,9,0,8,0,0,0,0,1,1,6,3,-1,-1,-1,-1,-1,-1
"12591","2016010024226",1,3,0,18,0,8,0,0,0,0,1,1,6,1,6,125,1,-1,5,1
"12592","2016010024226",2,9,0,9,0,8,0,0,0,0,1,1,6,3,-1,1597,1,17,-1,-1
"12597","2016010024239",1,8,0,18,0,8,0,0,0,0,1,1,6,1,-1,-1,-1,-1,-1,-1
"12598","2016010024239",2,9,0,18,0,8,0,0,0,0,4,1,6,3,-1,1986,2,9,-1,-1
"12601","2016010024245",1,9,0,9,0,8,0,0,0,0,1,1,6,1,9,1895,1,16,2,1
"12602","2016010024245",2,9,0,18,0,8,0,0,0,0,1,1,6,1,7,1598,1,12,2,1
"12610","2016010024329",1,1,0,18,0,8,0,0,0,0,1,1,6,1,5,-1,-1,-1,3,1
"12611","2016010024329",2,9,0,9,0,8,0,0,0,0,1,1,6,2,-1,1968,2,8,7,1
"12620","2016010024338",1,9,0,18,0,8,0,0,0,0,1,1,6,3,-1,1598,1,13,-1,-1
"12621","2016010024338",2,9,0,4,0,8,0,0,0,0,2,1,6,2,7,1598,1,8,6,1
"12625","2016010024344",1,9,0,18,0,8,0,0,0,0,4,1,6,2,4,999,1,2,6,1
"12634","2016010024354",1,4,0,18,0,8,1,0,0,0,3,1,6,1,6,249,1,7,10,1
"12638","2016010024360",1,9,0,7,0,8,0,0,0,0,4,1,6,1,-1,1229,1,9,8,1
"12648","2016010024370",1,9,0,9,0,8,0,0,0,0,1,1,6,1,8,2204,2,10,5,1
"12649","2016010024370",2,9,0,18,0,8,0,0,0,0,1,1,6,1,8,1997,1,9,5,1