"","Acc_Index","Vehicle_Reference","Vehicle_Type","Towing_and_Articulation","Vehicle_Manoeuvre","Vehicle_Location.Restricted_Lane","Junction_Location","Skidding_and_Overturning","Hit_Object_in_Carriageway","Vehicle_Leaving_Carriageway","Hit_Object_off_Carriageway","X1st_Point_of_Impact","Was_Vehicle_Left_Hand_Drive","Journey_Purpose_of_Driver","Sex_of_Driver","Age_Band_of_Driver","Engine_Capacity_.CC.","Propulsion_Code","Age_of_Vehicle","Driver_IMD_Decile","Driver_Home_Area_Type"
"12663","2016010024390",1,4,0,18,0,8,0,0,0,0,1,1,6,1,5,1000,1,11,10,1
"126641","2016010024390",2,9,0,7,0,8,0,0,0,0,3,1,6,1,11,1589,1,19,7,1
"12666","2016010024396",1,8,0,15,0,0,0,0,0,0,4,1,1,1,8,2402,2,11,7,1
"12670","2016010024409",1,9,0,9,0,8,0,0,0,0,1,1,6,1,10,1598,1,10,5,1
"12671","2016010024409",2,1,0,16,0,8,0,0,0,0,1,1,6,2,7,-1,-1,-1,2,1
"12684","2016010024444",1,9,0,18,0,8,0,0,0,0,3,1,6,1,7,1997,2,6,3,1
"12685","2016010024444",2,9,0,9,0,8,0,0,0,0,1,1,6,3,-1,-1,-1,-1,-1,-1
"12773","2016010024625",1,3,0,18,0,8,0,0,0,0,1,1,1,1,5,49,1,6,4,1
"12774","2016010024625",2,9,0,9,0,8,0,0,0,0,1,-1,6,2,-1,1598,1,3,5,1
"12791","2016010024690",1,9,0,1,0,8,0,0,0,0,2,1,6,3,-1,-1,-1,-1,-1,-1
"12821","2016010024731",1,9,0,18,0,8,0,0,0,0,1,1,6,2,6,1229,1,7,2,1
"12822","2016010024731",2,9,0,2,0,8,0,0,0,0,3,1,6,3,-1,2143,2,5,-1,-1
"12836","2016010024767",1,9,0,4,0,0,1,0,0,0,1,1,6,2,6,1461,2,1,7,1
"12837","2016010024767",2,1,0,18,0,0,0,0,0,0,1,1,6,1,8,-1,-1,-1,6,1
"12848","2016010024779",1,8,0,18,0,0,0,0,0,0,1,1,6,1,9,-1,-1,-1,-1,-1
"12849","2016010024779",2,19,0,5,0,0,0,0,0,0,3,1,6,1,8,2198,2,1,9,1
"12856","2016010024802",1,9,0,6,0,0,0,0,0,0,2,1,6,3,-1,-1,-1,-1,-1,-1
"12857","2016010024802",2,1,0,18,0,0,0,0,0,0,1,1,6,1,3,-1,-1,-1,5,1
"12861","2016010024808",1,3,0,18,0,8,0,0,0,0,4,1,6,1,7,125,1,9,2,1
"12869","2016010024826",1,9,0,18,0,8,0,0,0,0,1,1,6,1,6,-1,-1,-1,3,1
"12870","2016010024826",2,9,0,9,0,8,0,0,0,0,3,1,6,1,6,1995,2,5,3,1
"12890","2016010024931",1,11,0,4,0,8,0,0,0,0,0,1,1,1,8,4500,2,5,6,1
"12944","2016010025042",1,9,0,9,0,8,0,0,0,0,1,1,6,1,7,1896,2,12,3,1
"12945","2016010025042",2,19,0,18,0,8,0,0,0,0,4,1,6,1,8,2198,2,4,2,1
"12961","2016010025063",1,9,0,11,0,8,0,10,1,10,1,1,6,1,6,1910,2,9,2,1
"12964","2016010025076",1,9,0,18,0,8,5,0,0,0,4,1,6,1,4,1390,1,10,10,1
"12965","2016010025076",2,9,0,18,0,8,0,0,0,0,0,1,1,1,-1,-1,-1,-1,-1,-1
"12973","2016010025102",1,9,0,18,0,8,0,0,0,0,1,1,6,2,8,998,1,2,9,1
"12981","2016010025125",1,11,0,18,0,8,0,0,0,0,4,1,1,1,-1,-1,-1,-1,-1,-1
"12986","2016010025134",1,9,0,4,0,0,0,0,0,0,2,1,6,1,6,1798,1,8,4,1
"12987","2016010025134",2,9,0,18,0,0,0,0,0,0,1,1,6,2,9,1986,2,11,7,1
"12989","2016010025141",1,9,0,3,0,8,0,0,0,0,2,1,6,1,-1,1998,1,16,3,1
"12990","2016010025141",2,19,0,5,0,8,0,0,0,0,1,1,6,3,-1,-1,-1,-1,-1,-1
"12991","2016010025147",1,9,0,18,0,8,0,0,0,0,4,1,6,1,7,-1,-1,-1,2,1
"12994","2016010025152",1,9,0,18,0,0,0,4,0,0,4,1,6,1,6,1496,2,-1,9,1
"12995","2016010025152",2,9,0,2,0,0,0,0,0,0,2,1,6,3,-1,-1,-1,-1,-1,-1
"12996","2016010025152",3,9,0,2,0,0,0,0,0,0,3,1,6,3,-1,-1,-1,-1,-1,-1
"13011","2016010025245",1,9,0,9,0,8,0,0,0,0,1,1,6,1,7,1197,1,1,7,1
"13012","2016010025245",2,9,0,18,0,8,0,0,0,0,1,1,6,2,9,1600,1,16,5,1
"13072","2016010025400",1,9,0,18,0,8,0,0,0,0,1,1,6,1,6,1388,1,15,5,1
"13073","2016010025400",2,9,0,7,0,8,0,0,0,0,1,1,6,1,9,-1,-1,-1,3,1
"13075","2016010025410",1,9,0,18,0,8,0,0,0,0,1,1,6,1,11,1598,1,1,-1,-1
"13081","2016010025425",1,9,0,18,0,8,0,0,0,0,1,1,6,2,9,1997,2,3,10,1
"13082","2016010025425",2,9,0,18,0,8,0,0,0,0,1,1,6,2,6,1968,2,5,-1,-1
"13083","2016010025432",1,9,0,9,0,8,0,0,0,0,3,1,6,1,6,1497,8,8,3,1
"13084","2016010025432",2,2,0,18,0,8,0,0,0,0,1,1,6,2,4,49,1,2,8,1
"13085","2016010025436",1,9,0,18,0,8,0,0,0,0,3,1,6,1,7,1248,1,1,3,1
"13086","2016010025436",2,1,0,18,0,8,0,0,0,0,1,1,6,1,3,-1,-1,-1,4,1
"13087","2016010025442",1,4,0,18,0,2,0,0,0,0,1,1,6,1,5,-1,-1,-1,-1,-1
"13089","2016010025448",1,9,0,18,0,8,0,0,0,0,1,1,6,2,6,1598,1,8,-1,-1
"13090","2016010025448",2,9,-1,7,0,8,-1,0,0,0,3,-1,6,3,-1,-1,-1,-1,-1,-1
"13091","2016010025454",1,8,0,18,0,8,0,0,0,0,4,1,1,1,6,-1,-1,-1,1,1
"13092","2016010025454",2,9,0,7,0,8,0,0,0,0,1,1,6,2,5,1390,1,13,7,1
"13117","2016010025584",1,9,0,18,0,8,0,0,0,0,3,1,6,1,7,-1,-1,-1,4,1
"13118","2016010025584",2,9,0,11,0,8,0,0,0,0,4,1,6,1,-1,1995,2,1,3,1
"13131","2016010025607",1,9,0,9,0,5,0,0,0,0,4,1,6,2,10,1596,1,12,4,1
"13135","2016010025621",1,9,0,18,0,0,0,0,0,0,4,-1,6,1,8,1984,1,5,9,1
"13136","2016010025621",2,9,-1,1,0,0,0,0,0,0,1,-1,6,1,-1,1798,8,4,-1,-1
"13140","2016010025625",1,9,0,18,0,0,0,0,0,0,4,1,6,2,6,799,2,5,7,1
"13168","2016010025683",1,9,0,9,0,8,0,0,0,0,3,1,6,2,9,1240,1,6,7,1
"13169","2016010025683",2,3,0,15,0,8,0,0,0,0,1,1,6,1,7,124,1,17,4,1
"13185","2016010025716",1,9,0,8,0,8,0,0,0,0,1,1,6,2,9,-1,-1,-1,8,1
"13186","2016010025716",2,1,0,18,0,8,0,0,0,0,1,1,6,1,3,-1,-1,-1,10,1
"13189","2016010025727",1,9,0,18,0,8,0,10,1,2,4,1,6,1,6,1386,1,5,5,1
"13204","2016010025785",1,9,0,18,0,8,0,4,0,0,1,1,6,2,10,1600,2,6,7,3
"13205","2016010025785",2,19,0,2,0,8,0,0,0,0,2,1,6,3,-1,2464,2,8,-1,-1
"13208","2016010025801",1,1,0,18,0,8,0,0,0,0,3,1,2,1,6,-1,-1,-1,6,1
"13209","2016010025801",2,19,0,13,0,8,0,0,0,0,0,1,1,1,8,2402,2,5,1,1
"13217","2016010025851",1,9,0,9,0,8,0,0,0,0,4,1,2,1,9,1796,1,10,6,1
"13218","2016010025851",2,3,0,15,0,8,0,0,0,0,1,1,1,1,5,125,1,1,4,1
"13235","2016010025873",1,9,0,18,0,8,0,0,0,0,3,1,1,1,7,-1,-1,-1,6,1
"13236","2016010025873",2,19,0,11,0,8,0,0,0,0,1,1,1,1,-1,-1,-1,-1,2,1
"13250","2016010025902",1,3,0,4,0,8,1,10,0,0,1,1,1,1,6,125,1,7,6,1
"13251","2016010025902",2,11,0,5,0,8,0,0,0,0,2,1,1,2,6,9400,2,11,4,1
"13252","2016010025902",3,9,0,18,0,8,0,0,0,0,0,1,1,1,-1,1560,2,2,-1,-1
"13260","2016010025918",1,9,0,18,0,0,0,0,0,0,1,1,1,1,8,-1,-1,-1,6,1
"13261","2016010025918",2,9,0,9,0,0,0,0,0,0,1,1,6,1,8,1240,1,10,2,1
"13263","2016010025921",1,9,0,5,0,8,0,0,0,0,1,1,6,2,10,1582,2,2,7,1
"13264","2016010025921",2,3,0,5,0,8,0,0,0,0,1,1,6,1,8,1250,1,17,6,1
"13269","2016010025928",1,9,0,18,0,8,0,0,0,0,1,1,6,2,9,1560,2,9,9,1
"13270","2016010025928",2,8,0,18,0,8,1,10,3,10,4,1,1,1,6,1797,8,4,2,1
"13279","2016010025953",1,9,0,3,0,8,0,0,0,0,1,1,6,1,6,-1,-1,-1,7,1
"13280","2016010025953",2,9,0,9,0,-1,0,0,0,0,1,1,6,1,-1,1997,2,8,-1,-1
"13281","2016010025955",1,9,0,18,0,0,0,0,0,0,1,1,6,1,6,-1,-1,-1,2,1
"13282","2016010025955",2,9,0,18,0,0,0,0,7,3,1,1,6,1,8,-1,-1,-1,5,1
"13287","2016010025966",1,21,1,5,0,8,0,0,0,0,1,1,1,1,8,12900,2,2,4,1
"13288","2016010025966",2,5,0,5,0,8,0,0,0,0,2,1,2,1,8,599,1,16,4,1
"13289","2016010025968",1,5,0,18,0,8,0,0,0,0,1,1,2,2,6,124,1,9,2,1
"13290","2016010025968",2,9,0,11,0,8,0,0,0,0,1,1,6,2,6,1598,1,8,5,1
"13293","2016010025977",1,9,0,18,0,8,0,0,0,0,4,1,6,1,8,-1,-1,-1,2,1
"13294","2016010025977",2,9,0,9,0,8,0,0,0,0,3,1,6,1,10,1596,1,9,10,1
"13297","2016010025983",1,9,0,18,0,0,0,0,0,0,1,1,6,1,5,1598,1,10,6,1
"13298","2016010025983",2,9,0,3,0,0,0,0,0,0,1,1,6,1,-1,1598,1,11,-1,-1
"13299","2016010025983",3,9,0,18,0,0,0,0,0,0,3,1,2,1,7,3195,1,10,6,1
"13300","2016010025983",4,19,0,3,0,0,0,0,0,0,2,1,6,1,-1,1896,2,10,-1,-1
"13302","2016010025995",1,9,0,18,0,8,0,0,0,0,3,1,6,1,7,-1,-1,-1,2,1
"13303","2016010025995",2,5,0,13,0,8,0,0,0,0,1,1,6,2,7,750,1,14,5,1
"13304","2016010026001",1,9,0,7,0,8,0,0,0,0,3,1,6,2,8,1328,1,14,10,1
"13305","2016010026005",1,9,0,18,0,8,0,0,0,0,3,1,2,2,10,1598,1,5,7,1
"13306","2016010026005",2,1,0,18,0,8,0,0,0,0,1,1,2,1,4,-1,-1,-1,8,1
"13308","2016010026025",1,9,0,18,0,0,0,4,0,0,1,1,6,1,6,1896,2,10,-1,-1
"13309","2016010026025",2,9,0,2,0,0,0,0,0,0,3,1,6,3,-1,1598,1,12,-1,-1
"13310","2016010026034",1,9,0,9,0,8,0,0,0,0,1,1,6,1,5,1910,2,12,8,1
"13311","2016010026034",2,3,0,18,0,8,1,0,0,0,1,1,6,1,4,108,1,-1,4,1
"13312","2016010026036",1,1,0,18,0,8,0,0,0,0,1,1,2,1,7,-1,-1,-1,9,1
"13313","2016010026036",2,9,0,9,0,7,0,0,0,0,4,1,6,2,-1,-1,-1,-1,-1,-1
"13493","2016010026487",1,5,0,13,0,0,0,0,0,0,1,1,2,1,8,782,1,1,6,1
"13494","2016010026487",2,9,0,6,0,0,0,0,0,0,3,1,2,1,7,1197,1,-1,-1,-1
"13515","2016010026510",1,9,0,18,0,8,0,0,0,0,3,1,6,1,6,2993,2,5,9,1
"13516","2016010026510",2,9,0,18,0,8,0,0,0,0,1,1,6,2,8,1339,1,11,7,1
"13523","2016010026520",1,9,0,5,0,8,0,0,0,0,4,1,6,1,11,1598,1,8,10,1
"13524","2016010026520",2,1,0,3,0,8,0,0,0,0,3,1,6,2,9,-1,-1,-1,9,1
"13528","2016010026526",1,19,0,4,0,0,0,0,0,0,2,1,6,1,6,3920,2,9,1,1
"13529","2016010026526",2,9,0,18,0,0,0,0,0,0,1,1,6,1,8,1598,1,9,9,1
"13539","2016010026536",1,5,0,5,0,8,0,0,0,0,1,1,1,1,7,599,1,11,10,1
"13540","2016010026536",2,19,0,6,0,8,0,0,0,0,4,1,1,1,4,-1,-1,-1,10,1
"13552","2016010026552",1,5,0,18,0,8,1,0,0,0,4,1,6,1,6,599,1,18,8,1
"13553","2016010026552",2,9,0,9,0,8,0,0,0,0,1,1,6,1,7,1997,2,4,2,1
"13562","2016010026563",1,3,0,18,0,8,1,0,0,0,1,1,6,1,7,125,1,3,9,1
"13563","2016010026563",2,9,0,18,0,8,0,0,0,0,3,1,6,1,-1,-1,-1,-1,-1,-1
"13567","2016010026568",1,11,0,18,0,8,0,0,0,0,4,1,1,1,7,6700,2,4,-1,-1
"13570","2016010026574",1,11,0,18,0,8,0,0,0,0,4,1,1,1,8,9000,2,7,2,1
"13581","2016010026588",1,4,0,15,0,8,0,0,0,0,1,1,6,1,6,124,1,7,9,1
"13582","2016010026588",2,9,0,9,0,8,0,0,0,0,1,1,6,1,6,998,1,12,7,1
"13590","2016010026609",1,9,0,9,0,4,0,0,0,0,1,1,6,2,-1,1618,1,1,-1,-1
"13591","2016010026609",2,1,0,18,0,3,0,0,0,0,1,1,2,2,6,-1,-1,-1,4,1
"13594","2016010026615",1,9,0,18,0,0,0,0,0,0,1,1,6,1,8,1596,1,15,5,1
"13595","2016010026615",2,9,0,18,0,0,0,0,0,0,1,1,6,2,10,1596,1,3,5,1
"13607","2016010026635",1,9,0,18,0,8,0,0,0,0,1,1,6,1,5,1968,2,4,-1,-1
"13608","2016010026635",2,3,0,18,0,8,1,0,0,0,1,1,6,1,5,124,1,2,3,1
"13609","2016010026636",1,8,0,3,0,8,0,0,0,0,2,1,1,1,7,1997,2,4,3,1
"13610","2016010026636",2,19,0,4,0,8,0,0,0,0,1,1,1,1,6,1968,2,-1,4,1
"13614","2016010026648",1,9,0,16,0,0,0,0,0,0,1,1,6,2,6,1242,1,12,-1,-1
"13615","2016010026648",2,9,0,17,0,0,0,0,0,0,1,1,6,1,4,1598,1,9,7,1
"13630","2016010026732",1,8,0,18,0,8,0,0,0,0,1,1,1,1,7,1797,8,4,5,1
"13631","2016010026732",2,19,0,12,0,8,1,10,6,0,1,1,6,1,8,2198,2,7,9,1
"13632","2016010026733",1,19,0,18,0,0,0,0,0,0,4,1,6,3,-1,-1,-1,-1,-1,-1
"13634","2016010026735",1,9,0,6,0,0,0,0,0,0,3,1,1,1,6,-1,-1,-1,5,1
"13635","2016010026735",2,3,0,14,0,0,0,0,0,0,1,1,6,1,9,124,1,4,8,1
"13640","2016010026744",1,3,0,18,0,0,0,0,0,0,1,1,6,1,7,125,1,14,7,1
"13645","2016010026754",1,1,0,15,0,2,0,8,0,0,1,1,2,1,8,-1,-1,-1,4,1
"13646","2016010026754",2,9,0,3,0,2,0,0,0,0,4,1,6,3,-1,1968,2,1,-1,-1
"13649","2016010026756",1,9,0,18,0,0,0,0,0,0,3,1,6,1,6,3999,1,8,8,1
"13650","2016010026756",2,9,0,13,0,0,1,10,7,2,1,1,6,1,-1,1995,2,5,3,1
"13655","2016010026759",1,9,0,18,0,7,0,0,0,0,2,1,6,2,8,1240,1,12,3,1
"13656","2016010026759",2,9,0,5,0,7,0,0,0,0,1,1,6,1,7,1984,1,7,4,1
"13659","2016010026762",1,1,0,14,0,0,0,8,0,0,1,1,6,1,6,-1,-1,-1,6,1
"13660","2016010026762",2,9,0,3,0,0,0,0,0,0,3,1,6,2,8,1595,2,7,9,1
"13669","2016010026772",1,9,0,7,0,3,0,0,0,0,1,1,2,2,10,1299,1,14,10,1
"13670","2016010026775",1,8,0,18,0,0,0,4,0,0,1,1,1,1,7,2143,2,1,6,1
"13671","2016010026775",2,9,0,2,0,0,0,4,0,0,1,1,6,3,-1,1248,1,4,-1,-1
"13672","2016010026775",3,9,0,2,0,0,0,0,0,0,1,1,6,3,-1,1242,1,14,-1,-1
"13673","2016010026776",1,1,0,18,0,0,0,0,0,0,1,1,6,1,8,-1,-1,-1,7,1
"13674","2016010026776",2,9,0,9,0,0,0,0,0,0,3,-1,6,1,-1,1124,1,15,-1,-1
"13675","2016010026782",1,9,0,9,0,8,0,0,0,0,4,1,1,2,6,1998,1,12,9,1
"13676","2016010026782",2,9,0,18,0,8,0,0,0,0,1,1,6,1,-1,2261,1,10,3,1
"13680","2016010026790",1,8,0,18,0,8,0,0,0,0,1,1,1,1,7,1797,8,5,-1,-1
"13681","2016010026791",1,9,0,9,0,8,0,0,0,0,3,1,6,1,9,1895,1,17,9,1
"13682","2016010026791",2,3,0,18,0,8,0,0,0,0,1,1,6,1,9,124,1,2,3,1
"13689","2016010026800",1,9,0,16,0,8,0,0,0,0,2,1,1,1,8,1299,1,12,-1,-1
"13690","2016010026800",2,9,0,18,0,8,0,0,0,0,1,1,6,1,-1,1197,1,1,-1,-1
"13691","2016010026800",3,9,0,18,0,8,0,0,0,0,1,1,2,1,-1,1781,1,13,3,1
"13694","2016010026809",1,9,0,18,0,8,0,0,0,0,1,1,6,1,6,4497,1,4,2,1
"13695","2016010026809",2,9,0,18,0,8,0,0,7,0,2,1,6,1,-1,3982,1,-1,-1,-1
"13701","2016010026819",1,9,0,9,0,8,0,0,0,0,1,1,2,1,5,1896,2,8,9,1
"13702","2016010026819",2,3,0,14,0,8,0,0,0,0,1,1,1,1,7,125,1,1,2,1
"13703","2016010026824",1,9,0,9,0,8,0,0,0,0,0,1,6,2,8,1398,1,16,5,1
"13704","2016010026825",1,9,0,5,0,1,0,0,0,0,1,1,2,1,7,1798,1,10,4,1
"13705","2016010026825",2,3,0,5,0,1,0,0,0,0,2,1,2,2,7,-1,-1,-1,4,1
"13712","2016010026835",1,5,0,13,0,8,0,0,0,0,1,1,2,1,6,-1,-1,-1,-1,-1
"13713","2016010026835",2,9,0,18,0,8,0,0,0,0,3,1,2,2,6,1560,2,9,9,1
"13714","2016010026845",1,9,0,9,0,0,0,0,0,0,1,1,2,1,7,1596,1,5,7,1
"13715","2016010026845",2,1,0,17,0,0,0,0,0,0,3,1,2,1,8,-1,-1,-1,3,1
"13716","2016010026846",1,9,0,3,0,1,0,0,0,0,2,1,6,1,-1,2143,2,2,-1,-1
"13717","2016010026846",2,9,0,18,0,1,0,0,0,0,1,1,6,1,7,1390,1,6,2,1
"13718","2016010026846",3,9,0,18,0,1,0,0,0,0,1,1,6,1,9,998,1,3,7,1
"13719","2016010026846",4,9,0,18,0,1,0,0,0,0,1,1,6,1,7,2204,2,10,4,1
"13727","2016010026856",1,2,0,18,0,8,0,0,0,0,1,1,6,1,5,-1,-1,-1,3,1
"13728","2016010026856",2,9,0,13,0,8,0,0,0,0,1,1,1,1,6,1598,1,13,4,1
"13729","2016010026861",1,8,0,18,0,8,0,7,0,0,3,1,6,1,6,2143,2,4,2,1
"13730","2016010026861",2,8,0,9,0,5,0,0,0,0,1,1,6,1,8,-1,-1,-1,8,1
"13733","2016010026872",1,9,0,18,0,8,0,0,0,0,1,1,6,2,7,1998,2,9,10,1
"13734","2016010026872",2,9,0,9,0,8,0,0,0,0,3,1,6,1,6,-1,-1,-1,-1,-1
"13735","2016010026873",1,9,0,3,0,1,0,0,0,0,2,1,6,2,5,999,1,16,3,1
"13736","2016010026873",2,9,0,18,0,1,0,0,0,0,1,1,6,3,-1,1796,1,16,-1,-1
"13747","2016010026905",1,9,0,18,0,8,0,0,0,0,1,1,2,1,8,1997,1,2,9,1
"13748","2016010026905",2,9,0,5,0,8,0,0,2,10,4,1,2,1,8,1296,1,10,5,1
"13749","2016010026915",1,10,0,12,0,8,0,0,0,0,1,1,6,2,6,-1,-1,-1,-1,-1
"13772","2016010026969",1,9,0,9,0,8,0,0,0,0,2,1,6,1,6,1968,2,8,1,1
"13773","2016010026969",2,9,0,18,0,8,0,0,0,0,1,1,1,1,8,1598,1,3,4,1
"13775","2016010026983",1,90,0,18,0,8,0,0,0,0,1,1,1,1,9,2987,2,1,8,1
"13776","2016010026983",2,9,0,5,0,8,0,0,0,0,3,1,6,1,6,1240,1,9,9,1
"13808","2016010027082",1,9,0,18,0,8,0,0,0,0,1,1,1,1,6,1968,2,2,6,2
"13809","2016010027082",2,8,0,2,0,8,0,0,0,0,3,1,6,3,-1,2979,1,13,-1,-1
"13810","2016010027082",3,9,0,2,0,8,0,0,0,0,1,1,6,3,-1,1461,2,8,-1,-1
"13840","2016010027136",1,9,0,18,0,8,0,0,0,0,4,1,6,2,8,2967,1,15,9,1
"13841","2016010027136",2,9,0,9,0,8,0,0,0,0,1,1,6,2,6,1596,1,9,8,1
"13853","2016010027151",1,9,0,18,0,0,0,0,0,0,2,1,6,1,7,1968,2,10,4,1
"13854","2016010027151",2,9,0,4,0,0,0,0,0,0,1,1,6,1,-1,-1,-1,-1,-1,-1
"13868","2016010027167",1,9,0,18,0,8,0,0,0,0,1,1,6,1,9,2295,1,16,9,1
"13869","2016010027167",2,1,0,18,0,8,0,0,0,0,4,1,6,2,7,-1,-1,-1,5,1
"13905","2016010027250",1,3,0,9,0,8,0,0,0,0,1,1,6,1,4,125,1,3,-1,-1
"13906","2016010027250",2,8,0,9,0,8,0,0,0,0,0,1,1,1,8,2402,2,10,-1,-1
"13911","2016010027263",1,9,0,9,0,8,0,0,0,0,4,1,1,1,7,1229,1,5,7,1
"13912","2016010027263",2,9,0,18,0,8,0,0,0,0,1,1,6,1,-1,-1,-1,-1,-1,-1
"13913","2016010027263",3,9,0,18,0,8,0,0,0,0,1,1,6,2,6,1388,1,14,4,1
"13925","2016010027333",1,9,0,7,0,8,0,0,0,0,4,1,6,1,6,1796,1,9,3,1
"13926","2016010027333",2,1,0,18,0,8,0,0,0,0,1,1,2,2,6,-1,-1,-1,3,1
"13937","2016010027362",1,9,0,9,0,8,0,0,0,0,1,1,2,2,8,1560,2,1,9,1
"13938","2016010027362",2,1,0,18,0,8,0,0,0,0,1,1,2,1,10,-1,-1,-1,-1,-1
"13949","2016010027389",1,9,0,18,0,8,5,4,0,0,1,1,6,1,10,1998,1,13,7,3
"13950","2016010027389",2,9,0,2,0,8,0,0,0,0,3,1,6,3,-1,1396,1,4,-1,-1
"13963","2016010027413",1,9,0,9,0,8,0,0,0,0,3,1,2,2,5,-1,-1,-1,8,1
"13964","2016010027413",2,1,0,18,0,8,0,0,0,0,1,1,6,1,3,-1,-1,-1,5,1
"13973","2016010027425",1,9,0,7,0,8,0,0,0,0,1,1,1,1,6,1199,1,15,3,1
"13974","2016010027425",2,9,0,18,0,8,0,0,0,0,1,1,1,1,6,1595,1,3,9,1
"13986","2016010027451",1,9,0,9,0,8,0,0,0,0,1,1,1,1,8,-1,-1,-1,9,1
"13987","2016010027451",2,1,0,18,0,8,1,0,0,0,1,1,4,1,3,-1,-1,-1,4,1
"13989","2016010027459",1,1,0,5,0,8,0,0,0,0,1,1,2,2,-1,-1,-1,-1,-1,-1
"13990","2016010027459",2,9,0,9,0,8,0,0,0,0,1,1,6,1,-1,-1,-1,-1,-1,-1
"14001","2016010027463",1,9,0,7,0,8,0,0,0,0,1,1,6,1,6,-1,-1,-1,2,1
"14002","2016010027463",2,1,0,18,0,8,0,0,0,0,1,1,1,1,-1,-1,-1,-1,-1,-1
"14027","2016010027511",1,9,0,18,0,8,0,0,0,0,1,1,1,1,8,-1,-1,-1,3,1
"14029","2016010027515",1,9,0,5,9,8,0,10,1,4,3,1,6,2,9,2488,1,11,7,1
"14037","2016010027529",1,4,0,18,0,8,0,0,0,0,0,1,6,1,-1,-1,-1,-1,-1,-1
"14040","2016010027536",1,1,0,18,0,0,0,4,0,0,1,1,2,1,9,-1,-1,-1,10,1
"14041","2016010027536",2,9,0,2,0,0,0,0,0,0,2,1,6,3,-1,1995,2,8,-1,-1
"14042","2016010027539",1,9,0,3,0,8,0,-1,0,0,2,1,6,2,6,1399,1,-1,4,1
"14043","2016010027539",2,9,0,5,0,8,0,0,0,0,1,1,6,2,-1,2199,2,6,-1,-1
"14046","2016010027545",1,9,0,9,0,8,0,0,0,0,1,1,2,1,9,-1,-1,-1,9,1
"14047","2016010027545",2,3,0,13,0,8,0,0,0,0,1,1,6,1,5,-1,-1,-1,3,1
"14050","2016010027555",1,8,0,4,0,8,0,0,0,0,2,1,1,1,10,1796,1,6,4,1
"14051","2016010027555",2,9,0,15,0,8,0,0,0,0,1,1,2,1,7,1368,1,7,9,1
"14052","2016010027555",3,9,0,18,0,8,0,0,0,0,2,1,6,1,6,1598,2,4,8,1
"14057","2016010027623",1,1,0,18,0,8,0,0,0,0,3,1,6,1,4,-1,-1,-1,5,1
"14058","2016010027623",2,9,0,9,0,8,0,0,0,0,1,1,6,3,-1,1896,2,12,-1,-1
"14069","2016010027634",1,8,0,4,0,8,0,0,0,0,2,1,1,1,7,2148,2,8,-1,-1
"14070","2016010027634",2,9,0,4,0,8,0,0,0,0,1,1,6,1,-1,-1,-1,-1,-1,-1
"14071","2016010027634",3,9,0,4,0,8,0,0,0,0,1,1,2,1,-1,-1,-1,-1,-1,-1
"14072","2016010027635",1,9,0,4,0,1,0,0,0,0,2,1,6,1,8,-1,-1,-1,-1,1
"14091","2016010027671",1,9,0,2,0,0,0,0,0,0,3,1,6,3,-1,1796,2,3,-1,-1
"14092","2016010027671",2,9,0,14,0,0,0,4,0,0,4,1,6,3,-1,-1,-1,-1,-1,-1
"14102","2016010027685",1,11,0,4,0,8,0,0,0,0,0,1,1,1,8,9000,2,7,8,1
"14113","2016010027706",1,1,0,15,0,8,0,0,0,0,1,1,2,1,6,-1,-1,-1,9,1
"14114","2016010027706",2,8,0,9,0,8,0,0,0,0,3,1,1,1,7,1995,2,3,8,1
"14126","2016010027750",1,9,0,14,0,8,0,0,0,0,4,1,6,2,7,1796,1,10,7,1
"14127","2016010027756",1,19,0,3,0,8,0,0,0,0,3,1,1,1,8,1360,1,8,5,1
"14128","2016010027756",2,5,0,4,0,8,0,0,0,0,1,1,1,1,-1,999,1,10,9,1
"14133","2016010027772",1,9,0,18,0,0,0,0,0,0,3,1,6,2,9,1108,1,10,5,1
"14134","2016010027772",2,9,0,3,0,0,0,0,0,0,3,1,6,1,9,2179,2,4,1,1
"14135","2016010027772",3,9,0,3,0,0,0,0,0,0,3,1,6,1,6,1242,1,9,9,1
"14136","2016010027772",4,9,0,3,0,0,0,0,0,0,3,1,2,1,7,1598,1,14,4,1
"14148","2016010027851",1,9,0,18,0,0,0,0,0,0,1,1,6,1,7,998,1,14,3,1
"14155","2016010027858",1,9,0,9,0,8,0,0,0,0,1,1,6,1,9,1797,8,5,-1,-1
"14156","2016010027858",2,3,0,18,0,8,0,0,0,0,4,1,6,1,4,-1,-1,-1,-1,-1
"14157","2016010027858",3,8,0,3,0,8,0,0,0,0,3,1,6,1,-1,-1,-1,-1,-1,-1
"14161","2016010027864",1,9,0,18,0,8,0,0,0,0,4,1,6,1,7,1339,1,13,7,1