"","Acc_Index","Vehicle_Reference","Vehicle_Type","Towing_and_Articulation","Vehicle_Manoeuvre","Vehicle_Location.Restricted_Lane","Junction_Location","Skidding_and_Overturning","Hit_Object_in_Carriageway","Vehicle_Leaving_Carriageway","Hit_Object_off_Carriageway","X1st_Point_of_Impact","Was_Vehicle_Left_Hand_Drive","Journey_Purpose_of_Driver","Sex_of_Driver","Age_Band_of_Driver","Engine_Capacity_.CC.","Propulsion_Code","Age_of_Vehicle","Driver_IMD_Decile","Driver_Home_Area_Type"
"14162","2016010027864",2,9,0,9,0,8,0,0,0,0,1,1,6,1,5,2143,2,2,-1,-1
"14166","2016010027868",1,9,0,9,0,0,0,0,0,0,4,1,6,2,8,-1,-1,-1,9,1
"14167","2016010027868",2,5,0,15,0,0,0,0,0,0,1,1,6,1,5,-1,-1,-1,-1,-1
"14175","2016010027876",1,9,0,9,0,8,0,0,0,0,1,1,6,1,7,-1,-1,-1,1,1
"14176","2016010027876",2,9,0,18,0,8,0,0,0,0,1,1,6,1,8,-1,-1,-1,2,1
"14177","2016010027878",1,9,0,4,0,1,0,0,0,0,2,1,6,1,5,-1,-1,-1,2,1
"14178","2016010027878",2,9,0,18,0,1,0,0,0,0,1,1,6,3,-1,1497,1,13,-1,-1
"14192","2016010027898",1,9,0,18,0,0,0,0,0,0,1,1,6,1,5,-1,-1,-1,-1,-1
"14193","2016010027898",2,9,0,18,0,0,0,0,0,0,2,1,6,2,4,-1,-1,-1,-1,-1
"14194","2016010027901",1,9,0,18,0,8,0,0,0,0,1,1,6,2,6,1998,1,9,6,2
"14195","2016010027901",2,9,0,18,0,2,0,0,0,0,1,1,6,2,4,1390,1,16,2,1
"14204","2016010027915",1,9,0,17,0,8,0,0,0,0,2,1,6,2,7,-1,-1,-1,1,1
"14205","2016010027915",2,9,0,18,0,8,0,0,0,0,1,1,6,2,6,1968,2,12,4,1
"14206","2016010027916",1,9,0,18,0,1,0,0,0,0,4,1,6,2,5,998,1,7,-1,-1
"14210","2016010027923",1,9,0,18,0,8,0,0,0,0,4,1,6,1,7,-1,-1,-1,6,1
"14211","2016010027923",2,9,0,18,0,8,0,0,0,0,1,1,6,2,5,-1,-1,-1,-1,-1
"14219","2016010027932",1,11,0,18,0,2,0,0,0,0,4,1,6,3,-1,-1,-1,-1,-1,-1
"14220","2016010027933",1,9,0,18,0,2,0,4,0,0,4,1,6,1,5,1392,1,17,4,1
"14221","2016010027933",2,9,0,2,0,2,0,0,0,0,2,1,6,3,-1,-1,-1,-1,-1,-1
"14231","2016010027943",1,5,0,18,0,8,0,7,0,0,1,1,6,1,6,670,1,1,6,1
"14240","2016010027955",1,9,0,18,0,2,0,0,0,0,1,1,6,1,-1,-1,-1,-1,-1,-1
"14247","2016010027970",1,9,0,18,0,8,0,0,0,0,1,1,2,1,7,1995,2,11,3,1
"14248","2016010027970",2,9,0,18,0,8,0,0,0,0,1,1,2,1,5,1398,2,10,10,1
"14255","2016010027985",1,1,0,18,0,8,0,0,0,0,1,1,6,2,6,-1,-1,-1,9,1
"14256","2016010027985",2,9,0,18,0,8,0,0,0,0,1,1,6,1,-1,1461,2,8,6,1
"14272","2016010028103",1,9,0,10,0,1,0,0,0,0,2,1,6,1,7,2996,1,10,2,1
"14273","2016010028103",2,9,0,18,0,1,0,0,0,0,1,1,6,1,7,2204,2,11,3,1
"14281","2016010028112",1,9,0,9,0,8,0,0,0,0,1,1,6,1,6,-1,-1,-1,5,1
"14290","2016010028119",1,3,0,18,0,2,0,0,0,0,1,1,6,1,8,-1,-1,-1,1,1
"14295","2016010028125",1,9,0,10,0,8,0,0,0,0,2,1,2,2,7,1595,1,10,3,1
"14296","2016010028125",2,3,0,18,0,8,0,0,0,0,1,1,6,1,6,-1,-1,-1,9,1
"14304","2016010028130",1,9,0,18,0,1,0,0,0,0,1,1,6,1,6,1799,1,10,2,1
"14311","2016010028134",1,11,0,4,0,1,0,0,0,0,0,1,6,1,6,6700,2,2,2,1
"14315","2016010028137",1,9,0,7,0,8,0,0,0,0,3,1,6,3,-1,-1,-1,-1,-1,-1
"14316","2016010028137",2,4,0,18,0,8,0,0,0,0,1,1,2,1,7,-1,-1,-1,3,1
"14323","2016010028144",1,9,0,18,0,8,0,0,0,0,1,1,6,2,-1,998,1,9,3,1
"14324","2016010028144",2,9,0,9,0,8,0,0,0,0,1,1,6,1,-1,1364,1,-1,2,1
"14326","2016010028146",1,9,0,9,0,8,0,0,0,0,1,1,6,2,9,1086,1,5,4,1
"14341","2016010028234",1,9,0,18,0,0,0,0,0,0,4,1,6,1,4,1229,1,8,3,1
"14342","2016010028234",2,9,0,18,0,0,0,0,0,0,1,1,1,1,6,1968,2,5,6,1
"14343","2016010028240",1,9,0,18,0,1,5,4,0,0,4,1,6,2,9,1598,1,1,7,1
"14361","2016010028277",1,9,0,18,0,0,0,0,0,0,4,1,6,2,6,1242,1,-1,2,1
"14362","2016010028277",2,20,0,18,0,0,0,0,0,0,1,1,6,1,-1,4500,2,9,-1,-1
"14368","2016010028284",1,9,0,18,0,0,0,7,3,3,1,1,6,1,11,1242,1,2,9,1
"14371","2016010028287",1,9,0,18,0,8,0,0,0,0,0,1,6,2,-1,-1,-1,-1,-1,-1
"14377","2016010028293",1,9,0,18,0,2,0,0,0,0,1,1,6,1,5,-1,-1,-1,4,1
"14395","2016010028324",1,9,0,9,0,8,0,0,0,0,4,1,6,1,5,-1,-1,-1,10,3
"14396","2016010028324",2,5,0,18,0,8,0,0,0,0,1,1,6,1,7,498,1,25,3,1
"14401","2016010028330",1,9,0,18,0,8,0,0,0,0,1,2,6,1,6,1124,1,12,7,1
"14402","2016010028330",2,5,0,18,0,8,0,0,0,0,1,1,6,1,5,-1,-1,-1,2,1
"14408","2016010028337",1,9,0,9,0,8,0,0,0,0,1,1,6,2,7,-1,-1,-1,4,1
"14409","2016010028337",2,9,0,9,0,8,0,0,0,0,1,1,6,1,9,-1,-1,-1,3,1
"14418","2016010028413",1,9,0,18,0,0,0,0,0,0,1,1,6,1,4,1198,1,5,-1,-1
"14419","2016010028413",2,9,0,4,0,0,0,0,0,0,2,1,6,2,7,1339,1,10,5,1
"14422","2016010028420",1,9,0,9,0,8,0,0,0,0,3,1,6,2,6,998,1,5,8,1
"14423","2016010028420",2,9,0,18,0,8,0,0,0,0,1,1,6,1,6,-1,-1,-1,8,1
"14425","2016010028425",1,9,0,5,0,2,0,0,0,0,1,1,6,1,7,1497,8,8,-1,-1
"14426","2016010028425",2,9,0,18,0,1,0,0,0,0,4,1,6,1,7,-1,-1,-1,-1,-1
"14427","2016010028436",1,8,0,6,0,0,0,0,0,0,3,1,1,1,6,-1,-1,-1,3,1
"14428","2016010028436",2,9,0,13,0,0,0,0,0,0,4,1,6,1,7,-1,-1,-1,3,1
"14438","2016010028452",1,9,0,18,0,2,0,0,0,0,1,1,6,1,8,-1,-1,-1,-1,-1
"14441","2016010028463",1,9,0,18,0,8,0,0,0,0,2,1,6,2,10,-1,-1,-1,3,1
"14442","2016010028463",2,9,0,18,0,8,0,0,0,0,1,1,6,1,-1,2179,2,4,-1,-1
"14444","2016010028466",1,9,0,18,0,8,0,0,0,0,4,1,6,1,6,-1,-1,-1,-1,-1
"14445","2016010028466",2,2,0,7,0,8,0,0,0,0,3,1,6,3,-1,-1,-1,-1,-1,-1
"14448","2016010028480",1,9,0,18,0,8,0,0,0,0,1,1,6,2,5,1598,1,10,3,1
"14449","2016010028480",2,9,0,18,0,8,0,0,0,0,1,1,6,2,-1,1149,1,8,-1,-1
"14450","2016010028480",3,9,0,18,0,8,0,0,0,0,1,1,6,2,-1,-1,-1,-1,-1,-1
"14451","2016010028481",1,19,0,9,0,8,0,0,0,0,3,1,6,1,6,-1,-1,-1,3,1
"14452","2016010028481",2,3,0,13,0,8,0,0,0,0,1,1,6,1,6,-1,-1,-1,7,1
"14453","2016010028500",1,9,0,6,0,8,0,0,0,0,1,1,2,1,5,999,1,1,4,1
"14454","2016010028500",2,9,0,18,0,8,0,0,0,0,1,1,6,1,-1,1368,1,9,-1,-1
"14464","2016010028542",1,3,0,13,0,0,0,10,0,0,1,1,6,1,4,-1,-1,-1,5,1
"14465","2016010028559",1,9,0,18,0,1,0,0,0,0,1,1,6,3,-1,-1,-1,-1,-1,-1
"14466","2016010028561",1,9,0,18,0,8,0,0,0,0,1,1,6,2,6,1998,2,10,8,1
"14469","2016010028570",1,11,0,5,0,0,0,0,0,0,1,1,6,1,9,6696,2,3,4,1
"14470","2016010028585",1,9,0,9,0,8,0,0,0,0,1,1,6,1,7,1896,2,14,7,1
"14471","2016010028585",2,9,0,18,0,8,0,0,0,0,1,1,6,1,8,1984,1,15,8,1
"14502","2016010028702",1,9,0,2,0,0,0,0,0,0,1,1,6,3,-1,1596,1,9,-1,-1
"14503","2016010028702",2,9,0,2,0,0,0,0,0,0,1,1,6,3,-1,1596,1,5,-1,-1
"14504","2016010028702",3,9,0,2,0,0,0,0,0,0,1,1,6,3,-1,3700,1,13,-1,-1
"14505","2016010028702",4,9,0,2,0,0,0,0,0,0,2,1,6,3,-1,2179,2,5,-1,-1
"14506","2016010028702",5,19,0,18,0,0,0,0,0,0,1,1,6,1,7,1598,2,1,9,1
"14507","2016010028702",6,9,0,2,0,0,0,0,0,0,2,1,6,3,-1,1598,1,15,-1,-1
"14918","2016010029736",1,9,0,4,0,1,0,0,0,0,1,1,6,1,9,1796,1,11,6,1
"14919","2016010029736",2,9,0,9,0,2,0,0,0,0,1,-1,6,3,-1,-1,-1,-1,-1,-1
"15102","2016010030272",1,11,0,18,0,8,0,0,0,0,4,1,1,1,7,5132,2,-1,-1,-1
"15103","2016010030272",2,1,0,18,0,6,0,0,0,0,1,1,6,1,-1,-1,-1,-1,-1,-1
"15116","2016010030298",1,9,0,3,0,1,0,0,0,0,2,1,6,2,7,1796,1,8,2,1
"15117","2016010030298",2,9,0,18,0,1,0,0,0,0,1,1,6,1,-1,1796,1,12,-1,-1
"15121","2016010030315",1,9,0,18,0,6,0,0,0,0,4,1,6,2,7,1598,1,8,9,1
"15122","2016010030315",2,9,0,18,0,8,0,0,0,0,1,1,6,1,9,1796,1,13,7,1
"15125","2016010030324",1,8,0,9,0,6,0,0,0,0,3,1,1,1,8,2402,2,14,7,1
"15126","2016010030324",2,4,0,18,0,2,0,0,0,0,1,1,6,1,6,125,1,4,10,1
"15128","2016010030342",1,19,0,18,0,8,0,0,0,0,1,1,1,1,-1,2143,2,2,-1,-1
"15129","2016010030342",2,9,0,18,0,8,0,0,0,0,2,1,6,2,6,1685,2,-1,9,1
"15130","2016010030342",3,9,0,18,0,8,0,0,0,0,2,1,6,1,-1,1910,2,8,-1,-1
"15132","2016010030349",1,9,0,18,0,8,5,9,0,0,1,1,6,1,11,1339,8,9,10,1
"15137","2016010030354",1,9,0,18,0,0,5,4,1,0,4,1,6,2,11,1699,1,8,6,1
"15138","2016010030354",2,9,0,2,0,0,0,0,0,0,3,1,6,3,-1,1598,1,4,-1,-1
"15141","2016010030360",1,9,0,18,0,0,0,0,0,0,4,1,6,3,-1,-1,-1,-1,-1,-1
"15157","2016010030532",1,9,0,9,0,5,0,0,0,0,4,1,6,1,6,1398,1,14,7,1
"15158","2016010030532",2,4,0,18,0,8,0,0,0,0,1,1,6,1,4,248,1,-1,6,1
"15159","2016010030536",1,9,0,16,0,1,0,0,0,0,3,1,6,1,6,1984,1,11,5,1
"15160","2016010030536",2,9,0,17,0,1,0,0,0,0,3,1,6,3,-1,998,1,1,-1,-1
"15166","2016010030540",1,11,0,18,0,1,0,0,0,0,0,1,1,1,8,4500,2,7,9,1
"15172","2016010030549",1,9,0,3,0,1,0,0,0,0,2,1,6,2,8,1197,1,1,7,1
"15173","2016010030549",2,9,0,5,0,1,0,0,0,0,1,1,6,2,7,1896,2,12,9,1
"15174","2016010030554",1,4,0,18,0,1,0,10,0,0,1,1,6,1,4,125,1,10,5,1
"15179","2016010030564",1,9,0,9,0,2,0,0,0,0,3,1,6,1,10,1968,2,3,8,1
"15183","2016010030572",1,4,0,18,0,1,1,0,0,0,1,1,1,1,4,125,1,10,7,1
"15184","2016010030572",2,9,0,9,0,6,0,0,0,0,3,1,6,3,-1,-1,-1,-1,-1,-1
"15187","2016010030577",1,9,0,18,0,8,0,4,0,0,4,1,6,1,5,999,1,4,10,1
"15188","2016010030577",2,9,0,2,0,8,0,0,0,0,4,1,6,3,-1,-1,-1,-1,-1,-1
"15189","2016010030577",3,9,0,2,0,8,0,0,0,0,3,1,6,3,-1,-1,-1,-1,-1,-1
"15193","2016010030588",1,9,0,7,0,8,0,7,0,0,3,1,6,1,5,-1,-1,-1,-1,-1
"15218","2016010030636",1,1,0,4,0,1,0,0,0,0,2,1,6,1,7,-1,-1,-1,4,1
"15219","2016010030636",2,9,0,18,0,1,0,0,0,0,1,1,6,1,9,1560,2,5,2,1
"15242","2016010030786",1,9,0,9,0,1,1,0,0,0,3,1,6,1,6,1986,2,10,5,1
"15243","2016010030786",2,9,0,13,0,1,1,10,7,4,4,1,6,3,-1,1149,1,10,-1,-1
"15248","2016010030792",1,9,0,18,0,1,0,7,0,0,1,1,6,1,10,1198,1,4,3,1
"15257","2016010030803",1,9,0,18,0,1,5,4,0,0,4,1,6,2,9,1597,1,10,5,1
"15258","2016010030803",2,9,0,2,0,1,0,0,0,0,3,1,6,3,-1,998,1,13,-1,-1
"15263","2016010030808",1,1,0,18,9,0,0,0,0,0,0,1,6,2,6,-1,-1,-1,6,1
"15271","2016010030824",1,9,0,12,0,0,0,0,0,0,3,1,6,1,7,1956,2,5,6,1
"15272","2016010030824",2,4,0,18,0,0,0,0,0,0,4,1,6,1,7,-1,-1,-1,5,1
"15273","2016010030829",1,19,0,1,0,0,0,0,0,0,4,1,6,1,8,1997,2,8,9,1
"15274","2016010030830",1,9,0,3,0,2,0,0,0,0,2,1,6,1,6,1995,2,7,10,1
"15275","2016010030830",2,9,0,18,0,2,1,10,0,0,1,1,6,1,7,1590,1,12,6,1
"15276","2016010030830",3,9,0,3,0,2,0,0,0,0,2,1,6,1,7,1896,2,8,6,1
"15282","2016010030843",1,9,0,18,0,0,0,0,0,0,1,1,6,3,-1,-1,-1,-1,-1,-1
"15292","2016010030854",1,9,0,17,0,4,0,0,0,0,3,1,6,1,8,-1,-1,-1,8,1
"15293","2016010030854",2,9,0,18,0,4,0,0,0,0,1,1,6,1,6,998,1,15,5,1
"15300","2016010030861",1,19,0,1,0,0,0,0,0,0,2,1,1,1,6,1248,2,3,4,1
"15301","2016010030861",2,1,0,18,0,0,0,0,0,0,4,1,6,1,4,-1,-1,-1,7,1
"15304","2016010030865",1,9,0,3,0,8,0,0,0,0,2,1,6,2,7,1498,1,5,5,1
"15305","2016010030865",2,9,0,18,0,8,0,0,0,0,1,1,6,3,-1,1998,1,18,-1,-1
"15308","2016010030868",1,21,0,18,0,8,0,0,0,0,4,1,1,1,7,4249,2,3,6,1
"15309","2016010030868",2,21,1,18,0,8,0,0,0,0,1,1,1,1,9,-1,-1,-1,-1,-1
"15311","2016010030870",1,9,0,18,0,8,0,0,0,0,4,1,6,3,-1,1398,2,13,-1,-1
"15320","2016010030885",1,9,0,17,0,0,0,0,0,0,3,1,6,1,6,4197,1,10,5,1
"15321","2016010030885",2,9,0,17,0,0,0,0,0,0,4,1,6,1,5,-1,-1,-1,5,1
"15322","2016010030886",1,9,0,4,0,2,0,0,0,0,2,1,6,1,9,2204,2,7,-1,-1
"15323","2016010030886",2,9,0,18,0,2,0,0,0,0,1,1,6,3,-1,1598,1,11,-1,-1
"15325","2016010030892",1,9,0,1,0,2,0,4,0,0,2,1,6,2,11,1275,1,17,7,1
"15326","2016010030892",2,9,0,3,0,2,0,4,0,0,1,1,6,1,11,996,1,7,7,1
"15327","2016010030892",3,9,0,2,0,2,0,0,0,0,2,1,6,3,-1,1968,2,8,-1,-1
"15332","2016010030906",1,9,0,18,0,2,0,0,0,0,1,1,6,1,6,1590,1,17,3,1
"15350","2016010031204",1,19,0,18,0,0,0,4,0,0,4,1,1,1,9,2400,2,12,2,1
"15351","2016010031204",2,9,0,2,0,0,0,0,0,0,4,1,6,3,-1,-1,-1,-1,-1,-1
"15355","2016010031213",1,9,0,18,0,1,0,7,0,0,1,1,6,2,11,1299,1,12,4,1
"15356","2016010031214",1,9,0,18,0,0,0,7,0,0,1,1,6,2,7,1968,2,-1,8,1
"15359","2016010031217",1,19,0,18,0,0,0,4,1,0,1,1,1,1,7,1995,2,6,3,1
"15360","2016010031217",2,9,0,2,0,0,0,0,0,0,1,1,6,3,-1,1299,1,14,-1,-1
"15361","2016010031217",3,9,0,2,0,0,0,0,0,0,1,1,6,3,-1,998,1,14,-1,-1
"15362","2016010031222",1,9,0,18,0,2,0,0,0,0,4,1,6,3,-1,-1,-1,-1,-1,-1
"15367","2016010031232",1,9,0,9,0,1,0,0,0,0,3,1,1,1,7,1997,2,5,7,1
"15368","2016010031232",2,4,0,13,0,1,0,0,0,0,4,1,6,1,6,125,1,1,4,1
"15369","2016010031232",3,9,0,18,0,1,0,0,0,0,3,1,6,2,7,1364,1,11,4,1
"15374","2016010031238",1,11,0,4,0,1,0,0,0,0,0,1,1,1,7,4500,2,7,6,1
"15669","2016010041353",1,9,-1,-1,-1,1,-1,-1,-1,-1,-1,1,6,1,8,-1,-1,-1,-1,1
"15670","2016010041353",2,9,-1,-1,-1,1,-1,-1,-1,-1,-1,1,6,1,-1,-1,-1,-1,-1,-1
"18186","201601EK40063",1,11,0,5,0,0,0,0,0,0,0,1,1,1,-1,-1,-1,-1,-1,-1
"19125","201601EO40126",1,1,0,18,0,2,0,0,0,0,3,1,6,1,4,-1,-1,-1,-1,-1
"19126","201601EO40126",2,1,0,18,0,2,0,0,0,0,4,1,6,1,4,-1,-1,-1,-1,-1
"19351","201601EO40298",1,21,0,9,0,6,0,0,2,1,4,1,6,3,-1,12130,2,11,-1,-1
"19416","201601EO40338",1,9,0,7,0,6,0,4,1,2,4,1,6,1,11,1240,1,9,3,1
"19417","201601EO40338",2,1,0,2,9,2,0,0,0,0,2,1,6,3,-1,-1,-1,-1,-1,-1
"222232","201601HT20477",1,9,0,18,0,0,0,0,0,0,1,1,6,1,-1,1388,1,11,-1,-1
"222242","201601HT20477",2,1,0,18,0,0,0,0,0,0,2,1,6,1,7,-1,-1,-1,3,1
"275821","201601LX50407",1,9,0,18,0,1,0,0,0,0,1,1,6,1,6,998,1,-1,-1,-1
"275831","201601LX50407",2,9,0,3,0,1,0,0,0,0,2,1,6,3,-1,-1,-1,-1,-1,-1
"283771","201601LX50936",1,11,0,18,0,0,0,0,0,0,1,1,6,1,8,6700,2,6,-1,-1
"289181","201601MM70386",1,1,0,13,0,0,0,0,0,0,4,1,6,1,5,-1,-1,-1,9,3
"289191","201601MM70386",2,9,0,5,0,0,0,0,0,0,3,1,6,1,-1,-1,-1,-1,-1,-1
"29420","201601MM70739",1,9,0,18,0,1,1,0,0,0,2,1,6,2,7,1598,1,11,4,1
"29421","201601MM70739",2,9,0,18,0,1,0,0,0,0,1,1,6,1,-1,-1,-1,-1,-1,-1
"303392","201601PL60517",1,9,0,6,0,0,0,0,0,0,2,1,6,2,6,1498,1,8,5,1
"303402","201601PL60517",2,19,0,18,0,0,0,0,0,0,1,1,6,1,-1,2402,2,6,-1,-1
"306591","201601PY20001",1,9,0,18,0,8,0,0,0,0,4,1,6,1,8,1997,2,3,5,1
"306601","201601PY20002",1,9,0,6,0,8,0,0,0,0,3,1,6,1,6,1390,1,10,2,1
"306612","201601PY20002",2,4,0,18,0,8,0,0,0,0,1,1,6,1,8,-1,-1,-1,9,1
"306621","201601PY20003",1,9,0,4,0,0,0,0,0,0,2,1,6,2,-1,1248,2,4,10,1
"306631","201601PY20003",2,9,0,18,0,0,0,0,0,0,1,1,6,1,-1,1396,1,13,-1,-1
"306641","201601PY20004",1,9,0,9,0,8,0,0,0,0,4,1,6,1,8,1398,1,16,6,1
"306651","201601PY20004",2,9,0,18,0,8,0,0,0,0,1,1,6,2,7,1386,1,9,4,1
"306661","201601PY20005",1,2,0,4,0,8,0,0,0,0,2,1,6,1,4,-1,-1,-1,6,1
"306671","201601PY20005",2,9,0,18,0,8,0,0,0,0,1,1,6,1,-1,-1,-1,-1,-1,-1
"306682","201601PY20006",1,9,0,18,0,0,0,0,0,0,4,1,6,1,7,1870,2,8,7,1
"306692","201601PY20007",1,3,0,18,0,8,0,0,0,0,3,1,6,1,8,125,1,1,5,1
"306702","201601PY20008",1,9,0,18,0,0,0,0,0,0,4,1,6,2,9,1968,2,2,10,1
"306712","201601PY20008",2,9,0,1,0,0,0,0,0,0,2,1,6,1,4,1596,1,2,6,1
"306722","201601PY20009",1,11,0,4,0,8,0,0,0,0,3,1,1,1,8,6692,2,7,2,1
"306732","201601PY20009",2,9,0,15,0,8,0,0,0,0,4,1,6,1,8,-1,-1,-1,10,1
"306742","201601PY20012",1,9,0,18,0,8,0,0,0,0,1,1,6,1,8,1497,8,7,7,1
"306751","201601PY20012",2,9,0,9,0,8,0,0,0,0,4,1,6,2,9,1998,1,17,7,1
"306761","201601PY20013",1,9,0,18,0,0,0,0,0,0,1,1,6,1,10,-1,-1,-1,8,1
"306771","201601PY20013",2,9,0,4,0,0,0,0,0,0,2,1,6,1,6,1496,2,1,7,1
"306782","201601PY20014",1,9,0,18,0,8,0,0,0,0,1,1,6,1,9,799,2,7,10,1
"306793","201601PY20014",2,9,0,9,0,8,0,0,0,0,4,1,6,2,6,1598,1,4,8,1
"306802","201601PY20015",1,9,0,9,0,8,0,0,0,0,4,1,6,2,9,1248,2,9,7,1
"306812","201601PY20015",2,9,0,18,0,8,0,0,0,0,1,1,6,2,6,1596,1,8,8,1
"306822","201601PY20016",1,9,0,18,0,8,0,0,0,0,4,1,6,1,9,-1,-1,-1,9,2
"306831","201601PY20017",1,9,0,17,0,8,0,0,0,0,1,1,6,1,4,1229,1,10,2,1
"306841","201601PY20017",2,9,0,9,0,8,0,0,0,0,3,1,6,2,7,-1,-1,-1,9,1
"306851","201601PY20018",1,9,0,18,0,8,0,0,0,0,4,1,6,2,5,3498,1,11,7,1
"306861","201601PY20019",1,9,0,15,0,8,0,0,0,0,4,1,6,1,-1,-1,-1,-1,-1,-1
"306871","201601PY20019",2,1,0,18,0,8,0,0,0,0,3,1,6,2,6,-1,-1,-1,1,1
"306881","201601PY20020",1,9,0,2,0,0,0,0,0,0,3,1,6,2,6,1597,1,6,2,1
"306891","201601PY20020",2,11,0,18,0,0,0,0,0,0,4,1,1,1,5,9000,2,10,6,1
"306902","201601PY20021",1,9,0,18,0,8,0,0,0,0,4,1,6,2,5,1360,1,12,9,1
"306911","201601PY20022",1,19,0,18,0,8,0,4,0,0,1,1,6,1,8,1753,2,12,9,1
"306922","201601PY20022",2,9,0,2,0,8,0,0,0,0,1,1,6,2,-1,1390,1,13,-1,-1
"306932","201601PY20023",1,9,0,9,0,8,0,0,0,0,1,1,6,2,5,1229,1,2,10,1
"306941","201601PY20023",2,9,0,18,0,8,0,0,0,0,1,1,6,1,7,1396,1,16,2,1
"306951","201601PY20024",1,9,0,8,0,8,0,0,0,0,1,1,6,2,4,1149,1,9,8,1
"306962","201601PY20024",2,19,0,17,0,8,0,0,0,0,4,1,6,1,-1,-1,-1,-1,-1,-1
"306972","201601PY20025",1,9,0,4,0,8,0,10,0,0,2,1,6,2,8,1699,1,8,1,1
"306981","201601PY20025",2,9,0,18,0,8,0,0,0,0,1,1,6,1,10,1390,1,15,8,1
"306991","201601PY20026",1,9,0,18,0,8,0,10,1,2,4,1,6,1,11,1339,1,10,10,1
"307001","201601PY20027",1,19,0,5,0,0,0,0,0,0,1,1,6,1,-1,-1,-1,-1,-1,-1
"307011","201601PY20028",1,9,0,9,0,8,0,0,0,0,3,1,6,1,6,1798,1,8,3,1
"307022","201601PY20028",2,20,0,15,0,8,0,0,0,0,4,1,6,1,-1,-1,-1,-1,-1,-1
"307032","201601PY20029",1,5,0,18,0,8,0,0,0,0,4,1,6,1,7,599,1,16,4,1
"307041","201601PY20029",2,9,0,9,0,8,0,0,0,0,1,1,6,1,8,-1,-1,-1,2,1
"307051","201601PY20030",1,9,0,18,0,8,0,0,0,0,3,1,6,1,8,2179,2,1,8,3
"307062","201601PY20031",1,9,0,18,0,8,0,0,0,0,4,1,6,1,-1,1995,2,12,-1,-1
"307071","201601PY20033",1,9,0,18,0,8,0,0,0,0,4,1,6,2,8,1360,1,11,3,1
"307081","201601PY20033",2,9,0,5,0,8,0,0,0,0,3,1,6,1,-1,-1,-1,-1,-1,-1
"307092","201601PY20034",1,9,0,18,0,0,1,7,0,0,3,1,6,2,4,1598,1,9,10,1
"307102","201601PY20035",1,9,0,9,0,8,0,0,0,0,4,1,6,1,8,1598,1,7,10,1
"307112","201601PY20035",2,9,0,18,0,8,0,0,0,0,1,1,6,1,5,-1,-1,-1,10,1
"307121","201601PY20037",1,9,0,4,0,8,0,0,0,0,2,1,6,1,7,1598,1,14,4,1
"307131","201601PY20037",2,20,0,18,0,8,0,0,0,0,1,1,6,1,-1,-1,-1,-1,7,1
"307141","201601PY20038",1,9,0,2,0,8,0,0,0,0,1,1,6,2,7,1299,1,8,4,1
"307151","201601PY20038",2,20,0,1,0,8,0,0,0,0,2,1,6,1,-1,-1,-1,-1,-1,-1
"307161","201601PY20039",1,9,0,18,0,8,0,0,0,0,3,1,6,1,6,1796,1,13,10,1
"307171","201601PY20039",2,20,0,9,0,8,0,0,0,0,4,1,6,1,-1,-1,-1,-1,-1,-1
"307181","201601PY20040",1,9,0,18,0,0,0,0,0,0,4,1,6,1,5,1368,1,5,7,1
"307191","201601PY20040",2,9,0,5,0,0,0,0,0,0,3,1,6,1,6,3950,1,19,9,1
"307201","201601PY20040",3,9,0,2,0,0,0,0,0,0,3,1,6,1,7,-1,-1,-1,7,1
"307211","201601PY20041",1,9,0,18,0,8,0,0,0,0,4,1,6,1,7,1588,1,12,2,1
"307221","201601PY20041",2,9,0,7,0,8,0,0,0,0,1,1,6,1,9,1794,1,9,9,1
"307231","201601PY20042",1,9,0,18,0,8,0,0,0,0,3,1,6,1,7,1769,1,12,4,1
"307241","201601PY20043",1,3,0,18,0,8,0,0,0,0,1,1,6,1,8,955,1,10,-1,-1
"307251","201601PY20043",2,9,0,9,0,8,0,0,0,0,3,1,6,1,6,2148,2,8,3,1
"307261","201601PY20044",1,9,0,16,0,0,0,0,0,0,1,1,6,1,10,1995,1,13,7,3
"307272","201601PY20044",2,9,0,17,0,0,0,0,0,0,3,1,6,1,8,-1,-1,-1,5,1
"307282","201601PY20045",1,9,0,2,0,0,0,0,0,0,2,1,6,1,8,1985,1,16,8,1
"307292","201601PY20045",2,9,0,1,0,0,0,0,0,0,2,1,6,2,9,1598,1,2,10,1
"307301","201601PY20046",1,9,0,18,0,8,0,0,0,0,4,1,6,1,-1,-1,-1,-1,-1,-1
"307311","201601PY20047",1,9,0,18,0,8,0,0,0,0,1,1,6,1,5,2967,2,3,5,1
"307321","201601PY20047",2,9,0,9,0,8,0,0,0,0,4,1,6,1,6,1364,1,1,6,1
"307331","201601PY20048",1,9,0,18,0,8,0,0,0,0,4,1,6,2,-1,-1,-1,-1,8,1