"","Acc_Index","Vehicle_Reference","Vehicle_Type","Towing_and_Articulation","Vehicle_Manoeuvre","Vehicle_Location.Restricted_Lane","Junction_Location","Skidding_and_Overturning","Hit_Object_in_Carriageway","Vehicle_Leaving_Carriageway","Hit_Object_off_Carriageway","X1st_Point_of_Impact","Was_Vehicle_Left_Hand_Drive","Journey_Purpose_of_Driver","Sex_of_Driver","Age_Band_of_Driver","Engine_Capacity_.CC.","Propulsion_Code","Age_of_Vehicle","Driver_IMD_Decile","Driver_Home_Area_Type"
"307341","201601PY20049",1,9,0,4,0,8,0,0,0,0,2,1,6,2,9,1461,2,2,10,1
"307351","201601PY20049",2,9,0,18,0,8,0,0,0,0,1,1,6,1,6,-1,-1,-1,6,1
"307361","201601PY20050",1,9,0,18,0,8,0,0,0,0,4,1,6,1,10,1901,2,18,2,1
"307371","201601PY20050",2,9,0,9,0,8,0,0,0,0,1,1,6,1,5,-1,-1,-1,1,1
"307381","201601PY20051",1,1,0,18,0,8,0,0,0,0,1,1,6,1,6,-1,-1,-1,7,1
"307391","201601PY20051",2,9,0,9,0,8,0,0,0,0,3,1,6,1,-1,-1,-1,-1,-1,-1
"307401","201601PY20052",1,9,0,18,0,0,5,4,0,0,1,1,6,1,7,1995,2,4,7,1
"307411","201601PY20052",2,9,0,2,0,0,0,0,0,0,3,1,6,2,-1,1198,1,1,-1,-1
"307421","201601PY20053",1,5,0,9,0,8,0,0,0,0,4,1,6,1,7,-1,-1,-1,2,1
"307431","201601PY20057",1,9,0,18,0,8,0,10,1,2,4,1,6,2,-1,1229,1,2,3,1
"307441","201601PY20058",1,9,0,18,0,8,0,0,0,0,1,1,6,1,8,1598,1,13,9,1
"307451","201601PY20058",2,9,0,4,0,8,0,0,0,0,2,1,6,1,8,1598,1,13,6,1
"307461","201601PY20059",1,9,0,8,0,8,0,0,0,0,2,1,6,2,8,1242,1,3,10,1
"307471","201601PY20059",2,9,0,18,0,8,0,0,0,0,1,1,6,2,5,1595,1,7,7,3
"307481","201601PY20060",1,3,0,18,0,8,0,0,0,0,1,1,6,1,5,102,1,9,4,1
"307491","201601PY20060",2,9,0,7,0,8,0,0,0,0,3,1,6,2,8,-1,-1,-1,8,1
"307501","201601PY20061",1,9,0,18,0,0,0,7,0,0,1,1,6,2,11,1242,1,5,5,3
"307511","201601PY20062",1,9,0,4,0,8,0,0,0,0,2,1,6,2,9,1969,1,1,8,1
"307521","201601PY20062",2,9,0,4,0,8,0,0,0,0,2,1,6,2,8,1299,1,14,10,1
"307531","201601PY20062",3,9,0,5,0,8,0,0,0,0,1,1,6,2,4,973,1,15,9,1
"307542","201601PY20063",1,9,0,18,0,8,0,0,0,0,1,1,6,1,6,1598,1,14,2,1
"307552","201601PY20063",2,9,0,18,0,8,0,0,0,0,1,1,6,1,8,1560,2,2,-1,-1
"307561","201601PY20063",3,9,0,7,0,8,0,0,0,0,2,1,6,2,7,1598,2,4,2,1
"307571","201601PY20064",1,9,0,9,0,8,0,0,0,0,3,1,6,2,6,1984,1,11,-1,-1
"307581","201601PY20064",2,9,0,18,0,8,0,0,0,0,1,1,6,2,6,-1,-1,-1,3,1
"307591","201601PY20065",1,9,0,18,0,8,0,7,0,0,1,1,6,1,7,4951,1,1,7,3
"307602","201601PY20066",1,9,0,18,0,0,0,10,7,5,1,1,6,2,6,1595,1,9,7,1
"307611","201601PY20067",1,9,0,18,0,0,0,0,0,0,4,1,6,1,-1,-1,-1,-1,-1,-1
"307622","201601PY20068",1,9,0,5,0,0,0,0,0,0,4,1,6,1,-1,2143,2,2,-1,-1
"307632","201601PY20069",1,9,0,9,0,8,0,0,0,0,3,1,6,1,10,-1,-1,-1,8,1
"307641","201601PY20069",2,1,0,18,0,8,0,0,0,0,1,1,6,1,6,-1,-1,-1,5,1
"307651","201601PY20070",1,1,0,18,0,8,0,0,0,0,1,1,6,1,6,-1,-1,-1,4,1
"307662","201601PY20070",2,9,0,9,0,8,0,0,0,0,3,1,6,1,-1,1242,1,12,-1,-1
"307672","201601PY20071",1,9,0,18,0,8,0,0,0,0,1,1,6,1,-1,-1,-1,-1,-1,-1
"307681","201601PY20071",2,9,0,9,0,8,0,0,0,0,4,1,6,1,4,1364,1,7,8,1
"307691","201601PY20072",1,9,0,9,0,8,0,0,0,0,4,1,1,1,-1,-1,-1,-1,-1,-1
"307701","201601PY20072",2,9,0,9,0,8,0,0,0,0,1,1,6,2,6,799,2,7,8,1
"307711","201601PY20073",1,9,0,18,0,0,0,0,0,0,4,1,6,1,8,1598,1,2,9,1
"307721","201601PY20074",1,9,0,17,0,0,0,10,1,7,1,1,6,2,6,999,1,3,8,1
"307731","201601PY20075",1,9,0,18,0,8,0,0,0,0,4,1,6,1,6,1799,1,6,8,1
"307741","201601PY20075",2,9,0,18,0,8,0,0,0,0,1,1,6,2,5,1896,2,12,8,1
"307751","201601PY20076",1,9,0,9,0,8,0,0,0,0,4,1,6,1,10,2199,2,4,8,1
"307761","201601PY20076",2,9,0,18,0,8,0,0,0,0,1,1,6,2,4,-1,-1,-1,9,3
"307772","201601PY20077",1,9,0,18,0,8,0,0,0,0,4,1,6,1,9,1797,8,5,3,1
"307782","201601PY20078",1,20,0,18,0,0,0,0,0,0,4,1,6,1,-1,-1,-1,-1,-1,-1
"307791","201601PY20079",1,9,0,2,0,0,0,0,0,0,2,1,6,1,6,-1,-1,-1,-1,-1
"307801","201601PY20079",2,9,0,1,0,0,0,0,0,0,2,1,6,1,4,-1,-1,-1,5,1
"307811","201601PY20080",1,9,0,18,0,8,0,0,0,0,1,1,6,2,10,1598,1,14,8,1
"307821","201601PY20080",2,9,0,9,0,8,0,0,0,0,4,1,6,1,-1,1339,1,7,10,1
"307831","201601PY20081",1,9,0,7,0,8,0,0,0,0,3,1,6,1,6,1248,1,3,6,1
"307841","201601PY20081",2,9,0,18,0,8,0,0,0,0,1,1,6,2,6,-1,-1,-1,7,1
"307851","201601PY20082",1,9,0,4,0,0,0,0,0,0,2,1,6,1,10,1997,1,4,10,1
"307861","201601PY20082",2,9,0,18,0,0,0,0,0,0,1,1,6,1,4,1200,1,1,6,1
"307871","201601PY20083",1,9,0,4,0,8,0,0,0,0,2,1,6,2,7,1388,1,4,10,1
"307881","201601PY20083",2,9,0,18,0,8,0,0,0,0,1,1,6,1,-1,1995,2,1,-1,-1
"307891","201601PY20084",1,9,0,9,0,8,0,0,0,0,3,1,6,1,-1,-1,-1,-1,-1,-1
"307901","201601PY20084",2,9,0,18,0,8,0,0,0,0,1,1,6,1,7,-1,-1,-1,7,1
"307912","201601PY20085",1,9,0,18,0,8,0,0,0,0,1,1,6,2,6,1598,1,9,10,3
"307921","201601PY20086",1,9,0,18,0,8,0,0,0,0,3,1,6,1,7,2000,1,10,2,1
"307931","201601PY20086",2,9,0,9,0,8,0,0,0,0,4,1,6,2,4,-1,-1,-1,2,1
"307941","201601PY20087",1,9,0,18,0,8,0,0,0,0,1,1,6,1,6,1596,1,11,8,1
"307951","201601PY20087",2,5,0,4,0,8,0,0,0,0,2,1,6,1,7,599,1,5,6,1
"307961","201601PY20088",1,9,0,18,0,0,0,0,0,0,3,1,6,1,10,1560,2,6,8,1
"307971","201601PY20088",2,9,0,18,0,0,0,0,0,0,3,1,6,1,4,599,1,14,8,1
"307981","201601PY20089",1,2,0,18,0,8,0,0,0,0,3,1,6,1,-1,96,1,10,9,1
"307991","201601PY20090",1,9,0,18,0,8,0,0,0,0,1,1,6,2,6,1124,1,10,10,1
"308001","201601PY20090",2,9,0,18,0,8,0,0,0,0,4,1,6,2,5,1598,1,16,9,1
"308012","201601PY20091",1,9,0,18,0,8,0,0,0,0,4,1,6,1,7,1798,8,2,7,1
"308022","201601PY20091",2,9,0,9,0,8,0,0,0,0,3,1,6,2,8,1396,1,7,2,1
"308032","201601PY20092",1,19,0,18,0,8,0,0,0,0,4,1,6,1,8,1998,2,11,7,1
"308043","201601PY20092",2,9,0,9,0,8,0,0,0,0,3,1,6,2,9,1995,1,7,9,1
"308053","201601PY20093",1,9,0,18,0,0,0,0,0,0,1,1,6,1,8,-1,-1,-1,4,1
"308061","201601PY20093",2,9,0,4,0,0,0,0,0,0,2,1,6,1,8,-1,-1,-1,8,1
"308071","201601PY20095",1,9,0,4,0,8,0,0,0,0,2,1,6,1,6,998,1,1,7,1
"308081","201601PY20095",2,9,0,18,0,8,0,0,0,0,1,1,6,1,-1,1998,1,17,-1,-1
"308092","201601PY20096",1,11,0,4,0,0,0,0,0,0,0,1,1,1,5,5132,2,1,-1,-1
"308102","201601PY20097",1,9,0,18,0,8,0,0,0,0,3,1,6,2,8,1348,1,14,1,1
"308111","201601PY20097",2,9,0,9,0,8,0,0,0,0,1,1,6,1,5,-1,-1,-1,7,1
"30812","201601PY20098",1,9,0,18,0,8,0,0,0,0,1,1,6,1,8,1587,1,21,2,1
"308131","201601PY20098",2,9,0,9,0,8,0,0,0,0,1,1,6,1,-1,-1,-1,-1,-1,-1
"308141","201601PY20100",1,20,0,9,0,8,0,0,0,0,3,1,6,1,7,-1,-1,-1,6,3
"308151","201601PY20100",2,5,0,18,0,8,0,0,0,0,1,1,6,1,8,645,1,4,2,1
"308161","201601PY20101",1,9,0,9,0,8,0,0,0,0,4,1,6,1,9,-1,-1,-1,5,1
"30817","201601PY20101",2,1,0,18,0,8,0,0,0,0,1,1,6,1,9,-1,-1,-1,4,1
"30818","201601PY20103",1,19,0,4,0,0,0,0,0,0,2,1,6,1,6,2198,2,9,2,1
"308191","201601PY20103",2,5,0,18,0,0,1,0,0,0,1,1,6,1,7,1150,1,8,10,3
"308201","201601PY20104",1,9,0,7,0,8,0,0,0,0,3,1,6,2,5,1400,2,10,3,1
"30821","201601PY20104",2,3,0,18,0,8,0,0,0,0,1,1,6,1,6,745,1,1,6,1
"30822","201601PY20105",1,5,0,18,0,8,0,0,0,0,1,1,6,1,7,748,1,7,8,1
"30823","201601PY20105",2,9,0,9,0,8,0,0,0,0,4,1,6,1,7,-1,-1,-1,7,1
"30824","201601PY20106",1,9,0,9,0,8,0,0,0,0,3,1,6,1,5,1242,1,8,2,1
"30825","201601PY20106",2,9,0,18,0,8,0,0,0,0,1,1,6,2,9,1399,1,12,1,1
"30826","201601PY20107",1,9,0,1,0,0,0,0,0,0,2,1,6,1,8,1769,1,16,2,1
"30827","201601PY20107",2,1,0,18,0,0,0,0,0,0,1,1,6,1,8,-1,-1,-1,10,1
"30828","201601PY20108",1,9,0,18,0,8,0,0,0,0,4,1,6,1,10,-1,-1,-1,9,1
"30829","201601PY20109",1,9,0,18,0,0,0,0,0,0,4,1,6,2,9,1124,1,13,2,1
"30830","201601PY20110",1,1,0,18,0,8,0,0,0,0,1,1,6,1,7,-1,-1,-1,8,1
"30831","201601PY20110",2,9,0,9,0,8,0,0,0,0,4,1,6,1,-1,-1,-1,-1,-1,-1
"30832","201601PY20111",1,9,0,18,0,0,0,4,7,10,3,1,6,1,10,1998,1,8,2,1
"30833","201601PY20111",2,9,0,2,0,0,0,0,0,0,4,1,6,2,5,-1,-1,-1,9,1
"30834","201601PY20112",1,9,0,18,0,8,0,7,0,0,1,1,6,1,7,1968,2,5,3,1
"30835","201601PY20112",2,9,0,9,0,8,0,0,0,0,3,1,6,1,5,1995,1,11,5,1
"30836","201601PY20113",1,19,0,18,0,8,0,0,0,0,4,1,1,1,9,1598,2,1,9,1
"30837","201601PY20113",2,9,0,18,0,8,0,0,0,0,1,1,6,1,8,1598,1,3,7,1
"30838","201601PY20116",1,9,0,2,0,8,0,0,0,0,3,1,6,2,8,1398,1,5,10,1
"30839","201601PY20116",2,9,0,18,0,8,0,0,0,0,4,1,6,1,10,998,1,9,6,1
"30840","201601PY20117",1,9,0,3,0,0,0,0,0,0,2,1,6,2,8,1596,1,2,2,1
"30841","201601PY20117",2,9,0,4,0,0,0,0,0,0,1,1,6,1,-1,-1,-1,-1,-1,-1
"30842","201601PY20118",1,9,0,9,0,8,0,0,0,0,3,1,6,1,10,-1,-1,-1,3,1
"30843","201601PY20118",2,3,0,18,0,8,0,0,0,0,1,1,6,1,8,125,1,3,8,1
"30844","201601PY20119",1,9,0,18,0,0,0,0,0,0,4,1,6,1,-1,-1,-1,-1,-1,-1
"30845","201601PY20120",1,9,0,18,0,8,0,0,0,0,1,1,6,1,-1,1999,1,1,-1,-1
"30846","201601PY20120",2,9,0,4,0,8,0,0,0,0,2,1,6,1,-1,1389,1,11,8,1
"30847","201601PY20120",3,9,0,4,0,8,0,0,0,0,2,1,6,1,7,1600,1,17,-1,-1
"30848","201601PY20121",1,9,0,9,0,8,0,0,0,0,4,1,6,1,8,2995,1,12,-1,-1
"30849","201601PY20121",2,3,0,18,0,8,0,0,0,0,1,1,6,1,4,-1,-1,-1,7,1
"30850","201601PY20122",1,9,0,3,0,8,0,0,0,0,2,1,6,1,7,1598,1,9,2,1
"308511","201601PY20122",2,9,0,4,0,8,0,0,0,0,1,1,6,2,-1,1968,2,12,8,1
"308521","201601PY20123",1,9,0,18,0,8,0,0,0,0,1,1,6,1,8,1149,1,12,5,1
"308531","201601PY20123",2,9,0,4,0,8,0,0,0,0,2,1,6,2,5,998,1,4,8,1
"30854","201601PY20124",1,9,0,18,0,0,0,7,7,4,3,1,6,2,10,1198,1,2,9,1
"30855","201601PY20125",1,9,0,18,0,0,0,10,1,10,4,1,6,2,10,1198,1,11,4,1
"30856","201601PY20127",1,9,0,7,0,8,0,0,0,0,3,1,6,2,4,1242,1,7,2,1
"30857","201601PY20127",2,9,0,18,0,8,0,0,0,0,1,1,6,2,9,1198,1,5,8,1
"30858","201601PY20128",1,9,0,18,0,8,0,0,0,0,1,1,6,2,8,1968,2,7,-1,-1
"30859","201601PY20128",2,9,0,18,0,8,0,10,1,2,4,1,6,2,7,-1,-1,-1,7,1
"30860","201601PY20128",3,9,0,2,0,8,0,0,0,0,2,1,6,1,9,1368,1,6,7,1
"30861","201601PY20129",1,9,0,3,0,0,0,0,0,0,2,1,6,2,5,-1,-1,-1,10,1
"308621","201601PY20129",2,9,0,18,0,0,0,0,0,0,1,1,6,2,11,-1,-1,-1,8,1
"30863","201601PY20131",1,9,0,1,0,0,0,0,0,0,2,1,6,2,10,999,1,2,4,1
"30864","201601PY20133",1,20,0,15,0,8,0,0,0,0,4,1,1,1,8,-1,-1,-1,3,1
"30865","201601PY20133",2,1,0,18,0,8,0,0,0,0,3,1,6,1,8,-1,-1,-1,-1,-1
"30866","201601PY20134",1,9,0,18,0,8,0,0,0,0,1,1,6,1,5,-1,-1,-1,9,1
"30867","201601PY20134",2,9,0,8,0,8,0,0,0,0,2,1,6,2,9,1328,1,12,6,2
"30868","201601PY20137",1,9,0,4,0,8,0,0,0,0,2,1,6,1,8,1598,1,12,2,1
"30869","201601PY20137",2,9,0,18,0,8,0,0,0,0,1,1,6,1,8,1149,1,9,9,1
"30870","201601PY20139",1,9,0,18,0,8,0,0,0,0,4,1,6,1,5,-1,-1,-1,5,1
"30871","201601PY20139",2,9,0,9,0,8,0,0,0,0,1,1,6,1,11,1398,2,8,10,1
"308721","201601PY20140",1,11,0,5,0,0,0,0,0,0,0,1,1,1,6,6370,2,1,7,1
"30873","201601PY20141",1,9,0,9,0,8,0,0,0,0,3,1,6,1,8,1598,1,15,2,1
"30874","201601PY20141",2,2,0,15,0,8,0,0,0,0,1,1,6,1,4,108,1,4,6,1
"30875","201601PY20142",1,9,0,18,0,8,0,0,0,0,3,1,6,1,9,1796,1,11,-1,-1
"30876","201601PY20143",1,9,0,5,0,0,0,0,0,0,3,1,6,1,5,1796,2,3,10,1
"30877","201601PY20143",2,3,0,18,0,0,0,7,0,0,1,1,6,1,6,124,1,13,8,1
"30878","201601PY20144",1,9,0,18,0,8,0,0,0,0,1,1,6,1,8,2996,1,10,3,1
"30879","201601PY20146",1,9,0,6,0,0,0,0,0,0,3,1,6,1,11,1242,1,12,7,1
"30880","201601PY20146",2,9,0,18,0,0,0,0,0,0,1,1,6,1,6,1498,1,1,3,1
"30881","201601PY20147",1,2,0,15,0,0,0,0,0,0,1,1,6,1,4,-1,-1,-1,3,1
"30882","201601PY20147",2,9,0,18,0,0,0,0,0,0,1,1,6,1,7,1595,1,11,8,1
"30883","201601PY20147",3,9,0,2,0,0,0,0,0,0,3,1,6,1,-1,1199,1,14,-1,-1
"30884","201601PY20149",1,9,0,4,0,8,0,0,0,0,1,1,6,1,9,1753,2,16,4,1
"30885","201601PY20150",1,9,0,9,0,8,0,0,0,0,3,1,6,1,6,1388,1,4,10,1
"30886","201601PY20150",2,90,0,15,0,8,0,10,7,10,1,1,1,1,8,-1,-1,-1,-1,-1
"308871","201601PY20151",1,9,0,9,0,8,0,0,0,0,3,1,6,1,8,1600,2,6,7,1
"30888","201601PY20151",2,3,0,15,0,8,0,0,0,0,1,1,6,1,4,125,1,4,2,1
"30889","201601PY20152",1,9,0,9,0,8,0,0,0,0,4,1,6,1,8,-1,-1,-1,1,1
"30890","201601PY20152",2,9,0,18,0,8,0,10,7,10,1,1,6,1,8,1796,1,17,6,1
"30891","201601PY20153",1,9,0,18,0,0,0,10,1,4,1,1,6,2,11,1587,1,9,10,1
"308921","201601PY20154",1,9,0,18,0,8,0,0,0,0,1,1,6,2,5,2000,1,11,4,1
"30893","201601PY20154",2,9,0,9,0,8,0,0,0,0,3,1,6,2,-1,1229,1,7,6,1
"30894","201601PY20155",1,9,0,18,0,8,0,0,0,0,1,1,6,1,4,-1,-1,-1,8,1
"30895","201601PY20155",2,9,0,4,0,8,0,0,0,0,2,1,6,2,8,1587,1,7,8,1
"30896","201601PY20156",1,11,0,3,0,8,0,0,0,0,2,1,1,1,6,4500,2,2,2,1
"30897","201601PY20156",2,9,0,15,0,8,0,0,0,0,4,1,6,1,6,1986,2,7,4,1
"30898","201601PY20157",1,9,0,7,0,8,0,0,0,0,2,1,6,1,7,-1,-1,-1,1,1
"30899","201601PY20157",2,4,0,18,0,8,0,0,0,0,1,1,6,1,5,108,1,4,2,1
"30900","201601PY20158",1,9,0,18,0,8,0,10,8,4,1,1,6,2,7,1348,1,15,9,1
"30901","201601PY20158",2,9,0,9,0,8,0,0,0,0,3,1,6,1,-1,1339,1,11,8,1
"30902","201601PY20159",1,9,0,18,0,8,0,0,0,0,1,1,6,2,6,1199,1,16,2,1
"30903","201601PY20159",2,9,0,4,0,8,0,0,0,0,2,1,6,2,9,-1,-1,-1,-1,-1
"30904","201601PY20160",1,9,0,18,0,0,0,0,0,0,1,1,6,2,5,1598,1,3,6,1
"30905","201601PY20160",2,9,0,9,0,0,0,0,0,0,3,1,6,2,7,1598,1,3,4,1
"30906","201601PY20162",1,9,0,17,0,8,0,10,1,1,4,1,6,1,6,1995,2,7,9,1
"309071","201601PY20164",1,9,0,18,0,8,0,0,0,0,1,1,6,1,7,998,1,5,-1,-1
"309081","201601PY20164",2,9,0,18,0,8,0,0,0,0,1,1,6,1,8,1587,1,9,8,1
"309091","201601PY20166",1,8,0,4,0,8,0,0,0,0,1,1,6,1,8,1995,2,9,10,1
"309101","201601PY20166",2,9,0,1,0,8,0,0,0,0,2,1,6,1,-1,2736,1,14,-1,-1
"309111","201601PY20167",1,19,0,18,0,8,0,0,0,0,4,1,6,1,-1,1753,2,9,-1,-1
"30912","201601PY20169",1,9,0,4,0,8,0,0,0,0,2,1,6,2,5,1598,1,7,2,1
"30913","201601PY20169",2,9,0,18,0,8,0,0,0,0,1,1,6,1,-1,-1,-1,-1,-1,-1
"30914","201601PY20170",1,9,0,4,0,0,0,0,0,0,1,1,6,1,6,-1,-1,-1,-1,-1
"309151","201601PY20170",2,9,0,1,0,0,0,10,1,4,2,1,6,1,-1,-1,-1,-1,-1,-1
"30916","201601PY20170",3,9,0,18,0,0,0,0,0,0,1,1,6,1,8,1598,2,3,7,3
"30917","201601PY20171",1,9,0,17,0,0,0,0,0,0,1,1,6,1,6,1598,1,10,2,1
"30918","201601PY20171",2,9,0,16,0,0,0,0,0,0,1,1,6,1,-1,-1,-1,-1,-1,-1
"309191","201601PY20172",1,9,0,1,0,0,0,0,0,0,2,1,6,1,11,1390,1,15,10,1
"30920","201601PY20172",2,9,0,2,0,0,0,0,0,0,3,1,6,2,9,2979,1,13,10,1
"30921","201601PY20173",1,9,0,9,0,8,0,0,0,0,4,1,6,1,6,999,1,16,7,1
"30922","201601PY20173",2,1,0,18,0,8,0,0,0,0,1,1,6,1,7,-1,-1,-1,-1,-1
"30923","201601PY20174",1,9,0,7,0,8,0,0,0,0,3,1,6,2,7,1198,1,1,2,1
"30924","201601PY20174",2,9,0,18,0,8,5,10,1,4,1,1,6,2,-1,1596,1,3,8,1
"30925","201601PY20175",1,9,0,3,0,8,0,0,0,0,2,1,6,1,9,1200,1,1,10,1
"30926","201601PY20175",2,4,0,4,0,8,1,0,0,0,1,1,6,1,7,125,1,2,7,1
"30927","201601PY20176",1,9,0,4,0,0,0,0,0,0,2,1,6,1,-1,1598,1,4,8,1
"30928","201601PY20176",2,9,0,18,0,0,0,0,0,0,1,1,6,1,8,2494,2,4,-1,-1
"30929","201601PY20177",1,9,0,7,0,8,0,0,0,0,4,1,6,2,8,898,1,3,6,1
"30930","201601PY20178",1,9,0,7,0,8,0,7,0,0,3,1,6,2,8,1997,2,5,-1,-1
"30931","201601PY20179",1,9,0,3,0,0,0,0,0,0,2,1,6,2,5,1229,1,7,4,1
"30932","201601PY20179",2,9,0,18,0,0,0,0,0,0,1,1,6,2,-1,1229,1,7,-1,-1
"309331","201601PY20180",1,8,0,7,0,8,0,0,0,0,4,1,6,1,-1,2499,2,7,8,1
"30934","201601PY20181",1,9,0,1,0,0,0,4,7,10,3,1,6,1,10,1796,1,9,10,1
"30935","201601PY20181",2,20,0,2,0,0,0,0,0,0,1,1,6,1,-1,-1,-1,-1,-1,-1
"30936","201601PY20182",1,9,0,4,0,8,0,0,0,0,2,1,6,1,10,1390,1,8,3,1
"30937","201601PY20182",2,9,0,4,0,8,0,0,0,0,1,1,6,2,5,1598,1,6,10,1
"30938","201601PY20183",1,1,0,4,0,8,0,0,0,0,2,1,6,1,7,-1,-1,-1,2,1
"30939","201601PY20183",2,9,0,5,0,8,0,0,0,0,1,1,6,1,-1,1198,1,10,-1,-1
"30940","201601PY20184",1,9,0,18,0,0,0,0,0,0,1,1,6,1,7,1598,1,6,-1,-1
"30941","201601PY20184",2,9,0,4,0,0,0,0,0,0,2,1,6,2,7,1398,2,8,3,1
"30942","201601PY20185",1,9,0,18,0,0,0,0,0,0,1,1,6,1,5,1149,1,11,2,1
"30943","201601PY20185",2,9,0,5,0,0,0,0,0,0,3,1,6,1,5,1560,2,6,9,1
"309441","201601PY20186",1,9,0,9,0,8,0,0,0,0,4,1,6,2,5,998,1,1,1,1
"309451","201601PY20186",2,9,0,18,0,8,0,0,0,0,1,1,6,1,7,-1,-1,-1,9,1
"30946","201601PY20187",1,19,0,18,0,0,0,0,0,0,4,1,6,1,6,1753,2,8,2,1
"30947","201601PY20187",2,1,0,18,0,0,0,0,0,0,3,1,6,1,3,-1,-1,-1,5,1
"30948","201601PY20188",1,11,0,9,0,8,0,0,0,0,0,1,1,1,7,4500,2,5,5,1
"309491","201601PY20190",1,19,0,5,0,0,0,0,0,0,3,1,6,1,5,2198,2,9,2,1
"30950","201601PY20190",2,9,0,18,0,0,0,0,0,0,4,1,6,2,8,1596,1,14,8,1
"30951","201601PY20191",1,9,0,9,0,8,0,0,0,0,4,1,6,2,-1,1299,1,13,4,1
"30952","201601PY20191",2,9,0,18,0,8,0,0,0,0,1,1,6,1,-1,-1,-1,-1,-1,-1
"30953","201601PY20192",1,2,0,18,0,0,0,0,0,0,1,1,6,1,6,49,1,13,2,1
"309541","201601PY20192",2,9,0,5,0,0,0,0,0,0,3,1,6,2,8,1198,1,4,-1,-1
"30955","201601PY20193",1,9,0,5,0,8,0,0,0,0,1,1,6,1,8,-1,-1,-1,10,1
"30956","201601PY20193",2,1,0,18,0,8,0,0,0,0,4,1,6,1,8,-1,-1,-1,9,1
"30957","201601PY20194",1,9,0,9,0,8,0,0,0,0,3,1,6,2,11,1596,1,1,8,1
"30958","201601PY20194",2,90,0,9,0,8,0,0,0,0,4,1,6,1,-1,-1,-1,-1,-1,-1
"30959","201601PY20195",1,9,0,9,0,8,0,0,0,0,4,1,6,1,6,1598,1,9,1,1
"30960","201601PY20195",2,9,0,18,0,8,0,0,0,0,1,1,6,1,7,2616,1,12,9,1
"30961","201601PY20196",1,9,0,5,0,8,0,0,0,0,2,1,6,1,6,-1,-1,-1,-1,-1
"309621","201601PY20196",2,9,0,5,0,8,0,0,0,0,1,1,6,1,-1,-1,-1,-1,-1,-1
"30963","201601PY20197",1,9,0,7,0,8,0,0,0,0,4,1,6,1,6,1229,1,1,2,1
"30964","201601PY20197",2,1,0,18,0,8,0,0,0,0,1,1,6,1,-1,-1,-1,-1,-1,-1
"30965","201601PY20198",1,9,0,9,0,8,0,0,0,0,4,1,6,1,9,1596,1,2,5,1
"30966","201601PY20198",2,9,0,18,0,8,0,0,0,0,1,1,6,1,5,1124,1,13,1,1
"30967","201601PY20199",1,9,0,9,0,8,0,0,0,0,3,1,6,2,6,1242,1,6,10,1
"30968","201601PY20199",2,9,0,18,0,8,0,0,0,0,1,1,6,2,-1,1598,1,17,7,1
"30969","201601PY20200",1,9,0,18,0,0,0,0,0,0,3,1,6,2,9,1364,1,8,3,1
"309701","201601PY20200",2,1,0,18,0,0,0,0,0,0,1,1,6,1,6,-1,-1,-1,3,1
"309711","201601PY20201",1,9,0,18,0,0,0,0,0,0,3,1,6,2,7,1198,1,2,9,1
"30972","201601PY20202",1,9,0,18,0,0,0,0,1,4,1,1,6,1,7,1753,2,13,8,1
"30973","201601PY20204",1,9,0,18,0,8,0,0,0,0,1,1,6,1,8,999,1,6,8,1
"30974","201601PY20204",2,9,0,18,0,8,0,0,0,0,1,1,6,1,5,1242,1,14,7,3
"30975","201601PY20205",1,9,0,9,0,8,0,0,0,0,1,1,6,1,6,1995,1,8,6,1
"30976","201601PY20205",2,1,0,18,0,8,0,0,0,0,4,1,6,1,6,-1,-1,-1,-1,-1
"30977","201601PY20206",1,19,0,4,0,0,0,0,0,0,4,1,6,2,9,-1,-1,-1,4,1
"30978","201601PY20207",1,9,0,5,0,8,0,0,0,0,3,1,6,1,5,1229,1,9,2,1
"30979","201601PY20208",1,9,0,9,0,8,0,0,0,0,3,1,6,1,-1,-1,-1,-1,-1,-1
"30980","201601PY20209",1,9,0,18,0,8,0,0,0,0,3,1,6,1,-1,-1,-1,-1,-1,-1
"309811","201601PY20209",2,9,0,6,0,8,0,0,0,0,4,1,6,2,5,1390,1,8,1,1
"30982","201601PY20209",3,9,0,4,0,8,0,0,0,0,1,1,6,1,4,999,1,1,3,1
"30983","201601PY20209",4,9,0,2,0,8,0,0,0,0,2,1,6,2,9,1591,1,3,2,1
"30984","201601PY20210",1,4,0,18,0,8,0,10,7,4,3,1,6,1,3,249,1,2,9,1
"30985","201601PY20211",1,9,0,10,0,8,0,0,0,0,2,1,6,2,6,1995,2,12,2,1
"30986","201601PY20211",2,9,0,18,0,8,0,0,0,0,1,1,6,1,-1,1388,1,10,-1,-1
"30987","201601PY20212",1,9,0,9,0,8,0,0,0,0,4,1,6,1,5,2148,2,11,1,1
"30988","201601PY20212",2,1,0,18,0,8,0,0,0,0,1,1,6,1,8,-1,-1,-1,2,1
"30989","201601PY20214",1,1,0,17,0,8,0,0,0,0,1,1,6,1,8,-1,-1,-1,10,1