"","Acc_Index","Vehicle_Reference","Vehicle_Type","Towing_and_Articulation","Vehicle_Manoeuvre","Vehicle_Location.Restricted_Lane","Junction_Location","Skidding_and_Overturning","Hit_Object_in_Carriageway","Vehicle_Leaving_Carriageway","Hit_Object_off_Carriageway","X1st_Point_of_Impact","Was_Vehicle_Left_Hand_Drive","Journey_Purpose_of_Driver","Sex_of_Driver","Age_Band_of_Driver","Engine_Capacity_.CC.","Propulsion_Code","Age_of_Vehicle","Driver_IMD_Decile","Driver_Home_Area_Type"
"30990","201601PY20214",2,9,0,9,0,8,0,0,0,0,4,1,6,1,-1,1461,2,2,8,1
"30991","201601PY20216",1,9,0,18,0,8,0,10,7,4,4,1,6,1,9,1997,1,4,9,3
"30992","201601PY20216",2,9,0,18,0,8,0,0,0,0,1,1,6,2,7,1984,1,9,10,1
"30993","201601PY20217",1,9,0,18,0,8,0,0,0,0,4,1,6,1,8,2499,1,7,7,1
"30994","201601PY20217",2,9,0,9,0,8,0,0,0,0,1,1,6,2,9,1398,1,6,5,1
"30995","201601PY20218",1,9,0,4,0,8,0,0,0,0,2,1,6,1,8,-1,-1,-1,9,2
"30996","201601PY20218",2,9,0,4,0,8,0,0,0,0,2,1,6,1,-1,-1,-1,-1,10,1
"30997","201601PY20218",3,9,0,18,0,8,0,0,0,0,1,1,6,2,6,-1,-1,-1,8,1
"30998","201601PY20219",1,9,0,18,0,0,2,7,0,0,1,1,6,2,10,1968,2,2,7,1
"30999","201601PY20220",1,9,0,9,0,8,0,0,0,0,4,1,6,1,5,1598,1,12,9,1
"31000","201601PY20220",2,5,0,15,0,8,0,0,0,0,1,1,6,1,6,745,1,1,9,1
"31001","201601PY20222",1,9,0,18,0,0,0,0,0,0,1,1,6,2,7,1598,1,14,4,1
"310021","201601PY20223",1,9,0,7,0,8,0,0,0,0,3,1,6,2,8,1199,2,4,9,1
"31003","201601PY20223",2,3,0,18,0,8,0,0,0,0,1,1,6,1,5,125,1,1,7,1
"31004","201601PY20224",1,9,0,5,0,8,0,10,7,10,3,1,6,1,11,1769,1,13,7,1
"31005","201601PY20224",2,9,0,18,0,8,0,0,0,0,1,1,6,2,6,-1,-1,-1,8,3
"31006","201601PY20225",1,9,0,18,8,0,0,10,1,2,1,1,6,2,10,1396,1,1,2,1
"31007","201601PY20226",1,9,0,15,0,8,0,0,0,0,3,1,6,2,8,1598,1,4,1,1
"31008","201601PY20226",2,19,0,18,0,8,0,0,0,0,1,1,6,1,-1,-1,-1,-1,-1,-1
"31009","201601PY20227",1,9,0,18,0,0,5,0,1,9,4,1,6,1,10,1598,2,5,4,1
"31010","201601PY20228",1,20,0,6,0,8,0,0,0,0,3,1,6,1,8,-1,-1,-1,3,1
"31011","201601PY20228",2,9,0,18,0,8,0,0,0,0,1,1,6,1,5,1364,1,7,7,1
"310121","201601PY20229",1,9,0,18,0,8,0,10,7,2,3,1,6,2,4,-1,-1,-1,10,1
"31013","201601PY20230",1,1,0,18,0,8,0,0,0,0,3,1,6,2,7,-1,-1,-1,10,1
"31014","201601PY20230",2,9,0,18,0,8,0,0,0,0,4,1,6,1,-1,1197,1,-1,-1,-1
"31015","201601PY20231",1,9,0,18,0,8,0,0,0,0,1,1,6,1,10,1461,2,5,3,1
"31016","201601PY20232",1,1,0,18,0,8,0,0,0,0,1,1,6,1,6,-1,-1,-1,7,1
"31017","201601PY20232",2,9,0,9,0,8,0,0,0,0,4,1,6,1,7,2979,1,3,9,1
"31020","201601PY20234",1,9,0,5,0,0,0,0,0,0,3,1,6,2,5,1124,1,7,10,1
"31021","201601PY20234",2,9,0,18,0,0,0,0,0,0,1,1,6,1,6,1998,8,-1,7,1
"31022","201601PY20237",1,9,0,18,0,8,0,0,0,0,1,1,6,1,11,1329,1,4,10,1
"31023","201601PY20237",2,9,0,9,0,8,0,0,0,0,4,1,6,2,11,1397,1,8,9,1
"31024","201601PY20238",1,9,0,18,0,0,0,0,0,0,4,1,6,1,10,1997,2,6,5,1
"31025","201601PY20239",1,9,0,18,0,8,0,0,0,0,3,1,6,1,-1,2776,2,12,-1,-1
"31026","201601PY20239",2,9,0,18,0,8,0,0,0,0,3,1,6,2,8,-1,-1,-1,-1,-1
"31027","201601PY20240",1,9,0,9,0,8,0,0,0,0,1,1,6,1,5,1229,1,7,3,1
"31028","201601PY20240",2,1,0,18,0,8,0,0,0,0,1,1,6,1,7,-1,-1,-1,4,1
"31029","201601PY20241",1,9,0,5,0,8,0,0,0,0,4,1,6,1,8,1749,1,15,4,1
"31030","201601PY20243",1,1,0,18,0,8,0,0,0,0,1,1,6,2,5,-1,-1,-1,4,1
"31031","201601PY20243",2,9,0,7,0,8,0,0,0,0,2,1,6,1,-1,1590,1,13,-1,-1
"31032","201601PY20244",1,9,0,9,0,8,0,0,0,0,4,1,6,1,8,1968,2,4,2,1
"31033","201601PY20245",1,9,0,10,0,8,0,0,0,0,2,1,6,1,5,1560,2,4,2,1
"31034","201601PY20245",2,9,0,18,0,8,0,0,0,0,1,1,6,2,11,1328,1,12,7,2
"31035","201601PY20246",1,90,0,18,0,8,0,0,0,0,4,1,6,1,-1,-1,-1,-1,-1,-1
"31036","201601PY20247",1,9,0,18,0,8,0,7,0,0,3,1,6,2,7,1995,2,2,7,1
"31037","201601PY20248",1,9,0,9,0,8,0,0,0,0,4,1,6,2,-1,-1,-1,-1,-1,-1
"31038","201601PY20249",1,9,0,18,0,8,0,4,0,0,1,1,6,2,10,1784,1,8,9,1
"31039","201601PY20249",2,9,0,2,0,8,0,4,0,0,2,1,6,1,5,-1,-1,-1,10,1
"31040","201601PY20249",3,9,0,2,0,8,0,0,0,0,1,1,6,1,5,-1,-1,-1,-1,-1
"31041","201601PY20250",1,11,0,4,0,8,0,0,0,0,0,1,1,1,8,9000,2,6,-1,-1
"31042","201601PY20251",1,20,0,18,0,0,0,10,1,4,4,1,6,1,-1,-1,-1,-1,-1,-1
"31043","201601PY20252",1,9,0,18,0,0,2,10,0,0,4,1,6,2,-1,-1,-1,-1,7,3
"31044","201601PY20253",1,11,0,5,0,0,0,0,0,0,0,1,1,1,8,7300,2,10,5,1
"31045","201601PY20254",1,9,0,18,0,8,5,0,0,0,3,1,6,2,4,-1,-1,-1,-1,-1
"31046","201601PY20254",2,9,0,18,0,8,0,0,0,0,1,1,6,1,6,-1,-1,-1,-1,-1
"31047","201601PY20255",1,9,0,18,0,8,0,0,0,0,4,1,6,1,8,3960,1,20,-1,-1
"31048","201601PY20255",2,9,0,7,0,8,0,0,0,0,1,1,6,1,6,1364,1,7,3,1
"310491","201601PY20256",1,1,0,18,0,8,0,0,0,0,1,1,6,1,6,-1,-1,-1,9,1
"310501","201601PY20256",2,9,0,18,0,8,0,0,0,0,3,1,6,1,-1,998,1,14,-1,-1
"310511","201601PY20257",1,9,0,18,0,0,0,0,0,0,3,1,6,1,9,-1,-1,-1,-1,-1
"310521","201601PY20258",1,9,0,18,0,0,0,4,0,0,1,1,6,1,6,2198,1,9,2,1
"31053","201601PY20258",2,9,0,2,0,0,0,0,0,0,3,1,6,1,9,1753,2,8,-1,-1
"31054","201601PY20258",3,9,0,2,0,0,0,0,0,0,3,1,6,2,6,1360,1,11,-1,-1
"31055","201601PY20259",1,11,0,5,0,8,0,0,0,0,0,1,6,1,8,6700,2,10,7,1
"31056","201601PY20260",1,9,0,4,0,8,0,0,0,0,1,1,6,2,8,1968,2,4,9,1
"31057","201601PY20260",2,1,0,4,0,8,0,0,0,0,2,1,6,1,7,-1,-1,-1,4,1
"31058","201601PY20261",1,20,0,18,0,0,0,0,0,0,3,1,6,1,6,-1,-1,-1,3,1
"31059","201601PY20262",1,9,0,4,0,8,0,0,0,0,1,1,6,1,-1,2231,2,9,2,1
"31060","201601PY20262",2,9,0,1,0,8,0,0,0,0,2,1,6,1,-1,-1,-1,-1,-1,-1
"31061","201601PY20263",1,3,0,4,0,8,0,0,0,0,3,1,6,2,8,115,1,1,3,1
"31062","201601PY20264",1,9,0,8,0,8,0,0,0,0,2,1,6,1,5,1984,1,-1,10,1
"31063","201601PY20264",2,9,0,18,0,8,0,0,0,0,1,1,6,2,-1,-1,-1,-1,-1,-1
"31064","201601PY20265",1,9,0,4,0,8,0,0,0,0,2,1,6,1,5,1968,2,2,9,1
"31065","201601PY20265",2,9,0,18,0,8,0,0,0,0,1,1,6,1,4,1149,1,9,2,1
"31066","201601PY20266",1,90,0,18,0,8,0,10,7,4,1,1,6,1,-1,660,1,12,3,1
"310671","201601PY20267",1,9,0,4,0,8,0,0,0,0,2,1,6,2,8,1197,1,2,3,1
"310681","201601PY20267",2,9,0,18,0,8,0,0,0,0,1,1,6,2,-1,1968,2,9,-1,-1
"31069","201601PY20268",1,9,0,18,0,8,0,0,0,0,3,1,6,1,8,1685,2,3,6,3
"31070","201601PY20269",1,3,0,15,0,8,0,0,0,0,1,1,6,1,10,-1,-1,-1,-1,-1
"31071","201601PY20269",2,9,0,9,0,8,0,0,0,0,3,1,6,1,5,1598,1,9,3,1
"31072","201601PY20270",1,9,0,18,0,8,0,0,0,0,1,1,6,1,4,1229,1,1,5,1
"31073","201601PY20270",2,9,0,9,0,8,0,0,0,0,3,1,6,2,9,1390,1,8,10,1
"310741","201601PY20270",3,9,0,9,0,8,0,0,0,0,1,1,6,1,8,1242,1,13,4,1
"31075","201601PY20271",1,9,0,18,0,0,0,0,0,0,1,1,6,2,9,1395,1,3,6,1
"31076","201601PY20271",2,9,0,18,0,0,0,0,0,0,3,1,6,1,9,1999,2,-1,8,1
"31077","201601PY20272",1,9,0,18,0,8,0,0,0,0,1,1,6,2,9,1598,2,1,-1,-1
"31078","201601PY20272",2,9,0,9,0,8,0,0,0,0,3,1,6,1,5,1560,2,8,4,1
"31079","201601PY20273",1,9,0,17,0,8,0,0,0,0,4,1,6,2,7,1968,2,9,5,1
"31080","201601PY20273",2,9,0,9,0,8,0,0,0,0,1,1,6,1,-1,-1,-1,-1,-1,-1
"31081","201601PY20274",1,9,0,18,0,0,0,4,0,0,1,1,6,2,-1,999,1,-1,10,1
"31082","201601PY20274",2,9,0,2,0,0,0,0,0,0,3,1,6,1,10,1997,1,3,10,1
"310831","201601PY20275",1,9,0,15,0,8,0,0,0,0,4,1,6,1,6,-1,-1,-1,6,1
"310841","201601PY20275",2,1,0,18,0,8,0,0,0,0,3,1,6,1,8,-1,-1,-1,3,1
"31085","201601PY20276",1,5,0,15,0,8,0,0,0,0,3,1,6,1,8,800,1,1,10,1
"31086","201601PY20276",2,9,0,9,0,8,0,0,0,0,3,1,6,1,7,1956,2,-1,7,1
"310871","201601PY20277",1,9,0,18,0,8,0,10,1,2,4,1,6,2,9,1797,8,2,9,1
"310881","201601PY20278",1,9,0,7,0,8,0,0,0,0,3,1,6,2,4,1242,1,11,-1,-1
"31089","201601PY20278",2,1,0,18,0,8,0,0,0,0,1,1,6,1,6,-1,-1,-1,3,1
"31090","201601PY20279",1,9,0,18,0,0,0,0,0,0,1,1,6,2,7,1248,2,2,-1,-1
"31091","201601PY20279",2,9,0,1,0,0,0,0,0,0,2,1,6,1,-1,-1,-1,-1,-1,-1
"31092","201601PY20280",1,9,0,3,0,8,0,0,0,0,2,1,6,2,6,1598,1,13,5,1
"31093","201601PY20280",2,9,0,3,0,8,0,0,0,0,2,1,6,1,7,1461,2,4,9,1
"31094","201601PY20280",3,9,0,18,0,8,0,0,0,0,1,1,6,1,7,1242,1,6,7,1
"31095","201601PY20281",1,9,0,18,0,0,0,10,7,2,3,1,6,2,9,2993,2,1,7,1
"31096","201601PY20283",1,9,0,4,0,8,0,0,0,0,2,1,6,2,6,1596,1,6,7,1
"31097","201601PY20283",2,3,0,18,0,8,0,0,0,0,1,1,6,1,4,321,1,-1,-1,-1
"31098","201601PY20284",1,5,0,18,0,8,0,0,0,0,3,1,6,1,8,748,1,17,2,1
"31099","201601PY20284",2,9,0,18,0,8,0,0,0,0,3,1,6,2,7,1242,1,2,8,1
"31100","201601PY20285",1,9,0,18,0,8,0,0,0,0,4,1,6,2,5,998,1,1,2,1
"31101","201601PY20285",2,9,0,5,0,8,0,0,0,0,1,1,6,2,-1,1364,1,8,6,1
"31102","201601PY20286",1,9,0,4,0,8,0,0,0,0,3,1,6,1,7,-1,-1,-1,1,1
"311031","201601PY20287",1,9,0,16,0,8,0,0,0,0,1,1,6,2,4,-1,-1,-1,-1,-1
"311041","201601PY20287",2,9,0,17,0,8,0,0,0,0,1,1,6,1,-1,4398,1,15,-1,-1
"311051","201601PY20288",1,9,0,4,0,8,0,0,0,0,2,1,6,2,6,1781,1,15,10,1
"31106","201601PY20288",2,9,0,18,0,8,0,0,0,0,1,1,6,1,6,-1,-1,-1,2,1
"31107","201601PY20289",1,9,0,18,0,0,0,10,1,2,1,1,6,1,10,1598,1,15,5,1
"311081","201601PY20290",1,9,0,15,0,0,0,0,0,0,4,1,6,1,7,-1,-1,-1,2,1
"311091","201601PY20290",2,1,0,18,0,0,0,0,0,0,3,1,6,1,8,-1,-1,-1,8,1
"31110","201601PY20291",1,9,0,9,0,8,0,0,0,0,4,1,6,1,9,1998,2,11,8,1
"31111","201601PY20291",2,9,0,18,0,8,0,0,0,0,1,1,6,1,9,2987,2,7,9,1
"31112","201601PY20293",1,9,0,18,0,0,0,0,0,0,1,1,6,1,7,1968,2,4,9,1
"31113","201601PY20294",1,8,0,5,0,8,0,0,0,0,0,1,6,2,7,-1,-1,-1,7,1
"31114","201601PY20295",1,9,0,18,0,8,5,7,0,0,3,1,6,1,8,4196,1,10,1,1
"31115","201601PY20297",1,9,0,9,0,8,0,0,0,0,4,1,6,1,5,1995,2,9,4,1
"31116","201601PY20297",2,1,0,18,0,8,0,0,0,0,1,1,6,1,7,-1,-1,-1,6,1
"31117","201601PY20298",1,9,0,1,0,0,0,4,0,0,2,1,6,2,9,2360,1,14,9,1
"31118","201601PY20298",2,9,0,2,0,0,0,0,0,0,1,1,6,1,7,1398,2,5,1,1
"31119","201601PY20299",1,3,0,15,0,0,0,0,0,0,1,1,6,1,7,649,1,1,6,1
"311201","201601PY20299",2,20,0,9,0,0,0,0,0,0,3,1,6,1,-1,-1,-1,-1,-1,-1
"311211","201601PY20300",1,1,0,18,0,8,0,0,0,0,3,1,6,1,6,-1,-1,-1,7,1
"31122","201601PY20301",1,1,0,9,0,8,0,0,0,0,4,1,6,2,6,-1,-1,-1,6,1
"31123","201601PY20301",2,9,0,9,0,8,0,0,0,0,3,1,6,2,-1,1360,1,6,-1,-1
"31124","201601PY20302",1,9,0,18,0,8,0,0,0,0,1,1,6,1,8,-1,-1,-1,8,2
"31125","201601PY20302",2,9,0,9,0,8,0,0,0,0,3,1,6,2,6,1598,1,4,9,1
"31126","201601PY20303",1,3,0,18,0,8,0,0,0,0,1,1,6,1,7,125,1,9,3,1
"31127","201601PY20303",2,9,0,6,0,8,0,0,0,0,3,1,1,2,-1,-1,-1,-1,-1,-1
"31128","201601PY20304",1,9,0,18,0,8,0,0,0,0,1,1,6,2,7,1329,1,3,5,1
"31129","201601PY20304",2,9,0,7,0,8,0,0,0,0,3,1,6,2,8,-1,-1,-1,4,1
"31130","201601PY20305",1,9,0,18,0,8,0,0,0,0,3,1,6,2,11,1332,1,19,10,1
"31131","201601PY20305",2,9,0,9,0,8,0,0,0,0,1,1,6,1,4,1995,1,8,8,1
"31132","201601PY20306",1,9,0,17,0,0,0,0,0,0,1,1,6,1,6,1596,1,2,7,1
"31133","201601PY20306",2,9,0,18,0,0,0,0,0,0,3,1,6,2,-1,1242,1,1,-1,-1
"31134","201601PY20306",3,9,0,18,0,0,0,0,0,0,1,1,6,2,6,2143,2,1,10,1
"31135","201601PY20307",1,19,0,18,0,0,0,10,7,2,3,1,1,1,6,1560,2,5,8,1
"31136","201601PY20308",1,9,0,18,0,0,0,0,0,0,3,1,6,1,9,1686,2,2,3,1
"31137","201601PY20308",2,9,0,18,0,0,0,0,0,0,1,1,6,2,6,1242,1,1,2,1
"31138","201601PY20309",1,11,0,2,0,8,0,0,0,0,0,1,1,1,-1,-1,-1,-1,-1,-1
"31139","201601PY20310",1,9,0,9,0,8,0,0,0,0,4,1,6,2,11,1598,1,15,6,1
"31140","201601PY20310",2,1,0,18,0,8,0,0,0,0,1,1,6,1,5,-1,-1,-1,6,1
"31141","201601PY20311",1,9,0,18,0,0,0,0,0,0,1,1,6,1,8,1968,2,-1,6,1
"31142","201601PY20311",2,9,0,1,0,0,0,0,0,0,2,1,6,1,-1,1349,1,4,-1,-1
"31143","201601PY20312",1,9,0,18,0,8,0,10,7,2,1,1,6,1,9,898,1,1,5,1
"311441","201601PY20313",1,9,0,15,0,0,0,10,7,10,3,1,6,1,5,2493,1,11,4,1
"311451","201601PY20314",1,9,0,9,0,8,0,0,0,0,3,1,6,1,8,-1,-1,-1,2,1
"31146","201601PY20314",2,3,0,18,0,8,0,0,0,0,1,1,6,1,6,124,1,4,10,1
"31147","201601PY20315",1,9,0,4,0,8,0,0,0,0,1,1,6,1,10,1798,8,1,10,1
"31148","201601PY20315",2,20,0,1,0,8,0,0,0,0,2,1,6,1,-1,2402,2,13,-1,-1
"31149","201601PY20316",1,9,0,9,0,0,0,0,0,0,4,1,6,2,9,1299,1,12,10,1
"31150","201601PY20316",2,1,0,18,0,0,0,0,0,0,1,1,6,1,9,-1,-1,-1,7,1
"31151","201601PY20318",1,9,0,9,0,8,0,0,0,0,3,1,6,2,8,1248,2,4,10,1
"311521","201601PY20318",2,1,0,15,0,8,0,0,0,0,1,1,6,1,-1,-1,-1,-1,-1,-1
"31153","201601PY20319",1,9,0,1,0,8,0,0,0,0,2,1,6,1,4,1499,2,1,3,1
"31154","201601PY20320",1,9,0,4,0,0,0,0,0,0,2,1,6,2,6,1242,1,4,7,1
"31155","201601PY20320",2,9,0,18,0,0,0,0,0,0,1,1,6,1,8,1999,2,-1,10,1
"31156","201601PY20321",1,1,0,18,0,8,0,0,0,0,1,1,6,1,7,-1,-1,-1,8,1
"31157","201601PY20321",2,9,0,9,0,8,0,0,0,0,4,1,6,1,-1,1388,1,8,-1,-1
"31158","201601PY20322",1,9,0,3,0,8,0,0,0,0,2,1,6,2,8,998,1,1,10,1
"31159","201601PY20322",2,9,0,18,0,8,0,0,0,0,1,1,6,1,-1,-1,-1,-1,-1,-1
"31160","201601PY20323",1,9,0,15,0,8,0,7,7,2,3,1,6,2,5,-1,-1,-1,4,1
"31161","201601PY20324",1,9,0,5,0,0,0,0,0,0,3,1,6,1,6,998,1,6,-1,-1
"31162","201601PY20325",1,9,0,18,0,8,0,0,0,0,1,1,6,1,9,2143,2,1,6,1
"31163","201601PY20325",2,9,0,9,0,8,0,0,0,0,1,1,6,2,7,1798,1,6,9,1
"31164","201601PY20326",1,1,0,18,0,8,0,0,0,0,1,1,6,1,7,-1,-1,-1,7,1
"31165","201601PY20326",2,9,0,9,0,8,0,0,0,0,4,1,6,1,-1,1398,1,4,7,1
"31166","201601PY20327",1,11,0,5,0,8,0,0,0,0,4,1,1,1,6,-1,-1,-1,10,1
"31167","201601PY20327",2,1,0,18,0,8,0,0,0,0,3,1,6,1,6,-1,-1,-1,-1,-1
"31168","201601PY20328",1,9,0,18,0,8,0,0,0,0,1,1,6,1,9,1596,1,4,10,1
"31169","201601PY20328",2,9,0,9,0,8,0,0,0,0,4,1,6,2,7,1242,1,10,10,1
"31170","201601PY20329",1,9,0,18,0,0,0,0,0,0,3,1,6,2,7,1590,1,5,5,1
"31171","201601PY20330",1,9,0,18,0,2,0,0,0,0,1,1,6,2,7,1229,1,2,8,1
"31172","201601PY20331",1,9,0,7,0,8,0,0,0,0,3,1,6,2,8,1910,2,9,6,1
"31173","201601PY20331",2,9,0,18,0,8,0,0,0,0,4,1,6,1,8,1388,1,2,6,3
"31174","201601PY20332",1,11,0,18,0,2,0,0,0,0,0,1,1,1,6,7300,2,10,1,1
"31175","201601PY20333",1,9,0,18,0,8,0,0,0,0,1,1,1,1,7,-1,-1,-1,2,1
"31176","201601PY20333",2,9,0,18,0,8,0,0,0,0,2,2,6,1,9,-1,-1,-1,-1,-1
"31177","201601PY20335",1,9,0,18,0,0,0,0,0,0,4,1,6,1,8,1598,1,12,2,1
"31178","201601PY20335",2,19,0,2,0,0,0,0,0,0,3,1,6,1,6,2461,2,9,5,1
"31179","201601PY20335",3,19,0,2,0,0,0,0,0,0,4,1,6,1,8,-1,-1,-1,10,1
"31180","201601PY20336",1,9,0,18,0,2,0,0,0,0,2,1,6,1,7,1591,1,3,4,1
"31181","201601PY20336",2,4,0,18,0,2,0,0,0,0,1,1,6,1,7,-1,-1,-1,2,1
"31182","201601PY20337",1,9,0,18,0,0,0,0,0,0,3,1,1,1,7,1598,2,2,5,1
"31183","201601PY20337",2,9,0,9,0,0,0,0,0,0,1,1,1,2,5,-1,-1,-1,3,1
"31184","201601PY20338",1,9,0,2,0,0,0,0,0,0,3,1,6,1,8,-1,-1,-1,-1,-1
"31185","201601PY20338",2,9,0,18,0,0,0,4,0,0,1,1,6,2,5,-1,-1,-1,4,1
"31186","201601PY20338",3,9,0,2,0,0,0,0,0,0,3,1,6,1,-1,1124,1,12,-1,-1
"31187","201601PY20338",4,9,0,15,0,0,0,0,0,0,3,1,6,1,-1,-1,-1,-1,-1,-1
"31188","201601PY20339",1,1,0,18,0,8,0,0,0,0,1,1,6,1,8,-1,-1,-1,3,1
"31189","201601PY20339",2,9,0,7,0,8,0,0,0,0,4,1,6,1,-1,1781,1,13,-1,-1
"31190","201601PY20341",1,1,0,4,0,8,0,0,0,0,3,1,6,2,7,-1,-1,-1,3,1
"31191","201601PY20342",1,9,0,18,0,8,0,0,0,0,3,1,6,2,7,1200,1,2,7,3
"31192","201601PY20342",2,1,0,18,0,8,0,0,0,0,4,1,6,1,8,-1,-1,-1,1,1
"31193","201601PY20343",1,9,0,1,0,2,0,0,0,0,2,1,6,1,7,1398,2,13,8,1
"31194","201601PY20343",2,1,0,18,0,2,0,0,0,0,1,1,6,2,-1,-1,-1,-1,-1,-1
"31195","201601PY20344",1,9,0,9,0,8,0,0,0,0,4,1,6,1,6,1197,1,-1,7,1
"311961","201601PY20344",2,9,0,18,0,8,0,4,0,0,1,1,6,2,9,1298,1,12,3,1
"311971","201601PY20344",3,9,0,2,0,8,0,0,0,0,2,1,6,1,8,1798,1,13,-1,-1
"31198","201601PY20345",1,9,0,18,0,8,0,0,0,0,1,1,6,1,10,1999,1,13,2,1
"31199","201601PY20345",2,9,0,9,0,8,0,0,0,0,3,1,6,2,8,1240,1,7,7,1
"31200","201601PY20346",1,9,0,18,0,8,0,0,0,0,4,1,6,1,9,1997,1,4,9,1
"31201","201601PY20347",1,1,0,18,0,8,0,0,0,0,3,1,6,1,7,-1,-1,-1,7,1
"31202","201601PY20347",2,9,0,15,0,8,0,0,0,0,4,1,6,1,8,-1,-1,-1,5,1
"31203","201601PY20348",1,9,0,4,0,8,0,0,0,0,2,1,6,1,7,1998,2,10,6,1
"31204","201601PY20348",2,8,0,18,0,8,0,0,0,0,1,1,6,1,-1,1968,2,6,7,1
"31205","201601PY20349",1,20,0,18,0,0,0,0,0,0,2,1,1,1,5,-1,-1,-1,-1,-1
"31206","201601PY20349",2,3,0,18,0,0,0,0,0,0,1,1,1,1,8,108,1,3,5,1
"31207","201601PY20350",1,9,0,9,0,8,0,0,0,0,1,1,6,2,5,1229,1,11,-1,-1
"31208","201601PY20350",2,9,0,18,0,8,0,0,0,0,4,1,6,1,4,973,1,15,9,1
"31209","201601PY20351",1,9,0,9,0,8,0,0,0,0,3,1,6,2,10,1390,1,1,9,1
"31210","201601PY20351",2,4,0,18,0,8,0,0,0,0,1,1,6,1,4,124,1,-1,1,1
"31211","201601PY20352",1,1,0,18,0,8,0,0,0,0,2,1,6,2,8,-1,-1,-1,10,1
"31212","201601PY20352",2,9,0,15,0,8,0,0,0,0,4,1,6,1,-1,-1,-1,-1,-1,-1
"312131","201601PY20353",1,20,0,18,0,8,0,0,0,0,1,1,6,1,8,-1,-1,-1,1,1
"312141","201601PY20353",2,9,0,9,0,8,0,0,0,0,4,1,6,1,-1,-1,-1,-1,7,1
"31215","201601PY20354",1,9,0,9,0,8,0,0,0,0,4,1,6,1,-1,1364,1,10,8,1
"31216","201601PY20355",1,3,0,18,0,8,0,0,0,0,1,1,6,1,5,125,1,9,5,1
"31217","201601PY20355",2,9,0,6,0,8,0,0,0,0,3,1,6,1,-1,1398,1,4,-1,-1
"31218","201601PY20356",1,9,0,5,0,0,0,0,0,0,3,1,6,1,8,1995,2,9,4,1
"31219","201601PY20356",2,1,0,18,0,0,0,0,0,0,1,1,6,1,8,-1,-1,-1,7,1
"31220","201601PY20357",1,3,0,18,0,8,0,0,0,0,1,1,6,1,6,125,1,-1,7,1
"31221","201601PY20357",2,9,0,9,0,8,0,0,0,0,3,1,6,1,10,-1,-1,-1,4,1
"31222","201601PY20358",1,9,0,18,0,8,0,0,0,0,1,1,6,2,6,1598,1,8,2,1
"312231","201601PY20358",2,1,0,18,0,8,0,0,0,0,4,1,6,1,6,-1,-1,-1,6,1
"312241","201601PY20359",1,9,0,18,0,0,5,10,1,0,1,1,3,1,8,2401,2,9,5,1
"31225","201601PY20359",2,19,0,18,0,0,0,0,0,0,2,1,6,1,-1,1560,2,8,-1,-1
"31226","201601PY20360",1,19,0,18,0,0,0,10,0,0,3,1,6,1,7,1998,2,12,2,1
"312271","201601PY20360",2,19,0,18,0,0,0,0,0,0,3,1,6,1,8,1753,2,13,8,1
"312281","201601PY20361",1,9,0,18,0,0,1,0,0,0,1,1,1,1,7,1995,1,14,2,1
"312291","201601PY20361",2,9,0,18,0,0,0,0,1,10,3,1,1,1,7,-1,-1,-1,-1,-1
"312301","201601PY20362",1,11,0,4,0,1,0,0,0,0,0,1,1,1,6,4461,2,3,3,1
"312311","201601PY20363",1,9,0,18,0,2,0,0,0,0,4,1,2,1,5,1149,1,2,4,1
"312321","201601PY20363",2,9,0,5,0,1,0,0,0,0,1,1,2,1,5,1399,1,8,-1,-1
"312331","201601PY20364",1,9,0,18,0,2,0,10,1,10,4,1,2,1,5,1364,1,7,6,1
"312341","201601PY20364",2,9,0,4,0,2,0,0,0,0,3,1,1,1,8,1797,8,6,10,1
"312351","201601PY20365",1,9,0,3,0,1,0,0,0,0,2,1,6,1,10,-1,-1,-1,1,1
"312361","201601PY20365",2,9,0,18,0,1,0,0,0,0,1,1,6,3,-1,1560,2,1,-1,-1
"312371","201601PY20366",1,1,0,18,0,8,0,0,0,0,1,1,6,1,6,-1,-1,-1,4,1
"312381","201601PY20366",2,9,0,9,0,8,0,0,0,0,3,1,6,1,-1,-1,-1,-1,-1,-1
"312391","201601PY20367",1,9,0,8,0,1,0,0,0,0,2,1,6,2,7,1229,1,2,2,1
"312401","201601PY20367",2,9,0,18,0,1,0,0,0,0,1,1,6,1,-1,-1,-1,-1,-1,-1
"312411","201601PY20368",1,11,0,4,0,8,0,0,0,0,0,1,1,1,-1,6370,2,4,-1,-1
"312451","201601PY20371",1,3,0,18,0,0,0,0,0,0,4,1,1,1,5,108,1,-1,10,1
"312461","201601PY20371",2,9,0,5,0,0,0,0,0,0,3,1,1,1,8,1998,1,14,-1,-1
"312471","201601PY20373",1,9,0,4,0,1,0,0,0,0,2,1,6,2,5,1796,1,2,1,1
"312481","201601PY20373",2,9,0,18,0,1,0,0,0,0,1,1,6,2,10,-1,-1,-1,8,1
"312491","201601PY20374",1,9,0,18,0,0,0,0,0,0,1,1,1,1,9,1956,2,1,9,1
"312501","201601PY20374",2,5,0,9,0,0,0,0,0,0,4,1,6,1,6,-1,-1,-1,1,1