"","Acc_Index","Vehicle_Reference","Vehicle_Type","Towing_and_Articulation","Vehicle_Manoeuvre","Vehicle_Location.Restricted_Lane","Junction_Location","Skidding_and_Overturning","Hit_Object_in_Carriageway","Vehicle_Leaving_Carriageway","Hit_Object_off_Carriageway","X1st_Point_of_Impact","Was_Vehicle_Left_Hand_Drive","Journey_Purpose_of_Driver","Sex_of_Driver","Age_Band_of_Driver","Engine_Capacity_.CC.","Propulsion_Code","Age_of_Vehicle","Driver_IMD_Decile","Driver_Home_Area_Type"
"312511","201601PY20376",1,9,0,18,0,0,0,0,0,0,3,1,6,1,9,1762,1,16,1,1
"312521","201601PY20377",1,9,0,18,0,8,1,4,3,10,1,1,6,1,4,1590,1,15,8,1
"312531","201601PY20377",2,9,0,2,0,8,0,0,0,0,3,1,6,1,6,999,1,5,7,1
"312541","201601PY20377",3,9,0,2,0,8,0,0,0,0,2,1,1,2,5,1399,2,5,10,1
"312551","201601PY20378",1,9,0,4,0,2,0,0,0,0,1,1,6,2,7,2148,2,11,-1,-1
"312561","201601PY20378",2,9,0,4,0,2,0,0,0,0,2,1,6,2,6,-1,-1,-1,10,1
"312571","201601PY20380",1,90,0,1,0,0,0,0,0,0,2,1,1,1,8,2800,2,14,4,1
"312581","201601PY20381",1,9,0,5,0,8,0,0,7,0,1,1,6,1,11,1968,2,11,8,1
"312591","201601PY20383",1,9,0,1,0,8,0,0,0,0,2,1,6,2,7,1199,1,15,1,1
"312601","201601PY20384",1,9,0,9,0,0,0,0,0,0,1,1,6,2,8,2143,2,1,10,1
"312611","201601PY20384",2,1,0,18,0,0,0,0,0,0,3,1,6,1,7,-1,-1,-1,3,1
"312621","201601PY20385",1,9,0,4,0,1,0,0,0,0,3,1,6,1,6,1582,2,1,7,1
"312631","201601PY20385",2,9,0,18,0,2,0,0,0,0,3,1,6,1,9,2685,2,12,3,1
"312641","201601PY20386",1,9,0,9,0,8,0,0,0,0,3,1,2,1,6,1598,1,6,5,1
"312651","201601PY20386",2,3,0,13,0,8,0,0,0,0,1,1,2,1,6,-1,-1,-1,-1,-1
"312661","201601PY20388",1,9,0,9,0,8,0,0,0,0,3,1,1,2,4,-1,-1,-1,10,1
"312671","201601PY20388",2,9,5,18,0,8,0,0,0,0,1,1,2,2,5,1242,1,-1,9,1
"312681","201601PY20389",1,9,0,9,0,8,0,0,0,0,1,1,6,1,10,1995,1,7,7,1
"312691","201601PY20389",2,3,0,18,0,8,0,0,0,0,4,1,6,1,5,124,1,-1,10,1
"312701","201601PY20390",1,9,0,5,0,8,0,0,0,0,3,1,6,2,10,2698,2,8,7,1
"312711","201601PY20390",2,3,0,5,0,8,0,0,0,0,3,1,6,1,5,124,1,4,3,1
"312721","201601PY20391",1,4,0,18,0,1,0,0,0,0,4,1,6,1,5,398,1,26,3,1
"312731","201601PY20392",1,9,0,4,0,8,0,0,0,0,2,1,6,2,6,1798,1,6,10,1
"312741","201601PY20392",2,9,0,18,0,8,0,0,0,0,1,1,6,2,-1,1397,1,5,-1,-1
"312751","201601PY20393",1,9,0,4,0,1,0,0,0,0,3,1,2,1,8,1398,1,-1,2,1
"312761","201601PY20394",1,9,0,18,0,1,0,0,0,0,4,1,6,2,-1,2000,2,12,10,1
"312771","201601PY20394",2,9,0,7,0,2,0,0,0,0,1,1,6,1,8,2987,2,3,7,1
"312781","201601PY20395",1,9,0,18,0,0,1,0,0,0,2,1,6,2,8,1598,1,1,8,1
"312791","201601PY20395",2,9,0,18,0,0,1,0,0,0,1,1,6,2,6,-1,-1,-1,9,1
"312801","201601PY20396",1,2,0,18,0,0,0,0,0,0,3,1,6,1,8,1050,1,4,-1,-1
"312811","201601PY20396",2,9,0,15,0,0,0,0,0,0,4,1,6,2,-1,1390,1,5,9,1
"312821","201601PY20397",1,1,0,18,0,2,0,0,0,0,3,1,6,2,6,-1,-1,-1,3,1
"312831","201601PY20397",2,19,0,18,0,1,0,0,0,0,3,1,6,1,-1,2198,2,2,-1,-1
"312841","201601PY20398",1,5,0,18,0,8,0,0,0,0,1,1,6,1,6,883,1,-1,1,1
"312851","201601PY20398",2,9,0,4,0,8,0,0,0,0,2,1,6,1,-1,-1,-1,-1,-1,-1
"312861","201601PY20399",1,9,0,18,0,0,0,0,0,0,4,1,6,2,8,-1,-1,-1,8,1
"312871","201601PY20400",1,9,0,18,0,1,0,0,0,0,1,1,6,2,6,3199,1,14,8,1
"312881","201601PY20400",2,9,0,7,0,1,0,0,0,0,4,1,6,1,8,1997,1,5,7,1
"312891","201601PY20401",1,3,0,9,0,2,0,4,0,0,1,1,6,1,6,125,1,-1,7,1
"312901","201601PY20401",2,9,0,2,0,2,0,0,0,0,3,1,6,1,6,-1,-1,-1,6,1
"312911","201601PY20401",3,9,0,2,0,2,0,0,0,0,4,1,6,1,7,1560,2,6,8,1
"312921","201601PY20402",1,9,0,18,0,8,0,0,0,0,1,1,6,1,5,1995,2,4,2,1
"312931","201601PY20402",2,9,0,18,0,8,0,0,0,0,4,1,6,1,-1,-1,-1,-1,-1,-1
"312941","201601PY20403",1,9,0,18,0,8,0,0,0,0,4,1,6,2,8,1397,1,8,10,1
"312951","201601PY20404",1,9,0,7,0,8,0,0,0,0,4,1,6,2,11,1598,1,11,9,1
"312961","201601PY20405",1,9,0,9,0,8,0,0,0,0,4,1,6,2,11,-1,-1,-1,10,1
"312971","201601PY20405",2,1,0,4,0,8,0,0,0,0,1,1,6,1,8,-1,-1,-1,9,1
"312981","201601PY20406",1,9,0,18,0,0,0,0,0,0,2,1,6,2,6,1242,1,10,9,1
"312991","201601PY20406",2,9,0,18,0,0,0,0,0,0,1,1,6,1,8,1560,2,4,-1,-1
"313001","201601PY20407",1,11,0,5,0,8,0,0,0,0,4,1,1,1,8,1968,2,4,9,1
"313011","201601PY20408",1,9,0,18,9,5,0,0,0,0,1,1,6,1,-1,1596,1,9,-1,-1
"313021","201601PY20410",1,9,0,18,0,0,0,0,7,10,1,1,6,2,4,1390,1,5,2,1
"313031","201601PY20411",1,9,0,18,0,0,0,4,0,0,1,1,6,1,4,1598,1,13,9,1
"313041","201601PY20411",2,9,0,2,0,0,0,4,0,0,2,1,6,1,8,1248,2,4,3,1
"313051","201601PY20411",3,9,0,2,0,0,0,0,0,0,2,1,6,1,-1,-1,-1,-1,-1,-1
"313061","201601PY20412",1,9,0,4,0,0,0,0,0,0,2,1,1,1,5,-1,-1,-1,6,1
"313071","201601PY20412",2,1,0,18,0,0,0,0,0,0,1,1,6,1,4,-1,-1,-1,10,1
"313081","201601PY20413",1,9,0,9,0,8,0,0,0,0,3,1,6,1,6,1910,2,8,5,1
"313091","201601PY20413",2,3,0,18,0,8,0,0,0,0,1,1,6,1,6,124,1,16,2,1
"313101","201601PY20414",1,19,0,4,0,0,0,0,0,0,1,1,1,2,7,2143,2,3,3,1
"313111","201601PY20414",2,3,0,18,0,0,0,0,0,0,4,1,6,1,4,-1,-1,-1,3,1
"313121","201601PY20415",1,9,0,5,0,8,0,0,0,0,4,1,6,1,6,999,1,4,2,1
"313131","201601PY20415",2,1,0,5,0,8,0,0,0,0,3,1,6,1,9,-1,-1,-1,10,1
"313141","201601PY20416",1,9,0,9,0,8,0,0,0,0,3,1,6,1,7,1997,2,11,8,1
"313151","201601PY20416",2,3,0,15,0,8,0,0,0,0,1,1,6,1,5,108,1,-1,2,1
"313161","201601PY20417",1,9,0,18,0,0,0,0,0,0,1,1,3,2,5,2698,2,8,8,1
"313171","201601PY20417",2,19,0,4,0,0,0,0,0,0,2,1,1,1,7,-1,-1,-1,-1,-1
"313181","201601PY20418",1,9,0,5,0,8,0,0,0,0,4,1,6,1,4,998,1,19,9,1
"313191","201601PY20418",2,11,0,18,0,8,0,0,0,0,3,1,1,1,7,6370,2,7,2,1
"313201","201601PY20418",3,9,0,9,0,8,0,0,0,0,1,1,6,2,5,-1,-1,-1,3,1
"313211","201601PY20419",1,9,0,18,0,8,0,10,1,4,1,1,6,1,7,1364,1,3,8,1
"313221","201601PY20420",1,9,0,18,0,8,0,4,0,0,1,1,6,2,11,1399,1,10,9,1
"313231","201601PY20420",2,9,0,2,0,8,0,0,0,0,4,1,6,1,-1,-1,-1,-1,-1,-1
"313241","201601PY20422",1,11,0,9,0,8,0,0,0,0,0,1,1,2,6,-1,-1,-1,3,1
"313251","201601PY20423",1,9,0,9,0,8,0,0,0,0,3,1,6,2,6,1560,2,2,-1,-1
"313261","201601PY20423",2,9,0,18,0,8,0,0,0,0,1,1,6,2,7,1686,2,12,2,1
"313271","201601PY20424",1,1,0,18,0,8,0,4,0,0,1,1,6,1,6,-1,-1,-1,2,1
"313281","201601PY20424",2,9,0,2,0,8,0,0,0,0,2,1,6,1,-1,1339,1,11,1,1
"313291","201601PY20425",1,9,0,9,0,8,0,0,0,0,3,1,6,1,10,2143,2,1,8,1
"313301","201601PY20425",2,1,0,18,0,8,0,0,0,0,1,1,6,1,-1,-1,-1,-1,10,1
"313311","201601PY20426",1,11,0,2,0,8,0,0,0,0,0,1,1,1,8,6700,2,4,2,1
"313321","201601PY20427",1,9,0,4,0,8,0,0,0,0,2,1,6,1,7,1461,2,-1,6,1
"313331","201601PY20427",2,9,0,18,0,8,0,0,0,0,1,1,6,1,6,1956,2,4,-1,-1
"313341","201601PY20428",1,9,0,18,0,8,0,0,0,0,3,1,6,1,8,1896,2,9,2,1
"313351","201601PY20428",2,9,0,18,0,8,0,0,0,0,1,1,6,2,6,1595,1,15,10,1
"313361","201601PY20429",1,9,0,18,0,2,2,7,1,0,1,1,6,1,7,1560,2,8,9,1
"313371","201601PY20430",1,9,0,4,0,0,0,0,0,0,2,1,6,2,5,1388,1,12,10,1
"313381","201601PY20430",2,19,0,4,0,0,0,0,0,0,2,1,6,1,7,1968,2,2,2,1
"313393","201601PY20430",3,9,0,18,0,0,0,0,0,0,1,1,6,1,7,1969,2,1,9,1
"313402","201601PY20431",1,19,0,8,0,8,0,0,0,0,1,1,6,1,6,-1,-1,-1,2,1
"313411","201601PY20431",2,9,0,9,0,8,0,0,0,0,3,1,6,1,-1,-1,-1,-1,6,1
"313421","201601PY20432",1,9,0,18,0,8,0,4,0,0,3,1,6,1,5,1591,1,1,7,1
"313431","201601PY20432",2,9,0,2,0,8,0,0,0,0,3,1,6,2,9,1598,1,14,9,1
"313441","201601PY20432",3,9,0,18,0,8,0,0,0,0,3,1,6,1,8,-1,-1,-1,8,1
"313451","201601PY20433",1,9,0,18,0,8,0,0,0,0,4,1,6,2,5,1398,1,3,8,1
"313461","201601PY20433",2,9,0,7,0,8,0,0,0,0,1,1,6,1,-1,-1,-1,-1,-1,-1
"313471","201601PY20435",1,9,0,6,0,0,0,10,0,0,1,1,6,1,5,1229,1,4,7,1
"313481","201601PY20436",1,9,0,18,0,8,0,0,0,0,1,1,6,2,6,1199,1,15,7,1
"313491","201601PY20436",2,9,0,9,0,8,0,0,0,0,4,1,6,1,-1,-1,-1,-1,-1,-1
"313502","201601PY20437",1,9,0,18,0,8,0,7,0,0,1,1,6,1,11,1840,1,15,7,1
"313511","201601PY20438",1,9,0,18,0,8,0,0,0,0,4,1,6,1,-1,-1,-1,-1,3,1
"313521","201601PY20438",2,1,0,18,0,8,0,0,0,0,3,1,6,1,6,-1,-1,-1,-1,-1
"313531","201601PY20439",1,9,0,7,0,8,0,10,1,10,4,1,6,2,-1,-1,-1,-1,4,1
"313541","201601PY20439",2,9,0,18,0,8,0,0,0,0,3,1,6,2,7,1997,2,9,9,1
"313551","201601PY20440",1,9,0,9,0,8,0,0,0,0,3,1,6,1,-1,999,1,8,2,1
"313561","201601PY20440",2,1,0,18,0,8,0,0,0,0,1,1,6,2,6,-1,-1,-1,-1,-1
"313571","201601PY20441",1,9,0,18,0,0,0,0,0,0,1,1,6,1,5,2987,2,10,7,1
"313581","201601PY20441",2,9,0,2,0,0,0,0,0,0,2,1,6,1,-1,-1,-1,-1,-1,-1
"313591","201601PY20443",1,9,0,4,0,8,0,0,0,0,2,1,6,1,9,1198,1,8,2,1
"313601","201601PY20443",2,11,0,4,0,8,0,0,0,0,1,1,1,1,6,4500,2,5,3,1
"313611","201601PY20446",1,9,0,4,0,0,0,0,0,0,2,1,6,2,5,1598,1,8,5,1
"313621","201601PY20446",2,9,0,18,0,0,0,0,0,0,1,1,6,1,-1,1242,1,5,5,1
"313631","201601PY20447",1,20,0,4,0,8,0,0,0,0,2,1,6,1,6,-1,-1,-1,7,1
"313641","201601PY20447",2,9,0,4,0,8,0,0,0,0,2,1,6,1,5,-1,-1,-1,2,1
"313651","201601PY20447",3,9,0,18,0,8,0,0,0,0,1,1,6,1,5,-1,-1,-1,2,1
"313661","201601PY20448",1,9,0,7,0,8,0,0,0,0,4,1,6,2,9,1598,1,14,3,1
"31367","201601PY20448",2,1,0,18,0,8,0,0,0,0,1,1,6,1,-1,-1,-1,-1,7,1
"313681","201601PY20449",1,9,0,15,0,8,0,0,0,0,4,1,6,1,6,1997,1,17,3,1
"313691","201601PY20449",2,5,0,18,0,8,0,0,0,0,3,1,6,1,6,748,1,11,3,1
"313701","201601PY20450",1,9,0,18,0,8,0,0,0,0,1,1,6,2,8,3456,8,7,9,1
"313711","201601PY20450",2,1,0,9,0,8,0,0,0,0,4,1,6,1,7,-1,-1,-1,8,1
"313721","201601PY20452",1,9,0,18,0,8,0,0,0,0,3,1,6,2,7,1798,1,7,7,1
"313731","201601PY20452",2,9,0,9,0,8,0,0,0,0,4,1,6,1,-1,1598,1,8,4,1
"313741","201601PY20453",1,9,0,2,0,8,0,0,0,0,2,1,6,1,7,-1,-1,-1,4,1
"313751","201601PY20453",2,9,0,15,0,8,0,4,0,0,4,1,6,1,6,-1,-1,-1,-1,-1
"313761","201601PY20454",1,1,0,18,9,2,0,0,0,0,1,1,6,1,3,-1,-1,-1,10,1
"313771","201601PY20454",2,9,0,1,0,6,0,0,0,0,2,1,6,2,-1,1995,2,8,10,1
"313782","201601PY20455",1,9,0,4,0,8,0,0,0,0,2,1,6,1,7,1242,1,12,5,1
"313792","201601PY20455",2,1,0,4,0,8,0,0,0,0,1,1,6,1,6,-1,-1,-1,3,1
"313801","201601PY20457",1,9,0,9,0,8,0,0,0,0,4,1,6,2,8,1590,1,15,6,1
"313811","201601PY20457",2,1,0,18,0,8,0,0,0,0,1,1,6,1,7,-1,-1,-1,10,1
"313821","201601PY20458",1,9,0,6,0,8,0,0,0,0,4,1,6,1,10,-1,-1,-1,1,1
"313832","201601PY20458",2,19,0,9,0,8,0,0,0,0,1,1,6,1,6,-1,-1,-1,10,1
"313842","201601PY20459",1,9,0,18,0,8,0,0,0,0,1,1,1,1,6,-1,-1,-1,-1,-1
"313852","201601PY20459",2,9,0,9,0,8,0,0,0,0,4,1,6,1,7,-1,-1,-1,4,1
"313861","201601PY20461",1,9,0,4,0,0,0,0,0,0,1,1,6,2,7,2995,8,5,3,1
"313872","201601PY20461",2,9,0,4,0,0,0,0,0,0,2,1,6,2,-1,1598,1,15,4,1
"313881","201601PY20462",1,9,0,4,0,8,0,0,0,0,2,1,6,1,8,1198,1,2,-1,-1
"313891","201601PY20462",2,9,0,4,0,8,0,0,0,0,1,1,6,1,-1,998,1,16,2,1
"313901","201601PY20463",1,19,0,4,0,0,0,0,0,0,1,1,6,1,9,2151,2,14,7,1
"313911","201601PY20463",2,1,0,18,0,0,0,0,0,0,3,1,6,2,6,-1,-1,-1,4,1
"313922","201601PY20465",1,9,0,4,0,8,0,0,0,0,2,1,6,1,6,1995,1,13,5,1
"313932","201601PY20465",2,9,0,4,0,8,0,0,0,0,1,1,6,1,8,1968,2,11,-1,-1
"313942","201601PY20466",1,9,0,18,0,0,0,10,1,2,1,1,6,2,8,1364,1,9,9,1
"313952","201601PY20467",1,9,0,18,3,8,0,0,0,0,1,1,6,1,6,1796,1,8,4,1
"313961","201601PY20467",2,9,0,9,0,8,0,0,0,0,4,1,6,1,-1,999,1,1,9,1
"313981","201601PY20469",1,9,0,18,0,2,0,0,0,0,3,1,1,1,6,1461,2,1,8,1
"313991","201601PY20469",2,9,0,18,0,1,0,0,0,0,3,1,6,2,6,1499,1,-1,3,1
"314002","201601PY20470",1,9,0,17,0,0,0,0,1,10,1,1,6,1,11,-1,-1,-1,4,1
"314011","201601PY20471",1,9,0,18,0,8,0,0,0,0,4,1,6,1,8,1685,2,-1,7,1
"314021","201601PY20472",1,9,0,4,0,8,0,0,0,0,2,1,6,1,-1,2488,2,4,8,1
"314031","201601PY20472",2,9,0,18,0,8,0,0,0,0,1,1,6,2,8,1242,1,3,10,1
"314041","201601PY20474",1,3,0,4,0,0,0,0,0,0,1,1,6,1,4,125,1,6,2,1
"314051","201601PY20474",2,20,0,4,0,0,0,0,0,0,2,1,6,1,10,-1,-1,-1,6,1
"314092","201601PY20477",1,9,0,18,0,8,0,0,0,0,1,1,6,1,-1,1497,8,5,-1,-1
"314101","201601PY20477",2,3,0,4,0,8,0,0,0,0,2,1,6,1,8,689,1,-1,10,1
"314111","201601PY20478",1,1,0,8,0,8,0,0,0,0,2,1,6,2,9,-1,-1,-1,10,1
"314121","201601PY20478",2,19,0,18,0,8,0,0,0,0,1,1,6,1,-1,2198,2,6,9,1
"314132","201601PY20479",1,9,0,18,0,8,0,0,0,0,3,1,6,2,5,-1,-1,-1,9,1
"314141","201601PY20479",2,9,0,7,0,8,0,0,0,0,1,1,6,1,-1,-1,-1,-1,-1,-1
"314151","201601PY20481",1,9,0,18,0,8,0,11,0,0,1,1,6,2,5,1397,1,9,8,1
"314161","201601PY20482",1,9,0,7,0,8,0,0,0,0,3,1,6,3,-1,-1,-1,-1,-1,-1
"314171","201601PY20483",1,9,0,18,0,8,0,0,0,0,1,1,6,1,6,1587,1,12,6,1
"314182","201601PY20483",2,9,0,18,0,8,0,0,0,0,4,1,6,2,8,2496,1,13,7,1
"314191","201601PY20484",1,9,0,18,0,8,0,0,0,0,1,1,6,1,9,-1,-1,-1,-1,-1
"314201","201601PY20484",2,19,0,9,0,8,0,0,0,0,3,1,6,1,8,2464,2,7,-1,-1
"314211","201601PY20486",1,9,0,18,0,8,0,0,0,0,2,1,6,1,10,1591,1,3,10,1
"314221","201601PY20486",2,9,0,18,0,8,0,0,0,0,1,1,6,3,-1,1560,2,10,-1,-1
"31423","201601PY20487",1,1,0,18,0,0,0,0,0,0,1,1,6,1,4,-1,-1,-1,9,1
"31424","201601PY20487",2,9,0,1,0,0,0,0,0,0,2,1,6,1,-1,1998,1,19,-1,-1
"314252","201601PY20489",1,9,0,18,0,8,0,0,0,0,0,1,2,1,6,2969,2,10,4,1
"314261","201601PY20489",2,1,0,18,0,8,0,0,0,0,1,1,2,1,8,-1,-1,-1,10,1
"314271","201601PY20490",1,5,0,18,0,8,0,0,0,0,1,1,6,1,6,1050,1,5,-1,-1
"314281","201601PY20490",2,9,0,18,0,8,0,0,0,0,3,1,6,1,-1,-1,-1,-1,-1,-1
"314291","201601PY20491",1,9,0,17,0,0,0,0,0,0,4,1,6,1,7,2493,1,12,1,1
"314301","201601PY20492",1,9,0,9,0,8,0,0,0,0,1,1,6,1,8,1984,1,-1,10,1
"314311","201601PY20492",2,9,0,18,0,8,0,10,7,10,4,1,6,2,10,1240,1,9,-1,-1
"314322","201601PY20493",1,9,0,18,0,0,0,4,0,0,4,1,6,1,5,-1,-1,-1,8,3
"314331","201601PY20493",2,9,0,2,0,0,0,0,0,0,3,1,6,3,-1,-1,-1,-1,-1,-1
"314341","201601PY20494",1,9,0,18,0,8,0,0,0,0,1,1,6,2,7,2993,2,3,8,1
"314351","201601PY20494",2,9,0,7,0,8,0,0,0,0,3,1,6,2,6,999,1,-1,7,1
"314361","201601PY20495",1,9,0,9,0,8,0,0,0,0,1,1,1,1,7,1995,2,2,-1,-1
"314371","201601PY20495",2,9,0,7,0,8,0,0,0,0,4,1,1,1,-1,1598,1,13,-1,-1
"314381","201601PY20496",1,9,0,7,0,8,0,0,0,0,0,1,1,2,6,-1,-1,-1,3,1
"314391","201601PY20496",2,5,0,9,0,8,0,0,0,0,1,1,6,2,9,125,1,5,-1,-1
"314401","201601PY20497",1,2,0,18,0,8,0,0,0,0,1,1,6,1,4,125,1,15,4,1
"314411","201601PY20497",2,9,0,18,0,8,0,0,0,0,1,1,6,1,11,1591,1,5,10,1
"314421","201601PY20498",1,9,0,18,0,8,0,0,0,0,4,1,6,1,6,2494,2,2,1,3
"314431","201601PY20500",1,9,0,9,0,0,0,0,0,0,1,1,6,2,4,2495,2,12,4,1
"314441","201601PY20500",2,9,0,18,0,0,0,0,0,0,1,1,6,2,-1,1596,1,10,-1,-1
"314451","201601PY20501",1,9,0,18,0,8,0,0,0,0,0,1,6,1,11,1329,1,7,8,1
"314461","201601PY20502",1,9,0,18,0,8,0,0,0,0,1,1,6,1,5,1686,2,12,9,1
"314471","201601PY20502",2,9,0,18,0,8,0,0,0,0,4,1,6,1,4,1364,1,11,4,1
"314481","201601PY20503",1,9,0,9,0,8,0,0,0,0,4,1,2,1,8,-1,-1,-1,2,1
"314491","201601PY20503",2,5,0,13,0,8,0,0,0,0,1,1,1,1,-1,599,1,8,-1,-1
"314501","201601PY20504",1,1,0,18,0,8,0,0,0,0,4,1,6,1,8,-1,-1,-1,2,1
"314511","201601PY20504",2,19,0,9,0,8,0,0,0,0,3,1,6,1,-1,2198,2,1,-1,-1
"314521","201601PY20505",1,9,0,4,0,0,0,0,0,0,2,1,6,2,4,1086,1,12,2,1
"314531","201601PY20505",2,9,0,18,0,0,0,0,0,0,1,1,6,1,8,-1,-1,-1,6,1
"314541","201601PY20506",1,9,0,18,0,1,0,0,0,0,1,1,6,2,7,1997,2,12,2,1
"314551","201601PY20506",2,5,0,18,0,1,0,0,0,0,1,1,6,1,6,-1,-1,-1,3,1
"314561","201601PY20507",1,3,0,18,0,8,0,0,0,0,1,1,6,1,7,125,1,1,4,1
"314572","201601PY20507",2,1,0,9,0,8,0,0,0,0,2,1,6,1,3,-1,-1,-1,8,1
"31458","201601PY20508",1,9,0,18,0,0,0,0,0,0,1,1,6,1,5,1679,1,15,9,1
"314591","201601PY20508",2,9,0,2,0,0,0,0,0,0,2,1,6,3,-1,-1,-1,-1,-1,-1
"314601","201601PY20509",1,9,0,9,0,8,0,0,0,0,3,1,6,2,6,1199,2,4,5,1
"314611","201601PY20509",2,9,0,9,0,8,0,0,0,0,1,1,6,3,-1,-1,-1,-1,-1,-1
"314621","201601PY20510",1,1,0,17,0,8,0,0,0,0,1,1,6,1,-1,-1,-1,-1,-1,-1
"314631","201601PY20510",2,9,0,9,0,8,0,0,0,0,3,1,6,1,-1,-1,-1,-1,-1,-1
"314641","201601PY20511",1,9,0,9,0,8,0,0,0,0,4,1,6,2,5,1368,1,6,5,1
"314651","201601PY20512",1,3,0,18,0,1,0,0,0,0,0,1,6,2,6,125,1,-1,1,1
"314661","201601PY20513",1,9,0,4,0,8,0,0,0,0,2,1,6,1,6,2987,2,2,5,1
"314671","201601PY20513",2,9,0,18,0,8,0,0,0,0,1,1,6,1,-1,1596,1,15,-1,-1
"314681","201601PY20514",1,9,0,9,0,8,0,0,0,0,3,1,6,2,8,1896,2,10,4,1
"314691","201601PY20514",2,9,0,18,0,8,0,0,0,0,2,1,6,1,-1,1956,2,4,8,1
"314702","201601PY20515",1,9,0,7,0,8,0,0,0,0,3,1,6,2,7,2143,12,3,6,1
"314712","201601PY20515",2,9,0,18,0,8,0,0,0,0,1,1,6,2,7,1598,1,11,6,1
"314721","201601PY20516",1,9,0,18,0,0,5,10,0,0,1,1,6,1,5,1229,1,10,9,1
"314732","201601PY20516",2,9,0,2,0,0,0,0,0,0,4,1,6,1,7,-1,-1,-1,1,1
"314742","201601PY20518",1,9,0,18,0,0,0,7,0,0,3,1,6,2,5,1399,2,11,9,1
"314751","201601PY20520",1,9,0,9,0,8,0,0,0,0,4,1,6,2,7,2143,2,2,10,1
"314762","201601PY20520",2,1,0,18,0,8,0,0,0,0,1,1,6,1,-1,-1,-1,-1,-1,-1
"314772","201601PY20521",1,11,0,4,0,8,0,0,0,0,0,1,1,1,-1,-1,-1,-1,-1,-1
"314782","201601PY20522",1,9,0,18,0,8,0,0,0,0,1,1,6,1,5,1998,1,14,1,1
"314792","201601PY20522",2,9,0,18,0,8,0,0,0,0,3,1,6,1,9,-1,-1,-1,3,1
"314802","201601PY20523",1,9,0,3,0,8,0,0,0,0,2,1,6,2,4,1197,1,1,6,1
"314812","201601PY20523",2,9,0,18,0,8,0,0,0,0,1,1,6,1,-1,1984,1,14,-1,-1
"314822","201601PY20524",1,9,0,18,0,8,0,0,0,0,1,1,6,2,8,1998,1,9,2,1
"314832","201601PY20524",2,9,0,4,0,8,0,0,0,0,2,1,6,2,6,1149,1,13,4,1
"314842","201601PY20524",3,21,0,3,0,8,0,0,0,0,2,1,1,1,7,-1,-1,-1,4,1
"314852","201601PY20525",1,9,0,16,0,0,0,0,0,0,3,1,6,2,6,1956,2,6,6,1
"314862","201601PY20525",2,9,0,17,0,0,0,0,0,0,3,1,6,1,10,1596,1,14,4,1
"314872","201601PY20526",1,9,0,18,0,8,0,4,0,0,4,1,6,2,11,-1,-1,-1,8,1
"314882","201601PY20526",2,9,0,2,0,8,0,0,0,0,3,1,6,2,7,1984,1,13,8,1
"314892","201601PY20527",1,9,0,3,0,8,0,0,0,0,2,1,6,1,6,3199,1,15,8,1
"314902","201601PY20527",2,9,0,18,0,8,0,0,0,0,1,1,6,1,7,1796,2,4,1,1
"314912","201601PY20528",1,9,0,9,0,8,0,0,0,0,4,1,6,1,7,1995,2,7,9,1
"314922","201601PY20528",2,9,0,18,0,8,0,0,0,0,1,1,6,1,6,1995,2,11,8,1
"314932","201601PY20529",1,3,0,18,0,8,0,10,0,0,4,1,6,1,7,125,1,1,1,1
"314942","201601PY20530",1,9,0,3,0,0,0,0,0,0,2,1,6,1,6,1197,1,-1,10,1
"314952","201601PY20530",2,9,0,4,0,0,0,0,0,0,1,1,6,1,-1,1598,1,14,-1,-1
"314962","201601PY20531",1,9,0,9,0,8,0,0,0,0,4,1,6,1,4,1398,1,-1,9,1
"314972","201601PY20531",2,9,0,18,0,8,0,0,0,0,1,1,6,1,4,1398,1,1,10,1
"314982","201601PY20532",1,9,0,9,0,8,0,0,0,0,2,1,6,1,6,1395,1,2,6,1
"314992","201601PY20532",2,9,0,18,0,8,0,0,0,0,1,1,6,1,8,1329,1,-1,2,1
"315002","201601PY20533",1,9,0,18,0,0,0,7,0,0,1,1,6,2,6,1968,2,8,8,1
"315013","201601PY20534",1,9,0,9,0,0,0,0,0,0,3,1,6,2,5,899,1,1,8,1
"315023","201601PY20534",2,3,0,15,0,0,0,0,0,0,1,1,6,1,4,125,1,6,3,1
"315032","201601PY20535",1,9,0,18,0,1,0,0,0,0,1,1,6,2,8,1587,1,17,4,1
"315042","201601PY20535",2,9,0,4,0,8,0,0,0,0,2,1,6,2,7,1560,2,4,9,1
"315062","201601PY20537",1,3,0,18,0,8,0,0,0,0,1,1,6,1,5,599,1,4,8,1
"315073","201601PY20537",2,9,0,9,0,8,0,0,0,0,4,1,6,1,10,-1,-1,-1,9,1
"315082","201601PY20538",1,9,0,18,0,0,0,10,0,0,4,1,6,1,-1,-1,-1,-1,-1,-1
"315092","201601PY20540",1,8,0,18,0,8,0,0,0,0,1,1,6,1,8,2987,2,6,9,1