"","Acc_Index","Vehicle_Reference","Vehicle_Type","Towing_and_Articulation","Vehicle_Manoeuvre","Vehicle_Location.Restricted_Lane","Junction_Location","Skidding_and_Overturning","Hit_Object_in_Carriageway","Vehicle_Leaving_Carriageway","Hit_Object_off_Carriageway","X1st_Point_of_Impact","Was_Vehicle_Left_Hand_Drive","Journey_Purpose_of_Driver","Sex_of_Driver","Age_Band_of_Driver","Engine_Capacity_.CC.","Propulsion_Code","Age_of_Vehicle","Driver_IMD_Decile","Driver_Home_Area_Type"
"315102","201601PY20540",2,9,0,9,0,8,0,0,0,0,4,1,6,1,10,1984,1,16,1,1
"315112","201601PY20541",1,9,0,3,0,0,0,0,0,0,2,1,6,2,6,1587,1,13,2,1
"315122","201601PY20541",2,9,0,18,0,0,0,0,0,0,1,1,6,1,8,1598,1,15,10,1
"315131","201601PY20542",1,9,0,3,0,8,0,0,0,0,2,1,6,1,7,1596,1,4,8,1
"315141","201601PY20542",2,9,0,3,0,8,0,0,0,0,2,1,6,2,9,1499,1,1,-1,-1
"315152","201601PY20542",3,9,0,5,0,8,0,0,0,0,1,1,6,2,10,1598,2,-1,8,1
"315162","201601PY20542",4,9,0,3,0,8,0,0,0,0,2,1,6,1,9,1986,2,9,6,1
"315172","201601PY20543",1,9,0,18,0,8,0,0,0,0,2,1,6,1,6,1598,1,10,10,1
"315182","201601PY20543",2,3,0,5,0,8,0,0,0,0,0,1,6,1,5,124,1,8,8,1
"315192","201601PY20544",1,9,0,10,0,8,0,0,0,0,1,1,6,2,7,2993,2,10,10,1
"315202","201601PY20544",2,9,0,9,0,8,0,7,0,0,1,1,6,2,11,996,1,7,7,1
"315212","201601PY20545",1,9,0,9,0,8,0,0,0,0,4,1,6,2,5,1587,1,13,8,3
"315222","201601PY20545",2,9,0,18,0,8,0,0,0,0,1,1,6,2,5,999,1,9,7,1
"315232","201601PY20546",1,9,0,7,0,8,0,0,0,0,4,1,6,1,6,1995,2,6,9,1
"315242","201601PY20546",2,1,0,18,0,8,0,0,0,0,1,1,6,1,8,-1,-1,-1,7,1
"315252","201601PY20547",1,9,0,4,0,0,0,0,0,0,2,1,6,1,6,1598,1,10,2,1
"315262","201601PY20547",2,1,0,4,0,0,0,0,0,0,1,1,6,1,6,-1,-1,-1,2,1
"315272","201601PY20548",1,20,0,1,0,8,0,0,0,0,2,1,6,1,-1,-1,-1,-1,5,1
"315282","201601PY20558",1,9,0,18,0,0,0,0,0,0,2,1,6,2,8,1796,1,5,4,1
"315292","201601PY20558",2,9,0,18,0,0,0,0,0,0,2,1,6,3,-1,2179,2,8,-1,-1
"315302","201601PY20560",1,9,0,7,0,8,0,0,0,0,2,1,6,2,9,1198,1,4,10,1
"315312","201601PY20560",2,1,0,18,0,8,0,0,0,0,1,1,1,1,8,-1,-1,-1,5,1
"315322","201601PY20563",1,9,0,9,0,8,0,0,0,0,1,1,6,1,5,1598,1,8,6,1
"315332","201601PY20563",2,2,0,18,0,8,0,0,0,0,1,1,6,3,-1,-1,-1,-1,-1,-1
"315342","201601PY20563",3,9,0,18,0,8,0,0,0,0,1,1,6,2,8,1896,2,11,8,1
"315352","201601PY20567",1,9,0,18,0,8,0,0,0,0,1,1,6,2,5,1398,1,4,10,1
"315362","201601PY20567",2,9,0,9,0,8,0,0,0,0,3,1,6,2,10,-1,-1,-1,-1,-1
"315372","201601PY20573",1,9,0,7,0,8,0,0,0,0,1,1,6,1,6,2143,2,-1,10,1
"315382","201601PY20573",2,19,0,9,0,8,0,0,0,0,1,1,6,1,7,-1,-1,-1,-1,-1
"315392","201601PY20577",1,9,0,18,0,8,0,0,0,0,3,1,6,1,10,1598,1,8,7,1
"315402","201601PY20577",2,1,0,18,0,8,0,0,0,0,4,1,6,3,-1,-1,-1,-1,-1,-1
"315412","201601PY20584",1,9,0,2,6,0,0,0,0,0,1,1,6,1,11,-1,-1,-1,8,1
"315422","201601PY20584",2,9,0,2,6,0,0,0,0,0,2,1,6,2,-1,2495,2,32,-1,-1
"315432","201601PY20584",3,20,0,2,6,0,0,0,0,0,0,1,1,1,7,2998,2,4,-1,-1
"315442","201601PY20584",4,21,1,2,0,0,0,0,0,0,1,1,6,1,8,-1,-1,-1,-1,-1
"315452","201601PY20586",1,2,0,18,0,0,0,0,0,0,1,1,6,1,4,49,1,6,3,1
"315462","201601PY20586",2,9,0,18,0,0,0,0,0,0,2,1,6,3,-1,-1,-1,-1,-1,-1
"315472","201601PY20587",1,9,0,18,0,0,0,0,0,0,2,1,1,1,8,-1,-1,-1,2,1
"315482","201601PY20587",2,9,0,18,0,0,0,0,0,0,1,1,6,2,10,2987,2,2,10,1
"315492","201601PY20594",1,1,0,18,0,0,0,0,0,0,3,1,6,1,7,-1,-1,-1,9,1
"315502","201601PY20594",2,9,0,13,0,0,0,0,0,0,4,1,6,3,-1,-1,-1,-1,-1,-1
"315512","201601PY20604",1,1,0,18,0,0,0,0,0,0,1,1,6,1,7,-1,-1,-1,5,1
"315522","201601PY20604",2,9,0,2,0,0,0,0,0,0,2,1,6,3,-1,-1,-1,-1,-1,-1
"315532","201601PY20609",1,9,0,9,0,8,0,0,0,0,1,1,6,1,6,1395,1,1,-1,-1
"315542","201601PY20609",2,11,0,18,0,8,0,0,0,0,1,1,1,1,6,6700,2,5,2,1
"315552","201601PY20613",1,9,0,7,0,8,0,0,0,0,1,1,6,2,8,-1,-1,-1,9,1
"315562","201601PY20613",2,1,0,18,0,8,0,0,0,0,1,1,6,2,8,-1,-1,-1,6,1
"315572","201601PY20680",1,9,0,15,0,8,0,0,0,0,1,1,6,1,6,1600,2,6,4,1
"315582","201601PY20680",2,19,0,9,0,8,0,0,0,0,4,1,6,1,7,2198,2,-1,-1,-1
"315592","201601PY20681",1,1,0,18,0,8,0,0,0,0,4,1,6,1,7,-1,-1,-1,8,3
"315602","201601PY20681",2,9,0,9,0,8,0,0,0,0,1,1,6,1,-1,1973,1,16,-1,-1
"315612","201601PY20683",1,9,0,18,0,8,0,0,0,0,1,1,6,1,10,1896,2,7,7,1
"315622","201601PY20683",2,1,0,9,0,8,0,0,0,0,3,1,6,1,4,-1,-1,-1,1,1
"315632","201601PY20684",1,9,0,18,0,8,0,0,0,0,1,1,6,1,7,-1,-1,-1,4,1
"315642","201601PY20684",2,9,0,7,0,8,0,0,0,0,3,1,6,2,5,998,1,10,6,1
"315652","201601PY20688",1,9,0,18,0,8,0,0,0,0,4,1,6,1,6,-1,-1,-1,1,1
"315662","201601PY20688",2,9,0,18,0,8,0,0,0,0,1,1,6,1,8,-1,-1,-1,1,1
"315672","201601PY20693",1,9,0,18,0,8,0,7,0,0,1,1,6,2,11,1587,1,14,2,1
"315682","201601PY20702",1,11,0,18,0,0,0,0,0,0,1,1,1,1,7,6370,2,1,-1,-1
"315692","201601PY20702",2,9,0,18,2,0,0,0,0,0,1,1,6,1,-1,-1,-1,-1,-1,-1
"315702","201601PY20704",1,9,0,10,0,8,0,0,0,0,1,1,6,1,4,-1,-1,-1,7,1
"315712","201601PY20704",2,4,0,18,0,8,0,0,0,0,1,1,6,1,6,-1,-1,-1,3,1
"315722","201601PY20706",1,9,0,18,0,8,0,0,0,0,1,1,6,2,9,-1,-1,-1,4,1
"315752","201601QA10014",1,9,0,4,0,2,0,0,0,0,3,1,3,1,8,1896,2,8,-1,-1
"315762","201601QA10017",1,9,0,4,0,0,0,0,0,0,2,1,4,1,8,1242,1,3,10,1
"315772","201601QA10017",2,9,0,18,0,0,0,0,0,0,1,1,6,1,-1,1984,1,10,-1,-1
"315782","201601QA10021",1,9,0,18,0,0,0,0,0,0,4,1,3,2,6,1560,2,1,8,1
"315792","201601QA10027",1,9,0,18,0,1,0,7,0,0,3,1,6,1,7,2993,2,8,-1,-1
"315802","201601QA10027",2,9,0,7,0,1,0,0,0,0,3,1,6,1,11,1796,1,13,5,1
"315812","201601QA10028",1,9,0,17,0,0,0,4,1,0,1,1,1,1,7,2171,2,14,8,1
"315822","201601QA10028",2,9,0,2,0,0,0,4,1,0,2,1,6,3,-1,998,1,5,-1,-1
"315832","201601QA10028",3,9,0,2,0,0,0,4,0,0,2,1,6,3,-1,1596,1,14,-1,-1
"315842","201601QA10028",4,9,0,2,0,0,0,4,0,0,2,1,6,3,-1,1229,1,4,-1,-1
"315852","201601QA10028",5,9,0,2,0,0,0,4,0,0,2,1,6,3,-1,1339,1,8,-1,-1
"315862","201601QA10028",6,9,0,2,0,0,0,4,0,0,2,1,6,3,-1,1597,2,2,-1,-1
"315872","201601QA10030",1,9,0,5,0,6,0,0,0,0,1,1,6,1,-1,1685,2,3,-1,-1
"315882","201601QA10032",1,19,0,18,0,6,0,0,0,0,1,1,2,1,7,2148,2,9,9,1
"315892","201601QA10032",2,3,0,18,0,8,0,0,0,0,3,1,1,1,7,108,1,2,5,1
"315902","201601QA10034",1,9,0,9,0,5,0,0,0,0,1,1,6,1,9,1598,1,8,10,1
"315912","201601QA10035",1,3,0,4,0,8,0,0,0,0,0,1,1,1,6,108,1,2,6,1
"315922","201601QA10035",2,9,0,5,0,6,0,0,0,0,0,1,2,1,6,1995,2,7,6,1
"315931","201601QA10036",1,11,0,4,0,8,0,0,0,0,0,1,1,1,8,5883,2,14,6,1
"315942","201601QA10036",2,9,0,5,0,8,0,0,0,0,0,1,6,3,-1,-1,-1,-1,-1,-1
"315972","201601QA10038",1,9,0,3,0,1,0,0,0,0,2,1,6,2,7,1598,1,10,2,1
"315982","201601QA10038",2,8,0,4,0,1,0,0,0,0,1,1,2,1,7,1997,2,5,6,1
"315992","201601QA10039",1,9,0,4,0,1,0,0,0,0,1,1,6,2,7,1389,1,21,8,1
"316002","201601QA10040",1,9,0,9,0,6,0,0,1,0,1,1,6,3,-1,2099,1,14,-1,-1
"316012","201601QA10040",2,9,0,18,0,8,0,0,1,0,3,1,6,1,6,998,1,16,-1,-1
"316022","201601QA10041",1,3,0,4,0,0,1,0,0,0,1,1,6,1,5,108,1,1,2,1
"316032","201601QA10043",1,9,0,9,0,8,0,0,0,0,1,1,6,2,8,1339,1,13,10,1
"316042","201601QA10043",2,9,0,18,0,6,0,0,0,0,1,1,6,1,5,998,1,7,6,1
"316052","201601QA10045",1,9,0,2,0,2,0,0,0,0,2,1,6,2,6,1794,1,12,3,1
"316062","201601QA10045",2,9,0,18,0,2,0,0,0,0,1,1,6,3,-1,1951,2,10,-1,-1
"316072","201601QA10046",1,9,0,9,0,8,0,0,0,0,4,1,6,2,5,1198,1,14,8,1
"316082","201601QA10047",1,9,0,11,0,8,0,10,1,2,4,1,6,1,7,1910,2,8,6,1
"316092","201601QA10047",2,9,0,3,0,8,0,0,0,0,1,1,6,1,8,2995,1,4,4,1
"316102","201601QA10047",3,9,0,18,0,8,0,0,0,0,3,1,6,1,6,2685,2,13,6,1
"316113","201601QA10048",1,9,0,4,0,0,0,0,0,0,4,1,2,2,7,1998,1,14,8,1
"316123","201601QA10049",1,9,0,1,0,0,0,0,0,0,2,1,6,3,-1,-1,-1,-1,-1,-1
"316132","201601QA10050",1,9,0,9,0,8,0,0,0,0,3,1,6,1,11,1598,1,20,10,1
"316142","201601QA10050",2,9,0,18,0,8,0,0,0,0,1,1,1,1,7,1896,2,7,5,1
"316152","201601QA10051",1,9,0,18,0,1,0,7,1,1,1,1,6,1,5,2143,2,5,6,1
"316162","201601QA10052",1,9,0,18,0,0,0,0,0,0,1,1,2,2,8,-1,-1,-1,-1,-1
"316172","201601QA10052",2,9,0,18,0,0,0,0,0,0,1,1,6,2,11,1339,8,7,9,1
"316182","201601QA10053",1,19,0,18,0,8,0,0,0,0,1,1,6,1,7,-1,-1,-1,-1,-1
"316192","201601QA10053",2,19,0,9,0,6,0,0,0,0,3,1,6,1,6,2198,2,9,7,1
"316202","201601QA10055",1,9,0,18,0,0,0,0,0,0,1,1,6,3,-1,-1,-1,-1,-1,-1
"316212","201601QA10056",1,9,0,18,0,6,0,0,1,0,1,1,6,1,6,1598,2,3,2,1
"316222","201601QA10056",2,9,0,18,0,8,0,0,0,0,4,1,6,1,4,1956,2,6,-1,-1
"316232","201601QA10057",1,9,0,18,0,0,0,0,0,0,4,1,2,1,6,1762,1,18,8,1
"316242","201601QA10057",2,1,0,18,0,0,0,0,0,0,3,1,6,1,7,-1,-1,-1,6,1
"316252","201601QA10061",1,8,0,18,0,2,0,7,0,0,1,1,1,1,7,2143,12,2,5,1
"316262","201601QA10062",1,9,0,18,0,0,1,10,2,4,4,1,6,2,8,1997,1,4,7,1
"316272","201601QA10065",1,9,0,6,0,0,0,10,7,10,1,1,6,1,4,1349,1,9,8,1
"316282","201601QA10066",1,9,0,18,0,1,0,0,0,0,1,1,6,2,9,1329,1,3,10,1
"316292","201601QA10066",2,9,0,18,0,2,0,0,0,0,1,1,6,1,6,1995,1,11,8,1
"316302","201601QA10068",1,9,0,17,0,0,0,4,0,0,1,1,6,1,5,1598,1,12,5,1
"316312","201601QA10068",2,19,0,2,0,0,0,0,0,0,1,1,6,1,-1,2402,2,14,-1,-1
"316322","201601QA10069",1,20,0,18,0,1,0,0,0,0,4,1,6,3,-1,-1,-1,-1,-1,-1
"316332","201601QA10071",1,9,0,18,0,8,0,0,0,0,3,1,6,1,6,1560,2,2,5,1
"316342","201601QA10071",2,3,0,9,0,8,0,0,0,0,1,1,6,1,6,-1,-1,-1,3,1
"316352","201601QA10072",1,9,0,5,0,8,0,0,7,0,4,1,6,1,5,1498,1,10,-1,-1
"316362","201601QA10072",2,19,0,18,0,8,0,0,0,0,1,1,6,3,-1,1686,2,8,-1,-1
"316372","201601QA10073",1,9,0,9,0,8,0,0,0,0,1,1,6,1,6,1398,2,13,9,1
"316382","201601QA10073",2,3,0,18,0,8,0,0,0,0,1,1,6,1,4,124,1,6,3,1
"316392","201601QA10075",1,9,0,18,0,0,0,0,0,0,1,1,6,1,5,1590,1,10,3,1
"316402","201601QA10077",1,9,0,16,0,1,0,0,0,0,1,1,6,2,7,1242,1,5,5,1
"316452","201601QA10083",1,3,0,18,0,0,0,8,0,0,1,1,1,2,6,124,1,3,1,1
"316461","201601QA10083",2,9,0,2,0,0,0,0,0,0,3,1,6,1,11,2996,1,10,10,2
"316471","201601QA10085",1,90,0,3,0,1,0,0,0,0,1,1,1,2,5,-1,-1,-1,10,1
"316482","201601QA10085",2,9,0,18,0,1,0,0,0,0,1,1,6,3,-1,-1,-1,-1,-1,-1
"316492","201601QA10086",1,9,0,9,0,1,0,0,0,0,4,1,2,1,10,1498,1,10,8,1
"316502","201601QA10086",2,3,0,18,0,1,0,0,0,0,1,1,1,1,5,125,1,12,3,1
"316512","201601QA10087",1,9,0,9,0,8,1,10,1,10,4,1,6,2,6,1368,1,9,-1,-1
"316522","201601QA10088",1,19,0,18,0,0,0,0,0,0,1,1,6,1,5,1461,2,4,7,1
"316532","201601QA10088",2,9,0,18,0,0,0,0,0,0,2,1,6,1,-1,1995,2,2,6,1
"316542","201601QA10089",1,3,0,18,0,1,1,0,0,0,0,1,6,1,6,125,1,9,3,1
"316552","201601QA10089",2,9,0,9,0,1,0,0,0,0,0,1,6,3,-1,-1,-1,-1,-1,-1
"316562","201601QA10090",1,9,0,2,0,0,0,0,0,0,1,1,6,2,7,-1,-1,-1,-1,-1
"316572","201601QA10090",2,9,0,1,0,0,0,4,0,0,2,1,6,3,-1,2996,1,8,-1,-1
"316582","201601QA10091",1,19,0,10,0,1,0,0,0,0,3,1,6,1,7,2198,2,3,2,1
"316592","201601QA10091",2,11,0,9,0,1,0,0,0,0,3,1,1,1,8,7300,2,14,-1,-1
"316602","201601QA10092",1,2,0,18,0,0,1,4,0,0,1,1,1,1,4,49,1,4,3,1
"316612","201601QA10092",2,9,0,2,0,0,0,0,0,0,2,1,6,1,6,1388,1,15,2,1
"316622","201601QA10093",1,9,0,10,0,1,0,0,0,0,2,1,6,2,8,1598,1,10,6,1
"316632","201601QA10093",2,9,0,9,0,1,0,0,0,0,1,1,6,1,-1,1598,2,2,-1,-1
"316642","201601QA10095",1,90,0,18,0,8,0,0,0,0,3,1,2,2,9,-1,-1,-1,5,1
"316652","201601QA10095",2,9,0,9,0,8,0,0,0,0,1,1,6,1,5,1596,1,2,-1,-1
"316662","201601QA10098",1,9,0,9,0,8,0,0,0,0,1,1,6,1,8,1364,1,10,8,1
"316672","201601QA10098",2,9,0,18,0,8,0,0,0,0,3,1,6,1,6,1598,1,11,2,1
"316682","201601QA10099",1,9,0,9,0,2,0,0,0,0,1,1,6,1,8,-1,-1,-1,6,1
"316692","201601QA10100",1,9,0,18,0,1,0,0,0,0,3,1,6,1,6,998,1,12,4,1
"316702","201601QA10100",2,9,0,5,0,1,0,0,0,0,4,1,6,3,-1,-1,-1,-1,-1,-1
"316712","201601QA10101",1,9,0,3,0,1,0,0,0,0,4,1,3,2,8,1329,1,5,6,1
"316722","201601QA10101",2,1,0,15,0,1,0,8,0,0,1,1,2,1,9,-1,-1,-1,3,1
"316732","201601QA10102",1,9,0,18,0,0,0,4,0,0,1,1,6,2,6,998,1,1,5,1
"316742","201601QA10102",2,9,0,18,0,0,0,0,0,0,1,1,6,2,7,1598,1,11,7,1
"316752","201601QA10102",3,9,0,2,0,0,0,10,1,4,1,1,6,2,8,2987,2,9,-1,-1
"316762","201601QA10103",1,9,0,18,0,1,0,10,1,2,1,1,1,2,5,1229,1,2,10,1
"316772","201601QA10105",1,9,0,4,0,1,0,0,0,0,2,1,1,2,6,2000,2,5,2,1
"316782","201601QA10105",2,9,0,18,0,1,0,0,0,0,1,1,1,2,7,1995,2,10,6,1
"316792","201601QA10106",1,9,0,2,0,1,0,0,0,0,4,1,6,1,4,1299,1,8,5,1
"316802","201601QA10106",2,9,0,1,0,1,0,4,0,0,2,1,6,1,10,-1,-1,-1,5,1
"316812","201601QA10107",1,9,0,9,0,8,0,0,0,0,4,1,1,2,4,1386,1,13,6,1
"316822","201601QA10107",2,9,0,18,0,8,0,0,0,0,1,1,3,1,7,1753,2,9,9,1
"316832","201601QA10108",1,9,0,18,0,1,0,7,0,0,4,1,6,2,6,1339,1,10,6,1
"316842","201601QA10108",2,9,0,7,0,1,0,0,0,0,1,1,6,2,6,1995,2,9,5,1
"316852","201601QA10110",1,9,0,3,0,1,0,0,0,0,2,1,6,2,7,1596,1,11,8,1
"316862","201601QA10110",2,9,0,18,0,1,0,0,0,0,1,1,6,2,-1,1248,1,7,-1,-1
"316872","201601QA10110",3,9,0,3,0,1,0,0,0,0,2,1,6,2,-1,-1,-1,-1,-1,-1
"316882","201601QA10111",1,9,0,18,0,2,0,0,0,0,2,1,6,1,7,-1,-1,-1,7,1
"316892","201601QA10111",2,9,0,5,0,1,0,0,0,0,1,1,6,2,8,1596,1,1,5,1
"316902","201601QA10117",1,9,0,7,0,1,0,0,0,0,4,1,6,1,4,-1,-1,-1,10,1
"316912","201601QA10117",2,1,0,15,0,1,0,0,0,0,1,1,2,1,-1,-1,-1,-1,5,1
"316922","201601QA10119",1,9,0,4,0,0,0,0,0,0,2,1,3,1,8,1560,2,10,3,1
"316932","201601QA10119",2,19,0,18,0,0,0,0,0,0,1,1,1,1,6,1870,2,11,4,1
"316942","201601QA10120",1,9,0,3,0,2,0,0,0,0,2,1,6,1,5,1397,1,13,8,1
"316952","201601QA10120",2,9,0,18,0,2,0,0,0,0,1,1,6,1,-1,-1,-1,-1,-1,-1
"316962","201601QA10121",1,9,0,4,0,1,0,0,0,0,2,1,2,2,7,2987,2,5,8,1
"316972","201601QA10121",2,9,0,18,0,1,0,0,0,0,1,1,2,2,5,2521,1,7,9,1
"316982","201601QA10122",1,11,0,18,0,1,0,0,0,0,1,1,1,2,7,7300,2,13,5,1
"316992","201601QA10123",1,9,0,5,0,1,0,0,0,0,1,1,6,3,-1,-1,-1,-1,-1,-1
"317002","201601QA10124",1,9,0,14,0,2,0,0,0,0,3,1,6,2,6,1339,8,5,5,1
"317012","201601QA10124",2,9,0,14,0,1,0,0,0,0,3,2,6,1,-1,1560,2,11,5,1
"317022","201601QA10126",1,19,0,18,0,1,0,0,0,0,1,1,6,1,7,2148,2,8,2,1
"317032","201601QA10127",1,3,0,14,0,1,0,0,0,0,1,1,6,3,-1,-1,-1,-1,-1,-1
"317042","201601QA10128",1,3,0,4,0,0,1,0,0,0,0,1,2,1,5,124,1,6,8,1
"317052","201601QA10129",1,9,0,18,0,1,0,0,0,0,1,1,6,2,6,1590,1,12,6,1
"317062","201601QA10129",2,9,0,9,0,1,0,0,0,0,1,1,6,1,10,2720,2,10,6,1
"317072","201601QA10131",1,9,0,5,0,1,0,10,3,10,1,1,6,1,10,1339,1,13,6,1
"317102","201601QA10133",1,9,0,7,0,1,0,0,0,0,1,1,6,3,-1,-1,-1,-1,-1,-1
"317112","201601QA10134",1,9,0,18,0,8,1,0,0,0,4,1,6,2,5,1242,1,5,5,1
"317122","201601QA10134",2,9,0,7,0,6,0,0,0,0,1,1,6,2,-1,1984,1,2,-1,-1
"317132","201601QA10135",1,3,0,18,0,8,1,0,0,0,0,1,6,1,6,124,1,4,6,1
"317142","201601QA10136",1,9,0,18,0,0,0,0,0,0,1,1,6,2,8,1242,1,3,7,1
"317152","201601QA10137",1,9,0,18,0,0,0,0,0,0,2,1,6,1,7,1798,8,3,3,1
"317162","201601QA10137",2,9,0,18,0,0,0,0,0,0,2,1,6,1,5,1229,1,9,5,1
"317172","201601QA10137",3,9,0,18,0,0,0,0,0,0,1,1,6,2,6,1598,1,11,4,1
"317182","201601QA10139",1,9,0,9,0,1,0,0,0,0,3,1,6,1,8,1794,1,7,9,1
"317192","201601QA10139",2,9,0,18,0,1,0,0,0,0,1,1,1,1,6,-1,-1,-1,4,1
"317202","201601QA10140",1,11,0,5,0,1,0,0,0,0,0,1,1,1,8,9200,2,13,4,1
"317212","201601QA10141",1,9,0,18,0,0,0,0,0,0,1,1,6,1,5,-1,-1,-1,7,2
"317222","201601QA10141",2,9,0,3,0,0,0,0,0,0,2,1,6,2,8,1499,2,1,9,1
"317232","201601QA10141",3,9,0,3,0,0,0,0,0,0,2,1,6,1,6,-1,-1,-1,3,1
"317242","201601QA10143",1,4,0,14,0,8,0,0,0,0,1,1,6,1,6,108,1,2,7,1
"317252","201601QA10143",2,9,0,9,0,8,0,0,0,0,3,1,6,2,9,2179,2,2,3,1
"317262","201601QA10144",1,9,0,1,0,0,0,4,0,0,2,1,6,1,-1,2926,2,14,-1,-1
"317272","201601QA10144",2,9,0,2,0,0,0,0,0,0,1,1,6,2,6,1240,1,10,9,1
"317282","201601QA10145",1,9,0,18,0,1,0,4,0,0,1,1,6,2,5,1388,1,6,8,1
"317292","201601QA10145",2,9,0,1,0,1,0,0,0,0,2,1,6,1,5,1997,1,7,3,1
"317302","201601QA10145",3,9,0,2,0,1,0,0,0,0,1,1,6,2,-1,1329,1,1,-1,-1
"317312","201601QA10146",1,9,0,9,0,8,0,0,0,0,1,1,1,1,7,1686,2,15,9,1
"317322","201601QA10146",2,9,0,18,0,8,0,0,0,0,3,1,2,1,7,1582,2,5,5,1
"317332","201601QA10147",1,9,0,5,0,1,0,0,0,0,4,1,6,2,7,1794,1,8,10,1
"317342","201601QA10148",1,9,0,18,0,1,0,0,0,0,1,1,6,1,7,1896,2,13,8,1
"317352","201601QA10149",1,9,0,18,0,1,1,10,0,0,4,1,6,1,5,1910,2,6,8,1
"317362","201601QA10150",1,9,0,4,0,1,0,0,0,0,1,1,1,1,5,1496,2,1,10,1
"317372","201601QA10150",2,9,0,3,0,1,0,0,0,0,2,1,2,1,8,-1,-1,-1,5,1
"317402","201601QA10152",1,8,0,18,0,8,0,0,0,0,2,1,1,1,-1,2199,2,6,-1,-1
"317412","201601QA10152",2,9,0,18,0,8,0,0,0,0,1,1,6,3,-1,1198,1,6,-1,-1
"317422","201601QA10153",1,9,0,18,0,0,0,4,0,0,4,1,2,2,7,1398,1,2,4,1
"317432","201601QA10153",2,9,0,18,0,0,0,0,0,0,3,1,2,1,6,1896,2,14,8,1
"317442","201601QA10153",3,9,0,2,0,0,0,0,0,0,3,1,6,2,7,1796,1,9,5,1
"317452","201601QA10154",1,9,0,5,0,1,0,0,0,0,3,1,6,1,8,1298,1,13,8,1
"317462","201601QA10154",2,9,0,18,0,1,0,0,0,0,4,1,6,1,8,1896,2,8,7,1
"317472","201601QA10156",1,9,0,9,0,8,0,0,0,0,1,1,6,1,9,1598,1,11,8,1
"317482","201601QA10156",2,9,0,9,0,8,0,0,0,0,3,1,6,1,5,1597,1,6,5,1
"317512","201601QA10158",1,9,0,5,0,1,0,10,7,0,1,1,6,1,11,1339,1,8,5,1
"317522","201601QA10158",2,9,0,2,6,1,0,0,0,0,3,1,6,3,-1,1796,1,7,-1,-1
"317552","201601QA10161",1,9,0,18,0,1,0,0,0,0,4,1,1,2,8,1791,8,4,8,1
"317562","201601QA10161",2,9,0,7,0,1,0,0,0,0,1,1,6,1,4,998,1,-1,3,1
"317572","201601QA10162",1,9,0,5,0,0,0,0,0,0,3,1,6,3,-1,1995,1,7,-1,-1
"317582","201601QA10163",1,9,0,4,0,1,0,0,0,0,2,1,6,2,7,1596,1,11,6,1
"317592","201601QA10163",2,9,0,18,0,1,0,0,0,0,1,1,6,3,-1,1995,1,6,-1,-1
"317602","201601QA10165",1,9,0,9,2,8,0,0,0,0,4,1,6,1,9,1598,1,10,7,1
"317612","201601QA10165",2,3,0,18,2,8,0,0,0,0,1,1,6,1,6,-1,-1,-1,5,1
"317643","201601QA10167",1,8,0,6,0,0,0,0,0,0,1,1,6,1,7,1398,1,11,6,2
"317653","201601QA10167",2,9,0,18,0,0,0,0,0,0,1,1,6,2,7,1796,1,12,3,1
"317702","201601QA10173",1,9,0,6,0,0,0,0,0,0,3,1,6,1,8,2993,2,1,6,1
"317712","201601QA10173",2,9,0,13,0,0,0,0,0,0,4,1,6,1,10,2987,2,-1,5,1
"317722","201601QA10174",1,9,0,5,0,0,0,0,0,0,0,1,6,2,8,1997,2,5,9,1
"317752","201601QA10177",1,5,0,18,0,0,0,0,0,0,1,1,2,1,7,1137,1,16,8,1
"317762","201601QA10178",1,9,0,2,0,0,0,0,0,0,2,1,6,1,5,-1,-1,-1,5,1
"317772","201601QA10178",2,9,0,17,0,0,0,4,0,0,1,1,6,3,-1,1796,1,13,-1,-1
"317802","201601QA10180",1,9,0,7,0,8,0,0,0,0,1,1,6,2,6,1497,8,11,6,1
"317812","201601QA10180",2,9,0,18,0,8,0,0,0,0,4,1,6,1,4,2497,1,15,3,1
"317822","201601QA10181",1,9,0,18,0,8,0,0,0,0,3,1,6,2,8,-1,-1,-1,4,1
"317832","201601QA10181",2,9,0,18,0,8,0,0,0,0,1,1,6,3,-1,-1,-1,-1,-1,-1
"317842","201601QA10182",1,9,0,3,0,8,0,0,0,0,4,1,1,2,5,-1,-1,-1,-1,-1
"317852","201601QA10182",2,9,0,18,0,8,0,0,0,0,1,1,6,3,-1,2143,2,3,-1,-1
"317862","201601QA10183",1,9,0,9,0,8,0,0,0,0,3,1,6,1,7,999,1,4,7,1
"317872","201601QA10183",2,5,0,13,0,8,0,0,0,0,4,1,6,1,5,1255,1,8,7,1
"317882","201601QA10184",1,9,0,9,0,8,0,0,0,0,3,1,6,1,5,1388,1,8,7,1