"","Acc_Index","Vehicle_Reference","Vehicle_Type","Towing_and_Articulation","Vehicle_Manoeuvre","Vehicle_Location.Restricted_Lane","Junction_Location","Skidding_and_Overturning","Hit_Object_in_Carriageway","Vehicle_Leaving_Carriageway","Hit_Object_off_Carriageway","X1st_Point_of_Impact","Was_Vehicle_Left_Hand_Drive","Journey_Purpose_of_Driver","Sex_of_Driver","Age_Band_of_Driver","Engine_Capacity_.CC.","Propulsion_Code","Age_of_Vehicle","Driver_IMD_Decile","Driver_Home_Area_Type"
"317892","201601QA10184",2,3,0,18,0,8,0,0,0,0,1,1,6,1,6,124,1,5,2,1
"317902","201601QA10185",1,9,0,4,0,1,0,0,0,0,2,1,6,1,7,1590,1,13,6,1
"317912","201601QA10185",2,9,0,18,0,1,0,0,0,0,1,1,6,1,6,-1,-1,-1,6,1
"317922","201601QA10186",1,9,0,3,0,1,0,0,0,0,2,1,6,2,8,1149,1,6,9,1
"317932","201601QA10186",2,1,0,18,0,1,0,0,0,0,1,1,6,1,8,-1,-1,-1,10,1
"317942","201601QA10187",1,9,0,16,0,2,0,0,0,0,1,1,6,1,7,1275,1,18,4,1
"317952","201601QA10188",1,9,0,9,0,2,0,0,0,0,1,1,6,1,5,1796,1,9,8,3
"317982","201601QA10190",1,9,0,18,0,1,0,0,0,0,2,1,6,2,11,-1,-1,-1,8,1
"317992","201601QA10190",2,9,0,18,0,1,0,0,0,0,1,1,6,1,6,1796,1,12,6,1
"318001","201601QA10192",1,9,0,5,0,1,0,0,0,0,3,1,6,1,7,2993,2,4,7,1
"318011","201601QA10192",2,9,0,18,0,1,0,0,0,0,1,1,6,1,8,998,1,23,7,1
"318022","201601QA10194",1,9,0,14,0,0,0,0,0,0,1,1,6,1,10,1798,8,2,4,1
"318031","201601QA10195",1,19,0,9,0,8,0,0,0,0,1,1,6,1,9,1248,2,3,4,1
"318041","201601QA10195",2,9,0,18,0,8,0,0,0,0,3,1,6,2,7,1956,2,2,2,1
"318052","201601QA10197",1,5,0,18,0,1,0,0,0,0,1,1,6,1,7,599,1,19,6,1
"318062","201601QA10197",2,9,0,5,0,1,0,0,0,0,3,1,6,1,7,-1,-1,-1,-1,-1
"318072","201601QA10198",1,9,0,17,0,1,0,0,0,0,1,1,6,2,6,1596,1,11,6,1
"318082","201601QA10199",1,9,0,10,0,2,0,0,0,0,3,1,6,1,10,1395,1,-1,6,1
"318092","201601QA10199",2,3,0,18,0,1,0,0,0,0,1,1,1,1,5,125,1,5,6,1
"318102","201601QA10200",1,9,0,18,0,0,0,7,7,4,1,1,6,1,10,1796,1,6,10,1
"318112","201601QA10201",1,9,0,16,0,1,0,0,0,0,3,1,6,2,9,2143,2,5,8,1
"318122","201601QA10201",2,9,0,9,0,2,0,0,0,0,1,1,6,1,4,1900,2,12,8,1
"318132","201601QA10203",1,9,0,12,0,0,0,0,0,0,3,1,6,1,6,1596,1,15,7,1
"318142","201601QA10203",2,5,0,18,0,0,0,0,0,0,4,1,6,2,9,1170,1,10,4,1
"318152","201601QA10204",1,9,0,9,0,8,0,0,0,0,4,1,6,1,11,1590,1,11,6,2
"318162","201601QA10204",2,3,0,18,0,8,0,0,0,0,1,1,6,1,6,124,1,3,9,1
"318172","201601QA10205",1,9,0,18,0,0,0,10,7,4,1,1,6,1,10,1895,1,17,10,1
"318202","201601QA10207",1,9,0,7,0,8,0,0,0,0,1,1,6,1,7,-1,-1,-1,3,1
"318212","201601QA10207",2,4,0,18,0,8,0,0,0,0,4,1,6,1,5,244,1,9,2,1
"318222","201601QA10209",1,9,0,18,0,8,0,7,0,0,1,1,6,1,7,1956,2,2,5,1
"318232","201601QA10209",2,9,0,9,0,8,0,0,0,0,1,1,6,1,8,1397,1,15,3,1
"318242","201601QA10210",1,9,0,9,0,8,0,0,0,0,4,1,6,1,6,1896,2,14,3,1
"318252","201601QA10210",2,9,0,18,0,8,0,0,0,0,1,1,6,1,8,1587,1,11,6,1
"318262","201601QA10211",1,9,0,7,0,1,0,0,0,0,4,1,6,1,7,1398,2,14,6,1
"318272","201601QA10211",2,1,0,15,0,1,0,0,0,0,1,1,6,1,5,-1,-1,-1,2,1
"318282","201601QA10212",1,9,0,12,0,2,0,0,0,0,3,1,6,2,4,1240,1,11,10,1
"318292","201601QA10212",2,9,0,18,0,2,0,0,0,0,4,1,6,1,6,-1,-1,-1,7,1
"318322","201601QA10214",1,9,0,18,0,2,0,0,0,0,1,1,6,2,5,1461,2,2,5,1
"318352","201601QA10216",1,9,0,12,0,0,0,0,0,0,3,1,6,2,8,999,1,1,4,1
"318362","201601QA10216",2,9,0,13,0,0,0,0,0,0,4,1,6,2,6,2400,2,6,6,1
"318372","201601QA10217",1,9,0,18,0,1,0,0,0,0,1,1,6,1,5,1598,2,5,-1,-1
"318382","201601QA10217",2,9,0,9,0,1,0,0,0,0,4,1,6,1,8,1968,2,1,3,1
"318392","201601QA10217",3,8,0,10,0,1,0,0,0,0,1,1,1,1,8,2179,2,4,8,1
"318402","201601QA10218",1,9,0,18,0,0,0,4,0,0,1,1,6,1,8,1796,1,5,6,1
"318412","201601QA10218",2,9,0,2,0,0,0,0,0,0,2,1,6,2,7,2993,2,13,8,1
"318422","201601QA10218",3,9,0,2,0,0,0,4,0,0,2,1,6,2,8,1796,1,9,-1,-1
"318432","201601QA10219",1,9,0,5,0,1,0,0,0,0,1,1,6,1,4,1339,1,5,7,1
"318442","201601QA10220",1,9,0,17,0,1,0,10,1,10,4,1,6,1,-1,3222,2,13,7,1
"318452","201601QA10220",2,9,0,2,9,1,0,0,0,0,4,1,6,1,9,2987,2,8,-1,-1
"318462","201601QA10220",3,9,0,2,9,1,0,0,0,0,2,1,6,1,8,1995,2,3,-1,-1
"318472","201601QA10221",1,3,0,14,0,1,0,0,0,0,1,1,1,1,6,125,1,4,-1,-1
"318482","201601QA10221",2,9,0,9,0,2,0,0,0,0,3,1,6,2,7,2400,2,4,6,1
"318492","201601QA10222",1,9,0,4,0,1,0,0,0,0,2,1,6,1,10,1339,1,2,8,1
"318502","201601QA10222",2,9,0,18,0,1,0,0,0,0,1,1,6,1,6,1796,1,9,3,1
"318512","201601QA10224",1,9,0,18,0,8,0,0,0,0,3,1,6,1,5,1598,1,5,8,1
"318522","201601QA10224",2,2,0,14,0,8,0,0,0,0,1,1,1,1,5,49,1,3,7,1
"318552","201601QA10226",1,3,0,18,0,0,0,0,0,0,1,1,6,1,5,125,1,8,5,1
"318562","201601QA10226",2,9,0,18,0,0,0,0,0,0,1,1,6,1,5,-1,-1,-1,5,1
"318572","201601QA10226",3,9,0,18,0,0,0,0,0,0,0,1,6,3,-1,-1,-1,-1,-1,-1
"318582","201601QA10227",1,9,0,18,0,0,0,0,0,0,4,1,6,2,9,1339,1,11,7,1
"318592","201601QA10228",1,9,0,18,0,0,0,0,0,0,4,1,1,1,7,1896,2,12,9,1
"318602","201601QA10229",1,11,0,18,0,1,0,0,0,0,0,1,1,1,7,12600,2,13,5,1
"318612","201601QA10229",2,9,0,4,0,1,0,0,0,0,0,1,6,1,-1,-1,-1,-1,-1,-1
"318622","201601QA10231",1,9,0,2,0,1,0,0,0,0,3,1,6,1,7,1497,8,9,7,1
"318632","201601QA10231",2,1,0,18,0,1,0,0,0,0,1,1,6,1,10,-1,-1,-1,8,1
"318642","201601QA10232",1,9,0,18,0,8,1,10,1,0,3,1,3,2,7,1596,1,5,5,1
"318652","201601QA10232",2,9,0,9,0,8,0,0,0,0,1,1,6,1,-1,1995,1,15,-1,-1
"318662","201601QA10234",1,19,0,18,0,0,0,10,1,4,1,1,6,1,8,2402,2,14,6,1
"318672","201601QA10235",1,9,0,1,0,5,0,4,7,10,1,1,2,2,9,-1,-1,-1,6,1
"318682","201601QA10235",2,9,0,2,0,8,0,0,0,0,4,1,6,3,-1,1390,1,9,-1,-1
"318692","201601QA10236",1,9,0,17,0,0,0,10,7,4,4,1,2,1,6,1149,1,13,10,1
"318702","201601QA10237",1,9,0,18,0,8,0,10,8,7,4,1,2,2,7,1388,1,13,4,1
"318712","201601QA10237",2,9,0,5,0,8,0,0,0,0,1,1,2,2,8,1998,1,10,6,1
"318722","201601QA10238",1,2,0,16,0,8,0,0,0,0,2,1,6,1,-1,50,1,2,3,1
"318732","201601QA10238",2,8,0,9,0,8,0,0,0,0,4,1,6,1,-1,2499,2,9,-1,-1
"318741","201601QA10238",3,19,0,16,0,8,0,0,0,0,2,1,6,1,8,1968,2,4,9,1
"318751","201601QA10238",4,9,0,16,0,8,0,0,3,10,1,1,6,2,-1,2148,2,10,9,1
"318762","201601QA10239",1,9,0,4,0,1,0,0,0,0,4,1,6,1,11,1798,8,4,8,1
"318772","201601QA10240",1,9,0,18,0,1,0,0,0,0,1,1,6,1,7,1598,1,12,6,1
"318782","201601QA10240",2,1,0,4,0,1,0,0,0,0,2,1,6,1,5,-1,-1,-1,6,1
"318792","201601QA10241",1,9,0,5,0,1,0,0,0,0,1,1,6,1,6,2497,1,11,5,1
"318803","201601QA10241",2,3,0,7,0,1,0,0,0,0,2,1,2,1,5,124,1,10,3,1
"318813","201601QA10242",1,9,0,4,0,0,0,0,0,0,2,1,6,2,5,1198,1,13,7,1
"318822","201601QA10242",2,9,0,18,0,0,0,0,0,0,1,1,6,2,6,1296,1,9,3,1
"318831","201601QA10243",1,9,0,18,0,8,0,0,0,0,4,1,2,1,6,1896,2,6,10,1
"318841","201601QA10243",2,9,0,9,0,8,0,0,0,0,1,1,2,2,7,1968,2,10,9,1
"31885","201601QA10244",1,9,0,6,0,0,0,0,0,0,3,1,6,2,4,998,1,2,8,1
"31886","201601QA10244",2,3,0,13,0,0,0,0,0,0,4,1,6,1,5,124,1,8,4,1
"318871","201601QA10245",1,9,0,9,0,8,0,0,0,0,1,1,6,1,-1,1968,2,6,-1,-1
"318881","201601QA10245",2,9,0,18,0,8,0,0,0,0,4,1,6,1,-1,2987,2,6,-1,-1
"318891","201601QA10246",1,9,0,3,0,1,0,0,0,0,2,1,1,1,6,1591,1,-1,-1,-1
"318901","201601QA10246",2,9,0,3,0,1,0,0,0,0,2,1,6,2,7,1197,1,1,6,1
"318911","201601QA10246",3,9,0,3,0,1,0,0,0,0,2,1,6,1,10,1796,1,11,8,1
"318921","201601QA10246",4,9,0,3,0,1,0,0,0,0,2,1,6,1,11,-1,-1,-1,10,1
"318931","201601QA10246",5,9,0,18,0,1,0,0,0,0,1,1,6,1,5,1388,1,6,10,1
"318941","201601QA10247",1,9,0,18,0,1,0,10,1,10,1,1,6,1,11,1339,1,6,7,1
"318951","201601QA10248",1,9,0,4,0,0,0,0,0,0,2,1,1,1,8,1995,2,7,6,3
"318961","201601QA10248",2,4,0,18,0,0,0,0,0,0,1,1,6,1,4,124,1,-1,4,1
"318971","201601QA10249",1,9,0,5,0,8,1,0,0,0,1,1,6,1,8,-1,-1,-1,-1,-1
"318981","201601QA10250",1,11,0,4,0,0,0,0,0,0,0,1,1,1,6,9200,2,10,5,1
"318991","201601QA10252",1,9,0,4,0,0,0,0,0,0,2,1,6,2,5,1598,1,9,10,1
"319001","201601QA10252",2,9,0,18,0,0,0,0,0,0,1,1,6,1,7,2967,2,2,10,1
"319011","201601QA10253",1,9,0,7,0,8,0,0,0,0,1,1,6,2,7,1996,1,22,5,1
"319021","201601QA10253",2,3,0,17,0,8,0,0,0,0,3,1,6,1,6,125,1,1,8,1
"319031","201601QA10255",1,9,0,18,0,8,0,0,0,0,1,1,6,1,7,1796,1,12,7,1
"319041","201601QA10255",2,9,0,5,0,6,0,0,0,0,3,1,2,1,7,1995,2,-1,7,1
"319051","201601QA10256",1,9,0,9,0,8,0,0,0,0,1,1,6,2,7,1497,8,4,-1,-1
"319061","201601QA10256",2,9,0,18,0,8,0,10,0,0,3,1,6,1,8,1790,1,7,5,1
"319071","201601QA10257",1,9,0,9,0,8,0,0,0,0,3,1,3,2,7,1590,1,11,8,1
"319101","201601QA10259",1,11,0,3,0,2,0,0,0,0,2,1,1,2,8,4500,2,5,9,1
"319111","201601QA10259",2,9,0,18,0,2,0,0,0,0,1,1,6,2,6,2143,2,4,6,1
"319121","201601QA10260",1,9,0,18,0,8,0,0,0,0,4,1,6,1,5,1781,1,15,8,1
"319131","201601QA10260",2,9,0,1,0,6,0,0,0,0,2,1,6,1,-1,2143,2,2,-1,-1
"319142","201601QA10261",1,9,0,17,0,2,0,0,0,0,4,1,6,2,10,2179,2,4,9,1
"319171","201601QA10263",1,9,0,18,0,8,0,0,0,0,1,1,6,1,7,2494,1,13,5,1
"319181","201601QA10263",2,9,0,18,0,8,0,7,8,7,4,1,6,1,8,1998,2,4,7,1
"319191","201601QA10264",1,8,0,1,0,2,0,0,0,0,3,1,6,3,-1,-1,-1,-1,-1,-1
"319201","201601QA10265",1,19,0,4,0,1,0,0,0,0,2,1,1,1,7,1968,2,3,9,1
"319211","201601QA10265",2,9,0,4,0,1,0,0,0,0,1,1,6,1,4,999,1,2,7,1
"319221","201601QA10266",1,8,0,18,0,8,0,0,0,0,3,1,1,1,9,1560,2,7,5,1
"319231","201601QA10266",2,19,0,9,0,8,0,0,0,0,1,1,6,1,-1,-1,-1,-1,-1,-1
"319241","201601QA10267",1,9,0,3,0,1,0,0,0,0,2,1,6,1,5,1995,2,6,8,1
"319251","201601QA10267",2,9,0,18,0,1,0,0,0,0,1,1,6,2,-1,1596,1,11,-1,-1
"319261","201601QA10268",1,2,0,18,0,8,0,0,7,0,1,1,2,1,4,49,1,13,3,1
"319271","201601QA10268",2,9,0,9,0,5,0,0,0,0,3,1,6,1,-1,1799,1,7,-1,-1
"319281","201601QA10269",1,9,0,18,0,0,5,0,7,9,1,1,6,2,8,1598,1,9,7,1
"31929","201601QA10269",2,9,0,4,0,0,0,0,0,0,1,1,6,2,7,1598,1,17,5,1
"31930","201601QA10270",1,9,0,3,0,1,0,0,0,0,2,1,6,2,6,1240,1,12,3,1
"319311","201601QA10270",2,9,0,18,0,1,0,0,0,0,1,1,1,1,8,1968,2,2,10,1
"319321","201601QA10271",1,9,0,13,0,1,0,0,0,0,3,1,6,1,-1,1998,1,16,3,1
"319331","201601QA10271",2,9,0,18,0,2,0,0,0,0,3,1,2,1,7,1686,2,13,-1,-1
"319361","201601QA10274",1,9,0,3,0,0,0,0,0,0,2,1,6,2,10,1360,1,7,9,1
"319371","201601QA10274",2,9,0,18,0,0,0,0,0,0,1,1,6,1,-1,-1,-1,-1,-1,-1
"319381","201601QA10275",1,9,0,9,0,8,0,0,0,0,1,1,1,2,-1,-1,-1,-1,-1,-1
"319391","201601QA10275",2,9,0,18,0,8,0,0,0,0,4,1,6,1,5,1956,2,1,2,1
"319401","201601QA10276",1,9,0,9,0,8,0,0,0,0,4,1,6,1,7,2148,2,8,9,1
"319411","201601QA10276",2,3,0,18,0,8,0,0,0,0,1,1,6,1,5,-1,-1,-1,3,1
"319441","201601QA10278",1,20,0,18,0,8,0,0,0,0,1,1,1,1,8,11021,2,10,6,1
"319451","201601QA10278",2,9,0,18,0,8,0,0,0,0,4,1,6,2,4,998,1,3,5,1
"319461","201601QA10278",3,19,0,10,0,8,0,0,0,0,3,1,1,1,9,1868,2,14,-1,-1
"319471","201601QA10279",1,9,0,7,0,2,0,0,0,0,2,1,6,2,8,1461,2,6,10,1
"319481","201601QA10279",2,9,0,7,0,2,0,0,0,0,1,1,6,1,-1,1968,2,8,-1,-1
"319511","201601QA10283",1,9,0,7,0,8,0,0,0,0,4,1,6,1,10,1991,2,8,3,1
"319521","201601QA10283",2,1,0,15,0,8,0,0,0,0,3,1,6,1,7,-1,-1,-1,8,1
"319531","201601QA10284",1,9,0,18,0,2,0,0,0,0,1,1,6,1,7,1590,1,15,3,1
"319541","201601QA10285",1,9,0,3,0,0,0,0,0,0,2,1,6,2,8,1587,1,19,8,1
"319551","201601QA10285",2,9,0,18,0,0,0,0,0,0,1,1,6,1,6,1596,1,10,9,1
"319561","201601QA10286",1,9,0,18,0,0,0,0,0,0,4,1,6,2,7,1390,1,10,9,1
"319571","201601QA10288",1,9,0,3,0,1,0,0,0,0,2,1,6,1,6,1229,1,1,7,1
"319581","201601QA10288",2,9,0,4,0,1,0,0,0,0,1,1,6,2,-1,1596,1,14,-1,-1
"319591","201601QA10289",1,9,0,18,0,8,0,0,0,0,1,1,6,2,7,1389,1,14,7,1
"319601","201601QA10289",2,9,0,18,0,6,0,0,0,0,4,1,6,2,6,1799,1,9,5,1
"319611","201601QA10290",1,9,0,18,0,0,0,0,0,0,1,1,6,2,6,1299,1,13,6,1
"319621","201601QA10291",1,9,0,7,0,2,0,0,0,0,1,1,6,2,7,1995,2,4,8,1
"319631","201601QA10292",1,5,0,14,0,8,0,10,7,0,4,1,6,1,6,955,1,16,8,1
"319641","201601QA10293",1,9,0,9,0,8,0,0,0,0,1,1,6,1,7,-1,-1,-1,-1,-1
"319652","201601QA10293",2,3,0,18,0,8,0,0,0,0,3,1,6,1,4,125,1,2,7,1
"319662","201601QA10294",1,9,0,18,0,0,0,4,7,10,1,1,6,2,7,-1,-1,-1,3,1
"319671","201601QA10294",2,9,0,2,0,0,0,0,7,10,2,1,6,3,-1,1796,1,14,-1,-1
"319681","201601QA10295",1,3,0,18,0,8,0,0,0,0,3,1,6,2,6,124,1,7,7,1
"319691","201601QA10299",1,9,0,14,0,1,0,0,0,0,4,1,6,3,-1,1984,1,-1,-1,-1
"319701","201601QA10299",2,9,0,3,0,1,0,0,0,0,3,1,6,1,6,1910,2,11,8,1
"319711","201601QA10299",3,9,0,3,0,1,0,0,0,0,3,1,6,1,7,2993,2,3,10,1
"319721","201601QA10299",4,9,0,3,0,1,0,0,0,0,3,1,6,2,8,1560,2,1,-1,-1
"319731","201601QA10300",1,9,0,18,0,0,0,0,0,0,1,1,6,2,7,1329,1,7,7,1
"319741","201601QA10301",1,9,0,18,0,1,0,4,0,0,4,1,6,1,5,2616,1,12,4,1
"319751","201601QA10302",1,9,0,18,0,0,0,0,0,0,1,1,1,1,-1,-1,-1,-1,-1,-1
"319761","201601QA10302",2,9,0,1,0,0,0,0,0,0,2,1,6,3,-1,-1,-1,-1,-1,-1
"319791","201601QA10305",1,9,0,4,0,0,0,0,0,0,2,1,6,1,5,1896,2,13,5,1
"319801","201601QA10305",2,9,0,18,0,0,0,0,0,0,1,1,6,1,6,1598,2,1,-1,-1
"319811","201601QA10306",1,9,0,6,0,0,0,0,0,0,4,1,6,1,8,1896,2,6,7,1
"319821","201601QA10306",2,9,0,18,0,0,0,0,0,0,1,1,6,1,8,1498,1,1,4,1
"319831","201601QA10308",1,9,0,18,0,1,0,0,0,0,2,1,6,1,6,1995,2,15,5,1
"319841","201601QA10308",2,9,0,18,0,1,0,0,0,0,1,1,6,1,-1,2993,2,6,-1,-1
"319851","201601QA10310",1,9,0,9,0,8,0,0,0,0,3,1,6,1,7,1995,2,2,5,1
"319861","201601QA10310",2,9,0,9,0,8,0,0,0,0,1,1,6,2,5,1461,2,-1,2,1
"319871","201601QA10311",1,19,0,7,0,8,0,0,0,0,4,1,1,3,-1,2402,2,12,-1,-1
"319881","201601QA10312",1,9,0,9,0,2,0,0,0,0,1,1,6,2,6,1389,1,11,7,1
"319891","201601QA10313",1,3,0,18,0,2,0,0,0,0,1,1,6,3,-1,-1,-1,-1,-1,-1
"319901","201601QA10314",1,11,0,18,0,1,0,0,0,0,0,1,1,1,7,-1,-1,-1,-1,-1
"319911","201601QA10315",1,9,0,9,0,8,0,0,0,0,1,1,6,1,8,1598,2,4,7,1
"319921","201601QA10315",2,3,0,18,0,8,0,0,0,0,3,1,6,1,5,-1,-1,-1,7,1
"319931","201601QA10316",1,19,0,6,0,0,0,0,0,0,3,1,6,2,8,-1,-1,-1,1,1
"319941","201601QA10316",2,19,0,18,0,0,0,0,0,0,4,1,6,1,6,2402,2,12,5,1
"319951","201601QA10317",1,9,0,9,0,1,0,0,0,0,3,1,6,1,5,-1,-1,-1,4,1
"319961","201601QA10317",2,3,0,14,0,1,0,0,0,0,1,1,6,1,5,-1,-1,-1,6,1
"319991","201601QA10319",1,2,0,18,0,2,0,4,0,0,1,1,1,1,4,49,1,6,3,1
"320001","201601QA10320",1,11,0,9,0,8,0,0,0,0,4,1,1,1,6,7300,2,12,7,1
"320011","201601QA10320",2,9,0,9,0,8,0,0,0,0,3,1,6,1,-1,2148,2,13,-1,-1
"320021","201601QA10321",1,9,0,18,0,0,0,0,0,0,4,1,6,1,7,2179,2,9,5,1
"320031","201601QA10322",1,9,0,14,0,0,0,0,0,0,1,1,2,1,6,1398,1,3,6,1
"320041","201601QA10323",1,9,0,6,0,8,0,0,0,0,3,1,1,1,6,1498,1,1,1,1
"320051","201601QA10323",2,4,0,13,0,8,0,0,1,0,1,1,6,1,7,-1,-1,-1,4,1
"320061","201601QA10324",1,9,0,2,0,0,0,0,0,0,2,1,6,3,-1,1461,2,5,-1,-1
"320071","201601QA10324",2,19,0,18,0,0,0,4,8,4,1,1,6,1,8,2151,2,13,6,3
"320081","201601QA10326",1,9,0,18,0,1,0,0,0,0,1,1,6,3,-1,1796,1,9,-1,-1
"320091","201601QA10329",1,9,0,18,0,8,0,0,0,0,3,1,6,1,7,1995,2,11,5,1
"320101","201601QA10329",2,9,0,18,0,8,0,0,0,0,1,1,6,1,4,999,1,4,7,1
"320111","201601QA10330",1,9,0,18,0,8,0,0,0,0,1,1,1,1,8,1598,2,4,3,1
"320121","201601QA10331",1,9,0,3,0,0,0,0,0,0,2,1,2,1,7,1240,1,12,7,1
"320131","201601QA10331",2,9,0,18,0,0,0,0,0,0,1,1,6,1,-1,-1,-1,-1,-1,-1
"320141","201601QA10332",1,8,0,3,0,0,0,0,0,0,3,1,1,1,6,1797,8,5,5,1
"320151","201601QA10332",2,9,0,14,0,0,0,0,0,0,4,1,6,1,-1,-1,-1,-1,-1,-1
"320161","201601QA10333",1,9,0,5,0,8,0,0,0,0,1,1,6,1,11,998,1,3,10,1
"320171","201601QA10333",2,9,0,18,0,8,0,10,7,0,4,1,6,2,9,1598,1,1,-1,-1
"320181","201601QA10334",1,1,0,6,0,0,0,0,0,0,2,1,6,1,2,-1,-1,-1,7,1
"320191","201601QA10334",2,9,0,18,0,0,0,0,0,0,1,1,6,2,-1,-1,-1,-1,-1,-1
"320201","201601QA10335",1,9,0,16,0,8,0,10,0,0,1,1,6,1,5,1149,1,11,8,1
"320211","201601QA10336",1,9,0,18,0,8,0,0,1,0,1,1,6,1,8,1240,1,10,4,1
"320221","201601QA10336",2,9,0,9,0,8,0,0,0,0,1,1,6,2,9,1598,1,8,5,1
"320231","201601QA10337",1,9,0,18,0,8,0,0,0,0,3,1,6,2,5,1229,1,5,6,1
"320241","201601QA10337",2,9,0,18,0,8,0,0,0,0,4,1,6,1,4,1598,2,1,6,1
"320251","201601QA10338",1,3,0,14,0,8,0,0,0,0,1,1,2,1,4,125,1,3,6,1
"320261","201601QA10339",1,9,0,7,0,8,0,0,0,0,3,1,2,1,7,1242,1,8,7,3
"320271","201601QA10339",2,1,0,18,0,8,0,0,0,0,1,1,2,1,9,-1,-1,-1,-1,-1
"320281","201601QA10340",1,1,0,9,0,8,0,0,0,0,4,1,6,1,2,-1,-1,-1,3,1
"320291","201601QA10340",2,9,0,18,0,8,0,0,0,0,1,1,6,2,8,1598,2,-1,6,1
"320301","201601QA10341",1,9,0,1,0,6,0,0,0,0,4,1,3,2,-1,-1,-1,-1,-1,-1
"320311","201601QA10342",1,9,0,18,0,0,0,0,0,0,1,1,6,1,8,1896,2,10,7,1
"320321","201601QA10342",2,19,0,3,0,0,0,0,0,0,2,1,6,1,8,-1,-1,-1,5,1
"320331","201601QA10342",3,9,0,3,0,0,0,0,0,0,2,1,6,2,7,-1,-1,-1,4,1
"320341","201601QA10343",1,11,0,18,0,2,0,0,0,0,0,1,1,1,5,-1,-1,-1,-1,-1
"320371","201601QA10345",1,9,0,9,0,8,0,0,0,0,1,1,6,1,-1,-1,-1,-1,-1,-1
"320381","201601QA10345",2,9,0,18,0,8,0,0,0,0,1,1,6,2,-1,-1,-1,-1,-1,-1
"320401","201601QA10351",1,9,0,18,0,6,0,0,0,0,1,1,6,1,8,1198,1,14,4,1
"320411","201601QA10353",1,9,0,18,0,0,0,0,0,0,3,1,1,1,8,1396,1,17,3,1
"320421","201601QA10353",2,9,0,4,0,0,0,0,0,0,1,1,6,1,8,2148,2,13,3,1
"320431","201601QA10357",1,9,0,18,0,0,0,4,7,10,1,1,6,1,6,1598,1,14,5,1
"320441","201601QA10358",1,9,0,4,0,0,0,0,0,0,2,1,2,1,-1,1968,2,-1,6,1
"320451","201601QA10358",2,9,0,4,0,0,0,0,0,0,1,1,2,1,9,1840,1,20,4,1
"320461","201601QA10359",1,9,0,18,0,0,0,0,0,0,3,1,6,1,9,1896,2,16,10,1
"320471","201601QA10359",2,9,0,18,0,0,0,0,0,0,3,1,6,2,-1,1389,1,13,-1,-1
"320481","201601QA10362",1,8,0,5,0,2,0,0,0,0,1,1,1,1,9,1686,2,4,5,1
"320491","201601QA10363",1,9,0,18,0,0,0,0,0,0,1,1,6,2,8,1598,1,1,3,1
"320501","201601QA10363",2,9,0,3,0,0,0,0,0,0,2,1,6,1,5,1596,1,11,4,1
"320511","201601QA10363",3,19,0,3,0,0,0,0,0,0,2,1,6,1,6,1753,2,5,4,1
"320521","201601QA10364",1,9,0,9,0,8,0,0,0,0,1,1,2,1,5,1968,2,2,5,1
"320531","201601QA10364",2,2,0,18,0,8,0,0,0,0,1,1,1,1,9,-1,-1,-1,3,1
"320541","201601QA10365",1,9,0,9,0,8,0,0,0,0,1,1,6,2,7,1896,2,12,5,1
"320551","201601QA10365",2,9,0,14,0,8,0,0,0,0,4,1,6,3,-1,-1,-1,-1,-1,-1
"320561","201601QA10368",1,3,0,18,0,8,0,0,0,0,1,1,2,1,4,124,1,3,5,1
"320571","201601QA10368",2,9,0,9,0,5,0,0,1,0,4,1,6,1,6,1200,1,-1,2,1
"320581","201601QA10374",1,9,0,6,0,0,0,0,0,0,3,1,6,1,-1,-1,-1,-1,-1,-1
"320591","201601QA10374",2,3,0,14,0,0,0,0,0,0,1,1,6,1,-1,124,1,-1,-1,-1
"320601","201601QA10375",1,3,0,14,0,0,0,0,0,0,4,1,6,1,6,125,1,10,8,3
"320611","201601QA10376",1,1,0,18,0,8,0,0,0,0,1,1,6,1,6,-1,-1,-1,3,1
"320621","201601QA10376",2,19,0,7,0,8,0,0,0,0,4,1,6,3,-1,-1,-1,-1,-1,-1
"320631","201601QA10385",1,9,0,3,0,0,0,4,1,0,3,1,6,2,9,-1,-1,-1,7,1
"320641","201601QA10393",1,11,0,9,0,8,0,0,0,0,0,1,1,1,8,7300,2,14,-1,-1
"320651","201601QA10396",1,1,0,18,0,8,0,0,0,0,1,1,6,1,4,-1,-1,-1,-1,-1
"320661","201601QA10396",2,19,0,18,0,8,0,0,0,0,4,1,6,1,-1,2198,2,9,-1,-1
"320671","201601QA10402",1,19,0,18,0,1,0,0,0,0,2,2,6,1,7,-1,-1,-1,3,1
"320681","201601QA10402",2,9,0,18,0,1,0,0,0,0,1,1,6,2,6,1995,2,11,5,1
"320691","201601QA10402",3,9,0,18,0,1,0,0,0,0,1,1,6,2,9,1197,1,4,7,1