"","Acc_Index","Vehicle_Reference","Vehicle_Type","Towing_and_Articulation","Vehicle_Manoeuvre","Vehicle_Location.Restricted_Lane","Junction_Location","Skidding_and_Overturning","Hit_Object_in_Carriageway","Vehicle_Leaving_Carriageway","Hit_Object_off_Carriageway","X1st_Point_of_Impact","Was_Vehicle_Left_Hand_Drive","Journey_Purpose_of_Driver","Sex_of_Driver","Age_Band_of_Driver","Engine_Capacity_.CC.","Propulsion_Code","Age_of_Vehicle","Driver_IMD_Decile","Driver_Home_Area_Type"
"320701","201601QA10431",1,9,0,3,0,0,0,0,0,0,2,1,2,2,8,1685,2,2,8,1
"320711","201601QA10431",2,9,0,18,0,0,0,0,0,0,1,1,2,1,5,1242,1,10,10,1
"320721","201601QA10444",1,9,0,4,0,1,0,0,0,0,2,1,6,1,6,1798,1,8,1,1
"320731","201601QA10444",2,9,0,18,0,1,0,0,0,0,1,1,6,2,6,1368,1,1,-1,-1
"320741","201601QA10446",1,1,0,18,0,8,0,0,0,0,1,1,6,1,7,-1,-1,-1,-1,-1
"320751","201601QA10446",2,9,0,10,0,8,0,0,0,0,3,1,1,1,-1,-1,-1,-1,-1,-1
"320761","201601QA10450",1,9,0,4,0,8,0,0,0,0,4,1,2,1,9,2494,8,1,10,1
"320771","201601QA10458",1,11,0,7,0,2,0,0,0,0,3,1,1,1,9,-1,-1,-1,-1,-1
"320781","201601QA10459",1,9,0,16,0,0,0,0,0,0,1,1,6,1,6,-1,-1,-1,-1,-1
"320791","201601QA10459",2,9,0,3,0,0,0,0,0,0,1,1,6,1,7,2179,2,6,6,1
"322681","201601QK50163",1,9,0,4,0,1,0,0,0,0,2,1,2,2,6,1397,1,8,3,1
"322691","201601QK50163",2,9,0,18,0,1,0,0,0,0,1,1,6,1,-1,-1,-1,-1,-1,-1
"323551","201601QK50241",1,11,0,18,0,8,0,0,0,0,0,1,1,1,7,9000,2,9,5,1
"32385","201601QK50259",1,9,0,9,0,8,0,0,0,0,3,1,6,1,9,1461,2,13,6,1
"32386","201601QK50259",2,2,0,18,0,8,0,0,0,0,1,1,6,1,6,125,1,5,6,1
"32498","201601QK50343",1,9,0,18,0,8,0,10,7,4,1,1,6,2,8,1597,1,14,3,1
"32499","201601QK50343",2,9,0,9,0,8,0,0,0,0,0,1,6,2,7,2979,1,13,6,1
"32529","201601QK50367",1,9,0,16,0,2,0,0,0,0,1,1,6,2,5,1198,1,1,6,2
"32815","201601QK50561",1,5,0,18,0,1,0,0,0,0,0,1,6,1,4,600,1,13,4,1
"32956","201601QK50659",1,9,0,18,0,0,0,0,0,0,1,1,6,3,-1,-1,-1,-1,-1,-1
"334621","201601RG40314",1,9,0,9,0,8,0,0,0,0,1,1,6,2,7,1995,2,2,3,1
"33463","201601RG40314",2,8,0,9,0,8,0,0,0,0,3,1,6,1,8,2664,2,16,8,1
"339711","201601RY10108",1,4,0,4,0,0,0,0,0,0,4,1,6,1,8,102,1,2,7,3
"341051","201601RY10198",1,9,0,7,0,8,0,0,0,0,3,1,6,2,7,1149,1,10,2,1
"341061","201601RY10198",2,5,0,15,0,8,0,0,0,0,1,1,6,1,8,883,1,1,-1,-1
"35441","201601TD00014",1,9,0,18,0,0,0,0,0,0,1,1,6,1,5,1995,1,10,9,1
"35449","201601TD00021",1,9,0,18,0,1,1,9,3,1,1,1,6,1,6,1796,1,13,3,1
"35453","201601TD00024",1,9,0,18,0,0,0,0,0,0,1,1,6,2,9,1339,1,12,10,1
"35499","201601TD00058",1,1,0,18,0,2,0,0,0,0,3,1,6,2,5,-1,-1,-1,5,1
"35500","201601TD00058",2,21,0,13,0,2,0,0,0,0,4,1,1,1,8,9290,2,4,1,1
"355051","201601TD00064",1,9,0,18,0,1,0,0,0,0,3,1,6,2,9,4701,1,13,5,1
"35515","201601TD00070",1,5,0,18,0,1,0,0,0,0,2,1,6,1,8,1250,1,10,4,1
"35516","201601TD00071",1,9,0,18,0,0,0,0,0,0,1,1,6,2,5,1339,1,13,2,1
"35517","201601TD00071",2,21,0,18,0,0,0,0,0,0,1,1,1,1,8,11705,2,7,8,1
"35521","201601TD00075",1,4,0,18,0,0,0,0,0,0,1,1,6,1,6,-1,-1,-1,2,1
"35522","201601TD00075",2,4,0,18,0,0,0,0,0,0,1,1,6,1,5,636,1,12,3,1
"35528","201601TD00084",1,9,0,18,0,0,0,10,7,10,1,1,6,1,11,1389,1,11,9,1
"35532","201601TD00088",1,9,0,7,0,2,0,7,7,0,1,1,6,1,-1,1388,1,14,-1,-1
"35539","201601TW06013",1,9,0,4,0,0,0,0,0,0,2,1,2,2,7,1796,1,4,7,1
"35540","201601TW06013",2,9,0,4,0,0,0,0,0,0,2,1,2,1,7,-1,-1,-1,4,1
"35541","201601TW06013",3,9,0,18,0,0,0,0,0,0,1,1,6,2,7,1968,2,1,9,1
"35542","201601TW60002",1,9,0,1,0,8,0,0,0,0,2,1,2,1,7,1997,2,7,10,1
"35543","201601TW60002",2,3,0,4,0,8,0,0,0,0,1,1,1,1,5,125,1,10,8,1
"35544","201601TW60003",1,1,0,18,0,0,0,0,0,0,3,1,2,1,8,-1,-1,-1,4,1
"35545","201601TW60003",2,9,0,13,0,0,0,0,0,0,1,1,6,1,-1,-1,-1,-1,-1,-1
"355461","201601TW60004",1,9,0,18,0,0,1,0,2,4,1,1,6,1,6,1796,1,14,9,1
"355471","201601TW60005",1,1,0,14,4,0,0,4,0,0,1,1,6,1,4,-1,-1,-1,9,1
"35548","201601TW60005",2,9,0,2,4,0,0,0,0,0,3,1,6,3,-1,-1,-1,-1,-1,-1
"35549","201601TW60006",1,9,0,11,0,0,0,0,0,0,3,1,6,1,9,1956,2,3,4,1
"35550","201601TW60006",2,19,0,18,0,0,0,0,0,0,4,1,1,1,7,2148,2,10,4,1
"35551","201601TW60008",1,9,0,18,0,8,0,0,0,0,3,1,2,1,5,1968,2,1,10,1
"35552","201601TW60008",2,9,0,18,0,8,0,0,0,0,3,1,1,1,7,1398,2,12,4,1
"35553","201601TW60009",1,9,0,7,0,8,0,0,0,0,1,1,2,1,8,1968,2,2,6,1
"35554","201601TW60010",1,1,0,17,0,8,0,0,0,0,4,1,2,1,6,-1,-1,-1,8,1
"35555","201601TW60010",2,19,0,18,0,8,0,0,0,0,1,1,1,1,-1,1998,2,12,8,1
"35556","201601TW60011",1,9,0,18,0,8,0,0,0,0,1,1,2,1,11,-1,-1,-1,7,1
"35557","201601TW60011",2,3,0,9,0,8,0,0,0,0,4,1,1,1,7,125,1,7,7,1
"35558","201601TW60012",1,3,0,4,0,8,0,0,0,0,0,1,1,1,6,109,1,2,4,1
"35559","201601TW60012",2,9,0,4,0,8,0,0,0,0,0,1,2,2,7,1598,2,2,7,1
"35560","201601TW60013",1,9,0,7,0,8,0,0,0,0,1,1,2,1,7,1461,2,2,7,1
"35561","201601TW60014",1,3,0,5,0,0,0,4,0,0,3,1,1,1,5,124,1,1,5,1
"35562","201601TW60014",2,11,0,2,0,0,0,0,0,0,3,1,1,1,9,9600,2,15,-1,-1
"35563","201601TW60014",3,19,0,13,0,0,0,0,0,0,1,1,1,3,-1,-1,-1,-1,-1,-1
"35564","201601TW60015",1,9,0,18,0,0,0,0,0,0,1,1,6,3,-1,-1,-1,-1,-1,-1
"35565","201601TW60016",1,1,0,18,0,8,0,0,0,0,1,1,6,1,-1,-1,-1,-1,-1,-1
"35566","201601TW60017",1,1,0,18,0,8,0,0,0,0,2,1,2,1,7,-1,-1,-1,6,1
"35567","201601TW60017",2,19,0,18,0,8,0,0,0,0,1,1,4,1,-1,-1,-1,-1,9,1
"35568","201601TW60018",1,9,0,3,0,8,0,0,0,0,2,1,2,1,6,1797,8,5,2,1
"35569","201601TW60018",2,9,0,4,0,8,1,0,0,0,1,1,2,1,8,1560,2,2,4,1
"35570","201601TW60019",1,9,0,18,0,8,0,0,0,0,1,1,6,2,7,1390,1,10,4,1
"35571","201601TW60020",1,9,0,12,0,0,0,0,0,0,3,1,6,1,6,1995,2,10,7,1
"35572","201601TW60020",2,3,0,13,0,0,0,0,1,0,1,1,6,1,4,109,1,2,3,1
"35573","201601TW60021",1,3,0,16,0,8,1,0,0,0,4,1,2,1,7,649,1,1,6,1
"35574","201601TW60022",1,9,0,18,0,8,0,0,0,0,1,1,6,3,-1,-1,-1,-1,-1,-1
"35575","201601TW60023",1,9,0,18,0,8,0,0,0,0,1,2,3,2,7,2204,2,9,9,1
"35576","201601TW60023",2,9,0,7,0,8,0,0,0,0,1,1,3,2,6,1242,1,1,2,1
"35577","201601TW60024",1,19,0,4,0,8,0,0,0,0,2,1,6,1,8,1560,2,1,7,1
"35578","201601TW60024",2,9,0,4,0,8,0,0,0,0,1,1,6,1,-1,1997,2,6,-1,-1
"35579","201601TW60025",1,11,0,3,0,8,0,0,0,0,2,1,1,1,8,9000,2,7,8,1
"35580","201601TW60025",2,2,0,15,0,8,0,0,0,0,1,1,1,1,5,124,1,1,4,1
"35581","201601TW60026",1,9,0,2,0,8,0,0,0,0,3,1,6,1,9,2497,1,6,3,1
"35582","201601TW60026",2,1,0,14,0,8,0,4,0,0,1,1,1,2,7,-1,-1,-1,8,1
"35583","201601TW60027",1,1,0,9,0,8,0,0,0,0,1,1,2,1,8,-1,-1,-1,9,1
"35584","201601TW60028",1,9,0,18,0,0,0,0,0,0,1,1,2,2,8,1242,1,9,8,1
"35585","201601TW60028",2,9,0,18,0,0,0,11,1,0,1,1,6,1,9,1997,2,9,9,1
"35586","201601TW60028",3,9,0,18,0,0,0,0,1,0,1,1,6,1,11,1896,2,18,3,1
"35587","201601TW60029",1,9,0,18,0,8,0,0,0,0,1,1,6,1,9,1299,1,15,7,1
"35588","201601TW60029",2,9,0,9,0,8,0,0,0,0,1,1,2,1,9,1461,2,4,6,1
"35589","201601TW60030",1,9,0,18,0,8,1,4,0,0,4,1,3,2,6,-1,-1,-1,7,1
"35590","201601TW60030",2,9,0,2,0,8,1,0,0,0,3,1,6,2,5,1900,2,11,7,1
"35591","201601TW60030",3,9,0,18,0,8,0,0,0,0,4,1,6,2,10,-1,-1,-1,3,1
"35592","201601TW60031",1,9,0,18,0,0,0,0,0,0,1,1,6,1,-1,-1,-1,-1,-1,-1
"35593","201601TW60032",1,11,0,5,0,0,0,0,0,0,0,1,1,1,9,4461,2,3,2,1
"35594","201601TW60033",1,9,0,14,0,0,0,4,1,0,1,1,6,2,11,1587,1,12,9,1
"35595","201601TW60033",2,9,0,2,0,0,0,0,0,0,3,1,1,1,6,-1,-1,-1,-1,-1
"35596","201601TW60035",1,3,0,14,0,8,0,0,0,0,1,1,2,1,6,125,1,1,-1,-1
"35597","201601TW60035",2,9,0,6,0,8,0,0,0,0,3,1,2,2,8,1995,2,12,9,1
"35598","201601TW60036",1,11,0,18,0,8,0,0,1,0,0,1,1,1,6,3900,2,11,4,1
"35599","201601TW60037",1,9,0,5,0,0,0,0,0,0,3,1,6,2,7,1360,1,10,5,1
"35600","201601TW60037",2,11,0,14,0,0,0,0,0,0,1,1,1,1,9,4500,2,8,5,1
"35601","201601TW60038",1,9,0,3,0,8,0,0,0,0,2,1,1,2,8,-1,-1,-1,6,1
"35602","201601TW60038",2,19,0,4,0,8,0,0,0,0,1,1,2,1,8,1995,2,9,5,1
"35603","201601TW60040",1,1,0,15,0,8,0,0,0,0,1,1,2,1,6,-1,-1,-1,-1,-1
"35604","201601TW60040",2,11,0,3,0,8,0,0,1,0,0,1,1,1,-1,-1,-1,-1,-1,-1
"35605","201601TW60041",1,9,0,4,0,8,0,0,0,0,2,1,6,1,5,1968,2,1,10,1
"35606","201601TW60041",2,19,0,4,0,8,0,0,0,0,1,1,1,1,7,2143,2,4,3,1
"35607","201601TW60043",1,9,0,13,0,0,0,0,0,0,4,1,6,1,11,1318,1,1,5,1
"35608","201601TW60043",2,1,0,18,0,0,0,0,0,0,3,1,2,2,7,-1,-1,-1,9,1
"35609","201601TW60044",1,9,0,14,0,8,0,0,0,0,1,1,6,2,9,1329,1,7,9,1
"35610","201601TW60045",1,3,0,18,0,8,0,0,0,0,1,1,6,2,6,125,1,11,2,1
"35611","201601TW60045",2,9,0,9,0,8,0,0,0,0,3,1,6,1,8,1587,1,14,9,1
"35612","201601TW60046",1,5,0,18,0,0,1,0,0,0,1,1,4,1,7,-1,-1,-1,-1,-1
"35613","201601TW60047",1,1,0,13,0,0,0,0,0,0,1,1,2,1,7,-1,-1,-1,-1,-1
"35614","201601TW60047",2,9,0,18,0,0,0,0,0,0,3,1,6,1,-1,1984,1,1,9,1
"35615","201601TW60048",1,5,0,18,0,0,0,0,0,0,1,1,2,1,6,599,1,9,9,1
"35616","201601TW60048",2,9,0,9,0,0,0,0,0,0,4,1,6,2,10,1390,1,3,8,1
"35617","201601TW60049",1,1,0,18,0,8,0,0,0,0,0,1,2,2,9,-1,-1,-1,9,1
"35618","201601TW60049",2,19,0,18,0,8,0,0,0,0,0,1,6,1,-1,-1,-1,-1,-1,-1
"35619","201601TW60050",1,9,0,4,0,0,0,0,0,0,4,1,2,2,7,1796,1,2,8,1
"35620","201601TW60051",1,9,0,9,0,8,0,0,0,0,2,1,6,2,8,-1,-1,-1,10,1
"35621","201601TW60051",2,9,0,9,0,8,0,0,0,0,1,1,6,2,7,1896,2,7,9,1
"35622","201601TW60051",3,90,0,4,0,8,0,0,0,0,0,1,1,2,6,-1,-1,-1,-1,-1
"35623","201601TW60053",1,1,0,18,0,8,0,0,0,0,3,1,6,1,6,-1,-1,-1,9,1
"35624","201601TW60053",2,9,0,9,0,8,0,0,1,0,1,1,6,2,7,2967,2,5,8,1
"35625","201601TW60055",1,9,0,9,0,8,0,0,0,0,4,1,6,3,-1,-1,-1,-1,-1,-1
"35626","201601TW60058",1,9,0,5,0,8,0,0,0,0,3,1,6,2,10,1339,1,12,10,1
"356271","201601TW60058",2,1,0,13,0,8,0,0,0,0,1,1,2,1,8,-1,-1,-1,5,1
"356281","201601TW60059",1,3,0,18,0,8,0,0,0,0,1,1,2,2,5,124,1,12,6,1
"35629","201601TW60059",2,9,0,9,0,8,0,0,0,0,1,1,6,2,6,998,1,1,6,1
"35630","201601TW60060",1,9,0,14,0,0,0,0,0,0,2,1,2,1,9,1870,2,12,6,1
"35631","201601TW60060",2,3,0,14,0,0,0,0,0,0,1,1,2,1,6,125,1,10,-1,-1
"35632","201601TW60061",1,11,0,17,0,8,0,0,0,0,0,1,1,2,8,4250,2,7,3,1
"35633","201601TW60063",1,9,0,14,0,8,5,4,0,0,4,1,6,2,11,1392,1,22,10,1
"35634","201601TW60063",2,9,0,2,0,8,0,0,0,0,3,1,6,1,5,1598,2,2,-1,-1
"35635","201601TW60065",1,8,0,3,0,0,0,0,0,0,1,1,1,1,7,1798,8,3,9,1
"35636","201601TW60065",2,19,0,1,0,0,0,0,0,0,2,1,6,1,-1,1468,1,10,6,1
"35637","201601TW60066",1,9,0,16,0,8,0,0,0,0,4,1,6,2,8,1968,2,2,6,1
"35638","201601TW60067",1,9,0,9,0,8,0,0,0,0,1,1,6,2,11,1399,1,9,5,1
"35639","201601TW60067",2,1,0,18,0,8,0,0,0,0,1,1,6,1,7,-1,-1,-1,3,1
"35640","201601TW60068",1,1,0,18,0,0,0,12,0,0,4,1,2,1,8,-1,-1,-1,9,1
"35641","201601TW60069",1,1,0,14,0,8,0,0,0,0,3,1,2,1,5,-1,-1,-1,5,1
"35642","201601TW60069",2,9,0,13,0,8,0,0,0,0,4,1,6,1,-1,1970,2,14,-1,-1
"35643","201601TW60070",1,9,0,3,0,8,0,0,0,0,2,1,6,2,9,1197,1,1,9,1
"35644","201601TW60070",2,9,0,3,0,8,0,0,0,0,1,1,6,1,-1,2148,2,14,-1,-1
"35645","201601TW60070",3,9,0,4,0,8,0,0,0,0,1,1,6,2,-1,2204,2,8,10,1
"35646","201601TW60071",1,9,0,3,0,8,0,0,0,0,2,1,6,1,7,1999,1,11,9,1
"35647","201601TW60071",2,9,0,18,0,8,0,0,0,0,1,1,6,1,-1,1995,2,12,-1,-1
"35648","201601TW60072",1,9,0,9,0,8,0,0,0,0,3,1,1,1,7,2967,2,1,7,1
"35649","201601TW60073",1,1,0,18,9,8,0,0,0,0,1,1,6,1,5,-1,-1,-1,6,1
"35650","201601TW60074",1,3,0,18,0,0,0,0,0,0,4,1,6,1,4,125,1,11,5,1
"35651","201601TW60074",2,9,0,18,0,0,0,0,1,0,3,1,2,1,6,1196,1,20,4,1
"35652","201601TW60075",1,9,0,18,0,0,0,0,0,0,2,1,6,1,8,2179,2,9,7,1
"35653","201601TW60075",2,19,0,11,0,0,0,0,0,0,4,1,1,1,6,6370,2,5,9,1
"35654","201601TW60076",1,5,0,18,0,8,0,0,0,0,1,1,6,1,6,-1,-1,-1,8,3
"35655","201601TW60076",2,8,0,9,0,8,0,0,0,0,1,1,2,1,6,1797,8,5,3,1
"356561","201601TW60077",1,1,0,18,0,0,0,0,0,0,1,1,2,1,8,-1,-1,-1,10,1
"35657","201601TW60077",2,9,0,13,0,0,0,0,0,0,4,1,2,1,6,-1,-1,-1,4,1
"35658","201601TW60078",1,8,0,3,0,8,0,0,0,0,2,1,1,1,7,1560,2,2,8,1
"35659","201601TW60078",2,8,0,18,0,8,0,0,0,0,1,1,1,1,7,1798,8,2,4,1
"35660","201601TW60079",1,9,0,9,0,8,0,0,0,0,3,1,6,1,4,-1,-1,-1,10,1
"35661","201601TW60079",2,1,0,18,0,8,0,0,0,0,1,1,6,1,3,-1,-1,-1,9,1
"35662","201601TW60080",1,8,0,5,0,0,0,0,0,0,4,1,6,1,7,1968,2,2,10,1
"35663","201601TW60081",1,5,0,9,0,8,0,0,0,0,4,1,2,2,6,745,1,2,9,1
"35664","201601TW60081",2,9,0,18,0,8,0,0,0,0,1,1,2,1,7,1598,1,8,8,1
"35665","201601TW60082",1,19,0,9,0,8,0,0,0,0,3,1,1,1,6,1896,2,8,6,1
"35666","201601TW60082",2,1,0,18,0,8,0,0,0,0,1,1,2,1,5,-1,-1,-1,9,1
"35667","201601TW60083",1,9,0,9,0,8,0,0,0,0,1,1,2,1,8,1968,2,7,5,1
"35668","201601TW60083",2,9,0,18,0,8,0,0,0,0,1,1,1,2,8,1591,1,4,5,1
"35669","201601TW60084",1,19,0,14,0,0,0,0,0,0,4,1,2,1,-1,-1,-1,-1,-1,-1
"35670","201601TW60085",1,9,0,3,0,8,0,0,0,0,2,1,6,2,6,1598,1,6,4,1
"35671","201601TW60085",2,9,0,18,0,8,0,0,0,0,1,1,6,2,7,1995,2,7,9,1
"35672","201601TW60086",1,9,0,9,0,8,0,0,0,0,1,1,6,1,11,1988,1,16,10,1
"35673","201601TW60088",1,1,0,18,0,8,0,0,0,0,1,1,2,1,8,-1,-1,-1,9,1
"35674","201601TW60088",2,9,0,9,0,8,0,0,0,0,4,1,6,1,-1,1242,1,9,-1,-1
"35675","201601TW60089",1,9,0,1,0,8,0,10,7,10,2,1,6,1,5,-1,-1,-1,-1,-1
"35676","201601TW60090",1,3,0,18,0,0,0,0,0,0,0,1,6,1,4,124,1,1,9,1
"35677","201601TW60091",1,1,0,18,0,8,0,0,0,0,1,1,6,1,8,-1,-1,-1,-1,-1
"35678","201601TW60091",2,9,0,7,0,8,0,0,0,0,1,1,6,1,-1,1560,2,4,10,1
"35679","201601TW60093",1,4,0,14,0,0,0,0,0,0,1,1,6,1,4,-1,-1,-1,3,1
"35680","201601TW60094",1,9,0,4,0,0,0,0,0,0,2,1,2,1,6,1560,2,6,8,1
"35681","201601TW60094",2,9,0,18,0,0,0,0,0,0,1,1,4,1,8,1197,1,1,7,1
"35682","201601TW60095",1,9,0,4,0,0,0,0,1,0,4,1,2,1,10,1995,1,9,10,1
"35683","201601TW60096",1,21,0,1,0,0,0,4,0,0,1,1,1,1,6,4250,2,9,3,1
"35684","201601TW60096",2,9,0,2,0,0,0,0,0,0,1,1,6,1,-1,1997,2,6,10,1
"35685","201601TW60097",1,1,0,18,0,8,0,0,0,0,4,1,6,2,8,-1,-1,-1,10,1
"35686","201601TW60097",2,9,0,9,0,8,0,0,0,0,1,1,6,1,6,1587,1,14,5,1
"35687","201601TW60099",1,3,0,14,0,8,0,0,0,0,1,1,6,3,-1,-1,-1,-1,-1,-1
"35688","201601TW60101",1,1,0,18,0,0,0,0,0,0,3,1,6,2,7,-1,-1,-1,2,1
"35689","201601TW60101",2,9,0,13,0,0,0,0,1,0,4,1,6,2,10,1596,1,10,8,1
"35690","201601TW60102",1,11,0,4,0,0,0,0,0,0,0,1,1,1,8,3900,2,11,1,1
"35691","201601TW60103",1,9,0,9,0,0,0,0,0,0,4,1,6,1,9,1998,1,3,8,1
"35692","201601TW60103",2,1,0,18,0,0,0,0,0,0,1,1,6,2,6,-1,-1,-1,8,1
"35693","201601TW60104",1,19,0,9,0,8,0,0,1,0,4,1,2,1,8,2198,2,3,8,1
"35694","201601TW60104",2,1,0,15,0,8,0,0,0,0,1,1,1,1,6,-1,-1,-1,9,1
"35695","201601TW60105",1,4,0,18,0,1,0,0,0,0,1,1,6,1,8,599,1,14,6,1
"35696","201601TW60106",1,9,0,2,0,8,0,0,0,0,2,1,6,1,7,1896,2,9,3,1
"35697","201601TW60106",2,9,0,18,0,8,0,0,0,0,1,1,6,2,-1,1995,2,4,3,1
"35698","201601TW60107",1,4,0,9,0,8,0,0,0,0,3,1,2,1,8,278,1,3,6,1
"35699","201601TW60107",2,9,0,9,0,8,0,0,0,0,1,1,6,1,6,1598,1,1,4,1
"35700","201601TW60109",1,1,0,18,0,8,0,0,0,0,1,1,6,1,7,-1,-1,-1,9,1
"35701","201601TW60109",2,9,0,9,0,8,0,0,0,0,1,1,6,2,8,1395,1,-1,10,1
"35702","201601TW60112",1,11,0,5,0,0,0,0,0,0,0,1,1,1,-1,-1,-1,-1,-1,-1
"35703","201601TW60113",1,9,0,1,0,8,0,4,0,0,2,1,2,2,7,1598,1,11,8,1
"35704","201601TW60113",2,9,0,18,0,8,0,0,0,0,1,1,6,1,-1,-1,-1,-1,-1,-1
"35705","201601TW60114",1,1,0,5,0,8,0,0,0,0,2,1,2,1,7,-1,-1,-1,8,1
"35706","201601TW60114",2,9,0,18,0,8,0,0,0,0,1,1,6,1,-1,998,1,2,6,1
"35707","201601TW60115",1,9,0,2,0,0,0,0,0,0,2,1,6,2,6,1598,1,15,4,1
"35708","201601TW60115",2,9,0,2,0,0,0,0,0,0,2,1,6,1,6,1560,2,2,5,1
"35709","201601TW60115",3,9,0,18,0,0,0,4,0,0,1,1,6,1,6,-1,-1,-1,-1,-1
"35710","201601TW60117",1,1,0,4,5,0,0,0,0,0,2,1,6,2,7,-1,-1,-1,5,1
"35711","201601TW60117",2,1,0,18,5,0,0,0,0,0,1,1,6,2,7,-1,-1,-1,6,1
"35712","201601TW60118",1,9,0,18,0,0,0,0,0,0,3,1,2,2,6,1600,2,6,4,1
"35713","201601TW60118",2,9,0,11,0,0,0,0,0,0,4,1,2,1,6,1968,2,9,9,1
"35714","201601TW60119",1,9,0,5,0,0,0,0,0,0,3,1,6,1,6,1560,2,11,9,1
"35715","201601TW60119",2,90,0,18,0,0,0,0,0,0,1,1,4,1,-1,-1,-1,-1,9,1
"35716","201601TW60120",1,9,0,4,0,8,0,0,0,0,1,1,6,1,11,1248,1,7,6,1
"35717","201601TW60120",2,9,0,4,0,8,0,0,0,0,2,1,2,1,7,-1,-1,-1,5,1
"35718","201601TW60123",1,9,0,11,0,3,0,0,0,0,3,1,1,2,8,1461,2,1,4,1
"35719","201601TW60123",2,9,0,5,0,3,0,0,1,0,1,1,6,2,8,1388,1,12,8,1
"35720","201601TW60124",1,11,0,4,0,0,0,0,0,0,0,1,1,3,-1,4500,2,6,-1,-1
"35721","201601TW60125",1,1,0,9,0,8,0,0,0,0,3,1,6,2,8,-1,-1,-1,7,1
"35722","201601TW60125",2,9,0,9,0,8,0,0,0,0,4,1,6,1,-1,1995,2,7,-1,-1
"35723","201601TW60127",1,9,0,13,0,8,0,0,0,0,4,1,4,1,-1,-1,-1,-1,-1,-1
"35724","201601TW60127",2,1,0,18,0,8,0,0,0,0,1,1,4,1,3,-1,-1,-1,6,1
"35725","201601TW60128",1,1,0,18,0,8,0,0,1,0,1,1,2,1,8,-1,-1,-1,-1,-1
"35726","201601TW60128",2,9,0,7,0,8,0,0,0,0,4,1,6,2,-1,2148,2,12,-1,-1
"35727","201601TW60129",1,19,0,4,0,8,0,0,0,0,1,1,1,1,6,2198,2,1,10,1
"35728","201601TW60130",1,4,0,14,0,0,0,0,0,0,1,1,6,1,5,-1,-1,-1,9,1
"35729","201601TW60130",2,9,0,18,0,0,0,0,0,0,1,1,6,2,9,1598,1,19,2,1
"35730","201601TW60132",1,9,0,18,0,0,5,7,0,0,1,1,6,1,5,1368,1,7,9,1
"35731","201601TW60132",2,9,0,2,4,0,0,0,0,0,1,1,6,2,-1,-1,-1,-1,4,1
"35732","201601TW60133",1,9,0,3,0,0,0,0,0,0,3,1,1,1,6,1560,2,2,4,1
"35733","201601TW60133",2,19,0,18,0,0,0,0,0,0,1,1,6,1,5,-1,-1,-1,8,1
"35734","201601TW60133",3,9,0,4,0,0,0,0,0,0,3,1,1,1,-1,-1,-1,-1,-1,-1
"35735","201601TW60135",1,1,0,18,0,0,0,0,0,0,3,1,6,1,8,-1,-1,-1,-1,-1
"35736","201601TW60135",2,5,0,13,0,0,0,0,0,0,4,1,6,3,-1,-1,-1,-1,-1,-1
"35737","201601TW60136",1,19,0,6,0,0,0,0,0,0,3,1,6,1,8,1968,2,5,6,1
"35738","201601TW60136",2,4,0,13,0,0,0,0,0,0,1,1,6,1,4,124,1,6,3,1
"35739","201601TW60137",1,1,0,9,0,8,0,0,0,0,1,1,2,1,6,-1,-1,-1,5,1
"35740","201601TW60137",2,9,0,5,0,8,0,0,0,0,1,1,1,1,-1,1686,2,10,10,1
"35741","201601TW60139",1,9,0,3,0,0,0,0,0,0,2,1,6,1,9,1598,1,11,7,1
"35742","201601TW60139",2,90,0,18,0,0,0,0,0,0,1,1,6,1,-1,-1,-1,-1,8,1
"35743","201601TW60140",1,9,0,18,0,8,0,0,0,0,1,1,6,2,8,1240,1,6,7,1
"35744","201601TW60140",2,9,0,9,0,5,0,0,0,0,4,1,6,1,4,1364,1,10,2,1
"35745","201601TW60141",1,9,0,10,0,8,0,0,0,0,0,1,6,1,7,1956,2,1,3,1
"35746","201601TW60141",2,5,0,18,0,8,0,0,0,0,1,1,6,1,9,200,1,11,10,1
"35747","201601TW60142",1,9,0,18,0,0,0,10,7,0,1,1,6,1,5,1197,1,-1,6,1
"35748","201601TW60142",2,9,0,18,0,0,0,0,0,0,1,1,6,1,9,1149,1,9,5,1
"35749","201601TW60143",1,9,0,3,0,1,0,0,0,0,2,1,6,1,10,1796,1,14,4,1
"35750","201601TW60143",2,19,0,18,0,1,0,0,0,0,1,1,1,1,9,2488,2,4,6,1
"35751","201601TW60144",1,1,0,9,0,8,0,0,0,0,3,1,2,2,5,-1,-1,-1,8,2
"35752","201601TW60144",2,19,0,14,0,8,0,0,0,0,1,1,2,1,-1,-1,-1,-1,-1,-1
"35753","201601TW60145",1,9,0,9,0,8,0,0,0,0,3,1,6,2,7,1798,1,5,6,1
"35754","201601TW60145",2,5,0,18,0,8,0,0,0,0,1,1,2,1,6,600,1,12,4,1
"35755","201601TW60146",1,9,0,18,0,2,0,0,0,0,3,1,6,2,9,1296,1,9,7,1
"35756","201601TW60148",1,5,0,13,0,8,0,0,0,0,1,1,6,1,9,649,1,14,3,1
"35757","201601TW60148",2,9,0,4,0,8,0,0,0,0,1,1,6,2,-1,-1,-1,-1,7,1