"","Acc_Index","Vehicle_Reference","Vehicle_Type","Towing_and_Articulation","Vehicle_Manoeuvre","Vehicle_Location.Restricted_Lane","Junction_Location","Skidding_and_Overturning","Hit_Object_in_Carriageway","Vehicle_Leaving_Carriageway","Hit_Object_off_Carriageway","X1st_Point_of_Impact","Was_Vehicle_Left_Hand_Drive","Journey_Purpose_of_Driver","Sex_of_Driver","Age_Band_of_Driver","Engine_Capacity_.CC.","Propulsion_Code","Age_of_Vehicle","Driver_IMD_Decile","Driver_Home_Area_Type"
"35758","201601TW60149",1,9,0,18,0,0,0,0,0,0,3,1,6,1,7,2979,1,11,7,1
"35759","201601TW60150",1,11,0,18,0,8,0,0,0,0,0,1,1,1,8,6700,2,5,6,1
"35760","201601TW60151",1,19,0,4,0,8,0,0,0,0,1,1,2,1,7,1598,2,5,-1,-1
"35761","201601TW60151",2,9,0,18,0,8,0,0,0,0,2,1,2,2,7,2987,2,6,8,1
"35762","201601TW60152",1,1,0,18,0,0,0,0,0,0,1,1,2,1,8,-1,-1,-1,-1,-1
"357631","201601TW60152",2,9,0,3,0,0,0,0,1,0,2,1,1,1,7,-1,-1,-1,5,1
"357641","201601TW60153",1,9,0,5,0,1,0,0,0,0,3,1,1,1,7,1797,8,6,5,1
"35765","201601TW60153",2,5,0,14,0,1,0,0,0,0,1,1,6,1,6,918,1,17,3,1
"35766","201601TW60154",1,9,0,1,0,0,0,0,0,0,4,1,6,2,7,1598,1,5,8,1
"35767","201601TW60154",2,3,0,18,0,0,0,0,0,0,1,1,6,1,-1,-1,-1,-1,-1,-1
"35768","201601TW60155",1,9,0,18,0,1,0,0,0,0,1,1,6,1,6,1390,1,4,4,1
"35769","201601TW60155",2,19,0,4,0,1,0,0,0,0,2,1,1,1,6,-1,-1,-1,4,1
"35770","201601TW60156",1,19,0,11,0,0,1,0,1,0,4,1,1,1,5,-1,-1,-1,9,1
"35771","201601TW60156",2,19,0,18,0,0,0,0,0,0,3,1,6,1,7,2148,2,11,3,1
"35772","201601TW60157",1,9,0,18,0,1,0,0,0,0,1,1,6,2,6,2987,2,7,10,1
"35773","201601TW60158",1,11,0,5,0,0,0,0,0,0,0,1,1,1,-1,-1,-1,-1,-1,-1
"35774","201601TW60159",1,11,0,13,0,8,0,0,0,0,4,1,6,1,9,3900,2,11,5,1
"35775","201601TW60159",2,1,0,18,0,8,0,0,0,0,3,1,6,1,6,-1,-1,-1,9,1
"35776","201601TW60160",1,9,0,6,0,0,0,0,0,0,3,1,6,1,7,2967,2,2,6,1
"35777","201601TW60160",2,3,0,18,0,0,0,0,0,0,1,1,1,1,5,-1,-1,-1,3,1
"35778","201601TW60161",1,9,0,7,0,0,0,0,0,0,4,1,6,1,5,1242,1,3,10,1
"35779","201601TW60161",2,1,0,15,0,0,0,0,0,0,3,1,6,1,6,-1,-1,-1,8,1
"35780","201601TW60162",1,9,0,18,0,8,0,0,0,0,1,1,6,2,6,1995,2,7,8,1
"35781","201601TW60162",2,9,0,18,0,8,0,0,0,0,2,2,6,1,7,998,1,8,7,1
"35782","201601TW60162",3,19,0,18,0,8,0,0,0,0,3,1,1,1,7,2198,2,2,1,1
"35783","201601TW60163",1,9,0,9,0,8,0,0,0,0,1,1,6,1,9,1596,1,10,5,1
"35784","201601TW60163",2,1,0,18,0,8,0,0,0,0,2,1,6,2,9,-1,-1,-1,8,1
"35785","201601TW60164",1,3,0,18,0,0,0,0,0,0,4,1,6,2,7,49,1,5,3,1
"35786","201601TW60164",2,19,0,13,0,0,0,0,0,0,3,1,6,1,6,-1,-1,-1,4,1
"35787","201601TW60166",1,9,0,9,0,8,0,0,0,0,3,1,2,1,7,4196,1,12,6,1
"35788","201601TW60167",1,19,0,18,0,8,0,0,0,0,1,1,1,1,6,1995,2,3,3,1
"35789","201601TW60167",2,9,0,9,0,8,0,0,0,0,3,1,6,1,-1,-1,-1,-1,-1,-1
"35790","201601TW60168",1,1,0,18,0,0,0,0,0,0,3,1,2,2,6,-1,-1,-1,10,1
"35791","201601TW60169",1,9,0,9,0,5,0,0,0,0,1,1,6,1,10,-1,-1,-1,9,1
"35792","201601TW60169",2,3,0,18,0,8,0,0,0,0,4,1,1,1,6,125,1,6,3,1
"35793","201601TW60171",1,9,0,18,0,0,0,0,1,2,1,1,6,1,6,1390,1,16,4,1
"35794","201601TW60172",1,9,0,9,0,5,0,0,0,0,1,1,2,1,6,1400,1,10,4,1
"35795","201601TW60172",2,1,0,18,0,8,0,0,0,0,1,1,6,1,7,-1,-1,-1,9,1
"35796","201601TW60173",1,9,0,2,0,1,0,0,0,0,3,1,1,1,9,2400,2,6,9,1
"35797","201601TW60173",2,1,0,18,0,1,0,8,0,0,1,1,2,1,8,-1,-1,-1,6,1
"35798","201601TW60174",1,9,0,4,0,0,0,0,0,0,3,1,6,2,9,999,1,10,4,1
"35799","201601TW60175",1,9,0,18,0,1,0,0,0,0,4,1,6,2,9,1339,1,8,9,3
"35800","201601TW60176",1,9,0,18,0,8,0,0,0,0,3,1,6,1,5,998,1,1,10,1
"35801","201601TW60176",2,9,0,18,0,8,0,0,0,0,1,1,1,1,8,-1,-1,-1,-1,-1
"35802","201601TW60177",1,9,0,9,0,8,0,0,0,0,4,1,6,2,11,1781,1,14,5,1
"35803","201601TW60177",2,1,0,15,0,8,0,0,0,0,1,1,2,1,7,-1,-1,-1,7,1
"35804","201601TW60178",1,3,0,18,0,8,0,0,0,0,1,1,6,1,4,-1,-1,-1,9,1
"35805","201601TW60178",2,9,0,18,0,8,0,0,0,0,3,1,6,1,8,1997,1,4,7,1
"35806","201601TW60179",1,4,0,18,0,0,0,0,0,0,1,1,2,1,6,675,1,1,7,1
"35807","201601TW60179",2,19,0,11,0,0,0,0,0,0,4,1,6,2,6,-1,-1,-1,9,3
"35810","201601TW60182",1,3,0,16,0,1,1,0,0,0,4,1,1,1,5,124,1,2,7,1
"35811","201601TW60183",1,9,0,9,0,8,0,0,0,0,3,1,6,2,7,-1,-1,-1,4,1
"35812","201601TW60183",2,4,0,18,0,8,0,0,0,0,1,1,6,1,6,649,1,9,8,1
"35813","201601TW60184",1,3,0,18,0,8,0,0,0,0,3,1,6,1,6,125,1,5,2,1
"35814","201601TW60184",2,9,0,18,0,8,0,0,0,0,1,1,6,3,-1,1999,1,3,-1,-1
"35815","201601TW60185",1,9,0,11,0,1,0,0,0,0,2,1,6,1,9,1598,2,1,-1,-1
"35816","201601TW60185",2,1,0,15,0,1,0,0,0,0,1,1,6,1,5,-1,-1,-1,7,1
"35817","201601TW60191",1,9,0,7,0,8,0,0,0,0,4,1,6,3,-1,-1,-1,-1,-1,-1
"35818","201601TW60192",1,11,0,4,0,0,0,0,0,0,0,1,1,1,9,4500,2,8,4,1
"35819","201601TW60193",1,19,0,13,0,8,0,0,0,0,1,2,6,1,8,-1,-1,-1,10,1
"35820","201601TW60193",2,1,0,9,0,8,0,0,0,0,3,1,6,2,6,-1,-1,-1,-1,-1
"35821","201601TW60194",1,1,0,18,0,8,0,0,0,0,1,1,2,1,6,-1,-1,-1,8,1
"35822","201601TW60194",2,9,0,9,0,8,0,0,0,0,1,1,2,1,8,1995,1,8,-1,-1
"35823","201601TW60195",1,1,0,13,0,0,0,0,0,0,1,1,6,2,5,-1,-1,-1,6,1
"35824","201601TW60195",2,9,0,6,0,0,0,0,0,0,3,1,6,1,5,1390,1,7,4,1
"35825","201601TW60196",1,9,0,9,0,5,0,0,0,0,4,1,6,2,8,-1,-1,-1,-1,1
"35826","201601TW60196",2,9,0,14,2,8,0,0,0,0,1,1,6,1,4,-1,-1,-1,-1,1
"35827","201601TW60197",1,2,0,16,0,0,0,0,0,0,4,1,2,1,5,124,1,6,8,1
"35828","201601TW60197",2,19,0,17,0,0,0,0,0,0,0,1,1,1,5,-1,-1,-1,3,1
"35829","201601TW60198",1,8,0,18,0,6,0,0,0,0,1,1,1,1,8,1896,2,6,8,1
"35830","201601TW60198",2,1,0,18,0,8,0,0,0,0,4,1,6,1,8,-1,-1,-1,9,1
"35831","201601TW60199",1,9,0,16,0,2,0,0,0,0,4,1,6,2,9,1968,2,5,9,1
"35832","201601TW60199",2,1,0,15,0,2,0,0,1,0,3,1,2,2,8,-1,-1,-1,-1,-1
"35833","201601TW60200",1,11,0,4,0,1,0,0,0,0,0,1,1,1,6,9000,2,6,5,1
"35834","201601TW60201",1,3,0,10,0,8,0,0,0,0,4,1,6,2,6,124,1,9,4,1
"35835","201601TW60201",2,9,0,5,0,8,0,0,0,0,3,1,6,3,-1,1995,2,8,-1,-1
"35836","201601TW60202",1,19,0,9,0,8,0,0,0,0,4,1,2,1,7,2198,2,8,9,1
"35837","201601TW60202",2,1,0,18,0,8,0,0,0,0,1,1,1,1,9,-1,-1,-1,10,1
"35838","201601TW60203",1,9,0,18,0,0,0,0,0,0,4,1,6,1,8,-1,-1,-1,10,1
"35839","201601TW60204",1,1,0,18,0,2,0,0,0,0,0,1,6,1,6,-1,-1,-1,3,1
"35840","201601TW60204",2,9,0,5,0,2,0,0,0,0,0,1,6,3,-1,-1,-1,-1,-1,-1
"35841","201601TW60205",1,3,0,18,0,2,1,0,0,0,1,1,1,1,4,125,1,7,3,1
"35842","201601TW60206",1,19,0,4,0,1,0,0,0,0,2,1,6,1,7,1995,2,2,5,1
"35843","201601TW60206",2,9,0,18,0,1,0,0,0,0,1,1,6,3,-1,-1,-1,-1,-1,-1
"35844","201601TW60207",1,9,0,9,0,1,0,0,0,0,3,1,1,1,9,2776,2,9,3,1
"35845","201601TW60207",2,4,0,18,0,1,0,0,0,0,1,1,6,1,8,-1,-1,-1,5,1
"35846","201601TW60208",1,9,0,4,0,1,0,0,0,0,2,1,6,2,6,2143,2,2,3,1
"35847","201601TW60208",2,8,0,18,0,1,0,0,0,0,1,1,1,1,7,1560,2,3,2,1
"35848","201601TW60209",1,3,0,18,0,8,0,0,0,0,1,1,1,1,6,-1,-1,-1,3,1
"35849","201601TW60210",1,1,0,18,0,8,0,0,0,0,1,1,2,1,5,-1,-1,-1,10,1
"35850","201601TW60210",2,9,0,9,0,5,0,0,0,0,1,1,2,1,-1,1198,1,12,3,1
"35851","201601TW60211",1,1,0,18,0,8,1,0,0,0,1,1,6,1,10,-1,-1,-1,-1,-1
"35852","201601TW60211",2,9,0,9,0,6,0,0,0,0,1,1,6,1,-1,1796,1,13,-1,-1
"35853","201601TW60212",1,1,0,18,0,8,0,0,0,0,1,1,6,1,8,-1,-1,-1,6,1
"35854","201601TW60212",2,9,0,7,0,5,0,0,0,0,3,1,6,2,5,1389,1,23,8,1
"35855","201601TW60213",1,9,0,2,0,8,0,0,0,0,3,1,6,1,8,1396,1,15,7,1
"35856","201601TW60213",2,1,0,14,0,8,0,4,0,0,4,1,6,1,8,-1,-1,-1,5,1
"35857","201601TW60215",1,9,0,4,0,8,0,0,0,0,3,1,1,1,6,4966,1,11,-1,-1
"35858","201601TW60216",1,9,0,4,0,0,0,0,0,0,2,1,6,2,6,1598,1,12,8,1
"35859","201601TW60216",2,1,0,18,0,0,0,0,0,0,1,1,6,1,3,-1,-1,-1,8,1
"35860","201601TW60217",1,9,0,18,0,0,0,0,0,0,3,1,1,1,7,2993,2,-1,7,1
"35861","201601TW60217",2,5,0,13,0,0,0,0,0,0,4,1,1,1,7,649,1,8,10,1
"35862","201601TW60218",1,1,0,18,0,1,0,0,0,0,1,1,1,1,6,-1,-1,-1,4,1
"35863","201601TW60219",1,3,0,4,0,0,1,4,0,0,1,1,6,1,4,125,1,-1,8,1
"35864","201601TW60219",2,9,0,2,0,0,0,0,0,0,1,1,6,3,-1,1799,1,6,-1,-1
"35865","201601TW60220",1,9,0,17,0,8,0,0,0,0,3,1,6,1,5,1984,2,-1,4,1
"35866","201601TW60220",2,1,0,18,0,8,0,0,0,0,4,1,6,1,7,-1,-1,-1,3,1
"35867","201601TW60223",1,9,0,9,0,5,0,0,0,0,4,1,6,2,6,1240,1,12,7,1
"35868","201601TW60223",2,9,0,18,0,8,0,0,0,0,1,1,6,2,6,1997,2,8,9,1
"35869","201601TW60225",1,9,0,5,0,8,0,0,0,0,1,1,6,2,6,1229,1,3,7,1
"35870","201601TW60225",2,1,0,9,0,8,0,0,0,0,4,1,6,1,6,-1,-1,-1,10,1
"35871","201601TW60226",1,9,0,17,0,8,0,0,0,0,4,1,1,1,8,1198,1,11,-1,-1
"35872","201601TW60226",2,1,0,7,0,8,0,0,0,0,1,1,6,2,5,-1,-1,-1,10,1
"35873","201601TW60227",1,5,0,18,0,8,0,0,0,0,3,1,6,1,7,750,1,24,-1,-1
"35874","201601TW60228",1,9,0,4,0,0,0,0,1,0,2,1,6,1,5,1248,2,9,2,1
"35875","201601TW60228",2,9,0,4,0,0,0,0,0,0,2,1,6,1,10,1995,2,3,8,1
"35876","201601TW60228",3,9,0,18,0,0,0,0,0,0,1,1,6,2,5,1248,2,8,3,1
"35877","201601TW60231",1,9,0,7,0,0,0,0,0,0,4,1,6,2,9,2000,2,10,9,1
"35878","201601TW60231",2,1,0,15,0,0,0,0,0,0,3,1,6,1,8,-1,-1,-1,7,1
"35879","201601TW60233",1,9,0,18,0,8,0,10,0,0,4,1,6,2,8,1299,1,13,9,1
"35880","201601TW60233",2,9,0,9,0,6,0,0,0,0,1,1,6,1,6,1995,2,8,-1,-1
"35881","201601TW60234",1,1,0,13,0,0,0,12,0,0,4,1,6,1,5,-1,-1,-1,6,1
"35882","201601TW60235",1,1,0,18,0,5,0,0,0,0,1,1,6,1,6,-1,-1,-1,7,1
"35883","201601TW60235",2,9,0,9,0,8,0,0,0,0,4,1,6,2,6,-1,-1,-1,3,1
"35884","201601TW60236",1,11,0,17,0,8,0,0,0,0,0,1,1,1,8,4500,2,4,-1,-1
"35885","201601TW60237",1,16,0,18,0,2,0,0,0,0,1,1,1,1,5,-1,-1,-1,8,1
"35886","201601TW60237",2,16,0,18,0,2,0,0,0,0,2,1,1,1,6,-1,-1,-1,6,1
"35887","201601TW60237",3,19,0,13,0,2,0,0,0,0,4,1,1,1,8,2461,2,10,2,1
"35888","201601TW60239",1,9,0,18,0,1,0,0,0,0,1,1,6,1,8,1991,2,9,9,1
"35889","201601TW60240",1,3,0,18,0,0,1,0,0,0,1,1,2,1,6,125,1,3,4,1
"35890","201601TW60240",2,9,0,4,0,0,0,0,0,0,2,1,2,1,7,1749,7,13,6,1
"35891","201601TW60241",1,1,0,18,0,0,0,0,0,0,1,1,6,2,9,-1,-1,-1,5,1
"35892","201601TW60241",2,9,0,13,0,0,0,0,0,0,4,1,6,2,-1,1360,1,11,-1,-1
"35893","201601TW60242",1,9,0,7,0,8,0,0,0,0,3,1,6,2,7,1600,2,6,9,1
"35894","201601TW60242",2,9,0,18,0,8,0,4,0,0,4,1,6,1,6,1997,1,15,10,1
"35895","201601TW60242",3,9,0,2,0,2,0,0,0,0,3,1,6,1,9,1600,1,12,9,1
"35896","201601TW60242",4,9,0,2,0,2,0,0,0,0,2,1,6,2,7,1598,1,8,-1,-1
"35897","201601TW60243",1,9,0,1,0,1,0,0,0,0,2,1,6,2,-1,1124,1,14,-1,-1
"35898","201601TW60245",1,19,0,18,0,2,0,0,0,0,4,1,1,1,7,1868,2,12,6,3
"35899","201601TW60245",2,1,0,5,0,6,0,0,0,0,1,1,6,2,7,-1,-1,-1,7,1
"35900","201601TW60246",1,9,0,18,0,0,0,10,1,10,4,1,6,1,5,1968,2,6,2,1
"35901","201601TW60248",1,8,0,9,0,8,0,0,0,0,3,1,1,1,7,1339,8,7,2,1
"35902","201601TW60248",2,19,0,18,0,8,1,0,0,0,1,1,1,1,7,-1,-1,-1,3,1
"35903","201601TW60249",1,9,0,18,0,0,0,0,0,0,1,1,2,2,9,1395,1,2,10,1
"35904","201601TW60249",2,1,0,18,0,0,0,0,0,0,1,1,6,1,7,-1,-1,-1,10,1
"35905","201601TW60252",1,9,0,18,0,0,0,10,1,2,4,1,6,2,7,1896,2,8,9,1
"35906","201601TW60253",1,9,0,7,0,8,0,0,0,0,2,1,1,1,9,-1,-1,-1,9,1
"35907","201601TW60253",2,1,0,18,0,1,0,0,0,0,1,1,6,1,-1,-1,-1,-1,7,1
"35908","201601TW60254",1,9,0,18,0,8,0,0,1,10,3,1,6,1,4,1390,1,13,4,1
"35909","201601TW60254",2,9,0,9,0,8,0,0,0,0,1,1,6,3,-1,1749,1,13,-1,-1
"35910","201601TW60255",1,9,0,18,0,8,0,0,0,0,3,1,6,2,6,998,1,1,5,1
"35911","201601TW60255",2,9,0,11,0,8,0,0,0,0,4,1,6,3,-1,-1,-1,-1,-1,-1
"35912","201601TW60256",1,19,0,9,0,8,0,0,0,0,0,1,6,1,-1,-1,-1,-1,-1,-1
"35913","201601TW60258",1,2,0,13,0,1,0,0,0,0,4,1,6,1,8,124,1,3,8,1
"35914","201601TW60258",2,19,0,4,0,1,0,0,0,0,3,1,1,1,9,2143,2,5,10,1
"35915","201601TW60259",1,9,0,18,9,0,0,0,0,0,1,1,6,3,-1,1364,1,8,-1,-1
"35916","201601TW60260",1,8,0,4,0,1,0,0,0,0,1,1,2,1,7,2148,2,8,4,1
"35917","201601TW60260",2,9,0,4,0,1,0,0,0,0,2,1,6,2,5,1298,1,13,-1,-1
"35918","201601TW60261",1,9,0,7,0,0,0,0,0,0,4,1,6,1,5,1364,1,1,9,1
"35919","201601TW60261",2,1,0,15,0,0,0,0,0,0,1,1,6,2,6,-1,-1,-1,6,1
"35920","201601TW60262",1,1,0,5,0,6,0,0,0,0,4,1,2,2,5,-1,-1,-1,7,1
"35921","201601TW60262",2,9,0,18,0,2,0,0,0,0,1,1,6,1,-1,-1,-1,-1,-1,-1
"35922","201601TW60263",1,9,0,18,0,0,0,0,0,0,1,1,6,1,-1,1998,1,8,-1,-1
"35923","201601TW60263",2,1,0,18,0,0,0,0,0,0,1,1,6,1,6,-1,-1,-1,9,1
"35924","201601TW60264",1,9,0,4,0,0,0,0,0,0,2,1,1,1,7,-1,-1,-1,6,1
"35925","201601TW60264",2,9,0,18,0,0,0,0,0,0,1,1,1,1,6,-1,-1,-1,7,1
"35926","201601TW60265",1,9,0,18,0,8,0,0,0,0,3,1,1,1,8,1796,1,4,7,1
"35927","201601TW60265",2,1,0,17,0,8,0,0,0,0,4,1,6,1,9,-1,-1,-1,10,1
"35928","201601TW60266",1,19,0,9,0,8,0,0,0,0,3,1,1,1,4,1560,2,5,6,1
"35929","201601TW60266",2,9,0,18,0,8,0,0,0,0,1,1,6,1,6,1596,1,11,-1,-1
"35930","201601TW60267",1,9,0,18,0,2,0,10,1,2,4,1,6,2,11,1497,8,12,10,1
"35931","201601TW60268",1,9,0,5,0,1,0,0,0,0,4,1,6,1,-1,1956,2,3,7,1
"35932","201601TW60268",2,1,0,15,0,1,0,0,0,0,3,1,6,1,6,-1,-1,-1,7,1
"35933","201601TW60269",1,2,0,16,0,2,0,0,7,2,1,1,6,1,5,-1,-1,-1,8,1
"35934","201601TW60270",1,11,0,18,0,1,0,0,0,0,1,1,1,1,8,4500,2,7,6,1
"35935","201601TW60270",2,9,0,18,0,2,0,0,0,0,1,1,6,1,7,1390,1,4,3,1
"35936","201601TW60271",1,9,0,18,0,8,0,0,0,0,1,1,6,1,6,1598,1,15,2,1
"35937","201601TW60271",2,1,0,17,0,8,0,0,0,0,3,1,6,1,7,-1,-1,-1,10,1
"35938","201601TW60272",1,1,0,15,0,0,0,0,0,0,2,1,6,2,7,-1,-1,-1,9,1
"35939","201601TW60272",2,9,0,5,0,0,0,0,0,0,0,1,6,1,-1,2982,2,1,-1,-1
"35940","201601TW60273",1,1,0,17,0,0,0,0,1,0,4,1,6,1,9,-1,-1,-1,-1,-1
"35941","201601TW60275",1,4,0,4,0,2,0,0,0,0,1,1,2,1,8,278,1,1,9,1
"35942","201601TW60276",1,9,0,18,0,8,0,0,0,0,1,1,2,1,6,1796,1,8,6,1
"35943","201601TW60276",2,9,0,4,0,8,0,0,0,0,2,1,6,1,-1,1598,2,5,-1,-1
"35944","201601TW60278",1,1,0,18,0,0,0,0,0,0,3,1,6,1,9,-1,-1,-1,8,1
"35945","201601TW60278",2,9,0,13,0,0,0,0,0,0,4,1,6,3,-1,-1,-1,-1,-1,-1
"35946","201601TW60280",1,9,0,18,0,8,0,0,0,0,4,1,6,1,6,1598,2,3,5,1
"35947","201601TW60280",2,9,0,18,0,8,0,0,0,0,3,1,6,2,9,1497,8,9,7,1
"35948","201601TW60281",1,9,0,9,0,8,0,0,0,0,1,1,6,1,8,1587,1,16,10,1
"35949","201601TW60281",2,1,0,9,0,8,0,0,0,0,3,1,6,2,8,-1,-1,-1,9,1
"35952","201601TW60286",1,9,0,3,0,8,0,0,0,0,2,1,6,1,9,1397,1,14,7,1
"35953","201601TW60286",2,9,0,18,0,8,0,0,0,0,1,1,6,2,6,899,1,1,6,1
"35954","201601TW60287",1,9,0,9,0,0,0,0,0,0,3,1,6,1,7,1798,8,4,5,1
"35955","201601TW60287",2,1,0,18,0,0,0,0,0,0,1,1,2,2,6,-1,-1,-1,10,1
"35956","201601TW60289",1,1,0,18,0,2,0,0,0,0,2,1,6,1,6,-1,-1,-1,8,1
"35957","201601TW60289",2,9,0,13,0,2,0,0,0,0,4,1,6,3,-1,-1,-1,-1,-1,-1
"35958","201601TW60290",1,9,0,18,0,1,0,0,0,0,1,1,6,2,8,1596,1,2,7,1
"35959","201601TW60291",1,1,0,9,0,8,1,0,0,0,0,1,1,1,10,-1,-1,-1,7,1
"35960","201601TW60292",1,9,0,5,0,0,0,0,0,0,2,1,6,1,7,2198,2,8,5,1
"35961","201601TW60292",2,1,0,18,0,0,0,0,0,0,1,1,2,1,5,-1,-1,-1,3,1
"35962","201601TW60294",1,1,0,18,0,0,0,10,1,0,2,1,6,2,8,-1,-1,-1,10,1
"35963","201601TW60294",2,20,0,13,0,0,0,0,0,0,4,1,6,3,-1,-1,-1,-1,-1,-1
"35966","201601TW60296",1,9,0,2,0,0,0,0,0,0,3,1,6,1,7,1850,1,16,4,1
"35967","201601TW60296",2,1,0,14,0,0,0,4,0,0,1,1,2,2,7,-1,-1,-1,10,1
"35968","201601TW60297",1,1,0,14,0,0,0,0,0,0,1,1,6,1,5,-1,-1,-1,9,1
"35969","201601TW60297",2,9,0,13,0,0,0,0,0,0,2,1,6,3,-1,-1,-1,-1,-1,-1
"35970","201601TW60299",1,9,0,16,0,8,0,0,0,0,3,1,2,2,5,1995,2,5,6,1
"35971","201601TW60299",2,21,1,9,0,8,0,0,0,0,4,1,1,1,10,6374,2,3,4,1
"35972","201601TW60300",1,9,0,3,0,0,0,0,0,0,2,1,6,2,6,1598,1,10,8,1
"35973","201601TW60300",2,19,0,18,0,0,0,0,0,0,1,1,2,1,-1,2198,2,6,-1,-1
"359741","201601TW60302",1,5,0,14,0,8,0,0,0,0,1,1,2,1,6,599,1,9,7,1
"359751","201601TW60303",1,19,0,18,0,0,0,0,1,5,4,1,2,1,5,1753,2,12,6,1
"35976","201601TW60305",1,9,0,9,0,8,0,0,0,0,3,1,2,2,4,1390,1,2,9,1
"35977","201601TW60305",2,4,0,13,0,8,0,0,0,0,1,1,6,1,7,249,1,-1,5,1
"35978","201601TW60306",1,1,0,18,0,8,0,0,0,0,1,1,2,1,6,-1,-1,-1,4,1
"35979","201601TW60306",2,9,0,7,0,8,0,0,0,0,4,1,1,1,7,-1,-1,-1,2,1
"35980","201601TW60307",1,9,0,6,0,0,0,0,0,0,1,1,6,1,6,998,1,2,3,1
"35981","201601TW60307",2,3,0,13,0,0,0,0,0,0,3,1,6,1,7,459,1,12,10,1
"35982","201601TW60308",1,9,0,3,0,8,0,0,0,0,2,1,6,2,9,1598,1,3,9,1
"35983","201601TW60308",2,3,0,18,0,8,0,0,0,0,1,1,2,1,4,124,1,6,2,1
"35984","201601TW60309",1,1,0,18,0,8,0,0,0,0,3,1,1,1,4,-1,-1,-1,4,1
"35985","201601TW60309",2,9,0,9,0,8,0,0,0,0,1,1,6,2,-1,-1,-1,-1,-1,-1
"35986","201601TW60310",1,3,0,14,0,8,0,0,0,0,1,1,2,1,6,124,1,3,9,1
"35987","201601TW60310",2,8,0,9,0,8,0,0,0,0,3,1,1,1,8,2143,2,1,2,1
"35988","201601TW60311",1,9,0,18,0,8,0,0,0,0,4,1,6,1,7,1798,1,3,6,1
"35989","201601TW60311",2,4,0,9,0,8,0,0,1,0,3,1,6,1,7,125,1,6,9,1
"35990","201601TW60312",1,9,0,4,0,8,0,0,0,0,2,1,2,2,6,1398,1,14,4,1
"35991","201601TW60312",2,3,0,18,0,8,0,0,0,0,1,1,6,1,6,124,1,13,6,1
"35992","201601TW60314",1,1,0,18,5,8,0,0,0,0,1,1,6,2,10,-1,-1,-1,5,1
"35993","201601TW60314",2,9,0,7,0,8,0,0,0,0,3,1,6,2,6,1598,1,7,5,1
"35994","201601TW60315",1,9,0,18,0,0,0,10,1,0,1,1,6,2,6,998,1,16,5,1
"35995","201601TW60316",1,1,0,18,0,8,0,0,0,0,3,1,2,1,6,-1,-1,-1,2,1
"35996","201601TW60316",2,9,0,18,0,8,0,0,0,0,1,1,6,1,-1,1229,1,3,-1,-1
"35997","201601TW60318",1,8,0,3,0,8,0,0,0,0,2,1,1,1,9,2402,2,10,10,1
"35998","201601TW60318",2,9,0,18,0,8,0,0,0,0,1,1,6,3,-1,1968,2,11,-1,-1
"35999","201601TW60326",1,9,0,7,0,8,0,0,0,0,4,1,6,1,-1,1600,1,12,9,1
"36000","201601TW60326",2,1,0,18,0,8,0,0,0,0,1,1,2,1,-1,-1,-1,-1,9,1
"36001","201601TW60332",1,1,0,18,0,8,0,4,0,0,1,1,6,2,4,-1,-1,-1,7,1
"36002","201601TW60332",2,9,0,2,0,8,0,0,0,0,3,1,6,1,-1,1896,2,17,4,1
"36003","201601TW60332",3,9,0,2,0,7,0,0,0,0,3,1,6,2,11,998,1,2,4,1
"36165","201601TX20118",1,9,0,4,0,8,0,0,0,0,4,1,6,1,9,1598,1,8,2,1
"36209","201601TX20144",1,9,0,18,0,0,0,0,0,0,1,1,6,1,7,1199,1,12,7,1
"36210","201601TX20144",2,9,0,18,0,0,0,0,0,0,2,1,6,1,7,1997,1,11,4,1
"36917","201601TX20627",1,9,0,4,0,0,0,0,0,0,1,1,6,2,6,998,1,-1,2,1
"37014","201601VK30018",1,9,0,18,0,8,0,0,1,0,1,1,2,2,-1,1598,1,1,9,1
"38163","201601WW50158",1,9,0,18,0,8,0,0,0,0,1,1,6,2,6,1461,2,1,4,1
"38164","201601WW50158",2,9,0,9,0,8,0,0,0,0,1,1,6,2,7,1598,2,5,7,1
"38403","201601WW50305",1,3,0,18,0,8,0,0,0,0,1,1,6,1,4,125,1,-1,4,1
"38404","201601WW50305",2,9,0,6,0,8,0,0,0,0,3,1,6,2,7,1596,1,13,7,3
"38423","201601WW50318",1,9,0,10,0,8,0,0,0,0,2,1,6,1,6,1956,2,6,7,1
"38424","201601WW50318",2,9,0,18,0,8,0,0,0,0,1,1,6,2,6,1390,1,8,8,3
"38425","201601WW50318",3,9,0,18,0,1,0,0,0,0,1,1,6,2,4,1242,1,6,4,1
"38469","201601WW50345",1,9,0,16,0,8,0,0,0,0,1,1,6,1,9,1798,8,4,6,1
"38470","201601WW50345",2,1,0,18,0,8,0,0,0,0,1,1,6,1,8,-1,-1,-1,2,1
"388651","201601WW50582",1,9,0,7,0,8,0,4,1,10,4,1,6,2,11,1587,1,10,5,1
"388711","201601WW50586",1,9,0,16,0,8,0,0,0,0,4,1,6,2,5,1598,1,12,9,1
"388721","201601WW50586",2,1,0,18,0,8,0,0,0,0,3,1,6,1,8,-1,-1,-1,6,1