"","Acc_Index","Vehicle_Reference","Vehicle_Type","Towing_and_Articulation","Vehicle_Manoeuvre","Vehicle_Location.Restricted_Lane","Junction_Location","Skidding_and_Overturning","Hit_Object_in_Carriageway","Vehicle_Leaving_Carriageway","Hit_Object_off_Carriageway","X1st_Point_of_Impact","Was_Vehicle_Left_Hand_Drive","Journey_Purpose_of_Driver","Sex_of_Driver","Age_Band_of_Driver","Engine_Capacity_.CC.","Propulsion_Code","Age_of_Vehicle","Driver_IMD_Decile","Driver_Home_Area_Type"
"389871","201601WW50655",1,9,0,9,0,8,0,0,0,0,1,1,6,1,6,1560,2,11,6,1
"389881","201601WW50655",2,1,0,15,0,8,0,0,0,0,1,1,6,1,6,-1,-1,-1,5,1
"390731","201601X071847",1,8,0,18,0,2,0,0,0,0,4,1,1,1,8,-1,-1,-1,-1,1
"390741","201601X071859",1,1,0,18,4,1,0,0,0,0,1,1,6,1,5,-1,-1,-1,-1,1
"390751","201601X072469",1,1,0,18,0,1,0,0,0,0,3,1,2,1,7,-1,-1,-1,-1,1
"390761","201601X072469",2,9,0,13,0,1,0,0,0,0,4,1,1,1,9,-1,-1,-1,-1,1
"390771","201601X072527",1,8,0,11,0,1,0,0,0,0,4,1,1,1,7,-1,-1,-1,-1,1
"390781","201601X072527",2,3,0,18,0,1,0,0,0,0,3,1,2,1,8,-1,-1,-1,-1,1
"390791","201601X072539",1,5,0,15,0,1,0,0,0,0,1,1,2,1,8,-1,-1,-1,-1,1
"390801","201601X073907",1,20,0,18,0,8,0,0,0,0,4,1,1,1,6,-1,-1,-1,-1,1
"42846","201601ZD30000",1,9,0,4,0,0,0,0,0,0,1,1,6,2,8,1299,1,15,6,1
"42847","201601ZD30000",2,9,0,4,0,0,0,0,0,0,2,1,6,2,7,1560,2,3,3,1
"42848","201601ZD30002",1,11,0,18,0,8,0,0,0,0,0,1,6,1,6,9200,2,12,2,1
"42849","201601ZD30003",1,9,0,4,0,2,0,0,0,0,2,1,6,1,9,3311,8,8,4,1
"42850","201601ZD30003",2,9,0,18,0,2,0,0,0,0,1,1,6,1,-1,1598,1,2,-1,-1
"42851","201601ZD30003",3,9,0,9,0,1,0,0,0,0,0,1,6,3,-1,-1,-1,-1,-1,-1
"42852","201601ZD30004",1,9,0,6,0,8,0,0,0,0,3,1,6,1,4,998,1,4,3,1
"42853","201601ZD30004",2,3,0,18,0,8,0,0,0,0,1,1,6,1,7,-1,-1,-1,6,1
"428541","201601ZD30005",1,9,0,9,0,8,0,0,0,0,2,1,6,1,7,2179,2,2,10,1
"42855","201601ZD30006",1,9,0,9,0,8,0,0,0,0,1,1,6,1,9,-1,-1,-1,5,1
"42856","201601ZD30008",1,9,0,18,0,0,0,0,0,0,1,1,6,1,8,-1,-1,-1,4,1
"42857","201601ZD30008",2,9,0,18,0,0,0,0,0,0,2,1,6,1,8,1968,2,8,4,1
"42858","201601ZD30009",1,9,0,18,0,8,0,0,0,0,1,1,6,1,6,-1,-1,-1,-1,-1
"42859","201601ZD30009",2,2,0,18,0,8,0,0,0,0,1,1,6,1,4,49,1,6,1,1
"42860","201601ZD30012",1,9,0,18,0,8,0,0,0,0,3,1,2,1,8,2231,2,1,7,1
"42861","201601ZD30012",2,9,0,11,0,8,0,0,0,0,4,1,2,1,8,1598,1,3,7,1
"42862","201601ZD30014",1,9,0,9,0,2,0,0,0,0,3,1,6,2,-1,1686,2,8,4,1
"42863","201601ZD30015",1,9,0,7,0,8,0,0,0,0,3,1,6,2,6,2035,1,11,-1,-1
"42864","201601ZD30015",2,9,0,18,0,8,0,0,0,0,1,1,6,3,-1,1597,1,20,-1,-1
"42865","201601ZD30016",1,9,0,18,0,8,0,0,0,0,1,1,6,1,8,1229,1,5,9,1
"42866","201601ZD30016",2,9,0,9,0,8,0,0,0,0,3,1,6,1,5,1360,1,14,5,1
"42867","201601ZD30021",1,9,0,18,0,1,0,0,0,0,1,1,6,1,-1,-1,-1,-1,-1,-1
"42868","201601ZD30022",1,9,0,11,0,0,1,0,2,2,3,1,6,1,11,1590,1,15,8,1
"42869","201601ZD30022",2,9,0,18,0,0,2,0,1,2,4,1,6,1,6,1598,1,11,2,1
"42870","201601ZD30026",1,3,0,5,0,1,0,0,0,0,1,1,1,1,6,125,1,1,9,1
"42871","201601ZD30027",1,9,0,18,0,8,0,0,0,0,4,1,6,1,8,2985,2,11,3,1
"42872","201601ZD30027",2,9,0,18,0,8,0,0,0,0,1,1,6,2,7,2987,2,1,6,1
"42873","201601ZD30028",1,19,0,5,0,0,0,0,0,0,1,1,6,1,7,2143,2,2,6,1
"42874","201601ZD30028",2,9,0,2,0,0,0,0,0,0,1,1,6,3,-1,1948,1,13,-1,-1
"42875","201601ZD30028",3,19,0,2,0,0,0,0,0,0,1,1,6,3,-1,-1,-1,-1,-1,-1
"42876","201601ZD30029",1,9,0,18,0,0,0,10,2,7,1,1,6,2,7,998,1,20,-1,-1
"42877","201601ZD30031",1,9,0,18,0,8,0,0,0,0,1,1,6,1,7,998,1,16,2,1
"42878","201601ZD30031",2,9,0,18,0,8,0,0,0,0,2,1,6,1,7,1968,2,9,5,1
"42879","201601ZD30032",1,9,0,18,0,8,0,0,0,0,2,1,6,2,7,1242,1,12,-1,-1
"42880","201601ZD30032",2,9,0,18,0,8,1,0,0,0,1,1,6,1,9,-1,-1,-1,9,1
"42881","201601ZD30033",1,11,0,18,0,8,0,0,0,0,0,1,6,1,8,9200,2,11,9,1
"42882","201601ZD30035",1,2,0,13,0,1,0,0,0,0,4,1,6,1,7,108,1,1,4,1
"42883","201601ZD30035",2,3,0,12,0,1,0,0,0,0,3,1,6,1,6,-1,-1,-1,2,1
"42884","201601ZD30038",1,9,0,9,0,8,0,0,0,0,1,1,6,2,6,1995,2,8,6,1
"42885","201601ZD30038",2,9,0,18,0,8,0,0,0,0,1,1,6,2,7,1910,2,10,3,1
"42886","201601ZD30039",1,19,0,7,0,8,0,0,0,0,4,1,6,1,-1,-1,-1,-1,-1,-1
"42887","201601ZD30039",2,1,0,7,0,8,0,0,0,0,3,1,6,2,6,-1,-1,-1,2,1
"42888","201601ZD30040",1,9,0,9,0,8,0,0,0,0,0,1,1,1,-1,-1,-1,-1,-1,-1
"42889","201601ZD30040",2,9,0,3,0,8,0,0,0,0,2,1,6,1,8,-1,-1,-1,1,1
"42890","201601ZD30040",3,9,0,18,0,8,0,0,0,0,1,1,6,2,4,-1,-1,-1,4,1
"42891","201601ZD30043",1,9,0,18,0,8,0,0,0,0,2,1,6,1,7,2996,1,8,2,1
"42892","201601ZD30043",2,9,0,18,0,8,0,0,0,0,1,1,6,1,8,1796,1,16,2,1
"42893","201601ZD30044",1,9,0,18,0,8,0,0,0,0,4,1,6,1,9,2148,2,13,-1,-1
"42894","201601ZD30045",1,9,0,5,0,8,0,0,0,0,2,1,6,2,6,1997,1,11,7,1
"42895","201601ZD30045",2,9,0,18,0,8,0,0,0,0,1,2,6,3,-1,-1,-1,-1,-1,-1
"42896","201601ZD30046",1,9,0,18,0,8,0,0,0,0,4,1,6,1,8,-1,-1,-1,3,1
"42897","201601ZD30047",1,9,0,18,0,0,0,0,0,0,3,1,6,1,6,1124,1,16,8,1
"42898","201601ZD30047",2,9,0,18,0,0,0,0,0,0,3,1,2,1,6,1598,1,4,2,1
"42899","201601ZD30048",1,3,0,18,0,8,0,0,0,0,1,1,6,1,6,125,1,1,9,1
"42900","201601ZD30048",2,9,0,9,0,8,0,0,0,0,3,1,6,3,-1,-1,-1,-1,-1,-1
"42901","201601ZD30049",1,9,0,9,0,8,0,0,0,0,3,1,6,1,8,1499,2,2,3,1
"42902","201601ZD30049",2,1,0,18,0,8,0,0,0,0,1,1,6,1,8,-1,-1,-1,3,1
"42903","201601ZD30050",1,9,0,9,0,8,0,0,0,0,3,1,6,1,6,-1,-1,-1,-1,-1
"42904","201601ZD30050",2,3,0,18,0,8,0,0,0,0,1,1,6,1,5,125,1,1,2,1
"42905","201601ZD30051",1,9,0,5,0,8,0,0,0,0,1,1,6,1,-1,-1,-1,-1,-1,-1
"42906","201601ZD30053",1,9,0,18,0,8,0,0,0,0,3,1,6,2,5,1595,2,6,9,1
"42907","201601ZD30054",1,5,0,18,0,0,0,0,0,0,3,1,6,1,7,670,1,4,2,1
"42908","201601ZD30054",2,9,0,15,0,0,0,0,0,0,4,1,6,1,-1,-1,-1,-1,-1,-1
"42909","201601ZD30055",1,9,0,17,0,8,0,0,0,0,1,1,6,2,7,998,1,7,2,1
"42910","201601ZD30055",2,9,0,18,0,8,0,0,0,0,3,1,6,1,-1,-1,-1,-1,-1,-1
"42911","201601ZD30056",1,9,0,18,0,8,0,0,0,0,1,1,6,1,7,-1,-1,-1,5,1
"42912","201601ZD30056",2,9,0,10,0,8,0,0,0,0,2,1,6,2,7,1389,1,10,2,1
"42913","201601ZD30057",1,9,0,9,0,8,0,0,0,0,3,1,6,1,5,1200,1,13,6,1
"42914","201601ZD30057",2,2,0,18,0,8,0,0,0,0,1,1,6,1,7,459,1,14,2,1
"42915","201601ZD30058",1,11,0,18,0,8,0,0,0,0,1,1,6,2,9,9200,2,12,7,1
"42916","201601ZD30059",1,9,0,18,0,8,0,0,0,0,2,1,6,2,-1,2148,2,8,-1,-1
"42917","201601ZD30059",2,9,0,18,0,8,0,0,0,0,1,1,6,1,10,1762,1,19,4,1
"42918","201601ZD30060",1,9,0,18,0,8,0,0,0,0,2,1,6,2,7,1339,8,5,5,1
"42919","201601ZD30060",2,9,0,18,0,8,0,0,0,0,1,1,6,1,6,1587,1,13,-1,-1
"42920","201601ZD30061",1,3,0,18,0,8,0,0,0,0,1,1,6,1,5,125,1,6,4,1
"42921","201601ZD30061",2,9,0,9,0,8,0,0,0,0,1,1,6,2,6,1595,1,7,6,1
"42922","201601ZD30063",1,9,0,17,0,8,0,0,0,0,1,1,6,1,6,1240,1,10,2,1
"42923","201601ZD30063",2,3,0,9,0,8,0,0,0,0,4,1,6,1,6,124,1,8,3,1
"42924","201601ZD30065",1,9,0,18,0,8,0,10,7,10,1,1,6,2,6,1951,2,13,4,1
"42925","201601ZD30065",2,9,0,7,0,8,0,0,0,0,1,1,6,1,-1,1364,1,10,-1,-1
"42926","201601ZD30066",1,11,0,18,0,8,0,0,0,0,4,1,6,1,8,6700,2,9,5,1
"42927","201601ZD30066",2,9,0,3,0,8,0,0,0,0,4,1,6,2,5,1596,1,4,2,1
"42928","201601ZD30067",1,11,0,18,0,8,0,0,0,0,0,1,1,1,9,-1,-1,-1,3,1
"42929","201601ZD30070",1,9,0,18,0,2,0,0,0,0,4,1,2,2,8,1388,1,12,9,1
"42930","201601ZD30073",1,3,0,18,0,0,0,0,0,0,0,1,6,1,6,124,1,2,2,1
"42931","201601ZD30074",1,9,0,18,0,8,0,0,0,0,2,1,6,1,9,1596,1,10,2,1
"42932","201601ZD30074",2,9,0,18,0,8,0,0,0,0,1,1,6,3,-1,-1,-1,-1,-1,-1
"42933","201601ZD30075",1,11,0,9,0,8,0,0,0,0,1,1,1,1,9,3900,2,10,-1,-1
"42934","201601ZD30077",1,9,0,1,0,8,0,0,0,0,2,1,6,2,8,1198,1,11,10,1
"42935","201601ZD30077",2,9,0,6,0,8,0,0,0,0,1,1,6,1,8,1986,2,9,-1,-1
"42936","201601ZD30082",1,9,0,15,0,8,0,0,0,0,3,1,6,2,9,2171,1,13,2,1
"42937","201601ZD30082",2,9,0,9,0,8,0,0,0,0,1,1,6,1,-1,1390,1,6,2,1
"42938","201601ZD30085",1,3,0,9,0,8,0,0,0,0,1,1,6,1,9,-1,-1,-1,10,1
"42939","201601ZD30085",2,9,0,18,0,8,0,0,0,0,3,1,6,1,5,1560,2,1,7,1
"42940","201601ZD30086",1,9,0,18,0,8,0,0,0,0,2,1,6,1,6,1242,1,4,4,1
"42941","201601ZD30086",2,9,0,18,0,8,0,0,0,0,2,1,6,1,7,1598,1,10,-1,-1
"42942","201601ZD30086",3,9,0,18,0,8,0,0,0,0,2,1,6,1,7,1396,1,16,-1,-1
"42943","201601ZD30087",1,9,0,18,0,8,0,7,0,0,3,1,6,1,11,1389,1,19,4,1
"42944","201601ZD30088",1,9,0,18,0,8,1,0,0,0,1,1,2,1,9,1000,1,16,6,1
"42945","201601ZD30091",1,9,0,18,0,0,0,0,0,0,1,1,6,2,5,1193,1,1,2,1
"42946","201601ZD30092",1,9,0,9,0,8,0,0,0,0,4,1,6,1,8,3192,1,8,2,1
"42947","201601ZD30092",2,5,0,18,0,8,0,0,0,0,1,1,6,1,7,1584,1,5,6,1
"42948","201601ZD30093",1,9,0,18,0,8,0,0,0,0,4,1,6,2,5,1229,1,3,3,1
"42949","201601ZD30093",2,9,0,18,0,8,0,0,0,0,1,1,6,1,10,1798,8,1,6,1
"42950","201601ZD30094",1,9,0,9,0,2,0,0,0,0,1,1,6,2,-1,-1,-1,-1,-1,-1
"42951","201601ZD30095",1,9,0,3,0,1,0,0,0,0,2,1,6,2,-1,1229,1,7,5,1
"42952","201601ZD30095",2,9,0,18,0,1,0,0,0,0,1,1,6,1,7,1794,1,9,9,1
"42953","201601ZD30096",1,9,0,18,0,8,0,0,0,0,1,1,6,2,4,1598,1,14,3,1
"42954","201601ZD30096",2,9,0,10,0,8,0,0,0,0,2,1,6,1,7,-1,-1,-1,-1,-1
"42955","201601ZD30097",1,9,0,7,3,8,0,0,0,0,3,1,6,2,8,1968,2,3,9,1
"42956","201601ZD30097",2,1,0,18,0,8,0,0,0,0,1,1,6,1,6,-1,-1,-1,9,1
"42957","201601ZD30098",1,9,0,9,0,8,0,0,0,0,3,1,6,1,9,1999,2,10,5,1
"42958","201601ZD30098",2,5,0,18,0,8,0,0,0,0,1,1,6,1,5,689,1,1,3,1
"42959","201601ZD30099",1,3,0,18,0,1,1,0,0,0,0,1,6,1,6,-1,-1,-1,-1,-1
"42960","201601ZD30100",1,9,0,12,0,0,0,7,0,0,1,1,6,1,5,1995,2,1,6,1
"42961","201601ZD30100",2,9,0,12,0,0,0,0,0,0,1,2,6,1,-1,-1,-1,-1,3,1
"42962","201601ZD30101",1,9,0,4,0,8,0,0,0,0,0,1,6,1,4,1248,2,12,2,1
"42963","201601ZD30101",2,9,0,18,0,8,0,0,0,0,1,1,6,2,-1,1339,1,11,-1,-1
"42964","201601ZD30102",1,9,0,18,0,8,0,0,1,1,4,1,6,2,6,1364,1,7,8,1
"42965","201601ZD30102",2,9,0,18,0,8,0,0,0,0,1,1,6,3,-1,-1,-1,-1,-1,-1
"42967","201601ZD30105",1,9,0,9,0,2,0,0,0,0,1,1,6,3,-1,1398,1,2,-1,-1
"42968","201601ZD30108",1,9,0,18,0,2,0,0,0,0,1,1,6,2,6,1896,2,8,3,1
"42969","201601ZD30108",2,9,0,3,0,2,0,0,0,0,2,1,6,1,7,-1,-1,-1,8,1
"42970","201601ZD30108",3,9,0,3,0,2,0,0,0,0,2,1,6,1,7,-1,-1,-1,-1,-1
"42971","201601ZD30108",4,19,0,3,0,2,0,0,0,0,2,1,6,1,8,2198,2,1,8,1
"42972","201601ZD30109",1,9,0,9,0,8,0,0,0,0,3,1,6,1,7,1995,2,9,6,1
"42973","201601ZD30109",2,9,0,18,0,8,0,0,0,0,1,1,6,1,6,1997,2,15,3,1
"42974","201601ZD30113",1,9,0,5,0,1,0,0,0,0,4,1,6,1,-1,1997,1,8,-1,-1
"42975","201601ZD30116",1,2,0,18,0,8,0,0,0,0,0,1,6,1,6,-1,-1,-1,-1,-1
"42976","201601ZD30116",2,9,0,5,0,8,0,0,0,0,0,1,6,1,-1,2148,2,8,-1,-1
"42977","201601ZD30117",1,9,0,18,0,0,0,0,0,0,3,1,6,1,7,1896,2,7,7,2
"42978","201601ZD30117",2,20,0,18,0,0,0,0,0,0,3,1,6,1,8,-1,-1,-1,2,1
"42979","201601ZD30117",3,9,0,3,0,0,0,0,0,0,1,1,6,1,7,1598,1,9,2,1
"42980","201601ZD30117",4,9,0,4,0,0,0,0,0,0,3,1,6,2,9,1364,2,7,8,1
"42981","201601ZD30117",5,9,0,15,0,0,0,0,0,0,1,1,6,1,-1,-1,-1,-1,-1,-1
"42982","201601ZD30121",1,9,0,7,0,8,0,10,0,0,3,1,6,2,5,796,1,14,-1,-1
"42983","201601ZD30122",1,9,0,9,0,8,0,10,7,10,3,1,6,1,6,2295,1,14,3,1
"42984","201601ZD30122",2,9,0,9,0,8,0,4,0,0,1,1,6,1,4,1000,1,3,3,1
"42985","201601ZD30122",3,9,0,2,0,2,0,0,0,0,2,1,6,3,-1,1389,1,12,-1,-1
"42986","201601ZD30123",1,9,0,18,0,0,0,0,0,0,1,1,6,2,8,1796,1,10,9,1
"42987","201601ZD30123",2,19,0,18,0,0,0,0,0,0,2,1,6,1,7,1560,2,1,9,1
"42988","201601ZD30124",1,8,0,9,0,8,0,0,0,0,1,1,1,1,7,1791,8,4,3,1
"42989","201601ZD30124",2,3,0,18,0,8,0,10,1,1,1,1,1,1,5,125,1,2,4,1
"42990","201601ZD30126",1,9,0,9,0,8,0,0,0,0,3,1,4,1,8,1598,1,15,-1,-1
"42991","201601ZD30126",2,3,0,13,0,8,0,0,0,0,4,1,6,1,6,125,1,4,8,1
"42992","201601ZD30127",1,19,0,18,0,8,0,0,0,0,4,1,6,1,6,1598,2,3,10,1
"42993","201601ZD30129",1,9,0,18,0,8,0,0,0,0,1,1,6,1,5,1956,2,4,8,1
"42994","201601ZD30129",2,9,0,18,0,8,0,0,0,0,3,1,6,1,11,1596,1,16,4,1
"42995","201601ZD30129",3,19,0,2,0,8,0,0,0,0,2,1,6,1,5,-1,-1,-1,-1,-1
"42996","201601ZD30131",1,9,0,9,0,8,0,0,0,0,1,1,6,1,7,1596,1,4,3,1
"42997","201601ZD30131",2,9,0,18,0,8,0,0,0,0,1,1,6,1,6,1598,2,4,10,1
"42998","201601ZD30133",1,3,0,18,0,2,0,0,0,0,1,1,6,1,5,-1,-1,-1,-1,-1
"42999","201601ZD30134",1,9,0,18,0,8,0,0,0,0,1,1,6,1,11,1699,1,9,4,1
"43000","201601ZD30134",2,9,0,9,0,8,0,0,0,0,1,1,6,1,7,-1,-1,-1,4,1
"43001","201601ZD30135",1,9,0,9,8,8,0,0,1,0,4,1,6,2,-1,999,1,6,4,1
"43002","201601ZD30135",2,5,0,18,0,8,5,0,0,0,1,1,6,1,8,-1,-1,-1,-1,-1
"43003","201601ZD30136",1,9,0,4,0,0,0,0,0,0,3,1,6,2,6,1595,1,7,5,1
"43004","201601ZD30136",2,9,0,18,0,0,1,0,2,10,3,1,6,2,-1,-1,-1,-1,-1,-1
"43005","201601ZD30137",1,9,0,18,0,8,0,0,0,0,3,1,6,1,6,3498,1,10,6,1
"43006","201601ZD30137",2,3,0,18,0,8,0,0,0,0,1,1,6,1,7,124,1,2,3,1
"43007","201601ZD30138",1,3,0,18,0,8,0,0,0,0,1,1,6,1,6,745,1,2,4,1
"43008","201601ZD30138",2,9,0,12,0,8,0,0,0,0,3,1,6,3,-1,1598,1,6,-1,-1
"43009","201601ZD30139",1,9,0,18,0,8,0,0,0,0,2,1,6,1,8,1896,2,14,8,1
"43010","201601ZD30139",2,9,0,18,0,8,0,0,0,0,2,1,6,2,8,1299,1,15,2,1
"43011","201601ZD30139",3,9,0,18,0,8,0,0,0,0,1,1,6,1,5,-1,-1,-1,6,1
"43012","201601ZD30141",1,9,0,18,0,8,0,0,0,0,1,1,6,3,-1,-1,-1,-1,-1,-1
"43013","201601ZD30142",1,9,0,16,0,8,0,0,0,0,3,1,6,2,6,1968,2,12,4,1
"43014","201601ZD30142",2,1,0,18,0,8,0,0,0,0,1,1,6,1,6,-1,-1,-1,3,1
"43015","201601ZD30143",1,9,0,18,0,0,0,0,0,0,1,1,6,1,6,-1,-1,-1,3,1
"43016","201601ZD30143",2,9,0,2,0,0,0,0,0,0,2,1,6,2,-1,1991,2,8,2,1
"43017","201601ZD30144",1,9,0,18,0,8,0,0,0,0,3,1,6,1,6,1498,1,11,4,1
"43018","201601ZD30144",2,9,0,18,0,8,0,0,0,0,1,1,6,1,-1,1968,2,8,-1,-1
"43019","201601ZD30146",1,11,0,5,0,0,0,0,0,0,0,1,1,1,9,9200,2,11,2,1
"43020","201601ZD30147",1,9,0,18,0,8,0,0,0,0,1,1,6,2,10,1590,1,13,3,1
"43021","201601ZD30148",1,19,0,9,0,8,0,0,0,0,3,1,6,1,7,2198,2,1,2,1
"43022","201601ZD30148",2,2,0,18,0,8,0,0,0,0,1,1,6,1,8,459,1,14,2,1
"43023","201601ZD30149",1,9,0,4,0,8,0,0,0,0,2,1,6,2,7,998,1,3,8,1
"43024","201601ZD30149",2,9,0,18,0,8,0,0,0,0,1,1,6,1,-1,998,1,12,-1,-1
"43025","201601ZD30151",1,11,0,4,0,0,0,0,0,0,0,1,1,1,10,6370,2,4,-1,-1
"43026","201601ZD30152",1,9,0,18,0,8,0,0,0,0,4,1,6,1,-1,-1,-1,-1,-1,-1
"43027","201601ZD30152",2,19,0,9,0,8,0,0,0,0,1,1,6,1,-1,1870,2,13,3,1
"43028","201601ZD30154",1,9,0,7,0,8,0,0,0,0,1,1,6,1,9,1229,1,9,2,1
"43029","201601ZD30154",2,1,0,18,0,8,0,0,0,0,1,1,6,1,4,-1,-1,-1,4,1
"43030","201601ZD30156",1,9,0,18,0,0,0,0,1,0,2,1,1,2,8,1590,1,15,4,1
"43031","201601ZD30156",2,9,0,18,0,0,0,0,0,0,1,1,1,1,6,-1,-1,-1,-1,-1
"43032","201601ZD30157",1,9,0,2,0,8,0,0,0,0,1,1,6,1,6,2493,8,2,-1,-1
"43033","201601ZD30157",2,9,0,6,0,8,0,0,0,0,2,1,6,3,-1,1686,2,6,-1,-1
"43034","201601ZD30158",1,9,0,18,0,8,0,0,0,0,1,1,6,1,5,1560,2,4,4,1
"43035","201601ZD30158",2,1,0,18,0,8,0,0,0,0,1,1,6,1,5,-1,-1,-1,-1,-1
"43036","201601ZD30159",1,9,0,18,0,8,0,0,0,0,4,1,6,1,8,948,1,-1,6,3
"43037","201601ZD30159",2,9,0,18,0,8,0,0,0,0,1,1,6,1,-1,1995,2,3,8,1
"43038","201601ZD30160",1,19,0,9,0,8,0,0,0,0,3,1,6,1,5,2143,2,5,3,1
"43039","201601ZD30160",2,9,0,18,0,8,0,0,0,0,1,1,6,1,8,1598,1,1,2,1
"43040","201601ZD30161",1,9,0,4,0,8,0,0,1,0,2,1,2,2,5,998,1,2,6,1
"43041","201601ZD30161",2,9,0,4,0,8,0,0,3,0,1,1,2,1,6,1595,1,2,2,1
"43042","201601ZD30161",3,9,0,18,0,8,0,0,0,0,2,1,6,1,-1,-1,-1,-1,-1,-1
"43043","201601ZD30163",1,11,0,4,0,0,0,0,0,0,4,1,1,1,8,4500,2,1,5,1
"43044","201601ZD30165",1,9,0,3,0,8,0,0,0,0,2,1,6,1,7,1997,2,7,7,1
"43045","201601ZD30165",2,9,0,18,0,8,0,0,0,0,1,1,6,3,-1,1360,1,14,-1,-1
"43046","201601ZD30167",1,9,0,9,0,8,0,0,0,0,4,1,6,1,7,2143,2,-1,4,1
"430471","201601ZD30168",1,9,0,18,0,0,0,10,1,10,4,1,6,1,5,1991,2,6,3,1
"430481","201601ZD30168",2,9,0,18,0,0,0,4,0,0,3,1,6,1,4,1461,2,4,2,1
"430491","201601ZD30168",3,9,0,2,0,0,0,0,0,0,2,1,6,2,-1,1596,1,11,4,1
"43050","201601ZD30168",4,9,0,2,0,0,0,0,0,0,2,1,6,2,-1,1198,1,10,4,1
"43051","201601ZD30169",1,9,0,9,0,8,0,0,0,0,4,1,6,3,-1,-1,-1,-1,-1,-1
"43052","201601ZD30170",1,9,0,18,0,8,0,0,0,0,2,1,6,2,6,1398,1,1,2,1
"43053","201601ZD30170",2,9,0,18,0,8,0,0,0,0,1,1,6,1,6,999,1,2,3,1
"43054","201601ZD30171",1,9,0,18,0,8,0,0,7,7,1,1,6,1,7,1968,1,11,5,1
"43055","201601ZD30172",1,8,0,18,0,8,0,0,0,0,3,1,1,1,7,1968,2,1,4,1
"43056","201601ZD30172",2,9,0,6,0,8,0,0,0,0,3,1,6,1,-1,1991,1,22,-1,-1
"43057","201601ZD30173",1,9,0,18,0,8,0,0,0,0,1,1,6,2,10,1364,1,10,6,1
"43058","201601ZD30173",2,9,0,18,0,8,0,0,0,0,2,1,6,2,5,999,1,1,-1,-1
"43059","201601ZD30174",1,9,0,16,0,0,1,10,1,4,1,1,4,1,9,1997,1,9,-1,-1
"43060","201601ZD30175",1,9,0,9,0,8,0,0,0,0,1,1,6,1,-1,-1,-1,-1,-1,-1
"43061","201601ZD30176",1,8,0,3,0,8,0,0,1,0,2,1,1,1,8,1795,8,6,2,1
"43062","201601ZD30176",2,8,0,18,0,8,0,0,0,0,1,1,2,1,-1,1598,2,-1,10,1
"43063","201601ZD30177",1,9,0,18,0,8,0,0,0,0,2,1,6,2,7,1390,1,10,6,1
"43064","201601ZD30177",2,9,0,18,0,8,0,0,0,0,1,1,1,1,7,1364,1,9,6,1
"43065","201601ZD30177",3,9,0,2,0,8,0,0,0,0,1,1,6,1,8,-1,-1,-1,4,1
"43066","201601ZD30178",1,9,0,7,0,8,0,0,0,0,0,1,6,1,-1,998,1,1,-1,-1
"43067","201601ZD30179",1,9,0,4,0,0,0,0,0,0,2,1,1,2,6,1997,1,2,3,1
"43068","201601ZD30179",2,9,0,4,0,0,0,0,0,0,1,1,1,2,8,698,1,12,5,1
"43069","201601ZD30181",1,9,0,14,0,8,0,0,0,0,1,1,2,2,8,1799,1,4,-1,-1
"43070","201601ZD30183",1,9,0,3,0,0,0,0,0,0,2,1,6,2,5,1242,1,1,-1,-1
"43071","201601ZD30183",2,9,0,18,0,0,0,0,0,0,1,1,6,1,7,1686,2,9,-1,-1
"43072","201601ZD30184",1,9,0,17,0,8,0,0,0,0,3,1,6,1,6,1762,1,18,2,1
"43073","201601ZD30185",1,9,0,4,0,0,0,0,0,0,2,1,6,2,8,2143,2,5,9,1
"43074","201601ZD30185",2,19,0,18,0,0,0,0,0,0,2,1,1,1,6,2143,2,3,3,1
"43075","201601ZD30186",1,9,0,18,0,0,0,0,0,0,1,1,6,1,6,-1,-1,-1,4,1
"43076","201601ZD30187",1,9,0,18,0,8,0,0,0,0,3,1,6,1,11,-1,-1,-1,4,1
"43077","201601ZD30188",1,9,0,18,0,8,0,0,0,0,3,1,6,3,-1,-1,-1,-1,-1,-1
"43078","201601ZD30189",1,3,0,18,0,8,0,0,0,0,1,1,6,1,4,-1,-1,-1,4,1
"43079","201601ZD30189",2,9,0,9,0,8,0,0,0,0,4,1,1,1,8,1797,8,6,3,1
"43080","201601ZD30190",1,9,0,1,0,0,0,0,0,0,2,1,6,1,7,2499,1,8,7,1
"43081","201601ZD30191",1,3,0,5,9,6,0,0,0,0,0,1,1,1,9,-1,-1,-1,2,1
"43082","201601ZD30192",1,11,0,16,0,8,0,0,0,0,0,1,1,1,9,-1,-1,-1,3,1
"43083","201601ZD30193",1,9,0,4,0,0,0,0,0,0,1,1,6,1,5,1910,2,9,3,1
"43084","201601ZD30193",2,9,0,4,0,0,0,0,0,0,2,1,6,3,-1,-1,-1,-1,-1,-1
"43085","201601ZD30194",1,19,0,18,0,0,0,0,0,0,3,1,6,3,-1,-1,-1,-1,-1,-1
"43086","201601ZD30195",1,9,0,7,0,8,0,0,0,0,4,1,6,1,7,-1,-1,-1,-1,-1
"43087","201601ZD30195",2,1,0,18,0,8,0,0,0,0,1,1,6,1,6,-1,-1,-1,3,1
"43088","201601ZD30196",1,9,0,3,0,8,0,0,0,0,2,1,6,1,8,998,1,9,-1,-1
"43089","201601ZD30196",2,9,0,18,0,8,0,0,0,0,1,1,6,1,-1,2143,2,3,-1,-1
"43090","201601ZD30197",1,4,0,18,0,0,0,0,0,0,1,1,6,1,7,471,1,2,3,1
"43091","201601ZD30197",2,9,0,4,0,0,0,0,0,0,2,1,6,1,6,1596,1,5,9,1
"43092","201601ZD30200",1,9,0,18,0,0,0,0,0,0,1,1,6,2,6,-1,-1,-1,9,1
"43093","201601ZD30201",1,9,0,9,0,8,0,0,0,0,3,1,6,1,7,998,1,18,-1,-1