"","Acc_Index","Vehicle_Reference","Vehicle_Type","Towing_and_Articulation","Vehicle_Manoeuvre","Vehicle_Location.Restricted_Lane","Junction_Location","Skidding_and_Overturning","Hit_Object_in_Carriageway","Vehicle_Leaving_Carriageway","Hit_Object_off_Carriageway","X1st_Point_of_Impact","Was_Vehicle_Left_Hand_Drive","Journey_Purpose_of_Driver","Sex_of_Driver","Age_Band_of_Driver","Engine_Capacity_.CC.","Propulsion_Code","Age_of_Vehicle","Driver_IMD_Decile","Driver_Home_Area_Type"
"43094","201601ZD30201",2,3,0,18,0,8,0,0,0,0,1,1,6,1,4,124,1,14,8,1
"43095","201601ZD30203",1,9,0,18,0,8,0,0,0,0,1,1,6,1,10,2198,1,9,-1,-1
"43096","201601ZD30203",2,90,0,7,0,8,0,0,0,0,1,1,6,2,3,-1,-1,-1,2,1
"43097","201601ZD30204",1,9,0,4,0,8,0,0,0,0,2,1,6,1,10,1796,1,2,5,1
"43098","201601ZD30204",2,4,0,18,0,8,0,0,0,0,1,1,6,1,5,-1,-1,-1,2,1
"43099","201601ZD30205",1,9,0,9,0,8,0,0,0,0,1,1,6,1,7,-1,-1,-1,3,1
"43100","201601ZD30205",2,3,0,18,0,8,0,0,0,0,1,1,1,1,4,49,1,6,-1,-1
"43101","201601ZD30206",1,9,0,18,0,0,0,0,0,0,4,1,6,1,9,1299,1,18,5,1
"43102","201601ZD30207",1,9,0,18,0,8,0,0,0,0,1,1,6,1,6,1240,1,7,4,1
"43103","201601ZD30207",2,9,0,9,0,8,0,0,0,0,3,1,6,1,-1,-1,-1,-1,-1,-1
"43104","201601ZD30208",1,9,0,18,0,8,0,0,0,0,3,1,6,1,6,1598,2,2,2,1
"43105","201601ZD30209",1,9,0,9,0,8,0,0,0,0,3,1,6,1,4,1248,2,9,2,1
"43106","201601ZD30209",2,9,0,9,0,8,0,0,0,0,4,1,6,1,4,1388,1,10,5,1
"43107","201601ZD30210",1,1,0,18,4,8,0,0,0,0,1,1,6,1,5,-1,-1,-1,4,1
"43108","201601ZD30210",2,9,0,11,0,8,0,0,0,0,4,1,6,1,9,1299,1,14,4,1
"43109","201601ZD30212",1,3,0,18,0,0,0,0,0,0,1,1,6,3,-1,-1,-1,-1,-1,-1
"43110","201601ZD30213",1,9,0,18,0,8,0,0,0,0,4,1,6,2,8,2393,1,11,2,1
"43111","201601ZD30214",1,2,0,18,0,8,0,0,0,0,1,1,6,1,7,124,1,2,-1,-1
"43112","201601ZD30214",2,9,0,9,0,8,0,0,0,0,4,1,6,2,9,1796,1,2,3,1
"43113","201601ZD30215",1,4,0,18,0,8,0,0,0,0,1,1,6,1,6,599,1,10,3,1
"43114","201601ZD30216",1,9,0,10,0,8,0,0,0,0,3,1,6,2,7,1598,1,13,3,1
"43115","201601ZD30216",2,9,0,7,0,8,0,0,0,0,1,1,6,1,-1,-1,-1,-1,-1,-1
"43116","201601ZD30216",3,9,0,2,0,8,0,0,0,0,1,1,6,1,-1,3239,1,20,-1,-1
"43117","201601ZD30217",1,9,0,9,0,8,0,0,0,0,1,1,6,1,7,1798,1,6,9,1
"43118","201601ZD30217",2,3,0,18,0,8,0,0,0,0,1,1,6,1,7,125,1,-1,-1,-1
"43119","201601ZD30219",1,9,0,11,0,0,0,10,1,0,4,1,6,1,8,1329,1,5,9,1
"43120","201601ZD30220",1,3,0,18,0,0,0,0,0,0,4,1,6,1,5,124,1,4,2,1
"43121","201601ZD30221",1,9,0,18,0,8,0,0,0,0,1,1,6,2,8,1598,1,16,3,1
"43122","201601ZD30222",1,1,0,9,0,8,1,0,0,0,2,1,6,1,7,-1,-1,-1,-1,-1
"43123","201601ZD30222",2,9,0,18,0,8,0,0,0,0,1,1,6,3,-1,-1,-1,-1,-1,-1
"43124","201601ZD30223",1,9,0,18,0,0,0,0,0,0,1,1,6,2,4,1242,1,13,6,1
"43125","201601ZD30225",1,9,0,18,0,0,0,0,0,0,4,1,6,1,5,1240,1,12,2,1
"43126","201601ZD30226",1,9,0,11,0,8,0,10,1,10,4,1,6,1,5,1998,1,8,2,1
"43127","201601ZD30227",1,2,0,18,0,8,0,0,0,0,3,1,6,1,7,124,1,3,-1,-1
"43128","201601ZD30227",2,9,0,18,0,8,0,0,0,0,3,1,6,1,-1,-1,-1,-1,-1,-1
"43129","201601ZD30228",1,4,0,18,0,8,0,0,0,0,1,1,6,1,6,998,1,12,2,1
"43130","201601ZD30228",2,9,0,18,0,8,0,0,0,0,2,1,6,1,10,1596,1,4,-1,-1
"43131","201601ZD30229",1,11,0,5,0,8,0,0,0,0,4,1,6,1,8,9000,2,8,9,1
"43132","201601ZD30230",1,11,0,18,2,8,0,0,0,0,0,1,1,1,6,6692,2,7,3,1
"43133","201601ZD30232",1,9,0,9,0,8,0,0,0,0,3,1,6,1,7,1998,1,12,3,1
"43134","201601ZD30233",1,9,0,18,0,8,0,0,0,0,4,1,6,2,6,1598,1,9,9,1
"43135","201601ZD30234",1,9,0,9,0,8,0,0,0,0,3,1,6,1,5,973,1,14,6,1
"43136","201601ZD30234",2,9,0,18,0,8,0,0,0,0,1,1,6,2,6,2149,2,9,9,1
"43137","201601ZD30237",1,9,0,18,0,8,0,0,0,0,3,1,6,1,6,-1,-1,-1,5,1
"43138","201601ZD30238",1,1,0,18,0,8,0,0,0,0,1,1,6,1,4,-1,-1,-1,3,1
"43139","201601ZD30238",2,19,0,18,0,8,0,0,0,0,2,1,6,1,-1,-1,-1,-1,-1,-1
"43140","201601ZD30239",1,90,0,7,0,8,0,0,0,0,4,1,6,1,6,-1,-1,-1,6,1
"43141","201601ZD30239",2,1,0,18,0,8,0,0,0,0,1,1,6,2,-1,-1,-1,-1,2,1
"43142","201601ZD30242",1,9,0,9,0,8,0,0,0,0,1,1,6,2,5,998,1,12,2,1
"43143","201601ZD30242",2,9,0,14,0,8,0,0,0,0,4,1,6,1,4,1995,2,4,4,1
"43144","201601ZD30243",1,9,0,4,0,8,0,0,0,0,2,1,6,2,8,1998,1,14,2,1
"43145","201601ZD30243",2,9,0,18,0,8,0,0,0,0,1,1,6,1,-1,2616,1,11,-1,-1
"43146","201601ZD30244",1,9,0,18,0,0,5,4,0,0,4,1,6,2,10,1198,1,1,-1,-1
"43147","201601ZD30244",2,9,0,2,0,0,0,0,0,0,3,1,6,3,-1,-1,-1,-1,-1,-1
"43148","201601ZD30244",3,9,0,2,0,0,0,0,0,0,2,1,6,3,-1,-1,-1,-1,-1,-1
"43149","201601ZD30245",1,9,0,9,0,8,0,0,0,0,1,1,6,1,7,1956,2,4,4,1
"43150","201601ZD30245",2,9,0,18,0,8,1,0,0,0,1,1,6,2,6,1360,1,15,6,1
"43151","201601ZD30246",1,9,0,17,0,8,0,0,0,0,2,1,6,2,9,1296,1,17,2,1
"43152","201601ZD30246",2,9,0,17,0,8,0,0,0,0,1,1,6,3,-1,-1,-1,-1,-1,-1
"43153","201601ZD30247",1,9,0,9,0,8,0,0,0,0,4,1,6,1,8,1997,2,7,4,1
"43154","201601ZD30247",2,2,0,18,0,8,0,0,0,0,1,1,6,1,5,1200,1,18,-1,-1
"43155","201601ZD30248",1,4,0,18,0,0,0,0,0,0,1,1,6,2,6,-1,-1,-1,4,1
"43156","201601ZD30248",2,9,0,10,0,0,0,0,0,0,0,1,6,1,11,1493,1,22,4,1
"43157","201601ZD30250",1,9,0,7,0,2,0,0,0,0,1,1,6,1,7,998,1,16,2,1
"43158","201601ZD30252",1,9,0,4,0,0,0,0,0,0,1,1,6,2,6,1461,2,1,2,1
"43159","201601ZD30252",2,19,0,4,0,0,0,0,0,0,2,1,6,1,-1,2402,2,10,-1,-1
"43160","201601ZD30253",1,9,0,18,0,8,0,0,0,0,0,1,6,2,5,1368,1,8,-1,-1
"43161","201601ZD30253",2,9,0,9,0,8,0,0,0,0,1,1,6,1,-1,1242,1,13,-1,-1
"43162","201601ZD30254",1,9,0,18,0,0,0,0,0,0,1,1,6,2,7,1400,1,13,3,1
"43163","201601ZD30254",2,9,0,2,0,0,0,0,0,0,2,1,6,1,10,1796,1,14,2,1
"43164","201601ZD30255",1,9,0,9,0,5,0,0,0,0,4,1,2,1,6,1395,1,-1,-1,-1
"43165","201601ZD30255",2,1,0,18,0,8,0,0,0,0,1,1,6,1,5,-1,-1,-1,3,1
"43166","201601ZD30256",1,9,0,18,0,0,1,0,7,2,1,1,6,1,8,1895,1,15,2,1
"43167","201601ZD30258",1,9,0,7,0,8,0,0,0,0,4,1,1,1,5,-1,-1,-1,-1,-1
"43168","201601ZD30258",2,1,0,15,0,8,0,0,0,0,1,1,2,1,8,-1,-1,-1,8,1
"43169","201601ZD30260",1,9,0,9,0,8,0,0,0,0,1,1,2,1,5,1997,1,16,6,1
"43170","201601ZD30260",2,9,0,18,0,8,0,0,0,0,3,1,6,1,6,1328,1,10,6,1
"43171","201601ZD30262",1,9,0,9,0,6,0,0,0,0,3,1,6,1,8,1984,1,19,3,1
"43172","201601ZD30262",2,5,0,13,0,1,0,0,0,0,1,1,6,1,6,450,1,13,4,1
"43173","201601ZD30263",1,9,0,7,0,8,0,0,0,0,3,1,6,1,9,-1,-1,-1,3,1
"43174","201601ZD30263",2,1,0,18,0,8,0,0,0,0,1,1,6,1,8,-1,-1,-1,5,1
"43175","201601ZD30265",1,11,0,18,0,8,0,0,0,0,0,1,1,1,-1,4500,2,1,2,1
"43176","201601ZD30266",1,9,0,5,0,1,0,0,0,0,1,1,3,2,7,1984,1,13,4,1
"43177","201601ZD30268",1,9,0,9,0,5,0,0,0,0,4,1,6,2,6,1360,1,10,4,1
"43178","201601ZD30268",2,5,0,15,0,8,0,0,0,0,1,1,6,1,7,-1,-1,-1,-1,-1
"43179","201601ZD30269",1,4,0,18,0,8,0,0,0,0,2,1,6,1,6,-1,-1,-1,3,1
"43180","201601ZD30269",2,9,0,9,0,8,0,0,0,0,1,1,6,1,6,-1,-1,-1,5,1
"43181","201601ZD30271",1,4,0,18,0,0,0,0,0,0,1,1,6,1,5,675,1,7,2,1
"43182","201601ZD30271",2,9,0,18,0,0,0,0,0,0,1,1,6,3,-1,-1,-1,-1,-1,-1
"43185","201601ZD30277",1,9,0,18,0,8,0,0,0,0,3,1,6,1,6,1997,2,4,4,1
"43186","201601ZD30277",2,9,0,18,0,8,0,0,0,0,1,1,6,1,6,1956,2,5,6,1
"43187","201601ZD30278",1,9,0,18,0,8,0,0,0,0,1,1,6,2,8,1329,1,7,9,1
"43188","201601ZD30278",2,9,0,5,0,8,0,0,0,0,3,1,6,1,7,1329,1,5,6,1
"43189","201601ZD30279",1,9,0,9,0,8,0,0,0,0,4,1,6,2,5,1124,1,12,10,1
"43190","201601ZD30279",2,9,0,18,0,8,0,0,0,0,1,1,6,3,-1,1956,2,1,-1,-1
"43191","201601ZD30279",3,9,0,3,0,2,0,0,0,0,2,1,6,1,5,1595,1,17,6,1
"43192","201601ZD30280",1,9,0,9,0,0,0,0,0,0,4,1,6,1,9,1997,1,17,7,1
"43193","201601ZD30280",2,9,0,15,0,0,0,7,1,0,1,1,6,1,5,1998,1,12,3,1
"43194","201601ZD30281",1,3,0,4,0,1,0,0,0,0,4,1,6,1,4,124,1,3,4,1
"43195","201601ZD30281",2,9,0,3,0,1,0,0,0,0,2,1,6,2,-1,2143,2,3,5,1
"43196","201601ZD30283",1,9,0,9,0,0,0,0,0,0,1,1,6,1,8,995,1,6,9,1
"43197","201601ZD30284",1,9,0,9,0,8,0,0,0,0,3,1,6,2,9,1461,2,2,7,1
"43198","201601ZD30284",2,3,0,4,0,8,0,0,0,0,1,1,6,1,7,125,1,1,4,1
"43199","201601ZD30285",1,9,0,18,0,0,0,0,1,5,1,1,6,1,6,1794,1,11,10,1
"43200","201601ZD30286",1,9,0,10,0,0,0,0,0,0,2,1,6,2,6,1242,1,13,-1,-1
"43201","201601ZD30286",2,9,0,18,0,0,0,0,0,0,1,1,6,1,10,1242,1,2,9,3
"43202","201601ZD30287",1,9,0,18,0,0,0,4,0,0,1,1,6,1,6,1360,1,6,5,1
"43203","201601ZD30287",2,19,0,2,0,0,0,0,0,0,2,1,6,3,-1,1968,2,3,-1,-1
"43204","201601ZD30287",3,9,0,2,0,0,0,0,0,0,4,1,6,3,-1,1299,1,12,-1,-1
"43205","201601ZD30288",1,1,0,18,0,8,0,0,0,0,1,1,1,1,6,-1,-1,-1,4,1
"43206","201601ZD30288",2,9,0,2,0,8,0,0,0,0,3,1,6,1,9,-1,-1,-1,3,1
"43207","201601ZD30289",1,9,0,9,0,2,0,0,1,2,4,1,6,3,-1,-1,-1,-1,-1,-1
"43208","201601ZD30290",1,9,0,9,0,8,0,0,0,0,4,1,6,2,-1,1997,1,14,8,1
"43209","201601ZD30290",2,8,0,18,0,8,0,0,0,0,1,1,6,1,-1,2143,2,5,6,1
"43210","201601ZD30291",1,9,0,8,0,8,0,0,0,0,4,1,6,2,7,1968,2,11,2,1
"43211","201601ZD30291",2,20,0,7,0,8,0,0,0,0,3,1,6,1,-1,-1,-1,-1,-1,-1
"43212","201601ZD30292",1,9,0,18,0,0,0,10,1,10,1,1,6,1,4,1240,1,11,7,1
"43213","201601ZD30293",1,9,0,18,0,8,0,0,0,0,1,1,6,1,7,2993,2,5,3,1
"43214","201601ZD30293",2,9,0,9,0,8,0,0,0,0,1,1,6,1,9,1598,1,15,3,1
"43215","201601ZD30294",1,11,0,9,0,2,0,0,0,0,0,1,1,1,9,-1,-1,-1,2,1
"43216","201601ZD30295",1,3,0,18,0,0,0,0,0,0,4,1,6,1,6,125,1,5,10,1
"43217","201601ZD30295",2,9,0,5,0,0,0,0,0,0,3,1,6,3,-1,-1,-1,-1,-1,-1
"43218","201601ZD30296",1,9,0,17,0,8,0,0,0,0,3,1,6,2,5,1395,1,2,5,1
"43219","201601ZD30296",2,9,0,18,0,8,0,0,0,0,4,1,6,1,-1,1229,1,11,-1,-1
"43220","201601ZD30297",1,3,0,18,0,8,0,0,0,0,1,1,1,1,6,109,1,2,-1,-1
"43221","201601ZD30297",2,9,0,9,0,8,0,0,0,0,3,1,6,1,8,4196,1,9,10,1
"43222","201601ZD30298",1,9,0,18,0,0,0,0,0,0,4,1,6,2,8,1598,1,4,7,1
"43223","201601ZD30299",1,9,0,8,0,8,0,0,0,0,2,1,6,2,7,1360,1,11,3,1
"43224","201601ZD30299",2,9,0,18,0,8,0,0,0,0,1,1,6,3,-1,-1,-1,-1,-1,-1
"43225","201601ZD30300",1,4,0,15,0,0,0,0,0,0,1,1,6,1,6,-1,-1,-1,5,1
"43226","201601ZD30300",2,9,0,11,0,0,0,0,0,0,4,1,6,1,5,1396,1,12,4,1
"43227","201601ZD30302",1,19,0,5,0,8,0,0,0,0,4,1,6,1,5,-1,-1,-1,-1,-1
"43228","201601ZD30302",2,9,0,18,0,8,0,0,0,0,1,1,6,1,6,1246,1,11,-1,-1
"43229","201601ZD30303",1,3,0,18,0,8,0,0,0,0,4,1,2,1,6,109,1,2,5,1
"43230","201601ZD30303",2,9,0,9,0,8,0,0,0,0,1,1,6,1,6,1999,1,13,6,1
"43231","201601ZD30305",1,1,0,17,0,1,0,0,0,0,2,1,2,2,7,-1,-1,-1,9,1
"43232","201601ZD30305",2,9,0,17,0,1,0,0,0,0,1,1,6,1,-1,-1,-1,-1,-1,-1
"43233","201601ZD30306",1,9,0,18,0,0,0,0,0,0,1,1,6,3,-1,-1,-1,-1,-1,-1
"43234","201601ZD30307",1,11,0,18,0,0,0,0,0,0,1,1,1,1,6,4500,2,1,3,1
"43235","201601ZD30308",1,9,0,6,0,0,0,0,0,0,4,1,6,1,8,1587,1,14,3,1
"43236","201601ZD30308",2,9,0,18,0,0,0,0,0,0,1,1,6,1,7,3628,2,7,9,1
"43237","201601ZD30309",1,9,0,3,0,8,0,0,0,0,2,1,6,1,7,1956,2,5,1,1
"43238","201601ZD30309",2,9,0,7,0,8,0,0,0,0,3,1,6,1,-1,1199,1,14,-1,-1
"43239","201601ZD30310",1,9,0,9,0,8,0,0,0,0,1,1,6,1,6,-1,-1,-1,4,1
"43240","201601ZD30310",2,9,0,18,0,8,0,0,0,0,1,1,6,1,7,1781,1,14,3,1
"43241","201601ZD30311",1,9,0,9,0,2,0,0,0,0,1,1,6,2,6,659,1,9,3,1
"43242","201601ZD30312",1,9,0,9,0,8,0,0,0,0,3,1,6,1,6,2000,1,11,5,1
"43243","201601ZD30312",2,5,0,13,0,8,0,0,0,0,1,1,6,1,8,-1,-1,-1,9,1
"43244","201601ZD30313",1,3,0,18,0,8,0,0,0,0,3,1,6,1,5,125,1,9,4,1
"43245","201601ZD30313",2,3,0,9,0,8,0,0,0,0,1,1,6,1,5,109,1,2,2,1
"43246","201601ZD30314",1,11,0,4,0,1,0,0,0,0,0,1,1,1,8,-1,-1,-1,4,1
"43247","201601ZD30316",1,9,0,9,0,8,0,0,0,0,1,1,6,1,8,1596,1,19,4,1
"43248","201601ZD30316",2,5,0,14,0,8,0,0,0,0,1,1,2,1,6,600,1,15,-1,3
"43249","201601ZD30317",1,9,0,18,0,8,0,0,0,0,3,1,6,1,9,2499,2,17,2,1
"43250","201601ZD30317",2,9,0,4,0,8,0,0,0,0,1,1,6,1,5,1360,1,17,5,1
"43251","201601ZD30318",1,9,0,7,0,8,0,0,0,0,4,1,1,2,8,1598,1,9,7,1
"43252","201601ZD30318",2,5,0,15,0,8,0,0,0,0,3,1,6,1,7,999,1,4,7,1
"43253","201601ZD30319",1,9,0,18,0,2,0,0,0,0,3,1,6,2,6,1198,1,5,5,1
"43254","201601ZD30319",2,9,0,13,0,2,0,0,0,0,4,1,6,3,-1,-1,-1,-1,-1,-1
"43255","201601ZD30320",1,11,0,4,0,1,0,0,0,0,0,1,1,2,8,9000,2,7,-1,-1
"43256","201601ZD30321",1,9,0,9,0,8,0,0,0,0,4,1,6,1,6,1896,2,9,5,1
"43257","201601ZD30323",1,9,0,9,0,6,0,0,0,0,3,1,6,1,10,1796,1,17,-1,-1
"43258","201601ZD30323",2,8,0,18,0,8,0,0,0,0,4,1,6,1,7,1968,2,1,6,1
"43259","201601ZD30323",3,9,0,18,0,8,0,0,0,0,1,1,6,1,7,1399,2,6,5,1
"43260","201601ZD30324",1,9,0,9,0,5,0,0,0,0,4,1,6,1,4,1364,1,10,2,1
"43261","201601ZD30324",2,9,0,18,0,8,0,0,0,0,1,1,6,2,-1,999,1,7,6,1
"43262","201601ZD30324",3,9,0,10,0,1,0,0,0,0,1,1,6,1,6,1595,2,6,4,1
"43263","201601ZD30326",1,9,0,4,0,0,0,0,0,0,1,1,6,1,11,1396,1,14,7,1
"43264","201601ZD30331",1,20,0,5,0,8,0,0,0,0,3,1,1,1,8,4500,2,1,3,1
"43265","201601ZD30333",1,9,0,9,0,5,0,0,0,0,1,1,6,2,5,1242,1,4,1,1
"43266","201601ZD30333",2,1,0,18,0,8,0,0,0,0,3,1,6,1,9,-1,-1,-1,5,1
"43267","201601ZD30334",1,9,0,16,0,8,0,0,0,0,4,1,6,1,8,1995,2,9,3,1
"43268","201601ZD30334",2,9,0,16,0,8,0,0,0,0,3,1,6,1,-1,-1,-1,-1,-1,-1
"43269","201601ZD30335",1,9,0,9,0,5,0,0,0,0,4,1,6,2,7,1850,1,16,3,1
"43270","201601ZD30335",2,1,0,18,0,2,0,0,0,0,1,1,6,1,5,-1,-1,-1,7,1
"43271","201601ZD30337",1,9,0,18,0,0,0,4,0,0,1,1,6,1,6,1124,1,18,2,1
"43272","201601ZD30337",2,9,0,2,0,0,0,0,0,0,2,1,6,3,-1,-1,-1,-1,-1,-1
"43273","201601ZD30338",1,9,0,16,0,2,0,10,1,2,4,1,6,1,6,2494,1,15,4,1
"43274","201601ZD30339",1,9,0,5,0,8,0,0,0,0,4,1,6,1,9,2148,2,12,8,1
"43275","201601ZD30339",2,3,0,18,0,8,0,0,0,0,1,1,6,1,5,124,1,1,3,1
"43276","201601ZD30340",1,9,0,18,0,2,0,0,0,0,1,1,2,1,9,1796,1,9,-1,-1
"43277","201601ZD30341",1,20,0,18,0,0,0,0,0,0,4,1,1,3,-1,-1,-1,-1,-1,-1
"43278","201601ZD30342",1,11,0,18,0,8,0,0,0,0,0,1,1,1,8,6692,2,7,-1,-1
"43279","201601ZD30343",1,9,0,14,0,0,0,0,0,0,0,1,6,3,-1,-1,-1,-1,-1,-1
"43280","201601ZD30344",1,9,0,9,0,5,0,0,0,0,4,1,6,2,7,2600,1,19,3,1
"43281","201601ZD30344",2,19,0,5,0,8,0,0,0,0,1,1,2,1,6,1598,2,5,8,1
"43282","201601ZD30346",1,9,0,18,0,8,0,0,0,0,1,1,6,2,6,2148,2,13,5,1
"43283","201601ZD30346",2,9,0,9,0,8,0,0,0,0,4,1,6,1,-1,2143,2,4,8,1
"43284","201601ZD30348",1,9,0,18,0,0,0,0,0,0,1,1,6,1,6,1461,2,-1,6,1
"43285","201601ZD30351",1,11,0,5,0,0,0,0,0,0,0,1,1,1,-1,-1,-1,-1,-1,-1
"43286","201601ZD30352",1,9,0,18,0,0,1,0,4,6,3,1,2,2,8,3199,1,17,2,1
"43287","201601ZD30353",1,21,1,9,0,8,0,0,0,0,3,1,1,1,8,12809,2,3,7,1
"43288","201601ZD30353",2,1,0,18,0,8,0,0,0,0,1,1,6,1,7,-1,-1,-1,2,1
"43289","201601ZD30354",1,9,0,18,0,0,0,0,0,0,4,1,6,2,6,998,1,10,2,1
"43290","201601ZD30355",1,9,0,18,0,8,0,0,0,0,4,1,6,2,9,2499,1,9,4,1
"43291","201601ZD30355",2,9,0,5,0,6,0,0,0,0,1,1,6,1,-1,1995,2,6,4,1
"43292","201601ZD30356",1,9,0,18,0,8,0,0,0,0,1,1,6,1,5,1598,1,12,5,1
"43293","201601ZD30356",2,9,0,18,0,8,0,0,0,0,1,1,6,1,5,973,1,14,6,1
"43294","201601ZD30356",3,9,0,18,0,8,0,0,0,0,1,1,6,1,6,1560,2,4,3,1
"43295","201601ZD30357",1,9,0,7,0,8,0,0,0,0,1,1,6,1,5,1595,1,9,7,1
"43296","201601ZD30357",2,9,0,18,0,8,0,0,0,0,1,1,6,1,8,1797,8,6,-1,-1
"43297","201601ZD30359",1,9,0,9,0,8,0,0,0,0,3,1,6,2,-1,-1,-1,-1,-1,-1
"43298","201601ZD30360",1,9,0,1,0,1,0,0,0,0,2,1,6,3,-1,-1,-1,-1,-1,-1
"43299","201601ZD30361",1,9,0,9,0,8,0,0,0,0,3,1,6,1,7,1796,1,13,3,1
"43300","201601ZD30361",2,3,0,18,0,8,0,0,0,0,1,1,6,1,4,125,1,4,3,1
"43301","201601ZD30364",1,11,0,18,0,0,0,0,0,0,0,1,6,1,-1,-1,-1,-1,5,1
"43302","201601ZD30365",1,19,0,7,0,2,0,0,0,0,2,1,6,1,9,1753,2,10,5,1
"43303","201601ZD30365",2,9,0,7,0,2,0,0,0,0,1,1,6,1,6,1200,1,-1,3,1
"43304","201601ZD30366",1,9,0,18,0,8,0,0,0,0,1,1,6,2,6,1596,1,14,-1,-1
"43305","201601ZD30368",1,9,0,18,0,8,0,0,0,0,0,1,2,1,5,-1,-1,-1,6,1
"43306","201601ZD30369",1,5,0,4,0,0,0,0,0,0,0,1,6,1,6,599,1,10,5,1
"43307","201601ZD30369",2,9,0,4,0,0,0,0,0,0,0,1,6,1,9,-1,-1,-1,9,1
"43308","201601ZD30370",1,1,0,18,0,0,0,0,0,0,0,1,6,2,5,-1,-1,-1,4,1
"43309","201601ZD30370",2,9,0,18,0,0,0,0,0,0,0,1,6,2,5,1598,1,10,6,1
"43310","201601ZD30371",1,9,0,3,0,0,0,0,0,0,2,1,6,1,-1,-1,-1,-1,-1,-1
"43311","201601ZD30371",2,1,0,18,0,0,0,0,0,0,1,1,6,1,8,-1,-1,-1,5,1
"43312","201601ZD30373",1,9,0,18,0,2,0,0,0,0,4,1,6,2,9,1339,1,6,4,1
"43313","201601ZD30374",1,19,0,1,0,6,0,0,0,0,2,1,6,1,6,1995,2,5,5,1
"43314","201601ZD30376",1,9,0,9,0,6,0,0,0,0,1,1,6,1,9,2099,1,14,9,1
"43315","201601ZD30376",2,9,0,4,0,8,0,0,0,0,1,1,6,2,10,1339,1,10,9,1
"43316","201601ZD30377",1,9,0,18,0,0,0,0,0,0,1,1,6,1,5,1390,1,6,3,1
"43317","201601ZD30378",1,11,0,4,0,0,0,0,0,0,3,1,6,1,9,4500,2,1,3,1
"43318","201601ZD30378",2,9,0,3,0,0,0,0,0,0,2,1,3,2,6,1686,2,5,4,1
"43319","201601ZD30378",3,9,0,18,0,0,0,0,0,0,1,1,2,1,6,1998,2,11,-1,-1
"43320","201601ZD30379",1,9,0,18,0,0,0,0,0,0,3,1,6,2,10,1199,1,16,10,1
"43321","201601ZD30379",2,19,0,18,0,0,0,0,0,0,3,1,6,1,7,-1,-1,-1,9,1
"43322","201601ZD30379",3,9,0,18,0,0,2,0,0,0,3,1,6,2,5,1197,1,-1,-1,-1
"43323","201601ZD30380",1,9,0,9,0,8,0,10,2,7,1,1,6,2,9,1598,1,10,3,1
"43324","201601ZD30381",1,21,0,18,0,2,0,0,0,0,1,1,6,1,-1,-1,-1,-1,-1,-1
"43325","201601ZD30382",1,9,0,18,0,2,0,0,0,0,4,1,6,1,9,1997,1,4,5,1
"43326","201601ZD30383",1,9,0,18,0,1,0,0,0,0,1,1,6,2,6,-1,-1,-1,9,1
"43327","201601ZD30384",1,11,0,18,0,0,0,0,0,0,4,1,1,1,8,4500,2,1,2,1
"43328","201601ZD30385",1,1,0,18,0,8,0,0,0,0,1,1,6,1,7,-1,-1,-1,4,1
"43329","201601ZD30385",2,9,0,9,0,8,0,0,0,0,1,1,6,2,7,1598,1,9,3,1
"43330","201601ZD30386",1,9,0,18,0,8,0,0,0,0,3,1,6,2,7,-1,-1,-1,-1,-1
"43331","201601ZD30386",2,9,0,9,0,8,0,0,0,0,1,1,6,1,9,2295,1,14,5,1
"43332","201601ZD30387",1,9,0,7,0,2,0,0,0,0,3,1,6,1,8,2996,1,7,3,1
"43333","201601ZD30387",2,9,0,18,0,8,0,0,0,0,1,1,6,1,5,1598,1,10,4,1
"43334","201601ZD30388",1,9,0,9,0,8,0,0,0,0,1,1,6,1,8,-1,-1,-1,3,1
"43335","201601ZD30388",2,9,0,18,0,8,0,0,0,0,4,1,6,2,6,1198,1,9,2,1
"43336","201601ZD30389",1,3,0,13,0,8,0,0,0,0,4,1,6,1,6,-1,-1,-1,1,1
"43337","201601ZD30389",2,9,0,9,0,8,0,0,0,0,3,1,6,3,-1,-1,-1,-1,-1,-1
"43338","201601ZD30390",1,9,0,18,0,8,0,0,0,0,1,1,6,1,5,-1,-1,-1,9,1
"43339","201601ZD30390",2,9,0,9,0,8,0,0,0,0,3,1,6,1,4,-1,-1,-1,2,1
"43340","201601ZD30391",1,9,0,7,0,2,0,0,0,0,1,1,6,2,5,1395,1,1,8,1
"43341","201601ZD30391",2,19,0,2,0,2,0,0,0,0,2,1,6,3,-1,-1,-1,-1,-1,-1
"43342","201601ZD30392",1,9,0,9,0,8,0,0,0,0,1,1,6,2,6,1124,1,16,-1,-1
"43343","201601ZD30392",2,5,0,18,0,8,0,0,0,0,1,1,6,1,6,108,1,2,2,1
"43344","201601ZD30394",1,11,0,7,0,8,0,0,0,0,0,1,1,1,8,-1,-1,-1,5,1
"43345","201601ZD30395",1,9,0,3,0,2,0,0,0,0,2,1,6,2,6,1396,1,2,7,1
"43346","201601ZD30395",2,19,0,18,0,2,0,0,0,0,1,1,6,1,4,-1,-1,-1,7,1
"43347","201601ZD30397",1,9,0,9,0,8,0,0,0,0,1,1,6,2,7,2979,1,10,10,1
"43348","201601ZD30397",2,1,0,18,0,8,0,0,0,0,1,1,6,2,7,-1,-1,-1,4,1
"43349","201601ZD30398",1,9,0,9,0,8,0,0,0,0,3,1,6,1,8,1396,1,21,7,1
"43350","201601ZD30398",2,9,0,14,0,8,0,0,0,0,1,1,6,2,5,1598,2,1,3,1
"43351","201601ZD30399",1,3,0,18,0,8,0,0,0,0,3,1,6,1,6,123,1,-1,3,1
"43352","201601ZD30399",2,9,0,7,0,5,0,0,0,0,1,1,6,1,-1,3199,1,19,-1,-1