"","Acc_Index","Vehicle_Reference","Vehicle_Type","Towing_and_Articulation","Vehicle_Manoeuvre","Vehicle_Location.Restricted_Lane","Junction_Location","Skidding_and_Overturning","Hit_Object_in_Carriageway","Vehicle_Leaving_Carriageway","Hit_Object_off_Carriageway","X1st_Point_of_Impact","Was_Vehicle_Left_Hand_Drive","Journey_Purpose_of_Driver","Sex_of_Driver","Age_Band_of_Driver","Engine_Capacity_.CC.","Propulsion_Code","Age_of_Vehicle","Driver_IMD_Decile","Driver_Home_Area_Type"
"43353","201601ZD30400",1,9,0,5,0,1,0,0,0,0,3,1,6,2,-1,-1,-1,-1,-1,-1
"43354","201601ZD30401",1,9,0,13,0,0,0,0,0,0,3,1,6,1,6,1390,1,4,-1,-1
"43355","201601ZD30401",2,1,0,9,0,0,0,0,0,0,1,1,1,1,6,-1,-1,-1,3,1
"43356","201601ZD30402",1,9,0,18,0,8,0,0,0,0,1,1,6,1,5,2143,2,-1,-1,-1
"43357","201601ZD30402",2,9,0,9,0,8,0,0,0,0,1,1,6,1,8,-1,-1,-1,-1,-1
"43358","201601ZD30403",1,9,0,1,0,8,0,0,0,0,2,1,6,2,-1,-1,-1,-1,-1,-1
"43359","201601ZD30404",1,9,0,7,0,5,0,0,0,0,4,1,6,1,7,1364,1,2,2,1
"43360","201601ZD30404",2,1,0,18,0,8,0,0,0,0,1,1,6,2,6,-1,-1,-1,5,1
"43361","201601ZD30405",1,9,0,5,0,8,0,0,0,0,0,1,6,1,7,-1,-1,-1,-1,-1
"43362","201601ZD30405",2,9,0,3,0,8,0,0,0,0,2,1,6,2,-1,-1,-1,-1,9,1
"43363","201601ZD30406",1,11,0,4,0,8,0,0,0,0,0,1,1,2,9,-1,-1,-1,3,1
"43364","201601ZD30407",1,19,0,3,0,1,0,0,0,0,4,1,6,1,8,2464,2,6,4,1
"43365","201601ZD30407",2,1,0,15,0,1,0,8,0,0,1,1,6,1,6,-1,-1,-1,4,1
"43366","201601ZD30408",1,9,0,9,0,8,0,0,0,0,3,1,6,2,5,1598,1,8,10,1
"43367","201601ZD30408",2,3,0,18,0,8,0,0,0,0,1,1,6,1,5,-1,-1,-1,5,1
"43368","201601ZD30409",1,1,0,18,0,2,0,0,0,0,3,1,6,1,8,-1,-1,-1,9,1
"43369","201601ZD30409",2,9,0,13,0,2,0,0,0,0,4,1,6,3,-1,-1,-1,-1,-1,-1
"43370","201601ZD30410",1,9,0,18,0,0,0,0,0,0,1,1,6,1,6,1364,1,1,2,1
"43371","201601ZD30412",1,9,0,9,0,8,0,0,0,0,3,1,6,2,7,-1,-1,-1,4,1
"43372","201601ZD30412",2,9,0,18,0,8,0,0,0,0,1,1,6,2,7,2204,2,9,4,1
"43373","201601ZD30413",1,9,0,18,0,8,0,0,0,0,1,1,6,1,9,2143,2,4,4,1
"43374","201601ZD30413",2,19,0,18,0,8,0,0,0,0,3,1,6,1,6,-1,-1,-1,2,1
"43375","201601ZD30414",1,9,0,18,0,8,0,0,0,0,4,1,6,1,5,998,1,9,3,1
"43376","201601ZD30414",2,9,0,9,0,8,0,0,0,0,1,1,6,1,-1,2231,2,4,-1,-1
"43377","201601ZD30415",1,9,0,9,0,8,0,0,0,0,1,1,6,1,9,1896,2,12,3,1
"43378","201601ZD30415",2,1,0,14,0,8,0,0,0,0,1,1,6,2,6,-1,-1,-1,5,1
"43379","201601ZD30416",1,9,0,9,0,8,0,0,0,0,1,1,6,2,6,1998,1,14,3,1
"43380","201601ZD30416",2,9,0,18,0,8,0,0,0,0,4,1,6,2,6,-1,-1,-1,9,1
"43381","201601ZD30417",1,9,0,18,0,0,0,0,0,0,4,1,6,2,6,1586,1,9,4,1
"43382","201601ZD30418",1,9,0,3,0,0,0,0,0,0,3,1,6,1,7,-1,-1,-1,2,1
"43383","201601ZD30418",2,11,0,11,0,0,0,0,0,0,4,1,6,3,-1,-1,-1,-1,-1,-1
"43384","201601ZD30419",1,9,0,5,0,2,0,0,0,0,0,1,6,2,8,-1,-1,-1,4,1
"43385","201601ZD30419",2,3,0,18,0,2,0,0,0,0,4,1,6,1,6,124,1,5,5,1
"43386","201601ZD30420",1,9,0,18,0,0,0,10,4,10,1,1,6,1,4,998,1,11,6,1
"43387","201601ZD30421",1,9,0,18,0,6,0,0,0,0,1,1,6,1,7,1360,1,15,-1,-1
"43388","201601ZD30421",2,9,0,18,0,8,0,0,0,0,1,1,6,1,8,-1,-1,-1,5,1
"43389","201601ZD30422",1,3,0,4,0,0,1,0,0,0,0,1,6,2,5,-1,-1,-1,8,1
"43390","201601ZD30422",2,9,0,4,0,0,0,0,0,0,0,1,6,3,-1,-1,-1,-1,-1,-1
"43391","201601ZD30423",1,2,0,18,0,8,0,0,0,0,1,1,6,1,6,49,1,15,1,1
"43392","201601ZD30423",2,9,0,9,0,8,0,0,0,0,4,1,6,2,4,1497,1,11,2,1
"43393","201601ZD30424",1,9,0,9,0,8,0,0,0,0,1,1,6,2,8,2497,1,11,4,1
"43394","201601ZD30424",2,3,0,18,0,8,0,0,0,0,4,1,6,1,7,125,1,4,3,1
"43398","201601ZD30427",1,8,0,18,0,0,0,0,0,0,2,1,6,1,8,1598,1,6,3,1
"43399","201601ZD30427",2,9,0,18,0,0,0,0,0,0,1,1,6,3,-1,1796,7,14,-1,-1
"43400","201601ZD30429",1,9,0,9,0,8,0,0,0,0,0,1,6,1,6,-1,-1,-1,5,1
"43401","201601ZD30429",2,9,0,18,0,8,0,0,0,0,0,1,6,2,8,1598,1,4,7,1
"43402","201601ZD30430",1,11,0,4,2,0,0,0,0,0,0,1,6,1,6,5132,2,1,5,1
"43403","201601ZD30431",1,9,0,13,0,1,0,0,0,0,4,1,6,1,4,-1,-1,-1,7,1
"43404","201601ZD30431",2,1,0,18,0,1,0,0,0,0,0,1,6,1,8,-1,-1,-1,5,1
"43405","201601ZD30432",1,9,0,18,0,8,0,0,0,0,3,1,6,2,5,1368,1,10,5,1
"43406","201601ZD30432",2,9,0,9,0,8,0,0,0,0,1,1,6,2,-1,1910,2,9,-1,-1
"43407","201601ZD30433",1,9,0,6,0,0,0,0,0,0,3,1,2,2,6,1995,2,-1,10,2
"43408","201601ZD30433",2,9,0,18,0,0,0,0,0,0,1,1,6,2,5,1328,1,8,8,1
"43409","201601ZD30434",1,11,0,4,0,0,0,0,0,0,0,1,6,1,-1,-1,-1,-1,-1,-1
"43410","201601ZD30435",1,9,0,9,0,8,0,0,0,0,4,1,6,2,7,1368,1,2,6,1
"43411","201601ZD30435",2,3,0,15,0,8,0,0,0,0,1,1,6,1,7,-1,-1,-1,-1,-1
"43412","201601ZD30436",1,3,0,18,0,0,0,0,0,0,4,1,6,2,8,114,1,2,-1,-1
"43413","201601ZD30436",2,9,0,2,0,0,0,0,0,0,3,1,6,3,-1,-1,-1,-1,-1,-1
"43414","201601ZD30436",3,9,0,18,0,0,0,0,0,0,0,1,6,3,-1,-1,-1,-1,-1,-1
"43415","201601ZD30437",1,9,0,18,0,8,0,0,0,0,1,1,6,1,6,1596,1,16,2,1
"43416","201601ZD30438",1,5,0,18,0,0,0,0,0,0,1,1,6,1,6,919,1,14,4,1
"43417","201601ZD30438",2,9,0,18,0,0,0,0,0,0,3,1,1,1,6,1242,1,17,-1,-1
"43418","201601ZD30438",3,9,0,2,0,0,0,0,0,0,3,1,6,1,5,1998,1,8,4,1
"43419","201601ZD30438",4,9,0,2,0,0,0,0,0,0,3,1,6,1,-1,-1,-1,-1,-1,-1
"43420","201601ZD30439",1,9,0,2,0,0,0,0,0,0,3,1,1,2,6,1896,2,12,7,1
"43421","201601ZD30439",2,9,0,18,0,0,0,0,0,0,3,1,6,2,7,2687,1,9,9,1
"43422","201601ZD30440",1,9,0,4,0,8,0,0,0,0,2,1,6,1,5,1596,1,7,3,1
"43423","201601ZD30440",2,9,0,18,0,8,0,0,0,0,2,1,6,2,5,1797,8,6,2,1
"43424","201601ZD30441",1,9,0,18,0,0,0,4,0,0,1,1,6,2,5,1995,2,4,1,1
"43425","201601ZD30441",2,9,0,2,0,0,0,0,0,0,3,1,6,3,-1,-1,-1,-1,-1,-1
"43426","201601ZD30441",3,19,0,2,0,0,0,0,0,0,3,1,6,3,-1,-1,-1,-1,-1,-1
"43427","201601ZD30441",4,9,0,2,0,0,0,0,0,0,1,1,6,3,-1,-1,-1,-1,-1,-1
"43428","201601ZD30442",1,9,0,18,0,8,0,0,0,0,4,1,6,2,8,1598,1,14,-1,-1
"43429","201601ZD30442",2,1,0,18,0,8,0,0,0,0,1,1,6,1,-1,-1,-1,-1,-1,-1
"43430","201601ZD30443",1,9,0,18,0,2,0,0,0,0,1,1,6,1,5,1995,2,5,5,1
"43431","201601ZD30444",1,19,0,18,0,0,5,0,0,0,3,1,1,1,6,-1,-1,-1,2,1
"43432","201601ZD30444",2,9,0,2,0,0,0,0,0,0,3,1,6,2,9,1242,1,14,2,1
"43433","201601ZD30446",1,9,0,9,0,8,0,0,0,0,3,1,6,1,4,1596,1,15,6,1
"43434","201601ZD30446",2,5,0,13,0,8,0,0,0,0,1,1,6,1,6,-1,-1,-1,5,1
"43435","201601ZD30448",1,1,0,18,0,1,0,0,0,0,3,1,6,2,5,-1,-1,-1,5,1
"43436","201601ZD30448",2,9,0,13,0,1,0,0,0,0,4,1,6,2,-1,1390,1,13,-1,-1
"43437","201601ZD30450",1,9,0,18,0,0,0,0,0,0,1,1,6,2,9,1995,2,6,8,1
"43438","201601ZD30451",1,9,0,18,0,8,0,0,0,0,3,1,6,1,-1,-1,-1,-1,-1,-1
"43439","201601ZD30452",1,9,0,2,0,1,0,0,0,0,0,1,6,2,6,1598,2,6,-1,-1
"43440","201601ZD30452",2,9,0,4,0,8,0,0,0,0,0,1,6,2,9,1598,2,2,-1,-1
"43441","201601ZD30453",1,9,0,10,0,8,0,0,0,0,1,1,6,1,8,1995,1,12,3,1
"43442","201601ZD30453",2,19,0,1,0,8,0,0,0,0,2,1,6,1,-1,-1,-1,-1,-1,-1
"43443","201601ZD30454",1,3,0,3,0,1,0,0,0,0,2,1,6,1,7,-1,-1,-1,3,1
"43444","201601ZD30454",2,9,0,5,0,1,0,0,0,0,1,1,6,1,-1,-1,-1,-1,-1,-1
"43445","201601ZD30455",1,9,0,9,0,8,0,0,0,0,3,1,6,1,10,1968,2,8,2,1
"43446","201601ZD30455",2,9,0,18,0,8,0,0,0,0,4,1,6,1,8,2435,1,15,3,1
"43447","201601ZD30456",1,19,0,1,0,8,0,0,0,0,2,1,6,1,-1,1753,2,12,3,1
"43448","201601ZD30456",2,9,0,18,0,8,0,0,0,0,4,1,6,2,7,1596,1,9,7,3
"43449","201601ZD30458",1,3,0,15,0,0,0,10,1,2,1,1,6,1,4,125,1,5,4,1
"43450","201601ZD30461",1,2,0,18,0,8,0,0,0,0,3,1,6,1,4,-1,-1,-1,4,1
"43451","201601ZD30461",2,9,0,9,0,8,0,0,0,0,1,1,6,1,4,899,1,3,9,1
"43452","201601ZD30463",1,9,0,5,0,8,0,0,0,0,4,1,6,1,7,1995,2,5,3,1
"43453","201601ZD30464",1,9,0,18,0,0,0,4,0,0,1,1,6,2,7,1582,2,5,4,1
"43454","201601ZD30464",2,9,0,2,0,0,0,0,0,0,2,1,6,3,-1,1995,2,8,-1,-1
"43455","201601ZD30465",1,1,0,18,0,8,0,0,0,0,1,1,6,1,7,-1,-1,-1,6,1
"43456","201601ZD30465",2,2,0,7,0,8,0,0,0,0,3,1,6,2,7,124,1,-1,9,1
"43457","201601ZD30466",1,9,0,4,0,0,0,0,0,0,2,1,6,1,6,-1,-1,-1,8,1
"43458","201601ZD30466",2,3,0,4,0,0,0,0,0,0,1,1,6,1,-1,-1,-1,-1,-1,-1
"43459","201601ZD30467",1,9,0,18,0,1,0,0,0,0,4,1,6,1,-1,-1,-1,-1,-1,-1
"43460","201601ZD30468",1,9,0,9,0,8,0,0,0,0,1,1,6,1,11,1992,2,10,4,1
"43461","201601ZD30468",2,1,0,1,0,8,0,0,0,0,1,1,6,1,5,-1,-1,-1,2,1
"43462","201601ZD30469",1,9,0,9,0,8,0,0,0,0,4,1,6,1,9,1798,1,2,-1,-1
"43463","201601ZD30469",2,3,0,18,0,8,0,0,0,0,1,1,6,1,5,-1,-1,-1,-1,-1
"43464","201601ZD30470",1,9,0,18,0,8,0,0,0,0,4,1,6,1,10,1968,2,4,7,1
"43465","201601ZD30471",1,9,0,10,0,1,0,0,0,0,2,1,6,2,10,1598,1,8,4,1
"43466","201601ZD30471",2,9,0,10,0,1,0,0,0,0,2,1,6,1,-1,-1,-1,-1,-1,-1
"43467","201601ZD30471",3,9,0,10,0,1,0,0,0,0,2,1,6,1,-1,2967,2,3,-1,-1
"43468","201601ZD30471",4,19,0,9,0,1,0,0,0,0,1,1,6,1,8,-1,-1,-1,8,1
"43469","201601ZD30472",1,9,0,9,0,8,0,0,0,0,4,1,6,2,7,1598,2,1,2,1
"43470","201601ZD30472",2,3,0,18,0,8,0,0,0,0,1,1,6,1,5,-1,-1,-1,4,1
"43471","201601ZD30473",1,11,0,4,0,0,0,0,0,0,0,1,1,1,7,-1,-1,-1,4,1
"43472","201601ZD30475",1,11,0,9,0,8,0,0,0,0,0,1,1,1,7,-1,-1,-1,-1,-1
"43473","201601ZD30477",1,3,0,4,0,8,0,0,0,0,2,1,6,1,4,108,1,-1,2,1
"43474","201601ZD30477",2,19,0,18,0,8,0,0,0,0,1,1,6,1,-1,1753,2,12,-1,-1
"43475","201601ZD30480",1,9,0,7,0,6,0,0,0,0,4,1,6,2,6,-1,-1,-1,-1,-1
"43476","201601ZD30481",1,9,0,18,0,0,0,0,0,0,3,1,6,2,8,998,1,3,4,1
"43477","201601ZD30482",1,8,0,11,0,0,0,0,0,0,1,1,6,1,7,1968,2,6,1,1
"43478","201601ZD30482",2,8,0,18,0,0,0,0,0,0,2,1,6,1,7,-1,-1,-1,2,1
"43479","201601ZD30483",1,9,0,18,0,8,0,0,1,4,1,1,6,2,8,796,1,10,5,1
"43480","201601ZD30485",1,9,0,4,0,0,0,0,0,0,2,1,6,2,-1,998,1,2,4,1
"43481","201601ZD30485",2,9,0,18,0,0,0,0,0,0,1,1,6,1,-1,1339,1,12,-1,-1
"43482","201601ZD30486",1,9,0,10,0,8,0,0,0,0,2,1,6,2,8,998,1,16,-1,-1
"43483","201601ZD30486",2,9,0,18,0,8,0,0,0,0,1,1,6,1,-1,-1,-1,-1,-1,-1
"43484","201601ZD30487",1,9,0,18,0,8,0,0,0,0,1,1,6,2,8,1242,1,8,5,1
"43485","201601ZD30487",2,9,0,7,0,8,0,0,0,0,2,1,6,2,6,1997,2,3,5,1
"43486","201601ZD30488",1,9,0,9,0,8,0,0,0,0,1,1,6,1,9,-1,-1,-1,8,1
"43487","201601ZD30488",2,9,0,18,0,8,0,0,0,0,3,1,6,1,6,-1,-1,-1,9,1
"43488","201601ZD30489",1,2,0,18,0,0,0,0,0,0,1,1,6,1,-1,-1,-1,-1,-1,-1
"43489","201601ZD30489",2,9,0,5,0,0,0,0,0,0,3,1,6,1,6,1598,1,8,7,1
"43490","201601ZD30490",1,8,0,3,0,0,0,0,0,0,2,1,6,1,7,1995,2,2,-1,-1
"43491","201601ZD30490",2,9,0,4,0,0,0,0,0,0,1,1,6,3,-1,1984,1,14,-1,-1
"43492","201601ZD30491",1,9,0,1,0,1,0,0,0,0,2,1,6,3,-1,-1,-1,-1,-1,-1
"43493","201601ZD30492",1,9,0,9,0,2,0,0,0,0,1,1,6,1,4,-1,-1,-1,2,1
"43494","201601ZD30493",1,9,0,18,0,8,0,0,0,0,3,1,6,1,8,1999,1,9,5,1
"43495","201601ZD30493",2,9,0,18,0,8,0,0,0,0,1,1,6,1,6,1242,1,12,2,1
"43496","201601ZD30494",1,3,0,18,0,0,0,0,0,0,1,1,6,1,4,-1,-1,-1,4,1
"43497","201601ZD30494",2,9,0,9,0,0,0,0,0,0,4,1,6,1,7,1587,1,11,5,1
"43498","201601ZD30495",1,5,0,18,0,0,0,0,0,0,1,1,6,1,5,999,1,11,2,1
"43499","201601ZD30495",2,90,0,2,0,0,0,0,0,0,2,1,6,1,6,-1,-1,-1,-1,-1
"43500","201601ZD30496",1,9,0,7,0,2,0,7,0,0,1,1,6,2,9,1997,1,6,1,1
"43501","201601ZD30496",2,90,0,18,0,2,0,0,0,0,2,1,6,3,-1,-1,-1,-1,-1,-1
"43502","201601ZD30497",1,9,0,9,0,8,0,0,0,0,4,1,6,1,6,-1,-1,-1,3,1
"43503","201601ZD30497",2,3,0,18,0,8,0,0,0,0,1,1,6,1,5,124,1,-1,3,1
"43504","201601ZD30499",1,90,0,18,0,8,0,0,0,0,4,1,6,1,7,499,1,5,3,1
"43505","201601ZD30499",2,9,0,18,0,8,0,0,0,0,1,1,6,1,-1,1461,2,1,2,1
"43506","201601ZD30500",1,9,0,4,0,8,0,0,0,0,2,1,6,1,6,1598,1,6,2,1
"43507","201601ZD30500",2,9,0,4,0,8,0,0,0,0,1,1,6,1,7,1587,1,11,2,1
"43508","201601ZD30501",1,3,0,18,0,1,0,0,0,0,1,1,6,3,-1,-1,-1,-1,-1,-1
"43509","201601ZD30503",1,90,0,18,0,8,0,0,0,0,1,1,1,2,-1,-1,-1,-1,-1,-1
"43510","201601ZD30503",2,9,0,18,0,8,0,0,0,0,1,1,6,2,6,-1,-1,-1,-1,-1
"43511","201601ZD30504",1,19,0,5,0,8,0,0,0,0,1,1,6,1,8,-1,-1,-1,2,1
"43512","201601ZD30505",1,9,0,18,0,0,0,0,0,0,1,1,6,2,9,1396,1,17,3,1
"43513","201601ZD30505",2,9,0,4,0,0,0,0,0,0,2,1,6,2,8,1596,1,2,9,1
"43514","201601ZD30506",1,4,0,18,0,8,0,0,0,0,1,1,6,1,6,675,1,2,-1,-1
"43515","201601ZD30506",2,9,0,9,0,8,0,0,0,0,3,1,6,1,8,2987,2,1,5,1
"43516","201601ZD30508",1,9,0,10,0,1,0,0,0,0,1,1,6,1,7,2685,2,13,-1,-1
"43517","201601ZD30508",2,9,0,10,0,1,0,0,0,0,2,1,6,2,4,1397,1,8,6,1
"43518","201601ZD30508",3,90,0,18,0,1,0,0,0,0,2,1,6,3,4,-1,-1,-1,-1,-1
"43519","201601ZD30509",1,9,0,18,0,8,0,10,1,2,1,1,6,2,7,1497,8,9,5,1
"43520","201601ZD30510",1,9,0,18,0,8,0,0,0,0,4,1,6,1,7,1339,1,11,-1,-1
"43521","201601ZD30513",1,9,0,18,0,8,0,0,0,0,1,1,6,2,5,-1,-1,-1,4,1
"43522","201601ZD30513",2,9,0,9,0,8,0,0,0,0,3,1,6,2,-1,-1,-1,-1,9,1
"43523","201601ZD30514",1,9,0,4,0,8,0,0,0,0,2,1,6,1,7,1798,1,6,2,1
"43524","201601ZD30514",2,9,0,4,0,8,0,0,0,0,1,1,6,1,4,1229,1,10,6,1
"43525","201601ZD30515",1,3,0,18,0,8,0,0,0,0,3,1,6,1,4,-1,-1,-1,3,1
"43526","201601ZD30517",1,9,0,18,0,8,0,10,7,10,1,1,6,1,-1,1360,1,13,-1,-1
"43527","201601ZD30519",1,11,0,4,0,0,0,0,0,0,4,1,1,1,-1,-1,-1,-1,4,1
"43528","201601ZD30520",1,9,0,18,0,8,0,0,0,0,4,1,6,1,7,1198,1,3,9,1
"43529","201601ZD30520",2,9,0,18,0,8,0,0,0,0,1,1,6,1,-1,1598,1,17,-1,-1
"43530","201601ZD30522",1,9,0,18,0,8,0,0,0,0,1,1,6,1,7,1400,1,11,8,1
"43531","201601ZD30522",2,9,0,9,0,8,0,0,0,0,3,1,6,1,8,-1,-1,-1,2,1
"43532","201601ZD30523",1,9,0,10,0,8,0,0,0,0,3,1,6,2,6,-1,-1,-1,-1,-1
"43533","201601ZD30523",2,9,0,18,0,8,0,0,0,0,1,1,6,2,6,1598,1,9,-1,-1
"43534","201601ZD30523",3,9,0,9,0,8,0,0,0,0,1,1,6,1,8,1995,2,6,-1,-1
"43535","201601ZD30524",1,9,0,18,0,1,0,0,0,0,1,1,6,1,8,1769,1,15,4,1
"43536","201601ZD30524",2,9,0,7,0,8,0,0,0,0,1,1,6,2,9,1798,8,1,4,1
"43537","201601ZD30525",1,9,0,18,0,8,0,0,0,0,1,1,6,1,-1,1995,2,5,-1,-1
"43538","201601ZD30528",1,9,0,18,0,8,0,0,0,0,1,1,6,1,6,1587,1,9,2,1
"43539","201601ZD30528",2,9,0,9,0,8,0,0,0,0,3,1,6,1,11,1598,1,9,8,1
"43540","201601ZD30529",1,9,0,18,0,8,0,0,0,0,2,1,6,1,7,1598,2,1,-1,-1
"43541","201601ZD30529",2,9,0,18,0,8,0,0,0,0,1,1,6,1,7,1598,1,14,4,1
"43542","201601ZD30530",1,9,0,3,0,1,0,0,0,0,2,1,6,2,6,1781,1,9,5,1
"43543","201601ZD30530",2,9,0,18,0,1,0,0,0,0,1,1,6,2,-1,1997,2,11,-1,-1
"43544","201601ZD30531",1,9,0,4,0,8,0,0,0,0,2,1,6,2,9,1997,2,8,2,1
"43545","201601ZD30531",2,9,0,4,0,8,0,0,0,0,1,1,6,2,5,1390,1,8,8,1
"43546","201601ZD30532",1,3,0,18,0,8,0,0,0,0,1,1,6,1,6,125,1,8,4,1
"43547","201601ZD30533",1,20,0,4,0,0,0,0,0,0,1,1,6,1,7,4461,2,5,7,2
"43548","201601ZD30533",2,9,0,4,0,0,0,0,0,0,2,1,6,2,7,1600,1,12,1,1
"43549","201601ZD30534",1,20,0,18,0,8,0,0,0,0,1,1,6,1,-1,-1,-1,-1,-1,-1
"43550","201601ZD30534",2,9,0,18,0,8,0,0,0,0,1,1,6,2,6,1242,1,7,2,1
"43551","201601ZD30535",1,9,0,9,0,5,0,4,0,0,1,1,6,1,5,2143,2,3,9,1
"43552","201601ZD30535",2,9,0,2,0,2,0,4,0,0,2,1,6,3,-1,1229,1,9,-1,-1
"43553","201601ZD30535",3,9,0,2,0,2,0,4,0,0,1,1,6,3,-1,2771,1,15,-1,-1
"43554","201601ZD30536",1,3,0,18,0,0,0,0,0,0,4,1,6,1,5,108,1,5,-1,-1
"43555","201601ZD30536",2,9,0,5,0,0,0,0,0,0,3,1,6,1,4,1398,1,4,1,1
"43556","201601ZD30537",1,9,0,3,0,0,0,0,0,0,2,1,1,2,8,1598,1,5,5,1
"43557","201601ZD30537",2,9,0,18,0,0,0,0,0,0,1,2,6,1,8,-1,-1,-1,-1,-1
"43558","201601ZD30538",1,5,0,18,0,8,0,0,0,0,1,1,6,1,6,599,1,8,2,1
"43559","201601ZD30538",2,9,0,9,0,8,0,0,0,0,3,1,6,1,-1,-1,-1,-1,-1,-1
"43560","201601ZD30539",1,9,0,18,0,2,0,0,0,0,1,1,6,1,5,1995,2,5,5,1
"43561","201601ZD30544",1,5,0,4,0,8,0,0,0,0,2,1,6,1,9,-1,-1,-1,-1,-1
"43562","201601ZD30544",2,9,0,4,0,8,0,0,0,0,1,1,6,1,6,2926,2,14,5,2
"43563","201601ZD30545",1,9,0,4,0,0,0,0,0,0,2,1,6,1,6,1364,1,1,4,1
"43564","201601ZD30545",2,9,0,18,0,0,0,0,0,0,1,1,6,1,-1,-1,-1,-1,-1,-1
"43565","201601ZD30547",1,9,0,18,0,1,0,0,0,0,1,1,6,1,-1,-1,-1,-1,-1,-1
"43566","201601ZD30548",1,9,0,3,0,1,0,0,0,0,2,1,6,2,7,1796,1,7,8,1
"43567","201601ZD30548",2,19,0,18,0,1,0,0,0,0,1,1,6,3,-1,-1,-1,-1,-1,-1
"43568","201601ZD30549",1,19,0,18,0,8,0,0,0,0,1,1,6,1,6,-1,-1,-1,3,1
"43569","201601ZD30549",2,9,0,7,0,8,0,0,0,0,2,1,6,2,9,1796,1,19,2,1
"43570","201601ZD30550",1,9,0,9,0,8,0,0,0,0,4,1,6,1,7,1398,1,9,4,1
"43571","201601ZD30550",2,9,0,18,0,8,0,0,0,0,1,1,6,2,6,1999,1,9,3,1
"43572","201601ZD30551",1,9,0,18,2,8,0,0,0,0,1,1,6,1,4,1896,2,9,3,1
"43573","201601ZD30551",2,9,0,9,2,8,0,0,0,0,1,1,6,2,9,-1,-1,-1,-1,-1
"43574","201601ZD30552",1,9,0,18,0,1,0,0,0,0,1,1,6,2,6,4398,1,15,4,1
"43575","201601ZD30552",2,90,0,1,0,2,0,0,0,0,2,1,6,3,-1,-1,-1,-1,-1,-1
"43576","201601ZD30554",1,9,0,7,0,8,0,0,0,0,4,1,6,1,5,1798,8,3,3,1
"43577","201601ZD30554",2,9,0,7,0,8,0,0,0,0,3,1,6,1,7,-1,-1,-1,4,1
"43578","201601ZD30555",1,9,0,18,0,1,0,10,1,2,1,1,6,2,4,1598,1,10,8,1
"43579","201601ZD30556",1,9,0,3,0,0,0,0,0,0,2,1,6,1,5,1995,2,5,5,1
"43580","201601ZD30556",2,9,0,5,0,0,0,0,0,0,1,1,6,1,6,1199,1,13,2,1
"43581","201601ZD30557",1,3,0,18,0,2,0,0,0,0,1,1,1,1,4,-1,-1,-1,4,1
"43582","201601ZD30557",2,9,0,6,0,2,0,0,0,0,4,1,6,1,5,1229,1,4,8,1
"43583","201601ZD30558",1,11,0,4,0,8,0,0,0,0,0,1,6,1,8,6692,2,7,2,1
"43584","201601ZD30559",1,9,0,18,0,0,0,0,0,0,4,1,6,1,7,1968,2,7,9,1
"43585","201601ZD30561",1,9,0,5,0,8,0,0,0,0,3,1,6,2,9,1200,1,1,10,1
"43586","201601ZD30561",2,21,0,18,0,8,0,0,0,0,1,1,6,1,-1,-1,-1,-1,-1,-1
"43587","201601ZD30565",1,11,0,4,0,1,0,0,0,0,0,1,1,1,7,6700,2,4,3,1
"43588","201601ZD30566",1,9,0,4,0,2,0,0,0,0,1,1,6,1,10,-1,-1,-1,-1,-1
"43589","201601ZD30567",1,2,0,18,9,0,0,0,0,0,1,1,6,1,-1,-1,-1,-1,-1,-1
"43590","201601ZD30568",1,9,0,18,0,0,0,0,0,0,4,1,6,1,6,1329,1,1,2,1
"43591","201601ZD30569",1,9,0,3,0,1,0,0,0,0,2,1,6,2,7,1339,1,7,2,1
"43592","201601ZD30569",2,9,0,18,0,1,0,0,0,0,1,1,6,1,5,1598,2,1,-1,-1
"43593","201601ZD30571",1,9,0,18,0,0,0,10,1,4,1,1,6,2,10,-1,-1,-1,-1,-1
"43594","201601ZD30574",1,1,0,18,0,8,1,0,0,0,1,1,6,2,7,-1,-1,-1,9,1
"43595","201601ZD30574",2,9,0,9,0,8,0,0,0,0,3,1,6,2,-1,1968,2,1,-1,-1
"43596","201601ZD30575",1,9,0,4,0,8,0,0,0,0,2,1,6,1,7,-1,-1,-1,9,1
"43597","201601ZD30575",2,9,0,18,0,8,0,0,0,0,1,1,6,1,-1,-1,-1,-1,-1,-1
"43598","201601ZD30576",1,9,0,4,0,8,0,0,0,0,2,1,6,1,5,1796,1,19,6,1
"43599","201601ZD30576",2,9,0,4,0,8,0,0,0,0,1,1,6,1,-1,-1,-1,-1,-1,-1
"43600","201601ZD30577",1,9,0,4,0,0,0,0,0,0,2,1,6,2,5,998,1,14,9,1
"43601","201601ZD30577",2,9,0,18,0,0,0,0,0,0,1,1,6,2,-1,1149,1,2,-1,-1
"43602","201601ZD30578",1,2,0,13,0,1,0,0,0,0,1,1,6,1,4,108,1,2,2,1
"43603","201601ZD30578",2,9,0,9,0,5,0,0,0,0,3,1,6,2,5,1995,1,9,4,1
"43604","201601ZD30579",1,2,0,17,0,8,0,0,0,0,3,1,6,1,5,108,1,2,5,1
"43605","201601ZD30579",2,9,0,11,0,8,0,0,0,0,4,1,6,3,-1,-1,-1,-1,-1,-1
"43606","201601ZD30580",1,9,0,18,0,0,0,0,0,0,4,1,6,2,8,1229,1,11,2,1
"43607","201601ZD30581",1,9,0,18,0,2,0,0,0,0,1,1,6,1,4,1198,1,14,2,1
"43608","201601ZD30581",2,1,0,18,0,1,0,0,0,0,1,1,6,1,-1,-1,-1,-1,-1,-1
"43609","201601ZD30582",1,9,0,18,0,8,0,0,0,0,3,1,6,2,6,1995,1,5,6,1
"43610","201601ZD30582",2,9,0,15,0,8,0,0,0,0,4,1,6,1,-1,1968,2,8,-1,-1
"43611","201601ZD30583",1,9,0,18,0,8,0,0,0,0,4,1,6,2,7,-1,-1,-1,5,1