"","Acc_Index","Vehicle_Reference","Vehicle_Type","Towing_and_Articulation","Vehicle_Manoeuvre","Vehicle_Location.Restricted_Lane","Junction_Location","Skidding_and_Overturning","Hit_Object_in_Carriageway","Vehicle_Leaving_Carriageway","Hit_Object_off_Carriageway","X1st_Point_of_Impact","Was_Vehicle_Left_Hand_Drive","Journey_Purpose_of_Driver","Sex_of_Driver","Age_Band_of_Driver","Engine_Capacity_.CC.","Propulsion_Code","Age_of_Vehicle","Driver_IMD_Decile","Driver_Home_Area_Type"
"43612","201601ZD30584",1,3,0,18,0,0,0,0,0,0,4,1,6,2,6,125,1,1,5,1
"43613","201601ZD30584",2,9,0,5,0,0,0,0,0,0,3,1,6,1,10,1360,1,17,-1,-1
"43614","201601ZD30585",1,1,0,18,0,1,0,0,0,0,3,1,6,1,6,-1,-1,-1,3,1
"43615","201601ZD30587",1,1,0,18,4,8,0,11,0,0,3,1,6,1,9,-1,-1,-1,5,1
"43616","201601ZD30587",2,9,0,18,0,8,0,0,0,0,4,1,6,2,6,-1,-1,-1,4,1
"43617","201601ZD30589",1,9,0,4,0,8,0,0,0,0,4,1,1,1,7,998,1,15,3,1
"43618","201601ZD30589",2,4,0,18,0,8,0,0,0,0,1,1,1,1,5,125,1,4,3,1
"43619","201601ZD30589",3,9,0,18,0,8,0,0,0,0,3,1,1,1,8,1997,2,4,4,1
"43620","201601ZD30590",1,9,0,9,0,8,0,0,0,0,3,1,6,2,8,1995,2,-1,4,1
"43621","201601ZD30590",2,4,0,18,0,8,0,0,0,0,1,1,6,1,7,599,1,15,8,1
"43622","201601ZD30591",1,9,0,4,0,0,0,0,0,0,2,1,6,2,6,1796,1,12,5,1
"43623","201601ZD30591",2,9,0,18,0,0,0,0,0,0,1,1,6,2,-1,1968,2,9,-1,-1
"43624","201601ZD30592",1,9,0,7,0,8,0,0,0,0,4,1,3,2,8,1896,2,9,3,1
"43625","201601ZD30592",2,1,0,18,0,8,0,0,0,0,1,1,6,1,6,-1,-1,-1,-1,-1
"43626","201601ZD30593",1,9,0,4,0,0,0,0,0,0,4,1,6,2,7,1582,2,8,4,1
"43627","201601ZD30594",1,9,0,18,0,8,0,10,7,10,3,1,6,1,5,1798,8,1,4,1
"43628","201601ZD30595",1,9,0,3,0,1,0,0,0,0,2,1,6,1,5,-1,-1,-1,4,1
"43629","201601ZD30595",2,9,0,5,0,1,0,0,0,0,1,1,6,1,-1,1997,2,14,2,1
"43630","201601ZD30596",1,9,0,18,0,0,0,0,0,0,1,1,2,1,6,1386,1,12,-1,-1
"43631","201601ZD30597",1,9,0,18,0,8,0,0,0,0,1,1,6,2,8,1495,1,9,8,1
"43632","201601ZD30598",1,1,0,18,0,8,0,0,0,0,1,1,6,1,8,-1,-1,-1,-1,-1
"43633","201601ZD30598",2,9,0,18,0,8,0,0,0,0,4,1,6,1,6,-1,-1,-1,10,1
"43634","201601ZD30599",1,9,0,16,0,0,0,0,0,0,1,1,6,2,5,1598,1,12,4,1
"43635","201601ZD30599",2,9,0,17,0,0,0,0,0,0,1,1,6,1,7,1329,1,6,-1,-1
"43636","201601ZD30599",3,9,0,3,0,0,0,0,0,0,3,1,6,2,6,1968,2,4,-1,-1
"43637","201601ZD30600",1,9,0,3,0,8,0,0,0,0,2,1,6,2,-1,-1,-1,-1,-1,-1
"43638","201601ZD30600",2,9,0,18,0,8,0,0,0,0,1,1,6,2,-1,-1,-1,-1,-1,-1
"43639","201601ZD30601",1,3,0,13,0,0,0,0,0,0,1,1,6,1,5,649,1,-1,6,1
"43640","201601ZD30601",2,9,0,4,0,0,0,0,0,0,3,1,6,1,6,2143,2,6,6,1
"43641","201601ZD30602",1,9,0,7,0,1,0,0,0,0,4,1,6,1,8,1984,1,10,5,1
"43642","201601ZD30602",2,5,0,18,2,1,0,0,0,0,1,1,6,1,6,599,1,9,4,1
"43643","201601ZD30604",1,9,0,9,0,8,0,0,0,0,3,1,6,1,7,2982,2,1,3,1
"43644","201601ZD30604",2,3,0,14,0,8,0,0,0,0,1,1,6,1,4,124,1,2,2,1
"43645","201601ZD30605",1,9,0,13,0,8,0,0,0,0,1,1,6,1,6,1596,1,17,1,1
"43646","201601ZD30605",2,9,0,9,0,8,0,0,0,0,3,1,6,2,5,-1,-1,-1,9,1
"43647","201601ZD30606",1,9,0,9,0,0,0,0,0,0,3,1,2,1,8,1240,1,6,4,1
"43648","201601ZD30606",2,3,0,15,0,0,0,0,0,0,1,1,6,1,-1,652,1,8,6,1
"43649","201601ZD30607",1,9,0,18,0,8,0,0,0,0,2,1,6,1,7,2204,2,9,-1,-1
"43650","201601ZD30607",2,9,0,18,0,8,0,0,0,0,2,1,6,3,7,1461,2,10,-1,-1
"43651","201601ZD30608",1,9,0,9,0,8,0,0,0,0,4,1,6,1,8,1984,1,13,9,1
"43652","201601ZD30608",2,9,0,12,0,8,0,0,0,0,3,1,6,3,-1,1995,2,3,-1,-1
"43653","201601ZD30609",1,9,0,9,0,8,0,0,0,0,1,1,6,2,5,1199,1,1,9,1
"43654","201601ZD30609",2,9,0,18,0,8,0,0,0,0,3,1,6,2,6,1390,1,13,2,1
"43655","201601ZD30610",1,9,0,18,0,0,0,0,0,0,2,1,1,1,7,-1,-1,-1,1,1
"43656","201601ZD30610",2,8,0,18,0,0,0,0,0,0,1,1,6,3,-1,2982,2,4,-1,-1
"43657","201601ZD30611",1,9,0,18,0,8,0,0,0,0,2,1,6,1,8,1598,1,16,2,1
"43658","201601ZD30611",2,9,0,18,0,8,0,0,0,0,1,1,6,2,6,1798,8,3,2,1
"43659","201601ZD30612",1,3,0,18,0,8,0,0,0,0,1,1,6,1,6,125,1,1,6,1
"43660","201601ZD30612",2,9,0,9,0,8,0,0,0,0,4,1,6,2,9,1595,1,6,4,1
"43661","201601ZD30613",1,9,0,3,0,0,0,0,0,0,2,1,2,2,-1,-1,-1,-1,9,1
"43662","201601ZD30613",2,9,0,3,0,0,0,0,0,0,2,1,6,2,7,1988,1,14,2,1
"43663","201601ZD30613",3,9,0,5,0,0,0,0,0,0,1,1,1,1,6,1956,2,3,4,1
"43664","201601ZD30614",1,9,0,9,0,8,0,0,0,0,1,1,6,2,8,2143,2,5,3,1
"43665","201601ZD30614",2,1,0,18,0,8,0,0,0,0,4,1,6,1,6,-1,-1,-1,3,1
"43666","201601ZD30615",1,9,0,18,0,2,0,0,0,0,1,1,6,2,6,1229,1,1,-1,-1
"43667","201601ZD30616",1,19,0,4,0,0,0,0,0,0,1,1,1,1,8,2402,2,13,1,1
"43668","201601ZD30617",1,9,0,9,0,8,0,0,0,0,1,1,6,1,8,1598,1,9,2,1
"43669","201601ZD30619",1,3,0,4,0,8,0,0,0,0,4,1,6,1,7,-1,-1,-1,2,1
"43670","201601ZD30620",1,9,0,18,0,0,0,0,0,0,0,1,6,2,6,1995,2,-1,4,1
"43671","201601ZD30620",2,8,0,18,0,0,0,0,0,0,0,1,6,1,-1,-1,-1,-1,-1,-1
"43672","201601ZD30628",1,11,0,9,0,8,0,0,0,0,2,1,1,1,8,-1,-1,-1,5,1
"43673","201601ZD30628",2,11,0,5,0,8,0,0,0,0,1,1,1,1,-1,6696,2,3,6,1
"43674","201601ZD30631",1,9,0,18,0,0,0,6,0,0,1,1,6,1,5,1198,1,3,5,1
"43675","201601ZD30633",1,9,0,18,0,0,0,0,0,0,1,1,6,1,-1,2171,2,12,-1,-1
"43676","201601ZD30633",2,9,0,3,0,0,0,0,0,0,1,1,6,2,10,1598,1,9,2,1
"43677","201601ZD30636",1,3,0,18,0,8,0,0,0,0,1,1,6,1,6,599,1,12,5,1
"43678","201601ZD30636",2,9,0,18,0,8,0,0,0,0,4,1,6,1,8,1595,1,10,-1,-1
"43679","201601ZD30637",1,9,0,18,0,8,0,0,0,0,4,1,6,1,8,1299,1,15,-1,-1
"43680","201601ZD30637",2,9,0,9,0,8,0,0,0,0,1,1,6,3,-1,-1,-1,-1,-1,-1
"43681","201601ZD30638",1,9,0,8,0,8,0,0,0,0,2,1,6,2,7,998,1,2,9,1
"43682","201601ZD30638",2,9,0,18,0,8,0,0,0,0,1,1,6,3,-1,-1,-1,-1,-1,-1
"43683","201601ZD30639",1,9,0,18,0,1,0,0,0,0,4,1,6,1,7,-1,-1,-1,-1,-1
"43684","201601ZD30641",1,3,0,18,0,1,0,0,0,0,1,1,6,1,6,125,1,5,9,1
"43685","201601ZD30641",2,9,0,9,0,1,0,0,0,0,4,1,6,1,-1,1995,1,10,4,1
"43686","201601ZD30642",1,1,0,16,0,8,0,0,0,0,3,1,6,2,6,-1,-1,-1,3,1
"43687","201601ZD30642",2,9,0,16,0,8,0,0,0,0,4,1,6,3,-1,-1,-1,-1,-1,-1
"43688","201601ZD30643",1,9,0,9,0,8,0,0,0,0,1,1,6,1,9,1598,1,12,-1,-1
"43689","201601ZD30643",2,9,0,18,0,8,0,0,0,0,4,1,6,2,9,-1,-1,-1,8,1
"43690","201601ZD30644",1,9,0,9,0,8,0,0,0,0,1,1,6,1,9,1596,1,10,2,1
"43691","201601ZD30644",2,9,0,9,0,8,0,0,0,0,3,1,6,1,6,1598,1,3,3,1
"43692","201601ZD30645",1,9,0,18,0,0,0,0,0,0,1,1,6,1,5,1598,1,13,9,1
"43693","201601ZD30646",1,9,0,18,0,0,0,0,0,0,3,1,6,1,8,4663,1,3,8,1
"43694","201601ZD30647",1,9,0,4,0,0,0,0,0,0,2,1,6,1,-1,898,1,1,-1,-1
"43695","201601ZD30647",2,9,0,4,0,0,0,0,0,0,2,1,6,1,4,1686,2,3,-1,-1
"43696","201601ZD30647",3,9,0,18,0,0,0,0,0,0,1,1,6,1,5,-1,-1,-1,-1,-1
"43697","201601ZD30648",1,19,0,9,0,8,0,0,0,0,3,1,1,1,8,1248,2,-1,2,1
"43698","201601ZD30648",2,1,0,18,0,8,0,0,0,0,1,1,6,1,3,-1,-1,-1,-1,-1
"43699","201601ZD30651",1,9,0,18,0,8,0,10,7,4,4,1,6,1,5,1596,1,11,2,1
"43700","201601ZD30651",2,9,0,18,0,8,0,0,0,0,1,1,6,1,8,1997,2,8,3,1
"43701","201601ZD30654",1,19,0,18,0,1,0,0,0,0,1,1,1,1,6,1560,2,1,10,1
"43702","201601ZD30654",2,9,0,9,0,8,0,0,0,0,4,1,6,1,7,1497,8,9,6,1
"43703","201601ZD30655",1,9,0,9,0,8,0,0,0,0,1,1,6,1,7,-1,-1,-1,2,1
"43704","201601ZD30655",2,1,0,9,0,8,0,0,0,0,1,1,6,1,6,-1,-1,-1,4,1
"43705","201601ZD30656",1,1,0,18,0,0,0,0,0,0,1,1,6,1,-1,-1,-1,-1,-1,-1
"43706","201601ZD30656",2,9,0,18,0,0,0,0,0,0,3,1,6,1,-1,-1,-1,-1,-1,-1
"43707","201601ZD30657",1,9,0,5,0,0,0,0,0,0,1,1,6,2,6,1968,2,1,3,1
"43708","201601ZD30658",1,9,0,7,0,2,0,0,0,0,1,1,6,1,6,1360,1,7,3,1
"43709","201601ZD30659",1,9,0,3,0,8,0,0,0,0,2,1,6,2,7,998,1,7,4,1
"43710","201601ZD30659",2,19,0,4,0,8,0,0,0,0,1,1,6,1,6,-1,-1,-1,9,1
"43711","201601ZD30659",3,9,0,3,0,8,0,0,0,0,2,1,6,2,7,1596,1,10,7,1
"43712","201601ZD30663",1,3,0,18,0,2,0,0,0,0,1,1,6,1,6,-1,-1,-1,5,1
"43713","201601ZD30664",1,9,0,18,0,8,0,0,0,0,3,1,6,1,5,1799,1,10,5,1
"43714","201601ZD30664",2,9,0,13,0,8,0,0,0,0,1,1,6,1,6,1490,1,7,8,1
"43715","201601ZD30665",1,5,0,9,0,8,0,0,0,0,4,1,6,1,7,-1,-1,-1,4,1
"43716","201601ZD30665",2,9,0,18,0,8,0,0,0,0,1,1,6,1,-1,-1,-1,-1,-1,-1
"43717","201601ZD30666",1,9,0,18,0,0,0,0,0,0,1,1,6,2,5,1598,1,9,2,1
"43718","201601ZD30666",2,9,0,18,0,0,0,0,0,0,1,1,6,1,-1,1870,2,10,4,1
"43719","201601ZD30667",1,9,0,18,0,0,0,0,0,0,1,1,1,1,5,1968,2,9,5,1
"43720","201601ZD30667",2,4,0,18,0,0,0,0,0,0,1,1,1,1,7,125,1,1,3,1
"43721","201601ZD30669",1,9,0,18,0,0,0,0,0,0,3,1,6,1,6,1390,1,16,-1,-1
"43722","201601ZD30669",2,9,0,18,0,0,0,0,0,0,3,1,6,2,-1,2000,1,8,-1,-1
"43723","201601ZD30671",1,11,0,18,0,8,0,0,0,0,0,1,1,1,9,4500,2,4,5,1
"43724","201601ZD30675",1,9,0,4,0,0,0,0,0,0,2,1,6,1,8,1149,1,17,4,1
"43725","201601ZD30675",2,5,0,4,0,0,0,0,0,0,1,1,6,1,10,1170,1,11,6,1
"43726","201601ZD30676",1,9,0,18,0,8,0,0,0,0,1,1,1,1,6,1349,1,5,8,1
"43727","201601ZD30677",1,3,0,4,0,2,0,0,0,0,2,1,6,1,7,125,1,-1,7,1
"43728","201601ZD30677",2,9,0,4,0,2,0,0,0,0,1,1,6,1,6,1398,1,2,7,1
"43729","201601ZD30678",1,8,0,4,0,1,0,0,0,0,2,1,6,1,8,1968,2,5,2,1
"43730","201601ZD30678",2,9,0,18,0,1,0,0,0,0,1,1,6,1,5,1997,2,6,-1,-1
"43731","201601ZD30679",1,3,0,18,0,8,1,0,0,0,0,1,6,1,8,125,1,-1,3,1
"43732","201601ZD30679",2,9,0,9,0,1,0,0,0,0,0,1,6,1,-1,1995,2,3,6,1
"43733","201601ZD30680",1,9,0,18,0,8,0,0,0,0,3,1,6,1,9,2099,2,9,5,1
"43734","201601ZD30680",2,9,0,18,0,8,0,0,0,0,1,1,6,1,10,1590,1,15,9,1
"43735","201601ZD30681",1,5,0,18,0,8,0,0,0,0,1,1,6,1,5,-1,-1,-1,-1,-1
"43736","201601ZD30681",2,9,0,10,0,8,0,0,0,0,2,1,6,1,6,-1,-1,-1,5,1
"43737","201601ZD30682",1,9,0,18,0,0,0,0,0,0,1,1,6,2,5,-1,-1,-1,3,1
"43738","201601ZD30682",2,9,0,18,0,0,0,0,0,0,1,1,6,2,-1,-1,-1,-1,-1,-1
"43739","201601ZD30683",1,9,0,18,0,8,0,0,0,0,1,1,6,2,7,1248,1,6,6,1
"43740","201601ZD30683",2,9,0,9,0,8,0,0,0,0,1,1,6,2,5,1400,1,10,9,1
"43741","201601ZD30684",1,1,0,18,0,8,0,0,0,0,0,1,6,2,5,-1,-1,-1,-1,-1
"43742","201601ZD30684",2,9,0,1,0,8,0,0,0,0,2,1,6,2,5,-1,-1,-1,2,1
"43743","201601ZD30689",1,9,0,9,0,8,0,0,0,0,1,1,6,1,10,1598,1,6,4,1
"43744","201601ZD30689",2,9,0,18,0,8,0,0,0,0,1,1,6,1,-1,2143,2,7,-1,-1
"43745","201601ZD30690",1,20,0,7,0,6,0,0,0,0,4,1,1,1,-1,-1,-1,-1,-1,-1
"43746","201601ZD30691",1,3,0,18,0,0,0,0,0,0,1,1,6,1,5,-1,-1,-1,2,1
"43747","201601ZD30691",2,9,0,6,0,0,0,0,0,0,3,1,6,2,7,1587,1,14,3,1
"43748","201601ZD30693",1,11,0,18,0,0,0,0,0,0,1,1,1,1,10,5900,2,10,-1,-1
"43749","201601ZD30693",2,1,0,18,0,0,0,0,0,0,2,1,6,1,-1,-1,-1,-1,-1,-1
"43750","201601ZD30695",1,9,0,9,0,8,0,0,0,0,1,1,6,1,7,1797,8,6,-1,-1
"43751","201601ZD30696",1,11,0,4,0,0,0,0,0,0,0,1,1,2,8,6692,2,7,2,1
"43752","201601ZD30698",1,9,0,9,0,8,0,0,0,0,3,1,6,2,9,1598,1,10,5,1
"43753","201601ZD30698",2,3,0,13,0,8,0,0,0,0,1,1,6,1,5,798,1,-1,7,1
"43754","201601ZD30700",1,3,0,18,0,1,0,0,0,0,1,1,6,1,-1,-1,-1,-1,-1,-1
"43755","201601ZD30701",1,9,0,9,0,8,0,0,0,0,1,1,6,1,6,1796,1,4,3,1
"43756","201601ZD30701",2,5,0,7,0,8,1,0,0,0,4,1,2,1,8,-1,-1,-1,8,1
"43757","201601ZD30703",1,9,0,9,0,8,0,0,0,0,1,1,6,1,8,1240,1,13,-1,-1
"43758","201601ZD30703",2,9,0,18,0,8,0,0,0,0,1,1,6,2,5,1339,1,7,9,1
"43759","201601ZD30704",1,9,0,4,0,8,0,0,0,0,2,1,6,2,7,1398,1,2,3,1
"43760","201601ZD30704",2,9,0,18,0,8,0,0,0,0,1,1,6,3,-1,-1,-1,-1,-1,-1
"43761","201601ZD30707",1,9,0,7,0,8,0,0,0,0,3,1,6,1,6,1390,1,9,2,1
"43762","201601ZD30707",2,3,0,18,0,8,0,0,0,0,1,1,6,1,4,-1,-1,-1,4,1
"43763","201601ZD30708",1,9,0,7,0,1,0,0,0,0,1,1,6,2,5,1596,1,14,5,1
"43764","201601ZD30708",2,9,0,8,0,1,0,0,0,0,2,1,6,1,6,1796,1,8,2,1
"43765","201601ZD30711",1,9,0,18,0,8,0,0,0,0,3,1,6,2,6,-1,-1,-1,2,1
"43766","201601ZD30713",1,9,0,18,0,8,0,0,0,0,1,1,6,1,6,1598,1,6,2,1
"43767","201601ZD30713",2,1,0,18,0,8,0,0,0,0,1,1,6,1,3,-1,-1,-1,2,1
"43768","201601ZD30714",1,11,0,18,0,1,0,0,0,0,1,1,1,1,8,5132,2,1,4,1
"43769","201601ZD30716",1,11,0,18,0,1,0,0,0,0,0,1,1,1,9,6692,2,7,3,1
"43770","201601ZD30717",1,9,0,9,0,2,0,0,0,0,3,1,6,1,8,1598,1,4,4,1
"43771","201601ZD30719",1,90,0,4,0,8,0,0,0,0,2,1,2,1,6,-1,-1,-1,-1,-1
"43772","201601ZD30719",2,3,0,18,0,8,0,0,0,0,1,1,2,1,5,124,1,2,9,1
"43773","201601ZD30720",1,11,0,4,0,0,0,0,0,0,0,1,1,1,9,3900,2,11,7,1
"43774","201601ZD30721",1,9,0,18,0,8,0,0,0,0,1,1,6,2,9,1685,2,2,5,1
"43775","201601ZD30721",2,3,0,11,0,8,0,0,0,0,1,1,6,2,6,-1,-1,-1,1,1
"43776","201601ZD30722",1,9,0,18,0,0,0,0,0,0,1,1,6,2,6,1969,2,-1,5,1
"43777","201601ZD30722",2,9,0,2,0,0,0,0,0,0,2,1,6,3,-1,-1,-1,-1,-1,-1
"43778","201601ZD30723",1,11,0,3,0,2,0,0,0,0,0,1,6,1,-1,-1,-1,-1,-1,-1
"43779","201601ZD30724",1,9,0,18,0,0,0,0,0,0,1,1,2,1,7,1229,1,8,8,1
"43780","201601ZD30725",1,9,0,18,0,0,0,0,0,0,2,1,6,1,7,-1,-1,-1,4,1
"43781","201601ZD30725",2,90,0,18,0,0,0,0,0,0,1,1,1,1,9,-1,3,-1,5,1
"43782","201601ZD30725",3,1,0,18,0,0,0,0,0,0,1,1,6,1,5,-1,-1,-1,-1,-1
"43783","201601ZD30726",1,9,0,18,0,0,5,0,0,0,4,1,6,1,6,-1,-1,-1,5,1
"43784","201601ZD30726",2,9,0,2,0,0,2,0,0,0,3,1,6,1,-1,1497,8,14,4,1
"43785","201601ZD30727",1,1,0,9,0,8,1,0,0,0,1,1,6,1,-1,-1,-1,-1,-1,-1
"43786","201601ZD30727",2,9,0,18,0,8,0,0,0,0,0,1,2,1,6,-1,-1,-1,-1,-1
"43787","201601ZD30731",1,11,0,18,0,1,0,0,0,0,4,1,6,1,6,-1,-1,-1,3,1
"43788","201601ZD30731",2,1,0,18,0,1,0,0,0,0,3,1,6,1,3,-1,-1,-1,5,1
"43789","201601ZD30732",1,9,0,8,0,1,0,0,0,0,0,1,6,1,6,1595,1,8,-1,-1
"43790","201601ZD30732",2,9,0,18,0,1,0,0,0,0,2,1,6,2,9,2993,2,2,9,1
"43791","201601ZD30732",3,9,0,18,0,1,0,0,0,0,3,1,6,1,6,1796,1,14,10,1
"43792","201601ZD30733",1,9,0,7,0,8,0,0,0,0,4,1,6,1,9,1386,1,13,3,1
"43793","201601ZD30733",2,3,0,18,0,8,0,0,0,0,3,1,6,1,5,125,1,-1,2,1
"43794","201601ZD30745",1,9,0,7,0,2,0,0,0,0,1,1,6,1,6,-1,-1,-1,2,1
"43795","201601ZD30749",1,9,0,13,0,8,0,0,0,0,4,1,6,1,7,3456,8,5,4,1
"43796","201601ZD30749",2,1,0,12,0,8,0,0,0,0,1,1,6,1,6,-1,-1,-1,3,1
"43797","201601ZD30750",1,9,0,18,0,0,0,0,0,0,1,1,6,3,-1,-1,-1,-1,-1,-1
"43798","201601ZD30751",1,9,0,18,0,1,0,0,0,0,0,1,6,1,-1,-1,-1,-1,-1,-1
"43799","201601ZD30753",1,9,0,7,0,8,0,0,0,0,0,1,6,2,6,1229,1,7,6,1
"43800","201601ZD30753",2,9,0,7,0,8,0,0,0,0,3,1,6,2,-1,-1,-1,-1,-1,-1
"43801","201601ZD30754",1,9,0,4,0,0,0,0,0,0,3,1,6,2,8,1598,1,9,6,1
"43802","201601ZD30754",2,9,0,1,0,0,0,0,0,0,2,1,6,1,-1,-1,-1,-1,-1,-1
"43803","201601ZD30756",1,9,0,9,0,2,0,0,0,0,1,1,6,3,-1,-1,-1,-1,-1,-1
"43804","201601ZD30760",1,9,0,18,0,0,0,0,0,0,1,1,6,1,8,1242,1,2,-1,-1
"43805","201601ZD30763",1,19,0,18,0,0,0,0,0,0,4,1,1,1,-1,1996,2,6,4,1
"43806","201601ZD30772",1,9,0,1,0,8,0,0,0,0,2,1,6,1,6,-1,-1,-1,-1,-1
"43807","201601ZD30773",1,9,0,18,0,2,0,0,0,0,4,1,6,1,-1,-1,-1,-1,-1,-1
"43808","201601ZD30779",1,9,0,18,0,8,0,0,0,0,1,1,6,2,7,1229,1,1,2,1
"43809","201601ZD30782",1,9,0,7,0,8,0,0,0,0,0,1,6,1,7,-1,-1,-1,5,1
"43810","201601ZD30783",1,9,0,18,0,8,0,0,0,0,2,1,2,1,-1,1198,1,13,-1,-1
"43811","201601ZD30783",2,9,0,13,0,8,0,0,0,0,1,1,6,3,-1,-1,-1,-1,-1,-1
"43812","201601ZD30789",1,1,0,18,0,0,0,0,0,0,0,1,1,1,10,-1,-1,-1,6,1
"43813","201601ZD30789",2,9,0,14,0,0,0,0,0,0,0,1,6,3,-1,-1,-1,-1,-1,-1
"43814","201601ZD30793",1,3,0,18,0,1,0,4,0,0,4,1,6,1,7,124,1,-1,2,1
"43815","201601ZD30793",2,9,0,9,0,1,0,0,0,0,3,1,6,1,7,1200,1,-1,-1,-1
"43816","201601ZD30794",1,9,0,18,0,0,0,0,0,0,3,1,6,2,7,1395,1,-1,3,1
"43817","201601ZD30794",2,9,0,18,0,0,0,0,0,0,2,1,6,2,7,-1,-1,-1,2,1
"43818","201601ZD30794",3,9,0,18,0,0,0,0,0,0,2,1,6,1,-1,2261,1,7,-1,-1
"43819","201601ZD30805",1,9,0,18,0,8,0,0,0,0,3,1,6,2,8,1197,1,1,6,1
"43820","201601ZD30805",2,9,0,9,0,8,0,0,0,0,3,1,6,1,-1,1364,1,11,-1,-1
"43821","201601ZD30810",1,4,0,14,0,0,0,0,0,0,1,1,6,1,6,125,1,-1,6,1
"43822","201601ZD30810",2,19,0,5,0,0,0,0,0,0,2,1,2,1,5,1968,2,2,4,1
"43823","201601ZD30811",1,9,0,4,0,0,0,0,0,0,2,1,6,1,4,1364,1,8,4,1
"43824","201601ZD30811",2,9,0,18,0,0,0,0,0,0,1,1,6,1,5,1229,1,2,8,3
"43825","201601ZD30820",1,9,0,9,0,8,1,0,0,0,3,1,6,2,7,1598,1,13,6,3
"43826","201601ZD30820",2,5,0,9,0,8,1,0,0,0,1,1,6,1,10,-1,-1,-1,9,1
"43827","201601ZD30821",1,5,0,18,0,8,0,0,0,0,3,1,6,1,5,599,1,15,4,1
"43828","201601ZD30821",2,9,0,9,0,8,0,0,0,0,1,1,6,1,5,1998,1,13,2,1
"43829","201601ZD30831",1,1,0,14,0,8,0,0,0,0,1,1,6,1,-1,-1,-1,-1,-1,-1
"43830","201601ZD30839",1,9,0,9,0,8,0,0,0,0,3,1,2,1,7,1968,2,8,2,1
"43831","201601ZD30839",2,5,0,14,0,8,0,4,0,0,1,1,1,1,7,1000,1,7,9,1
"438321","201601ZD30839",3,9,0,2,0,8,0,0,0,0,4,1,6,2,6,1390,1,15,4,1
"438351","201601ZD30878",1,9,0,5,0,0,0,0,0,0,1,1,6,1,10,1560,2,-1,-1,-1
"438361","201601ZD30878",2,9,0,2,0,0,0,0,0,0,2,1,6,3,-1,1587,1,13,-1,-1
"438371","201601ZD30954",1,9,0,9,0,8,0,0,0,0,1,1,6,2,4,1240,1,13,10,1
"438381","201601ZD30954",2,9,0,9,0,7,0,0,0,0,1,1,6,2,-1,-1,-1,-1,-1,-1
"438391","201601ZD30954",3,9,0,9,0,8,0,0,0,0,3,1,6,2,-1,-1,-1,-1,-1,-1
"438401","201601ZD30988",1,1,0,18,0,0,0,0,0,0,1,1,6,1,5,-1,-1,-1,-1,-1
"438411","201601ZD30988",2,1,0,18,0,0,0,0,0,0,1,1,1,3,-1,-1,-1,-1,-1,-1
"440651","201601ZT80169",1,1,0,18,0,8,0,0,0,0,4,1,6,1,7,-1,-1,-1,-1,-1
"440661","201601ZT80169",2,9,0,5,0,8,0,0,0,0,1,1,6,1,6,1299,1,11,6,1
"154085","2016410058038",1,9,0,9,0,1,0,0,0,0,1,1,6,2,10,1200,1,1,7,1
"154086","2016410058038",2,9,0,17,0,1,0,0,0,0,1,1,6,2,6,1794,1,14,8,1
"154087","2016410058038",3,9,0,8,0,8,0,0,0,0,3,1,6,2,7,2993,2,5,10,1
"1541221","2016410059832",1,9,0,5,4,0,0,0,0,0,1,1,5,1,7,2698,2,9,-1,-1
"1541231","2016410059832",2,3,0,18,0,0,0,0,0,0,1,1,5,1,4,125,1,4,4,1
"1541871","2016410063015",1,9,0,9,0,6,0,0,0,0,3,1,2,1,5,1390,1,8,9,1
"1541881","2016410063015",2,1,0,18,0,8,1,0,0,0,1,1,2,1,6,-1,-1,-1,7,1
"154238","2016410064543",1,19,0,5,9,5,0,0,1,0,1,1,1,1,8,2198,2,7,3,1
"1542391","2016410064543",2,1,0,2,9,2,0,0,3,0,4,1,5,1,7,-1,-1,-1,4,1
"1542411","2016410064627",1,9,0,5,0,4,0,0,0,0,1,1,6,1,7,1968,2,2,-1,-1
"1542421","2016410064627",2,9,0,3,0,8,0,0,0,0,2,1,1,1,6,1598,2,2,7,1
"154245","2016410064697",1,9,0,7,0,5,0,0,0,0,1,1,6,3,7,-1,-1,-1,-1,-1
"154246","2016410064697",2,1,0,18,0,8,5,0,0,0,1,1,6,1,3,-1,-1,-1,5,1
"154270","2016410065131",1,9,0,18,0,4,0,0,0,0,1,1,6,2,6,998,1,1,-1,-1
"1542711","2016410065131",2,9,0,9,0,3,0,0,0,0,4,1,6,2,8,1598,1,4,5,1
"1542881","2016410065694",1,11,0,18,0,1,0,0,0,0,1,1,1,1,9,6700,2,8,8,2
"1542891","2016410065694",2,9,0,7,0,5,0,0,0,0,2,1,5,2,6,1388,1,10,3,1
"1543011","2016410066596",1,9,0,18,0,0,0,0,0,0,1,1,6,1,5,1242,1,10,8,1
"1543021","2016410066596",2,9,0,2,0,0,0,0,0,0,1,1,6,1,-1,1598,1,7,-1,-1
"1543031","2016410066596",3,9,0,2,0,0,0,0,0,0,1,1,6,2,-1,-1,-1,-1,-1,-1
"1543051","2016410066735",1,9,0,18,0,2,0,0,0,0,4,1,5,1,8,1598,1,14,10,1
"1543551","2016410067561",1,5,0,5,0,0,5,4,3,10,1,1,6,1,8,903,1,-1,2,1
"1543561","2016410067561",2,98,0,2,0,0,0,0,0,0,4,1,6,3,-1,-1,-1,-1,-1,-1
"1543611","2016410067975",1,11,0,16,0,2,0,0,0,0,3,1,3,1,8,-1,2,17,4,1
"1543621","2016410067975",3,19,0,18,0,1,0,0,0,0,3,1,5,1,7,2198,2,2,9,1
"154392","2016410068879",1,9,0,18,4,1,0,0,0,0,3,1,6,3,-1,1596,1,8,-1,-1