"","Acc_Index","Vehicle_Reference","Vehicle_Type","Towing_and_Articulation","Vehicle_Manoeuvre","Vehicle_Location.Restricted_Lane","Junction_Location","Skidding_and_Overturning","Hit_Object_in_Carriageway","Vehicle_Leaving_Carriageway","Hit_Object_off_Carriageway","X1st_Point_of_Impact","Was_Vehicle_Left_Hand_Drive","Journey_Purpose_of_Driver","Sex_of_Driver","Age_Band_of_Driver","Engine_Capacity_.CC.","Propulsion_Code","Age_of_Vehicle","Driver_IMD_Decile","Driver_Home_Area_Type"
"154393","2016410068879",2,1,0,18,0,1,0,0,0,0,4,1,5,2,7,-1,-1,-1,-1,-1
"154424","2016410069681",1,9,0,18,0,0,5,0,4,0,3,1,5,1,11,1795,1,11,-1,-1
"154466","2016410070914",1,9,0,11,0,0,0,0,0,0,2,1,2,1,6,2993,2,8,-1,-1
"154467","2016410070914",2,19,0,18,0,0,0,0,0,0,1,1,2,1,8,2198,2,3,-1,-1
"154531","2016410072536",1,9,0,18,0,0,0,0,0,0,1,1,6,1,-1,1598,1,11,2,1
"154532","2016410072536",2,9,0,3,0,0,0,0,0,0,2,1,1,1,6,2143,2,4,5,1
"154542","2016410072756",1,9,0,11,0,0,0,0,0,0,1,1,5,1,5,1398,2,2,2,1
"154543","2016410072756",2,9,0,18,0,0,0,0,0,0,2,1,5,1,6,1956,2,5,1,1
"154613","2016410075811",1,9,0,9,0,6,0,0,0,0,1,1,5,2,6,1596,1,15,6,1
"154614","2016410075811",2,9,0,18,0,8,0,0,0,0,1,1,5,2,5,1242,1,9,9,1
"154618","2016410075893",1,9,0,9,0,0,0,0,0,0,3,1,6,1,7,1598,1,5,7,1
"154619","2016410075893",2,5,0,13,0,0,5,0,0,0,1,1,2,1,8,599,1,20,3,1
"154638","2016410076510",1,9,0,3,0,1,0,0,0,0,2,1,5,1,6,1248,1,1,10,1
"154639","2016410076510",2,9,0,4,0,1,0,0,0,0,1,1,2,2,6,1796,1,11,-1,-1
"154672","2016410077576",1,9,0,7,0,8,0,0,1,0,4,1,5,3,-1,-1,-1,-1,-1,-1
"154673","2016410077576",2,1,0,18,4,8,0,0,1,0,1,1,2,1,7,-1,-1,-1,3,1
"154712","2016410078220",1,9,0,9,0,6,0,0,0,0,1,1,6,2,8,996,1,2,6,1
"154713","2016410078220",2,9,0,5,0,1,0,0,0,0,3,1,6,1,6,1995,2,9,2,1
"154718","2016410078316",1,9,0,18,0,0,0,0,0,0,0,1,6,3,-1,-1,-1,-1,-1,-1
"154741","2016410078987",1,9,0,5,0,4,0,0,0,0,1,1,6,2,6,1598,1,9,9,1
"154742","2016410078987",2,1,0,18,0,8,0,0,0,0,2,1,5,1,4,-1,-1,-1,10,1
"154768","2016410079602",1,9,0,18,0,8,0,0,0,0,1,1,5,1,8,-1,-1,-1,-1,-1
"154800","2016410080029",1,9,0,5,0,4,0,0,0,0,1,1,6,1,4,2792,1,6,7,1
"154801","2016410080029",2,3,0,17,0,8,0,0,0,0,4,1,6,1,6,124,1,-1,-1,-1
"154807","2016410080147",1,9,0,5,0,1,0,0,0,0,1,1,6,3,-1,1229,1,2,-1,-1
"154808","2016410080147",2,9,0,3,0,2,0,0,0,0,3,1,5,1,8,1968,2,5,4,1
"154811","2016410080242",1,9,0,5,0,6,0,0,0,0,4,1,2,1,6,1328,1,13,3,1
"154812","2016410080242",2,9,0,18,0,1,0,0,0,0,1,1,5,2,6,-1,-1,-1,-1,-1
"154840","2016410080770",1,9,0,6,0,1,0,0,0,0,4,1,1,1,7,2148,2,9,5,1
"154841","2016410080770",2,5,0,18,0,2,0,0,0,0,1,1,5,1,10,650,1,48,3,1
"154872","2016410081636",1,9,0,18,0,0,5,10,7,4,3,1,6,2,6,1598,1,11,7,1
"154884","2016410081989",1,9,0,18,0,2,0,0,0,0,1,1,5,1,5,999,1,8,3,1
"154885","2016410081989",2,9,0,3,0,2,0,0,0,0,2,1,5,1,7,1229,1,6,5,1
"154889","2016410082071",1,9,0,18,9,8,1,0,3,11,1,1,1,2,7,1388,1,13,7,1
"154905","2016410082359",1,3,0,4,0,1,1,0,0,0,1,1,5,1,5,124,1,4,5,1
"154906","2016410082359",2,9,0,3,0,1,0,0,0,0,2,1,5,1,11,1781,1,14,9,1
"154907","2016410082359",3,9,0,3,0,1,0,0,0,0,4,1,5,1,6,1560,2,5,7,1
"154933","2016410083859",1,9,0,18,0,1,0,0,0,0,4,1,6,1,8,1998,2,9,10,1
"154939","2016410084007",1,19,0,12,0,0,0,0,0,0,3,1,6,1,6,2198,2,1,3,1
"154940","2016410084007",2,9,0,13,0,0,0,0,0,0,4,1,6,2,6,1995,2,6,2,1
"154941","2016410084007",3,9,0,4,0,0,0,0,0,0,0,1,6,1,6,1781,1,26,-1,-1
"154962","2016410084464",1,4,0,18,0,8,5,0,0,0,1,1,2,1,7,499,1,2,7,1
"155009","2016410085142",1,9,0,18,0,0,0,0,0,0,1,1,6,2,10,1796,1,11,5,1
"155010","2016410085142",2,9,0,18,0,0,0,0,0,0,1,1,1,1,6,2143,2,1,8,1
"155011","2016410085142",3,9,0,18,0,0,0,0,1,10,1,1,6,2,7,1598,1,4,-1,-1
"155017","2016410085231",1,9,0,5,0,6,0,0,0,0,3,1,2,1,6,1984,2,2,7,1
"155018","2016410085231",2,9,0,18,0,1,0,0,0,0,4,1,2,2,8,1995,2,12,3,1
"155045","2016410086083",1,9,0,18,0,0,1,0,1,0,1,1,6,1,8,4663,1,6,4,1
"155046","2016410086083",2,9,0,3,0,0,0,0,4,0,2,1,6,1,6,2993,2,1,10,1
"155047","2016410086083",3,9,0,3,0,0,0,0,0,0,2,1,6,1,5,2993,2,5,7,1
"155056","2016410086220",1,1,0,9,0,5,0,0,0,0,1,1,5,1,6,-1,-1,-1,3,1
"155057","2016410086220",2,9,0,4,0,1,0,0,0,0,1,1,5,2,6,1390,1,2,-1,-1
"155114","2016410087337",1,5,0,18,0,0,5,0,0,0,1,1,6,1,6,600,1,5,5,1
"155115","2016410087337",2,9,0,11,0,0,0,0,0,0,4,1,6,1,-1,1995,1,14,-1,-1
"155126","2016410087763",1,9,0,9,0,8,0,0,0,0,3,1,5,2,11,1390,1,12,5,1
"155127","2016410087763",2,5,0,14,0,8,2,0,7,0,1,1,2,1,7,600,1,14,4,1
"155140","2016410088090",1,19,0,18,0,1,0,0,0,0,1,1,1,1,9,1560,2,1,-1,-1
"155141","2016410088090",2,9,0,18,0,2,0,0,0,0,1,1,5,2,8,1242,1,13,10,1
"155150","2016410088394",1,19,0,9,0,0,0,0,0,0,1,1,1,1,7,1248,2,5,6,1
"155151","2016410088394",2,5,0,14,0,0,5,0,0,0,4,1,2,1,9,680,1,9,4,1
"155153","2016410088539",1,9,0,18,0,5,0,0,1,0,1,1,5,1,4,1390,1,8,9,1
"155154","2016410088539",2,9,0,18,0,6,0,0,0,0,0,1,6,3,-1,-1,-1,-1,-1,-1
"155168","2016410088805",1,11,0,7,0,8,0,0,0,0,1,1,1,1,8,5900,2,9,10,1
"155209","2016410089845",1,9,0,18,0,0,0,0,0,0,1,1,5,2,6,1329,1,1,7,1
"155220","2016410090250",1,1,0,5,0,0,0,0,0,0,3,1,6,1,3,-1,-1,-1,8,1
"155221","2016410090250",2,9,0,18,0,0,0,0,0,0,1,1,5,2,7,1896,2,8,6,1
"155233","2016410090614",1,3,0,14,0,1,2,0,7,0,1,1,5,1,5,125,1,6,5,1
"155234","2016410090614",2,9,0,12,0,1,0,0,0,0,4,1,2,1,7,-1,-1,-1,10,1
"155246","2016410090831",1,9,0,9,0,2,0,0,0,0,3,1,6,1,5,1796,1,16,7,1
"155247","2016410090831",2,9,0,18,0,1,0,0,0,0,1,1,6,2,7,1587,1,9,3,1
"155267","2016410091097",1,9,0,4,0,0,0,0,0,0,2,1,5,1,6,1597,1,8,4,1
"155268","2016410091097",2,9,0,18,0,0,0,0,0,0,1,1,6,1,5,1968,2,4,5,1
"155297","2016410091781",1,9,0,18,0,1,0,0,0,0,1,1,6,1,10,2496,1,14,10,1
"155298","2016410091781",2,1,0,18,0,8,0,0,0,0,2,1,5,1,4,-1,-1,-1,6,1
"155307","2016410092004",1,3,0,18,0,2,0,0,0,0,1,1,2,1,4,124,1,11,6,1
"155308","2016410092004",2,1,0,5,0,2,0,0,0,0,3,1,5,2,3,-1,-1,-1,8,1
"155309","2016410092004",3,9,0,3,0,2,0,0,0,0,2,1,2,1,6,1896,2,10,2,1
"155318","2016410092120",1,3,0,18,0,0,0,0,0,0,3,1,5,1,-1,124,1,-1,-1,-1
"155319","2016410092120",2,9,0,13,0,0,0,0,0,0,4,1,5,2,8,1198,1,2,9,1
"155328","2016410092518",1,9,0,9,0,8,0,0,0,0,1,1,6,2,9,1149,1,8,6,1
"155351","2016410093164",1,9,0,18,0,0,0,0,0,0,1,1,6,1,5,1995,2,4,3,1
"155352","2016410093164",2,9,0,18,0,0,0,0,0,0,2,1,1,1,8,3628,2,8,2,1
"155372","2016410093476",1,9,0,18,0,0,0,0,0,0,1,1,6,1,9,1461,2,1,-1,3
"155373","2016410093476",2,9,0,3,0,0,0,0,0,0,2,1,5,2,8,1995,2,4,8,1
"155386","2016410093646",1,9,0,18,0,4,0,0,0,0,3,1,2,2,8,1995,2,6,10,1
"155387","2016410093646",2,1,0,17,0,8,5,0,0,0,1,1,2,1,6,-1,-1,-1,9,1
"155396","2016410094328",1,9,0,18,0,3,0,0,0,0,2,1,5,2,6,1956,2,6,9,1
"155397","2016410094328",2,5,0,18,0,3,0,0,0,0,1,1,6,1,6,1255,1,1,7,1
"155398","2016410094366",1,5,0,18,0,0,2,0,7,0,1,1,6,1,6,599,1,6,9,1
"155399","2016410094397",1,9,0,18,0,0,0,0,0,0,1,1,6,3,-1,-1,-1,-1,-1,-1
"155405","2016410094720",1,10,0,9,0,2,0,0,0,0,1,1,6,1,7,2464,2,9,3,1
"155406","2016410094720",2,9,0,3,0,8,0,0,0,0,3,1,5,2,7,1896,2,11,10,1
"155427","2016410095280",1,9,0,7,0,6,0,0,0,0,3,1,1,1,7,1798,1,7,6,1
"155428","2016410095280",2,1,0,18,0,8,0,0,0,0,1,1,6,1,9,-1,-1,-1,2,1
"155433","2016410095410",1,3,0,18,0,8,2,0,0,0,1,1,2,1,6,124,1,1,-1,-1
"155434","2016410095410",2,9,0,4,0,8,0,0,0,0,3,1,1,1,8,-1,-1,-1,9,1
"155455","2016410095787",1,9,0,18,0,1,0,0,0,0,1,1,6,3,-1,-1,-1,-1,-1,-1
"155456","2016410095787",2,23,0,18,0,1,0,0,0,0,3,1,6,2,9,-1,-1,-1,5,1
"155478","2016410096175",1,9,0,18,0,0,0,0,0,0,0,1,6,1,9,1364,1,1,3,1
"155497","2016410096412",1,9,0,14,0,0,0,0,0,0,1,1,6,1,7,1995,2,5,5,1
"155498","2016410096412",2,3,0,16,0,0,5,0,7,0,1,1,6,1,4,125,1,15,3,1
"155499","2016410096412",3,9,0,2,9,0,0,0,0,0,2,1,6,3,-1,-1,-1,-1,-1,-1
"155500","2016410096412",4,9,0,2,0,0,0,0,0,0,1,1,6,3,-1,-1,-1,-1,-1,-1
"155538","2016410096908",1,9,0,4,0,8,0,0,0,0,4,1,3,2,6,1598,1,5,10,1
"155539","2016410096908",2,1,0,18,0,8,0,0,0,0,3,1,6,1,7,-1,-1,-1,4,1
"155540","2016410096915",1,9,0,3,0,0,0,0,0,0,1,1,2,1,5,998,1,-1,-1,-1
"155541","2016410096915",2,9,0,3,0,0,0,0,0,0,2,1,3,1,8,999,1,7,-1,-1
"155548","2016410096972",1,9,0,18,0,1,0,0,0,0,1,1,2,2,8,1242,1,1,8,1
"155549","2016410096972",2,9,0,4,0,1,0,0,0,0,2,1,2,2,7,1598,1,3,10,1
"155550","2016410096977",1,9,0,9,0,4,0,0,0,0,3,1,2,1,10,1395,1,3,-1,-1
"155551","2016410096977",2,1,0,18,0,8,0,0,0,0,1,1,5,1,4,-1,-1,-1,5,1
"155556","2016410097052",1,9,0,7,0,6,0,0,0,0,1,1,6,1,7,1685,2,-1,6,1
"155557","2016410097052",2,1,0,18,0,8,0,0,0,0,4,1,6,1,7,-1,-1,-1,10,1
"155562","2016410097179",1,9,0,7,0,8,0,0,0,0,3,1,6,1,-1,-1,-1,-1,-1,-1
"155563","2016410097179",2,1,0,18,0,1,5,0,0,0,3,1,6,1,6,-1,-1,-1,8,1
"155572","2016410097461",1,9,0,5,0,2,0,0,0,0,1,1,2,1,6,1598,2,3,3,1
"155573","2016410097461",2,9,0,18,0,1,0,0,0,0,1,1,4,2,4,1598,1,12,8,2
"155581","2016410097540",1,9,0,4,0,0,0,0,0,0,1,1,5,1,7,1968,2,11,5,1
"155582","2016410097540",2,9,0,3,0,0,0,0,0,0,2,1,5,1,6,1598,1,7,3,1
"155583","2016410097540",3,9,0,3,0,0,0,0,0,0,2,1,5,2,5,1229,1,9,5,1
"155602","2016410097683",1,9,0,18,0,0,0,4,0,0,4,1,5,2,7,1461,2,-1,7,1
"155603","2016410097683",2,9,0,2,0,0,0,0,1,10,2,1,5,1,8,1968,2,9,5,1
"155661","2016410098399",1,9,0,3,0,0,0,0,0,0,4,1,6,1,-1,1753,2,6,-1,-1
"155662","2016410098399",2,1,0,15,0,0,0,0,0,0,3,1,1,1,8,-1,-1,-1,10,1
"155667","2016410098491",1,1,0,18,0,0,0,0,0,0,2,1,6,1,4,-1,-1,-1,8,1
"155668","2016410098491",2,9,0,18,0,0,0,0,0,0,1,1,6,1,5,-1,-1,-1,5,1
"155676","2016410098609",1,9,0,9,0,8,0,0,0,0,1,1,5,1,6,2720,2,8,10,1
"155677","2016410098609",2,9,0,18,0,1,0,0,0,0,3,1,5,2,8,1596,1,5,2,1
"155696","2016410098838",1,9,0,18,0,0,0,0,0,0,1,1,5,2,9,999,1,5,4,1
"155697","2016410098838",2,9,0,3,0,0,0,0,0,0,2,1,1,1,7,998,1,10,7,3
"155698","2016410098838",3,9,0,3,0,0,0,0,0,0,2,1,1,1,9,1997,2,9,8,1
"155699","2016410098846",1,9,0,18,0,0,0,0,0,0,0,1,5,1,5,1595,1,19,2,1
"155700","2016410098846",2,9,0,18,0,0,0,0,0,0,1,1,5,1,7,1461,2,1,7,1
"155701","2016410098846",3,9,0,18,0,0,0,0,0,0,1,1,5,1,10,2198,2,2,10,1
"155702","2016410098846",4,9,0,18,0,0,0,0,0,0,1,1,5,1,8,1596,1,14,6,1
"155726","2016410099174",1,9,0,5,0,7,0,0,0,0,1,1,5,1,6,1399,2,14,6,1
"155727","2016410099174",2,9,0,3,0,7,0,0,0,0,2,1,5,2,6,1598,1,8,9,2
"155754","2016410099503",1,3,0,16,0,0,1,10,0,0,0,1,2,1,7,125,1,1,3,1
"156024","20164100C0017",1,9,0,18,0,2,1,0,0,0,1,1,1,1,6,1248,2,1,4,1
"156025","20164100C0019",1,9,0,9,0,5,0,0,0,0,1,1,6,1,7,1229,1,8,5,1
"156026","20164100C0019",2,1,0,18,0,8,0,0,0,0,4,1,6,1,4,-1,-1,-1,5,1
"156028","20164100C0024",1,9,0,9,0,8,1,0,0,0,1,1,6,2,5,1390,1,5,6,1
"156029","20164100C0024",2,9,0,18,0,8,0,0,0,0,1,1,6,1,8,1360,1,13,5,1
"156030","20164100C0025",1,9,0,18,0,0,0,0,0,0,1,1,6,1,6,1086,1,10,3,1
"156033","20164100C0035",1,9,0,4,0,1,0,0,0,0,2,1,6,1,5,-1,-1,-1,7,1
"156034","20164100C0035",2,9,0,5,0,1,0,0,0,0,1,1,6,1,8,998,1,6,3,1
"156035","20164100C0036",1,9,0,7,0,6,0,0,0,0,1,1,6,1,5,-1,-1,-1,-1,-1
"156036","20164100C0036",2,1,0,18,0,8,0,0,0,0,1,1,6,1,3,-1,-1,-1,7,1
"156039","20164100C0042",1,9,0,9,0,5,0,0,0,0,4,1,2,1,5,1781,1,16,10,1
"156040","20164100C0042",2,9,0,18,0,8,0,0,0,0,1,1,6,2,6,1199,1,14,4,2
"156045","20164100C0051",1,9,0,9,0,6,0,0,0,0,1,1,6,3,-1,-1,-1,-1,-1,-1
"156046","20164100C0051",2,1,0,18,0,8,0,0,0,0,1,1,6,1,4,-1,-1,-1,4,1
"156049","20164100C0062",1,9,0,18,0,2,1,4,7,11,3,1,6,1,5,1910,2,6,7,1
"156050","20164100C0062",2,8,0,2,0,2,0,0,0,0,3,1,6,1,7,1242,1,3,6,1
"156051","20164100C0062",3,9,0,2,0,2,0,0,0,0,3,1,6,1,-1,2143,2,4,8,1
"156052","20164100C0064",1,9,0,18,0,1,1,0,7,6,1,1,6,2,8,-1,-1,-1,4,1
"156053","20164100C0071",1,8,0,5,0,6,0,9,7,1,3,1,1,1,7,1798,8,1,6,1
"156054","20164100C0071",2,9,0,18,0,8,0,0,0,0,1,1,6,1,7,-1,-1,-1,4,1
"156055","20164100C0074",1,9,0,18,0,8,0,0,0,0,1,1,6,1,5,1598,1,14,5,1
"156056","20164100C0074",2,9,0,18,0,8,0,0,0,0,1,1,6,1,7,1797,1,1,4,1
"156057","20164100C0074",3,9,0,9,0,8,0,0,0,0,1,1,6,1,5,1229,1,11,10,1
"156058","20164100C0074",4,9,0,18,0,1,0,0,0,0,0,1,1,1,6,1248,2,4,7,1
"156059","20164100C0075",1,9,0,14,0,0,0,0,0,0,4,1,3,2,7,1388,1,12,4,1
"156060","20164100C0077",1,8,0,9,0,5,0,0,0,0,1,1,1,1,8,1995,2,13,6,1
"156061","20164100C0077",2,3,0,18,0,8,0,0,0,0,1,1,2,1,8,124,1,19,8,1
"156063","20164100C0086",1,5,0,4,0,0,1,0,0,0,2,1,6,1,8,929,1,15,3,1
"156064","20164100C0086",2,5,0,4,0,0,0,0,0,0,1,1,6,2,8,-1,-1,-1,8,1
"156065","20164100C0091",1,9,0,18,0,0,0,0,0,0,1,1,2,1,6,2926,2,16,9,2
"156066","20164100C0092",1,9,0,4,0,0,0,0,0,0,1,1,6,2,11,1198,1,7,7,3
"156067","20164100C0092",2,9,0,3,0,0,0,0,0,0,2,1,6,2,8,2967,2,1,9,3
"156070","20164100C0097",1,11,0,18,0,1,0,0,0,0,0,1,1,1,9,9000,2,9,7,1
"156073","20164100C0103",1,9,0,18,0,0,0,0,0,0,1,1,2,2,8,1364,1,7,3,1
"156074","20164100C0103",2,9,0,18,0,0,0,0,0,0,1,1,6,2,6,1594,1,15,1,1
"156077","20164100C0109",1,9,0,18,0,0,0,0,0,0,3,1,2,2,7,1596,1,10,6,1
"156078","20164100C0110",1,9,0,1,0,1,0,0,0,0,2,1,6,3,-1,-1,-1,-1,-1,-1
"156079","20164100C0113",1,9,0,7,0,5,0,0,0,0,4,1,6,1,4,1686,2,11,-1,-1
"156080","20164100C0113",2,9,0,7,0,5,0,0,0,0,3,1,2,1,6,2143,2,6,9,1
"156081","20164100C0115",1,9,0,18,0,0,0,0,0,0,1,1,6,1,7,1596,1,8,10,1
"156082","20164100C0115",2,9,0,18,0,0,0,0,0,0,2,1,6,2,7,1796,1,14,4,1
"156087","20164100C0131",1,9,0,18,0,8,0,0,0,0,1,1,6,1,6,1364,1,11,8,1
"156088","20164100C0131",2,9,0,3,0,2,0,0,0,0,2,1,6,2,6,1598,1,8,4,1
"156089","20164100C0131",3,19,0,3,0,2,0,0,0,0,2,1,1,1,7,1248,2,2,7,1
"156090","20164100C0132",1,9,0,5,0,4,0,0,0,0,1,1,1,1,7,1999,1,8,7,1
"156091","20164100C0132",2,1,0,18,0,8,0,0,0,0,4,1,6,1,4,-1,-1,-1,4,1
"156097","20164100C0141",1,9,0,18,0,2,0,0,0,0,1,1,6,1,4,1149,1,7,-1,-1
"156098","20164100C0141",2,1,0,12,0,1,0,0,0,0,4,1,6,1,3,-1,-1,-1,4,1
"156101","20164100C0147",1,9,0,18,0,2,0,0,0,0,4,1,1,2,6,998,1,4,4,1
"156105","20164100C0152",1,9,0,18,0,6,0,0,7,0,3,1,6,2,6,1968,2,6,10,1
"156106","20164100C0152",2,9,0,18,0,8,0,0,0,0,1,1,6,1,10,2967,1,11,8,3
"156107","20164100C0153",1,9,0,2,0,2,0,0,0,0,2,1,1,1,-1,-1,-1,-1,-1,-1
"156108","20164100C0153",2,9,0,1,0,2,0,4,0,0,2,1,6,1,-1,1900,2,11,-1,-1
"156109","20164100C0153",3,9,0,2,0,2,0,0,0,0,1,1,6,1,8,1991,2,9,4,1
"156110","20164100C0153",4,9,0,2,0,2,0,0,0,0,2,1,6,1,6,1329,1,3,7,1
"156113","20164100C0168",1,9,0,9,0,6,0,0,0,0,0,1,1,1,6,1598,2,1,7,1
"156114","20164100C0168",2,9,0,9,0,6,0,0,0,0,1,1,6,1,5,1685,2,1,-1,-1
"156115","20164100C0168",3,9,0,18,0,8,0,0,0,0,1,1,6,1,7,-1,-1,-1,3,1
"156121","20164100C0178",1,9,0,18,0,0,0,0,0,0,1,1,6,1,7,1798,1,12,6,1
"156122","20164100C0178",2,9,0,3,0,0,0,0,0,0,2,1,1,2,6,1198,1,2,8,1
"156123","20164100C0184",1,9,0,9,0,8,0,0,0,0,2,1,6,3,-1,1991,1,2,-1,-1
"156124","20164100C0184",2,1,0,18,0,8,0,0,0,0,1,1,6,1,6,-1,-1,-1,7,1
"156125","20164100C0186",1,9,0,14,0,2,0,0,0,0,4,1,6,1,11,2993,2,3,7,1
"156126","20164100C0190",1,9,0,18,0,8,0,0,0,0,4,1,6,1,6,1339,8,5,5,1
"156127","20164100C0190",2,9,0,18,0,6,0,0,0,0,1,1,6,2,6,1998,2,13,7,1
"156128","20164100C0191",1,19,0,1,9,2,0,0,0,0,2,1,6,1,6,1868,2,11,6,1
"156129","20164100C0194",1,9,0,4,0,1,0,0,0,0,1,1,6,1,7,1998,2,11,4,1
"156130","20164100C0194",2,9,0,3,0,1,0,0,0,0,2,1,6,1,7,1599,1,12,-1,-1
"156131","20164100C0199",1,9,0,9,0,6,0,0,0,0,3,1,6,1,7,1998,1,23,5,1
"156132","20164100C0199",2,1,0,18,0,8,0,0,0,0,1,1,6,1,6,-1,-1,-1,10,1
"156141","20164100C0212",1,9,0,9,0,6,0,0,0,0,1,1,6,2,9,1595,1,13,9,1
"156142","20164100C0212",2,4,0,18,0,8,0,0,0,0,1,1,6,1,9,459,1,12,6,1
"156143","20164100C0215",1,9,0,9,0,6,0,0,0,0,1,1,6,1,6,-1,-1,-1,10,3
"156144","20164100C0215",2,5,0,18,0,8,0,0,0,0,1,1,6,1,7,-1,-1,-1,8,1
"156147","20164100C0218",1,9,0,7,0,5,0,0,0,0,1,1,6,2,7,1596,1,-1,6,1
"156148","20164100C0219",1,11,0,18,0,2,0,0,0,0,1,1,1,1,8,5883,2,15,7,1
"156149","20164100C0220",1,3,0,3,0,0,1,0,0,0,0,1,1,2,7,124,1,2,8,1
"156150","20164100C0220",2,9,0,14,0,0,0,0,0,0,0,1,6,3,-1,-1,-1,-1,-1,-1
"156151","20164100C0221",1,9,0,7,0,6,0,0,0,0,1,1,3,1,4,1229,1,6,7,1
"156152","20164100C0221",2,9,0,18,0,1,0,0,0,0,3,1,6,1,7,1995,2,5,7,1
"156153","20164100C0222",1,9,0,3,0,0,0,0,0,0,4,1,6,2,9,1229,1,8,5,1
"156154","20164100C0222",2,1,0,14,0,0,0,8,0,0,1,1,6,1,4,-1,-1,-1,2,1
"156155","20164100C0223",1,9,0,18,9,0,0,0,0,0,1,1,6,3,-1,-1,-1,-1,-1,-1
"156156","20164100C0227",1,9,0,1,0,5,0,0,0,0,2,1,2,1,9,1596,1,11,10,1
"156157","20164100C0227",2,9,0,18,0,1,0,0,0,0,1,1,6,3,-1,-1,-1,-1,-1,-1
"156158","20164100C0232",1,9,0,18,0,1,0,0,0,0,1,1,6,1,-1,-1,-1,-1,-1,-1
"156159","20164100C0242",1,9,0,4,0,8,0,0,0,0,1,1,6,1,7,1968,2,3,10,1
"156168","20164100C0265",1,9,0,9,0,6,0,0,0,0,3,1,6,2,8,1198,1,5,4,1
"156169","20164100C0265",2,19,0,18,0,8,0,0,0,0,1,1,2,1,7,1910,2,14,4,1
"156170","20164100C0265",3,9,0,2,0,1,0,0,0,0,4,1,6,1,8,-1,-1,-1,4,1
"156171","20164100C0270",1,90,0,18,0,0,0,0,0,0,2,1,1,1,7,1997,2,1,2,1
"156172","20164100C0270",2,9,0,18,0,0,0,0,0,0,1,1,6,2,7,-1,-1,-1,3,1
"156173","20164100C0271",1,9,0,18,0,1,0,0,1,10,4,1,6,1,9,1995,1,14,5,1
"156174","20164100C0278",1,9,0,9,0,6,1,0,0,0,1,1,2,1,9,-1,-1,-1,10,1
"156175","20164100C0278",2,9,0,10,0,8,0,0,0,0,2,1,6,2,8,1242,1,1,-1,-1
"156176","20164100C0282",1,9,0,9,0,6,0,0,0,0,1,1,5,2,7,1388,1,7,3,1
"156177","20164100C0282",2,3,0,18,0,8,0,0,0,0,1,1,2,1,5,124,1,1,3,1
"156180","20164100C0295",1,9,0,18,0,2,0,0,0,0,3,1,6,3,-1,1390,1,8,4,1
"156181","20164100C0295",2,9,0,3,0,1,0,0,0,0,3,1,6,1,5,998,1,3,10,3
"156187","20164100C0311",1,1,0,18,0,8,0,0,0,0,4,1,6,1,8,-1,-1,-1,8,1
"156188","20164100C0311",2,9,0,5,0,6,0,0,0,0,1,1,6,2,7,1242,1,2,8,1
"156189","20164100C0312",1,9,0,5,0,2,0,0,0,0,1,1,6,1,9,2143,2,1,8,1
"156190","20164100C0312",2,9,0,3,0,2,0,0,0,0,2,1,6,2,5,1590,1,13,-1,-1
"156191","20164100C0312",3,9,0,3,0,2,0,0,1,0,3,1,6,1,8,-1,-1,-1,5,1
"156192","20164100C0312",4,9,0,3,0,2,0,0,0,0,3,1,6,1,6,1400,1,11,3,1
"156193","20164100C0312",5,9,0,3,0,2,0,0,0,0,2,1,6,1,11,1498,1,6,10,1
"156196","20164100C0314",1,9,0,18,0,2,0,0,0,0,1,1,2,1,7,1995,2,2,7,1
"156959","2016410100671",1,3,0,4,0,1,2,0,0,0,3,1,1,1,6,125,1,-1,1,1
"156988","2016410101443",1,9,0,18,0,1,0,0,0,0,1,1,5,1,-1,-1,-1,-1,-1,-1
"156989","2016410101443",2,9,0,3,0,1,0,0,0,0,2,1,5,2,4,1229,1,11,10,1
"156995","2016410101477",1,9,0,18,0,8,0,0,0,0,3,1,6,1,11,1596,1,13,7,1
"157058","2016410103424",1,9,0,13,0,0,0,0,0,0,4,1,5,2,-1,1364,1,11,-1,-1
"157059","2016410103424",2,9,0,18,0,0,0,0,0,0,3,1,6,1,7,1360,1,15,9,1
"157069","2016410103693",1,1,0,18,0,6,0,0,0,0,1,1,6,1,3,-1,-1,-1,7,1
"157070","2016410103693",2,2,0,18,0,1,0,0,0,0,1,1,2,1,4,49,1,4,5,1
"157084","2016410104322",1,9,0,18,0,1,0,0,0,0,4,1,6,1,7,2987,2,-1,10,1
"157120","2016410104672",1,9,0,18,0,1,0,0,0,0,1,1,1,1,6,1598,2,1,-1,-1