"","Acc_Index","Vehicle_Reference","Vehicle_Type","Towing_and_Articulation","Vehicle_Manoeuvre","Vehicle_Location.Restricted_Lane","Junction_Location","Skidding_and_Overturning","Hit_Object_in_Carriageway","Vehicle_Leaving_Carriageway","Hit_Object_off_Carriageway","X1st_Point_of_Impact","Was_Vehicle_Left_Hand_Drive","Journey_Purpose_of_Driver","Sex_of_Driver","Age_Band_of_Driver","Engine_Capacity_.CC.","Propulsion_Code","Age_of_Vehicle","Driver_IMD_Decile","Driver_Home_Area_Type"
"157121","2016410104672",2,1,0,18,0,5,0,0,0,0,1,1,2,2,7,-1,-1,-1,9,1
"157143","2016410105315",1,9,0,9,2,6,0,0,0,0,4,1,5,1,7,1598,1,12,5,1
"157144","2016410105315",2,11,0,18,2,1,0,0,0,0,3,1,1,1,7,7300,2,11,8,1
"157151","2016410105521",1,9,0,9,0,6,0,0,0,0,1,1,6,2,10,1461,2,1,10,1
"157192","2016410106505",1,9,0,4,0,1,0,0,0,0,1,1,6,1,5,1391,1,15,3,1
"157193","2016410106505",2,9,0,10,0,1,0,0,0,0,2,1,6,1,8,-1,-1,-1,6,1
"157234","2016410107289",1,9,0,1,0,0,0,0,0,0,1,1,5,2,7,1598,1,13,8,1
"157245","2016410107483",1,9,0,11,0,1,0,0,0,0,1,1,6,2,4,1388,1,9,9,1
"157246","2016410107483",2,9,0,4,0,1,0,0,0,0,2,1,6,2,-1,2494,1,13,10,1
"157263","2016410107806",1,1,0,18,0,1,0,0,0,0,4,1,6,2,-1,-1,-1,-1,-1,-1
"157264","2016410107806",2,9,0,7,0,1,0,0,0,0,1,1,6,2,4,1242,1,3,10,2
"157273","2016410107978",1,9,0,18,0,8,0,0,0,0,4,1,6,3,-1,1199,1,14,-1,-1
"157274","2016410107978",2,9,0,18,0,8,0,0,0,0,1,1,5,1,5,2979,1,13,7,2
"157297","2016410108382",1,9,0,18,0,1,0,0,0,0,1,1,6,1,11,1339,1,5,8,1
"157298","2016410108382",2,9,0,4,0,1,0,0,0,0,2,1,6,2,11,1389,1,15,7,1
"157308","2016410108522",1,9,0,3,0,1,0,0,0,0,1,1,5,1,7,3993,1,1,-1,-1
"157309","2016410108522",2,9,0,3,0,1,0,0,0,0,2,1,5,1,6,2143,2,2,8,1
"157310","2016410108522",3,9,0,18,0,1,0,0,0,0,2,1,1,1,7,1797,8,6,3,1
"157311","2016410108522",4,9,0,18,0,8,0,0,0,0,0,1,1,1,6,2400,2,3,7,1
"157325","2016410109019",1,9,0,18,0,1,0,0,0,0,1,1,6,1,-1,-1,-1,-1,-1,-1
"157326","2016410109128",1,9,0,18,0,0,1,0,5,6,1,1,6,2,7,1199,1,14,9,1
"157372","2016410109827",1,9,0,5,0,1,0,0,0,0,1,1,5,1,11,1796,1,7,10,1
"157380","2016410109887",1,9,0,18,9,0,0,0,0,0,1,1,6,2,7,2597,1,13,6,1
"157422","2016410110360",1,9,0,18,0,0,0,0,0,0,3,1,6,3,-1,1796,1,14,-1,-1
"157497","2016410112042",1,9,0,6,0,0,0,0,0,0,2,1,5,1,11,2143,2,3,10,1
"157527","2016410112333",1,9,0,18,0,1,1,0,0,0,4,1,5,1,5,1796,1,11,5,1
"157528","2016410112333",2,9,0,9,0,6,0,0,0,0,3,1,5,2,9,1349,1,4,3,1
"157539","2016410112573",1,9,0,9,0,6,0,0,0,0,3,1,5,2,8,1388,1,12,-1,-1
"157540","2016410112573",2,1,0,18,0,1,0,0,0,0,1,1,2,1,5,-1,-1,-1,5,1
"157548","2016410112744",1,9,0,13,0,0,0,0,0,0,4,1,6,3,-1,-1,-1,-1,-1,-1
"157549","2016410112744",2,1,0,18,0,0,0,0,0,0,2,1,5,1,7,-1,-1,-1,5,1
"157557","2016410112774",1,9,0,18,0,0,0,0,0,0,1,1,1,1,5,1149,1,6,10,1
"157558","2016410112797",1,9,0,9,0,8,0,0,0,0,3,1,2,2,8,1360,1,10,9,1
"157559","2016410112797",2,1,0,18,4,8,0,0,0,0,1,1,1,1,4,-1,-1,-1,7,1
"157560","2016410112808",1,3,0,13,0,0,0,0,0,0,1,1,5,1,4,125,1,1,3,1
"157561","2016410112808",2,9,0,9,0,0,0,0,0,0,1,1,5,2,6,1998,1,2,-1,-1
"157610","2016410113821",1,3,0,11,0,0,1,7,4,7,3,1,6,1,4,125,1,1,3,1
"157647","2016410115263",1,9,0,4,0,1,0,0,0,0,2,1,5,2,7,1242,1,4,5,1
"157648","2016410115263",2,9,0,4,0,1,0,0,0,0,1,1,5,2,8,1364,1,7,10,1
"157660","2016410115789",1,9,0,17,0,0,0,0,0,0,1,1,2,2,7,1497,8,8,5,1
"157671","2016410116069",1,9,0,18,0,8,0,0,0,0,1,1,5,2,6,1598,1,12,3,1
"157672","2016410116069",2,9,0,9,0,4,0,0,0,0,3,1,5,1,4,1200,1,-1,10,1
"157714","2016410117011",1,9,0,18,0,1,0,0,0,0,1,1,6,1,-1,-1,-1,-1,-1,-1
"157715","2016410117011",2,9,0,8,0,1,0,0,0,0,2,1,6,2,6,1560,2,-1,-1,-1
"157744","2016410117999",1,9,0,9,0,5,0,0,0,0,3,1,6,3,-1,2987,2,1,-1,-1
"157745","2016410117999",2,2,0,13,0,1,0,0,0,0,1,1,5,1,4,49,1,4,9,1
"157757","2016410118114",1,9,0,4,0,1,0,0,0,0,1,1,5,1,6,1598,1,3,8,1
"157758","2016410118114",2,9,0,9,0,8,0,0,0,0,1,1,5,2,4,998,1,12,3,1
"157797","2016410118731",1,8,0,3,0,1,0,0,0,0,2,1,1,1,8,1968,2,6,4,1
"157798","2016410118731",2,9,0,3,0,1,0,0,0,0,2,1,5,2,7,998,1,17,-1,-1
"157799","2016410118731",3,19,0,5,0,1,0,0,0,0,1,1,1,2,8,2287,2,4,5,1
"157802","2016410118795",1,9,0,5,0,4,0,0,0,0,2,1,6,1,-1,-1,-1,-1,-1,-1
"157803","2016410118795",2,3,0,18,0,8,0,0,0,0,1,1,2,1,4,125,1,1,-1,-1
"157877","2016410119792",1,9,0,18,0,0,5,0,1,3,1,1,2,2,5,1596,1,11,5,1
"157878","2016410119792",2,9,0,2,0,0,0,0,0,0,4,1,6,3,-1,1995,2,-1,5,1
"157910","2016410120478",1,98,1,11,0,0,0,0,0,0,4,1,1,3,-1,-1,-1,-1,-1,-1
"157911","2016410120478",2,9,0,18,0,0,0,0,0,0,3,1,6,2,9,1386,1,12,4,1
"157967","2016410121324",1,9,0,5,8,0,0,0,0,0,3,1,2,1,4,1596,1,13,4,1
"157968","2016410121324",2,3,0,4,0,0,0,0,0,0,1,1,2,1,7,-1,-1,-1,4,1
"157976","2016410121420",1,1,0,5,0,8,0,0,0,0,2,1,2,1,6,-1,-1,-1,3,1
"157977","2016410121420",2,9,0,5,0,8,0,0,0,0,1,1,5,2,10,1248,1,3,4,1
"157987","2016410121599",1,9,0,18,0,2,0,0,0,0,1,1,1,1,7,3456,1,3,8,1
"157999","2016410121794",1,9,0,18,0,0,0,0,0,0,1,1,6,1,8,1968,2,10,-1,-1
"158007","2016410121843",1,9,0,18,0,8,0,0,0,0,4,1,5,1,5,1596,1,-1,5,1
"158008","2016410121843",2,9,0,5,0,4,0,0,0,0,3,1,5,2,8,1560,2,-1,7,1
"158050","2016410123156",1,9,0,5,0,0,0,0,0,0,3,1,6,3,-1,-1,-1,-1,-1,-1
"158051","2016410123156",2,3,0,18,0,0,0,0,0,0,4,1,5,1,8,-1,-1,-1,7,1
"158056","2016410123284",1,20,0,3,0,0,0,4,0,0,1,1,6,1,8,2402,2,9,5,1
"158057","2016410123284",2,9,0,18,0,0,5,0,0,0,1,1,6,2,6,1461,2,2,7,1
"158058","2016410123284",3,9,0,2,0,0,0,4,0,0,1,1,6,1,-1,1596,1,10,-1,-1
"158059","2016410123284",4,9,0,2,0,0,0,0,0,0,2,1,6,3,-1,-1,-1,-1,-1,-1
"158069","2016410123508",1,9,0,5,0,8,0,0,0,0,1,1,6,1,6,-1,-1,-1,8,1
"158070","2016410123508",2,1,0,18,0,6,0,0,0,0,3,1,6,1,7,-1,-1,-1,7,1
"158077","2016410123614",1,9,0,18,0,8,0,9,3,0,1,1,5,1,5,1086,1,6,-1,-1
"158078","2016410123802",1,3,0,13,0,0,0,0,0,0,1,1,2,1,6,125,1,-1,6,1
"158079","2016410123802",2,9,0,9,0,0,0,0,0,0,3,1,6,1,7,1956,2,4,5,1
"158091","2016410124289",1,9,0,9,0,6,0,0,0,0,3,1,6,2,7,1598,1,18,1,1
"158092","2016410124289",2,21,1,18,0,8,0,0,0,0,1,1,1,1,8,12740,2,5,9,2
"158102","2016410124536",1,11,0,4,3,0,0,0,0,0,0,1,1,1,7,7300,2,11,3,1
"158109","2016410124743",1,9,0,4,0,0,0,0,0,0,2,1,5,2,6,1399,2,9,7,1
"158110","2016410124743",2,9,0,18,0,0,0,0,0,0,1,1,6,3,-1,1598,1,14,-1,-1
"158111","2016410124766",1,19,0,5,0,0,0,0,0,0,1,1,1,1,8,1560,2,1,5,1
"158112","2016410124766",2,9,0,4,0,0,0,0,0,0,4,1,3,2,-1,1339,1,1,7,1
"158122","2016410124929",1,9,0,18,0,2,0,0,0,0,4,1,3,1,8,998,1,3,10,1
"158135","2016410125139",1,9,0,11,0,0,0,0,1,2,1,1,2,1,6,1596,1,6,-1,-1
"158140","2016410125265",1,9,0,11,0,0,0,0,0,0,0,1,6,3,-1,-1,-1,-1,-1,-1
"158141","2016410125265",2,9,0,4,0,0,0,0,0,0,2,1,6,1,7,1796,1,13,-1,-1
"158142","2016410125265",3,9,0,4,0,0,0,0,0,0,1,1,6,1,7,1587,1,14,-1,-1
"158143","2016410125265",4,9,0,4,0,0,0,0,0,0,1,1,6,1,7,996,1,2,7,1
"158144","2016410125286",1,1,0,18,0,1,0,0,0,0,1,1,5,1,9,-1,-1,-1,4,1
"158145","2016410125286",2,9,0,9,0,2,0,0,0,0,1,1,5,2,6,1461,2,1,8,1
"158146","2016410125294",1,9,0,9,0,4,0,0,0,0,0,1,6,3,-1,1395,1,2,-1,-1
"158147","2016410125294",2,11,0,9,0,4,0,0,0,0,0,1,5,2,8,4500,2,7,6,1
"158183","2016410125906",1,9,0,18,0,0,0,0,2,7,3,1,6,1,6,1360,1,12,6,1
"158203","2016410126130",1,1,0,17,0,8,0,0,1,0,4,1,2,1,8,-1,-1,-1,10,1
"158204","2016410126130",2,9,0,5,0,6,0,0,0,0,1,1,2,1,7,647,8,-1,10,1
"158291","2016410128155",1,5,0,18,0,8,0,0,0,0,1,1,6,1,7,749,1,6,4,1
"158292","2016410128155",2,9,0,5,0,8,0,0,0,0,1,1,6,1,5,1596,1,7,6,1
"158294","2016410128163",1,3,0,13,0,1,0,0,0,0,4,1,5,1,7,125,1,-1,3,1
"158295","2016410128163",2,9,0,9,0,5,0,0,0,0,3,1,5,2,8,2148,2,13,10,3
"158298","2016410128179",1,19,0,6,0,8,0,0,0,0,3,1,1,1,7,2198,2,2,2,1
"158299","2016410128179",2,3,0,18,0,1,0,0,0,0,1,1,1,1,5,125,1,4,8,1
"158332","2016410128630",1,9,0,1,0,8,0,0,0,0,2,1,6,2,8,2200,2,5,9,1
"158333","2016410128630",2,9,0,3,0,8,0,0,0,0,1,1,5,2,7,1796,1,16,8,1
"158352","2016410128790",1,9,0,2,0,1,0,0,0,0,0,1,5,1,8,1598,1,8,6,1
"158353","2016410128790",2,9,0,7,0,2,0,0,0,0,0,1,5,2,6,2143,2,4,-1,-1
"158354","2016410128790",3,23,0,18,0,1,0,0,0,0,4,1,5,1,4,125,1,-1,7,1
"158355","2016410128790",4,9,0,18,0,1,0,0,0,0,1,1,5,1,6,-1,-1,-1,9,1
"158358","2016410128921",1,11,0,9,0,0,0,0,0,0,1,1,1,1,8,7300,2,11,4,1
"158359","2016410128921",2,1,0,18,0,0,0,0,0,0,1,1,2,1,8,-1,-1,-1,2,1
"158360","2016410128960",1,9,0,18,0,0,0,0,0,0,1,1,6,1,7,1995,2,10,8,1
"158361","2016410128960",2,1,0,18,0,6,0,0,0,0,3,1,6,1,3,-1,-1,-1,7,1
"158388","2016410129539",1,4,0,18,0,8,2,10,0,0,4,1,6,1,6,249,1,8,7,1
"158400","2016410130059",1,9,0,7,0,6,0,0,0,0,3,1,5,2,11,998,1,19,8,1
"158401","2016410130059",2,9,0,18,0,1,0,0,0,0,1,1,6,2,6,1242,1,11,9,1
"158438","2016410130563",1,9,0,16,0,3,1,10,5,6,3,1,5,1,5,1388,1,12,10,1
"158535","2016410132021",1,9,0,18,0,1,0,0,0,0,1,1,6,1,8,1398,1,2,10,1
"158536","2016410132021",2,9,0,4,0,1,0,0,0,0,2,1,6,1,8,1796,1,8,4,1
"158541","2016410132280",1,9,0,4,0,0,0,0,0,0,2,1,5,2,8,1596,1,5,8,1
"158542","2016410132280",2,9,0,4,0,0,0,0,0,0,1,1,2,2,5,1299,1,12,5,1
"158543","2016410132307",1,9,0,18,0,1,0,4,0,0,4,1,6,1,6,1998,2,10,4,1
"158544","2016410132307",2,9,0,2,0,1,0,0,0,0,3,1,6,2,5,1124,1,11,-1,-1
"158545","2016410132307",3,9,0,2,0,1,0,0,0,0,3,1,6,3,-1,1149,1,13,-1,-1
"158546","2016410132307",4,9,0,2,0,1,0,0,0,0,3,1,6,3,-1,1595,1,6,-1,-1
"158547","2016410132307",5,9,0,2,0,1,0,0,0,0,3,1,6,3,-1,1598,1,11,-1,-1
"158552","2016410132449",1,9,0,12,0,0,0,0,0,0,3,1,6,1,-1,2179,2,2,-1,-1
"158553","2016410132449",2,9,0,18,0,0,0,0,0,0,4,1,2,1,4,1242,1,10,4,1
"158554","2016410132458",1,9,0,5,0,8,0,0,0,0,1,1,6,1,6,698,1,12,-1,-1
"158555","2016410132458",2,5,0,18,0,1,0,0,0,0,3,1,6,1,9,600,1,11,-1,-1
"158562","2016410132926",1,9,0,3,0,0,0,0,0,0,2,1,5,2,4,1198,1,10,5,3
"158563","2016410132926",2,9,0,5,0,0,0,0,0,0,1,1,5,2,-1,1595,1,15,-1,-1
"158591","2016410134124",1,9,0,18,0,3,0,0,0,0,1,1,6,2,10,1590,1,15,10,1
"158592","2016410134124",2,9,0,18,0,3,0,0,0,0,4,1,6,2,10,1998,1,12,8,1
"158599","2016410134228",1,9,0,5,0,0,0,0,0,0,4,1,6,1,-1,-1,-1,-1,-1,-1
"158600","2016410134228",2,1,0,18,0,0,0,0,0,0,3,1,5,1,4,-1,-1,-1,-1,-1
"158608","2016410134344",1,1,0,18,0,6,2,0,0,0,0,1,6,1,4,-1,-1,-1,10,1
"158609","2016410134344",2,9,0,8,0,8,0,0,0,0,1,1,6,1,7,1798,1,9,10,1
"158610","2016410134525",1,9,0,18,0,1,0,0,0,0,1,1,6,2,11,1598,1,10,1,1
"158611","2016410134525",2,9,0,18,0,2,0,0,0,0,1,1,6,2,8,1598,1,6,6,1
"158612","2016410134525",3,9,0,3,0,1,0,0,0,0,3,1,6,2,8,1798,1,10,7,1
"158692","2016410136682",1,9,0,9,0,8,0,0,0,0,3,1,3,2,7,1560,2,4,10,1
"158693","2016410136682",2,3,0,14,0,8,0,0,0,0,1,1,5,1,4,124,1,8,-1,-1
"158800","2016410138821",1,5,0,18,0,2,5,0,0,0,4,1,2,1,9,680,1,9,10,1
"158801","2016410138821",2,8,0,12,0,2,0,0,0,0,3,1,1,1,7,1968,2,5,6,1
"158831","2016410139394",1,9,0,5,0,6,0,0,0,0,1,1,2,2,8,1984,1,4,-1,-1
"158836","2016410139452",1,9,0,1,0,8,0,0,0,0,2,1,6,1,9,1999,1,14,-1,-1
"158901","2016410140323",1,9,0,1,0,1,0,0,0,0,2,1,6,1,10,1497,1,14,7,2
"158904","2016410140387",1,1,0,18,0,0,0,4,0,0,3,1,2,1,8,-1,-1,-1,1,1
"158905","2016410140387",2,9,0,2,0,0,0,0,0,0,3,1,2,1,8,2494,2,9,4,1
"158906","2016410140387",3,11,0,18,0,0,0,0,0,0,4,1,1,1,9,7300,2,12,5,3
"1589231","2016410141375",1,9,0,7,0,6,0,0,0,0,1,1,1,2,7,2179,2,8,7,1
"158924","2016410141375",2,1,0,18,0,8,0,0,0,0,1,1,1,1,6,-1,-1,-1,-1,-1
"158955","2016410142036",1,9,0,18,0,4,2,0,4,0,3,1,1,1,8,1390,1,3,4,1
"1589681","2016410142342",1,9,0,18,0,1,0,0,0,0,1,1,2,1,8,2435,1,16,-1,-1
"1589691","2016410142342",2,9,0,8,0,1,0,0,0,0,2,1,6,2,6,1598,2,-1,3,1
"158980","2016410142503",1,9,0,9,0,8,0,7,0,0,4,1,6,2,7,1390,1,8,-1,-1
"158981","2016410142503",2,9,0,5,0,8,0,0,0,0,1,1,6,1,7,1896,2,11,4,1
"1590231","2016410143224",1,9,0,18,0,0,5,0,8,0,1,1,5,1,4,1328,1,6,9,1
"159024","2016410143224",2,9,0,2,0,0,0,0,0,0,1,1,6,1,9,-1,-1,-1,9,1
"1590301","2016410143347",1,9,0,15,0,0,0,0,0,0,1,1,2,1,6,1896,2,15,6,1
"1590311","2016410143353",1,9,0,18,0,8,0,0,0,0,4,1,6,2,6,1242,1,7,6,1
"159032","2016410143353",2,9,0,18,0,8,0,0,0,0,1,1,6,1,4,1242,1,12,9,1
"159033","2016410143426",1,9,0,5,0,8,0,0,0,0,4,1,6,3,-1,-1,-1,-1,-1,-1
"159034","2016410143426",2,1,0,18,0,3,0,0,0,0,3,1,5,1,5,-1,-1,-1,7,1
"1590371","2016410143456",1,9,0,9,0,6,0,0,0,0,1,1,6,3,-1,-1,-1,-1,-1,-1
"1590381","2016410143456",2,1,0,18,0,8,0,0,0,0,2,1,2,2,7,-1,-1,-1,5,1
"159049","2016410143975",1,9,0,18,0,0,0,10,0,0,1,1,5,1,5,1598,1,11,9,1
"159109","2016410146215",1,9,0,18,0,8,0,0,0,0,3,1,1,1,7,1398,1,1,7,1
"159110","2016410146215",2,9,0,18,0,8,0,0,0,0,1,1,5,2,4,-1,-1,-1,5,1
"159111","2016410146215",3,9,0,18,0,1,0,0,0,0,1,1,5,1,6,1796,1,11,10,1
"159125","2016410147543",1,9,0,18,0,1,0,0,0,0,1,1,5,1,4,1999,1,6,5,1
"159126","2016410147543",2,9,0,10,0,1,0,0,0,0,2,1,5,2,6,1560,2,8,3,1
"159147","2016410150591",1,9,0,15,0,0,0,0,0,0,3,1,6,1,6,1598,2,-1,10,3
"159148","2016410150591",2,9,0,18,0,0,0,0,0,0,1,1,6,1,6,1870,2,5,6,1
"159149","2016410150591",3,3,0,15,0,0,5,0,0,0,3,1,6,2,4,124,1,3,6,1
"159164","2016410151969",1,9,0,18,0,0,0,0,0,0,3,1,6,1,8,1995,2,9,-1,-1
"159165","2016410152003",1,9,0,7,0,0,0,0,0,0,1,1,5,1,6,1390,1,2,9,2
"159166","2016410152003",2,19,0,7,0,0,0,0,0,0,4,1,1,1,8,2143,2,-1,10,1
"1591841","2016410157447",1,9,0,6,0,2,0,0,0,0,4,1,5,2,10,1498,1,6,10,1
"1591851","2016410157447",2,9,0,18,0,8,0,0,0,0,1,1,5,1,5,1229,1,11,6,1
"1836951","2016450037561",1,9,0,18,0,0,0,0,0,0,1,1,6,2,7,1998,1,14,3,1
"183715","2016450038025",1,9,0,9,0,5,0,0,0,0,3,1,3,1,8,2400,2,8,10,1
"183716","2016450038025",2,5,0,13,0,1,0,0,0,0,1,1,2,1,7,599,1,8,8,1
"183721","2016450038046",1,1,0,18,0,0,0,0,0,0,2,1,6,1,6,-1,-1,-1,-1,-1
"183722","2016450038046",2,9,0,18,0,0,0,0,0,0,1,1,6,1,-1,1796,1,8,8,2
"183789","2016450038536",1,9,0,18,0,1,0,0,0,0,1,1,1,2,7,1598,1,15,-1,-1
"183793","2016450038549",1,9,0,18,0,1,0,0,0,0,4,1,5,2,8,1496,1,1,8,1
"183802","2016450038590",1,9,0,5,0,0,0,0,1,0,1,1,5,2,11,1995,1,7,9,1
"183803","2016450038602",1,8,0,18,0,8,0,0,0,0,4,1,2,1,6,1598,2,2,6,1
"183810","2016450039770",1,1,0,18,0,8,0,0,0,0,4,1,6,1,8,-1,-1,-1,6,1
"183811","2016450039770",2,9,0,18,0,8,0,0,0,0,1,1,6,1,8,-1,-1,-1,-1,-1
"183814","2016450039905",1,9,0,4,0,1,0,0,0,0,1,1,6,2,7,1896,2,11,10,1
"183863","2016450040489",1,9,0,3,0,1,0,0,0,0,2,1,2,1,9,2987,2,10,4,1
"183864","2016450040489",2,9,0,18,0,1,0,0,0,0,1,1,6,1,-1,2171,1,15,6,1
"183968","2016450041088",1,9,0,9,0,6,0,0,0,0,1,1,3,2,7,1689,2,15,5,1
"183969","2016450041088",2,1,0,18,0,8,0,0,0,0,1,1,6,1,5,-1,-1,-1,4,1
"183974","2016450041117",1,19,0,3,0,0,0,0,0,0,2,1,1,1,9,2402,2,6,6,1
"183975","2016450041117",2,9,0,3,0,0,0,0,0,0,2,1,5,2,6,1390,1,4,3,1
"183976","2016450041117",3,9,0,18,0,0,0,0,0,0,1,1,5,1,10,2926,2,12,10,1
"183988","2016450041149",1,9,0,14,0,2,0,4,0,0,1,1,5,2,11,1598,1,7,10,1
"183989","2016450041149",2,9,0,2,0,2,0,0,0,0,1,1,5,2,-1,1598,1,9,10,1
"183990","2016450041149",3,9,0,2,0,2,0,0,0,0,2,1,5,2,-1,1395,1,3,10,1
"184004","2016450041229",1,9,0,18,0,0,0,0,0,0,1,1,5,2,5,1968,2,4,10,1
"184005","2016450041229",2,9,0,18,0,0,0,0,0,0,2,1,5,1,4,1242,1,8,10,1
"184006","2016450041229",3,9,0,18,0,0,0,0,0,0,2,1,5,1,5,1368,1,8,8,1
"184110","2016450041781",1,9,0,9,0,6,0,0,0,0,3,1,2,2,8,1598,1,2,3,1
"184111","2016450041781",2,3,0,18,0,1,5,0,0,0,1,1,5,1,7,102,1,10,3,1
"184178","2016450042560",1,9,0,9,0,5,0,0,0,0,1,1,5,1,7,1896,2,11,7,1
"184179","2016450042560",2,9,0,18,0,8,0,0,0,0,3,1,1,1,8,2996,1,-1,10,1
"184246","2016450043399",1,9,0,18,0,8,0,0,0,0,3,1,5,1,8,1797,8,4,10,1
"184247","2016450043399",2,9,0,9,0,6,0,0,0,0,1,1,3,2,7,1590,1,16,10,1
"184440","2016450045207",1,9,0,3,0,1,0,0,0,0,2,1,5,1,7,1998,1,18,10,1
"184441","2016450045207",2,9,0,18,0,1,0,0,0,0,1,1,6,1,-1,1598,1,9,-1,-1
"184472","2016450045553",1,9,0,18,0,0,0,0,0,0,1,1,3,1,7,2198,2,2,8,1
"184506","2016450046087",1,3,0,4,0,1,2,0,0,0,0,1,1,2,6,125,1,2,9,1
"184507","2016450046087",2,9,0,5,0,6,0,0,0,0,0,1,2,1,7,1984,1,12,10,1
"184544","2016450046446",1,9,0,16,0,1,0,0,7,10,1,1,6,1,11,2496,1,11,9,1
"184597","2016450047076",1,9,0,3,0,0,0,0,0,0,3,1,6,1,6,-1,-1,-1,9,1
"184598","2016450047076",2,11,0,18,0,0,0,0,0,0,4,1,1,1,9,4250,2,12,3,1
"184656","2016450047932",1,9,0,17,0,0,0,0,0,0,1,1,6,1,10,1242,1,7,10,1
"184776","2016450049379",1,9,0,9,0,2,0,0,0,0,2,1,5,2,9,1596,1,10,6,1
"184777","2016450049379",2,1,0,18,0,1,1,0,0,0,1,1,6,1,7,-1,-1,-1,9,1
"184803","2016450049664",1,1,0,18,0,0,0,0,0,0,2,1,5,2,7,-1,-1,-1,8,1
"184804","2016450049664",2,9,0,3,0,0,0,0,0,0,2,1,2,1,6,2000,2,5,9,1
"184805","2016450049664",3,9,0,18,0,0,0,0,0,0,1,1,2,1,6,2967,2,4,6,1
"184848","2016450050271",1,3,0,18,0,2,0,0,0,0,1,1,1,1,7,125,1,6,8,1
"184936","2016450051355",1,9,0,17,0,1,0,0,0,0,1,1,5,2,10,1590,1,12,10,1
"184937","2016450051355",2,9,0,3,0,1,0,0,0,0,2,1,5,1,9,1796,1,13,10,1
"184940","2016450051515",1,9,0,17,0,0,0,0,1,10,1,1,2,2,5,1598,1,13,10,1
"184953","2016450051659",1,9,0,18,0,0,0,0,0,0,1,1,6,2,8,1198,1,8,10,1
"184982","2016450052149",1,9,0,2,6,0,0,0,0,0,3,1,4,1,8,1994,2,8,10,1
"184983","2016450052149",2,19,0,18,0,0,0,0,0,0,1,1,6,1,8,2198,2,7,3,1
"185151","2016450055118",1,9,0,18,0,0,5,4,0,0,1,1,6,1,7,1895,1,16,8,1
"185152","2016450055118",2,9,0,2,0,0,0,0,0,0,2,1,5,2,-1,1398,1,1,8,1
"185153","2016450055118",3,19,0,2,0,0,0,0,0,0,2,1,6,1,7,1560,2,1,4,1
"185154","2016450055118",4,9,0,18,0,0,0,0,0,0,3,1,6,1,8,1975,1,11,7,1
"185185","2016450055578",1,11,0,1,0,1,0,0,0,0,2,1,1,1,9,4500,2,7,9,1
"185186","2016450055578",2,9,0,3,0,2,0,0,0,0,1,1,2,1,7,1560,2,4,8,2
"185199","2016450055892",1,1,0,18,0,8,0,0,0,0,3,1,5,1,8,-1,-1,-1,9,1
"185200","2016450055892",2,9,0,18,0,8,2,0,0,0,3,1,5,2,-1,1198,1,6,9,1
"185306","2016450057231",1,9,0,2,0,0,0,0,0,0,1,1,3,2,7,1590,1,14,7,1
"185307","2016450057231",2,9,0,1,0,0,0,0,0,0,2,1,5,1,4,1586,1,1,10,1
"185316","2016450057554",1,9,0,9,0,6,0,0,0,0,3,1,5,1,6,1984,1,11,8,1
"185317","2016450057554",2,1,0,18,0,8,0,0,0,0,1,1,6,1,8,-1,-1,-1,10,1
"185325","2016450057630",1,1,0,9,0,0,0,0,0,0,2,1,6,1,3,-1,-1,-1,10,1
"185326","2016450057630",2,3,0,18,0,0,0,0,0,0,1,1,6,3,-1,-1,-1,-1,-1,-1
"185351","2016450058409",1,9,0,18,0,0,0,0,0,0,4,1,2,1,6,2183,2,5,10,1
"185386","2016450059249",1,9,0,18,0,0,0,0,0,0,1,1,2,1,8,1995,2,-1,-1,-1
"185387","2016450059249",2,9,0,3,0,0,0,0,0,0,2,1,1,2,9,1997,1,7,-1,-1
"185399","2016450059577",1,1,0,18,0,1,0,0,0,0,3,1,6,1,4,-1,-1,-1,9,1
"185400","2016450059577",2,19,0,14,0,1,0,0,0,0,3,1,6,3,-1,2402,2,9,-1,-1
"185644","2016450063502",1,9,0,2,0,0,0,0,0,0,3,1,5,2,6,1910,2,9,-1,-1
"185645","2016450063502",2,9,0,4,0,0,0,0,0,0,1,1,5,1,8,-1,-1,-1,8,1