"","Acc_Index","Vehicle_Reference","Vehicle_Type","Towing_and_Articulation","Vehicle_Manoeuvre","Vehicle_Location.Restricted_Lane","Junction_Location","Skidding_and_Overturning","Hit_Object_in_Carriageway","Vehicle_Leaving_Carriageway","Hit_Object_off_Carriageway","X1st_Point_of_Impact","Was_Vehicle_Left_Hand_Drive","Journey_Purpose_of_Driver","Sex_of_Driver","Age_Band_of_Driver","Engine_Capacity_.CC.","Propulsion_Code","Age_of_Vehicle","Driver_IMD_Decile","Driver_Home_Area_Type"
"185778","2016450065522",1,9,0,1,0,0,0,0,0,0,2,1,6,2,11,988,1,24,9,1
"185854","2016450066986",1,9,0,8,0,6,0,0,0,0,1,1,2,1,9,3200,2,10,10,1
"185855","2016450066986",2,9,0,18,0,1,0,0,0,0,4,1,5,2,5,1198,1,14,10,1
"185889","2016450067552",1,3,0,18,0,0,0,0,0,0,1,1,6,1,6,400,1,16,6,1
"185922","2016450068027",1,9,0,4,0,0,0,0,0,0,2,1,2,2,6,1591,1,1,7,1
"185923","2016450068027",2,1,0,18,0,0,0,0,0,0,1,1,5,1,5,-1,-1,-1,7,1
"185949","2016450068673",1,9,0,3,0,1,0,0,0,0,2,1,2,1,5,1405,1,10,4,1
"185950","2016450068673",2,19,0,18,0,1,0,0,0,0,1,1,2,3,-1,-1,-1,-1,-1,-1
"185960","2016450068734",1,9,0,4,0,6,0,0,0,0,1,1,5,1,8,1995,2,2,10,1
"1859611","2016450068734",2,9,0,4,0,5,0,0,0,0,1,1,5,2,8,1999,1,12,10,1
"185975","2016450068894",1,9,0,18,0,2,0,0,0,0,1,1,1,2,8,1686,2,6,7,1
"185976","2016450068894",2,9,0,4,0,2,0,0,0,0,2,1,1,2,4,1242,1,6,8,1
"186039","2016450069964",1,9,0,18,0,3,0,0,1,2,1,1,6,1,5,973,1,15,9,1
"186067","2016450070201",1,3,0,7,0,0,0,0,0,0,0,1,6,1,6,124,1,3,8,1
"186071","2016450070367",1,9,0,17,0,8,0,0,0,0,1,1,5,1,4,1596,1,12,10,1
"186072","2016450070386",1,9,0,18,0,1,0,0,0,0,4,1,5,3,-1,1349,1,19,-1,-1
"186098","2016450070753",1,19,0,18,0,0,0,0,0,0,1,1,1,1,6,1968,2,1,2,1
"186099","2016450070753",2,9,0,18,0,0,0,0,0,0,2,1,2,2,9,1108,1,6,-1,-1
"186112","2016450070799",1,1,0,18,0,8,0,0,0,0,1,1,2,1,4,-1,-1,-1,-1,-1
"186113","2016450070799",2,9,0,5,0,1,0,0,0,0,3,1,6,2,-1,-1,-1,-1,-1,-1
"186171","2016450071333",1,1,0,18,0,0,5,10,1,0,1,1,2,1,7,-1,-1,-1,6,1
"186190","2016450071586",1,1,0,16,0,0,0,0,7,0,1,1,2,1,6,-1,-1,-1,8,1
"186205","2016450071758",1,9,0,9,0,1,0,0,0,0,1,1,6,1,11,1997,1,19,-1,-1
"186206","2016450071758",2,1,0,18,0,1,0,0,0,0,1,1,6,1,6,-1,-1,-1,9,1
"186241","2016450072368",1,1,0,18,0,8,0,0,0,0,2,1,6,1,7,-1,-1,-1,4,1
"186242","2016450072368",2,9,0,18,0,4,0,0,0,0,1,1,6,1,4,1499,2,-1,10,1
"186310","2016450072989",1,19,0,18,0,0,0,0,0,0,1,1,1,1,-1,1870,2,11,-1,-1
"1863111","2016450072989",2,19,0,3,0,0,0,0,0,0,2,1,1,2,7,1560,2,9,9,1
"186312","2016450072994",1,1,0,18,0,1,1,0,0,0,0,1,6,1,6,-1,-1,-1,4,1
"186313","2016450072994",2,9,0,9,0,6,0,0,0,0,0,1,6,3,6,-1,-1,-1,-1,-1
"186322","2016450073318",1,9,0,18,0,0,0,0,0,0,3,1,6,1,5,1598,1,2,2,1
"186323","2016450073318",2,9,0,18,0,0,0,0,0,0,4,1,1,1,-1,2499,2,15,10,3
"186371","2016450073858",1,9,0,5,0,6,0,0,0,0,4,1,2,1,7,1794,1,13,7,1
"186372","2016450073858",2,1,0,18,0,1,0,0,0,0,1,1,2,1,7,-1,-1,-1,9,1
"186406","2016450074318",1,9,0,9,0,6,0,0,0,0,3,1,6,2,10,1998,1,13,10,1
"186407","2016450074318",2,1,0,18,0,1,0,0,0,0,1,1,6,1,6,-1,-1,-1,5,1
"186408","2016450074326",1,9,0,18,0,0,0,0,0,0,0,1,6,2,7,1200,1,4,10,1
"186422","2016450074392",1,9,0,18,0,1,0,0,0,0,4,1,5,1,11,1997,1,16,9,1
"186423","2016450074392",2,1,0,9,0,1,0,0,0,0,4,1,5,1,11,-1,-1,-1,9,1
"186449","2016450074921",1,5,0,14,0,1,0,0,0,0,4,1,2,1,7,750,1,4,9,1
"186450","2016450074921",2,9,0,3,0,1,0,0,0,0,3,1,6,2,9,3000,1,5,10,1
"186451","2016450074921",3,9,0,3,0,1,0,0,0,0,0,1,2,1,5,1998,1,17,10,1
"186481","2016450075498",1,9,0,18,0,0,0,0,0,0,1,1,6,2,11,1332,1,20,10,1
"186548","2016450076850",1,9,0,18,0,1,0,0,0,0,3,1,5,1,10,1968,2,10,10,1
"186554","2016450077092",1,1,0,18,0,0,5,0,0,0,3,1,5,1,7,-1,-1,-1,5,1
"1865551","2016450077092",2,9,0,13,0,0,0,0,0,0,4,1,5,3,-1,-1,-1,-1,-1,-1
"186561","2016450077099",1,9,0,4,0,1,0,0,0,0,2,1,1,1,4,998,1,15,-1,-1
"186562","2016450077099",2,1,0,18,0,1,0,0,0,0,1,1,5,1,6,-1,-1,-1,9,1
"186576","2016450077111",1,4,0,18,0,0,0,0,0,0,1,1,6,1,7,400,1,6,7,1
"186602","2016450077164",1,9,0,3,0,0,0,0,0,0,0,1,5,1,6,1995,2,-1,10,1
"186671","2016450078528",1,9,0,3,0,0,0,0,0,0,1,1,6,1,7,1597,1,8,10,1
"186672","2016450078528",2,9,0,3,0,0,0,0,0,0,2,1,6,1,11,1596,1,16,-1,-1
"186722","2016450079244",1,9,0,4,0,0,0,0,0,0,1,1,1,1,6,3248,1,15,8,1
"186723","2016450079244",2,9,0,3,0,0,0,0,0,0,2,1,5,1,8,5980,1,12,9,1
"186724","2016450079244",3,9,0,3,0,0,0,0,0,0,2,1,5,1,10,1798,1,9,10,1
"186730","2016450079308",1,1,0,10,0,1,0,0,0,0,2,1,6,2,6,-1,-1,-1,9,1
"186731","2016450079308",2,9,0,18,0,1,0,0,0,0,1,1,6,1,7,1390,1,4,3,1
"186797","2016450080648",1,9,0,5,0,6,0,0,0,0,3,1,6,1,11,1796,1,10,8,1
"186798","2016450080648",2,9,0,18,0,1,0,0,0,0,1,1,6,2,7,1995,2,5,10,1
"186874","2016450082283",1,9,0,4,0,0,0,0,0,0,2,1,2,1,6,1686,2,9,2,1
"186875","2016450082283",2,19,0,18,0,0,0,0,0,0,1,1,6,1,6,1968,2,3,3,1
"186899","2016450082379",1,9,0,6,0,0,0,0,0,0,4,1,1,1,9,-1,-1,-1,5,1
"186900","2016450082379",2,1,0,18,0,0,0,0,0,0,1,1,6,1,7,-1,-1,-1,10,1
"186984","2016450083386",1,11,0,4,0,0,0,0,0,0,0,1,1,1,9,9000,2,8,4,1
"187028","2016450084077",1,1,0,18,0,1,0,0,0,0,3,1,5,1,7,-1,-1,-1,6,1
"187029","2016450084077",2,9,0,13,0,1,0,0,0,0,4,1,5,3,-1,-1,-1,-1,-1,-1
"187047","2016450084236",1,3,0,18,0,1,2,0,0,0,0,1,2,1,8,124,1,10,4,1
"187139","2016450085281",1,3,0,9,0,8,0,0,0,0,3,1,1,1,6,108,1,8,8,1
"187391","2016450087924",1,19,0,1,0,1,0,0,0,0,2,1,6,1,7,2148,2,9,4,1
"187402","2016450088010",1,9,0,18,0,0,0,0,0,0,1,1,5,1,11,1323,1,15,9,1
"187403","2016450088010",2,90,0,2,0,0,0,0,0,0,2,1,1,1,9,-1,-1,-1,6,1
"187406","2016450088027",1,11,0,4,0,0,0,0,0,0,0,1,1,1,7,6700,2,9,8,1
"187455","2016450088430",1,5,0,7,0,3,0,0,0,0,4,1,2,1,8,1261,1,10,10,1
"187456","2016450088430",2,9,0,9,0,8,0,0,0,0,3,1,2,2,6,1364,1,3,-1,-1
"187475","2016450088551",1,9,0,18,0,1,0,0,0,0,0,1,6,3,-1,-1,-1,-1,-1,-1
"187501","2016450088897",1,1,0,18,0,0,0,0,1,0,0,1,6,1,7,-1,-1,-1,9,1
"187590","2016450090333",1,9,0,18,0,1,0,0,0,0,3,1,6,2,8,1598,1,13,3,1
"187591","2016450090333",2,9,0,18,0,1,0,0,0,0,1,1,6,1,6,1248,2,9,-1,-1
"187751","2016450093412",1,9,0,18,0,6,0,0,0,0,4,1,1,2,4,998,1,13,8,1
"187752","2016450093412",2,19,0,18,9,1,0,10,0,0,1,1,1,1,8,1870,2,10,10,1
"187794","2016450093842",1,9,0,9,0,6,0,0,0,0,1,1,5,2,8,2401,2,8,10,1
"187795","2016450093842",2,1,0,7,0,1,0,0,0,0,1,1,5,2,7,-1,-1,-1,10,1
"187868","2016450094769",1,3,0,4,0,4,1,0,0,0,4,1,2,1,6,125,1,-1,9,1
"187896","2016450095136",1,4,0,4,0,0,2,0,0,0,3,1,5,1,7,750,1,6,8,1
"187953","2016450095930",1,9,0,1,0,1,0,0,0,0,2,1,6,1,7,1910,2,8,8,1
"187994","2016450096081",1,9,0,3,0,1,0,0,0,0,2,1,2,2,8,1783,1,14,4,1
"187995","2016450096081",2,9,0,3,0,1,0,0,0,0,2,1,2,2,8,1360,1,13,6,1
"187996","2016450096081",3,9,0,18,0,1,0,0,0,0,1,1,2,1,4,1395,1,-1,10,1
"188016","2016450096231",1,9,0,18,0,0,0,0,0,0,1,1,1,1,8,1598,1,4,6,1
"1880691","2016450097398",1,1,0,18,0,0,0,0,0,0,1,1,6,1,6,-1,-1,-1,9,1
"1880701","2016450097398",2,9,0,18,0,0,0,0,0,0,1,1,6,2,-1,1596,1,8,8,1
"1881341","2016450098032",1,9,0,16,0,0,0,0,0,0,1,1,6,1,6,1999,1,8,3,1
"188207","2016450099858",1,9,0,18,0,0,0,0,0,0,2,1,6,2,6,1598,2,2,7,1
"188208","2016450099858",2,9,0,18,0,0,0,0,0,0,1,1,6,1,10,1997,2,14,10,1
"188336","2016450101708",1,9,0,9,0,5,0,0,0,0,3,1,6,1,7,3000,1,10,9,1
"1883371","2016450101708",2,2,0,14,0,1,0,0,0,0,1,1,6,1,4,49,1,3,9,1
"188376","2016450102413",1,8,0,18,0,8,0,0,0,0,3,1,1,1,7,1997,2,4,2,1
"188377","2016450102413",2,9,0,7,0,8,0,0,0,0,4,1,5,2,5,1199,1,13,10,1
"188586","2016450107265",1,9,0,9,0,8,0,0,0,0,1,1,6,2,8,2198,2,7,10,3
"188589","2016450107287",1,9,0,17,6,1,0,0,0,0,4,1,5,1,10,2184,2,10,5,1
"188615","2016450107726",1,9,0,4,0,0,1,0,7,4,4,1,1,1,8,1995,1,11,3,1
"188656","2016450108244",1,9,0,3,0,0,0,0,0,0,2,1,3,2,7,2993,2,6,9,1
"1886571","2016450108244",2,9,0,3,0,0,0,0,0,0,2,1,3,2,7,1970,1,14,9,1
"188658","2016450108244",3,9,0,18,0,0,0,0,0,0,1,1,2,2,5,1797,8,5,7,1
"188684","2016450108792",1,9,0,18,0,8,0,0,0,0,1,1,5,1,11,2290,1,15,-1,-1
"188800","2016450110646",1,9,0,18,0,8,0,0,0,0,4,1,5,2,9,1799,1,19,10,1
"188801","2016450110646",2,9,0,7,0,6,0,0,0,0,1,1,5,2,6,1560,2,3,8,1
"188863","2016450111609",1,3,0,7,0,1,1,0,0,0,0,1,1,2,5,125,1,-1,4,1
"188864","2016450111609",2,9,0,9,0,1,0,0,0,0,0,1,6,3,-1,-1,-1,-1,-1,-1
"188891","2016450112548",1,3,0,18,0,1,0,0,0,0,3,1,6,1,7,125,1,-1,10,1
"188892","2016450112548",2,9,0,9,0,6,0,0,0,0,1,1,6,3,-1,-1,-1,-1,-1,-1
"188902","2016450112868",1,8,0,18,0,1,0,0,0,0,4,1,6,2,8,2402,2,10,9,1
"189043","2016450114990",1,3,0,18,0,0,1,0,0,0,0,1,6,2,4,125,1,4,9,1
"189044","2016450114998",1,1,0,18,0,8,0,0,0,0,2,1,6,1,8,-1,-1,-1,-1,-1
"189045","2016450114998",2,9,0,18,0,4,0,0,0,0,1,1,6,2,-1,1598,1,10,10,1
"189055","2016450115152",1,19,0,12,0,1,0,0,0,0,3,1,1,1,8,2198,2,5,6,1
"189056","2016450115152",2,5,0,3,0,1,0,7,7,7,4,1,2,1,7,999,1,2,9,1
"189064","2016450115422",1,1,0,18,0,1,0,0,0,0,1,1,6,1,11,-1,-1,-1,7,1
"189065","2016450115422",2,9,0,9,0,5,0,0,0,0,4,1,6,1,5,2231,2,9,8,1
"189066","2016450115438",1,2,0,5,0,8,0,0,0,0,1,1,6,3,-1,-1,-1,-1,-1,-1
"189067","2016450115438",2,9,0,18,0,8,0,0,0,0,4,1,6,2,7,2199,2,3,8,2
"189105","2016450115619",1,9,0,9,0,6,0,0,0,0,3,1,5,1,7,-1,-1,-1,9,1
"189106","2016450115619",2,1,0,18,0,1,0,0,0,0,1,1,5,1,7,-1,-1,-1,10,1
"189159","2016450116463",1,9,0,9,0,8,0,0,0,0,1,1,5,1,7,1596,1,14,-1,-1
"189160","2016450116463",2,9,0,9,0,8,0,0,0,0,3,1,2,2,6,1560,2,2,4,1
"189163","2016450116516",1,3,0,18,0,1,0,0,0,0,1,1,6,1,4,125,1,1,8,1
"189164","2016450116516",2,9,0,9,0,5,0,0,0,0,2,1,1,1,6,1997,2,-1,10,1
"189214","2016450117257",1,1,0,18,0,1,0,0,0,0,1,1,6,1,8,-1,-1,-1,8,1
"189215","2016450117257",2,9,0,9,0,1,0,0,0,0,4,1,6,1,-1,-1,-1,-1,-1,-1
"189218","2016450117607",1,9,0,18,0,0,0,0,0,0,1,1,6,3,5,2993,2,12,-1,-1
"189273","2016450118148",1,9,0,16,0,0,0,0,0,0,1,1,5,1,7,1799,1,10,-1,-1
"189274","2016450118148",2,19,0,2,0,0,0,0,0,0,2,1,6,1,7,1598,2,5,10,1
"189275","2016450118148",3,9,0,2,0,0,0,0,0,0,2,1,6,1,8,1968,2,1,10,1
"1892781","2016450118163",1,19,0,7,0,5,0,0,1,0,4,1,1,1,5,1461,2,4,8,1
"1892791","2016450118163",2,9,0,18,0,1,0,0,1,0,3,1,1,1,9,1956,2,4,10,1
"189297","2016450118547",1,9,0,9,0,5,0,0,0,0,1,1,1,2,7,1400,1,9,10,1
"189298","2016450118547",2,9,0,18,0,1,0,0,0,0,1,1,1,2,4,1124,1,8,5,1
"189311","2016450118603",1,9,0,9,0,6,0,0,0,0,1,1,2,2,7,998,1,3,8,1
"189312","2016450118603",2,1,0,10,0,5,0,0,0,0,1,1,6,1,6,-1,-1,-1,6,1
"189336","2016450118797",1,5,0,18,0,0,5,0,0,0,1,1,1,1,7,644,1,7,5,1
"189404","2016450119526",1,9,0,18,0,0,0,0,0,0,3,1,6,3,-1,-1,-1,-1,-1,-1
"189434","2016450119867",1,9,0,18,0,1,0,0,0,0,1,1,2,1,5,1798,1,7,7,1
"189435","2016450119884",1,2,0,14,0,1,2,0,0,0,1,1,2,1,4,49,1,13,8,1
"189436","2016450119884",2,19,0,9,0,6,0,0,0,0,3,1,1,1,8,2198,2,2,4,1
"189653","2016450123387",1,9,0,7,0,3,0,0,0,0,1,1,6,2,8,1995,2,3,10,1
"189657","2016450123407",1,9,0,7,0,3,1,0,0,0,1,1,1,2,4,1198,1,13,10,1
"189663","2016450123483",1,9,0,18,0,0,0,0,0,0,1,1,2,2,7,1598,1,11,10,1
"189667","2016450123803",1,1,0,16,0,0,1,0,0,0,0,1,5,2,6,-1,-1,-1,3,1
"189668","2016450123803",2,9,0,18,0,0,0,0,0,0,0,1,6,3,-1,-1,-1,-1,-1,-1
"189697","2016450124331",1,9,0,18,0,1,0,0,0,0,1,1,5,2,7,1360,1,11,3,1
"189698","2016450124331",2,9,0,3,0,1,0,0,0,0,2,1,5,1,4,1199,1,14,9,1
"189699","2016450124331",3,9,0,3,0,1,0,0,0,0,2,1,5,1,7,1229,1,10,-1,-1
"189716","2016450124495",1,11,0,4,0,1,0,0,0,0,0,1,1,1,8,6700,2,4,3,1
"189768","2016450125792",1,9,0,16,0,0,1,0,2,0,1,1,2,1,4,1086,1,11,10,1
"189769","2016450125792",2,9,0,17,0,0,0,0,0,0,3,1,2,2,9,1997,1,11,10,1
"189839","2016450126580",1,9,0,18,0,8,0,0,0,0,1,1,6,2,10,1388,1,9,8,1
"189840","2016450126580",2,19,0,3,0,8,0,0,0,0,0,1,2,1,8,-1,-1,-1,3,1
"189893","2016450128446",1,9,0,4,0,0,0,0,0,0,1,1,2,2,8,1793,1,8,8,2
"190058","2016450132748",1,9,0,18,0,0,0,0,0,0,0,1,6,1,7,1968,2,7,4,1
"190077","2016450133690",1,9,0,4,0,0,0,0,0,0,2,1,6,2,7,1598,1,8,3,1
"190078","2016450133690",2,9,0,18,0,0,0,0,0,0,1,1,2,1,7,1968,2,1,10,2
"190083","2016450134009",1,19,0,18,0,0,0,0,0,0,1,1,6,1,8,1248,2,7,8,2
"190228","2016450137531",1,1,0,4,0,1,0,0,0,0,1,1,4,1,3,-1,-1,-1,9,1
"190229","2016450137531",2,9,0,9,0,6,0,0,0,0,1,1,3,2,9,1364,1,8,3,1
"190238","2016450137674",1,3,0,18,0,0,5,0,7,0,1,1,2,1,8,125,1,-1,6,3
"190239","2016450137674",2,9,0,9,0,0,0,0,0,0,1,1,1,2,10,2685,2,12,8,2
"190294","2016450138501",1,9,0,14,0,1,0,0,0,0,4,1,6,2,10,1587,1,9,7,1
"190295","2016450138501",2,9,0,2,0,8,0,0,1,0,2,1,6,1,4,1242,1,14,10,1
"190304","2016450138717",1,9,0,9,0,5,0,0,0,0,3,1,1,1,6,2993,2,12,6,1
"190305","2016450138717",2,9,0,18,0,8,0,0,0,0,3,1,2,2,8,1398,1,5,-1,-1
"190356","2016450140583",1,9,0,2,0,0,0,0,0,0,1,1,6,1,10,2969,2,10,10,1
"190357","2016450140583",2,1,0,18,0,0,0,0,0,0,1,1,6,1,7,-1,-1,-1,6,1
"190374","2016450141315",1,9,0,18,0,1,0,0,0,0,1,1,6,2,4,1390,1,7,4,1
"190405","2016450141608",1,9,0,13,0,0,0,0,0,0,4,1,5,1,9,1242,1,1,8,1
"190406","2016450141608",2,3,0,15,0,0,0,0,0,0,3,1,2,1,6,198,1,14,5,1
"190427","2016450141878",1,9,0,9,0,5,0,0,0,0,1,1,2,1,8,1497,1,15,7,1
"190428","2016450141878",2,9,0,18,0,8,0,0,0,0,1,1,1,1,8,1386,1,6,2,1
"190504","2016450143019",1,1,0,7,0,2,1,0,0,0,4,1,5,1,7,-1,-1,-1,6,1
"190534","2016450143154",1,1,0,18,0,0,0,0,0,0,1,1,6,1,10,-1,-1,-1,8,1
"190632","2016450144751",1,9,0,18,0,1,0,0,0,0,4,1,6,2,6,1796,1,9,8,1
"190633","2016450144751",2,9,0,18,0,6,0,0,0,0,2,1,6,1,-1,1781,1,19,8,1
"190657","2016450145260",1,1,0,10,0,4,5,0,0,0,0,1,6,1,11,-1,-1,-1,10,1
"190717","2016450145818",1,9,0,18,0,0,0,0,1,0,4,1,1,1,6,-1,-1,-1,3,1
"190751","2016450147292",1,9,0,18,0,0,0,0,8,0,3,1,5,2,10,1560,2,10,5,1
"190769","2016450147600",1,9,0,7,0,5,0,0,0,0,1,1,6,1,7,1596,1,13,5,1
"190816","2016450149291",1,9,0,9,0,5,0,0,0,0,4,1,6,2,8,998,1,13,9,1
"190817","2016450149291",2,9,0,18,0,1,0,0,0,0,1,1,6,2,6,1149,1,14,4,1
"190831","2016450152287",1,9,0,4,0,0,0,0,0,0,2,1,1,1,7,1995,2,8,4,1
"190832","2016450152287",2,9,0,18,0,0,0,0,0,0,1,1,6,1,9,-1,-1,-1,8,1
"208289","2016480038098",1,3,0,18,0,8,0,0,0,0,1,1,2,1,8,125,1,1,2,1
"208290","2016480038379",1,11,0,18,0,2,0,0,0,0,1,1,1,1,9,9100,2,5,7,1
"208291","2016480038810",1,8,0,3,0,2,0,0,0,0,4,1,1,1,7,1798,8,1,3,1
"208292","2016480038810",2,1,0,18,0,2,0,0,0,0,1,1,2,1,6,-1,-1,-1,2,1
"208293","2016480038984",1,9,0,9,0,8,0,0,0,0,1,1,5,1,7,2993,2,7,10,2
"208294","2016480038984",2,1,0,18,4,8,0,0,0,0,1,1,5,1,7,-1,-1,-1,2,1
"208295","2016480038993",1,21,0,18,0,8,0,0,0,0,4,1,1,1,7,-1,-1,-1,-1,-1
"208296","2016480038993",2,9,0,18,0,8,0,0,0,0,1,1,1,1,6,1956,2,6,1,1
"208297","2016480039006",1,11,0,4,2,2,0,0,0,0,1,1,1,1,9,6700,2,7,2,1
"208298","2016480039033",1,1,0,18,0,1,0,0,0,0,2,1,5,1,4,-1,-1,-1,2,1
"208299","2016480039033",2,5,0,18,0,1,0,0,0,0,1,1,5,1,6,600,1,1,3,1
"208301","2016480039908",1,1,0,18,0,8,0,0,0,0,1,1,6,1,7,-1,-1,-1,-1,-1
"208302","2016480039915",1,11,0,18,0,8,0,0,0,0,0,1,1,1,8,6692,2,7,3,1
"208303","2016480039915",2,9,0,11,0,8,0,0,0,0,0,1,6,1,8,-1,-1,-1,-1,-1
"208304","2016480040078",1,9,0,18,0,1,0,0,0,0,1,1,5,1,6,1328,1,10,1,1
"208305","2016480040577",1,8,0,9,0,8,0,0,0,0,1,1,1,1,6,2143,2,3,6,1
"208306","2016480040577",2,1,0,18,0,8,0,0,0,0,3,1,2,1,6,-1,-1,-1,3,1
"208307","2016480040705",1,11,0,14,0,1,0,0,0,0,4,1,1,2,8,7300,2,12,2,1
"208308","2016480040705",2,11,0,2,0,1,0,0,0,0,2,1,1,1,8,5132,2,1,1,1
"208309","2016480040723",1,9,0,18,0,8,0,0,1,10,1,1,5,1,5,1598,1,8,2,1
"208310","2016480042650",1,11,0,18,0,1,0,0,0,0,4,1,1,1,7,9360,2,5,5,1
"208311","2016480043261",1,9,0,4,0,1,0,0,0,0,0,1,2,1,7,-1,-1,-1,-1,-1
"208312","2016480043261",2,4,0,18,0,1,1,0,0,0,0,1,2,1,5,790,1,12,2,1
"208313","2016480043436",1,8,0,2,0,1,0,0,0,0,3,1,1,1,7,2402,2,14,8,1
"208314","2016480043436",2,3,0,18,0,1,0,0,0,0,1,1,5,1,6,-1,-1,-1,5,1
"208315","2016480043816",1,20,0,4,0,1,0,0,0,0,2,1,1,1,5,-1,-1,-1,3,1
"208316","2016480043816",2,20,0,18,0,1,0,0,0,0,1,1,1,1,6,-1,-1,-1,2,1
"208317","2016480043969",1,11,0,4,0,1,0,0,0,0,0,1,1,1,8,-1,-1,-1,-1,-1
"208318","2016480044008",1,9,0,18,0,1,0,0,0,0,4,1,5,1,6,2179,2,7,6,1
"208319","2016480044600",1,3,0,18,0,2,0,0,0,0,1,1,2,1,8,-1,-1,-1,10,1
"208320","2016480044638",1,9,0,6,0,8,0,0,0,0,3,1,6,1,5,1968,2,2,3,1
"208321","2016480044638",2,8,0,18,0,8,0,0,0,0,1,1,1,1,6,-1,-1,-1,1,1
"208322","2016480045019",1,1,0,18,0,1,0,0,0,0,1,1,2,2,5,-1,-1,-1,3,1
"208323","2016480045019",2,9,0,2,0,1,0,0,0,0,3,1,6,1,7,1364,1,8,10,1
"208324","2016480046254",1,3,0,14,0,1,0,0,0,0,1,1,6,2,6,599,1,14,5,1
"208325","2016480046422",1,3,0,16,0,2,0,0,0,0,1,1,6,3,6,-1,-1,-1,-1,-1
"208326","2016480046668",1,90,0,18,0,1,0,0,0,0,1,1,1,1,6,-1,-1,-1,4,1
"208327","2016480046668",2,3,0,18,0,1,0,0,0,0,1,1,2,1,6,124,1,8,5,1
"208328","2016480046799",1,11,0,4,0,1,0,0,0,0,0,1,1,1,9,4461,2,3,2,1
"208329","2016480046812",1,4,0,14,0,1,0,0,0,0,1,1,6,3,6,-1,-1,-1,-1,-1
"208330","2016480047132",1,20,0,18,0,8,0,0,0,0,4,1,1,1,8,-1,-1,-1,2,1
"208331","2016480047132",2,9,0,18,0,8,0,0,0,0,3,1,6,1,7,2979,1,12,4,1
"208332","2016480047177",1,8,0,1,0,2,0,0,0,0,2,1,1,1,8,2499,2,9,3,1
"208333","2016480048114",1,21,0,18,0,0,0,0,0,0,3,1,1,1,6,4485,2,2,2,1
"208334","2016480048114",2,5,0,13,0,0,0,0,0,0,4,1,5,1,5,600,1,11,1,1
"208335","2016480048114",3,9,0,2,0,0,0,0,0,0,4,1,6,1,6,-1,-1,-1,7,1
"208336","2016480048590",1,19,0,18,0,8,0,0,0,0,3,1,1,1,6,2198,2,1,4,1
"208337","2016480048590",2,1,0,7,0,8,0,0,0,0,4,1,2,1,7,-1,-1,-1,6,1
"208338","2016480048598",1,1,0,18,0,0,0,0,0,0,3,1,2,1,6,-1,-1,-1,3,1
"208339","2016480048598",2,9,0,18,0,0,0,0,0,0,4,1,6,1,7,-1,-1,-1,-1,-1
"208340","2016480048683",1,19,0,18,0,8,0,0,0,0,1,1,1,1,5,2148,2,8,5,1
"208341","2016480048683",2,19,0,7,0,8,0,0,0,0,2,1,1,1,6,2148,2,7,2,1
"208342","2016480048708",1,1,0,18,0,2,0,0,0,0,1,1,2,1,7,-1,-1,-1,8,1
"208345","2016480048994",1,1,0,18,0,0,0,0,0,0,1,1,2,1,7,-1,-1,-1,9,1
"208346","2016480048994",2,8,0,6,0,0,0,0,0,0,4,1,1,1,6,1798,8,2,7,1
"208347","2016480049294",1,8,0,9,0,8,0,0,0,0,3,1,1,1,7,-1,-1,-1,7,1
"208348","2016480049294",2,1,0,18,4,8,0,0,0,0,1,1,2,2,6,-1,-1,-1,4,1
"208349","2016480049316",1,3,0,15,0,1,0,0,0,0,1,1,1,1,6,125,1,1,2,1
"208350","2016480049751",1,9,0,18,0,1,0,0,0,0,1,1,1,1,6,-1,-1,-1,6,1
"208351","2016480049764",1,1,0,15,4,2,0,0,0,0,1,1,2,1,8,-1,-1,-1,5,1
"208352","2016480050074",1,21,1,2,0,1,0,0,0,0,3,1,1,1,8,10837,2,3,-1,-1
"208353","2016480050304",1,1,0,18,0,1,0,0,0,0,3,1,5,2,6,-1,-1,-1,8,1
"208354","2016480050304",2,9,0,18,0,2,0,0,0,0,3,1,5,2,8,1998,1,13,2,1
"208355","2016480050361",1,1,0,18,0,2,0,0,0,0,4,1,2,1,8,-1,-1,-1,3,1