"","Acc_Index","Vehicle_Reference","Vehicle_Type","Towing_and_Articulation","Vehicle_Manoeuvre","Vehicle_Location.Restricted_Lane","Junction_Location","Skidding_and_Overturning","Hit_Object_in_Carriageway","Vehicle_Leaving_Carriageway","Hit_Object_off_Carriageway","X1st_Point_of_Impact","Was_Vehicle_Left_Hand_Drive","Journey_Purpose_of_Driver","Sex_of_Driver","Age_Band_of_Driver","Engine_Capacity_.CC.","Propulsion_Code","Age_of_Vehicle","Driver_IMD_Decile","Driver_Home_Area_Type"
"208356","2016480050361",2,19,0,2,6,2,0,0,0,0,3,1,1,1,9,2298,2,2,-1,-1
"208357","2016480050699",1,9,0,3,0,1,0,0,0,0,2,1,5,1,5,1968,2,9,2,1
"208358","2016480050699",2,9,0,18,0,1,0,0,0,0,1,1,6,2,7,1390,1,9,-1,-1
"208359","2016480051299",1,1,0,18,5,2,0,0,0,0,1,1,6,1,6,-1,-1,-1,-1,-1
"208360","2016480051391",1,2,0,15,0,1,0,0,0,0,0,1,2,1,6,124,1,2,7,1
"208361","2016480051391",2,19,0,7,0,1,0,0,0,0,0,1,1,1,7,-1,-1,-1,-1,-1
"208362","2016480051398",1,2,0,18,0,1,2,0,0,0,0,1,2,2,6,124,1,5,1,1
"208363","2016480051398",2,20,0,7,0,8,0,0,0,0,0,1,1,1,7,4580,2,7,-1,-1
"208364","2016480051511",1,19,0,4,9,1,0,0,0,0,3,1,1,1,8,-1,-1,-1,3,1
"208365","2016480051524",1,8,0,18,0,8,0,0,0,0,4,1,1,1,9,2446,2,13,9,1
"208366","2016480051524",2,1,0,18,0,8,0,0,0,0,3,1,2,1,6,-1,-1,-1,9,1
"208367","2016480051604",1,19,0,18,0,8,0,0,0,0,3,1,1,1,8,1598,2,1,1,1
"208368","2016480051604",2,5,0,18,0,8,0,0,0,0,1,1,1,1,8,670,1,4,7,1
"208369","2016480051675",1,9,0,18,0,1,0,7,0,0,4,1,5,1,8,2143,2,1,2,1
"208370","2016480052533",1,20,1,5,0,0,0,0,0,0,3,2,1,1,8,-1,-1,-1,-1,-1
"208371","2016480052533",2,9,0,3,0,0,0,0,0,0,4,1,5,2,11,1198,1,1,8,3
"208372","2016480052549",1,1,0,18,4,0,0,0,0,0,3,1,2,2,6,-1,-1,-1,2,1
"208373","2016480052549",2,2,0,18,4,0,0,0,0,0,4,1,6,1,4,-1,-1,-1,-1,-1
"208374","2016480052566",1,9,0,18,0,1,0,0,0,0,4,1,2,1,8,2199,2,3,9,1
"208375","2016480052652",1,11,0,4,0,1,0,0,0,0,2,1,1,1,8,7300,2,11,4,1
"208376","2016480052692",1,1,0,18,0,2,0,0,0,0,1,1,2,1,6,-1,-1,-1,3,1
"208377","2016480052692",2,8,0,6,0,2,0,0,0,0,3,1,1,1,9,2402,2,13,1,1
"208378","2016480052789",1,19,0,9,0,8,0,0,0,0,3,1,1,1,8,-1,-1,-1,10,1
"208379","2016480052789",2,9,0,9,0,8,0,0,0,0,4,1,6,1,7,1997,2,3,3,1
"208380","2016480052882",1,8,0,7,0,8,0,0,0,0,3,1,1,1,7,1797,8,6,3,1
"208381","2016480052882",2,3,0,18,0,8,0,0,0,0,4,1,5,1,5,124,1,9,2,1
"208382","2016480052893",1,3,0,13,0,2,0,0,0,0,4,1,5,1,7,125,1,5,2,1
"208383","2016480052893",2,9,0,18,0,2,0,0,0,0,3,1,5,1,6,1590,1,15,1,1
"208384","2016480053066",1,4,0,18,0,8,0,0,0,0,4,1,5,1,7,998,1,3,8,1
"208385","2016480053066",2,1,0,18,0,8,0,0,0,0,3,1,5,1,6,-1,-1,-1,-1,-1
"208386","2016480053078",1,19,0,18,0,0,0,0,0,0,4,1,1,1,6,2198,2,5,3,1
"208387","2016480055546",1,5,0,14,0,1,0,0,0,0,1,1,6,1,6,649,1,5,5,1
"208388","2016480055568",1,9,0,6,0,1,0,0,0,0,3,1,5,1,5,1496,2,2,10,1
"208389","2016480055568",2,1,0,13,0,1,0,0,0,0,4,1,5,1,6,-1,-1,-1,5,1
"208390","2016480055623",1,3,0,18,0,8,0,0,0,0,1,1,5,1,5,108,1,2,7,1
"208391","2016480055623",2,8,0,6,0,8,0,0,0,0,4,1,1,1,9,2499,2,7,4,1
"208392","2016480057113",1,8,0,18,0,1,0,0,0,0,4,1,1,1,9,1149,1,13,-1,-1
"208393","2016480057163",1,1,0,18,0,1,0,0,0,0,2,1,2,2,7,-1,-1,-1,2,1
"208394","2016480057163",2,8,0,18,0,1,0,0,0,0,1,1,1,1,10,2499,2,9,8,2
"208395","2016480057181",1,5,0,14,0,1,0,0,0,0,4,1,2,1,9,645,1,6,-1,-1
"208396","2016480057235",1,8,0,3,0,1,0,0,0,0,2,1,1,1,7,1997,2,4,1,1
"208397","2016480057235",2,9,0,18,0,1,0,0,0,0,1,1,6,1,6,1598,2,1,-1,-1
"208398","2016480057279",1,2,0,18,0,1,0,0,0,0,3,1,2,2,7,49,1,9,7,1
"208399","2016480057279",2,4,0,18,0,1,0,0,0,0,4,1,6,1,7,-1,-1,-1,-1,-1
"208400","2016480057728",1,1,0,18,0,8,0,0,0,0,0,1,6,1,6,-1,-1,-1,7,1
"208401","2016480057728",2,9,0,18,0,8,0,0,0,0,0,1,6,1,6,-1,-1,-1,-1,-1
"208402","2016480057747",1,1,0,3,0,8,0,0,0,0,2,1,2,1,7,-1,-1,-1,5,1
"208403","2016480057747",2,9,0,18,0,8,0,0,0,0,1,1,6,1,8,1686,2,3,-1,-1
"208404","2016480057840",1,1,0,18,0,8,0,0,0,0,3,1,5,1,7,-1,-1,-1,3,1
"208405","2016480057840",2,98,0,18,0,8,0,0,0,0,4,1,1,1,8,-1,-1,-1,-1,-1
"208406","2016480057933",1,9,0,4,0,1,0,0,0,0,2,1,5,2,6,995,1,8,2,1
"208407","2016480057933",2,9,0,18,0,1,0,0,0,0,1,1,5,1,7,2494,1,13,5,1
"208408","2016480058363",1,8,0,3,0,8,0,0,0,0,2,1,1,1,6,2143,2,4,4,1
"208409","2016480058363",2,9,0,18,0,8,0,0,0,0,1,1,6,1,7,1598,1,10,-1,-1
"208410","2016480058384",1,8,0,6,0,8,0,0,0,0,3,1,1,1,8,2499,2,3,2,1
"208411","2016480058384",2,1,0,18,0,8,0,0,0,0,1,1,5,1,5,-1,-1,-1,4,1
"208412","2016480058413",1,1,0,18,0,0,0,0,0,0,3,1,6,2,7,-1,-1,-1,3,1
"208413","2016480058413",2,8,0,18,0,0,0,0,0,0,4,1,1,1,7,1798,8,4,4,1
"208414","2016480058434",1,1,0,18,0,8,0,0,0,0,1,1,6,1,6,-1,-1,-1,3,1
"208415","2016480058434",2,3,0,9,0,8,0,0,0,0,4,1,6,1,5,125,1,4,10,1
"208416","2016480060119",1,9,0,18,0,1,0,0,0,0,1,1,6,1,7,-1,-1,-1,-1,-1
"208417","2016480060177",1,1,0,18,0,8,0,0,0,0,3,1,6,1,9,-1,-1,-1,3,1
"208418","2016480060177",2,9,0,7,0,8,0,0,0,0,0,1,6,1,9,1590,1,16,7,1
"208420","2016480060462",1,9,0,18,0,1,0,0,0,0,1,1,6,1,7,-1,-1,-1,2,1
"208421","2016480060462",2,9,0,18,0,1,0,0,0,0,2,1,6,2,4,1388,1,4,2,1
"208422","2016480061008",1,8,0,6,0,0,0,0,0,0,1,1,1,1,8,1798,8,1,3,1
"208423","2016480061008",2,3,0,18,0,0,0,0,0,0,3,1,2,1,6,-1,-1,-1,3,1
"208424","2016480061019",1,9,0,7,0,8,0,0,0,0,4,1,2,1,6,2656,1,14,6,1
"208425","2016480061019",2,1,0,18,0,8,0,0,0,0,3,1,1,1,6,-1,-1,-1,4,1
"208426","2016480061054",1,8,0,6,0,2,0,0,0,0,4,1,1,1,8,1997,2,4,2,1
"208427","2016480061054",2,1,0,18,0,1,0,0,0,0,1,1,1,1,8,-1,-1,-1,2,1
"208428","2016480061400",1,21,1,2,0,1,0,0,0,0,3,1,1,1,7,4461,2,6,4,1
"208429","2016480061400",2,1,0,18,0,1,0,0,0,0,4,1,5,1,6,-1,-1,-1,9,1
"208430","2016480061418",1,9,0,7,0,8,0,0,0,0,4,1,5,1,6,1900,2,12,3,1
"208431","2016480061418",2,1,0,18,0,8,0,0,0,0,3,1,5,1,6,-1,-1,-1,2,1
"208432","2016480061549",1,3,0,18,4,2,0,0,0,0,1,1,1,1,7,124,1,4,-1,-1
"208433","2016480061549",2,1,0,18,4,1,0,0,0,0,2,1,1,2,7,-1,-1,-1,-1,-1
"208434","2016480061829",1,8,0,18,0,8,0,0,0,0,3,1,1,1,6,1798,8,1,3,1
"208435","2016480061829",2,9,0,9,0,8,0,0,0,0,1,1,5,1,9,1910,2,7,4,1
"208436","2016480061853",1,8,0,5,0,2,0,0,0,0,0,1,1,1,8,2499,2,7,2,1
"208437","2016480061921",1,1,0,18,0,1,0,0,0,0,1,1,5,1,5,-1,-1,-1,5,1
"208438","2016480062456",1,9,0,18,0,2,0,0,0,0,2,1,6,1,8,1991,1,-1,2,1
"208439","2016480062456",2,1,0,18,0,2,0,0,0,0,1,1,6,1,7,-1,-1,-1,6,1
"208440","2016480062737",1,9,0,9,0,8,0,0,0,0,4,1,5,1,5,1388,1,4,2,1
"208441","2016480062737",2,1,0,18,0,8,0,0,0,0,1,1,5,1,8,-1,-1,-1,6,1
"208442","2016480062802",1,1,0,14,0,2,0,0,0,0,1,1,5,1,5,-1,-1,-1,5,1
"208443","2016480063257",1,19,0,10,0,1,0,0,0,0,0,1,1,1,7,2198,2,1,10,1
"208444","2016480063257",2,1,0,18,0,1,5,0,0,0,0,1,2,1,6,-1,-1,-1,1,1
"208445","2016480063927",1,1,0,18,0,1,0,0,0,0,1,1,1,1,7,-1,-1,-1,3,1
"208446","2016480063927",2,19,0,7,0,1,0,0,0,0,4,1,1,1,9,2148,2,12,1,1
"208447","2016480063946",1,19,0,18,0,1,0,0,0,0,1,1,1,1,8,1868,2,11,-1,-1
"208448","2016480064974",1,1,0,18,0,0,2,0,0,0,3,1,6,1,5,-1,-1,-1,4,1
"208449","2016480064974",2,90,0,13,0,0,0,0,0,0,4,1,1,1,8,-1,-1,-1,2,1
"208450","2016480066604",1,1,0,18,0,1,0,0,0,0,1,1,6,1,6,-1,-1,-1,-1,-1
"208451","2016480066636",1,3,0,18,0,8,0,0,0,0,4,1,5,1,5,125,1,1,3,1
"208452","2016480066636",2,8,0,18,0,8,0,0,0,0,1,1,1,1,8,-1,-1,-1,-1,-1
"208453","2016480066659",1,1,0,18,0,1,0,0,0,0,1,1,6,1,6,-1,-1,-1,3,1
"208454","2016480066659",2,9,0,2,0,1,0,0,0,0,3,1,6,1,7,2143,2,3,-1,-1
"208455","2016480066765",1,5,0,5,0,1,0,0,0,0,3,1,1,1,7,670,1,4,4,1
"208456","2016480066765",2,21,0,5,0,1,0,0,0,0,4,1,1,1,8,7698,2,2,3,1
"208457","2016480066788",1,8,0,18,0,8,0,0,0,0,1,1,1,1,6,2143,2,4,5,1
"208458","2016480066788",2,1,0,18,0,8,0,0,0,0,2,1,1,1,6,-1,-1,-1,-1,-1
"208459","2016480066933",1,8,0,18,0,8,0,0,0,0,1,1,1,1,7,2499,2,4,10,1
"208460","2016480066933",2,3,0,9,0,8,0,0,0,0,4,1,1,1,6,125,1,2,4,1
"208461","2016480066969",1,2,0,18,0,2,0,0,0,0,0,1,1,1,6,124,1,15,5,1
"208462","2016480066969",2,8,0,18,0,2,0,0,0,0,0,1,1,1,6,2143,2,2,2,1
"208463","2016480067022",1,8,0,9,0,8,0,0,0,0,3,1,1,1,8,1896,2,10,3,1
"208464","2016480067022",2,8,0,9,0,8,0,0,0,0,3,1,1,1,8,1968,2,2,1,1
"208465","2016480067144",1,2,0,7,0,8,0,0,0,0,4,1,2,1,6,49,1,1,3,1
"208466","2016480067144",2,1,0,15,0,8,0,0,0,0,1,1,1,1,6,-1,-1,-1,4,1
"208467","2016480068753",1,1,0,18,0,1,0,0,0,0,1,1,2,1,7,-1,-1,-1,6,1
"208468","2016480068753",2,9,0,7,0,8,0,0,0,0,3,1,2,1,7,698,1,9,-1,-1
"208469","2016480069112",1,8,0,7,0,1,0,0,0,0,4,1,1,1,9,2499,2,9,9,1
"208470","2016480069112",2,1,0,18,4,1,0,0,0,0,1,1,2,1,8,-1,-1,-1,6,1
"208471","2016480069218",1,9,0,3,0,1,0,0,0,0,2,1,6,1,7,2979,1,1,4,1
"208472","2016480069218",2,8,0,18,0,1,0,0,0,0,1,1,1,1,8,2402,2,13,6,1
"208473","2016480069249",1,8,0,18,0,1,0,0,0,0,4,1,1,1,9,2499,2,1,8,1
"208474","2016480069249",2,1,0,15,0,1,0,0,0,0,3,1,2,1,10,-1,-1,-1,6,1
"208475","2016480069547",1,19,0,18,0,1,0,0,0,0,0,1,1,1,7,-1,-1,-1,-1,-1
"208476","2016480069547",2,11,0,18,0,1,0,0,0,0,0,1,1,2,6,6696,2,3,3,1
"208477","2016480069570",1,20,0,18,0,1,0,0,0,0,2,1,1,1,7,-1,-1,-1,2,1
"208478","2016480069570",2,8,0,18,0,1,0,0,0,0,1,1,1,1,8,1798,8,1,-1,-1
"208479","2016480069975",1,19,0,11,0,1,0,0,0,0,2,1,1,1,8,-1,-1,-1,-1,-1
"208480","2016480069975",2,1,0,18,4,1,0,0,0,0,1,1,2,1,6,-1,-1,-1,2,1
"208481","2016480069991",1,20,0,9,0,8,0,0,0,0,3,1,1,1,7,-1,-1,-1,6,1
"208482","2016480070040",1,8,0,14,0,2,0,0,0,0,4,1,1,1,9,2402,2,12,6,1
"208483","2016480070040",2,8,0,2,0,2,0,0,0,0,3,1,1,1,6,2987,2,5,2,1
"208484","2016480070135",1,8,0,12,0,1,0,0,0,0,3,1,1,1,9,2143,2,3,5,1
"208485","2016480070135",2,3,0,13,0,1,0,0,0,0,4,1,5,1,5,125,1,4,2,1
"208486","2016480070165",1,1,0,14,0,1,0,0,0,0,1,1,1,1,6,-1,-1,-1,2,1
"208487","2016480070257",1,8,0,18,0,1,0,0,0,0,4,1,1,1,7,1797,8,6,5,1
"208488","2016480070456",1,1,0,18,0,2,0,0,0,0,1,1,2,1,9,-1,-1,-1,4,1
"208489","2016480070456",2,8,0,3,0,2,0,0,0,0,4,1,1,1,9,2402,2,11,7,1
"208490","2016480070488",1,21,1,18,0,8,0,0,0,0,1,1,1,1,5,-1,-1,-1,2,1
"208491","2016480070488",2,8,0,18,0,8,0,0,0,0,4,1,1,1,9,2402,2,12,-1,-1
"208492","2016480070781",1,8,0,9,0,8,0,0,0,0,4,1,1,1,6,1968,2,9,9,1
"208493","2016480070781",2,1,0,18,4,8,0,0,0,0,1,1,6,1,5,-1,-1,-1,6,1
"208494","2016480070796",1,3,0,18,0,1,0,0,0,0,1,1,5,1,5,124,1,1,6,1
"208495","2016480071827",1,1,0,18,0,1,0,0,0,0,3,1,2,2,6,-1,-1,-1,2,1
"208496","2016480071827",2,20,0,11,0,1,0,0,0,0,4,1,1,1,8,-1,-1,-1,9,1
"208497","2016480074856",1,1,0,14,0,2,0,0,0,0,1,1,2,1,8,-1,-1,-1,4,1
"208498","2016480075025",1,5,0,18,0,1,0,0,0,0,1,1,5,1,7,-1,-1,-1,3,1
"208499","2016480076307",1,8,0,9,0,8,0,0,0,0,3,1,1,1,9,2499,2,9,8,1
"208500","2016480076307",2,3,0,14,0,8,0,0,0,0,1,1,2,1,6,125,1,6,2,1
"208501","2016480076344",1,1,0,3,0,1,0,0,0,0,2,1,1,2,6,-1,-1,-1,4,1
"208502","2016480076344",2,20,0,18,0,1,0,0,0,0,1,1,1,1,6,-1,-1,-1,-1,-1
"208505","2016480076425",1,1,0,18,0,1,0,0,0,0,1,1,6,1,6,-1,-1,-1,8,1
"208506","2016480076425",2,8,0,4,0,1,0,0,0,0,4,1,1,1,8,1797,8,6,-1,-1
"208507","2016480077354",1,20,0,18,0,0,0,0,0,0,1,1,1,1,6,-1,-1,-1,7,1
"208508","2016480077354",2,20,0,4,0,0,0,0,0,0,2,1,1,1,7,-1,-1,-1,2,1
"208509","2016480077378",1,9,0,3,0,1,0,0,0,0,2,1,5,1,8,2204,2,8,7,1
"208510","2016480077378",2,3,0,18,0,1,0,0,0,0,1,1,5,2,5,125,1,2,-1,-1
"208511","2016480077921",1,1,0,18,0,0,0,8,0,0,1,1,6,1,6,-1,-1,-1,3,1
"208512","2016480077921",2,8,0,4,0,0,0,0,0,0,4,1,1,1,7,1896,2,7,10,1
"208513","2016480078416",1,1,0,18,0,8,0,0,0,0,3,1,5,1,8,-1,-1,-1,6,1
"208514","2016480078416",2,3,0,9,0,8,0,0,0,0,4,1,5,1,6,108,1,2,2,1
"208515","2016480079141",1,9,0,3,0,2,0,0,0,0,2,1,6,2,5,1796,1,9,7,1
"208516","2016480079141",2,9,0,3,0,2,0,0,0,0,2,1,6,1,7,1995,2,7,2,1
"208517","2016480079141",3,9,0,3,0,2,0,0,0,0,2,1,6,1,6,1797,8,5,3,1
"208518","2016480079141",4,9,0,3,0,2,0,0,0,0,2,1,6,1,7,1968,2,4,4,1
"208519","2016480079141",5,9,0,18,0,2,0,0,0,0,1,1,6,1,7,999,1,1,3,1
"208520","2016480079247",1,9,0,18,0,8,0,0,0,0,1,1,6,1,7,-1,-1,-1,-1,-1
"208521","2016480079274",1,5,0,18,0,8,0,0,0,0,1,1,1,1,7,600,1,11,10,1
"208522","2016480079274",2,9,0,9,0,8,0,0,0,0,1,1,1,1,6,1560,2,2,2,1
"208523","2016480079701",1,1,0,18,0,1,0,8,0,0,1,1,2,2,7,-1,-1,-1,1,1
"208524","2016480079701",2,8,0,2,0,1,0,0,0,0,3,1,1,1,8,1598,1,3,3,1
"208525","2016480079701",3,20,0,18,0,1,0,0,0,0,1,1,1,1,7,6370,2,7,4,1
"208526","2016480079723",1,9,0,7,0,8,0,0,0,0,3,1,1,1,7,1797,8,2,4,1
"208527","2016480079723",2,3,0,14,0,8,0,0,0,0,1,1,1,1,6,125,1,2,3,1
"208528","2016480079803",1,1,0,18,0,8,0,0,0,0,3,1,2,1,5,-1,-1,-1,1,1
"208529","2016480079803",2,20,0,7,0,8,0,0,0,0,4,1,1,1,8,2143,2,-1,2,1
"208532","2016480081072",1,20,0,7,0,8,0,0,0,0,3,1,1,1,7,-1,-1,-1,8,2
"208533","2016480081072",2,8,0,7,0,8,0,0,0,0,4,1,1,1,7,1896,2,8,2,1
"208534","2016480081255",1,1,0,18,0,8,0,0,0,0,3,1,2,1,6,-1,-1,-1,4,1
"208535","2016480081255",2,8,0,7,0,8,0,0,0,0,4,1,1,3,8,2143,2,2,4,1
"208538","2016480082322",1,8,0,4,0,1,0,0,0,0,1,1,1,1,8,-1,-1,-1,3,1
"208539","2016480082322",2,1,0,3,0,1,0,0,0,0,2,1,2,1,7,-1,-1,-1,2,1
"208540","2016480082350",1,9,0,18,0,2,0,0,0,0,1,1,5,1,8,1984,1,13,-1,-1
"208541","2016480082350",2,1,0,14,0,2,0,0,0,0,2,1,2,2,6,-1,-1,-1,3,1
"208542","2016480083020",1,1,0,15,0,1,0,0,0,0,3,1,2,1,7,-1,-1,-1,2,1
"208543","2016480083020",2,8,0,3,0,1,0,0,0,0,4,1,1,2,7,2499,2,6,10,1
"208544","2016480083031",1,8,0,9,0,8,0,0,0,0,1,1,1,1,5,1798,8,1,6,1
"208545","2016480083031",2,1,0,18,0,8,0,0,0,0,1,1,2,2,7,-1,-1,-1,3,1
"208546","2016480083384",1,8,0,9,0,8,0,0,0,0,4,1,1,1,8,2148,2,7,9,1
"208547","2016480083396",1,11,0,18,0,2,0,0,0,0,0,1,1,1,7,9360,2,5,5,1
"208548","2016480083777",1,1,0,18,4,8,0,0,0,0,3,1,2,2,7,-1,-1,-1,2,1
"208549","2016480083777",2,8,0,9,0,8,0,0,0,0,1,1,1,1,8,2143,2,2,2,1
"208550","2016480083790",1,8,0,9,0,8,0,0,0,0,1,1,1,1,8,1797,8,3,1,1
"208551","2016480083801",1,8,0,4,0,2,0,0,0,0,4,1,1,1,8,1968,2,1,3,1
"208552","2016480083801",2,1,0,18,0,2,0,0,0,0,3,1,6,1,6,-1,-1,-1,4,1
"208553","2016480083823",1,8,0,3,0,1,0,0,0,0,4,1,1,1,8,2664,2,15,7,1
"208554","2016480083823",2,3,0,15,0,1,0,0,0,0,1,1,1,1,6,124,1,10,2,1
"208555","2016480084241",1,3,0,18,0,8,0,0,0,0,1,1,5,1,6,124,1,12,3,1
"208556","2016480084241",2,8,0,7,0,8,0,0,0,0,1,1,1,1,6,1242,1,1,5,1
"208557","2016480084256",1,9,0,5,0,1,0,0,0,0,4,1,6,1,7,-1,-1,-1,8,2
"208558","2016480084353",1,1,0,18,0,1,0,0,0,0,0,1,1,1,5,-1,-1,-1,4,1
"208559","2016480084353",2,9,0,9,0,1,0,0,0,0,0,1,1,1,6,998,1,-1,6,1
"208560","2016480084495",1,20,0,9,0,8,0,0,0,0,4,1,1,1,6,-1,-1,-1,6,1
"208561","2016480084495",2,5,0,18,0,8,0,0,0,0,1,1,1,1,6,998,1,12,7,1
"208562","2016480084952",1,8,0,2,0,2,0,0,0,0,3,1,1,1,9,1997,2,2,3,1
"208563","2016480084952",2,1,0,18,0,2,0,0,0,0,1,1,2,1,8,-1,-1,-1,-1,-1
"208564","2016480085629",1,5,0,18,0,8,0,0,0,0,1,1,5,1,6,660,1,5,3,1
"208565","2016480085807",1,1,0,5,0,1,0,0,0,0,1,1,2,1,8,-1,-1,-1,9,1
"208566","2016480086117",1,20,0,5,0,8,0,0,0,0,3,1,1,1,10,-1,-1,-1,9,1
"208567","2016480086148",1,8,0,18,0,2,0,0,0,0,4,1,1,1,7,1997,2,7,2,1
"208568","2016480086240",1,1,0,18,5,1,0,0,0,0,1,1,2,1,6,-1,-1,-1,2,1
"208569","2016480087184",1,1,0,18,0,0,0,0,0,0,3,1,5,1,5,-1,-1,-1,1,1
"208570","2016480087184",2,9,0,18,0,0,0,0,0,0,4,1,5,1,6,-1,-1,-1,-1,-1
"208571","2016480087190",1,1,0,9,0,8,0,0,0,0,2,1,2,1,6,-1,-1,-1,5,1
"208572","2016480087190",2,3,0,18,0,8,0,0,0,0,1,1,2,1,6,125,1,3,3,1
"208575","2016480088195",1,1,0,18,0,8,0,0,0,0,1,1,5,1,6,-1,-1,-1,2,1
"208576","2016480088195",2,8,0,6,0,8,0,0,0,0,3,1,1,1,7,1997,2,5,2,1
"208577","2016480088218",1,90,0,18,0,2,0,0,0,0,1,1,1,1,8,-1,3,1,3,1
"208580","2016480090719",1,1,0,18,0,1,0,0,0,0,2,1,2,1,8,-1,-1,-1,7,3
"208581","2016480090719",2,20,0,18,0,1,0,0,0,0,1,1,6,3,-1,-1,-1,-1,-1,-1
"208582","2016480090803",1,1,0,18,5,2,0,0,0,0,1,1,2,1,7,-1,-1,-1,6,1
"208583","2016480090811",1,11,0,18,0,1,0,0,0,0,0,1,1,2,8,4500,2,4,2,1
"208584","2016480090811",2,9,0,6,0,1,0,0,0,0,0,1,6,1,8,-1,-1,-1,3,1
"208585","2016480090844",1,2,0,18,0,1,0,0,0,0,1,1,5,1,8,124,1,11,5,1
"208586","2016480090888",1,8,0,9,0,8,0,0,0,0,2,1,1,1,6,1798,8,2,2,1
"208587","2016480090888",2,9,0,18,0,8,0,0,0,0,1,1,5,1,6,2987,2,7,6,1
"208588","2016480093389",1,1,0,15,0,1,0,0,0,0,1,1,2,2,8,-1,-1,-1,2,1
"208589","2016480093389",2,8,0,2,0,1,0,0,0,0,4,1,1,1,8,2967,2,5,8,1
"208590","2016480093531",1,8,0,6,0,2,0,0,0,0,3,1,1,1,8,2499,2,9,9,1
"208591","2016480093531",2,1,0,18,0,2,0,0,0,0,1,1,2,1,7,-1,-1,-1,3,1
"208592","2016480093555",1,5,0,18,0,2,0,0,0,0,1,1,2,1,5,998,1,8,4,2
"208593","2016480094001",1,4,0,18,0,8,0,0,0,0,1,1,2,1,8,471,1,1,5,1
"208594","2016480094399",1,5,0,18,0,8,0,0,0,0,1,1,2,1,6,883,1,1,5,1
"208595","2016480094399",2,8,0,9,0,8,0,0,0,0,4,1,1,1,8,2402,2,11,1,1
"208596","2016480094421",1,11,0,18,0,1,0,0,0,0,1,1,1,1,9,-1,-1,-1,5,1
"208597","2016480094452",1,9,0,18,0,2,0,0,0,0,1,1,2,1,8,2967,2,3,9,1
"208598","2016480094452",2,1,0,18,0,2,0,0,0,0,2,1,2,2,6,-1,-1,-1,2,1
"208600","2016480095507",1,3,0,18,0,8,0,0,0,0,4,1,2,2,6,124,1,5,3,1
"208601","2016480095507",2,1,0,9,0,8,0,0,0,0,3,1,2,2,6,-1,-1,-1,3,1
"208602","2016480095913",1,8,0,18,0,1,0,0,0,0,1,1,1,1,8,2402,2,12,8,1
"208603","2016480096137",1,3,0,3,0,2,0,0,0,0,2,1,1,1,6,124,1,5,5,1
"208604","2016480096137",2,8,0,7,0,2,0,0,0,0,1,1,1,1,8,1997,2,4,6,1
"208605","2016480096522",1,1,0,18,0,8,0,0,0,0,3,1,2,1,6,-1,-1,-1,3,1
"208606","2016480096522",2,97,0,11,0,8,0,0,0,0,4,1,6,1,6,-1,-1,-1,-1,-1
"208607","2016480097089",1,1,0,18,0,8,0,0,0,0,1,1,6,1,6,-1,-1,-1,-1,-1
"208608","2016480097099",1,9,0,18,0,1,0,0,0,0,4,1,5,2,7,1560,2,2,4,1
"208609","2016480097099",2,20,0,15,0,1,0,0,0,0,3,1,1,1,6,4250,2,4,7,1
"208610","2016480097491",1,5,0,18,0,8,0,0,0,0,1,1,2,1,7,670,1,2,2,1
"208611","2016480097520",1,4,0,18,0,0,0,0,0,0,3,1,5,1,6,400,1,22,1,1
"208612","2016480097520",2,9,0,12,0,0,0,0,0,0,4,1,5,1,5,1596,1,13,2,1
"208614","2016480097974",1,4,0,18,0,1,0,0,0,0,3,1,5,1,6,278,1,1,3,1
"208615","2016480098208",1,5,0,18,0,1,0,0,0,0,1,1,2,1,6,599,1,9,4,1
"208616","2016480098239",1,9,0,9,0,8,0,0,0,0,4,1,5,1,4,1995,2,4,1,1
"208617","2016480098239",2,1,0,18,0,8,0,0,0,0,1,1,5,1,5,-1,-1,-1,2,1
"208618","2016480098396",1,9,0,18,0,8,0,0,0,0,1,1,5,1,6,1598,1,15,5,1
"208619","2016480098396",2,1,0,9,0,8,0,0,0,0,2,1,2,1,6,-1,-1,-1,3,1
"208620","2016480099095",1,20,0,18,0,8,0,0,0,0,1,1,1,1,8,-1,-1,-1,10,1
"208621","2016480099840",1,11,0,18,0,8,0,0,0,0,0,1,1,1,7,4500,2,1,8,1
"208624","2016480100390",1,8,0,1,0,0,0,0,0,0,2,1,1,1,7,1997,2,1,6,1
"208625","2016480100521",1,9,0,7,0,1,0,0,0,0,4,1,1,1,8,1461,2,6,2,1
"208626","2016480100521",2,1,0,7,0,1,0,0,0,0,3,1,5,1,7,-1,-1,-1,4,1