"","Acc_Index","Vehicle_Reference","Vehicle_Type","Towing_and_Articulation","Vehicle_Manoeuvre","Vehicle_Location.Restricted_Lane","Junction_Location","Skidding_and_Overturning","Hit_Object_in_Carriageway","Vehicle_Leaving_Carriageway","Hit_Object_off_Carriageway","X1st_Point_of_Impact","Was_Vehicle_Left_Hand_Drive","Journey_Purpose_of_Driver","Sex_of_Driver","Age_Band_of_Driver","Engine_Capacity_.CC.","Propulsion_Code","Age_of_Vehicle","Driver_IMD_Decile","Driver_Home_Area_Type"
"208627","2016480100742",1,9,0,9,0,8,0,0,0,0,3,1,1,2,9,1461,2,-1,10,2
"208628","2016480100742",2,3,0,18,0,8,0,0,0,0,1,1,2,1,6,125,1,1,2,1
"208629","2016480100771",1,3,0,7,0,8,0,0,0,0,3,1,1,1,6,-1,-1,-1,1,1
"208630","2016480100771",2,20,0,7,0,8,0,0,0,0,4,1,1,1,6,-1,-1,-1,3,1
"208631","2016480100832",1,8,0,9,0,8,0,0,0,0,1,1,1,1,7,1598,1,8,3,1
"208632","2016480100905",1,9,0,9,0,8,0,0,0,0,4,1,2,1,7,1595,1,8,3,1
"208633","2016480100905",2,1,0,18,0,8,0,0,0,0,1,1,2,1,8,-1,-1,-1,5,1
"208634","2016480102188",1,3,0,18,0,2,0,0,0,0,4,1,2,1,7,125,1,1,2,1
"208635","2016480102188",2,20,0,5,0,2,0,0,0,0,3,1,1,1,8,-1,-1,-1,3,1
"208636","2016480102198",1,3,0,5,0,1,0,0,0,0,1,1,5,1,7,249,1,1,8,1
"208637","2016480102232",1,9,0,18,0,8,0,0,0,0,3,1,5,1,6,1796,1,12,2,1
"208638","2016480102232",2,9,0,9,0,8,0,0,0,0,1,1,5,1,7,1598,1,5,3,1
"208641","2016480102387",1,9,0,11,0,0,0,0,0,0,4,1,1,1,10,1560,2,4,7,1
"208642","2016480102387",2,3,0,18,0,0,0,0,0,0,3,1,5,1,6,124,1,8,2,1
"208643","2016480102664",1,8,0,12,0,0,0,0,0,0,4,1,1,1,8,1995,2,3,2,1
"208644","2016480102664",2,1,0,18,0,0,0,0,0,0,1,1,5,1,6,-1,-1,-1,3,1
"208645","2016480102731",1,1,0,18,0,0,0,0,0,0,1,1,2,1,6,-1,-1,-1,9,1
"208646","2016480102922",1,11,0,18,0,8,0,0,0,0,0,1,1,1,8,4500,2,2,6,1
"208647","2016480103058",1,1,0,15,4,8,0,0,0,0,1,1,6,1,6,-1,-1,-1,-1,-1
"208648","2016480103716",1,1,0,18,0,8,0,0,0,0,3,1,2,1,8,-1,-1,-1,3,1
"208649","2016480103716",2,8,0,7,0,8,0,0,0,0,4,1,1,1,-1,-1,-1,-1,-1,-1
"208650","2016480103764",1,4,0,18,0,1,0,7,0,0,3,1,2,1,9,279,1,-1,5,1
"208651","2016480103785",1,8,0,4,0,8,0,0,0,0,3,1,1,1,7,1791,8,4,1,1
"208652","2016480103785",2,1,0,18,0,8,0,0,0,0,1,1,5,1,7,-1,-1,-1,2,1
"208653","2016480103835",1,8,0,18,0,0,0,0,0,0,1,1,1,1,8,2402,2,11,7,1
"208654","2016480105922",1,19,0,18,0,8,0,0,0,0,1,1,1,1,9,2402,2,8,5,1
"208655","2016480105922",2,1,0,9,0,8,0,0,0,0,4,1,2,1,7,-1,-1,-1,9,1
"208656","2016480105945",1,8,0,18,0,8,0,7,0,0,1,1,1,1,8,2143,2,2,10,3
"208660","2016480106375",1,19,0,9,0,8,0,0,0,0,1,1,1,1,7,1968,2,2,-1,-1
"208661","2016480106402",1,19,0,9,0,8,0,0,0,0,1,1,1,1,8,1560,2,-1,1,1
"208662","2016480106402",2,9,0,7,0,8,0,0,0,0,3,1,1,1,7,1968,2,1,6,1
"208663","2016480106466",1,1,0,18,5,8,0,0,0,0,1,1,5,1,6,-1,-1,-1,4,1
"208664","2016480106466",2,8,0,7,0,8,0,0,0,0,1,1,1,1,10,2402,2,13,4,1
"208665","2016480106514",1,9,0,18,0,8,0,0,0,0,2,1,5,1,6,1398,1,-1,2,1
"208666","2016480106514",2,9,0,18,0,8,0,0,0,0,1,1,5,1,8,999,1,-1,-1,-1
"208667","2016480107747",1,8,0,3,0,0,0,0,0,0,4,1,1,1,9,2499,2,9,8,1
"208668","2016480107747",2,1,0,15,0,0,0,0,0,0,1,1,2,2,7,-1,-1,-1,10,1
"208669","2016480107762",1,11,0,18,0,2,0,0,0,0,4,1,1,1,-1,-1,-1,-1,-1,-1
"208670","2016480108322",1,9,0,11,0,1,0,0,0,0,4,1,1,1,7,-1,-1,-1,4,1
"208671","2016480108322",2,5,0,18,0,1,0,0,0,0,3,1,5,2,7,883,1,3,7,1
"208672","2016480108386",1,9,0,2,0,1,0,0,0,0,4,1,6,1,8,1685,2,2,4,1
"208673","2016480108386",2,1,0,18,4,1,0,0,0,0,1,1,5,1,7,-1,-1,-1,2,1
"208674","2016480108498",1,11,0,18,0,1,0,0,0,0,0,1,1,1,8,4500,2,-1,1,1
"208675","2016480108498",2,9,0,9,0,1,0,0,0,0,0,1,6,3,7,-1,-1,-1,-1,-1
"208676","2016480108646",1,20,0,9,0,8,0,0,0,0,3,1,1,1,7,4461,2,5,2,1
"208677","2016480108646",2,1,0,13,0,8,0,0,0,0,4,1,5,1,5,-1,-1,-1,2,1
"208678","2016480108669",1,3,0,15,0,0,0,0,0,0,3,1,2,1,6,125,1,8,1,1
"208679","2016480108669",2,20,0,11,0,0,0,0,0,0,4,1,1,1,8,12913,2,9,1,1
"208680","2016480108887",1,11,0,4,0,1,0,0,0,0,0,1,1,1,8,9360,2,5,7,1
"208681","2016480115184",1,5,0,18,0,2,0,0,0,0,3,1,2,1,8,1137,1,10,2,1
"208682","2016480115644",1,3,0,15,0,2,0,0,0,0,1,1,2,1,6,689,1,2,7,1
"208684","2016480116059",1,1,0,3,0,1,0,0,0,0,1,1,2,2,6,-1,-1,-1,2,1
"208685","2016480116059",2,20,0,1,0,1,0,0,0,0,2,1,1,1,5,2998,2,1,2,1
"208686","2016480116071",1,9,0,18,0,1,1,0,0,0,1,1,5,1,5,2231,2,9,1,1
"208687","2016480117795",1,19,0,18,0,0,0,0,0,0,1,1,1,1,9,1968,2,4,10,1
"208688","2016480117795",2,5,0,3,0,0,0,0,0,0,2,1,2,2,8,652,1,12,4,1
"208689","2016480118052",1,1,0,18,0,8,0,0,0,0,3,1,2,1,6,-1,-1,-1,2,1
"208690","2016480118052",2,9,0,18,0,8,0,0,0,0,1,1,6,1,7,1995,2,3,6,2
"208691","2016480118096",1,9,0,18,0,8,0,0,0,0,1,1,5,1,6,1598,2,-1,1,1
"208692","2016480118096",2,8,0,4,0,8,0,0,0,0,2,1,1,1,6,1798,8,-1,7,3
"208693","2016480118121",1,19,0,18,0,8,0,0,0,0,3,1,1,1,5,2198,2,1,3,1
"208694","2016480118121",2,1,0,18,0,8,0,0,0,0,4,1,6,1,5,-1,-1,-1,3,1
"208695","2016480118273",1,8,0,6,0,0,0,0,0,0,3,1,1,1,6,1997,2,4,3,1
"208696","2016480118273",2,4,0,18,0,0,0,0,0,0,1,1,2,1,6,689,1,1,2,1
"208697","2016480118303",1,19,0,1,0,1,0,0,0,0,2,1,1,1,6,1248,2,1,3,1
"208698","2016480118691",1,1,0,18,0,8,0,0,0,0,1,1,1,1,6,-1,-1,-1,-1,-1
"208699","2016480118708",1,1,0,18,0,8,0,0,0,0,3,1,2,1,7,-1,-1,-1,8,1
"208700","2016480118708",2,11,0,7,0,8,0,0,0,0,4,1,1,1,-1,10838,2,1,-1,3
"208701","2016480118803",1,1,0,9,0,1,0,0,0,0,2,1,2,1,5,-1,-1,-1,5,1
"208702","2016480118803",2,3,0,18,0,1,0,0,0,0,1,1,2,1,6,125,1,1,4,1
"208703","2016480119097",1,3,0,18,0,1,0,0,0,0,1,1,2,1,5,124,1,1,2,1
"208704","2016480119097",2,19,0,6,0,1,0,0,0,0,2,1,1,1,6,1560,2,1,5,1
"208705","2016480119118",1,11,0,18,0,1,0,0,0,0,4,1,1,1,7,9360,2,5,1,1
"208706","2016480119154",1,1,0,18,0,1,0,0,0,0,4,1,2,1,8,-1,-1,-1,7,1
"208707","2016480119154",2,8,0,6,0,1,0,0,0,0,3,1,1,1,-1,1997,2,2,-1,-1
"208708","2016480119181",1,1,0,18,0,8,0,0,0,0,1,1,2,1,4,-1,-1,-1,-1,-1
"208709","2016480119181",2,19,0,9,0,8,0,0,0,0,4,1,1,1,-1,-1,-1,-1,-1,-1
"208710","2016480119282",1,1,0,9,0,8,0,0,0,0,4,1,2,1,5,-1,-1,-1,2,1
"208711","2016480119282",2,20,0,17,0,8,0,0,0,0,3,1,1,1,-1,-1,-1,-1,-1,-1
"208712","2016480119401",1,1,0,18,0,2,0,0,0,0,1,1,2,2,9,-1,-1,-1,1,1
"208713","2016480119401",2,8,0,2,0,2,0,0,0,0,3,1,1,1,7,1797,8,5,4,1
"208714","2016480119416",1,8,0,18,0,0,0,0,0,0,1,1,1,1,8,1798,8,2,-1,-1
"208715","2016480119433",1,1,0,18,0,8,0,0,0,0,1,1,2,1,6,-1,-1,-1,2,1
"208716","2016480119433",2,19,0,9,0,8,0,0,0,0,3,1,1,1,8,-1,-1,-1,-1,-1
"208717","2016480119462",1,20,0,7,0,8,0,0,0,0,4,1,1,1,9,6692,2,6,8,3
"208718","2016480119489",1,21,0,7,0,8,0,0,0,0,3,1,1,1,9,12740,2,5,2,1
"208719","2016480119489",2,1,0,18,0,8,0,0,0,0,1,1,2,1,7,-1,-1,-1,1,1
"208720","2016480119714",1,1,0,7,0,8,0,0,0,0,1,1,2,1,8,-1,-1,-1,9,1
"208721","2016480119721",1,9,0,7,0,8,0,0,0,0,4,1,1,1,9,-1,-1,-1,6,1
"208722","2016480119721",2,1,0,18,0,8,0,0,0,0,3,1,5,1,5,-1,-1,-1,5,1
"208724","2016480120261",1,1,0,13,4,0,0,0,0,0,1,1,2,1,7,-1,-1,-1,4,1
"208725","2016480120261",2,1,0,18,4,0,0,0,0,0,4,1,2,2,6,-1,-1,-1,-1,-1
"208727","2016480120972",1,11,0,18,2,0,0,0,0,0,1,1,1,1,7,8300,2,9,2,1
"208728","2016480122266",1,4,0,18,0,1,0,0,0,0,1,1,2,1,9,955,1,10,3,1
"208729","2016480122296",1,9,0,18,0,1,0,0,0,0,1,1,6,1,8,5000,1,2,-1,-1
"208730","2016480122349",1,1,0,18,0,8,0,0,0,0,1,1,6,1,6,-1,-1,-1,-1,-1
"208731","2016480122369",1,1,0,7,0,1,0,0,0,0,2,1,2,1,7,-1,-1,-1,6,1
"208732","2016480122369",2,8,0,18,0,1,0,0,0,0,1,1,1,1,8,1997,2,4,3,1
"208733","2016480122380",1,11,0,18,0,1,0,0,0,0,4,1,1,1,7,6696,2,3,2,1
"208734","2016480122905",1,19,0,9,0,8,0,0,0,0,1,1,1,1,5,2198,2,3,4,1
"208735","2016480122905",2,3,0,18,0,8,0,0,0,0,1,1,1,1,4,125,1,9,3,1
"208736","2016480123362",1,11,0,5,0,1,0,0,0,0,0,1,1,1,8,4461,2,3,4,1
"208737","2016480123421",1,11,0,5,0,2,0,0,0,0,0,1,1,1,8,4461,2,3,7,1
"208738","2016480125859",1,9,0,9,0,8,0,0,0,0,4,1,2,1,9,2499,2,14,2,1
"208739","2016480125859",2,1,0,18,4,8,0,0,0,0,1,1,2,1,7,-1,-1,-1,3,1
"208740","2016480125959",1,1,0,18,0,2,0,0,0,0,1,1,2,1,8,-1,-1,-1,4,1
"208741","2016480125959",2,8,0,2,0,2,0,0,0,0,4,1,1,1,7,1997,2,3,-1,-1
"208742","2016480126060",1,1,0,18,0,1,0,0,0,0,3,1,6,1,7,-1,-1,-1,2,1
"208743","2016480126060",2,8,0,6,0,1,0,0,0,0,4,1,1,1,8,2499,2,10,1,1
"208744","2016480126110",1,3,0,18,0,1,0,0,0,0,1,1,2,1,5,124,1,5,5,1
"208745","2016480126110",2,19,0,6,0,1,0,0,0,0,3,1,1,1,7,1560,2,2,3,1
"208746","2016480126454",1,4,0,18,0,8,0,0,0,0,3,1,2,1,8,-1,-1,-1,7,1
"208747","2016480126454",2,9,0,9,0,8,0,0,0,0,1,1,6,1,7,1560,2,5,5,1
"208748","2016480126831",1,1,0,18,0,2,0,0,0,0,1,1,6,1,6,-1,-1,-1,2,1
"208749","2016480126842",1,1,0,18,0,0,0,0,0,0,3,1,2,1,6,-1,-1,-1,4,1
"208750","2016480126842",2,19,0,14,0,0,0,0,0,0,4,1,1,1,6,1968,2,3,2,1
"208751","2016480126922",1,11,0,18,0,8,0,7,0,0,1,1,1,1,7,6700,2,5,2,1
"208752","2016480126938",1,9,0,9,0,8,0,0,0,0,4,1,5,1,5,1390,1,10,1,1
"208753","2016480126938",2,1,0,18,0,8,0,0,0,0,1,1,5,1,5,-1,-1,-1,3,1
"208754","2016480126948",1,8,0,9,0,8,0,0,0,0,4,1,1,1,7,2143,2,6,2,1
"208755","2016480126948",2,3,0,18,0,8,0,0,0,0,1,1,1,1,4,125,1,8,3,1
"208756","2016480126958",1,8,0,9,0,8,0,0,0,0,4,1,1,1,8,2499,2,8,10,1
"208757","2016480126958",2,1,0,15,4,8,0,0,0,0,1,1,6,1,6,-1,-1,-1,2,1
"208758","2016480127015",1,8,0,9,0,8,0,0,0,0,4,1,1,1,6,2402,2,10,-1,-1
"208759","2016480127015",2,1,0,18,0,8,0,0,0,0,1,1,5,2,7,-1,-1,-1,2,1
"208760","2016480127034",1,9,0,18,0,8,0,0,0,0,3,1,5,2,7,-1,-1,-1,3,1
"208761","2016480127034",2,9,0,9,0,8,0,0,0,0,1,1,5,2,5,1229,1,10,3,1
"208762","2016480127153",1,1,0,18,4,8,0,0,0,0,2,1,5,1,8,-1,-1,-1,9,1
"208763","2016480127153",2,97,0,18,0,8,0,0,0,0,1,1,5,2,6,-1,-1,-1,-1,-1
"208764","2016480127163",1,19,0,7,0,8,0,0,0,0,4,1,1,1,6,2198,2,1,7,1
"208765","2016480127163",2,1,0,18,4,8,0,0,0,0,3,1,5,2,6,-1,-1,-1,3,1
"208766","2016480127270",1,8,0,9,0,8,0,0,0,0,3,1,1,1,10,2499,2,7,3,1
"208767","2016480127270",2,1,0,18,5,8,0,0,0,0,1,1,2,2,7,-1,-1,-1,1,1
"208768","2016480127296",1,8,0,2,0,1,0,0,0,0,2,1,1,1,9,2499,2,6,1,1
"208769","2016480127296",2,1,0,18,0,1,0,0,0,0,1,1,5,1,6,-1,-1,-1,10,2
"208770","2016480127379",1,3,0,14,0,2,0,0,0,0,1,1,2,1,6,125,1,3,-1,-1
"208772","2016480127433",1,9,0,9,0,2,0,0,0,0,1,1,5,1,8,1999,2,-1,6,1
"208773","2016480127433",2,3,0,18,0,2,0,0,0,0,1,1,1,1,5,108,1,-1,8,1
"208774","2016480127465",1,1,0,18,0,2,0,0,0,0,2,1,1,1,7,-1,-1,-1,3,1
"208775","2016480127465",2,20,0,18,0,2,0,0,0,0,1,1,1,1,6,-1,-1,-1,-1,-1
"208776","2016480127757",1,1,0,5,0,1,0,0,0,0,3,1,5,1,5,-1,-1,-1,1,1
"208777","2016480127757",2,9,0,5,0,1,0,0,0,0,4,1,5,1,7,-1,-1,-1,-1,-1
"208778","2016480127836",1,5,0,18,0,8,0,0,0,0,1,1,5,1,9,1237,1,6,9,1
"208779","2016480127849",1,8,0,7,0,8,0,0,0,0,4,1,1,1,7,2776,2,1,2,1
"208780","2016480127875",1,3,0,18,0,8,0,0,0,0,1,1,1,1,4,125,1,1,2,1
"208781","2016480132960",1,1,0,18,0,8,0,0,0,0,3,1,1,1,6,-1,-1,-1,2,1
"208782","2016480132960",2,19,0,18,0,8,0,0,0,0,4,1,1,1,7,-1,-1,-1,-1,-1
"208783","2016480133030",1,3,0,18,0,8,0,0,0,0,1,1,5,1,7,125,1,6,4,1
"208784","2016480133030",2,9,0,9,0,8,0,0,0,0,4,1,5,1,7,1329,1,3,-1,-1
"208785","2016480133050",1,8,0,9,0,8,0,7,0,0,1,1,1,1,6,-1,-1,-1,1,1
"208786","2016480133062",1,2,0,14,0,8,0,0,0,0,4,1,1,1,6,-1,-1,-1,1,1
"208787","2016480133062",2,19,0,9,0,8,0,0,0,0,3,1,1,1,8,2198,2,1,8,1
"208788","2016480133084",1,19,0,7,0,8,0,0,0,0,0,1,1,1,7,2402,2,5,2,1
"208789","2016480133084",2,8,0,18,0,8,0,0,0,0,0,1,1,1,8,2143,2,2,8,1
"208790","2016480133103",1,8,0,9,0,8,0,0,0,0,1,1,1,1,6,1798,8,-1,3,1
"208791","2016480133126",1,3,0,15,0,1,0,0,0,0,4,1,5,2,6,124,1,8,2,1
"208792","2016480133126",2,19,4,5,0,1,0,0,0,0,3,1,1,1,8,2143,2,4,4,1
"208793","2016480133126",3,9,0,5,0,1,0,0,0,0,4,1,1,1,6,1995,2,-1,3,1
"208794","2016480133165",1,9,0,4,0,1,0,0,0,0,4,1,2,1,7,1598,1,8,4,1
"208795","2016480133165",2,4,0,18,0,1,0,0,0,0,1,1,2,1,8,279,1,2,2,1
"208796","2016480134021",1,9,0,12,0,2,0,0,0,0,3,1,2,1,6,2143,2,4,5,1
"208797","2016480134021",2,3,0,18,0,2,0,0,7,0,4,1,2,1,5,125,1,3,8,1
"208798","2016480134089",1,11,0,18,0,1,0,0,0,0,0,1,1,1,8,4461,2,3,2,1
"208799","2016480134140",1,19,0,6,0,2,0,0,0,0,3,1,1,1,8,1598,2,-1,1,1
"208800","2016480134140",2,3,0,18,0,2,0,0,0,0,1,1,5,2,6,125,1,-1,2,1
"208801","2016480134186",1,1,0,18,0,1,0,0,0,0,1,1,2,2,7,-1,-1,-1,7,1
"208802","2016480134518",1,20,0,9,0,8,0,0,0,0,3,1,1,1,7,2287,2,1,6,1
"208803","2016480134518",2,1,0,14,0,8,0,0,0,0,4,1,5,1,7,-1,-1,-1,2,1
"208806","2016480134584",1,20,0,18,9,1,0,0,0,0,4,1,1,1,6,4764,2,3,5,1
"208807","2016480134655",1,3,0,18,0,2,0,0,0,0,1,1,1,1,6,125,1,2,3,1
"208808","2016480134655",2,20,0,6,0,2,0,0,0,0,3,1,1,1,6,-1,-1,-1,10,1
"208809","2016480134672",1,1,0,18,0,1,0,0,0,0,3,1,2,1,6,-1,-1,-1,3,1
"208810","2016480134672",2,3,0,18,0,1,0,0,0,0,4,1,2,1,6,125,1,4,3,1
"208811","2016480135132",1,3,0,18,0,8,0,0,0,0,1,1,5,1,6,125,1,-1,3,1
"208812","2016480135132",2,9,0,6,0,8,0,0,0,0,3,1,5,2,6,1997,2,2,1,1
"208813","2016480135270",1,8,0,2,0,1,0,0,0,0,2,1,1,1,7,1997,2,2,1,1
"208814","2016480135270",2,1,0,15,0,1,0,0,0,0,1,1,1,1,5,-1,-1,-1,4,1
"208815","2016480135433",1,21,1,18,0,1,0,0,0,0,4,1,1,1,9,12130,2,15,7,1
"208816","2016480135461",1,1,0,9,0,1,0,0,0,0,3,1,2,2,6,-1,-1,-1,3,1
"208817","2016480135461",2,1,0,18,0,1,0,0,0,0,1,1,2,1,6,-1,-1,-1,-1,-1
"208818","2016480135469",1,9,0,18,0,8,0,0,0,0,3,1,5,1,8,1991,2,10,-1,-1
"208819","2016480135469",2,1,0,18,0,8,0,0,0,0,4,1,5,1,6,-1,-1,-1,7,1
"208820","2016480135494",1,19,0,6,0,8,0,0,0,0,4,1,1,1,10,1560,2,-1,8,1
"208821","2016480135494",2,1,0,18,0,8,0,0,0,0,1,1,5,1,6,-1,-1,-1,3,1
"208822","2016480135508",1,4,0,18,0,2,0,0,0,0,1,1,1,1,5,471,1,2,-1,-1
"208823","2016480135565",1,11,0,5,0,1,0,0,0,0,1,1,1,2,8,4500,2,-1,4,1
"208824","2016480136128",1,8,0,18,0,1,0,0,0,0,3,1,1,1,6,1997,2,3,5,1
"208825","2016480136128",2,9,0,11,0,1,0,0,0,0,4,1,5,1,8,-1,-1,-1,4,1
"208826","2016480136155",1,9,0,18,0,1,0,0,0,0,2,1,5,2,8,1198,1,2,2,1
"208827","2016480136155",2,9,0,18,0,1,0,0,0,0,1,1,5,3,-1,4163,1,8,4,1
"208828","2016480136220",1,20,0,18,9,2,0,0,0,0,4,1,1,1,6,5480,2,10,-1,3
"208829","2016480136344",1,19,0,1,0,2,0,0,0,0,2,1,1,1,7,-1,-1,-1,-1,-1
"208830","2016480136493",1,9,0,7,0,8,0,0,0,0,4,1,1,1,8,-1,-1,-1,1,1
"208831","2016480136493",2,1,0,18,5,8,0,0,0,0,1,1,2,1,6,-1,-1,-1,-1,-1
"208832","2016480136523",1,1,0,5,0,1,0,0,0,0,3,1,2,1,6,-1,-1,-1,8,1
"208833","2016480136523",2,8,0,5,0,1,0,0,0,0,4,1,1,1,7,-1,-1,-1,-1,-1
"208834","2016480136532",1,11,0,5,0,1,0,0,0,0,0,1,1,1,7,4461,2,3,3,1
"208835","2016480136619",1,4,0,18,0,8,0,0,0,0,1,1,2,1,7,1050,1,5,9,1
"208836","2016480136836",1,19,0,9,0,8,0,0,0,0,4,1,5,1,6,1995,2,7,9,3
"208837","2016480136836",2,1,0,15,0,8,0,0,0,0,1,1,5,1,6,-1,-1,-1,1,1
"208838","2016480136914",1,19,0,9,0,8,0,0,0,0,4,1,1,1,8,1995,2,8,2,1
"208839","2016480136914",2,1,0,18,0,8,0,0,0,0,1,1,5,1,5,-1,-1,-1,3,1
"208840","2016480136927",1,9,0,18,0,1,0,0,0,0,4,1,5,1,9,1248,1,5,3,1
"208841","2016480136927",2,3,0,18,0,1,0,0,0,0,3,1,5,3,7,125,1,-1,-1,-1
"208842","2016480136958",1,20,0,5,0,1,0,0,0,0,0,1,1,1,7,2402,2,11,6,1
"208843","2016480136958",2,20,0,5,0,1,0,0,0,0,0,1,1,1,6,9186,2,3,4,1
"208844","2016480137060",1,8,0,9,0,8,0,0,0,0,4,1,1,1,8,1796,1,2,1,1
"208845","2016480137060",2,1,0,18,0,8,0,0,0,0,1,1,5,2,6,-1,-1,-1,5,1
"208846","2016480137117",1,9,0,12,0,0,0,0,0,0,2,1,5,1,8,1995,2,6,2,1
"208847","2016480137117",2,5,0,18,0,0,0,0,0,0,1,1,5,1,8,599,1,13,7,1
"208848","2016480137142",1,9,0,9,0,8,0,0,0,0,4,1,5,1,8,1591,1,1,3,1
"208849","2016480137142",2,4,0,18,0,8,0,0,0,0,1,1,5,1,6,779,1,4,2,1
"208850","2016480137157",1,8,0,18,0,8,0,0,0,0,1,1,1,1,6,1997,2,5,3,1
"208851","2016480137157",2,8,0,18,0,8,0,0,0,0,1,1,1,1,8,1997,2,1,-1,-1
"208852","2016480137617",1,5,0,18,0,8,0,0,0,0,1,1,5,1,8,805,1,18,3,1
"208853","2016480137630",1,3,0,14,0,1,0,0,0,0,4,1,1,1,7,108,1,3,2,1
"208854","2016480137752",1,8,0,18,0,1,0,0,0,0,1,1,1,1,8,-1,-1,-1,4,1
"208855","2016480137825",1,1,0,18,5,1,0,0,0,0,1,1,2,2,6,-1,-1,-1,5,1
"208856","2016480137834",1,11,0,18,0,2,0,0,0,0,1,1,1,1,9,4500,2,2,4,1
"208857","2016480141368",1,8,0,18,0,2,0,0,0,0,1,1,1,1,6,1797,8,4,9,1
"208858","2016480141368",2,1,0,18,0,2,0,0,0,0,2,1,5,1,4,-1,-1,-1,3,1
"208859","2016480141390",1,90,0,18,9,1,0,0,0,0,4,1,1,1,9,1505,2,4,6,1
"208860","2016480141465",1,9,0,18,0,8,0,0,0,0,1,1,5,1,6,1797,8,2,2,1
"208861","2016480141465",2,1,0,18,0,8,0,0,0,0,4,1,5,2,5,-1,-1,-1,3,1
"208862","2016480141476",1,9,0,5,0,1,0,0,0,0,1,1,1,1,7,2143,2,2,5,1
"208863","2016480141476",2,9,0,3,0,1,0,0,0,0,2,1,1,1,6,-1,-1,-1,1,1
"208864","2016480141476",3,9,0,3,0,1,0,0,0,0,2,1,1,1,8,-1,-1,-1,9,1
"208865","2016480141632",1,9,0,18,0,8,0,0,0,0,3,1,6,1,6,1197,1,3,2,1
"208866","2016480141632",2,9,0,9,0,8,0,0,0,0,1,1,6,1,6,1797,8,6,3,1
"208867","2016480141815",1,4,0,18,0,8,0,0,0,0,1,1,5,1,8,249,1,2,5,1
"208868","2016480141815",2,9,0,9,0,8,0,0,0,0,4,1,5,1,7,1796,1,10,4,1
"208869","2016480141840",1,1,0,18,0,8,0,0,0,0,1,1,2,1,8,-1,-1,-1,2,1
"208870","2016480141840",2,9,0,7,0,8,0,0,0,0,4,1,1,1,6,1598,2,2,-1,-1
"208871","2016480141873",1,19,0,18,0,1,0,0,0,0,4,1,1,1,6,2402,2,9,5,1
"208872","2016480142351",1,8,0,6,0,1,0,0,0,0,3,1,1,1,9,1798,8,2,1,1
"208873","2016480142351",2,1,0,18,0,1,0,0,0,0,4,1,4,2,5,-1,-1,-1,2,1
"208874","2016480142437",1,19,0,1,0,1,0,0,0,0,2,1,1,1,10,-1,-1,-1,2,1
"208875","2016480142806",1,9,0,18,0,2,0,0,0,0,1,1,6,1,6,1598,2,-1,8,1
"208876","2016480143259",1,9,0,18,0,1,0,0,0,0,4,1,1,1,8,-1,-1,-1,3,1
"208877","2016480143279",1,8,0,2,0,0,0,0,0,0,2,1,1,1,9,2143,2,5,8,1
"208878","2016480143279",2,1,0,18,0,0,0,0,0,0,1,1,2,1,4,-1,-1,-1,1,1
"208879","2016480143304",1,1,0,18,5,1,0,0,0,0,1,1,2,2,6,-1,-1,-1,4,1
"208880","2016480143304",2,1,0,2,5,1,0,0,0,0,2,1,2,1,6,-1,-1,-1,3,1
"208881","2016480143414",1,8,0,18,0,1,0,0,0,0,3,1,1,1,8,1997,2,-1,5,1
"208882","2016480143736",1,19,0,2,0,2,0,0,0,0,3,1,1,1,6,2143,2,3,9,1
"208883","2016480143736",2,1,0,18,0,2,0,0,0,0,4,1,2,1,7,-1,-1,-1,8,1
"208884","2016480143758",1,9,0,2,0,2,0,0,0,0,3,1,1,1,8,1560,2,3,3,1
"208885","2016480143758",2,1,0,18,0,2,0,0,0,0,4,1,5,1,8,-1,-1,-1,3,1
"208886","2016480144139",1,19,0,18,0,1,0,0,0,0,1,1,1,1,7,2461,2,10,2,1
"208887","2016480148377",1,1,0,18,0,1,0,0,0,0,1,1,6,2,9,-1,-1,-1,2,1
"208888","2016480148377",2,8,0,2,0,1,0,0,0,0,4,1,1,1,8,-1,-1,-1,-1,-1
"208889","2016480148726",1,3,0,18,0,2,0,0,0,0,1,1,2,1,7,125,1,6,4,1
"208890","2016480148726",2,8,0,2,0,2,0,0,0,0,3,1,1,1,7,2499,2,5,5,1
"208891","2016480153241",1,9,0,9,0,8,0,0,0,0,4,1,5,2,6,1598,1,7,4,1
"208892","2016480153241",2,1,0,18,0,8,0,0,0,0,1,1,5,1,8,-1,-1,-1,2,1